{"type":"FeatureCollection","features":[{"type":"Feature","properties":{"hazard":"landslide","level":"low"},"geometry":{"type":"MultiPolygon","coordinates":[[[[121.01591,14.35204],[121.01619,14.35204],[121.01601,14.35186],[121.01591,14.35204]]],[[[121.01656,14.35232],[121.01647,14.35223],[121.01647,14.35232],[121.01656,14.35232]]],[[[121.01619,14.35231],[121.01609,14.3524],[121.01619,14.3524],[121.01619,14.35231]]],[[[121.01684,14.35241],[121.01674,14.35232],[121.01674,14.35241],[121.01684,14.35241]]],[[[121.01637,14.35241],[121.01619,14.35249],[121.01637,14.3525],[121.01637,14.35241]]],[[[121.01721,14.35243],[121.0173,14.3525],[121.0173,14.35242],[121.01721,14.35243]]],[[[121.01656,14.3525],[121.01637,14.35259],[121.01656,14.35259],[121.01656,14.3525]]],[[[121.01758,14.35251],[121.0173,14.35259],[121.01758,14.3526],[121.01758,14.35251]]],[[[121.01711,14.35268],[121.01674,14.35259],[121.01674,14.35268],[121.01711,14.35268]]],[[[121.01887,14.35306],[121.01896,14.35297],[121.01887,14.35297],[121.01887,14.35306]]],[[[121.01758,14.3526],[121.01757,14.35296],[121.01868,14.35306],[121.01869,14.35288],[121.01758,14.3526]]],[[[121.01748,14.35341],[121.01738,14.35323],[121.01738,14.35341],[121.01748,14.35341]]],[[[121.01933,14.3537],[121.0196,14.35361],[121.01933,14.35333],[121.01933,14.3537]]],[[[121.0196,14.35379],[121.01967,14.35388],[121.01963,14.35379],[121.0196,14.35379]]],[[[121.0196,14.35397],[121.01951,14.35388],[121.01951,14.35397],[121.0196,14.35397]]],[[[121.01979,14.35401],[121.01969,14.35415],[121.01979,14.35415],[121.01979,14.35401]]],[[[121.01923,14.35424],[121.01932,14.35415],[121.01923,14.35415],[121.01923,14.35424]]],[[[121.01942,14.35424],[121.01932,14.35433],[121.01941,14.35433],[121.01942,14.35424]]],[[[121.01988,14.35433],[121.01997,14.35424],[121.01988,14.35424],[121.01988,14.35433]]],[[[121.02016,14.35434],[121.02025,14.35443],[121.02025,14.35434],[121.02016,14.35434]]],[[[121.02015,14.35461],[121.01997,14.35433],[121.01997,14.35451],[121.02015,14.35461]]],[[[121.02043,14.35452],[121.02052,14.35461],[121.02053,14.35452],[121.02043,14.35452]]],[[[121.02062,14.35461],[121.02052,14.3547],[121.02062,14.3547],[121.02062,14.35461]]],[[[121.01978,14.35496],[121.01969,14.35487],[121.01969,14.35496],[121.01978,14.35496]]],[[[121.02043,14.35497],[121.02015,14.35461],[121.02034,14.35497],[121.02043,14.35497]]],[[[121.02033,14.35515],[121.02006,14.35497],[121.02006,14.35506],[121.02033,14.35515]]],[[[121.02052,14.35533],[121.02043,14.35524],[121.02043,14.35533],[121.02052,14.35533]]],[[[121.02089,14.35534],[121.0208,14.35524],[121.0208,14.35533],[121.02089,14.35534]]],[[[121.02006,14.35524],[121.02024,14.35533],[121.02024,14.35524],[121.02006,14.35524]]],[[[121.02033,14.35542],[121.02015,14.35551],[121.02033,14.35551],[121.02033,14.35542]]],[[[121.02042,14.35551],[121.02052,14.35542],[121.02042,14.35542],[121.02042,14.35551]]],[[[121.02061,14.35551],[121.02052,14.3556],[121.02061,14.3556],[121.02061,14.35551]]],[[[121.0207,14.35561],[121.02061,14.35569],[121.0207,14.3557],[121.0207,14.35561]]],[[[121.02153,14.3557],[121.02098,14.35552],[121.02116,14.3557],[121.02153,14.3557]]],[[[121.02088,14.35579],[121.02079,14.3557],[121.02079,14.35579],[121.02088,14.35579]]],[[[121.0219,14.3558],[121.02181,14.3557],[121.02181,14.3558],[121.0219,14.3558]]],[[[121.02098,14.35588],[121.02116,14.35579],[121.02098,14.35579],[121.02098,14.35588]]],[[[121.01829,14.35595],[121.01838,14.35586],[121.01829,14.35586],[121.01829,14.35595]]],[[[121.02125,14.35588],[121.02116,14.35597],[121.02125,14.35597],[121.02125,14.35588]]],[[[121.01847,14.35595],[121.01838,14.35604],[121.01847,14.35604],[121.01847,14.35595]]],[[[121.02135,14.35597],[121.02125,14.35606],[121.02135,14.35606],[121.02135,14.35597]]],[[[121.02144,14.35606],[121.02134,14.35615],[121.02144,14.35615],[121.02144,14.35606]]],[[[121.022,14.3558],[121.02237,14.35598],[121.02228,14.3558],[121.022,14.3558]]],[[[121.01847,14.35613],[121.01857,14.35604],[121.01847,14.35604],[121.01847,14.35613]]],[[[121.01866,14.35613],[121.01856,14.35622],[121.01866,14.35622],[121.01866,14.35613]]],[[[121.02162,14.35625],[121.02153,14.35615],[121.02153,14.35624],[121.02162,14.35625]]],[[[121.01884,14.35622],[121.01866,14.35631],[121.01884,14.35631],[121.01884,14.35622]]],[[[121.01903,14.35631],[121.01884,14.3564],[121.01903,14.3564],[121.01903,14.35631]]],[[[121.02227,14.35643],[121.02181,14.35616],[121.02181,14.35634],[121.02227,14.35643]]],[[[121.02208,14.35652],[121.02199,14.35643],[121.02199,14.35652],[121.02208,14.35652]]],[[[121.02255,14.35671],[121.02264,14.35653],[121.02255,14.35652],[121.02255,14.35671]]],[[[121.02273,14.35671],[121.02264,14.3568],[121.02273,14.3568],[121.02273,14.35671]]],[[[121.02125,14.35697],[121.02134,14.35679],[121.02125,14.35678],[121.02125,14.35697]]],[[[121.02143,14.35697],[121.02134,14.35715],[121.02143,14.35715],[121.02143,14.35697]]],[[[121.02208,14.35688],[121.02171,14.35688],[121.02208,14.35715],[121.02208,14.35688]]],[[[121.02254,14.35725],[121.02263,14.35707],[121.02254,14.35707],[121.02254,14.35725]]],[[[121.02282,14.35725],[121.02291,14.35716],[121.02282,14.35716],[121.02282,14.35725]]],[[[121.02133,14.35733],[121.02143,14.35724],[121.02134,14.35724],[121.02133,14.35733]]],[[[121.023,14.35725],[121.02291,14.35734],[121.023,14.35734],[121.023,14.35725]]],[[[121.02152,14.35733],[121.02143,14.35751],[121.02152,14.35751],[121.02152,14.35733]]],[[[121.02115,14.3576],[121.02124,14.35742],[121.02115,14.35742],[121.02115,14.3576]]],[[[121.02133,14.3576],[121.02124,14.35769],[121.02133,14.35769],[121.02133,14.3576]]],[[[121.02142,14.35769],[121.02133,14.35778],[121.02142,14.35778],[121.02142,14.35769]]],[[[121.0217,14.35751],[121.0217,14.35778],[121.02189,14.35778],[121.0217,14.35751]]],[[[121.02282,14.35734],[121.02263,14.3577],[121.02291,14.35788],[121.02282,14.35734]]],[[[121.02355,14.35789],[121.02346,14.3578],[121.02346,14.35789],[121.02355,14.35789]]],[[[121.023,14.35788],[121.0229,14.35797],[121.023,14.35797],[121.023,14.35788]]],[[[121.02216,14.35779],[121.02216,14.35806],[121.02235,14.35806],[121.02216,14.35779]]],[[[121.02383,14.35807],[121.02374,14.35798],[121.02374,14.35807],[121.02383,14.35807]]],[[[121.02179,14.35814],[121.02188,14.35806],[121.02179,14.35805],[121.02179,14.35814]]],[[[121.02244,14.35806],[121.02235,14.35815],[121.02244,14.35815],[121.02244,14.35806]]],[[[121.02207,14.35815],[121.02197,14.35833],[121.02216,14.35833],[121.02207,14.35815]]],[[[121.02225,14.35833],[121.02216,14.35842],[121.02225,14.35842],[121.02225,14.35833]]],[[[121.02244,14.35815],[121.02271,14.35851],[121.0229,14.35852],[121.0229,14.35833],[121.02244,14.35815]]],[[[121.02475,14.35844],[121.02485,14.35853],[121.02485,14.35844],[121.02475,14.35844]]],[[[121.02299,14.35852],[121.0229,14.35861],[121.02299,14.35861],[121.02299,14.35852]]],[[[121.02308,14.35861],[121.02299,14.3587],[121.02308,14.3587],[121.02308,14.35861]]],[[[121.02512,14.35871],[121.02503,14.35862],[121.02503,14.35871],[121.02512,14.35871]]],[[[121.02299,14.35879],[121.0229,14.3587],[121.0229,14.35879],[121.02299,14.35879]]],[[[121.02318,14.3587],[121.02308,14.35879],[121.02318,14.35879],[121.02318,14.3587]]],[[[121.02308,14.35888],[121.02299,14.35879],[121.02299,14.35888],[121.02308,14.35888]]],[[[121.02327,14.35879],[121.02317,14.35888],[121.02327,14.35888],[121.02327,14.35879]]],[[[121.02401,14.35889],[121.02392,14.3588],[121.02392,14.35889],[121.02401,14.35889]]],[[[121.02317,14.35897],[121.02308,14.35888],[121.02308,14.35897],[121.02317,14.35897]]],[[[121.02503,14.35899],[121.02439,14.35817],[121.023,14.35797],[121.02503,14.35899]]],[[[121.02512,14.35899],[121.02503,14.35908],[121.02512,14.35908],[121.02512,14.35899]]],[[[121.02521,14.35908],[121.02512,14.35917],[121.02521,14.35917],[121.02521,14.35908]]],[[[121.0253,14.35917],[121.02521,14.35926],[121.0253,14.35926],[121.0253,14.35917]]],[[[121.02567,14.35926],[121.02558,14.35917],[121.02558,14.35926],[121.02567,14.35926]]],[[[121.02345,14.35897],[121.02317,14.35906],[121.02345,14.35933],[121.02345,14.35897]]],[[[121.02317,14.35942],[121.02271,14.35869],[121.02234,14.35842],[121.02261,14.35933],[121.02317,14.35942]]],[[[121.02326,14.35942],[121.02317,14.35951],[121.02326,14.35951],[121.02326,14.35942]]],[[[121.02558,14.35953],[121.0254,14.35935],[121.02539,14.35944],[121.02558,14.35953]]],[[[121.02586,14.35953],[121.02577,14.35944],[121.02576,14.35953],[121.02586,14.35953]]],[[[121.01937,14.35957],[121.01928,14.35948],[121.01928,14.35957],[121.01937,14.35957]]],[[[121.02317,14.3596],[121.02308,14.35951],[121.02308,14.3596],[121.02317,14.3596]]],[[[121.02326,14.3596],[121.02317,14.35969],[121.02326,14.35969],[121.02326,14.3596]]],[[[121.02382,14.3597],[121.02391,14.35952],[121.02373,14.35952],[121.02382,14.3597]]],[[[121.02354,14.35979],[121.02335,14.35969],[121.02335,14.35978],[121.02354,14.35979]]],[[[121.02409,14.3597],[121.024,14.35979],[121.02409,14.35979],[121.02409,14.3597]]],[[[121.02558,14.3598],[121.02567,14.35971],[121.02558,14.35971],[121.02558,14.3598]]],[[[121.02586,14.35971],[121.02595,14.35981],[121.02595,14.35972],[121.02586,14.35971]]],[[[121.02242,14.36005],[121.02252,14.35996],[121.02242,14.35996],[121.02242,14.36005]]],[[[121.0227,14.36005],[121.02251,14.36014],[121.0227,14.36014],[121.0227,14.36005]]],[[[121.02613,14.36017],[121.02604,14.36008],[121.02604,14.36017],[121.02613,14.36017]]],[[[121.02585,14.36008],[121.02567,14.3598],[121.02567,14.36026],[121.02585,14.36008]]],[[[121.02047,14.3603],[121.02038,14.36021],[121.02038,14.3603],[121.02047,14.3603]]],[[[121.02622,14.36035],[121.02613,14.36026],[121.02613,14.36035],[121.02622,14.36035]]],[[[121.02576,14.36044],[121.02585,14.36035],[121.02576,14.36035],[121.02576,14.36044]]],[[[121.02288,14.36068],[121.02242,14.3605],[121.02242,14.36068],[121.02288,14.36068]]],[[[121.02603,14.36062],[121.02585,14.3608],[121.02603,14.36089],[121.02603,14.36062]]],[[[121.02492,14.36097],[121.02501,14.36088],[121.02492,14.36088],[121.02492,14.36097]]],[[[121.02612,14.36089],[121.02603,14.36098],[121.02612,14.36098],[121.02612,14.36089]]],[[[121.0251,14.36097],[121.02501,14.36106],[121.0251,14.36106],[121.0251,14.36097]]],[[[121.0252,14.36106],[121.0251,14.36115],[121.02519,14.36116],[121.0252,14.36106]]],[[[121.02658,14.36126],[121.02649,14.36117],[121.02649,14.36126],[121.02658,14.36126]]],[[[121.02519,14.36134],[121.02538,14.36116],[121.02519,14.36125],[121.02519,14.36134]]],[[[121.02556,14.36125],[121.02575,14.36134],[121.02575,14.36125],[121.02556,14.36125]]],[[[121.02556,14.36143],[121.02538,14.36134],[121.02538,14.36143],[121.02556,14.36143]]],[[[121.01778,14.36145],[121.01787,14.36137],[121.01778,14.36136],[121.01778,14.36145]]],[[[121.02612,14.36143],[121.02621,14.36153],[121.02621,14.36143],[121.02612,14.36143]]],[[[121.01731,14.36154],[121.01741,14.36145],[121.01731,14.36145],[121.01731,14.36154]]],[[[121.01796,14.36146],[121.01787,14.36155],[121.01796,14.36155],[121.01796,14.36146]]],[[[121.02426,14.3616],[121.02417,14.36142],[121.02417,14.3616],[121.02426,14.3616]]],[[[121.0263,14.36153],[121.02621,14.36162],[121.0263,14.36162],[121.0263,14.36153]]],[[[121.01842,14.36164],[121.01824,14.36155],[121.01824,14.36164],[121.01842,14.36164]]],[[[121.02649,14.36162],[121.0263,14.3618],[121.02649,14.3618],[121.02649,14.36162]]],[[[121.0174,14.36154],[121.01768,14.36182],[121.01796,14.36182],[121.01796,14.36173],[121.0174,14.36154]]],[[[121.02602,14.36189],[121.02603,14.36134],[121.02556,14.36143],[121.02602,14.36189]]],[[[121.02658,14.36207],[121.02648,14.36198],[121.02648,14.36207],[121.02658,14.36207]]],[[[121.01916,14.3621],[121.01935,14.36201],[121.01916,14.36201],[121.01916,14.3621]]],[[[121.01842,14.36218],[121.0187,14.3621],[121.01833,14.362],[121.01842,14.36218]]],[[[121.01944,14.3621],[121.01934,14.36228],[121.01944,14.36228],[121.01944,14.3621]]],[[[121.02472,14.36224],[121.02444,14.36232],[121.02472,14.36233],[121.02472,14.36224]]],[[[121.02426,14.36232],[121.02444,14.36214],[121.02417,14.36196],[121.02426,14.36232]]],[[[121.02444,14.36241],[121.02435,14.36232],[121.02435,14.36241],[121.02444,14.36241]]],[[[121.02491,14.36233],[121.02472,14.36242],[121.02491,14.36242],[121.02491,14.36233]]],[[[121.02463,14.36251],[121.02453,14.36241],[121.02453,14.36251],[121.02463,14.36251]]],[[[121.02518,14.36251],[121.025,14.36242],[121.025,14.36251],[121.02518,14.36251]]],[[[121.02564,14.3627],[121.02555,14.3626],[121.02555,14.36269],[121.02564,14.3627]]],[[[121.02537,14.36278],[121.02509,14.36269],[121.02509,14.36278],[121.02537,14.36278]]],[[[121.01943,14.36282],[121.01934,14.36273],[121.01934,14.36282],[121.01943,14.36282]]],[[[121.02722,14.36307],[121.02712,14.36316],[121.02722,14.36316],[121.02722,14.36307]]],[[[121.02499,14.36323],[121.02435,14.3625],[121.0237,14.36223],[121.02444,14.36314],[121.02499,14.36323]]],[[[121.02823,14.36326],[121.02814,14.36317],[121.02814,14.36326],[121.02823,14.36326]]],[[[121.02749,14.36334],[121.0274,14.36325],[121.0274,14.36334],[121.02749,14.36334]]],[[[121.02777,14.36353],[121.02768,14.36344],[121.02768,14.36353],[121.02777,14.36353]]],[[[121.02583,14.36279],[121.02536,14.3636],[121.02638,14.36288],[121.02712,14.36307],[121.02668,14.36252],[121.02583,14.36279]]],[[[121.02555,14.36342],[121.02573,14.36351],[121.02554,14.36351],[121.02555,14.36342]]],[[[121.02795,14.36362],[121.02786,14.36353],[121.02786,14.36362],[121.02795,14.36362]]],[[[121.02035,14.36419],[121.02026,14.36373],[121.02025,14.36419],[121.02035,14.36419]]],[[[121.02795,14.36425],[121.02776,14.36407],[121.02767,14.36425],[121.02795,14.36425]]],[[[121.02878,14.36426],[121.02888,14.36408],[121.02878,14.36408],[121.02878,14.36426]]],[[[121.02897,14.36426],[121.02887,14.36435],[121.02897,14.36435],[121.02897,14.36426]]],[[[121.02906,14.36435],[121.02897,14.36444],[121.02906,14.36444],[121.02906,14.36435]]],[[[121.02025,14.36446],[121.02016,14.36428],[121.02016,14.36446],[121.02025,14.36446]]],[[[121.02869,14.36453],[121.0286,14.36353],[121.02805,14.36362],[121.02869,14.36453]]],[[[121.02822,14.36443],[121.02795,14.36425],[121.02794,14.3647],[121.02822,14.36443]]],[[[121.02915,14.36453],[121.02896,14.36471],[121.02915,14.3648],[121.02915,14.36453]]],[[[121.02877,14.36516],[121.0285,14.36498],[121.0285,14.36516],[121.02877,14.36516]]],[[[121.01987,14.36527],[121.01978,14.36518],[121.01978,14.36527],[121.01987,14.36527]]],[[[121.02794,14.36543],[121.02785,14.36524],[121.02785,14.36542],[121.02794,14.36543]]],[[[121.01997,14.36545],[121.01987,14.36536],[121.01987,14.36545],[121.01997,14.36545]]],[[[121.02822,14.36534],[121.0284,14.3657],[121.0284,14.36534],[121.02822,14.36534]]],[[[121.0321,14.366],[121.03201,14.36591],[121.03201,14.366],[121.0321,14.366]]],[[[121.02895,14.36598],[121.02969,14.36594],[121.02895,14.3658],[121.02895,14.36598]]],[[[121.02979,14.36616],[121.0296,14.36625],[121.02978,14.36625],[121.02979,14.36616]]],[[[121.03145,14.36636],[121.03071,14.36599],[121.03016,14.36617],[121.03016,14.36626],[121.03145,14.36636]]],[[[121.02218,14.36646],[121.02227,14.36637],[121.02218,14.36637],[121.02218,14.36646]]],[[[121.03201,14.366],[121.03164,14.36609],[121.03164,14.36663],[121.03201,14.36654],[121.03201,14.366]]],[[[121.03182,14.36636],[121.03192,14.36645],[121.03182,14.36645],[121.03182,14.36636]]],[[[121.03211,14.36591],[121.03294,14.36592],[121.0333,14.36664],[121.03395,14.36674],[121.03423,14.36665],[121.03367,14.36665],[121.03294,14.36574],[121.03211,14.36591]]],[[[121.0346,14.36675],[121.03507,14.36666],[121.03451,14.36656],[121.0346,14.36675]]],[[[121.03562,14.36668],[121.03571,14.36685],[121.03581,14.36667],[121.03562,14.36668]]],[[[121.02246,14.36655],[121.02236,14.36682],[121.02246,14.36683],[121.02246,14.36655]]],[[[121.03562,14.36694],[121.03497,14.36684],[121.03497,14.36693],[121.03562,14.36694]]],[[[121.02264,14.3671],[121.02282,14.36719],[121.02282,14.3671],[121.02264,14.3671]]],[[[121.03079,14.36735],[121.03173,14.36672],[121.03043,14.36707],[121.03079,14.36735]]],[[[121.03126,14.36717],[121.03089,14.36708],[121.03126,14.36708],[121.03126,14.36717]]],[[[121.03145,14.36708],[121.03135,14.36699],[121.03145,14.36699],[121.03145,14.36708]]],[[[121.02282,14.36728],[121.02291,14.36737],[121.02292,14.36728],[121.02282,14.36728]]],[[[121.03636,14.36748],[121.03645,14.36712],[121.03636,14.36712],[121.03636,14.36748]]],[[[121.02282,14.36746],[121.02273,14.36737],[121.02273,14.36746],[121.02282,14.36746]]],[[[121.03645,14.36767],[121.03654,14.36758],[121.03645,14.36757],[121.03645,14.36767]]],[[[121.02301,14.36737],[121.02291,14.36764],[121.02301,14.36764],[121.02301,14.36737]]],[[[121.03663,14.36767],[121.03654,14.36776],[121.03663,14.36776],[121.03663,14.36767]]],[[[121.02291,14.36773],[121.02282,14.36764],[121.02282,14.36773],[121.02291,14.36773]]],[[[121.0231,14.36764],[121.023,14.36773],[121.0231,14.36773],[121.0231,14.36764]]],[[[121.03691,14.36794],[121.03682,14.36785],[121.03682,14.36794],[121.03691,14.36794]]],[[[121.02819,14.36796],[121.02801,14.36787],[121.02801,14.36796],[121.02819,14.36796]]],[[[121.02337,14.36801],[121.02319,14.36783],[121.02319,14.36801],[121.02337,14.36801]]],[[[121.03728,14.36821],[121.03718,14.36812],[121.03718,14.36821],[121.03728,14.36821]]],[[[121.03746,14.36816],[121.03737,14.36822],[121.03746,14.36822],[121.03746,14.36816]]],[[[121.03746,14.3684],[121.03755,14.36831],[121.03746,14.36831],[121.03746,14.3684]]],[[[121.03765,14.36831],[121.03774,14.3684],[121.03774,14.36836],[121.03765,14.36831]]],[[[121.03764,14.36849],[121.03755,14.3684],[121.03755,14.36849],[121.03764,14.36849]]],[[[121.03774,14.36858],[121.03783,14.36849],[121.03774,14.36849],[121.03774,14.36858]]],[[[121.02374,14.36855],[121.02365,14.36864],[121.02402,14.36865],[121.02374,14.36855]]],[[[121.03794,14.36849],[121.03847,14.36904],[121.03866,14.36895],[121.03794,14.36849]]],[[[121.01623,14.36894],[121.01604,14.36885],[121.01604,14.36894],[121.01623,14.36894]]],[[[121.01632,14.36921],[121.01623,14.36912],[121.01622,14.36921],[121.01632,14.36921]]],[[[121.01613,14.3693],[121.01604,14.36912],[121.01595,14.3693],[121.01613,14.3693]]],[[[121.02466,14.36956],[121.02438,14.36901],[121.02411,14.36901],[121.02429,14.36955],[121.02466,14.36956]]],[[[121.02475,14.36956],[121.02466,14.36965],[121.02475,14.36965],[121.02475,14.36956]]],[[[121.02836,14.36977],[121.02827,14.36959],[121.02827,14.36977],[121.02836,14.36977]]],[[[121.01789,14.36986],[121.01798,14.36977],[121.01789,14.36977],[121.01789,14.36986]]],[[[121.01807,14.36986],[121.01798,14.36995],[121.01807,14.36995],[121.01807,14.36986]]],[[[121.02679,14.37002],[121.02669,14.36984],[121.02669,14.37002],[121.02679,14.37002]]],[[[121.03967,14.37013],[121.04004,14.36995],[121.03967,14.37004],[121.03967,14.37013]]],[[[121.02447,14.3701],[121.02438,14.36991],[121.02437,14.3701],[121.02447,14.3701]]],[[[121.02456,14.3701],[121.02465,14.37001],[121.02456,14.37001],[121.02456,14.3701]]],[[[121.02475,14.3701],[121.02465,14.37019],[121.02474,14.37019],[121.02475,14.3701]]],[[[121.02697,14.37021],[121.02688,14.37012],[121.02688,14.37021],[121.02697,14.37021]]],[[[121.04032,14.36987],[121.04032,14.37032],[121.04069,14.37041],[121.0406,14.37014],[121.04032,14.36987]]],[[[121.02799,14.37013],[121.0278,14.37021],[121.02799,14.37031],[121.02799,14.37013]]],[[[121.01835,14.37004],[121.01798,14.37013],[121.01816,14.37031],[121.01835,14.37004]]],[[[121.024,14.37036],[121.0241,14.37],[121.02391,14.36991],[121.024,14.37036]]],[[[121.02437,14.37046],[121.02428,14.37055],[121.02437,14.37055],[121.02437,14.37046]]],[[[121.02771,14.37057],[121.02762,14.37012],[121.02743,14.37003],[121.02771,14.37057]]],[[[121.01695,14.37067],[121.01714,14.37049],[121.01695,14.37058],[121.01695,14.37067]]],[[[121.02808,14.37076],[121.02789,14.37058],[121.02789,14.37076],[121.02808,14.37076]]],[[[121.02418,14.37082],[121.02409,14.37036],[121.02409,14.37082],[121.02418,14.37082]]],[[[121.02446,14.37091],[121.02437,14.37082],[121.02437,14.37091],[121.02446,14.37091]]],[[[121.02427,14.371],[121.02418,14.37091],[121.02418,14.371],[121.02427,14.371]]],[[[121.0252,14.37101],[121.02539,14.37092],[121.0252,14.37092],[121.0252,14.37101]]],[[[121.02724,14.37102],[121.02743,14.37048],[121.02706,14.37021],[121.02724,14.37102]]],[[[121.02789,14.37103],[121.0278,14.37094],[121.0278,14.37103],[121.02789,14.37103]]],[[[121.02807,14.37103],[121.02798,14.37094],[121.02798,14.37103],[121.02807,14.37103]]],[[[121.01908,14.37104],[121.01927,14.37096],[121.01908,14.37095],[121.01908,14.37104]]],[[[121.01936,14.37105],[121.01927,14.37114],[121.01936,14.37114],[121.01936,14.37105]]],[[[121.02436,14.37118],[121.02427,14.37109],[121.02427,14.37118],[121.02436,14.37118]]],[[[121.02557,14.37101],[121.02548,14.37119],[121.02557,14.37119],[121.02557,14.37101]]],[[[121.02733,14.3712],[121.02724,14.37111],[121.02724,14.3712],[121.02733,14.3712]]],[[[121.02789,14.37112],[121.02798,14.37121],[121.02798,14.37112],[121.02789,14.37112]]],[[[121.03401,14.37126],[121.03419,14.37099],[121.03392,14.3709],[121.03401,14.37126]]],[[[121.0175,14.37121],[121.01741,14.37112],[121.01741,14.37121],[121.0175,14.37121]]],[[[121.01751,14.37103],[121.01769,14.37121],[121.01769,14.37103],[121.01751,14.37103]]],[[[121.02483,14.37109],[121.02511,14.37128],[121.02474,14.37028],[121.02455,14.37064],[121.02483,14.37109]]],[[[121.02594,14.37128],[121.02576,14.37119],[121.02575,14.37128],[121.02594,14.37128]]],[[[121.02446,14.37136],[121.02436,14.37127],[121.02436,14.37136],[121.02446,14.37136]]],[[[121.02511,14.37128],[121.02538,14.37146],[121.02575,14.37146],[121.02566,14.37128],[121.02511,14.37128]]],[[[121.02779,14.37139],[121.02752,14.37121],[121.02761,14.37148],[121.02779,14.37139]]],[[[121.01788,14.37122],[121.01787,14.37149],[121.01806,14.37149],[121.01788,14.37122]]],[[[121.02445,14.37154],[121.02455,14.37145],[121.02446,14.37145],[121.02445,14.37154]]],[[[121.03882,14.37148],[121.03901,14.37157],[121.03901,14.37085],[121.03882,14.37148]]],[[[121.02019,14.3716],[121.02028,14.37151],[121.02019,14.37151],[121.02019,14.3716]]],[[[121.02464,14.37154],[121.02455,14.37163],[121.02464,14.37163],[121.02464,14.37154]]],[[[121.02538,14.37164],[121.02529,14.37155],[121.02529,14.37164],[121.02538,14.37164]]],[[[121.02761,14.37166],[121.02742,14.37148],[121.02742,14.37166],[121.02761,14.37166]]],[[[121.02037,14.3716],[121.02028,14.37169],[121.02037,14.37169],[121.02037,14.3716]]],[[[121.02501,14.37173],[121.02473,14.37163],[121.02473,14.37172],[121.02501,14.37173]]],[[[121.02566,14.37173],[121.02557,14.37164],[121.02557,14.37173],[121.02566,14.37173]]],[[[121.04077,14.37186],[121.04068,14.37159],[121.04067,14.37186],[121.04077,14.37186]]],[[[121.02519,14.37182],[121.02547,14.37173],[121.02519,14.37173],[121.02519,14.37182]]],[[[121.02594,14.37183],[121.02584,14.37173],[121.02584,14.37182],[121.02594,14.37183]]],[[[121.02566,14.37182],[121.02547,14.37191],[121.02566,14.37191],[121.02566,14.37182]]],[[[121.0263,14.37192],[121.02612,14.37183],[121.02612,14.37192],[121.0263,14.37192]]],[[[121.02593,14.37192],[121.02566,14.372],[121.02593,14.37201],[121.02593,14.37192]]],[[[121.02705,14.37202],[121.02695,14.37192],[121.02695,14.37201],[121.02705,14.37202]]],[[[121.03891,14.37193],[121.03919,14.37203],[121.03919,14.37194],[121.03891,14.37193]]],[[[121.03947,14.37212],[121.03938,14.37203],[121.03937,14.37212],[121.03947,14.37212]]],[[[121.02612,14.37201],[121.02593,14.3721],[121.02612,14.3721],[121.02612,14.37201]]],[[[121.02714,14.37211],[121.02723,14.37202],[121.02714,14.37202],[121.02714,14.37211]]],[[[121.0391,14.37212],[121.039,14.3722],[121.0391,14.37221],[121.0391,14.37212]]],[[[121.0213,14.37215],[121.02121,14.37188],[121.0212,14.37215],[121.0213,14.37215]]],[[[121.02658,14.37219],[121.02621,14.3721],[121.02621,14.37219],[121.02658,14.37219]]],[[[121.02704,14.3722],[121.02686,14.3721],[121.02686,14.37219],[121.02704,14.3722]]],[[[121.02779,14.3722],[121.02807,14.37202],[121.0276,14.37202],[121.02779,14.3722]]],[[[121.02816,14.37211],[121.02806,14.3722],[121.02816,14.37221],[121.02816,14.37211]]],[[[121.03993,14.3723],[121.03984,14.37221],[121.03984,14.3723],[121.03993,14.3723]]],[[[121.04011,14.37239],[121.04002,14.3723],[121.04002,14.37239],[121.04011,14.37239]]],[[[121.02741,14.3722],[121.02714,14.37229],[121.02741,14.37238],[121.02741,14.3722]]],[[[121.02139,14.37242],[121.0213,14.37224],[121.02129,14.37242],[121.02139,14.37242]]],[[[121.0402,14.37267],[121.04002,14.37257],[121.04002,14.37267],[121.0402,14.37267]]],[[[121.04039,14.37267],[121.04067,14.37249],[121.04039,14.37258],[121.04039,14.37267]]],[[[121.02139,14.3726],[121.02129,14.37251],[121.02129,14.3726],[121.02139,14.3726]]],[[[121.02853,14.37239],[121.02815,14.37239],[121.02862,14.37275],[121.02853,14.37239]]],[[[121.03019,14.37276],[121.0301,14.37267],[121.0301,14.37276],[121.03019,14.37276]]],[[[121.02148,14.37287],[121.02138,14.37269],[121.02138,14.37287],[121.02148,14.37287]]],[[[121.02843,14.37293],[121.02852,14.37284],[121.02843,14.37284],[121.02843,14.37293]]],[[[121.01971,14.37295],[121.01962,14.37286],[121.01962,14.37295],[121.01971,14.37295]]],[[[121.02055,14.37295],[121.02036,14.37277],[121.02036,14.37286],[121.02055,14.37295]]],[[[121.02147,14.37305],[121.02138,14.37296],[121.02138,14.37305],[121.02147,14.37305]]],[[[121.02129,14.37314],[121.02138,14.37332],[121.02138,14.37314],[121.02129,14.37314]]],[[[121.0288,14.37284],[121.02852,14.37302],[121.02889,14.37339],[121.0288,14.37284]]],[[[121.02129,14.37341],[121.02119,14.37332],[121.02119,14.37341],[121.02129,14.37341]]],[[[121.03232,14.3735],[121.0325,14.37324],[121.03232,14.37323],[121.03232,14.3735]]],[[[121.02101,14.37368],[121.02119,14.3735],[121.02101,14.37341],[121.02101,14.37368]]],[[[121.02128,14.37368],[121.0211,14.37377],[121.02128,14.37377],[121.02128,14.37368]]],[[[121.0325,14.37423],[121.03259,14.37378],[121.03241,14.37378],[121.0325,14.37423]]],[[[121.03268,14.37423],[121.03259,14.37432],[121.03268,14.37432],[121.03268,14.37423]]],[[[121.03277,14.37432],[121.03268,14.37441],[121.03277,14.37441],[121.03277,14.37432]]],[[[121.02137,14.37387],[121.02156,14.37432],[121.02156,14.37378],[121.02137,14.37387]]],[[[121.03305,14.37423],[121.03287,14.37432],[121.03305,14.37441],[121.03305,14.37423]]],[[[121.02146,14.37441],[121.02137,14.37432],[121.02137,14.37441],[121.02146,14.37441]]],[[[121.03287,14.37441],[121.03277,14.3745],[121.03286,14.3745],[121.03287,14.37441]]],[[[121.02174,14.3745],[121.02183,14.37441],[121.02174,14.37441],[121.02174,14.3745]]],[[[121.03314,14.37442],[121.03305,14.3746],[121.03314,14.3746],[121.03314,14.37442]]],[[[121.02193,14.3745],[121.02183,14.37459],[121.02192,14.37459],[121.02193,14.3745]]],[[[121.02897,14.3742],[121.02851,14.37411],[121.02906,14.37465],[121.02897,14.3742]]],[[[121.02202,14.37459],[121.02192,14.37468],[121.02202,14.37468],[121.02202,14.37459]]],[[[121.02063,14.37476],[121.02044,14.37467],[121.02044,14.37476],[121.02063,14.37476]]],[[[121.02081,14.37476],[121.02072,14.37467],[121.02072,14.37476],[121.02081,14.37476]]],[[[121.0209,14.37486],[121.02099,14.37495],[121.021,14.37486],[121.0209,14.37486]]],[[[121.02062,14.37494],[121.02072,14.37503],[121.02072,14.37494],[121.02062,14.37494]]],[[[121.0209,14.37504],[121.02081,14.37495],[121.02081,14.37504],[121.0209,14.37504]]],[[[121.03277,14.37514],[121.03314,14.37505],[121.03296,14.37459],[121.03286,14.37459],[121.03277,14.37514]]],[[[121.03277,14.37523],[121.03267,14.37513],[121.03267,14.37522],[121.03277,14.37523]]],[[[121.02183,14.37513],[121.02192,14.37523],[121.02192,14.37514],[121.02183,14.37513]]],[[[121.0298,14.3752],[121.02989,14.37529],[121.02989,14.3752],[121.0298,14.3752]]],[[[121.02062,14.37521],[121.02044,14.37512],[121.02043,14.3753],[121.02062,14.37521]]],[[[121.02183,14.37532],[121.02173,14.37522],[121.02173,14.37531],[121.02183,14.37532]]],[[[121.03258,14.37531],[121.03267,14.37541],[121.03267,14.37532],[121.03258,14.37531]]],[[[121.03295,14.37541],[121.03286,14.37532],[121.03286,14.37541],[121.03295,14.37541]]],[[[121.02071,14.3754],[121.0209,14.37531],[121.02071,14.37531],[121.02071,14.3754]]],[[[121.03258,14.3755],[121.03249,14.3754],[121.03248,14.37549],[121.03258,14.3755]]],[[[121.02062,14.37549],[121.02043,14.37539],[121.02043,14.37548],[121.02062,14.37549]]],[[[121.03285,14.37559],[121.03276,14.3755],[121.03276,14.37559],[121.03285,14.37559]]],[[[121.02108,14.37549],[121.0209,14.37549],[121.02071,14.37558],[121.02108,14.37549]]],[[[121.02952,14.37565],[121.02943,14.37529],[121.02942,14.37565],[121.02952,14.37565]]],[[[121.03276,14.37586],[121.03267,14.37568],[121.03267,14.37586],[121.03276,14.37586]]],[[[121.01413,14.37579],[121.01394,14.3757],[121.01394,14.37579],[121.01413,14.37579]]],[[[121.01477,14.37589],[121.01468,14.3758],[121.01468,14.37589],[121.01477,14.37589]]],[[[121.03248,14.37604],[121.03239,14.37558],[121.03239,14.37604],[121.03248,14.37604]]],[[[121.0284,14.376],[121.02868,14.3761],[121.02868,14.37601],[121.0284,14.376]]],[[[121.0284,14.37618],[121.02831,14.37609],[121.02831,14.37618],[121.0284,14.37618]]],[[[121.02877,14.3761],[121.02868,14.37619],[121.02877,14.37619],[121.02877,14.3761]]],[[[121.0298,14.37547],[121.0297,14.37565],[121.03007,14.3762],[121.0298,14.37547]]],[[[121.03248,14.37622],[121.03257,14.37613],[121.03248,14.37613],[121.03248,14.37622]]],[[[121.02831,14.37627],[121.02821,14.37618],[121.02821,14.37627],[121.02831,14.37627]]],[[[121.02886,14.37619],[121.02877,14.37628],[121.02886,14.37628],[121.02886,14.37619]]],[[[121.02961,14.3761],[121.02951,14.37619],[121.0297,14.37628],[121.02961,14.3761]]],[[[121.03285,14.37595],[121.03257,14.3764],[121.03285,14.3764],[121.03285,14.37595]]],[[[121.02821,14.37636],[121.02812,14.37627],[121.02812,14.37636],[121.02821,14.37636]]],[[[121.01839,14.37637],[121.01848,14.37619],[121.01829,14.37619],[121.01839,14.37637]]],[[[121.0233,14.37641],[121.02312,14.37623],[121.02311,14.37641],[121.0233,14.37641]]],[[[121.0284,14.37654],[121.0283,14.37645],[121.0283,14.37654],[121.0284,14.37654]]],[[[121.01922,14.37656],[121.01913,14.37638],[121.01913,14.37656],[121.01922,14.37656]]],[[[121.01968,14.37656],[121.01978,14.37647],[121.01968,14.37647],[121.01968,14.37656]]],[[[121.02812,14.37663],[121.02793,14.37636],[121.02803,14.37663],[121.02812,14.37663]]],[[[121.02849,14.37664],[121.02858,14.37628],[121.0284,14.37627],[121.02849,14.37664]]],[[[121.02886,14.37664],[121.02877,14.37637],[121.02877,14.37664],[121.02886,14.37664]]],[[[121.02738,14.37672],[121.02719,14.37663],[121.02719,14.37672],[121.02738,14.37672]]],[[[121.0232,14.37668],[121.0233,14.37677],[121.0233,14.37668],[121.0232,14.37668]]],[[[121.02802,14.37681],[121.02793,14.37663],[121.02793,14.37681],[121.02802,14.37681]]],[[[121.01977,14.37656],[121.02024,14.37684],[121.0207,14.37684],[121.02052,14.37657],[121.01977,14.37656]]],[[[121.02107,14.37685],[121.02079,14.37675],[121.02079,14.37684],[121.02107,14.37685]]],[[[121.02246,14.37686],[121.02237,14.37677],[121.02237,14.37686],[121.02246,14.37686]]],[[[121.02311,14.37695],[121.02293,14.37677],[121.02292,14.37695],[121.02311,14.37695]]],[[[121.01986,14.3772],[121.01977,14.37702],[121.01977,14.3772],[121.01986,14.3772]]],[[[121.02005,14.3772],[121.02033,14.37702],[121.02005,14.37702],[121.02005,14.3772]]],[[[121.02107,14.37721],[121.02116,14.37712],[121.02107,14.37712],[121.02107,14.37721]]],[[[121.0207,14.37729],[121.0206,14.3772],[121.0206,14.37729],[121.0207,14.37729]]],[[[121.02125,14.37721],[121.02116,14.3773],[121.02125,14.3773],[121.02125,14.37721]]],[[[121.01967,14.37747],[121.01958,14.37737],[121.01958,14.37747],[121.01967,14.37747]]],[[[121.02245,14.37758],[121.02236,14.37749],[121.02236,14.37758],[121.02245,14.37758]]],[[[121.02153,14.37775],[121.02134,14.37766],[121.02134,14.37775],[121.02153,14.37775]]],[[[121.02106,14.37784],[121.02097,14.37775],[121.02097,14.37784],[121.02106,14.37784]]],[[[121.02254,14.37785],[121.02245,14.37767],[121.02245,14.37785],[121.02254,14.37785]]],[[[121.01995,14.37801],[121.01958,14.37783],[121.01958,14.37792],[121.01995,14.37801]]],[[[121.01865,14.37827],[121.01846,14.37809],[121.01846,14.37827],[121.01865,14.37827]]],[[[121.03496,14.37832],[121.03515,14.37841],[121.03515,14.37832],[121.03496,14.37832]]],[[[121.03496,14.37859],[121.03487,14.37877],[121.03561,14.37868],[121.03496,14.37859]]],[[[121.02179,14.37884],[121.02216,14.37893],[121.02217,14.37884],[121.02179,14.37884]]],[[[121.02235,14.37912],[121.02244,14.37894],[121.02226,14.37893],[121.02235,14.37912]]],[[[121.02263,14.37912],[121.02253,14.37921],[121.02263,14.37921],[121.02263,14.37912]]],[[[121.01873,14.37927],[121.01855,14.37917],[121.01855,14.37926],[121.01873,14.37927]]],[[[121.01994,14.37928],[121.02003,14.3791],[121.01994,14.37909],[121.01994,14.37928]]],[[[121.02281,14.37939],[121.02318,14.37921],[121.02281,14.37921],[121.02281,14.37939]]],[[[121.0191,14.37936],[121.01938,14.37927],[121.0191,14.37927],[121.0191,14.37936]]],[[[121.02272,14.37948],[121.02262,14.3793],[121.02262,14.37948],[121.02272,14.37948]]],[[[121.01947,14.37945],[121.01938,14.37963],[121.01947,14.37963],[121.01947,14.37945]]],[[[121.02336,14.37958],[121.02309,14.37948],[121.02318,14.37966],[121.02336,14.37958]]],[[[121.02012,14.37973],[121.02003,14.37946],[121.02003,14.37973],[121.02012,14.37973]]],[[[121.02318,14.37975],[121.02309,14.37966],[121.02308,14.37975],[121.02318,14.37975]]],[[[121.01938,14.37981],[121.01928,14.37972],[121.01928,14.37981],[121.01938,14.37981]]],[[[121.02299,14.37984],[121.0229,14.37975],[121.0229,14.37984],[121.02299,14.37984]]],[[[121.02959,14.37845],[121.03069,14.37964],[121.03124,14.37991],[121.03088,14.37864],[121.03042,14.37819],[121.02959,14.378],[121.02959,14.37845]]],[[[121.02271,14.37993],[121.02262,14.37984],[121.02262,14.37993],[121.02271,14.37993]]],[[[121.0356,14.38022],[121.03615,14.38022],[121.03615,14.38004],[121.03578,14.37995],[121.0356,14.38022]]],[[[121.04153,14.38027],[121.04144,14.38018],[121.04144,14.38027],[121.04153,14.38027]]],[[[121.01854,14.38026],[121.01872,14.38017],[121.01854,14.38008],[121.01854,14.38026]]],[[[121.02002,14.38027],[121.02021,14.37982],[121.02002,14.37982],[121.02002,14.38027]]],[[[121.02262,14.38002],[121.02243,14.3802],[121.02262,14.38029],[121.02262,14.38002]]],[[[121.04171,14.38054],[121.04162,14.38027],[121.04162,14.38054],[121.04171,14.38054]]],[[[121.01882,14.38026],[121.01872,14.38044],[121.01881,14.38044],[121.01882,14.38026]]],[[[121.03791,14.38051],[121.03782,14.3806],[121.03791,14.3806],[121.03791,14.38051]]],[[[121.019,14.38008],[121.01918,14.38044],[121.01919,14.37999],[121.019,14.38008]]],[[[121.03772,14.38069],[121.03763,14.38033],[121.03763,14.38069],[121.03772,14.38069]]],[[[121.01992,14.38063],[121.02002,14.38072],[121.02002,14.38063],[121.01992,14.38063]]],[[[121.03671,14.3805],[121.0368,14.38077],[121.0368,14.3805],[121.03671,14.3805]]],[[[121.04124,14.3809],[121.04125,14.38027],[121.04115,14.3809],[121.04124,14.3809]]],[[[121.04208,14.38091],[121.04217,14.38082],[121.04208,14.38082],[121.04208,14.38091]]],[[[121.01992,14.38081],[121.01974,14.38072],[121.01974,14.38081],[121.01992,14.38081]]],[[[121.0265,14.38087],[121.02679,14.38051],[121.0266,14.38042],[121.0265,14.38087]]],[[[121.0356,14.38022],[121.03541,14.38076],[121.03587,14.38094],[121.03597,14.38031],[121.0356,14.38022]]],[[[121.03652,14.38095],[121.03642,14.38086],[121.03642,14.38095],[121.03652,14.38095]]],[[[121.04226,14.38091],[121.04217,14.381],[121.04226,14.381],[121.04226,14.38091]]],[[[121.03763,14.38105],[121.03772,14.38087],[121.03763,14.38087],[121.03763,14.38105]]],[[[121.04217,14.38109],[121.04208,14.381],[121.04208,14.38109],[121.04217,14.38109]]],[[[121.03781,14.38105],[121.03772,14.38114],[121.03781,14.38114],[121.03781,14.38105]]],[[[121.038,14.38114],[121.03791,14.38069],[121.03791,14.38114],[121.038,14.38114]]],[[[121.02001,14.38108],[121.01992,14.38099],[121.01992,14.38108],[121.02001,14.38108]]],[[[121.03763,14.38123],[121.03753,14.38114],[121.03753,14.38123],[121.03763,14.38123]]],[[[121.04263,14.38136],[121.04254,14.38127],[121.04254,14.38136],[121.04263,14.38136]]],[[[121.04236,14.381],[121.04217,14.38118],[121.04235,14.38145],[121.04236,14.381]]],[[[121.03753,14.38159],[121.03762,14.38141],[121.03753,14.38141],[121.03753,14.38159]]],[[[121.03772,14.38159],[121.03762,14.38177],[121.03771,14.38177],[121.03772,14.38159]]],[[[121.04226,14.38181],[121.04216,14.38172],[121.04216,14.38181],[121.04226,14.38181]]],[[[121.04235,14.38154],[121.04244,14.38163],[121.04263,14.38154],[121.04235,14.38154]]],[[[121.01973,14.38144],[121.01992,14.38163],[121.01992,14.38144],[121.01973,14.38144]]],[[[121.03651,14.38176],[121.0367,14.38167],[121.03651,14.38158],[121.03651,14.38176]]],[[[121.04244,14.3819],[121.04253,14.38199],[121.04253,14.3819],[121.04244,14.3819]]],[[[121.03345,14.38138],[121.03345,14.38174],[121.03456,14.38202],[121.03419,14.38147],[121.03345,14.38138]]],[[[121.0366,14.38204],[121.03651,14.38194],[121.03651,14.38203],[121.0366,14.38204]]],[[[121.03771,14.38204],[121.03753,14.38186],[121.03753,14.38204],[121.03771,14.38204]]],[[[121.04244,14.38208],[121.04235,14.38199],[121.04235,14.38208],[121.04244,14.38208]]],[[[121.03595,14.38212],[121.03586,14.38194],[121.03586,14.38212],[121.03595,14.38212]]],[[[121.04198,14.38217],[121.04207,14.38208],[121.04198,14.38208],[121.04198,14.38217]]],[[[121.04253,14.38208],[121.04244,14.38217],[121.04253,14.38217],[121.04253,14.38208]]],[[[121.04272,14.38218],[121.04263,14.38199],[121.04262,14.38218],[121.04272,14.38218]]],[[[121.043,14.38218],[121.04281,14.382],[121.04281,14.38209],[121.043,14.38218]]],[[[121.02065,14.38208],[121.02047,14.38199],[121.02047,14.38208],[121.02065,14.38208]]],[[[121.03743,14.38222],[121.03734,14.38213],[121.03734,14.38222],[121.03743,14.38222]]],[[[121.03808,14.38223],[121.03799,14.38214],[121.03799,14.38223],[121.03808,14.38223]]],[[[121.04225,14.38199],[121.04207,14.38226],[121.04235,14.38226],[121.04225,14.38199]]],[[[121.03762,14.38231],[121.03752,14.38222],[121.03752,14.38231],[121.03762,14.38231]]],[[[121.0416,14.38235],[121.0417,14.38217],[121.0416,14.38217],[121.0416,14.38235]]],[[[121.0429,14.38227],[121.04234,14.38235],[121.0429,14.38236],[121.0429,14.38227]]],[[[121.04188,14.38235],[121.04169,14.38244],[121.04188,14.38244],[121.04188,14.38235]]],[[[121.04105,14.38243],[121.04086,14.38225],[121.04086,14.38243],[121.04105,14.38243]]],[[[121.0366,14.38204],[121.03632,14.38239],[121.03568,14.38112],[121.03595,14.3823],[121.0366,14.38249],[121.0366,14.38204]]],[[[121.03734,14.38258],[121.03743,14.38231],[121.03734,14.38231],[121.03734,14.38258]]],[[[121.03493,14.38256],[121.03483,14.38265],[121.03493,14.38265],[121.03493,14.38256]]],[[[121.03752,14.38259],[121.03743,14.38267],[121.03752,14.38268],[121.03752,14.38259]]],[[[121.04095,14.38261],[121.04104,14.3827],[121.04104,14.38261],[121.04095,14.38261]]],[[[121.03502,14.38265],[121.03492,14.38274],[121.03502,14.38275],[121.03502,14.38265]]],[[[121.03845,14.38277],[121.03854,14.38268],[121.03845,14.38268],[121.03845,14.38277]]],[[[121.03511,14.38275],[121.03502,14.38284],[121.03511,14.38284],[121.03511,14.38275]]],[[[121.03863,14.38278],[121.03854,14.38286],[121.03863,14.38287],[121.03863,14.38278]]],[[[121.04132,14.3828],[121.04141,14.38289],[121.04141,14.3828],[121.04132,14.3828]]],[[[121.04095,14.38288],[121.04077,14.38252],[121.04076,14.38297],[121.04095,14.38288]]],[[[121.03771,14.38232],[121.03789,14.38304],[121.0378,14.3825],[121.03817,14.38241],[121.03771,14.38232]]],[[[121.04132,14.38307],[121.04123,14.38289],[121.04123,14.38307],[121.04132,14.38307]]],[[[121.03826,14.38313],[121.03835,14.38295],[121.03826,14.38295],[121.03826,14.38313]]],[[[121.04178,14.38316],[121.04197,14.38307],[121.04178,14.38298],[121.04178,14.38316]]],[[[121.03844,14.38314],[121.03835,14.38322],[121.03844,14.38323],[121.03844,14.38314]]],[[[121.04243,14.38326],[121.04234,14.38317],[121.04234,14.38326],[121.04243,14.38326]]],[[[121.03909,14.38332],[121.03928,14.38314],[121.03909,14.38314],[121.03909,14.38332]]],[[[121.04206,14.38335],[121.04197,14.38325],[121.04187,14.38334],[121.04206,14.38335]]],[[[121.0428,14.38335],[121.04289,14.38326],[121.0428,14.38326],[121.0428,14.38335]]],[[[121.03779,14.3834],[121.03789,14.38322],[121.03779,14.38322],[121.03779,14.3834]]],[[[121.03844,14.38341],[121.03835,14.38332],[121.03835,14.38341],[121.03844,14.38341]]],[[[121.04252,14.38344],[121.04243,14.38335],[121.04243,14.38344],[121.04252,14.38344]]],[[[121.04308,14.38335],[121.04289,14.38344],[121.04308,14.38344],[121.04308,14.38335]]],[[[121.03937,14.38332],[121.03928,14.3835],[121.03937,14.3835],[121.03937,14.38332]]],[[[121.01786,14.38342],[121.01777,14.38332],[121.01777,14.38341],[121.01786,14.38342]]],[[[121.03456,14.38229],[121.0353,14.38266],[121.03557,14.38356],[121.03548,14.38257],[121.03456,14.38229]]],[[[121.03631,14.38357],[121.03612,14.38348],[121.03612,14.38357],[121.03631,14.38357]]],[[[121.03622,14.38321],[121.03659,14.38321],[121.03631,14.38348],[121.03677,14.38348],[121.03678,14.38303],[121.03622,14.38321]]],[[[121.03946,14.38369],[121.03937,14.38359],[121.03937,14.38368],[121.03946,14.38369]]],[[[121.03594,14.38375],[121.03622,14.38321],[121.03566,14.38374],[121.03594,14.38375]]],[[[121.03816,14.38377],[121.03835,14.3835],[121.03789,14.3834],[121.03816,14.38377]]],[[[121.01832,14.3836],[121.01841,14.38369],[121.01842,14.3836],[121.01832,14.3836]]],[[[121.03974,14.38387],[121.03964,14.38369],[121.03964,14.38387],[121.03974,14.38387]]],[[[121.01832,14.38378],[121.01823,14.38369],[121.01823,14.38378],[121.01832,14.38378]]],[[[121.01851,14.38369],[121.01841,14.38378],[121.01851,14.38378],[121.01851,14.38369]]],[[[121.03825,14.38404],[121.03807,14.38395],[121.03807,14.38404],[121.03825,14.38404]]],[[[121.01869,14.38396],[121.0186,14.38387],[121.0186,14.38396],[121.01869,14.38396]]],[[[121.03936,14.38414],[121.03927,14.38405],[121.03927,14.38414],[121.03936,14.38414]]],[[[121.01897,14.38379],[121.01888,14.38388],[121.01897,14.38406],[121.01897,14.38379]]],[[[121.039,14.38296],[121.03844,14.3835],[121.03834,14.38422],[121.039,14.38368],[121.039,14.38296]]],[[[121.03973,14.38423],[121.03964,14.38414],[121.03964,14.38423],[121.03973,14.38423]]],[[[121.01887,14.38415],[121.0186,14.38405],[121.01859,14.38423],[121.01887,14.38415]]],[[[121.03519,14.38419],[121.03482,14.38392],[121.03519,14.38437],[121.03519,14.38419]]],[[[121.02555,14.38447],[121.02545,14.38438],[121.02545,14.38447],[121.02555,14.38447]]],[[[121.01887,14.38451],[121.01878,14.3846],[121.01906,14.3846],[121.01887,14.38451]]],[[[121.01924,14.38442],[121.01943,14.38451],[121.01943,14.38442],[121.01924,14.38442]]],[[[121.03564,14.38528],[121.03574,14.38519],[121.03564,14.38519],[121.03564,14.38528]]],[[[121.03768,14.3853],[121.03824,14.38494],[121.03769,14.38512],[121.03768,14.3853]]],[[[121.03677,14.38402],[121.03657,14.38484],[121.03694,14.38538],[121.03695,14.38466],[121.03677,14.38402]]],[[[121.03564,14.38573],[121.03574,14.38546],[121.03564,14.38546],[121.03564,14.38573]]],[[[121.0362,14.38574],[121.03582,14.38591],[121.0362,14.38583],[121.0362,14.38574]]],[[[121.03647,14.38592],[121.03638,14.38583],[121.03638,14.38592],[121.03647,14.38592]]],[[[121.03638,14.38619],[121.03629,14.3861],[121.03629,14.38619],[121.03638,14.38619]]],[[[121.03656,14.38628],[121.03647,14.38601],[121.03647,14.38628],[121.03656,14.38628]]],[[[121.03646,14.38682],[121.03637,14.38673],[121.03637,14.38682],[121.03646,14.38682]]],[[[121.03628,14.38691],[121.03619,14.38682],[121.03619,14.38691],[121.03628,14.38691]]],[[[121.03786,14.38674],[121.0386,14.38648],[121.0386,14.38621],[121.03786,14.38674]]],[[[121.0359,14.3879],[121.03581,14.38781],[121.03581,14.3879],[121.0359,14.3879]]],[[[121.0359,14.38763],[121.03618,14.38791],[121.03618,14.38754],[121.0359,14.38763]]],[[[121.03608,14.388],[121.03599,14.3879],[121.03599,14.38799],[121.03608,14.388]]],[[[121.02792,14.3882],[121.02774,14.38811],[121.02774,14.3882],[121.02792,14.3882]]],[[[121.03979,14.38821],[121.03997,14.38848],[121.03998,14.38803],[121.03979,14.38821]]],[[[121.03515,14.3888],[121.03506,14.38871],[121.03506,14.3888],[121.03515,14.3888]]],[[[121.03552,14.3888],[121.03571,14.3879],[121.03515,14.38871],[121.03552,14.3888]]],[[[121.03506,14.38898],[121.03496,14.38889],[121.03496,14.38898],[121.03506,14.38898]]],[[[121.03543,14.38898],[121.03534,14.3888],[121.03533,14.38898],[121.03543,14.38898]]],[[[121.03181,14.38941],[121.03209,14.38923],[121.03153,14.38895],[121.03181,14.38941]]],[[[121.03218,14.38941],[121.03208,14.3895],[121.03218,14.3895],[121.03218,14.38941]]],[[[121.03496,14.38961],[121.03505,14.38934],[121.03496,14.38934],[121.03496,14.38961]]],[[[121.03533,14.38962],[121.03524,14.38898],[121.03524,14.38962],[121.03533,14.38962]]],[[[121.03348,14.38942],[121.03375,14.38951],[121.03375,14.38933],[121.03348,14.38942]]],[[[121.0344,14.38979],[121.03431,14.38925],[121.03431,14.38979],[121.0344,14.38979]]],[[[121.03505,14.38979],[121.03514,14.3897],[121.03505,14.3897],[121.03505,14.38979]]],[[[121.03533,14.38962],[121.03551,14.39016],[121.03616,14.38989],[121.03616,14.38971],[121.03533,14.38962]]],[[[121.03439,14.39033],[121.03458,14.39015],[121.0344,14.39006],[121.03439,14.39033]]],[[[121.03328,14.39059],[121.03319,14.3905],[121.03319,14.39059],[121.03328,14.39059]]],[[[121.03355,14.39096],[121.03346,14.39087],[121.03346,14.39096],[121.03355,14.39096]]],[[[121.03392,14.39132],[121.0331,14.39023],[121.03374,14.39132],[121.03392,14.39132]]],[[[121.0352,14.39404],[121.03538,14.39386],[121.0352,14.39395],[121.0352,14.39404]]],[[[121.003,14.39721],[121.00309,14.39712],[121.003,14.39712],[121.003,14.39721]]],[[[121.02494,14.40083],[121.02531,14.40092],[121.02531,14.40083],[121.02494,14.40083]]],[[[121.02494,14.40101],[121.02484,14.40092],[121.02484,14.40101],[121.02494,14.40101]]],[[[121.02475,14.40146],[121.02466,14.40118],[121.02465,14.40146],[121.02475,14.40146]]],[[[121.02382,14.40163],[121.02364,14.40145],[121.02363,14.40163],[121.02382,14.40163]]],[[[121.02066,14.40196],[121.02057,14.40187],[121.02057,14.40196],[121.02066,14.40196]]],[[[120.99773,14.40593],[120.99764,14.40584],[120.99763,14.40593],[120.99773,14.40593]]],[[[121.03414,14.4084],[121.03405,14.40831],[121.03405,14.4084],[121.03414,14.4084]]],[[[121.03386,14.40849],[121.03368,14.4084],[121.03368,14.40849],[121.03386,14.40849]]],[[[121.04359,14.4102],[121.0434,14.41029],[121.04358,14.41038],[121.04359,14.4102]]],[[[121.0434,14.41047],[121.04321,14.41038],[121.04321,14.41047],[121.0434,14.41047]]],[[[121.03607,14.41068],[121.03764,14.41114],[121.03552,14.4095],[121.03607,14.41068]]],[[[121.04216,14.41452],[121.04234,14.41444],[121.04216,14.41443],[121.04216,14.41452]]],[[[121.03891,14.41459],[121.039,14.4145],[121.03891,14.4145],[121.03891,14.41459]]],[[[121.04243,14.41453],[121.04234,14.41462],[121.04243,14.41462],[121.04243,14.41453]]],[[[121.03919,14.41459],[121.039,14.41468],[121.03919,14.41468],[121.03919,14.41459]]],[[[121.04021,14.41469],[121.04049,14.41451],[121.03984,14.41441],[121.04021,14.41469]]],[[[121.03965,14.41477],[121.03937,14.41468],[121.03937,14.41477],[121.03965,14.41477]]],[[[121.04058,14.41469],[121.04049,14.41478],[121.04058,14.41478],[121.04058,14.41469]]],[[[121.03984,14.41487],[121.03993,14.41478],[121.03984,14.41478],[121.03984,14.41487]]],[[[121.04243,14.41489],[121.04234,14.4148],[121.04234,14.41489],[121.04243,14.41489]]],[[[121.04002,14.41487],[121.03993,14.41496],[121.04002,14.41496],[121.04002,14.41487]]],[[[121.04141,14.41506],[121.04132,14.41497],[121.04132,14.41506],[121.04141,14.41506]]],[[[121.04159,14.41515],[121.0415,14.41506],[121.0415,14.41515],[121.04159,14.41515]]],[[[121.04234,14.41525],[121.04243,14.41507],[121.04234,14.41507],[121.04234,14.41525]]],[[[121.04206,14.41534],[121.04178,14.41515],[121.04178,14.41524],[121.04206,14.41534]]],[[[121.04252,14.41525],[121.04243,14.41534],[121.04252,14.41534],[121.04252,14.41525]]],[[[121.04261,14.4157],[121.0428,14.41552],[121.04261,14.41561],[121.04261,14.4157]]],[[[121.03269,14.4158],[121.03278,14.41544],[121.0326,14.41535],[121.03269,14.4158]]],[[[121.03278,14.4158],[121.03286,14.41707],[121.03305,14.41725],[121.03296,14.41616],[121.03278,14.4158]]],[[[121.04286,14.41914],[121.04277,14.41887],[121.04277,14.41914],[121.04286,14.41914]]],[[[121.04968,14.42335],[121.04959,14.42326],[121.04959,14.42335],[121.04968,14.42335]]],[[[121.05079,14.42363],[121.05089,14.42354],[121.05079,14.42354],[121.05079,14.42363]]],[[[121.0494,14.4238],[121.04949,14.42371],[121.0494,14.42371],[121.0494,14.4238]]],[[[121.0494,14.42398],[121.04931,14.42389],[121.04931,14.42398],[121.0494,14.42398]]],[[[121.01105,14.4505],[121.01124,14.45032],[121.01096,14.45032],[121.01105,14.4505]]],[[[121.01161,14.45051],[121.01143,14.45041],[121.01142,14.45051],[121.01161,14.45051]]],[[[121.01152,14.45078],[121.01133,14.45069],[121.01133,14.45078],[121.01152,14.45078]]],[[[121.01096,14.46062],[121.01106,14.46071],[121.01106,14.46062],[121.01096,14.46062]]],[[[121.01096,14.4608],[121.01087,14.46071],[121.01087,14.4608],[121.01096,14.4608]]],[[[121.01087,14.46089],[121.01078,14.4608],[121.01078,14.46089],[121.01087,14.46089]]],[[[121.04959,14.46637],[121.04977,14.46646],[121.04977,14.46637],[121.04959,14.46637]]],[[[120.9731,14.47413],[120.97319,14.47422],[120.97319,14.47413],[120.9731,14.47413]]],[[[120.97347,14.47422],[120.97328,14.47404],[120.97328,14.47413],[120.97347,14.47422]]],[[[120.97328,14.47422],[120.97319,14.47431],[120.97328,14.47431],[120.97328,14.47422]]],[[[120.97402,14.4744],[120.97384,14.47431],[120.97384,14.4744],[120.97402,14.4744]]],[[[120.973,14.47449],[120.973,14.47422],[120.97282,14.47448],[120.973,14.47449]]],[[[120.97328,14.4744],[120.97319,14.47449],[120.97328,14.47449],[120.97328,14.4744]]],[[[120.97356,14.47449],[120.97337,14.47431],[120.97337,14.4744],[120.97356,14.47449]]],[[[120.97235,14.4743],[120.97244,14.47457],[120.97245,14.4743],[120.97235,14.4743]]],[[[120.97281,14.47458],[120.97272,14.47448],[120.97272,14.47457],[120.97281,14.47458]]],[[[120.97226,14.47466],[120.97217,14.47457],[120.97216,14.47466],[120.97226,14.47466]]],[[[120.97263,14.47457],[120.97244,14.47466],[120.97263,14.47466],[120.97263,14.47457]]],[[[120.97309,14.47467],[120.973,14.47458],[120.97291,14.47467],[120.97309,14.47467]]],[[[120.97272,14.47466],[120.97281,14.47476],[120.97281,14.47467],[120.97272,14.47466]]],[[[120.97272,14.47485],[120.97263,14.47475],[120.97263,14.47484],[120.97272,14.47485]]],[[[120.97291,14.47476],[120.97281,14.47485],[120.9729,14.47485],[120.97291,14.47476]]],[[[120.97281,14.47494],[120.97272,14.47485],[120.97272,14.47494],[120.97281,14.47494]]],[[[120.97244,14.47502],[120.97235,14.47493],[120.97235,14.47502],[120.97244,14.47502]]],[[[120.97207,14.47511],[120.97216,14.47502],[120.97207,14.47502],[120.97207,14.47511]]],[[[120.97188,14.4752],[120.97198,14.47502],[120.97188,14.47502],[120.97188,14.4752]]],[[[120.97225,14.47511],[120.97216,14.4752],[120.97225,14.4752],[120.97225,14.47511]]],[[[120.97207,14.4752],[120.97197,14.47529],[120.97207,14.47529],[120.97207,14.4752]]],[[[120.97225,14.47529],[120.97207,14.47538],[120.97225,14.47538],[120.97225,14.47529]]],[[[120.99043,14.48548],[120.99034,14.4853],[120.99034,14.48548],[120.99043,14.48548]]],[[[120.9983,14.48699],[120.99839,14.4869],[120.9983,14.4869],[120.9983,14.48699]]],[[[120.99867,14.48736],[120.99858,14.48718],[120.99858,14.48736],[120.99867,14.48736]]],[[[120.99537,14.49284],[120.99528,14.49275],[120.99528,14.49284],[120.99537,14.49284]]],[[[121.04829,14.49744],[121.0482,14.49753],[121.04829,14.49754],[121.04829,14.49744]]],[[[121.04801,14.49762],[121.04811,14.49726],[121.04792,14.49726],[121.04801,14.49762]]],[[[121.04839,14.49754],[121.04829,14.49763],[121.04839,14.49763],[121.04839,14.49754]]],[[[121.0482,14.49762],[121.04811,14.49771],[121.0482,14.49772],[121.0482,14.49762]]],[[[121.04838,14.49781],[121.04848,14.49772],[121.04838,14.49772],[121.04838,14.49781]]],[[[121.0482,14.4979],[121.04829,14.49781],[121.0482,14.49781],[121.0482,14.4979]]],[[[120.99514,14.49781],[120.99505,14.49772],[120.99505,14.49781],[120.99514,14.49781]]],[[[121.04848,14.49781],[121.04857,14.49826],[121.04912,14.49836],[121.04912,14.49817],[121.04848,14.49781]]],[[[120.9944,14.49808],[120.99431,14.49798],[120.99431,14.49807],[120.9944,14.49808]]],[[[121.05106,14.51048],[121.05124,14.51075],[121.05124,14.51048],[121.05106,14.51048]]],[[[120.98045,14.51178],[120.98055,14.51169],[120.98045,14.51169],[120.98045,14.51178]]],[[[120.98064,14.51178],[120.98055,14.51187],[120.98064,14.51187],[120.98064,14.51178]]],[[[121.05057,14.51274],[121.05104,14.51247],[121.05113,14.51229],[121.05067,14.51238],[121.05057,14.51274]]],[[[121.07413,14.51302],[121.07404,14.51293],[121.07404,14.51302],[121.07413,14.51302]]],[[[121.05289,14.51303],[121.05252,14.51284],[121.05252,14.51293],[121.05289,14.51303]]],[[[121.07653,14.51494],[121.07643,14.51485],[121.07643,14.51494],[121.07653,14.51494]]],[[[121.03478,14.51486],[121.03469,14.51477],[121.03469,14.51486],[121.03478,14.51486]]],[[[120.98706,14.51925],[120.98688,14.51916],[120.98688,14.51925],[120.98706,14.51925]]],[[[120.98808,14.51944],[120.98781,14.51935],[120.98781,14.51944],[120.98808,14.51944]]],[[[120.98836,14.51953],[120.98818,14.51944],[120.98818,14.51953],[120.98836,14.51953]]],[[[120.98882,14.51963],[120.98864,14.51953],[120.98864,14.51962],[120.98882,14.51963]]],[[[121.04565,14.52408],[121.04602,14.52399],[121.04603,14.52345],[121.04565,14.52408]]],[[[120.98113,14.52977],[120.98085,14.52968],[120.98085,14.52977],[120.98113,14.52977]]],[[[120.98131,14.52977],[120.98122,14.52968],[120.98122,14.52977],[120.98131,14.52977]]],[[[120.98261,14.52987],[120.98205,14.52978],[120.98205,14.52987],[120.98261,14.52987]]],[[[120.98344,14.52997],[120.98354,14.52988],[120.98344,14.52988],[120.98344,14.52997]]],[[[120.98363,14.52997],[120.98353,14.53006],[120.98363,14.53006],[120.98363,14.52997]]],[[[120.98391,14.53007],[120.98381,14.52997],[120.98381,14.53006],[120.98391,14.53007]]],[[[121.09956,14.53338],[121.09947,14.53329],[121.09947,14.53338],[121.09956,14.53338]]],[[[121.10002,14.53375],[121.09993,14.53366],[121.09993,14.53375],[121.10002,14.53375]]],[[[121.10021,14.53384],[121.10011,14.53375],[121.10011,14.53384],[121.10021,14.53384]]],[[[121.10039,14.53411],[121.10048,14.53402],[121.10039,14.53402],[121.10039,14.53411]]],[[[121.10058,14.53411],[121.10048,14.5342],[121.10057,14.5342],[121.10058,14.53411]]],[[[121.10067,14.53429],[121.10076,14.5342],[121.10067,14.5342],[121.10067,14.53429]]],[[[121.10122,14.5343],[121.10132,14.53421],[121.10122,14.53421],[121.10122,14.5343]]],[[[121.10141,14.5343],[121.10131,14.53439],[121.10141,14.53439],[121.10141,14.5343]]],[[[121.10159,14.53448],[121.1015,14.53439],[121.1015,14.53448],[121.10159,14.53448]]],[[[121.10094,14.5343],[121.10094,14.53457],[121.10113,14.53457],[121.10094,14.5343]]],[[[121.10131,14.53457],[121.10113,14.53466],[121.10131,14.53466],[121.10131,14.53457]]],[[[121.10141,14.53466],[121.10131,14.53475],[121.1014,14.53475],[121.10141,14.53466]]],[[[121.10178,14.53476],[121.10187,14.53485],[121.10187,14.53476],[121.10178,14.53476]]],[[[121.10177,14.53494],[121.10168,14.53484],[121.10168,14.53494],[121.10177,14.53494]]],[[[121.10279,14.53558],[121.1027,14.53549],[121.1027,14.53558],[121.10279,14.53558]]],[[[121.10297,14.53558],[121.10288,14.53549],[121.10288,14.53558],[121.10297,14.53558]]],[[[121.10064,14.53701],[121.10074,14.53692],[121.10064,14.53691],[121.10064,14.53701]]],[[[120.98684,14.54365],[120.98675,14.54355],[120.98675,14.54364],[120.98684,14.54365]]],[[[121.04727,14.55103],[121.04718,14.55093],[121.04717,14.55102],[121.04727,14.55103]]],[[[121.04754,14.55148],[121.04745,14.55121],[121.04745,14.55148],[121.04754,14.55148]]],[[[121.05803,14.55157],[121.0583,14.55148],[121.05803,14.55148],[121.05803,14.55157]]],[[[121.05756,14.55165],[121.05747,14.55156],[121.05747,14.55165],[121.05756,14.55165]]],[[[121.05867,14.55157],[121.0583,14.55175],[121.05877,14.55175],[121.05867,14.55157]]],[[[121.04698,14.55175],[121.04707,14.55184],[121.04708,14.55175],[121.04698,14.55175]]],[[[121.057,14.55192],[121.05719,14.55174],[121.057,14.55183],[121.057,14.55192]]],[[[121.04717,14.55184],[121.04726,14.55175],[121.04717,14.55175],[121.04717,14.55184]]],[[[121.0468,14.55193],[121.0467,14.55183],[121.0467,14.55192],[121.0468,14.55193]]],[[[121.04698,14.55193],[121.04689,14.55184],[121.04689,14.55193],[121.04698,14.55193]]],[[[121.05867,14.5522],[121.05876,14.55193],[121.05728,14.55201],[121.05867,14.5522]]],[[[121.05913,14.55212],[121.05923,14.55221],[121.05923,14.55212],[121.05913,14.55212]]],[[[121.05922,14.55248],[121.05904,14.55221],[121.05904,14.55248],[121.05922,14.55248]]],[[[121.05456,14.55542],[121.05447,14.55533],[121.05447,14.55542],[121.05456,14.55542]]],[[[121.05428,14.55542],[121.05437,14.55551],[121.05437,14.55542],[121.05428,14.55542]]],[[[121.05428,14.5556],[121.05419,14.55551],[121.05419,14.5556],[121.05428,14.5556]]],[[[121.05409,14.55569],[121.054,14.5556],[121.054,14.55569],[121.05409,14.55569]]],[[[121.0552,14.55624],[121.05529,14.55615],[121.0552,14.55615],[121.0552,14.55624]]],[[[121.05539,14.55624],[121.05529,14.55633],[121.05539,14.55633],[121.05539,14.55624]]],[[[121.06179,14.55557],[121.06243,14.55675],[121.06235,14.55594],[121.06179,14.55557]]],[[[121.05334,14.55677],[121.05325,14.55668],[121.05325,14.55677],[121.05334,14.55677]]],[[[121.05501,14.55687],[121.05492,14.55678],[121.05492,14.55687],[121.05501,14.55687]]],[[[121.05427,14.55714],[121.05417,14.55705],[121.05417,14.55714],[121.05427,14.55714]]],[[[121.06326,14.55757],[121.06298,14.55748],[121.06298,14.55757],[121.06326,14.55757]]],[[[121.06178,14.55756],[121.06168,14.55765],[121.06178,14.55765],[121.06178,14.55756]]],[[[121.06215,14.55757],[121.06233,14.55766],[121.06233,14.55757],[121.06215,14.55757]]],[[[121.06215,14.55775],[121.06205,14.55766],[121.06205,14.55775],[121.06215,14.55775]]],[[[121.0614,14.55783],[121.06234,14.55675],[121.06057,14.558],[121.0614,14.55783]]],[[[121.06169,14.55729],[121.06159,14.5572],[121.06169,14.5572],[121.06169,14.55729]]],[[[121.05435,14.55804],[121.05417,14.55795],[121.05416,14.55804],[121.05435,14.55804]]],[[[121.05425,14.55831],[121.05444,14.55822],[121.05426,14.55822],[121.05425,14.55831]]],[[[121.05481,14.55832],[121.05444,14.5585],[121.05481,14.55841],[121.05481,14.55832]]],[[[121.06102,14.559],[121.06149,14.55892],[121.06158,14.55855],[121.06102,14.559]]],[[[121.05906,14.56061],[121.05915,14.56052],[121.05906,14.56052],[121.05906,14.56061]]],[[[121.05859,14.5607],[121.05897,14.56043],[121.05823,14.56052],[121.05859,14.5607]]],[[[121.05934,14.56071],[121.05897,14.56079],[121.05934,14.56089],[121.05934,14.56071]]],[[[121.05971,14.56089],[121.0599,14.56053],[121.0599,14.56026],[121.05952,14.56062],[121.05971,14.56089]]],[[[121.05655,14.56159],[121.05747,14.5615],[121.05636,14.5614],[121.05655,14.56159]]],[[[121.05364,14.56445],[121.05346,14.56454],[121.05364,14.56454],[121.05364,14.56445]]],[[[121.05327,14.56463],[121.05337,14.56427],[121.05309,14.56427],[121.05327,14.56463]]],[[[121.05336,14.56472],[121.05346,14.56463],[121.05336,14.56463],[121.05336,14.56472]]],[[[121.05355,14.56472],[121.05346,14.56481],[121.05355,14.56481],[121.05355,14.56472]]],[[[121.05383,14.56491],[121.05364,14.56481],[121.05355,14.56509],[121.05383,14.56491]]],[[[121.0566,14.5661],[121.05688,14.56575],[121.05642,14.56583],[121.0566,14.5661]]],[[[121.05549,14.5661],[121.0553,14.566],[121.0553,14.56609],[121.05549,14.5661]]],[[[121.04843,14.56613],[121.04825,14.56622],[121.04843,14.56631],[121.04843,14.56613]]],[[[121.05,14.56695],[121.04945,14.56677],[121.04945,14.56695],[121.05,14.56695]]],[[[121.05072,14.56994],[121.05044,14.56985],[121.05044,14.56994],[121.05072,14.56994]]],[[[121.05118,14.56995],[121.05165,14.56977],[121.05109,14.56967],[121.05118,14.56995]]],[[[121.04979,14.56984],[121.04988,14.56993],[121.04989,14.56984],[121.04979,14.56984]]],[[[121.04998,14.57012],[121.04961,14.56993],[121.04951,14.57011],[121.04998,14.57012]]],[[[121.06778,14.57162],[121.06843,14.57144],[121.06778,14.57153],[121.06778,14.57162]]],[[[121.06768,14.57171],[121.06759,14.57162],[121.06759,14.57171],[121.06768,14.57171]]],[[[121.06741,14.57171],[121.0675,14.5718],[121.0675,14.57171],[121.06741,14.57171]]],[[[121.0675,14.57207],[121.06731,14.5718],[121.06722,14.57207],[121.0675,14.57207]]],[[[121.06768,14.57216],[121.06759,14.57207],[121.06759,14.57216],[121.06768,14.57216]]],[[[121.06749,14.57234],[121.0674,14.57216],[121.06722,14.57216],[121.06749,14.57234]]],[[[121.06796,14.57234],[121.06833,14.57217],[121.06796,14.57198],[121.06796,14.57234]]],[[[121.06879,14.57316],[121.06915,14.57335],[121.06888,14.57271],[121.06879,14.57316]]],[[[121.06737,14.57532],[121.06784,14.57533],[121.06803,14.57451],[121.06737,14.57532]]],[[[121.10189,14.57578],[121.1018,14.57569],[121.1018,14.57578],[121.10189,14.57578]]],[[[121.10207,14.57588],[121.10198,14.57579],[121.10198,14.57588],[121.10207,14.57588]]],[[[121.10216,14.57606],[121.10207,14.57597],[121.10207,14.57606],[121.10216,14.57606]]],[[[121.10226,14.57615],[121.10244,14.57606],[121.10226,14.57606],[121.10226,14.57615]]],[[[121.10263,14.57615],[121.10244,14.57624],[121.10263,14.57624],[121.10263,14.57615]]],[[[121.10272,14.57624],[121.10263,14.57633],[121.10272,14.57633],[121.10272,14.57624]]],[[[121.06856,14.57777],[121.06848,14.57678],[121.06847,14.57777],[121.06856,14.57777]]],[[[121.02151,14.57783],[121.02142,14.57774],[121.02142,14.57783],[121.02151,14.57783]]],[[[120.97543,14.58493],[120.97561,14.58503],[120.97561,14.58494],[120.97543,14.58493]]],[[[120.97543,14.58512],[120.97533,14.58502],[120.97533,14.58511],[120.97543,14.58512]]],[[[120.97561,14.58512],[120.9757,14.58503],[120.97561,14.58503],[120.97561,14.58512]]],[[[120.97524,14.5852],[120.97515,14.58511],[120.97515,14.5852],[120.97524,14.5852]]],[[[120.9758,14.58512],[120.9757,14.58521],[120.9758,14.58521],[120.9758,14.58512]]],[[[120.97524,14.58539],[120.97515,14.58529],[120.97514,14.58538],[120.97524,14.58539]]],[[[121.03212,14.58542],[121.03286,14.58588],[121.03221,14.58515],[121.03212,14.58542]]],[[[120.97523,14.58575],[120.97505,14.58547],[120.97505,14.58574],[120.97523,14.58575]]],[[[121.05185,14.58929],[121.05176,14.5892],[121.05176,14.58929],[121.05185,14.58929]]],[[[121.05146,14.59091],[121.05137,14.59073],[121.05137,14.59091],[121.05146,14.59091]]],[[[121.01181,14.59392],[121.01172,14.59374],[121.01172,14.59392],[121.01181,14.59392]]],[[[120.96697,14.59661],[120.96679,14.59643],[120.96678,14.59661],[120.96697,14.59661]]],[[[121.07112,14.60328],[121.07066,14.60336],[121.07112,14.60337],[121.07112,14.60328]]],[[[121.07285,14.60682],[121.07193,14.60663],[121.07119,14.60617],[121.07147,14.60581],[121.07091,14.6059],[121.07109,14.60653],[121.07285,14.60682]]],[[[121.07137,14.60644],[121.07119,14.60635],[121.07137,14.60635],[121.07137,14.60644]]],[[[121.07393,14.6108],[121.07458,14.61053],[121.07356,14.61053],[121.07393,14.6108]]],[[[121.0744,14.61071],[121.07421,14.61062],[121.0744,14.61062],[121.0744,14.61071]]],[[[121.07385,14.62029],[121.07468,14.6203],[121.0746,14.61984],[121.07385,14.62029]]],[[[121.07484,14.62373],[121.07475,14.62355],[121.07475,14.62373],[121.07484,14.62373]]],[[[121.07493,14.62355],[121.07549,14.62374],[121.07577,14.62311],[121.07523,14.62193],[121.07458,14.62174],[121.07532,14.62247],[121.07493,14.62355]]],[[[121.07512,14.62382],[121.07474,14.62409],[121.07465,14.62373],[121.07465,14.62481],[121.07512,14.62382]]],[[[121.07684,14.62917],[121.07526,14.62871],[121.07674,14.62953],[121.07738,14.6308],[121.07684,14.62917]]],[[[121.07893,14.63316],[121.07875,14.63325],[121.07893,14.63325],[121.07893,14.63316]]],[[[121.07856,14.63334],[121.07745,14.63288],[121.07708,14.63324],[121.07856,14.63334]]],[[[121.07865,14.63334],[121.07856,14.63343],[121.07865,14.63343],[121.07865,14.63334]]],[[[121.07875,14.63343],[121.07865,14.63352],[121.07875,14.63352],[121.07875,14.63343]]],[[[121.07874,14.6337],[121.07884,14.63361],[121.07875,14.63361],[121.07874,14.6337]]],[[[121.07902,14.6338],[121.07884,14.6337],[121.07884,14.6338],[121.07902,14.6338]]],[[[121.07893,14.63325],[121.07902,14.63371],[121.07921,14.63344],[121.08041,14.63417],[121.07893,14.63325]]],[[[121.07986,14.63389],[121.07995,14.63399],[121.07986,14.63398],[121.07986,14.63389]]],[[[120.95855,14.63386],[120.95828,14.63367],[120.95827,14.63376],[120.95855,14.63386]]],[[[120.95892,14.63395],[120.95883,14.63386],[120.95883,14.63395],[120.95892,14.63395]]],[[[120.95929,14.63413],[120.95938,14.63422],[120.95938,14.63413],[120.95929,14.63413]]],[[[120.95781,14.6343],[120.95762,14.63421],[120.95762,14.6343],[120.95781,14.6343]]],[[[120.95929,14.63431],[120.9592,14.63422],[120.9592,14.63431],[120.95929,14.63431]]],[[[120.95808,14.63439],[120.95799,14.6343],[120.95799,14.63439],[120.95808,14.63439]]],[[[120.95994,14.63468],[120.95984,14.63459],[120.95984,14.63468],[120.95994,14.63468]]],[[[120.96021,14.63486],[120.96012,14.63477],[120.96012,14.63486],[120.96021,14.63486]]],[[[121.08139,14.63933],[121.08129,14.63942],[121.08148,14.63951],[121.08139,14.63933]]],[[[121.08221,14.64051],[121.08184,14.64051],[121.08221,14.64096],[121.08221,14.64051]]],[[[121.08229,14.64178],[121.08201,14.64232],[121.08302,14.64323],[121.08303,14.64251],[121.08229,14.64178]]],[[[121.08327,14.64694],[121.08336,14.64685],[121.08327,14.64685],[121.08327,14.64694]]],[[[121.08373,14.64694],[121.08336,14.64703],[121.08373,14.64703],[121.08373,14.64694]]],[[[121.08921,14.64707],[121.08912,14.64689],[121.08912,14.64707],[121.08921,14.64707]]],[[[121.08911,14.64762],[121.08902,14.64743],[121.08902,14.64762],[121.08911,14.64762]]],[[[121.0866,14.64841],[121.08651,14.64832],[121.08651,14.64841],[121.0866,14.64841]]],[[[121.08566,14.64921],[121.08585,14.64895],[121.08585,14.64876],[121.08557,14.64885],[121.08566,14.64921]]],[[[121.12873,14.65002],[121.12854,14.64992],[121.12854,14.65002],[121.12873,14.65002]]],[[[121.12715,14.65028],[121.12715,14.64991],[121.12724,14.64964],[121.12697,14.64973],[121.12715,14.65028]]],[[[121.08964,14.65124],[121.08955,14.65114],[121.08954,14.65123],[121.08964,14.65124]]],[[[121.08379,14.65146],[121.0837,14.65137],[121.0837,14.65146],[121.08379,14.65146]]],[[[121.08369,14.65155],[121.0836,14.65146],[121.0836,14.65155],[121.08369,14.65155]]],[[[121.0836,14.65164],[121.08351,14.65155],[121.08351,14.65164],[121.0836,14.65164]]],[[[121.08379,14.65137],[121.08444,14.65092],[121.08416,14.65164],[121.08425,14.65191],[121.08538,14.64994],[121.08379,14.65137]]],[[[121.08351,14.65164],[121.08314,14.65172],[121.08332,14.65227],[121.08387,14.65218],[121.08332,14.65209],[121.08351,14.65164]]],[[[121.08508,14.65228],[121.08517,14.65237],[121.08517,14.65228],[121.08508,14.65228]]],[[[121.08508,14.65246],[121.08499,14.65237],[121.08499,14.65246],[121.08508,14.65246]]],[[[121.08266,14.65262],[121.08294,14.65236],[121.08267,14.65226],[121.08266,14.65262]]],[[[121.09361,14.65326],[121.09352,14.65317],[121.09352,14.65326],[121.09361,14.65326]]],[[[121.08229,14.65325],[121.0821,14.65316],[121.0821,14.65325],[121.08229,14.65325]]],[[[121.08229,14.65316],[121.08294,14.65317],[121.08266,14.65353],[121.08284,14.65362],[121.08368,14.65272],[121.08285,14.65308],[121.08238,14.6528],[121.08229,14.65316]]],[[[121.08266,14.65362],[121.08191,14.6537],[121.08154,14.65334],[121.0821,14.65325],[121.0808,14.65306],[121.08182,14.65379],[121.08266,14.65362]]],[[[121.08405,14.65363],[121.08479,14.65373],[121.08489,14.65264],[121.08405,14.65363]]],[[[120.96744,14.65607],[120.96763,14.65562],[120.96764,14.65508],[120.96745,14.65535],[120.96744,14.65607]]],[[[121.08857,14.6571],[121.08838,14.65692],[121.08838,14.65701],[121.08857,14.6571]]],[[[120.96744,14.65625],[120.96735,14.65607],[120.96735,14.65625],[120.96744,14.65625]]],[[[121.08874,14.65828],[121.08902,14.65783],[121.08884,14.65774],[121.08874,14.65828]]],[[[121.08892,14.65918],[121.08902,14.65846],[121.08883,14.65837],[121.08864,14.65873],[121.08892,14.65918]]],[[[121.12642,14.65958],[121.12651,14.6594],[121.12642,14.6594],[121.12642,14.65958]]],[[[121.12679,14.65958],[121.12698,14.65949],[121.12679,14.65949],[121.12679,14.65958]]],[[[121.08669,14.65925],[121.0866,14.65934],[121.08669,14.65934],[121.08669,14.65925]]],[[[121.12605,14.65957],[121.12614,14.65967],[121.12614,14.65958],[121.12605,14.65957]]],[[[121.1266,14.65958],[121.12651,14.65967],[121.1266,14.65967],[121.1266,14.65958]]],[[[121.12707,14.65958],[121.12697,14.65967],[121.12707,14.65967],[121.12707,14.65958]]],[[[121.08641,14.65943],[121.08651,14.65907],[121.08632,14.65907],[121.08641,14.65943]]],[[[121.08678,14.65944],[121.08688,14.65935],[121.08678,14.65935],[121.08678,14.65944]]],[[[121.12604,14.65976],[121.12595,14.65966],[121.12595,14.65975],[121.12604,14.65976]]],[[[121.12697,14.65976],[121.12688,14.65967],[121.12688,14.65976],[121.12697,14.65976]]],[[[121.0866,14.65943],[121.0865,14.65952],[121.0866,14.65952],[121.0866,14.65943]]],[[[121.08697,14.65944],[121.08687,14.65953],[121.08697,14.65953],[121.08697,14.65944]]],[[[121.12716,14.65967],[121.12707,14.65985],[121.12716,14.65985],[121.12716,14.65967]]],[[[121.0879,14.65944],[121.08846,14.65918],[121.08827,14.65945],[121.08836,14.65963],[121.08864,14.65909],[121.0867,14.65871],[121.0879,14.65944]]],[[[121.08659,14.65971],[121.08678,14.65962],[121.0866,14.65952],[121.08659,14.65971]]],[[[121.08826,14.65972],[121.08817,14.65963],[121.08817,14.65972],[121.08826,14.65972]]],[[[121.08687,14.65971],[121.08678,14.6598],[121.08687,14.6598],[121.08687,14.65971]]],[[[121.08817,14.65981],[121.08808,14.65972],[121.08808,14.65981],[121.08817,14.65981]]],[[[121.08715,14.65953],[121.08687,14.65989],[121.08715,14.65989],[121.08715,14.65953]]],[[[121.09439,14.65995],[121.0943,14.65986],[121.0943,14.65995],[121.09439,14.65995]]],[[[121.0982,14.6598],[121.09838,14.65989],[121.09838,14.6598],[121.0982,14.6598]]],[[[121.0878,14.65999],[121.08789,14.65981],[121.0878,14.65944],[121.0878,14.65999]]],[[[121.09457,14.66013],[121.09448,14.65995],[121.09448,14.66013],[121.09457,14.66013]]],[[[121.08891,14.66036],[121.0891,14.66018],[121.08891,14.66027],[121.08891,14.66036]]],[[[121.09012,14.66028],[121.09002,14.66037],[121.09012,14.66037],[121.09012,14.66028]]],[[[121.09058,14.66037],[121.09067,14.66019],[121.09049,14.66019],[121.09058,14.66037]]],[[[121.09439,14.66022],[121.09457,14.6604],[121.09457,14.66031],[121.09439,14.66022]]],[[[121.13133,14.66061],[121.13179,14.66043],[121.13133,14.66052],[121.13133,14.66061]]],[[[121.09021,14.66037],[121.09011,14.66046],[121.09021,14.66046],[121.09021,14.66037]]],[[[121.09086,14.66037],[121.09076,14.66046],[121.09086,14.66046],[121.09086,14.66037]]],[[[121.09438,14.66049],[121.0942,14.6604],[121.0942,14.66049],[121.09438,14.66049]]],[[[121.09002,14.66028],[121.08947,14.66],[121.08909,14.66045],[121.08956,14.66054],[121.08937,14.66027],[121.09002,14.66028]]],[[[121.09058,14.66055],[121.09049,14.66046],[121.09049,14.66055],[121.09058,14.66055]]],[[[121.089,14.66063],[121.08863,14.66054],[121.08863,14.66063],[121.089,14.66063]]],[[[121.08965,14.66054],[121.08956,14.66063],[121.08965,14.66063],[121.08965,14.66054]]],[[[121.09039,14.66064],[121.0903,14.66055],[121.0903,14.66064],[121.09039,14.66064]]],[[[121.08853,14.66072],[121.08844,14.66062],[121.08844,14.66071],[121.08853,14.66072]]],[[[121.08937,14.66072],[121.08946,14.66063],[121.08937,14.66063],[121.08937,14.66072]]],[[[121.08974,14.66073],[121.08983,14.66064],[121.08974,14.66063],[121.08974,14.66073]]],[[[121.08826,14.66071],[121.08835,14.6608],[121.08835,14.66071],[121.08826,14.66071]]],[[[121.09095,14.66064],[121.09113,14.66074],[121.09114,14.66056],[121.09095,14.66064]]],[[[121.08956,14.66072],[121.08946,14.66081],[121.08955,14.66081],[121.08956,14.66072]]],[[[121.08835,14.66098],[121.08798,14.6608],[121.08798,14.66098],[121.08835,14.66098]]],[[[121.08918,14.66108],[121.08909,14.66099],[121.08909,14.66108],[121.08918,14.66108]]],[[[121.09057,14.66109],[121.09085,14.66082],[121.09058,14.66091],[121.09057,14.66109]]],[[[121.0902,14.66082],[121.08955,14.6609],[121.09001,14.66127],[121.0902,14.66082]]],[[[121.09104,14.66128],[121.09094,14.66119],[121.09094,14.66128],[121.09104,14.66128]]],[[[121.08667,14.66133],[121.08658,14.66124],[121.08658,14.66133],[121.08667,14.66133]]],[[[121.08946,14.66145],[121.08936,14.66135],[121.08936,14.66145],[121.08946,14.66145]]],[[[121.09048,14.66145],[121.09039,14.66127],[121.09038,14.66145],[121.09048,14.66145]]],[[[121.08686,14.66088],[121.08686,14.66151],[121.08705,14.66088],[121.08686,14.66088]]],[[[121.09113,14.66155],[121.09094,14.66146],[121.09094,14.66155],[121.09113,14.66155]]],[[[121.08658,14.6616],[121.08649,14.66151],[121.08648,14.6616],[121.08658,14.6616]]],[[[121.09112,14.66173],[121.09103,14.66164],[121.09103,14.66173],[121.09112,14.66173]]],[[[121.09066,14.66164],[121.09075,14.66182],[121.09075,14.66164],[121.09066,14.66164]]],[[[121.09066,14.66191],[121.09047,14.66182],[121.09047,14.66191],[121.09066,14.66191]]],[[[121.08676,14.66197],[121.08667,14.66169],[121.08667,14.66197],[121.08676,14.66197]]],[[[121.08648,14.66205],[121.08639,14.66196],[121.08639,14.66205],[121.08648,14.66205]]],[[[121.08991,14.66217],[121.08992,14.66136],[121.08936,14.66154],[121.08936,14.6619],[121.08991,14.66217]]],[[[121.09038,14.66227],[121.0901,14.66172],[121.09019,14.66227],[121.09038,14.66227]]],[[[121.09093,14.66254],[121.09094,14.662],[121.09112,14.66191],[121.09066,14.662],[121.09093,14.66254]]],[[[121.09335,14.66193],[121.09335,14.66256],[121.09353,14.66265],[121.09353,14.66238],[121.09335,14.66193]]],[[[121.08415,14.66285],[121.08406,14.66276],[121.08406,14.66285],[121.08415,14.66285]]],[[[121.08647,14.66287],[121.08638,14.6626],[121.08638,14.66287],[121.08647,14.66287]]],[[[121.09075,14.66263],[121.09112,14.66272],[121.09112,14.66245],[121.09075,14.66263]]],[[[121.09362,14.6632],[121.09344,14.66292],[121.09353,14.6632],[121.09362,14.6632]]],[[[121.00136,14.6626],[121.00071,14.66224],[121.0008,14.6626],[121.00136,14.6626]]],[[[121.00081,14.66255],[121.00085,14.66259],[121.00081,14.66259],[121.00081,14.66255]]],[[[121.0874,14.66333],[121.0873,14.66369],[121.08739,14.66369],[121.0874,14.66333]]],[[[121.09176,14.66381],[121.09166,14.66372],[121.09166,14.66381],[121.09176,14.66381]]],[[[121.12527,14.66391],[121.1248,14.66372],[121.12527,14.66409],[121.12527,14.66391]]],[[[121.12406,14.66399],[121.12424,14.66408],[121.12425,14.6639],[121.12406,14.66399]]],[[[121.08731,14.66333],[121.08675,14.66287],[121.08666,14.6626],[121.08647,14.66305],[121.08712,14.66323],[121.08711,14.66405],[121.08731,14.66333]]],[[[121.086,14.66413],[121.08591,14.66404],[121.08591,14.66413],[121.086,14.66413]]],[[[121.0859,14.66422],[121.08581,14.66413],[121.08581,14.66422],[121.0859,14.66422]]],[[[121.086,14.66404],[121.08655,14.66431],[121.08684,14.66377],[121.08656,14.66395],[121.086,14.66404]]],[[[121.12712,14.66464],[121.12675,14.66455],[121.12675,14.66464],[121.12712,14.66464]]],[[[121.1274,14.66465],[121.1273,14.66456],[121.1273,14.66465],[121.1274,14.66465]]],[[[121.08581,14.66431],[121.08572,14.6644],[121.086,14.6644],[121.08581,14.66431]]],[[[121.12405,14.66471],[121.12396,14.66444],[121.12396,14.66471],[121.12405,14.66471]]],[[[121.09314,14.66482],[121.09305,14.66473],[121.09305,14.66482],[121.09314,14.66482]]],[[[121.09398,14.6641],[121.09398,14.66474],[121.09425,14.66483],[121.09407,14.66456],[121.09398,14.6641]]],[[[121.12424,14.66507],[121.12415,14.66471],[121.12414,14.66507],[121.12424,14.66507]]],[[[121.09295,14.665],[121.09286,14.66482],[121.09286,14.665],[121.09295,14.665]]],[[[121.12665,14.66554],[121.12655,14.66545],[121.12655,14.66554],[121.12665,14.66554]]],[[[121.12395,14.66579],[121.12404,14.6657],[121.12395,14.6657],[121.12395,14.66579]]],[[[121.12423,14.66562],[121.12423,14.66598],[121.12441,14.66598],[121.12423,14.66562]]],[[[121.12831,14.66619],[121.12822,14.6661],[121.12822,14.66619],[121.12831,14.66619]]],[[[121.12812,14.66628],[121.12794,14.66619],[121.12794,14.66628],[121.12812,14.66628]]],[[[121.12766,14.66637],[121.12757,14.66627],[121.12757,14.66636],[121.12766,14.66637]]],[[[121.12868,14.66601],[121.1285,14.6661],[121.12859,14.66637],[121.12868,14.66601]]],[[[121.12849,14.66646],[121.1284,14.66637],[121.1284,14.66646],[121.12849,14.66646]]],[[[121.12738,14.66645],[121.12747,14.66654],[121.12747,14.66645],[121.12738,14.66645]]],[[[121.1284,14.66655],[121.12831,14.66646],[121.12831,14.66655],[121.1284,14.66655]]],[[[121.12571,14.66653],[121.12562,14.66662],[121.12571,14.66662],[121.12571,14.66653]]],[[[121.12738,14.66663],[121.12729,14.66654],[121.12729,14.66663],[121.12738,14.66663]]],[[[121.12831,14.66664],[121.12812,14.66655],[121.12812,14.66664],[121.12831,14.66664]]],[[[121.12729,14.66672],[121.12719,14.66663],[121.12719,14.66672],[121.12729,14.66672]]],[[[121.12589,14.66689],[121.12599,14.6668],[121.12589,14.6668],[121.12589,14.66689]]],[[[121.1271,14.66681],[121.12719,14.6669],[121.12719,14.66681],[121.1271,14.66681]]],[[[121.1271,14.66699],[121.12701,14.6669],[121.127,14.66699],[121.1271,14.66699]]],[[[121.1257,14.66707],[121.12562,14.66644],[121.12543,14.66644],[121.12524,14.66689],[121.1257,14.66707]]],[[[121.12812,14.66664],[121.12756,14.66673],[121.12756,14.66709],[121.12766,14.66682],[121.12812,14.66664]]],[[[121.1258,14.66707],[121.1257,14.66716],[121.1258,14.66716],[121.1258,14.66707]]],[[[121.12617,14.66717],[121.12598,14.66717],[121.1258,14.66725],[121.12617,14.66717]]],[[[121.09461,14.667],[121.09451,14.66709],[121.09461,14.66709],[121.09461,14.667]]],[[[121.12682,14.6669],[121.12682,14.66672],[121.12654,14.66735],[121.12682,14.6669]]],[[[121.08931,14.66714],[121.08895,14.66641],[121.08979,14.66588],[121.09064,14.66417],[121.09027,14.66353],[121.08971,14.6638],[121.08991,14.6629],[121.08916,14.66343],[121.08924,14.66443],[121.0883,14.66623],[121.08839,14.66686],[121.08931,14.66714]]],[[[121.08895,14.66686],[121.08867,14.66668],[121.08895,14.66668],[121.08895,14.66686]]],[[[121.08849,14.66641],[121.08905,14.66497],[121.09017,14.66443],[121.0896,14.66578],[121.08849,14.66641]]],[[[121.08962,14.66407],[121.08925,14.66352],[121.08963,14.66334],[121.08962,14.66407]]],[[[121.09451,14.667],[121.09461,14.66628],[121.09479,14.66709],[121.09498,14.66718],[121.09471,14.6661],[121.09425,14.66564],[121.09451,14.667]]],[[[121.09479,14.66718],[121.09469,14.66754],[121.09479,14.66754],[121.09479,14.66718]]],[[[121.09507,14.66719],[121.09497,14.66755],[121.09507,14.66755],[121.09507,14.66719]]],[[[121.09469,14.66763],[121.0946,14.66754],[121.0946,14.66763],[121.09469,14.66763]]],[[[121.09497,14.66764],[121.09488,14.66755],[121.09488,14.66764],[121.09497,14.66764]]],[[[121.09479,14.66782],[121.09442,14.66763],[121.09423,14.6679],[121.09479,14.66782]]],[[[121.08819,14.66876],[121.08931,14.66795],[121.08931,14.6675],[121.08773,14.66812],[121.08763,14.66866],[121.08819,14.66876]]],[[[121.08735,14.66929],[121.08689,14.66856],[121.08661,14.66847],[121.08735,14.66929]]],[[[121.08595,14.66982],[121.08539,14.66964],[121.08539,14.66973],[121.08595,14.66982]]],[[[120.98885,14.66954],[120.98895,14.66963],[120.98895,14.66954],[120.98885,14.66954]]],[[[120.98932,14.66982],[120.98922,14.66973],[120.98922,14.66982],[120.98932,14.66982]]],[[[121.1175,14.67162],[121.11722,14.67152],[121.11722,14.67161],[121.1175,14.67162]]],[[[121.11712,14.6717],[121.11703,14.67161],[121.11703,14.6717],[121.11712,14.6717]]],[[[120.98364,14.67094],[120.98346,14.67085],[120.98346,14.67094],[120.98364,14.67094]]],[[[120.98336,14.67103],[120.98327,14.67094],[120.98327,14.67103],[120.98336,14.67103]]],[[[121.08751,14.67236],[121.08769,14.67191],[121.0876,14.67173],[121.08742,14.67173],[121.08751,14.67236]]],[[[121.04694,14.67248],[121.04666,14.67239],[121.04666,14.67248],[121.04694,14.67248]]],[[[121.0603,14.67277],[121.06021,14.67268],[121.06021,14.67277],[121.0603,14.67277]]],[[[121.04814,14.67267],[121.04703,14.67248],[121.04814,14.67276],[121.04814,14.67267]]],[[[121.05984,14.67286],[121.05965,14.67277],[121.05965,14.67286],[121.05984,14.67286]]],[[[121.05928,14.67294],[121.05919,14.67285],[121.05919,14.67294],[121.05928,14.67294]]],[[[121.11469,14.67367],[121.11461,14.67367],[121.11469,14.67373],[121.11469,14.67367]]],[[[120.99792,14.67278],[120.99792,14.67297],[120.9981,14.67297],[120.99801,14.67279],[120.99792,14.67278]]],[[[120.99829,14.67297],[120.99866,14.6727],[120.99811,14.6727],[120.99853,14.67278],[120.99829,14.67297]]],[[[120.99848,14.67296],[120.99844,14.67292],[120.99849,14.67292],[120.99848,14.67296]]],[[[120.99858,14.67292],[120.99853,14.67288],[120.99858,14.67288],[120.99858,14.67292]]],[[[121.05073,14.6735],[121.05064,14.67341],[121.05064,14.6735],[121.05073,14.6735]]],[[[121.08813,14.6749],[121.08804,14.67472],[121.08804,14.6749],[121.08813,14.6749]]],[[[121.08795,14.67508],[121.08785,14.67499],[121.08785,14.67508],[121.08795,14.67508]]],[[[121.08794,14.67526],[121.08785,14.67517],[121.08785,14.67526],[121.08794,14.67526]]],[[[121.08766,14.67544],[121.08757,14.67535],[121.08757,14.67544],[121.08766,14.67544]]],[[[120.97563,14.67458],[120.97553,14.67449],[120.97553,14.67458],[120.97563,14.67458]]],[[[121.08776,14.67562],[121.08766,14.67553],[121.08766,14.67562],[121.08776,14.67562]]],[[[121.08738,14.67607],[121.08747,14.67589],[121.08738,14.67589],[121.08738,14.67607]]],[[[121.08757,14.67607],[121.08747,14.67616],[121.08756,14.67616],[121.08757,14.67607]]],[[[121.08766,14.67643],[121.08756,14.67625],[121.08756,14.67643],[121.08766,14.67643]]],[[[121.08765,14.6767],[121.08784,14.67661],[121.08765,14.67652],[121.08765,14.6767]]],[[[121.08793,14.67689],[121.08784,14.6768],[121.08774,14.67689],[121.08793,14.67689]]],[[[121.08802,14.67707],[121.08793,14.67698],[121.08793,14.67707],[121.08802,14.67707]]],[[[121.09442,14.67793],[121.09414,14.67793],[121.09442,14.67811],[121.09442,14.67793]]],[[[121.06235,14.68282],[121.06216,14.68273],[121.06216,14.68282],[121.06235,14.68282]]],[[[121.10227,14.68306],[121.10264,14.68306],[121.10264,14.68288],[121.10227,14.68306]]],[[[121.10337,14.68388],[121.10356,14.68316],[121.1032,14.68289],[121.10301,14.68343],[121.10337,14.68388]]],[[[121.10346,14.68406],[121.10356,14.68415],[121.10356,14.68406],[121.10346,14.68406]]],[[[121.10346,14.68424],[121.10337,14.68415],[121.10337,14.68424],[121.10346,14.68424]]],[[[120.94594,14.68383],[120.94589,14.68379],[120.94589,14.68383],[120.94594,14.68383]]],[[[120.94599,14.68388],[120.9462,14.68394],[120.94599,14.68379],[120.94599,14.68388]]],[[[120.94626,14.68397],[120.94622,14.68401],[120.94626,14.68401],[120.94626,14.68397]]],[[[120.94822,14.68428],[120.94816,14.68426],[120.94818,14.68436],[120.94822,14.68428]]],[[[121.10749,14.69087],[121.1073,14.69096],[121.10749,14.69114],[121.10749,14.69087]]],[[[120.94137,14.69124],[120.94132,14.6912],[120.94132,14.69124],[120.94137,14.69124]]],[[[121.00173,14.69243],[121.00164,14.69234],[121.00164,14.69243],[121.00173,14.69243]]],[[[121.00183,14.69261],[121.00173,14.69252],[121.00173,14.69261],[121.00183,14.69261]]],[[[120.99922,14.69286],[120.99913,14.69277],[120.99913,14.69286],[120.99922,14.69286]]],[[[121.00164,14.69288],[121.00173,14.69297],[121.00173,14.69288],[121.00164,14.69288]]],[[[121.00136,14.69306],[121.00108,14.69296],[121.00108,14.693],[121.00136,14.69306]]],[[[121.00164,14.69306],[121.00154,14.69301],[121.00154,14.69306],[121.00164,14.69306]]],[[[121.00071,14.69314],[121.0008,14.69305],[121.00071,14.69305],[121.00071,14.69314]]],[[[121.00154,14.69315],[121.00145,14.69306],[121.00145,14.69315],[121.00154,14.69315]]],[[[121.00201,14.69315],[121.00191,14.69306],[121.00191,14.69315],[121.00201,14.69315]]],[[[121.00098,14.69323],[121.00089,14.69314],[121.00089,14.69323],[121.00098,14.69323]]],[[[121.00005,14.69341],[120.99996,14.69332],[120.99996,14.69341],[121.00005,14.69341]]],[[[121.00089,14.69341],[121.00089,14.69368],[121.00117,14.69369],[121.00089,14.69341]]],[[[120.99996,14.69377],[121.00005,14.69368],[120.99996,14.69368],[120.99996,14.69377]]],[[[121.00079,14.69377],[121.0007,14.69359],[121.0007,14.69377],[121.00079,14.69377]]],[[[121.00135,14.69387],[121.00126,14.69378],[121.00126,14.69386],[121.00135,14.69387]]],[[[120.93861,14.69348],[120.93856,14.69343],[120.93856,14.69348],[120.93861,14.69348]]],[[[121.00107,14.69432],[121.00135,14.69414],[121.00116,14.69405],[121.00107,14.69432]]],[[[121.10086,14.6957],[121.10067,14.69561],[121.10067,14.6957],[121.10086,14.6957]]],[[[121.10049,14.6957],[121.10058,14.69579],[121.10058,14.6957],[121.10049,14.6957]]],[[[121.10067,14.69588],[121.10039,14.69597],[121.10058,14.69606],[121.10067,14.69588]]],[[[121.1016,14.6958],[121.10188,14.69553],[121.10179,14.69526],[121.10086,14.69552],[121.10076,14.69606],[121.1016,14.6958]]],[[[121.10048,14.69669],[121.10038,14.69678],[121.10048,14.69678],[121.10048,14.69669]]],[[[121.10039,14.69597],[121.10011,14.69642],[121.10075,14.69678],[121.10039,14.69633],[121.10039,14.69597]]],[[[121.10047,14.69696],[121.10057,14.69687],[121.10048,14.69687],[121.10047,14.69696]]],[[[121.10066,14.69696],[121.10057,14.69705],[121.10066,14.69705],[121.10066,14.69696]]],[[[121.10094,14.69715],[121.10075,14.69705],[121.10066,14.69723],[121.10094,14.69715]]],[[[121.10075,14.69751],[121.10066,14.69732],[121.10066,14.69751],[121.10075,14.69751]]],[[[121.09925,14.69876],[121.10018,14.69841],[121.10029,14.69741],[121.09888,14.6983],[121.09925,14.69876]]],[[[121.09925,14.69849],[121.09944,14.69804],[121.09991,14.69804],[121.09972,14.69849],[121.09925,14.69849]]],[[[120.91337,14.69727],[120.91342,14.69723],[120.91337,14.69723],[120.91337,14.69727]]],[[[120.91351,14.69718],[120.91346,14.69733],[120.91353,14.69737],[120.91351,14.69718]]],[[[121.11688,14.70053],[121.11679,14.70044],[121.11678,14.70053],[121.11688,14.70053]]],[[[121.07055,14.70033],[121.07046,14.70024],[121.07046,14.70033],[121.07055,14.70033]]],[[[121.11715,14.70089],[121.11706,14.7008],[121.11706,14.70089],[121.11715,14.70089]]],[[[120.91038,14.69948],[120.9108,14.69903],[120.9108,14.69897],[120.91045,14.69932],[120.91038,14.69948]]],[[[121.09041,14.70104],[121.09245,14.70105],[121.09264,14.70087],[121.09041,14.70104]]],[[[121.11724,14.70162],[121.11715,14.70153],[121.11715,14.70162],[121.11724,14.70162]]],[[[120.91139,14.69834],[120.9104,14.69996],[120.91106,14.69897],[120.91139,14.69834]]],[[[121.09867,14.70165],[121.09811,14.70155],[121.09811,14.70164],[121.09867,14.70165]]],[[[121.09811,14.70155],[121.09812,14.70092],[121.09868,14.70101],[121.09876,14.70156],[121.09942,14.70048],[121.0984,14.70038],[121.09738,14.70082],[121.0971,14.70118],[121.09728,14.70182],[121.09774,14.70182],[121.09756,14.70128],[121.09728,14.70145],[121.09747,14.70091],[121.09811,14.70155]]],[[[121.09886,14.70065],[121.09849,14.70056],[121.09887,14.70056],[121.09886,14.70065]]],[[[120.91031,14.7],[120.90998,14.69991],[120.90949,14.70034],[120.90993,14.70027],[120.91031,14.7]]],[[[120.91146,14.70048],[120.91179,14.70051],[120.91197,14.70023],[120.91146,14.70048]]],[[[120.90923,14.70094],[120.90882,14.70106],[120.90872,14.70136],[120.90923,14.70094]]],[[[120.91046,14.70155],[120.91049,14.70151],[120.91041,14.70155],[120.91046,14.70155]]],[[[120.9104,14.7016],[120.9104,14.70156],[120.91032,14.7016],[120.9104,14.7016]]],[[[120.91043,14.70164],[120.91057,14.70132],[120.91076,14.7015],[120.91139,14.70069],[120.91095,14.70068],[120.90987,14.70176],[120.90943,14.70249],[120.91043,14.70164]]],[[[121.06614,14.70562],[121.06623,14.70544],[121.06605,14.70544],[121.06614,14.70562]]],[[[121.06642,14.70563],[121.06632,14.70572],[121.06642,14.70572],[121.06642,14.70563]]],[[[121.06651,14.70572],[121.06642,14.70581],[121.06651,14.70581],[121.06651,14.70572]]],[[[121.0666,14.70581],[121.06651,14.7059],[121.0666,14.7059],[121.0666,14.70581]]],[[[121.06669,14.7059],[121.0666,14.70599],[121.06669,14.70599],[121.06669,14.7059]]],[[[121.06641,14.70626],[121.06651,14.70617],[121.06641,14.70617],[121.06641,14.70626]]],[[[121.0666,14.70626],[121.0665,14.70635],[121.0666,14.70635],[121.0666,14.70626]]],[[[121.06688,14.70608],[121.06669,14.70653],[121.06678,14.70653],[121.06688,14.70608]]],[[[121.06697,14.70654],[121.06688,14.70644],[121.06687,14.70653],[121.06697,14.70654]]],[[[121.06632,14.70653],[121.06641,14.70662],[121.06641,14.70653],[121.06632,14.70653]]],[[[121.11088,14.70699],[121.11079,14.7069],[121.11079,14.70699],[121.11088,14.70699]]],[[[121.06632,14.70671],[121.06604,14.70662],[121.06604,14.70671],[121.06632,14.70671]]],[[[121.06697,14.70672],[121.06678,14.70662],[121.06678,14.70671],[121.06697,14.70672]]],[[[121.10735,14.70723],[121.10726,14.70678],[121.10633,14.70677],[121.10679,14.70713],[121.10735,14.70723]]],[[[121.11078,14.70726],[121.11069,14.70708],[121.11069,14.70726],[121.11078,14.70726]]],[[[121.11264,14.70736],[121.11255,14.70745],[121.11264,14.70745],[121.11264,14.70736]]],[[[121.1144,14.70747],[121.11431,14.70738],[121.11431,14.70747],[121.1144,14.70747]]],[[[121.11245,14.70763],[121.11218,14.70727],[121.11208,14.70754],[121.11245,14.70763]]],[[[121.11487,14.70765],[121.1145,14.70747],[121.1145,14.70756],[121.11487,14.70765]]],[[[121.11282,14.70764],[121.11255,14.70763],[121.11282,14.70773],[121.11282,14.70764]]],[[[121.06667,14.70825],[121.06658,14.70789],[121.06649,14.70825],[121.06667,14.70825]]],[[[121.10195,14.7089],[121.10186,14.70881],[121.10186,14.7089],[121.10195,14.7089]]],[[[121.1039,14.70901],[121.10325,14.70864],[121.10325,14.70873],[121.1039,14.70901]]],[[[121.10371,14.70964],[121.10362,14.70946],[121.10361,14.70964],[121.10371,14.70964]]],[[[121.1038,14.70982],[121.10371,14.70973],[121.10371,14.70982],[121.1038,14.70982]]],[[[121.11512,14.71009],[121.11503,14.71],[121.11503,14.71009],[121.11512,14.71009]]],[[[121.06768,14.70979],[121.0675,14.7097],[121.0675,14.70979],[121.06768,14.70979]]],[[[121.10389,14.71009],[121.1038,14.71],[121.1038,14.71009],[121.10389,14.71009]]],[[[121.11466,14.71018],[121.11457,14.71009],[121.11457,14.71018],[121.11466,14.71018]]],[[[121.11475,14.71036],[121.11466,14.71027],[121.11466,14.71036],[121.11475,14.71036]]],[[[121.11456,14.71054],[121.11447,14.71045],[121.11447,14.71054],[121.11456,14.71054]]],[[[121.10295,14.71099],[121.10268,14.7109],[121.10267,14.71099],[121.10295,14.71099]]],[[[121.10657,14.71165],[121.10648,14.71156],[121.10648,14.71165],[121.10657,14.71165]]],[[[121.10703,14.71166],[121.10685,14.71156],[121.10685,14.71165],[121.10703,14.71166]]],[[[121.10295,14.71162],[121.10304,14.71171],[121.10304,14.71162],[121.10295,14.71162]]],[[[121.10267,14.71153],[121.10323,14.71135],[121.10267,14.71117],[121.10267,14.71153]]],[[[121.08048,14.71144],[121.08066,14.71153],[121.08067,14.71135],[121.08048,14.71144]]],[[[121.10295,14.7118],[121.10285,14.71171],[121.10285,14.7118],[121.10295,14.7118]]],[[[121.10313,14.71171],[121.10304,14.7118],[121.10313,14.7118],[121.10313,14.71171]]],[[[121.10592,14.71183],[121.10601,14.71192],[121.10601,14.71183],[121.10592,14.71183]]],[[[121.10777,14.71202],[121.10768,14.71193],[121.10768,14.71202],[121.10777,14.71202]]],[[[121.11566,14.712],[121.11594,14.712],[121.11595,14.71164],[121.11566,14.712]]],[[[121.10694,14.71211],[121.10657,14.71201],[121.10656,14.7121],[121.10694,14.71211]]],[[[121.10591,14.71219],[121.10582,14.71192],[121.10573,14.71219],[121.10591,14.71219]]],[[[121.10638,14.71219],[121.10629,14.7121],[121.10629,14.71219],[121.10638,14.71219]]],[[[121.1074,14.7122],[121.10731,14.71211],[121.10731,14.7122],[121.1074,14.7122]]],[[[121.11576,14.71227],[121.11566,14.71218],[121.11566,14.71227],[121.11576,14.71227]]],[[[121.11297,14.71234],[121.11288,14.71215],[121.11288,14.71234],[121.11297,14.71234]]],[[[121.1035,14.71226],[121.10359,14.71235],[121.10359,14.71226],[121.1035,14.71226]]],[[[121.1061,14.71237],[121.10601,14.71228],[121.10601,14.71237],[121.1061,14.71237]]],[[[121.10768,14.71238],[121.10758,14.71229],[121.10758,14.71238],[121.10768,14.71238]]],[[[121.11278,14.71243],[121.11269,14.71224],[121.11269,14.71242],[121.11278,14.71243]]],[[[121.11548,14.71245],[121.11557,14.71218],[121.11548,14.71218],[121.11548,14.71245]]],[[[121.10786,14.71248],[121.10777,14.71229],[121.10777,14.71247],[121.10786,14.71248]]],[[[121.10071,14.71251],[121.10062,14.71242],[121.10062,14.71251],[121.10071,14.71251]]],[[[121.10573,14.71246],[121.10582,14.71255],[121.10582,14.71246],[121.10573,14.71246]]],[[[121.11585,14.71263],[121.11603,14.71254],[121.11585,14.71254],[121.11585,14.71263]]],[[[121.10108,14.7126],[121.10118,14.71251],[121.10108,14.71251],[121.10108,14.7126]]],[[[121.10359,14.71253],[121.10341,14.71235],[121.1034,14.71262],[121.10359,14.71253]]],[[[121.10572,14.71264],[121.10563,14.71255],[121.10563,14.71264],[121.10572,14.71264]]],[[[121.10767,14.71265],[121.10777,14.71257],[121.10767,14.71256],[121.10767,14.71265]]],[[[121.10786,14.71266],[121.10795,14.71257],[121.10786,14.71257],[121.10786,14.71266]]],[[[121.11622,14.71263],[121.11603,14.71272],[121.11622,14.71272],[121.11622,14.71263]]],[[[121.10563,14.71273],[121.10554,14.71264],[121.10554,14.71273],[121.10563,14.71273]]],[[[121.10805,14.71266],[121.10795,14.71275],[121.10804,14.71275],[121.10805,14.71266]]],[[[121.10155,14.7126],[121.10127,14.71278],[121.10155,14.71269],[121.10155,14.7126]]],[[[121.10749,14.71283],[121.10758,14.71265],[121.10749,14.71265],[121.10749,14.71283]]],[[[121.0684,14.7126],[121.06933,14.71225],[121.06933,14.71207],[121.06859,14.71215],[121.0684,14.7126]]],[[[121.10554,14.71291],[121.10544,14.71282],[121.10544,14.71291],[121.10554,14.71291]]],[[[121.10767,14.71284],[121.10758,14.71293],[121.10767,14.71293],[121.10767,14.71284]]],[[[121.1164,14.71282],[121.11594,14.71281],[121.11593,14.71299],[121.1164,14.71282]]],[[[121.1008,14.71296],[121.10071,14.71287],[121.10071,14.71296],[121.1008,14.71296]]],[[[121.10099,14.71287],[121.10089,14.71296],[121.10117,14.71296],[121.10099,14.71287]]],[[[121.10665,14.71283],[121.10674,14.71301],[121.10674,14.71283],[121.10665,14.71283]]],[[[121.10665,14.7131],[121.10656,14.71301],[121.10656,14.7131],[121.10665,14.7131]]],[[[121.10795,14.71311],[121.10786,14.71302],[121.10786,14.71311],[121.10795,14.71311]]],[[[121.10646,14.71319],[121.10637,14.7131],[121.10637,14.71319],[121.10646,14.71319]]],[[[121.10823,14.7132],[121.10832,14.71302],[121.10814,14.71302],[121.10823,14.7132]]],[[[121.10563,14.71327],[121.10553,14.71318],[121.10553,14.71327],[121.10563,14.71327]]],[[[121.10851,14.7132],[121.10841,14.71329],[121.1085,14.71329],[121.10851,14.7132]]],[[[121.10646,14.71337],[121.10665,14.71319],[121.10646,14.71328],[121.10646,14.71337]]],[[[121.07489,14.71311],[121.0748,14.71302],[121.0748,14.71311],[121.07489,14.71311]]],[[[121.10822,14.71338],[121.10832,14.71329],[121.10823,14.71329],[121.10822,14.71338]]],[[[121.1086,14.71329],[121.1085,14.71338],[121.1086,14.71339],[121.1086,14.71329]]],[[[121.10535,14.71345],[121.10525,14.71336],[121.10525,14.71345],[121.10535,14.71345]]],[[[121.10869,14.71339],[121.1086,14.71348],[121.10869,14.71348],[121.10869,14.71339]]],[[[121.11667,14.71354],[121.11677,14.71345],[121.11667,14.71345],[121.11667,14.71354]]],[[[121.07963,14.71333],[121.07917,14.71278],[121.07861,14.71287],[121.07963,14.71333]]],[[[121.10674,14.71337],[121.10665,14.71355],[121.10674,14.71355],[121.10674,14.71337]]],[[[121.11686,14.71354],[121.11677,14.71363],[121.11686,14.71363],[121.11686,14.71354]]],[[[121.10553,14.71372],[121.10544,14.71336],[121.10544,14.71372],[121.10553,14.71372]]],[[[121.10609,14.71373],[121.1059,14.71354],[121.1059,14.71363],[121.10609,14.71373]]],[[[121.10702,14.71364],[121.10683,14.71373],[121.10701,14.71382],[121.10702,14.71364]]],[[[121.10711,14.71382],[121.10701,14.71391],[121.10711,14.71392],[121.10711,14.71382]]],[[[121.11593,14.7139],[121.11658,14.7139],[121.11649,14.71363],[121.11593,14.7139]]],[[[121.07183,14.71371],[121.07136,14.71344],[121.07118,14.71362],[121.07183,14.71371]]],[[[121.10543,14.71399],[121.10553,14.7139],[121.10543,14.7139],[121.10543,14.71399]]],[[[121.10729,14.71401],[121.1072,14.71392],[121.1072,14.71401],[121.10729,14.71401]]],[[[121.1163,14.71399],[121.1162,14.71408],[121.1163,14.71408],[121.1163,14.71399]]],[[[121.10534,14.71417],[121.10543,14.71408],[121.10534,14.71408],[121.10534,14.71417]]],[[[121.10757,14.71419],[121.10748,14.7141],[121.10748,14.71419],[121.10757,14.71419]]],[[[121.09921,14.71421],[121.0994,14.7143],[121.09949,14.71403],[121.09921,14.71421]]],[[[121.10562,14.71399],[121.10543,14.71426],[121.10562,14.71435],[121.10562,14.71399]]],[[[121.0993,14.71448],[121.09902,14.71439],[121.09902,14.71448],[121.0993,14.71448]]],[[[121.10617,14.71454],[121.10627,14.71445],[121.10617,14.71445],[121.10617,14.71454]]],[[[121.11695,14.71345],[121.11704,14.71409],[121.11796,14.71473],[121.11787,14.71418],[121.11723,14.714],[121.11742,14.71346],[121.11695,14.71345]]],[[[121.10153,14.71468],[121.10144,14.71459],[121.10144,14.71468],[121.10153,14.71468]]],[[[121.10654,14.71481],[121.10645,14.71472],[121.10645,14.71481],[121.10654,14.71481]]],[[[121.10496,14.71498],[121.10487,14.71489],[121.10487,14.71498],[121.10496,14.71498]]],[[[121.10728,14.715],[121.10719,14.71491],[121.10719,14.715],[121.10728,14.715]]],[[[121.1058,14.71508],[121.1057,14.7149],[121.10552,14.71508],[121.1058,14.71508]]],[[[121.10784,14.7151],[121.10775,14.715],[121.10775,14.7151],[121.10784,14.7151]]],[[[121.10812,14.7151],[121.10803,14.71492],[121.10802,14.7151],[121.10812,14.7151]]],[[[121.10468,14.71507],[121.10487,14.71516],[121.10487,14.71507],[121.10468,14.71507]]],[[[121.10598,14.71517],[121.10589,14.71508],[121.10589,14.71517],[121.10598,14.71517]]],[[[121.10468,14.71525],[121.1045,14.71516],[121.10449,14.71525],[121.10468,14.71525]]],[[[121.10579,14.71526],[121.10561,14.71517],[121.10561,14.71526],[121.10579,14.71526]]],[[[121.10115,14.71531],[121.10106,14.71522],[121.10106,14.71531],[121.10115,14.71531]]],[[[121.1044,14.71534],[121.10431,14.71525],[121.10431,14.71534],[121.1044,14.71534]]],[[[121.10589,14.71526],[121.10598,14.71535],[121.10598,14.71526],[121.10589,14.71526]]],[[[121.11434,14.71542],[121.11424,14.71524],[121.11424,14.71542],[121.11434,14.71542]]],[[[121.10589,14.71544],[121.10579,14.71535],[121.10579,14.71544],[121.10589,14.71544]]],[[[121.10579,14.71553],[121.1057,14.71544],[121.1057,14.71553],[121.10579,14.71553]]],[[[121.10616,14.71553],[121.10607,14.71544],[121.10607,14.71553],[121.10616,14.71553]]],[[[121.06949,14.71532],[121.0694,14.71523],[121.0694,14.71532],[121.06949,14.71532]]],[[[121.10468,14.71552],[121.10486,14.71561],[121.10486,14.71552],[121.10468,14.71552]]],[[[121.10561,14.71562],[121.10551,14.71571],[121.10561,14.71571],[121.10561,14.71562]]],[[[121.1043,14.71579],[121.1044,14.71588],[121.1044,14.71579],[121.1043,14.71579]]],[[[121.10514,14.7158],[121.10505,14.71589],[121.10514,14.71589],[121.10514,14.7158]]],[[[121.1043,14.71597],[121.10421,14.71588],[121.10421,14.71597],[121.1043,14.71597]]],[[[121.10495,14.71598],[121.10486,14.7157],[121.10486,14.71598],[121.10495,14.71598]]],[[[121.10542,14.71589],[121.10542,14.71535],[121.10523,14.71598],[121.10542,14.71589]]],[[[121.11693,14.71607],[121.11721,14.7159],[121.11693,14.71598],[121.11693,14.71607]]],[[[121.10458,14.71643],[121.10449,14.71633],[121.10448,14.71642],[121.10458,14.71643]]],[[[121.10523,14.71598],[121.10477,14.71607],[121.10476,14.71634],[121.10513,14.71643],[121.10523,14.71598]]],[[[121.10384,14.71633],[121.10393,14.71651],[121.10393,14.71633],[121.10384,14.71633]]],[[[121.10383,14.7166],[121.10374,14.71651],[121.10374,14.7166],[121.10383,14.7166]]],[[[121.10476,14.71643],[121.10485,14.71661],[121.10486,14.71643],[121.10476,14.71643]]],[[[121.10476,14.7167],[121.10467,14.71661],[121.10467,14.7167],[121.10476,14.7167]]],[[[121.10597,14.71671],[121.10588,14.71662],[121.10588,14.71671],[121.10597,14.71671]]],[[[121.11739,14.7168],[121.1173,14.71671],[121.11729,14.7168],[121.11739,14.7168]]],[[[121.11757,14.7168],[121.11804,14.71644],[121.11758,14.71644],[121.11757,14.7168]]],[[[121.10467,14.71679],[121.10458,14.7167],[121.10457,14.71679],[121.10467,14.71679]]],[[[121.10847,14.71682],[121.10838,14.71673],[121.10838,14.71682],[121.10847,14.71682]]],[[[121.10365,14.71687],[121.10355,14.71678],[121.10355,14.71687],[121.10365,14.71687]]],[[[121.10457,14.71688],[121.10448,14.71679],[121.10448,14.71688],[121.10457,14.71688]]],[[[121.10448,14.71706],[121.10439,14.71688],[121.10439,14.71706],[121.10448,14.71706]]],[[[121.10401,14.71714],[121.10392,14.71705],[121.10392,14.71714],[121.10401,14.71714]]],[[[121.10439,14.71715],[121.10429,14.71706],[121.10429,14.71715],[121.10439,14.71715]]],[[[121.10336,14.71723],[121.10327,14.71714],[121.10327,14.71723],[121.10336,14.71723]]],[[[121.10513,14.71724],[121.10504,14.71706],[121.10503,14.71724],[121.10513,14.71724]]],[[[121.11525,14.71733],[121.11544,14.71706],[121.11572,14.71697],[121.11525,14.71696],[121.11525,14.71733]]],[[[121.10429,14.71733],[121.1042,14.71724],[121.1042,14.71733],[121.10429,14.71733]]],[[[121.11376,14.7174],[121.11451,14.71723],[121.11376,14.71731],[121.11376,14.7174]]],[[[121.10615,14.71743],[121.10606,14.71734],[121.10605,14.71743],[121.10615,14.71743]]],[[[121.1041,14.71742],[121.10401,14.71732],[121.10401,14.71741],[121.1041,14.71742]]],[[[121.10318,14.7175],[121.10308,14.71741],[121.10308,14.7175],[121.10318,14.7175]]],[[[121.10383,14.71732],[121.10392,14.71759],[121.10392,14.71732],[121.10383,14.71732]]],[[[121.10494,14.71733],[121.10503,14.7176],[121.10503,14.71733],[121.10494,14.71733]]],[[[121.10299,14.71777],[121.1029,14.71768],[121.10289,14.71777],[121.10299,14.71777]]],[[[121.1041,14.71778],[121.10429,14.7176],[121.1041,14.71751],[121.1041,14.71778]]],[[[121.10289,14.71795],[121.1028,14.71786],[121.1028,14.71795],[121.10289,14.71795]]],[[[121.10345,14.71795],[121.10327,14.71777],[121.10327,14.71786],[121.10345,14.71795]]],[[[121.1132,14.71803],[121.11311,14.71794],[121.11311,14.71803],[121.1132,14.71803]]],[[[121.10308,14.71795],[121.10326,14.71804],[121.10326,14.71795],[121.10308,14.71795]]],[[[121.11292,14.71812],[121.11413,14.71795],[121.11413,14.71759],[121.11311,14.71767],[121.11292,14.71812]]],[[[121.10308,14.71813],[121.10299,14.71804],[121.10298,14.71813],[121.10308,14.71813]]],[[[121.11338,14.71812],[121.11357,14.71822],[121.11357,14.71813],[121.11338,14.71812]]],[[[121.10466,14.71814],[121.10475,14.71823],[121.10475,14.71814],[121.10466,14.71814]]],[[[121.10289,14.71831],[121.10271,14.71804],[121.1027,14.71831],[121.10289,14.71831]]],[[[121.10391,14.71823],[121.10382,14.71832],[121.10391,14.71832],[121.10391,14.71823]]],[[[121.10465,14.71832],[121.10428,14.71823],[121.10428,14.71832],[121.10465,14.71832]]],[[[121.10494,14.7176],[121.10466,14.71805],[121.10494,14.71787],[121.10503,14.71833],[121.10494,14.7176]]],[[[121.11347,14.7184],[121.11329,14.71821],[121.11329,14.71839],[121.11347,14.7184]]],[[[121.10484,14.71842],[121.10493,14.71851],[121.10493,14.71842],[121.10484,14.71842]]],[[[121.10345,14.71813],[121.10335,14.71849],[121.10372,14.71841],[121.10382,14.71759],[121.10345,14.71813]]],[[[121.10373,14.71795],[121.10364,14.71786],[121.10373,14.71786],[121.10373,14.71795]]],[[[121.10363,14.7185],[121.10354,14.7184],[121.10354,14.7185],[121.10363,14.7185]]],[[[121.10465,14.7185],[121.10447,14.71841],[121.10447,14.7185],[121.10465,14.7185]]],[[[121.10484,14.7186],[121.10475,14.7185],[121.10474,14.7186],[121.10484,14.7186]]],[[[121.10391,14.71868],[121.10382,14.71859],[121.10382,14.71868],[121.10391,14.71868]]],[[[121.11403,14.71876],[121.11431,14.71831],[121.11403,14.71813],[121.11403,14.71876]]],[[[121.117,14.71824],[121.11682,14.71851],[121.11681,14.71887],[121.117,14.7186],[121.117,14.71824]]],[[[121.10298,14.71885],[121.10289,14.71876],[121.10289,14.71885],[121.10298,14.71885]]],[[[121.10344,14.71886],[121.10335,14.71876],[121.10335,14.71885],[121.10344,14.71886]]],[[[121.10456,14.71877],[121.10465,14.71887],[121.10465,14.71878],[121.10456,14.71877]]],[[[121.11208,14.71893],[121.11245,14.71848],[121.11236,14.71802],[121.11199,14.71829],[121.11208,14.71893]]],[[[121.11431,14.71885],[121.11421,14.71894],[121.11431,14.71894],[121.11431,14.71885]]],[[[121.117,14.71824],[121.11738,14.71761],[121.11755,14.71897],[121.11757,14.71698],[121.117,14.71824]]],[[[121.10372,14.71895],[121.10363,14.71886],[121.10363,14.71895],[121.10372,14.71895]]],[[[121.10456,14.71896],[121.10446,14.71886],[121.10446,14.71895],[121.10456,14.71896]]],[[[121.10326,14.71903],[121.10316,14.71894],[121.10316,14.71903],[121.10326,14.71903]]],[[[121.10437,14.71922],[121.10409,14.71904],[121.10409,14.71913],[121.10437,14.71922]]],[[[121.1144,14.71931],[121.1143,14.71922],[121.1143,14.71931],[121.1144,14.71931]]],[[[121.1039,14.71931],[121.10381,14.71922],[121.10381,14.71931],[121.1039,14.71931]]],[[[121.11848,14.71943],[121.11867,14.7188],[121.1183,14.71862],[121.11811,14.71934],[121.11848,14.71943]]],[[[121.11123,14.71982],[121.11144,14.71793],[121.11107,14.71693],[121.11078,14.7191],[121.11123,14.71982]]],[[[121.11096,14.71883],[121.11097,14.7181],[121.11116,14.71792],[121.11134,14.71856],[121.11096,14.71883]]],[[[121.11365,14.71984],[121.11346,14.71966],[121.11346,14.71975],[121.11365,14.71984]]],[[[121.11504,14.71949],[121.11532,14.71995],[121.11523,14.7194],[121.11504,14.71949]]],[[[121.11903,14.72016],[121.11838,14.7197],[121.11792,14.71997],[121.11903,14.72016]]],[[[121.10473,14.72013],[121.10455,14.72004],[121.10455,14.72013],[121.10473,14.72013]]],[[[121.11355,14.72047],[121.11346,14.72038],[121.11346,14.72047],[121.11355,14.72047]]],[[[121.11633,14.7205],[121.11624,14.72032],[121.11624,14.7205],[121.11633,14.7205]]],[[[121.11411,14.72057],[121.11411,14.7203],[121.11401,14.72057],[121.11411,14.72057]]],[[[121.11624,14.72059],[121.11615,14.7205],[121.11615,14.72059],[121.11624,14.72059]]],[[[121.11847,14.7207],[121.11931,14.72043],[121.11838,14.72051],[121.11847,14.7207]]],[[[121.11439,14.72039],[121.11429,14.72066],[121.11438,14.72066],[121.11439,14.72039]]],[[[121.11615,14.72077],[121.11605,14.72068],[121.11605,14.72077],[121.11615,14.72077]]],[[[121.1142,14.72075],[121.11429,14.72093],[121.11429,14.72075],[121.1142,14.72075]]],[[[121.11512,14.72094],[121.11522,14.72103],[121.11522,14.72094],[121.11512,14.72094]]],[[[121.11605,14.72104],[121.11596,14.72095],[121.11596,14.72104],[121.11605,14.72104]]],[[[121.118,14.72105],[121.11809,14.72096],[121.118,14.72096],[121.118,14.72105]]],[[[121.11856,14.72106],[121.11847,14.72088],[121.11837,14.72106],[121.11856,14.72106]]],[[[121.11893,14.72097],[121.11874,14.72106],[121.11893,14.72106],[121.11893,14.72097]]],[[[121.11717,14.72023],[121.11746,14.71897],[121.11681,14.7196],[121.11672,14.71887],[121.11634,14.72032],[121.11698,14.72114],[121.11755,14.72006],[121.11717,14.72023]]],[[[121.11243,14.72119],[121.11262,14.72074],[121.11253,14.7201],[121.11206,14.72073],[121.11206,14.721],[121.11243,14.72119]]],[[[121.11698,14.72123],[121.11679,14.72113],[121.11679,14.72122],[121.11698,14.72123]]],[[[121.11772,14.72123],[121.11791,14.72087],[121.11782,14.72087],[121.11772,14.72123]]],[[[121.11846,14.72124],[121.11809,14.72105],[121.11809,14.72114],[121.11846,14.72124]]],[[[121.11865,14.72124],[121.11855,14.72151],[121.11865,14.72151],[121.11865,14.72124]]],[[[121.11364,14.72111],[121.11401,14.72066],[121.1129,14.72074],[121.11299,14.72119],[121.11252,14.72137],[121.11364,14.72111]]],[[[121.11419,14.72111],[121.11392,14.72111],[121.11391,14.72147],[121.11419,14.72111]]],[[[121.11921,14.72106],[121.11911,14.72151],[121.1192,14.72151],[121.11921,14.72106]]],[[[121.00872,14.72068],[121.009,14.72059],[121.00872,14.72059],[121.00872,14.72068]]],[[[121.09887,14.72144],[121.09896,14.72135],[121.09887,14.72135],[121.09887,14.72144]]],[[[121.1102,14.72153],[121.11094,14.72136],[121.11094,14.72127],[121.11029,14.72117],[121.1102,14.72153]]],[[[121.09915,14.72144],[121.09896,14.72153],[121.09915,14.72153],[121.09915,14.72144]]],[[[121.11595,14.72167],[121.11586,14.72131],[121.11586,14.72167],[121.11595,14.72167]]],[[[121.11744,14.72168],[121.11753,14.7215],[121.11744,14.7215],[121.11744,14.72168]]],[[[121.11911,14.72169],[121.11902,14.72151],[121.11902,14.72169],[121.11911,14.72169]]],[[[121.09924,14.72153],[121.09915,14.72162],[121.09924,14.72162],[121.09924,14.72153]]],[[[121.11642,14.72122],[121.11651,14.72185],[121.11651,14.72122],[121.11642,14.72122]]],[[[121.11781,14.72168],[121.11771,14.72195],[121.1179,14.72196],[121.11781,14.72168]]],[[[120.97034,14.72078],[120.97029,14.72035],[120.97025,14.72046],[120.97034,14.72078]]],[[[121.11641,14.72203],[121.11632,14.72185],[121.11632,14.72203],[121.11641,14.72203]]],[[[121.11512,14.72103],[121.11493,14.72148],[121.11493,14.72211],[121.11521,14.72193],[121.11512,14.72103]]],[[[121.11577,14.72185],[121.11586,14.72212],[121.11586,14.72185],[121.11577,14.72185]]],[[[121.11632,14.72221],[121.11623,14.72203],[121.11623,14.72221],[121.11632,14.72221]]],[[[121.11344,14.72228],[121.11335,14.7221],[121.11335,14.72228],[121.11344,14.72228]]],[[[121.11623,14.72239],[121.11613,14.72221],[121.11613,14.72239],[121.11623,14.72239]]],[[[121.10843,14.72242],[121.10899,14.72206],[121.10862,14.72152],[121.10797,14.72178],[121.10843,14.72242]]],[[[121.11613,14.72248],[121.11604,14.72239],[121.11604,14.72248],[121.11613,14.72248]]],[[[121.11344,14.72255],[121.11353,14.72246],[121.11344,14.72246],[121.11344,14.72255]]],[[[121.11604,14.72257],[121.11595,14.72248],[121.11595,14.72257],[121.11604,14.72257]]],[[[121.11594,14.72266],[121.11585,14.72257],[121.11585,14.72266],[121.11594,14.72266]]],[[[120.97016,14.72156],[120.97036,14.72116],[120.97035,14.72079],[120.97019,14.72114],[120.97016,14.72156]]],[[[121.11391,14.72156],[121.11362,14.72282],[121.11409,14.72256],[121.1139,14.72292],[121.11427,14.72265],[121.11391,14.72156]]],[[[121.10638,14.72295],[121.10619,14.72285],[121.10619,14.72294],[121.10638,14.72295]]],[[[121.11353,14.723],[121.11344,14.72282],[121.11343,14.723],[121.11353,14.723]]],[[[121.11343,14.72309],[121.11334,14.723],[121.11334,14.72309],[121.11343,14.72309]]],[[[121.11418,14.72319],[121.11446,14.72301],[121.11418,14.7231],[121.11418,14.72319]]],[[[121.10257,14.72319],[121.10248,14.723],[121.10248,14.72319],[121.10257,14.72319]]],[[[121.11362,14.72328],[121.11371,14.72292],[121.11343,14.72328],[121.11362,14.72328]]],[[[120.97053,14.72203],[120.97034,14.72208],[120.97053,14.72211],[120.97053,14.72203]]],[[[120.97062,14.72215],[120.97067,14.7221],[120.97062,14.7221],[120.97062,14.72215]]],[[[121.11455,14.72319],[121.11445,14.72337],[121.11455,14.72337],[121.11455,14.72319]]],[[[121.11343,14.72337],[121.11325,14.72309],[121.11315,14.72345],[121.11343,14.72337]]],[[[121.11956,14.72351],[121.11937,14.72341],[121.11937,14.7235],[121.11956,14.72351]]],[[[121.1022,14.72345],[121.10248,14.72328],[121.1022,14.72336],[121.1022,14.72345]]],[[[121.11965,14.7236],[121.11974,14.72351],[121.11965,14.72351],[121.11965,14.7236]]],[[[121.1138,14.72346],[121.11389,14.72355],[121.1139,14.72346],[121.1138,14.72346]]],[[[121.11902,14.72169],[121.11846,14.7216],[121.11808,14.72214],[121.11909,14.72359],[121.11902,14.72169]]],[[[121.11864,14.72196],[121.11892,14.72233],[121.11846,14.72223],[121.11864,14.72196]]],[[[120.97054,14.72202],[120.97127,14.72224],[120.97077,14.72202],[120.97054,14.72202]]],[[[120.97141,14.72236],[120.97136,14.7224],[120.97141,14.7224],[120.97141,14.72236]]],[[[121.11919,14.72359],[121.11909,14.72368],[121.11919,14.72368],[121.11919,14.72359]]],[[[121.11993,14.7236],[121.11974,14.72369],[121.11993,14.72369],[121.11993,14.7236]]],[[[120.97145,14.7224],[120.97141,14.72247],[120.97146,14.72248],[120.97145,14.7224]]],[[[121.1151,14.72374],[121.11576,14.72212],[121.11548,14.72257],[121.11521,14.7223],[121.1151,14.72347],[121.11483,14.72229],[121.1151,14.72374]]],[[[121.11928,14.72377],[121.11937,14.72368],[121.11928,14.72368],[121.11928,14.72377]]],[[[121.11426,14.72382],[121.11436,14.72373],[121.11426,14.72373],[121.11426,14.72382]]],[[[121.11946,14.72378],[121.11937,14.72387],[121.11946,14.72387],[121.11946,14.72378]]],[[[120.97159,14.72258],[120.97154,14.72263],[120.97159,14.72263],[120.97159,14.72258]]],[[[120.97165,14.72266],[120.97159,14.7227],[120.97165,14.72271],[120.97165,14.72266]]],[[[121.07332,14.72349],[121.07341,14.72358],[121.07341,14.72349],[121.07332,14.72349]]],[[[121.07332,14.72367],[121.07322,14.72358],[121.07322,14.72367],[121.07332,14.72367]]],[[[121.11464,14.72356],[121.11435,14.72401],[121.11463,14.72401],[121.11464,14.72356]]],[[[121.11965,14.72396],[121.11937,14.72405],[121.11965,14.72405],[121.11965,14.72396]]],[[[120.97168,14.72286],[120.97173,14.72281],[120.97168,14.72281],[120.97168,14.72286]]],[[[121.11937,14.72414],[121.11928,14.72405],[121.11927,14.72414],[121.11937,14.72414]]],[[[121.11993,14.72369],[121.12011,14.72414],[121.1202,14.72414],[121.1203,14.72378],[121.11993,14.72369]]],[[[120.97177,14.72286],[120.97173,14.7229],[120.97177,14.7229],[120.97177,14.72286]]],[[[121.11927,14.72423],[121.11909,14.72413],[121.11909,14.72422],[121.11927,14.72423]]],[[[121.12085,14.72424],[121.12076,14.72415],[121.12076,14.72424],[121.12085,14.72424]]],[[[121.11909,14.72432],[121.1189,14.72422],[121.1189,14.72431],[121.11909,14.72432]]],[[[121.12002,14.72432],[121.11992,14.72423],[121.11992,14.72432],[121.12002,14.72432]]],[[[121.12076,14.72433],[121.12067,14.72424],[121.12067,14.72433],[121.12076,14.72433]]],[[[120.97182,14.72308],[120.97201,14.72299],[120.97177,14.72302],[120.97177,14.72297],[120.97173,14.72297],[120.97173,14.72293],[120.97168,14.72293],[120.97182,14.72308]]],[[[120.9721,14.72311],[120.97228,14.72307],[120.97211,14.72303],[120.9721,14.72311]]],[[[121.11427,14.72346],[121.11371,14.72355],[121.11352,14.72436],[121.11427,14.72346]]],[[[121.11862,14.72431],[121.11881,14.7244],[121.11881,14.72431],[121.11862,14.72431]]],[[[121.12085,14.72415],[121.12094,14.72451],[121.12187,14.72443],[121.1216,14.72397],[121.12085,14.72415]]],[[[121.12744,14.72465],[121.12716,14.72456],[121.12716,14.72465],[121.12744,14.72465]]],[[[121.11955,14.72468],[121.11946,14.72459],[121.11946,14.72468],[121.11955,14.72468]]],[[[121.12094,14.72469],[121.12085,14.72451],[121.12085,14.72469],[121.12094,14.72469]]],[[[121.12633,14.72474],[121.12698,14.72483],[121.12698,14.72465],[121.12633,14.72474]]],[[[121.1189,14.72468],[121.11834,14.7244],[121.11816,14.72467],[121.1189,14.72468]]],[[[121.12633,14.72492],[121.12595,14.72482],[121.12595,14.72491],[121.12633,14.72492]]],[[[121.11862,14.72485],[121.11843,14.72494],[121.11862,14.72494],[121.11862,14.72485]]],[[[121.1188,14.72486],[121.11936,14.72468],[121.11881,14.72476],[121.1188,14.72486]]],[[[121.11955,14.72495],[121.11945,14.72486],[121.11945,14.72495],[121.11955,14.72495]]],[[[121.11992,14.72495],[121.12029,14.72478],[121.11983,14.72459],[121.11992,14.72495]]],[[[121.12057,14.72496],[121.12048,14.72487],[121.12047,14.72496],[121.12057,14.72496]]],[[[121.10395,14.72482],[121.10506,14.72492],[121.10506,14.72474],[121.10432,14.72465],[121.10395,14.72482]]],[[[121.12038,14.72505],[121.12029,14.72496],[121.12029,14.72505],[121.12038,14.72505]]],[[[121.12085,14.72505],[121.12076,14.72469],[121.12075,14.72505],[121.12085,14.72505]]],[[[121.1189,14.72495],[121.1188,14.72513],[121.11899,14.72513],[121.1189,14.72495]]],[[[121.11936,14.72513],[121.11927,14.72504],[121.11927,14.72513],[121.11936,14.72513]]],[[[121.10395,14.72482],[121.10321,14.72482],[121.1021,14.724],[121.10311,14.72509],[121.10395,14.72482]]],[[[121.12066,14.72514],[121.12075,14.72523],[121.12075,14.72514],[121.12066,14.72514]]],[[[121.10339,14.72509],[121.10329,14.72518],[121.10339,14.72518],[121.10339,14.72509]]],[[[121.1201,14.72532],[121.11992,14.72504],[121.11964,14.72495],[121.11973,14.72522],[121.1201,14.72532]]],[[[121.12066,14.72532],[121.12057,14.72523],[121.12056,14.72532],[121.12066,14.72532]]],[[[121.12056,14.72541],[121.1201,14.72532],[121.1201,14.72541],[121.12056,14.72541]]],[[[121.1227,14.72543],[121.12261,14.72534],[121.12261,14.72543],[121.1227,14.72543]]],[[[121.12298,14.72543],[121.12307,14.72534],[121.12298,14.72534],[121.12298,14.72543]]],[[[121.12558,14.72536],[121.12567,14.72545],[121.12567,14.72536],[121.12558,14.72536]]],[[[121.12558,14.72554],[121.12548,14.72545],[121.12548,14.72554],[121.12558,14.72554]]],[[[121.12548,14.72563],[121.12539,14.72554],[121.12539,14.72563],[121.12548,14.72563]]],[[[121.072,14.72519],[121.0721,14.72501],[121.072,14.72501],[121.072,14.72519]]],[[[121.10515,14.72538],[121.10524,14.72547],[121.10524,14.72538],[121.10515,14.72538]]],[[[121.10413,14.72555],[121.10422,14.72546],[121.10413,14.72546],[121.10413,14.72555]]],[[[121.10515,14.72556],[121.10506,14.72547],[121.10506,14.72556],[121.10515,14.72556]]],[[[121.1226,14.7257],[121.12251,14.72561],[121.12251,14.7257],[121.1226,14.7257]]],[[[121.12316,14.72561],[121.12298,14.72552],[121.12298,14.7257],[121.12316,14.72561]]],[[[121.12585,14.72564],[121.12595,14.72573],[121.12595,14.72564],[121.12585,14.72564]]],[[[121.07182,14.72501],[121.07173,14.72483],[121.07172,14.72537],[121.07182,14.72501]]],[[[121.12585,14.72582],[121.12576,14.72572],[121.12576,14.72582],[121.12585,14.72582]]],[[[121.12613,14.72573],[121.12595,14.72582],[121.12613,14.72582],[121.12613,14.72573]]],[[[121.10394,14.72573],[121.10385,14.72564],[121.10385,14.72573],[121.10394,14.72573]]],[[[121.10487,14.72574],[121.10468,14.72555],[121.10468,14.72573],[121.10487,14.72574]]],[[[121.12595,14.72591],[121.12585,14.72582],[121.12585,14.72591],[121.12595,14.72591]]],[[[121.1239,14.72598],[121.12372,14.72589],[121.12372,14.72598],[121.1239,14.72598]]],[[[121.12604,14.72591],[121.12594,14.726],[121.12604,14.726],[121.12604,14.72591]]],[[[121.12362,14.72607],[121.12353,14.72598],[121.12353,14.72607],[121.12362,14.72607]]],[[[121.1252,14.72599],[121.12529,14.72608],[121.12529,14.72599],[121.1252,14.72599]]],[[[121.0721,14.72519],[121.07181,14.72555],[121.07228,14.72574],[121.07237,14.72556],[121.0721,14.72519]]],[[[121.12093,14.72614],[121.1214,14.72518],[121.12131,14.72479],[121.12103,14.72487],[121.12093,14.72614]]],[[[121.1252,14.72617],[121.12511,14.72608],[121.12511,14.72617],[121.1252,14.72617]]],[[[121.12594,14.72618],[121.12585,14.72609],[121.12585,14.72618],[121.12594,14.72618]]],[[[121.10366,14.72582],[121.10384,14.72609],[121.10385,14.72582],[121.10366,14.72582]]],[[[121.12102,14.72614],[121.12093,14.72623],[121.12102,14.72623],[121.12102,14.72614]]],[[[121.12372,14.72607],[121.12381,14.72625],[121.1239,14.72607],[121.12372,14.72607]]],[[[121.12409,14.72625],[121.12399,14.72616],[121.12399,14.72625],[121.12409,14.72625]]],[[[121.12511,14.72626],[121.12501,14.72617],[121.12501,14.72626],[121.12511,14.72626]]],[[[121.12539,14.72608],[121.12557,14.72627],[121.12567,14.72609],[121.12539,14.72608]]],[[[121.12111,14.72623],[121.12102,14.72632],[121.12111,14.72632],[121.12111,14.72623]]],[[[121.12501,14.72635],[121.12492,14.72626],[121.12492,14.72635],[121.12501,14.72635]]],[[[121.12548,14.72636],[121.12539,14.72626],[121.12538,14.72635],[121.12548,14.72636]]],[[[121.10375,14.72627],[121.10357,14.72609],[121.10356,14.72618],[121.10375,14.72627]]],[[[121.12343,14.72643],[121.12334,14.72625],[121.12334,14.72643],[121.12343,14.72643]]],[[[121.12362,14.72643],[121.12353,14.72625],[121.12353,14.72643],[121.12362,14.72643]]],[[[121.1239,14.72643],[121.12381,14.72634],[121.12381,14.72643],[121.1239,14.72643]]],[[[121.12436,14.72644],[121.12418,14.72616],[121.12408,14.72643],[121.12436,14.72644]]],[[[121.12473,14.72635],[121.12483,14.72644],[121.12483,14.72635],[121.12473,14.72635]]],[[[121.1251,14.72644],[121.12501,14.72635],[121.12501,14.72644],[121.1251,14.72644]]],[[[121.1264,14.72645],[121.12631,14.72636],[121.12631,14.72645],[121.1264,14.72645]]],[[[121.10366,14.72636],[121.10356,14.72627],[121.10356,14.72636],[121.10366,14.72636]]],[[[121.1213,14.7265],[121.12121,14.72632],[121.1212,14.7265],[121.1213,14.7265]]],[[[121.1226,14.72651],[121.12251,14.72633],[121.1225,14.72651],[121.1226,14.72651]]],[[[121.12473,14.72653],[121.12455,14.72644],[121.12455,14.72653],[121.12473,14.72653]]],[[[121.12603,14.72654],[121.12594,14.72636],[121.12594,14.72654],[121.12603,14.72654]]],[[[121.10356,14.72645],[121.10347,14.72636],[121.10347,14.72645],[121.10356,14.72645]]],[[[121.10384,14.72636],[121.10366,14.72645],[121.10384,14.72645],[121.10384,14.72636]]],[[[121.12102,14.72659],[121.12065,14.7265],[121.12065,14.72658],[121.12102,14.72659]]],[[[121.1238,14.72661],[121.12371,14.72652],[121.12371,14.72661],[121.1238,14.72661]]],[[[121.12529,14.72662],[121.12511,14.72626],[121.1252,14.72662],[121.12529,14.72662]]],[[[121.12659,14.72662],[121.1264,14.72654],[121.1264,14.72663],[121.12659,14.72662]]],[[[121.10393,14.72645],[121.10384,14.72654],[121.10393,14.72654],[121.10393,14.72645]]],[[[121.12362,14.7267],[121.12352,14.72661],[121.12352,14.7267],[121.12362,14.7267]]],[[[121.1252,14.72671],[121.12501,14.72662],[121.12501,14.72671],[121.1252,14.72671]]],[[[121.12733,14.72673],[121.12715,14.72664],[121.12715,14.72673],[121.12733,14.72673]]],[[[121.10403,14.72654],[121.10393,14.72663],[121.10403,14.72663],[121.10403,14.72654]]],[[[121.12752,14.72682],[121.12742,14.72673],[121.12742,14.72682],[121.12752,14.72682]]],[[[121.12009,14.72676],[121.12011,14.72685],[121.12016,14.72676],[121.12009,14.72676]]],[[[121.12501,14.72689],[121.12492,14.7268],[121.12492,14.72689],[121.12501,14.72689]]],[[[121.12761,14.72691],[121.1277,14.72683],[121.12761,14.72682],[121.12761,14.72691]]],[[[121.12454,14.72689],[121.12473,14.72698],[121.12473,14.7268],[121.12454,14.72689]]],[[[121.12789,14.72692],[121.1277,14.72701],[121.12789,14.72701],[121.12789,14.72692]]],[[[121.12454,14.72707],[121.12445,14.72698],[121.12445,14.72707],[121.12454,14.72707]]],[[[121.12807,14.7271],[121.12798,14.72701],[121.12798,14.7271],[121.12807,14.7271]]],[[[121.12009,14.72692],[121.11999,14.72685],[121.11999,14.72709],[121.12009,14.72692]]],[[[121.0862,14.72685],[121.08629,14.72694],[121.08629,14.72685],[121.0862,14.72685]]],[[[121.08638,14.72685],[121.08647,14.72694],[121.08647,14.72685],[121.08638,14.72685]]],[[[121.08675,14.72694],[121.08657,14.72685],[121.08657,14.72694],[121.08675,14.72694]]],[[[121.10384,14.72708],[121.10374,14.72699],[121.10374,14.72708],[121.10384,14.72708]]],[[[121.10402,14.72672],[121.10411,14.72709],[121.10412,14.72672],[121.10402,14.72672]]],[[[121.12816,14.72728],[121.12807,14.72719],[121.12807,14.72728],[121.12816,14.72728]]],[[[121.08638,14.72703],[121.08629,14.72694],[121.08629,14.72703],[121.08638,14.72703]]],[[[121.08694,14.72694],[121.08684,14.72703],[121.08721,14.72704],[121.08694,14.72694]]],[[[121.10356,14.72717],[121.10365,14.72699],[121.10356,14.72699],[121.10356,14.72717]]],[[[121.10402,14.72717],[121.10393,14.72708],[121.10393,14.72717],[121.10402,14.72717]]],[[[121.12835,14.72737],[121.12826,14.72719],[121.12825,14.72737],[121.12835,14.72737]]],[[[121.08619,14.72712],[121.0861,14.72694],[121.0861,14.72712],[121.08619,14.72712]]],[[[121.10309,14.72708],[121.10328,14.72717],[121.10328,14.72708],[121.10309,14.72708]]],[[[121.10393,14.72726],[121.10365,14.72717],[121.10365,14.72726],[121.10393,14.72726]]],[[[121.12342,14.72751],[121.12243,14.7266],[121.12263,14.72695],[121.12342,14.72751]]],[[[121.0718,14.72709],[121.07189,14.72691],[121.07171,14.72691],[121.0718,14.72709]]],[[[121.08211,14.72708],[121.0822,14.72718],[121.0822,14.72709],[121.08211,14.72708]]],[[[121.0822,14.72736],[121.08192,14.72717],[121.08192,14.72726],[121.0822,14.72736]]],[[[121.0848,14.72765],[121.08498,14.72774],[121.08498,14.72765],[121.0848,14.72765]]],[[[121.08154,14.7278],[121.08145,14.72771],[121.08145,14.7278],[121.08154,14.7278]]],[[[121.08479,14.72783],[121.08461,14.72774],[121.08461,14.72783],[121.08479,14.72783]]],[[[121.08173,14.72789],[121.08164,14.7278],[121.08164,14.72789],[121.08173,14.72789]]],[[[121.08461,14.72792],[121.08452,14.72783],[121.08451,14.72792],[121.08461,14.72792]]],[[[121.08925,14.72805],[121.08906,14.72796],[121.08906,14.72805],[121.08925,14.72805]]],[[[121.0937,14.72817],[121.09426,14.728],[121.09371,14.72808],[121.0937,14.72817]]],[[[121.08145,14.72834],[121.08154,14.72844],[121.08154,14.72834],[121.08145,14.72834]]],[[[121.08173,14.72799],[121.08182,14.72844],[121.08182,14.72799],[121.08173,14.72799]]],[[[121.08061,14.72852],[121.08052,14.72843],[121.08052,14.72852],[121.08061,14.72852]]],[[[121.08144,14.72852],[121.08135,14.72843],[121.08135,14.72852],[121.08144,14.72852]]],[[[121.08172,14.72853],[121.08163,14.72844],[121.08163,14.72853],[121.08172,14.72853]]],[[[121.08163,14.72862],[121.08144,14.72852],[121.08144,14.72862],[121.08163,14.72862]]],[[[121.09389,14.72872],[121.09417,14.72863],[121.09389,14.72863],[121.09389,14.72872]]],[[[121.09361,14.72863],[121.09379,14.72872],[121.09379,14.72863],[121.09361,14.72863]]],[[[121.08033,14.72861],[121.08042,14.72879],[121.08042,14.72861],[121.08033,14.72861]]],[[[121.08293,14.72854],[121.08302,14.72863],[121.08321,14.72854],[121.08293,14.72854]]],[[[121.09017,14.72878],[121.09036,14.72887],[121.09036,14.72878],[121.09017,14.72878]]],[[[121.09351,14.7289],[121.09342,14.72871],[121.09333,14.72889],[121.09351,14.7289]]],[[[121.08033,14.72888],[121.08014,14.72879],[121.08014,14.72888],[121.08033,14.72888]]],[[[121.08311,14.72881],[121.08302,14.7289],[121.08311,14.7289],[121.08311,14.72881]]],[[[121.0872,14.72902],[121.08711,14.72893],[121.0871,14.72902],[121.0872,14.72902]]],[[[121.0872,14.72921],[121.08701,14.72911],[121.08701,14.7292],[121.0872,14.72921]]],[[[121.09017,14.72887],[121.08989,14.72905],[121.08989,14.72923],[121.09007,14.72923],[121.09017,14.72887]]],[[[121.08969,14.73022],[121.08951,14.73004],[121.08951,14.73022],[121.08969,14.73022]]],[[[121.08968,14.73139],[121.08959,14.7313],[121.08959,14.73139],[121.08968,14.73139]]],[[[121.07706,14.73129],[121.07743,14.7312],[121.07706,14.7312],[121.07706,14.73129]]],[[[121.1063,14.73189],[121.10612,14.7318],[121.10612,14.73189],[121.1063,14.73189]]],[[[121.10649,14.73198],[121.10639,14.73189],[121.10639,14.73198],[121.10649,14.73198]]],[[[121.10667,14.73208],[121.10658,14.73199],[121.10658,14.73208],[121.10667,14.73208]]],[[[121.08411,14.73189],[121.08429,14.7318],[121.08411,14.73171],[121.08411,14.73189]]],[[[121.08912,14.73211],[121.08894,14.73202],[121.08893,14.73211],[121.08912,14.73211]]],[[[121.09311,14.73215],[121.09321,14.73206],[121.09311,14.73206],[121.09311,14.73215]]],[[[121.0764,14.7321],[121.07631,14.73201],[121.07631,14.7321],[121.0764,14.7321]]],[[[121.08884,14.7322],[121.08866,14.73202],[121.08866,14.7322],[121.08884,14.7322]]],[[[121.10676,14.73226],[121.10695,14.73217],[121.10676,14.73208],[121.10676,14.73226]]],[[[121.08838,14.73202],[121.08856,14.73211],[121.08856,14.73202],[121.08838,14.73202]]],[[[121.08336,14.73234],[121.08327,14.73215],[121.08327,14.73234],[121.08336,14.73234]]],[[[121.08457,14.73217],[121.0842,14.73216],[121.08457,14.73235],[121.08457,14.73217]]],[[[121.08308,14.73261],[121.08299,14.73251],[121.08299,14.7326],[121.08308,14.73261]]],[[[121.08308,14.73242],[121.08327,14.73261],[121.08327,14.73243],[121.08308,14.73242]]],[[[121.08475,14.73244],[121.08457,14.73253],[121.08475,14.73262],[121.08475,14.73244]]],[[[121.08828,14.73256],[121.08837,14.73265],[121.08837,14.73256],[121.08828,14.73256]]],[[[121.08902,14.73265],[121.08856,14.73256],[121.08856,14.73265],[121.08902,14.73265]]],[[[121.08317,14.7327],[121.08308,14.73261],[121.08308,14.7327],[121.08317,14.7327]]],[[[121.08484,14.73262],[121.08475,14.73271],[121.08484,14.73271],[121.08484,14.73262]]],[[[121.08828,14.73274],[121.08819,14.73265],[121.08819,14.73274],[121.08828,14.73274]]],[[[121.09357,14.73242],[121.0932,14.73233],[121.09357,14.73278],[121.09357,14.73242]]],[[[121.08299,14.73279],[121.08262,14.73269],[121.08261,14.73278],[121.08299,14.73279]]],[[[121.09376,14.73278],[121.09357,14.73287],[121.09376,14.73287],[121.09376,14.73278]]],[[[121.10695,14.73235],[121.10657,14.73262],[121.10666,14.73316],[121.10703,14.73298],[121.10695,14.73235]]],[[[121.09115,14.7333],[121.09088,14.73321],[121.09087,14.7333],[121.09115,14.7333]]],[[[121.09413,14.73306],[121.09394,14.73315],[121.09412,14.73333],[121.09413,14.73306]]],[[[121.09171,14.7334],[121.09152,14.73331],[121.09152,14.7334],[121.09171,14.7334]]],[[[121.09403,14.73351],[121.09394,14.73342],[121.09394,14.73351],[121.09403,14.73351]]],[[[121.09171,14.73349],[121.0918,14.73358],[121.0918,14.73349],[121.09171,14.73349]]],[[[121.09171,14.73367],[121.09161,14.73358],[121.09161,14.73367],[121.09171,14.73367]]],[[[121.10694,14.73352],[121.10702,14.73461],[121.1073,14.73461],[121.1073,14.73407],[121.10694,14.73352]]],[[[121.09458,14.73451],[121.09467,14.7346],[121.09467,14.73451],[121.09458,14.73451]]],[[[121.09188,14.73467],[121.09189,14.73385],[121.0918,14.73385],[121.09161,14.73439],[121.09188,14.73467]]],[[[121.09458,14.73487],[121.09448,14.7346],[121.09448,14.73487],[121.09458,14.73487]]],[[[121.09021,14.73501],[121.09012,14.73483],[121.09012,14.73501],[121.09021,14.73501]]],[[[121.09197,14.73503],[121.09179,14.73485],[121.09179,14.73503],[121.09197,14.73503]]],[[[121.09467,14.73478],[121.09476,14.73505],[121.09476,14.73478],[121.09467,14.73478]]],[[[121.09206,14.73521],[121.09197,14.73512],[121.09197,14.73521],[121.09206,14.73521]]],[[[121.09466,14.73523],[121.09448,14.73514],[121.09448,14.73523],[121.09466,14.73523]]],[[[121.08984,14.73528],[121.09012,14.7351],[121.08984,14.73519],[121.08984,14.73528]]],[[[121.09197,14.73539],[121.09206,14.7353],[121.09197,14.7353],[121.09197,14.73539]]],[[[121.08816,14.73527],[121.08844,14.73545],[121.08844,14.73527],[121.08816,14.73527]]],[[[121.08816,14.73563],[121.08807,14.73536],[121.08807,14.73563],[121.08816,14.73563]]],[[[121.09178,14.73566],[121.09197,14.73548],[121.09178,14.73539],[121.09178,14.73566]]],[[[121.09187,14.73584],[121.09178,14.73575],[121.09178,14.73584],[121.09187,14.73584]]],[[[121.0733,14.73578],[121.07321,14.73587],[121.07339,14.73596],[121.0733,14.73578]]],[[[121.08909,14.73609],[121.08899,14.736],[121.08899,14.73609],[121.08909,14.73609]]],[[[121.08806,14.73635],[121.08797,14.73626],[121.08797,14.73635],[121.08806,14.73635]]],[[[121.08899,14.73627],[121.08908,14.73636],[121.08908,14.73627],[121.08899,14.73627]]],[[[121.08769,14.73635],[121.08788,14.73644],[121.08788,14.73635],[121.08769,14.73635]]],[[[121.08843,14.73654],[121.08852,14.73663],[121.08852,14.73654],[121.08843,14.73654]]],[[[121.08899,14.73645],[121.08871,14.73636],[121.08862,14.73663],[121.08899,14.73645]]],[[[121.08704,14.73661],[121.08741,14.73671],[121.08741,14.73662],[121.08704,14.73661]]],[[[121.08862,14.73672],[121.08852,14.73663],[121.08852,14.73672],[121.08862,14.73672]]],[[[121.09168,14.73674],[121.09187,14.73656],[121.09168,14.73647],[121.09168,14.73674]]],[[[121.08852,14.73681],[121.08834,14.73662],[121.08834,14.73681],[121.08852,14.73681]]],[[[121.08713,14.73689],[121.08694,14.7367],[121.08694,14.73688],[121.08713,14.73689]]],[[[121.08834,14.7369],[121.08824,14.7368],[121.08824,14.7369],[121.08834,14.7369]]],[[[121.09196,14.73675],[121.09186,14.73693],[121.09196,14.73693],[121.09196,14.73675]]],[[[121.07422,14.73687],[121.07367,14.73668],[121.07385,14.73687],[121.07422,14.73687]]],[[[121.08824,14.73699],[121.08815,14.73689],[121.08815,14.73698],[121.08824,14.73699]]],[[[121.08806,14.73716],[121.08796,14.73689],[121.08778,14.73716],[121.08806,14.73716]]],[[[121.09168,14.73719],[121.09186,14.73702],[121.09168,14.73692],[121.09168,14.73719]]],[[[121.08777,14.73743],[121.08759,14.73734],[121.08759,14.73743],[121.08777,14.73743]]],[[[121.08601,14.73742],[121.08657,14.73733],[121.08657,14.73724],[121.08601,14.73742]]],[[[121.09167,14.73756],[121.09177,14.73738],[121.09167,14.73738],[121.09167,14.73756]]],[[[121.08684,14.7377],[121.08694,14.73761],[121.08684,14.73761],[121.08684,14.7377]]],[[[121.08703,14.73761],[121.08712,14.7377],[121.08712,14.73761],[121.08703,14.73761]]],[[[121.08749,14.7377],[121.0874,14.73761],[121.0874,14.7377],[121.08749,14.7377]]],[[[121.09186,14.73756],[121.09176,14.73774],[121.09186,14.73774],[121.09186,14.73756]]],[[[121.08703,14.73779],[121.08694,14.7377],[121.08694,14.73779],[121.08703,14.73779]]],[[[121.08721,14.73779],[121.08703,14.73788],[121.08721,14.73788],[121.08721,14.73779]]],[[[121.08768,14.73788],[121.08759,14.73779],[121.08758,14.73788],[121.08768,14.73788]]],[[[121.09185,14.73846],[121.09195,14.73828],[121.09185,14.73828],[121.09185,14.73846]]],[[[121.09204,14.73846],[121.09194,14.73864],[121.09204,14.73864],[121.09204,14.73846]]],[[[121.09194,14.73873],[121.09176,14.73864],[121.09176,14.73873],[121.09194,14.73873]]],[[[121.11896,14.73868],[121.11868,14.73886],[121.11896,14.73904],[121.11896,14.73868]]],[[[121.11814,14.73934],[121.11646,14.73812],[121.1174,14.73741],[121.116,14.73748],[121.116,14.73812],[121.1171,14.7393],[121.11814,14.73934]]],[[[121.11673,14.73876],[121.11711,14.73858],[121.11738,14.73912],[121.11701,14.73903],[121.11673,14.73876]]],[[[121.09101,14.73945],[121.0911,14.73936],[121.09101,14.73936],[121.09101,14.73945]]],[[[121.09174,14.74018],[121.09184,14.73973],[121.09185,14.73891],[121.09147,14.73999],[121.09174,14.74018]]],[[[121.10391,14.74046],[121.10372,14.74037],[121.10372,14.74046],[121.10391,14.74046]]],[[[121.10372,14.74082],[121.10362,14.74073],[121.10362,14.74082],[121.10372,14.74082]]],[[[121.10381,14.74073],[121.1039,14.741],[121.1039,14.74073],[121.10381,14.74073]]],[[[121.10362,14.74109],[121.10353,14.741],[121.10353,14.74109],[121.10362,14.74109]]],[[[121.10381,14.74127],[121.10343,14.74127],[121.10343,14.74172],[121.10381,14.74127]]],[[[121.11197,14.74251],[121.11197,14.7417],[121.11151,14.7416],[121.1115,14.74251],[121.11197,14.74251]]],[[[121.11159,14.74269],[121.11169,14.7426],[121.11159,14.7426],[121.11159,14.74269]]],[[[121.11206,14.74251],[121.11197,14.74269],[121.11206,14.74269],[121.11206,14.74251]]],[[[121.11178,14.74269],[121.11169,14.74278],[121.11178,14.74278],[121.11178,14.74269]]],[[[121.11215,14.74306],[121.11187,14.74287],[121.11196,14.74305],[121.11215,14.74306]]],[[[121.11371,14.74461],[121.11408,14.74479],[121.1139,14.74434],[121.11334,14.74433],[121.11371,14.74461]]],[[[121.10285,14.74452],[121.10248,14.74451],[121.10285,14.74479],[121.10285,14.74452]]],[[[121.11454,14.74543],[121.11436,14.74533],[121.11436,14.74542],[121.11454,14.74543]]],[[[121.11463,14.74552],[121.11473,14.74543],[121.11463,14.74543],[121.11463,14.74552]]],[[[121.11463,14.74561],[121.11454,14.74552],[121.11454,14.74561],[121.11463,14.74561]]],[[[121.11491,14.74561],[121.11463,14.7457],[121.11491,14.7457],[121.11491,14.74561]]],[[[121.10172,14.74586],[121.10163,14.74577],[121.10163,14.74586],[121.10172,14.74586]]],[[[120.98964,14.74633],[120.9889,14.74618],[120.98922,14.74632],[120.98964,14.74633]]],[[[120.98652,14.74671],[120.98657,14.7468],[120.98657,14.74671],[120.98652,14.74671]]],[[[120.98652,14.74693],[120.98648,14.7468],[120.98648,14.74693],[120.98652,14.74693]]],[[[120.98554,14.74737],[120.98568,14.74742],[120.98568,14.74738],[120.98554,14.74737]]],[[[120.98648,14.74693],[120.98638,14.74738],[120.98642,14.74743],[120.98647,14.74741],[120.98648,14.74693]]],[[[120.98666,14.74725],[120.98675,14.7473],[120.98675,14.74702],[120.98666,14.74725]]],[[[120.98536,14.74746],[120.98545,14.74737],[120.98517,14.74728],[120.98536,14.74746]]],[[[120.98554,14.74747],[120.98545,14.74742],[120.98545,14.74746],[120.98554,14.74747]]],[[[120.98642,14.74746],[120.98638,14.74743],[120.98638,14.74747],[120.98642,14.74746]]],[[[120.98628,14.7475],[120.98633,14.74747],[120.98628,14.74743],[120.98628,14.7475]]],[[[120.98578,14.7475],[120.98591,14.74742],[120.98573,14.74742],[120.98578,14.7475]]],[[[120.98665,14.74766],[120.98661,14.74761],[120.98661,14.74766],[120.98665,14.74766]]],[[[120.98661,14.7477],[120.98656,14.74765],[120.98656,14.7477],[120.98661,14.7477]]],[[[120.98637,14.74774],[120.98628,14.7477],[120.98628,14.74774],[120.98637,14.74774]]],[[[120.98656,14.74775],[120.98652,14.7477],[120.98651,14.74774],[120.98656,14.74775]]],[[[120.98619,14.74774],[120.98577,14.74778],[120.98619,14.74779],[120.98619,14.74774]]],[[[120.991,14.75004],[120.99102,14.74971],[120.99117,14.74929],[120.99095,14.74968],[120.991,14.75004]]],[[[120.99113,14.75013],[120.99109,14.75009],[120.99109,14.75013],[120.99113,14.75013]]],[[[120.99104,14.75022],[120.991,14.75018],[120.99099,14.75022],[120.99104,14.75022]]],[[[120.99118,14.75023],[120.99113,14.75018],[120.99113,14.75023],[120.99118,14.75023]]],[[[120.99109,14.75032],[120.99104,14.75027],[120.99104,14.75031],[120.99109,14.75032]]],[[[120.99123,14.75032],[120.99118,14.75027],[120.99118,14.75032],[120.99123,14.75032]]],[[[120.99113,14.75041],[120.99109,14.75036],[120.99109,14.75041],[120.99113,14.75041]]],[[[120.99127,14.75041],[120.99123,14.75036],[120.99123,14.75041],[120.99127,14.75041]]],[[[120.99113,14.7505],[120.99118,14.75045],[120.99113,14.75045],[120.99113,14.7505]]],[[[120.99122,14.7505],[120.99118,14.75054],[120.99122,14.75054],[120.99122,14.7505]]],[[[120.99136,14.75054],[120.99132,14.7505],[120.99132,14.75054],[120.99136,14.75054]]],[[[120.99122,14.75063],[120.99127,14.75059],[120.99122,14.75059],[120.99122,14.75063]]],[[[120.99141,14.75063],[120.99136,14.75059],[120.99136,14.75063],[120.99141,14.75063]]],[[[120.99132,14.75063],[120.99127,14.75068],[120.99132,14.75068],[120.99132,14.75063]]],[[[120.99136,14.75068],[120.99132,14.75072],[120.99136,14.75072],[120.99136,14.75068]]],[[[120.99261,14.75087],[120.99257,14.75082],[120.99257,14.75087],[120.99261,14.75087]]],[[[120.99261,14.75083],[120.99275,14.75087],[120.9928,14.75065],[120.99265,14.75072],[120.99261,14.75083]]],[[[120.98635,14.75091],[120.98649,14.75086],[120.98635,14.75086],[120.98635,14.75091]]],[[[120.99252,14.75101],[120.99252,14.75094],[120.99234,14.75084],[120.99252,14.75101]]],[[[120.98662,14.751],[120.98658,14.75109],[120.98667,14.75109],[120.98662,14.751]]],[[[120.98672,14.75109],[120.98667,14.75113],[120.98671,14.75114],[120.98672,14.75109]]],[[[120.98676,14.75114],[120.98671,14.75118],[120.98676,14.75118],[120.98676,14.75114]]],[[[120.98681,14.75118],[120.98676,14.75123],[120.98681,14.75123],[120.98681,14.75118]]],[[[120.99196,14.75091],[120.99169,14.75068],[120.99205,14.75141],[120.99196,14.75091]]],[[[120.99136,14.75072],[120.99173,14.7515],[120.99182,14.7515],[120.99164,14.75095],[120.99136,14.75072]]],[[[120.992,14.75159],[120.99205,14.75177],[120.99205,14.75159],[120.992,14.75159]]],[[[120.98727,14.75182],[120.98731,14.75173],[120.98727,14.75173],[120.98727,14.75182]]],[[[120.99163,14.75186],[120.99177,14.75195],[120.99174,14.75171],[120.99163,14.75186]]],[[[120.98741,14.75182],[120.98736,14.75195],[120.98745,14.752],[120.98741,14.75182]]],[[[120.99163,14.75208],[120.99158,14.75199],[120.99158,14.75208],[120.99163,14.75208]]],[[[120.99172,14.75213],[120.99167,14.75208],[120.99167,14.75213],[120.99172,14.75213]]],[[[120.99158,14.75217],[120.99153,14.75213],[120.99153,14.75217],[120.99158,14.75217]]],[[[120.99167,14.75222],[120.99163,14.75217],[120.99163,14.75222],[120.99167,14.75222]]],[[[120.992,14.75177],[120.99196,14.75177],[120.99195,14.75186],[120.99191,14.75186],[120.99181,14.75226],[120.992,14.75177]]],[[[120.99153,14.75231],[120.99149,14.75222],[120.99149,14.75231],[120.99153,14.75231]]],[[[120.99163,14.75231],[120.99158,14.75226],[120.99158,14.75231],[120.99163,14.75231]]],[[[120.98786,14.75232],[120.98805,14.75223],[120.98787,14.75227],[120.98786,14.75232]]],[[[120.99181,14.7524],[120.99177,14.75226],[120.99176,14.7524],[120.99181,14.7524]]],[[[120.99144,14.75235],[120.99149,14.75244],[120.99149,14.75235],[120.99144,14.75235]]],[[[120.99158,14.75244],[120.99153,14.7524],[120.99153,14.75244],[120.99158,14.75244]]],[[[120.99176,14.75249],[120.99172,14.7524],[120.99172,14.75249],[120.99176,14.75249]]],[[[121.10463,14.75348],[121.10482,14.75239],[121.10455,14.75212],[121.10445,14.75311],[121.10463,14.75348]]],[[[120.99144,14.75253],[120.99139,14.75244],[120.99139,14.75253],[120.99144,14.75253]]],[[[120.99153,14.75253],[120.99148,14.75249],[120.99148,14.75253],[120.99153,14.75253]]],[[[120.98861,14.7526],[120.98847,14.75228],[120.98824,14.75223],[120.98824,14.75232],[120.98861,14.7526]]],[[[120.99148,14.75262],[120.99144,14.75258],[120.99144,14.75262],[120.99148,14.75262]]],[[[120.99167,14.75253],[120.99172,14.75262],[120.99172,14.75253],[120.99167,14.75253]]],[[[120.99134,14.75258],[120.99139,14.75267],[120.99139,14.75258],[120.99134,14.75258]]],[[[120.99167,14.75267],[120.99162,14.75262],[120.99162,14.75267],[120.99167,14.75267]]],[[[120.98865,14.7526],[120.9886,14.75269],[120.98865,14.75269],[120.98865,14.7526]]],[[[120.99144,14.75267],[120.99139,14.75271],[120.99144,14.75271],[120.99144,14.75267]]],[[[120.99139,14.75276],[120.99134,14.75285],[120.99139,14.75285],[120.99139,14.75276]]],[[[120.99157,14.75294],[120.99153,14.75285],[120.99153,14.75294],[120.99157,14.75294]]],[[[120.98874,14.75296],[120.98879,14.75292],[120.98874,14.75292],[120.98874,14.75296]]],[[[120.99134,14.75298],[120.9913,14.75267],[120.99126,14.75309],[120.99134,14.75298]]],[[[120.99152,14.75317],[120.99148,14.75298],[120.99148,14.75316],[120.99152,14.75317]]],[[[120.98888,14.75305],[120.98879,14.75306],[120.98888,14.75318],[120.98888,14.75305]]],[[[120.99152,14.75344],[120.99148,14.75335],[120.99148,14.75344],[120.99152,14.75344]]],[[[121.03925,14.75393],[121.03916,14.75384],[121.03916,14.75393],[121.03925,14.75393]]],[[[120.99124,14.75357],[120.99134,14.75343],[120.99127,14.75324],[120.99124,14.75357]]],[[[120.99138,14.75357],[120.99134,14.75362],[120.99138,14.75362],[120.99138,14.75357]]],[[[120.99171,14.75366],[120.99161,14.75362],[120.99161,14.75366],[120.99171,14.75366]]],[[[120.99133,14.75371],[120.99129,14.75366],[120.99129,14.75371],[120.99133,14.75371]]],[[[120.99143,14.75371],[120.99138,14.75366],[120.99138,14.75371],[120.99143,14.75371]]],[[[120.99236,14.75371],[120.99231,14.75367],[120.99231,14.75371],[120.99236,14.75371]]],[[[120.99263,14.75372],[120.99259,14.75367],[120.99259,14.75372],[120.99263,14.75372]]],[[[120.99249,14.75376],[120.99254,14.75372],[120.99249,14.75372],[120.99249,14.75376]]],[[[120.99277,14.75376],[120.99268,14.75372],[120.99268,14.75376],[120.99277,14.75376]]],[[[121.03887,14.75419],[121.03878,14.7541],[121.03878,14.75419],[121.03887,14.75419]]],[[[120.99138,14.7538],[120.99133,14.75375],[120.99133,14.7538],[120.99138,14.7538]]],[[[120.99263,14.75376],[120.99254,14.75381],[120.99263,14.75381],[120.99263,14.75376]]],[[[120.99282,14.75381],[120.99287,14.75376],[120.99282,14.75376],[120.99282,14.75381]]],[[[120.99208,14.7538],[120.99212,14.75385],[120.99212,14.7538],[120.99208,14.7538]]],[[[120.99277,14.75385],[120.99268,14.75381],[120.99268,14.75385],[120.99277,14.75385]]],[[[120.99208,14.75389],[120.99203,14.75385],[120.99203,14.75389],[120.99208,14.75389]]],[[[120.99291,14.75381],[120.99286,14.7539],[120.99291,14.7539],[120.99291,14.75381]]],[[[120.99152,14.75393],[120.99147,14.75389],[120.99147,14.75393],[120.99152,14.75393]]],[[[120.99198,14.75394],[120.99194,14.75389],[120.99194,14.75394],[120.99198,14.75394]]],[[[120.99161,14.75398],[120.99156,14.75393],[120.99156,14.75398],[120.99161,14.75398]]],[[[120.99189,14.75398],[120.99184,14.75394],[120.99184,14.75398],[120.99189,14.75398]]],[[[120.98883,14.7547],[120.98877,14.75468],[120.98877,14.75472],[120.98883,14.7547]]],[[[120.98886,14.7549],[120.98891,14.75481],[120.98882,14.75481],[120.98886,14.7549]]],[[[121.10461,14.75538],[121.10442,14.75574],[121.10479,14.75592],[121.1048,14.75565],[121.10461,14.75538]]],[[[121.03709,14.75541],[121.037,14.75536],[121.037,14.75541],[121.03709,14.75541]]],[[[121.03734,14.75541],[121.03742,14.75537],[121.03733,14.75537],[121.03734,14.75541]]],[[[121.03765,14.75546],[121.03756,14.75541],[121.03756,14.75544],[121.03765,14.75546]]],[[[120.98905,14.755],[120.98894,14.75501],[120.98905,14.75509],[120.98905,14.755]]],[[[121.03672,14.75545],[121.03668,14.7555],[121.03672,14.7555],[121.03672,14.75545]]],[[[121.03663,14.75554],[121.03658,14.7555],[121.03658,14.75554],[121.03663,14.75554]]],[[[121.03775,14.75554],[121.03788,14.75551],[121.0377,14.75546],[121.03775,14.75554]]],[[[121.11528,14.75637],[121.1151,14.75627],[121.1151,14.75636],[121.11528,14.75637]]],[[[121.0376,14.75573],[121.03756,14.75569],[121.03756,14.75573],[121.0376,14.75573]]],[[[121.0364,14.75563],[121.03644,14.75572],[121.03658,14.75559],[121.0364,14.75563]]],[[[121.03742,14.75577],[121.03732,14.75573],[121.03732,14.75577],[121.03742,14.75577]]],[[[121.03774,14.75578],[121.0377,14.75573],[121.0377,14.75578],[121.03774,14.75578]]],[[[121.0363,14.75581],[121.03626,14.75577],[121.03626,14.75581],[121.0363,14.75581]]],[[[121.0376,14.75582],[121.03756,14.75578],[121.03756,14.75582],[121.0376,14.75582]]],[[[121.03788,14.75582],[121.03783,14.75578],[121.03783,14.75582],[121.03788,14.75582]]],[[[121.03681,14.75572],[121.03728,14.75573],[121.03737,14.75564],[121.03681,14.75572]]],[[[121.03774,14.75587],[121.03769,14.75582],[121.03769,14.75587],[121.03774,14.75587]]],[[[121.03848,14.75578],[121.03858,14.75583],[121.03862,14.75574],[121.03848,14.75578]]],[[[121.03783,14.75591],[121.03779,14.75587],[121.03779,14.75591],[121.03783,14.75591]]],[[[121.0383,14.75592],[121.03821,14.75587],[121.03821,14.75592],[121.0383,14.75592]]],[[[121.03848,14.75592],[121.03844,14.75587],[121.03844,14.75592],[121.03848,14.75592]]],[[[120.98905,14.75509],[120.98923,14.75545],[120.98937,14.75554],[120.98937,14.75545],[120.98905,14.75509]]],[[[121.03793,14.75596],[121.03788,14.75591],[121.03788,14.75596],[121.03793,14.75596]]],[[[121.03844,14.75596],[121.03839,14.75592],[121.03839,14.75596],[121.03844,14.75596]]],[[[121.03802,14.75601],[121.03797,14.75596],[121.03797,14.75601],[121.03802,14.75601]]],[[[121.0383,14.75601],[121.03825,14.75596],[121.03825,14.75601],[121.0383,14.75601]]],[[[121.03658,14.75604],[121.03667,14.75581],[121.03649,14.75604],[121.03658,14.75604]]],[[[121.03649,14.75608],[121.03644,14.75604],[121.03644,14.75608],[121.03649,14.75608]]],[[[121.11556,14.75619],[121.11547,14.75628],[121.11565,14.75655],[121.1163,14.75683],[121.11556,14.75619]]],[[[120.98946,14.75559],[120.98937,14.75563],[120.9895,14.75577],[120.98946,14.75559]]],[[[121.11556,14.75691],[121.11565,14.75682],[121.11556,14.75682],[121.11556,14.75691]]],[[[121.11574,14.75691],[121.11565,14.757],[121.11574,14.757],[121.11574,14.75691]]],[[[121.1163,14.75701],[121.11639,14.75683],[121.1163,14.75683],[121.1163,14.75701]]],[[[121.11649,14.75701],[121.11639,14.75719],[121.11648,14.75719],[121.11649,14.75701]]],[[[121.11593,14.75709],[121.11574,14.75718],[121.11593,14.75728],[121.11593,14.75709]]],[[[121.0362,14.75671],[121.03616,14.75649],[121.03616,14.75671],[121.0362,14.75671]]],[[[121.03615,14.75676],[121.03607,14.7568],[121.03615,14.75685],[121.03615,14.75676]]],[[[121.11602,14.75728],[121.11592,14.75755],[121.11611,14.75755],[121.11602,14.75728]]],[[[120.9894,14.75649],[120.98938,14.75644],[120.98936,14.75649],[120.9894,14.75649]]],[[[121.11556,14.75682],[121.115,14.75673],[121.1151,14.75636],[121.11435,14.75663],[121.11537,14.75763],[121.11509,14.75691],[121.11556,14.75682]]],[[[121.11463,14.75672],[121.11481,14.75699],[121.11463,14.7569],[121.11463,14.75672]]],[[[121.03601,14.75692],[121.03611,14.75689],[121.03601,14.75685],[121.03601,14.75692]]],[[[121.03596,14.75721],[121.03606,14.75703],[121.03597,14.75698],[121.03596,14.75721]]],[[[121.11425,14.75817],[121.11406,14.75807],[121.11406,14.75816],[121.11425,14.75817]]],[[[121.03624,14.75789],[121.03628,14.75784],[121.03624,14.75784],[121.03624,14.75789]]],[[[121.03573,14.75793],[121.03582,14.75788],[121.03568,14.75779],[121.03573,14.75793]]],[[[121.03633,14.75789],[121.03628,14.75793],[121.03633,14.75793],[121.03633,14.75789]]],[[[121.03586,14.75793],[121.03582,14.75798],[121.03586,14.75798],[121.03586,14.75793]]],[[[121.11406,14.75816],[121.11341,14.75825],[121.11379,14.75753],[121.11453,14.75772],[121.11425,14.75807],[121.11481,14.75781],[121.11388,14.75726],[121.11332,14.75807],[121.1123,14.75797],[121.11174,14.7586],[121.11238,14.75878],[121.11239,14.75824],[121.11369,14.75843],[121.11406,14.75816]]],[[[121.03651,14.75807],[121.03642,14.75816],[121.03647,14.75816],[121.03651,14.75807]]],[[[121.03656,14.75816],[121.03647,14.75821],[121.03656,14.75821],[121.03656,14.75816]]],[[[121.03619,14.7582],[121.03609,14.7582],[121.03619,14.75825],[121.03619,14.7582]]],[[[121.03651,14.75825],[121.0366,14.7583],[121.0366,14.75825],[121.03651,14.75825]]],[[[121.03656,14.75839],[121.0366,14.75843],[121.03665,14.75839],[121.03656,14.75839]]],[[[121.11387,14.75852],[121.11276,14.75879],[121.11275,14.75906],[121.11322,14.75924],[121.11396,14.75907],[121.11452,14.75853],[121.11387,14.75852]]],[[[121.12329,14.75908],[121.12327,14.75867],[121.12334,14.75941],[121.12329,14.75908]]],[[[121.03563,14.75874],[121.03573,14.75882],[121.036,14.75874],[121.03563,14.75874]]],[[[121.03539,14.75892],[121.03562,14.75879],[121.03553,14.75879],[121.03553,14.75883],[121.03539,14.75888],[121.03539,14.75892]]],[[[121.03539,14.75895],[121.03535,14.75892],[121.03534,14.75897],[121.03539,14.75895]]],[[[121.12337,14.75964],[121.12336,14.75967],[121.12341,14.7597],[121.12337,14.75964]]],[[[121.03534,14.75901],[121.0353,14.75896],[121.0353,14.75901],[121.03534,14.75901]]],[[[121.1202,14.75981],[121.12131,14.75951],[121.12134,14.75944],[121.12053,14.75924],[121.1202,14.75981]]],[[[121.11484,14.75976],[121.11492,14.75971],[121.11475,14.75972],[121.11484,14.75976]]],[[[121.12369,14.75988],[121.12376,14.75978],[121.12356,14.7598],[121.12369,14.75988]]],[[[121.11443,14.76021],[121.11402,14.75972],[121.11424,14.76026],[121.11443,14.76021]]],[[[121.12255,14.76041],[121.12257,14.75976],[121.12214,14.76033],[121.12255,14.76041]]],[[[121.12247,14.76006],[121.12265,14.7602],[121.12242,14.76027],[121.12247,14.76006]]],[[[121.11564,14.76026],[121.11503,14.75996],[121.11495,14.76044],[121.11564,14.76026]]],[[[121.11239,14.76086],[121.11241,14.76081],[121.11235,14.76082],[121.11239,14.76086]]],[[[121.11458,14.76084],[121.11437,14.76048],[121.11416,14.76076],[121.11458,14.76084]]],[[[121.03496,14.76027],[121.03487,14.76022],[121.03487,14.76026],[121.03496,14.76027]]],[[[121.03385,14.76026],[121.03389,14.76031],[121.03389,14.76026],[121.03385,14.76026]]],[[[121.03487,14.76032],[121.03459,14.76022],[121.03399,14.76021],[121.03418,14.76031],[121.03487,14.76032]]],[[[121.03385,14.76035],[121.0338,14.76031],[121.0338,14.76035],[121.03385,14.76035]]],[[[121.03496,14.76035],[121.0351,14.76027],[121.03496,14.76031],[121.03496,14.76035]]],[[[121.11719,14.7609],[121.11607,14.75996],[121.1188,14.76031],[121.11812,14.76077],[121.11931,14.76022],[121.11616,14.75973],[121.11564,14.76026],[121.11668,14.76107],[121.11719,14.7609]]],[[[121.1127,14.76114],[121.11301,14.76095],[121.11253,14.76098],[121.1127,14.76114]]],[[[121.1177,14.76135],[121.11761,14.7613],[121.11761,14.76135],[121.1177,14.76135]]],[[[121.11751,14.76139],[121.11737,14.76135],[121.11737,14.76139],[121.11751,14.76139]]],[[[121.11714,14.76139],[121.11728,14.76143],[121.11728,14.76139],[121.11714,14.76139]]],[[[121.11714,14.76148],[121.117,14.76143],[121.117,14.76148],[121.11714,14.76148]]],[[[121.12226,14.76154],[121.12207,14.76107],[121.12108,14.76107],[121.12118,14.76125],[121.12226,14.76154]]],[[[121.12161,14.76122],[121.12207,14.76115],[121.12216,14.76129],[121.12161,14.76122]]],[[[121.10624,14.76124],[121.10658,14.76123],[121.10641,14.76098],[121.10624,14.76124]]],[[[121.11693,14.76157],[121.11682,14.76152],[121.11677,14.76161],[121.11693,14.76157]]],[[[121.03375,14.76053],[121.0338,14.76035],[121.03361,14.76053],[121.03356,14.76094],[121.03361,14.76094],[121.03361,14.76076],[121.0337,14.76066],[121.03375,14.76053]]],[[[121.11675,14.76171],[121.11667,14.76166],[121.11667,14.76175],[121.11675,14.76171]]],[[[121.11667,14.76179],[121.11663,14.76175],[121.11663,14.76179],[121.11667,14.76179]]],[[[121.11663,14.76188],[121.11658,14.76179],[121.11658,14.76188],[121.11663,14.76188]]],[[[121.07456,14.76154],[121.07475,14.76145],[121.07475,14.76136],[121.07447,14.76136],[121.07447,14.76154],[121.07456,14.76154]]],[[[121.12332,14.7618],[121.12359,14.76186],[121.1235,14.76176],[121.12332,14.7618]]],[[[121.12491,14.76199],[121.12409,14.76081],[121.12233,14.76062],[121.12418,14.76185],[121.12491,14.76199]]],[[[121.12267,14.76063],[121.12399,14.76088],[121.12476,14.76179],[121.12426,14.76178],[121.12267,14.76063]]],[[[121.12105,14.76198],[121.12088,14.7611],[121.12028,14.76131],[121.12045,14.76188],[121.12105,14.76198]]],[[[121.12053,14.76171],[121.12076,14.76152],[121.12074,14.7617],[121.12053,14.76171]]],[[[121.07484,14.76155],[121.07503,14.76164],[121.07503,14.76146],[121.07484,14.76155]]],[[[121.11658,14.76202],[121.11653,14.76193],[121.11653,14.76202],[121.11658,14.76202]]],[[[121.11463,14.76202],[121.11491,14.76173],[121.11466,14.76177],[121.11463,14.76202]]],[[[121.12437,14.76228],[121.12443,14.76231],[121.12445,14.76226],[121.12437,14.76228]]],[[[121.10605,14.7621],[121.10634,14.76208],[121.1064,14.7618],[121.10605,14.7621]]],[[[121.04911,14.76173],[121.04898,14.76178],[121.04911,14.76178],[121.04911,14.76173]]],[[[121.03258,14.7617],[121.03249,14.76165],[121.03249,14.7617],[121.03258,14.7617]]],[[[121.03309,14.7617],[121.033,14.76165],[121.033,14.76169],[121.03309,14.7617]]],[[[121.12297,14.76215],[121.12318,14.76228],[121.12328,14.76192],[121.12297,14.76215]]],[[[121.11648,14.76242],[121.11653,14.76206],[121.11649,14.76206],[121.11648,14.76242]]],[[[121.03239,14.76174],[121.03244,14.7617],[121.03239,14.7617],[121.03239,14.76174]]],[[[121.0323,14.76174],[121.03235,14.76179],[121.03235,14.76174],[121.0323,14.76174]]],[[[121.12604,14.76258],[121.12594,14.76242],[121.126,14.76259],[121.12604,14.76258]]],[[[121.03239,14.76179],[121.03235,14.76183],[121.03239,14.76183],[121.03239,14.76179]]],[[[121.1222,14.76261],[121.12257,14.76207],[121.12254,14.76192],[121.12222,14.76218],[121.1222,14.76261]]],[[[121.03225,14.76192],[121.03221,14.76183],[121.03216,14.76197],[121.03225,14.76192]]],[[[121.03379,14.7617],[121.03382,14.76182],[121.03384,14.76143],[121.03379,14.7617]]],[[[121.03346,14.76211],[121.03346,14.76197],[121.03313,14.76206],[121.03346,14.76211]]],[[[121.11552,14.76275],[121.11452,14.76244],[121.11547,14.76289],[121.11552,14.76275]]],[[[121.10547,14.76276],[121.1056,14.76268],[121.10526,14.76274],[121.10547,14.76276]]],[[[121.1177,14.7613],[121.11897,14.76159],[121.11714,14.76173],[121.11653,14.76251],[121.11718,14.76237],[121.11704,14.76279],[121.11738,14.76245],[121.11716,14.76217],[121.11781,14.76205],[121.11806,14.76246],[121.11775,14.76287],[121.11778,14.76298],[121.11813,14.76267],[121.11791,14.76196],[121.11837,14.76179],[121.11867,14.76232],[121.11989,14.76238],[121.11881,14.76122],[121.1177,14.7613]]],[[[121.11927,14.76205],[121.11942,14.76232],[121.11905,14.76222],[121.11927,14.76205]]],[[[121.11725,14.76197],[121.11685,14.76227],[121.11757,14.7619],[121.11725,14.76197]]],[[[121.11773,14.76307],[121.11769,14.76297],[121.11768,14.76306],[121.11773,14.76307]]],[[[121.11768,14.76311],[121.11764,14.76306],[121.11764,14.76311],[121.11768,14.76311]]],[[[121.03234,14.76246],[121.03244,14.76223],[121.03239,14.76223],[121.03234,14.76246]]],[[[121.11764,14.76329],[121.11759,14.76311],[121.11759,14.76329],[121.11764,14.76329]]],[[[121.11704,14.76279],[121.11675,14.76315],[121.11629,14.76332],[121.11683,14.76316],[121.11704,14.76279]]],[[[121.03239,14.76265],[121.03243,14.76255],[121.03239,14.76255],[121.03239,14.76265]]],[[[121.09919,14.76308],[121.09948,14.76285],[121.09899,14.7632],[121.09919,14.76308]]],[[[121.11759,14.76343],[121.11754,14.76329],[121.11754,14.76343],[121.11759,14.76343]]],[[[121.03234,14.76267],[121.03234,14.76274],[121.03239,14.76274],[121.03234,14.76267]]],[[[121.11754,14.76352],[121.1175,14.76342],[121.11749,14.76352],[121.11754,14.76352]]],[[[121.12246,14.76352],[121.12197,14.76341],[121.12188,14.76357],[121.12246,14.76352]]],[[[121.11749,14.76356],[121.11745,14.76351],[121.11745,14.76356],[121.11749,14.76356]]],[[[121.0699,14.76331],[121.06981,14.76313],[121.06981,14.76331],[121.0699,14.76331]]],[[[121.09928,14.76359],[121.09923,14.76364],[121.09928,14.76364],[121.09928,14.76359]]],[[[121.09884,14.76348],[121.09931,14.76334],[121.09897,14.7633],[121.09884,14.76348]]],[[[121.09937,14.76368],[121.09928,14.76373],[121.09937,14.76373],[121.09937,14.76368]]],[[[121.09905,14.76372],[121.099,14.76377],[121.09905,14.76377],[121.09905,14.76372]]],[[[121.09946,14.76373],[121.09937,14.76377],[121.09946,14.76377],[121.09946,14.76373]]],[[[121.0321,14.76323],[121.03229,14.76292],[121.03225,14.76282],[121.0321,14.76323]]],[[[121.09951,14.76377],[121.09946,14.76382],[121.09951,14.76382],[121.09951,14.76377]]],[[[121.09905,14.76386],[121.09909,14.76382],[121.09905,14.76382],[121.09905,14.76386]]],[[[121.11608,14.76349],[121.11596,14.7635],[121.11591,14.76404],[121.11608,14.76349]]],[[[121.11745,14.76356],[121.11714,14.7638],[121.11631,14.76382],[121.11679,14.76405],[121.11677,14.76393],[121.11726,14.76383],[121.11745,14.76356]]],[[[121.11798,14.76382],[121.118,14.76402],[121.11819,14.76371],[121.11798,14.76382]]],[[[121.09914,14.76395],[121.09928,14.76391],[121.09914,14.76391],[121.09914,14.76395]]],[[[121.09956,14.76382],[121.09951,14.76395],[121.09956,14.76395],[121.09956,14.76382]]],[[[121.11684,14.76405],[121.11679,14.7641],[121.11684,14.7641],[121.11684,14.76405]]],[[[121.11689,14.7641],[121.11684,14.76414],[121.11689,14.76414],[121.11689,14.7641]]],[[[121.11791,14.76415],[121.11784,14.7641],[121.11781,14.7642],[121.11791,14.76415]]],[[[121.09937,14.76409],[121.09946,14.76391],[121.09944,14.76391],[121.09937,14.76409]]],[[[121.11607,14.76412],[121.11596,14.76414],[121.1161,14.76423],[121.11607,14.76412]]],[[[121.11693,14.76414],[121.11688,14.76423],[121.11693,14.76423],[121.11693,14.76414]]],[[[121.11974,14.76425],[121.11918,14.76412],[121.12037,14.76399],[121.12017,14.76295],[121.1212,14.76268],[121.12115,14.76231],[121.11996,14.76249],[121.12006,14.76368],[121.11914,14.76346],[121.11859,14.76375],[121.1197,14.76379],[121.119,14.76412],[121.11974,14.76425]]],[[[121.12012,14.76387],[121.12023,14.76385],[121.12021,14.76391],[121.12012,14.76387]]],[[[121.11998,14.76336],[121.12013,14.76316],[121.12018,14.7634],[121.11998,14.76336]]],[[[121.12009,14.76269],[121.12106,14.76237],[121.12113,14.76261],[121.12009,14.76269]]],[[[121.09705,14.76411],[121.09691,14.76407],[121.09691,14.76411],[121.09705,14.76411]]],[[[121.03238,14.76359],[121.03275,14.76355],[121.03238,14.76354],[121.03238,14.76359]]],[[[121.09812,14.76399],[121.09795,14.76393],[121.09816,14.76419],[121.09812,14.76399]]],[[[121.12253,14.76405],[121.12325,14.76418],[121.12336,14.76353],[121.12253,14.76405]]],[[[121.12297,14.76424],[121.12288,14.76391],[121.12312,14.76396],[121.12297,14.76424]]],[[[121.09687,14.76418],[121.09681,14.76411],[121.09677,14.7642],[121.09687,14.76418]]],[[[121.09909,14.764],[121.09871,14.76401],[121.09876,14.76422],[121.09879,14.76406],[121.09909,14.764]]],[[[121.0328,14.76359],[121.03284,14.76368],[121.03284,14.76359],[121.0328,14.76359]]],[[[121.09918,14.76427],[121.099,14.76422],[121.099,14.76427],[121.09918,14.76427]]],[[[121.09932,14.76427],[121.0996,14.76423],[121.0996,14.764],[121.09932,14.76427]]],[[[121.03279,14.76373],[121.03275,14.76368],[121.03275,14.76373],[121.03279,14.76373]]],[[[121.03238,14.76386],[121.03187,14.76381],[121.032,14.76386],[121.03238,14.76386]]],[[[121.09918,14.7644],[121.09899,14.76445],[121.09918,14.76445],[121.09918,14.7644]]],[[[121.03289,14.76378],[121.03279,14.76377],[121.03279,14.76391],[121.03289,14.76378]]],[[[121.11549,14.76436],[121.1153,14.76455],[121.1156,14.76457],[121.11549,14.76436]]],[[[121.09876,14.7644],[121.09891,14.76445],[121.09895,14.7644],[121.09876,14.7644]]],[[[121.09927,14.76449],[121.09923,14.76445],[121.09923,14.76449],[121.09927,14.76449]]],[[[121.09867,14.76454],[121.09858,14.76449],[121.09858,14.76453],[121.09867,14.76454]]],[[[121.09932,14.76454],[121.09937,14.7645],[121.09932,14.7645],[121.09932,14.76454]]],[[[121.09848,14.76453],[121.09853,14.76458],[121.09853,14.76453],[121.09848,14.76453]]],[[[121.1255,14.76434],[121.12537,14.76402],[121.12553,14.76482],[121.1255,14.76434]]],[[[121.09848,14.76462],[121.09844,14.76458],[121.09844,14.76462],[121.09848,14.76462]]],[[[121.09887,14.76463],[121.09881,14.76458],[121.09881,14.76463],[121.09887,14.76463]]],[[[121.11861,14.7638],[121.11828,14.76424],[121.11831,14.76462],[121.1192,14.76479],[121.11892,14.76423],[121.11839,14.76431],[121.11861,14.7638]]],[[[121.03265,14.76409],[121.03265,14.76404],[121.03259,14.76407],[121.03265,14.76409]]],[[[121.09868,14.76467],[121.09876,14.76463],[121.09868,14.76463],[121.09868,14.76467]]],[[[121.03284,14.764],[121.03293,14.76401],[121.03293,14.76382],[121.03284,14.764]]],[[[121.09899,14.76476],[121.09922,14.76475],[121.09908,14.76468],[121.09899,14.76476]]],[[[121.09825,14.76476],[121.09831,14.7648],[121.09834,14.76471],[121.09825,14.76476]]],[[[121.09857,14.76481],[121.09853,14.76476],[121.09853,14.76481],[121.09857,14.76481]]],[[[121.09825,14.76485],[121.0982,14.7648],[121.0982,14.76485],[121.09825,14.76485]]],[[[121.0982,14.76489],[121.09815,14.76485],[121.09815,14.76489],[121.0982,14.76489]]],[[[121.0995,14.76481],[121.09944,14.76475],[121.09922,14.7649],[121.0995,14.76481]]],[[[121.11781,14.7642],[121.11714,14.76436],[121.11871,14.76325],[121.11887,14.76265],[121.11821,14.76285],[121.1166,14.7649],[121.11642,14.76488],[121.11627,14.76437],[121.1161,14.76423],[121.11609,14.76432],[121.11651,14.76504],[121.117,14.76501],[121.11781,14.7642]]],[[[121.11702,14.76455],[121.11701,14.76461],[121.11696,14.76457],[121.11702,14.76455]]],[[[121.09815,14.76494],[121.09811,14.76489],[121.09811,14.76494],[121.09815,14.76494]]],[[[121.09887,14.76498],[121.09871,14.76485],[121.09871,14.7649],[121.09887,14.76498]]],[[[121.09922,14.7649],[121.09916,14.76495],[121.09922,14.76499],[121.09922,14.7649]]],[[[121.03121,14.76448],[121.03116,14.76444],[121.03116,14.76448],[121.03121,14.76448]]],[[[121.03223,14.76449],[121.03232,14.76445],[121.03223,14.76445],[121.03223,14.76449]]],[[[121.09803,14.76504],[121.09797,14.76498],[121.09797,14.76507],[121.09803,14.76504]]],[[[121.03172,14.76452],[121.03158,14.76449],[121.03158,14.76452],[121.03172,14.76452]]],[[[121.03204,14.76449],[121.03218,14.76452],[121.03218,14.76449],[121.03204,14.76449]]],[[[121.09797,14.76512],[121.09792,14.76507],[121.09792,14.76512],[121.09797,14.76512]]],[[[121.03173,14.76453],[121.03186,14.76458],[121.03186,14.76453],[121.03173,14.76453]]],[[[121.03269,14.76459],[121.03274,14.76463],[121.03274,14.76459],[121.03269,14.76459]]],[[[121.03269,14.76468],[121.03266,14.76463],[121.03265,14.76468],[121.03269,14.76468]]],[[[121.09784,14.76522],[121.09783,14.76512],[121.09773,14.76525],[121.09784,14.76522]]],[[[121.03241,14.76472],[121.03237,14.76467],[121.03237,14.76472],[121.03241,14.76472]]],[[[121.0326,14.76472],[121.03255,14.76467],[121.03255,14.76472],[121.0326,14.76472]]],[[[121.09773,14.7653],[121.09769,14.76525],[121.09769,14.7653],[121.09773,14.7653]]],[[[121.03088,14.76475],[121.03084,14.76466],[121.03083,14.76475],[121.03088,14.76475]]],[[[121.03218,14.76476],[121.03232,14.76472],[121.03218,14.76472],[121.03218,14.76476]]],[[[121.03251,14.76476],[121.03246,14.76472],[121.03246,14.76476],[121.03251,14.76476]]],[[[121.09834,14.76535],[121.09831,14.76526],[121.09831,14.76535],[121.09834,14.76535]]],[[[121.0994,14.76535],[121.09867,14.7649],[121.09852,14.76526],[121.0994,14.76535]]],[[[121.03204,14.76481],[121.03195,14.76476],[121.03195,14.76481],[121.03204,14.76481]]],[[[121.03241,14.76476],[121.03232,14.76481],[121.03241,14.76481],[121.03241,14.76476]]],[[[121.09765,14.76536],[121.09759,14.76529],[121.09755,14.76538],[121.09765,14.76536]]],[[[121.09931,14.7654],[121.09926,14.76535],[121.09926,14.7654],[121.09931,14.7654]]],[[[121.03148,14.76485],[121.03181,14.76476],[121.03144,14.76476],[121.03148,14.76485]]],[[[121.03223,14.76485],[121.03213,14.76481],[121.03213,14.76485],[121.03223,14.76485]]],[[[121.09926,14.76544],[121.09922,14.7654],[121.09922,14.76544],[121.09926,14.76544]]],[[[121.03204,14.7649],[121.03176,14.76485],[121.03176,14.76489],[121.03204,14.7649]]],[[[121.11599,14.76554],[121.11559,14.76489],[121.11591,14.7656],[121.11599,14.76554]]],[[[121.09922,14.76549],[121.09917,14.76544],[121.09917,14.76549],[121.09922,14.76549]]],[[[121.09755,14.76538],[121.09745,14.76538],[121.09745,14.76543],[121.09736,14.76547],[121.09736,14.76552],[121.09755,14.76538]]],[[[121.09908,14.76549],[121.09912,14.76553],[121.09912,14.76549],[121.09908,14.76549]]],[[[121.09892,14.76558],[121.09894,14.76549],[121.09884,14.7655],[121.09892,14.76558]]],[[[121.03083,14.76502],[121.03079,14.7648],[121.03079,14.76502],[121.03083,14.76502]]],[[[121.03097,14.76502],[121.03093,14.76498],[121.03093,14.76502],[121.03097,14.76502]]],[[[121.09954,14.76545],[121.09978,14.76554],[121.09977,14.76549],[121.09954,14.76545]]],[[[121.09949,14.76567],[121.09945,14.76563],[121.09945,14.76567],[121.09949,14.76567]]],[[[121.0312,14.76512],[121.03125,14.76498],[121.0312,14.76498],[121.0312,14.76512]]],[[[121.03134,14.76507],[121.0313,14.76512],[121.03134,14.76512],[121.03134,14.76507]]],[[[121.12152,14.76581],[121.12164,14.76587],[121.12173,14.76576],[121.12152,14.76581]]],[[[121.09713,14.7657],[121.09724,14.76561],[121.09731,14.76556],[121.09722,14.76556],[121.09722,14.76561],[121.09713,14.76565],[121.09713,14.7657]]],[[[121.09824,14.76563],[121.09829,14.76571],[121.09829,14.76563],[121.09824,14.76563]]],[[[121.03088,14.76516],[121.03083,14.76507],[121.03083,14.76516],[121.03088,14.76516]]],[[[121.03102,14.76516],[121.03097,14.76511],[121.03097,14.76516],[121.03102,14.76516]]],[[[121.0313,14.76516],[121.03125,14.76512],[121.03125,14.76516],[121.0313,14.76516]]],[[[121.03139,14.76512],[121.03134,14.76516],[121.03139,14.76516],[121.03139,14.76512]]],[[[121.09525,14.7657],[121.09524,14.76516],[121.09506,14.76565],[121.09525,14.7657]]],[[[121.09945,14.76576],[121.0994,14.76567],[121.0994,14.76576],[121.09945,14.76576]]],[[[121.03143,14.76516],[121.03139,14.76521],[121.03143,14.76521],[121.03143,14.76516]]],[[[121.09819,14.7658],[121.09815,14.76575],[121.09815,14.7658],[121.09819,14.7658]]],[[[121.03088,14.76525],[121.03092,14.7652],[121.03088,14.7652],[121.03088,14.76525]]],[[[121.0994,14.76585],[121.09935,14.76576],[121.09935,14.76585],[121.0994,14.76585]]],[[[121.03097,14.76525],[121.03092,14.76529],[121.03097,14.76529],[121.03097,14.76525]]],[[[121.03106,14.76529],[121.03111,14.76525],[121.03106,14.76525],[121.03106,14.76529]]],[[[121.09812,14.76585],[121.09802,14.76583],[121.09802,14.76588],[121.09812,14.76585]]],[[[121.09691,14.76584],[121.09691,14.76588],[121.09696,14.76584],[121.09691,14.76584]]],[[[121.1224,14.7659],[121.12196,14.76583],[121.12238,14.7661],[121.1224,14.7659]]],[[[121.03102,14.76529],[121.03097,14.76534],[121.03102,14.76534],[121.03102,14.76529]]],[[[121.03116,14.7653],[121.03111,14.76534],[121.03115,14.76534],[121.03116,14.7653]]],[[[121.09935,14.76594],[121.09931,14.76585],[121.09931,14.76594],[121.09935,14.76594]]],[[[121.03106,14.76534],[121.03101,14.76538],[121.03106,14.76539],[121.03106,14.76534]]],[[[121.0312,14.76534],[121.03115,14.76539],[121.0312,14.76539],[121.0312,14.76534]]],[[[121.11715,14.76618],[121.1171,14.76622],[121.11715,14.76622],[121.11715,14.76618]]],[[[121.03176,14.76553],[121.03171,14.76548],[121.03171,14.76553],[121.03176,14.76553]]],[[[121.09708,14.76606],[121.09714,14.7661],[121.09714,14.76607],[121.09708,14.76606]]],[[[121.09782,14.76611],[121.09777,14.76606],[121.09777,14.76611],[121.09782,14.76611]]],[[[121.11719,14.76622],[121.11715,14.76627],[121.11719,14.76627],[121.11719,14.76622]]],[[[121.09838,14.76609],[121.0987,14.7658],[121.09841,14.76583],[121.09838,14.76609]]],[[[121.09867,14.76603],[121.09847,14.76593],[121.09858,14.76587],[121.09867,14.76603]]],[[[121.09777,14.76615],[121.09768,14.76611],[121.09768,14.76615],[121.09777,14.76615]]],[[[121.11724,14.76627],[121.11719,14.76631],[121.11724,14.76631],[121.11724,14.76627]]],[[[121.09677,14.76593],[121.09713,14.7657],[121.09641,14.7655],[121.09709,14.76432],[121.0979,14.76445],[121.09728,14.76403],[121.0966,14.76486],[121.09677,14.7642],[121.09635,14.76465],[121.09615,14.76589],[121.09665,14.76618],[121.09708,14.76611],[121.09677,14.76593]]],[[[121.09908,14.76553],[121.09888,14.76579],[121.09893,14.76621],[121.09898,14.76621],[121.09908,14.76553]]],[[[121.03125,14.76539],[121.03125,14.76561],[121.03138,14.76566],[121.03125,14.76539]]],[[[121.03171,14.76566],[121.03166,14.76562],[121.03166,14.76566],[121.03171,14.76566]]],[[[121.0318,14.76566],[121.03176,14.76557],[121.03176,14.76566],[121.0318,14.76566]]],[[[121.09893,14.76625],[121.09889,14.76621],[121.09889,14.76625],[121.09893,14.76625]]],[[[121.11728,14.76631],[121.11724,14.7664],[121.11728,14.76641],[121.11728,14.76631]]],[[[121.12131,14.7665],[121.12137,14.76635],[121.12124,14.76642],[121.12131,14.7665]]],[[[121.03171,14.7658],[121.03176,14.76571],[121.03171,14.76571],[121.03171,14.7658]]],[[[121.09771,14.76624],[121.09796,14.76629],[121.09793,14.76618],[121.09771,14.76624]]],[[[121.09786,14.76638],[121.09782,14.76643],[121.09786,14.76643],[121.09786,14.76638]]],[[[121.09884,14.7663],[121.09845,14.76632],[121.09856,14.76648],[121.09884,14.7663]]],[[[121.11733,14.76668],[121.11728,14.76659],[121.11728,14.76668],[121.11733,14.76668]]],[[[121.09832,14.76656],[121.09842,14.76639],[121.09822,14.7664],[121.09832,14.76656]]],[[[121.03185,14.7658],[121.03175,14.76593],[121.03185,14.76602],[121.03185,14.7658]]],[[[121.09847,14.76652],[121.09851,14.76661],[121.09851,14.76652],[121.09847,14.76652]]],[[[121.11733,14.76677],[121.11737,14.76672],[121.11733,14.76672],[121.11733,14.76677]]],[[[121.09963,14.76627],[121.09958,14.76663],[121.09963,14.76663],[121.09963,14.76627]]],[[[121.12179,14.76667],[121.12197,14.76674],[121.12191,14.76657],[121.12179,14.76667]]],[[[121.09846,14.76666],[121.09842,14.76661],[121.09842,14.76666],[121.09846,14.76666]]],[[[121.11742,14.76677],[121.11737,14.76681],[121.11742,14.76681],[121.11742,14.76677]]],[[[121.0977,14.76655],[121.09772,14.7667],[121.09781,14.7667],[121.0977,14.76655]]],[[[121.11626,14.7668],[121.11621,14.76685],[121.11626,14.76685],[121.11626,14.7668]]],[[[121.11974,14.76425],[121.12011,14.7645],[121.1199,14.76509],[121.11918,14.76506],[121.12004,14.7659],[121.11979,14.76688],[121.1211,14.76553],[121.12006,14.76517],[121.12056,14.7648],[121.11974,14.76425]]],[[[121.12057,14.76545],[121.12016,14.76573],[121.11955,14.76559],[121.11988,14.76536],[121.12057,14.76545]]],[[[121.12067,14.76594],[121.1203,14.76638],[121.11977,14.76671],[121.12003,14.76609],[121.12067,14.76594]]],[[[121.09767,14.76674],[121.09763,14.76665],[121.09763,14.76674],[121.09767,14.76674]]],[[[121.11631,14.76685],[121.11626,14.76689],[121.1163,14.76689],[121.11631,14.76685]]],[[[121.11668,14.76574],[121.11767,14.7664],[121.11747,14.7669],[121.11795,14.76687],[121.11766,14.76623],[121.11694,14.76571],[121.1176,14.76538],[121.11668,14.76574]]],[[[121.11745,14.76556],[121.11718,14.76549],[121.11748,14.76546],[121.11745,14.76556]]],[[[121.12353,14.76675],[121.12436,14.76666],[121.12359,14.76633],[121.12353,14.76675]]],[[[121.12405,14.76682],[121.12411,14.76669],[121.12413,14.76673],[121.12405,14.76682]]],[[[121.09721,14.7667],[121.09712,14.76651],[121.09716,14.76678],[121.09721,14.7667]]],[[[121.12032,14.76695],[121.12118,14.7666],[121.1203,14.76695],[121.12032,14.76695]]],[[[121.12085,14.76681],[121.12102,14.7668],[121.12081,14.76689],[121.12085,14.76681]]],[[[121.11645,14.76693],[121.11635,14.76698],[121.11649,14.76699],[121.11645,14.76693]]],[[[121.11871,14.76701],[121.11868,14.7669],[121.11864,14.76694],[121.11871,14.76701]]],[[[121.09725,14.76687],[121.09721,14.76683],[121.09721,14.76687],[121.09725,14.76687]]],[[[121.09928,14.76655],[121.09926,14.76594],[121.09916,14.76689],[121.09928,14.76655]]],[[[121.11663,14.76699],[121.11649,14.76703],[121.11663,14.76703],[121.11663,14.76699]]],[[[121.11723,14.76677],[121.11721,14.76699],[121.11728,14.76704],[121.11723,14.76677]]],[[[121.09842,14.76666],[121.09795,14.76648],[121.09781,14.76674],[121.09822,14.76691],[121.09842,14.76666]]],[[[121.09916,14.76693],[121.09911,14.76689],[121.09911,14.76693],[121.09916,14.76693]]],[[[121.11667,14.76703],[121.11663,14.76708],[121.11667,14.76708],[121.11667,14.76703]]],[[[121.11621,14.7668],[121.11597,14.76655],[121.11583,14.76665],[121.11576,14.76691],[121.1157,14.76645],[121.11635,14.76623],[121.11714,14.76672],[121.11714,14.76663],[121.11631,14.76609],[121.11566,14.76635],[121.11575,14.76707],[121.11621,14.7668]]],[[[121.1222,14.76715],[121.1225,14.76708],[121.12304,14.76663],[121.12259,14.76664],[121.1222,14.76715]]],[[[121.0973,14.76696],[121.09725,14.76692],[121.09725,14.76696],[121.0973,14.76696]]],[[[121.09911,14.76698],[121.09907,14.76693],[121.09906,14.76698],[121.09911,14.76698]]],[[[121.09906,14.76702],[121.09902,14.76698],[121.09902,14.76702],[121.09906,14.76702]]],[[[121.09902,14.76707],[121.09897,14.76702],[121.09897,14.76707],[121.09902,14.76707]]],[[[121.09897,14.76711],[121.09892,14.76707],[121.09892,14.76711],[121.09897,14.76711]]],[[[121.11636,14.76732],[121.11635,14.76717],[121.11624,14.7672],[121.11636,14.76732]]],[[[121.09892,14.7672],[121.09888,14.76711],[121.09888,14.7672],[121.09892,14.7672]]],[[[121.09888,14.76725],[121.09883,14.7672],[121.09883,14.76725],[121.09888,14.76725]]],[[[121.09763,14.76674],[121.09732,14.76708],[121.0979,14.76728],[121.0979,14.76715],[121.09763,14.76674]]],[[[121.09883,14.76729],[121.09878,14.76725],[121.09878,14.76729],[121.09883,14.76729]]],[[[121.09233,14.76733],[121.09238,14.76728],[121.09233,14.76728],[121.09233,14.76733]]],[[[121.09242,14.76733],[121.09237,14.76737],[121.09242,14.76738],[121.09242,14.76733]]],[[[121.09878,14.76743],[121.09874,14.76729],[121.09869,14.76743],[121.09878,14.76743]]],[[[121.03105,14.76683],[121.03109,14.76688],[121.03109,14.76683],[121.03105,14.76683]]],[[[121.09052,14.7674],[121.09133,14.76674],[121.09226,14.76697],[121.09182,14.76719],[121.09238,14.76697],[121.09122,14.76669],[121.09052,14.7674]]],[[[121.09072,14.7671],[121.09068,14.76705],[121.09072,14.76705],[121.09072,14.7671]]],[[[121.09091,14.76683],[121.09096,14.76687],[121.09096,14.76683],[121.09091,14.76683]]],[[[121.09091,14.76692],[121.09087,14.76687],[121.09086,14.76692],[121.09091,14.76692]]],[[[121.09128,14.76678],[121.09119,14.76674],[121.09128,14.76674],[121.09128,14.76678]]],[[[121.09156,14.76674],[121.09147,14.7667],[121.09156,14.7667],[121.09156,14.76674]]],[[[121.03152,14.76687],[121.0316,14.76693],[121.03161,14.76679],[121.03152,14.76687]]],[[[121.0936,14.76726],[121.09382,14.76745],[121.09428,14.76676],[121.0935,14.76698],[121.0936,14.76726]]],[[[121.09383,14.76712],[121.09388,14.76717],[121.09388,14.76712],[121.09383,14.76712]]],[[[121.09383,14.76721],[121.09379,14.76717],[121.09379,14.76721],[121.09383,14.76721]]],[[[121.09388,14.76708],[121.09393,14.76712],[121.09393,14.76708],[121.09388,14.76708]]],[[[121.09407,14.76726],[121.09402,14.76717],[121.09407,14.76717],[121.09407,14.76726]]],[[[121.09411,14.76708],[121.09402,14.76703],[121.09402,14.76708],[121.09411,14.76708]]],[[[121.0941,14.76703],[121.09415,14.76701],[121.09411,14.76697],[121.0941,14.76703]]],[[[121.03156,14.76697],[121.03152,14.76693],[121.03151,14.76697],[121.03156,14.76697]]],[[[121.12119,14.76771],[121.12125,14.76759],[121.12109,14.76761],[121.12119,14.76771]]],[[[121.09052,14.76749],[121.09047,14.7674],[121.09047,14.76749],[121.09052,14.76749]]],[[[121.03151,14.76702],[121.03146,14.76697],[121.03146,14.76702],[121.03151,14.76702]]],[[[121.09047,14.76754],[121.09042,14.76749],[121.09042,14.76754],[121.09047,14.76754]]],[[[121.03132,14.76706],[121.03128,14.76701],[121.03128,14.76706],[121.03132,14.76706]]],[[[121.03146,14.76706],[121.03142,14.76701],[121.03142,14.76706],[121.03146,14.76706]]],[[[121.09604,14.76759],[121.09678,14.76764],[121.09678,14.76759],[121.09604,14.76759]]],[[[121.03091,14.76706],[121.03091,14.76692],[121.03077,14.7671],[121.03091,14.76706]]],[[[121.03137,14.76706],[121.03132,14.7671],[121.03137,14.7671],[121.03137,14.76706]]],[[[121.12524,14.76777],[121.12572,14.76773],[121.12515,14.76758],[121.12524,14.76777]]],[[[121.09259,14.76762],[121.0927,14.76756],[121.09242,14.76738],[121.09259,14.76762]]],[[[121.09274,14.7676],[121.0927,14.76765],[121.09274,14.76765],[121.09274,14.7676]]],[[[121.09604,14.76768],[121.09595,14.76763],[121.09595,14.76768],[121.09604,14.76768]]],[[[121.09697,14.76764],[121.09683,14.76768],[121.09697,14.76768],[121.09697,14.76764]]],[[[121.03077,14.76714],[121.03072,14.7671],[121.03072,14.76714],[121.03077,14.76714]]],[[[121.03132,14.76715],[121.03129,14.7671],[121.03128,14.76715],[121.03132,14.76715]]],[[[121.09042,14.76767],[121.09038,14.76758],[121.09038,14.76767],[121.09042,14.76767]]],[[[121.0927,14.76769],[121.09265,14.76765],[121.09265,14.76769],[121.0927,14.76769]]],[[[121.09595,14.76772],[121.09581,14.76767],[121.09581,14.76772],[121.09595,14.76772]]],[[[121.09702,14.76773],[121.09711,14.76769],[121.09702,14.76768],[121.09702,14.76773]]],[[[121.03072,14.76719],[121.03067,14.76714],[121.03067,14.76719],[121.03072,14.76719]]],[[[121.03128,14.76719],[121.03123,14.76715],[121.03123,14.76719],[121.03128,14.76719]]],[[[121.09279,14.76765],[121.09274,14.76774],[121.09279,14.76774],[121.09279,14.76765]]],[[[121.09581,14.76776],[121.09572,14.76772],[121.09571,14.76776],[121.09581,14.76776]]],[[[121.0972,14.76773],[121.09713,14.76778],[121.0972,14.76778],[121.0972,14.76773]]],[[[121.09274,14.76778],[121.0927,14.76774],[121.0927,14.76778],[121.09274,14.76778]]],[[[121.09571,14.76781],[121.09562,14.76776],[121.09562,14.76781],[121.09571,14.76781]]],[[[121.09729,14.76778],[121.0972,14.76782],[121.09729,14.76782],[121.09729,14.76778]]],[[[121.03123,14.76724],[121.03112,14.76718],[121.03109,14.76728],[121.03123,14.76724]]],[[[121.09037,14.76781],[121.09033,14.76772],[121.09033,14.76781],[121.09037,14.76781]]],[[[121.09279,14.76778],[121.09284,14.76783],[121.09284,14.76779],[121.09279,14.76778]]],[[[121.09559,14.76785],[121.09553,14.76781],[121.09553,14.76785],[121.09559,14.76785]]],[[[121.09743,14.76782],[121.09729,14.76787],[121.09743,14.76787],[121.09743,14.76782]]],[[[121.09748,14.76737],[121.09665,14.7666],[121.09572,14.76663],[121.09516,14.76704],[121.09502,14.76735],[121.09505,14.76787],[121.09574,14.76716],[121.09706,14.76746],[121.09748,14.76737]]],[[[121.09553,14.7679],[121.09548,14.76785],[121.09548,14.7679],[121.09553,14.7679]]],[[[121.09748,14.76787],[121.09743,14.76791],[121.09748,14.76791],[121.09748,14.76787]]],[[[121.03063,14.76728],[121.03053,14.76723],[121.03049,14.76737],[121.03063,14.76728]]],[[[121.09279,14.76792],[121.09274,14.76783],[121.09274,14.76792],[121.09279,14.76792]]],[[[121.09288,14.76792],[121.09283,14.76788],[121.09283,14.76792],[121.09288,14.76792]]],[[[121.09539,14.7679],[121.09543,14.76794],[121.09543,14.7679],[121.09539,14.7679]]],[[[121.09752,14.76791],[121.09748,14.76796],[121.09752,14.76796],[121.09752,14.76791]]],[[[121.09539,14.76799],[121.09534,14.76794],[121.09534,14.76799],[121.09539,14.76799]]],[[[121.09037,14.7679],[121.09042,14.76799],[121.0904,14.7679],[121.09037,14.7679]]],[[[121.09283,14.76801],[121.09279,14.76797],[121.09279,14.76801],[121.09283,14.76801]]],[[[121.09293,14.76801],[121.09288,14.76797],[121.09288,14.76801],[121.09293,14.76801]]],[[[121.09534,14.76803],[121.09529,14.76799],[121.09529,14.76803],[121.09534,14.76803]]],[[[121.09766,14.76805],[121.09762,14.76801],[121.09762,14.76805],[121.09766,14.76805]]],[[[121.04683,14.76746],[121.04693,14.76764],[121.04702,14.76746],[121.04683,14.76746]]],[[[121.09799,14.7681],[121.09771,14.76805],[121.09771,14.7681],[121.09799,14.7681]]],[[[121.09288,14.7681],[121.09283,14.76806],[121.09283,14.7681],[121.09288,14.7681]]],[[[121.09866,14.76784],[121.09869,14.76743],[121.09841,14.76762],[121.09827,14.7681],[121.09866,14.76784]]],[[[121.04674,14.76773],[121.04665,14.76763],[121.04665,14.76772],[121.04674,14.76773]]],[[[121.09297,14.76815],[121.09293,14.7681],[121.09293,14.76815],[121.09297,14.76815]]],[[[121.0984,14.76815],[121.09836,14.76819],[121.0984,14.76819],[121.0984,14.76815]]],[[[121.12054,14.76838],[121.12066,14.76786],[121.11931,14.76826],[121.11986,14.76815],[121.12054,14.76838]]],[[[121.12052,14.76801],[121.12022,14.76813],[121.12011,14.768],[121.12052,14.76801]]],[[[121.09872,14.76797],[121.09903,14.76802],[121.09915,14.76806],[121.09943,14.76784],[121.09948,14.76771],[121.09872,14.76797]]],[[[121.09292,14.76824],[121.09288,14.76819],[121.09288,14.76824],[121.09292,14.76824]]],[[[121.09302,14.76824],[121.09297,14.76819],[121.09297,14.76824],[121.09302,14.76824]]],[[[121.09812,14.76828],[121.09817,14.76815],[121.09803,14.7681],[121.09812,14.76828]]],[[[121.09822,14.76828],[121.09817,14.76833],[121.09822,14.76833],[121.09822,14.76828]]],[[[121.09845,14.76819],[121.09838,14.76827],[121.09845,14.76833],[121.09845,14.76819]]],[[[121.11368,14.7684],[121.11418,14.76828],[121.11363,14.76821],[121.11368,14.7684]]],[[[121.12396,14.76855],[121.12461,14.76771],[121.1244,14.76733],[121.12369,14.76758],[121.12396,14.76855]]],[[[121.12399,14.7684],[121.12393,14.76798],[121.12409,14.76795],[121.12399,14.7684]]],[[[121.09037,14.76817],[121.09028,14.76799],[121.09028,14.76831],[121.09037,14.76817]]],[[[121.09306,14.76828],[121.09299,14.76832],[121.09306,14.76833],[121.09306,14.76828]]],[[[121.12097,14.7685],[121.12142,14.76848],[121.12094,14.7684],[121.12097,14.7685]]],[[[121.09831,14.76833],[121.09825,14.76839],[121.09831,14.76842],[121.09831,14.76833]]],[[[121.09297,14.76828],[121.09292,14.76837],[121.09299,14.76841],[121.09297,14.76828]]],[[[121.09309,14.76836],[121.09304,14.76841],[121.09309,14.76841],[121.09309,14.76836]]],[[[121.08649,14.76838],[121.08656,14.76831],[121.08652,14.76832],[121.08649,14.76838]]],[[[121.09313,14.76845],[121.09309,14.7685],[121.09313,14.7685],[121.09313,14.76845]]],[[[121.09315,14.76856],[121.09311,14.76851],[121.09311,14.76856],[121.09315,14.76856]]],[[[121.09304,14.7685],[121.09299,14.76859],[121.09304,14.76859],[121.09304,14.7685]]],[[[121.09306,14.76865],[121.09301,14.7686],[121.09301,14.76865],[121.09306,14.76865]]],[[[121.11568,14.76879],[121.11559,14.76883],[121.11568,14.76883],[121.11568,14.76879]]],[[[121.02918,14.76808],[121.02941,14.76813],[121.02946,14.76804],[121.02918,14.76808]]],[[[121.11732,14.7688],[121.11812,14.76882],[121.1172,14.76858],[121.11732,14.7688]]],[[[121.02918,14.76822],[121.02913,14.76817],[121.02913,14.76822],[121.02918,14.76822]]],[[[121.1202,14.76869],[121.12051,14.7689],[121.1204,14.76867],[121.1202,14.76869]]],[[[121.09308,14.76868],[121.09304,14.76877],[121.09308,14.76877],[121.09308,14.76868]]],[[[121.11602,14.76895],[121.11587,14.76897],[121.11605,14.76902],[121.11602,14.76895]]],[[[121.04478,14.76843],[121.04515,14.76834],[121.04478,14.76825],[121.04478,14.76843]]],[[[121.04493,14.76843],[121.04488,14.76838],[121.04493,14.76838],[121.04493,14.76843]]],[[[121.04483,14.76838],[121.04479,14.76834],[121.04483,14.76834],[121.04483,14.76838]]],[[[121.0932,14.76874],[121.09313,14.76877],[121.0932,14.76887],[121.0932,14.76874]]],[[[121.11801,14.76724],[121.11735,14.7672],[121.11754,14.76729],[121.11786,14.76728],[121.11775,14.76766],[121.11667,14.76712],[121.11926,14.76906],[121.11794,14.7677],[121.11801,14.76724]]],[[[121.09508,14.76874],[121.09485,14.76842],[121.09496,14.76893],[121.09508,14.76874]]],[[[121.09489,14.76844],[121.09494,14.76853],[121.09489,14.76853],[121.09489,14.76844]]],[[[121.02983,14.76831],[121.03006,14.76836],[121.03011,14.76827],[121.02983,14.76831]]],[[[121.09322,14.76891],[121.09317,14.769],[121.09322,14.769],[121.09322,14.76891]]],[[[121.09313,14.76882],[121.09308,14.76895],[121.09315,14.76901],[121.09313,14.76882]]],[[[121.09937,14.76906],[121.09933,14.76901],[121.09933,14.76906],[121.09937,14.76906]]],[[[121.04534,14.76853],[121.04515,14.76862],[121.04534,14.76862],[121.04534,14.76853]]],[[[121.0459,14.76862],[121.0458,14.76853],[121.0458,14.76862],[121.0459,14.76862]]],[[[121.12201,14.76927],[121.12321,14.76827],[121.12257,14.76759],[121.12169,14.7678],[121.1216,14.769],[121.12201,14.76927]]],[[[121.12195,14.76846],[121.12226,14.7687],[121.12185,14.76907],[121.12173,14.76895],[121.12195,14.76846]]],[[[121.12251,14.76845],[121.12217,14.76815],[121.12261,14.76814],[121.12251,14.76845]]],[[[121.12247,14.76788],[121.12186,14.76778],[121.12245,14.76772],[121.12247,14.76788]]],[[[121.09933,14.7691],[121.09928,14.76906],[121.09928,14.7691],[121.09933,14.7691]]],[[[121.04543,14.76862],[121.04534,14.76871],[121.04543,14.76871],[121.04543,14.76862]]],[[[121.11559,14.76879],[121.1148,14.76806],[121.11548,14.76732],[121.1153,14.76792],[121.11555,14.76815],[121.11664,14.76851],[121.11666,14.76915],[121.11648,14.76922],[121.11614,14.76904],[121.11605,14.76906],[121.11667,14.76934],[121.11714,14.76906],[121.11668,14.76886],[121.11684,14.76842],[121.11546,14.76797],[121.11563,14.76765],[121.11659,14.76787],[121.11536,14.76723],[121.1146,14.76799],[121.11559,14.76879]]],[[[121.1147,14.76781],[121.11476,14.76779],[121.11475,14.76789],[121.1147,14.76781]]],[[[121.11639,14.76784],[121.11623,14.76795],[121.11619,14.76786],[121.11639,14.76784]]],[[[121.02769,14.76861],[121.0276,14.76856],[121.0276,14.76861],[121.02769,14.76861]]],[[[121.02778,14.76861],[121.02792,14.76857],[121.02778,14.76857],[121.02778,14.76861]]],[[[121.02801,14.76861],[121.02806,14.76866],[121.02806,14.76861],[121.02801,14.76861]]],[[[121.02801,14.7687],[121.02792,14.76866],[121.02792,14.7687],[121.02801,14.7687]]],[[[121.09896,14.76824],[121.09893,14.76895],[121.09913,14.76934],[121.09928,14.76915],[121.09896,14.76824]]],[[[121.04626,14.7689],[121.04636,14.76881],[121.04627,14.76881],[121.04626,14.7689]]],[[[121.0275,14.76874],[121.02746,14.76865],[121.02746,14.76874],[121.0275,14.76874]]],[[[121.02811,14.76866],[121.02806,14.76875],[121.02811,14.76875],[121.02811,14.76866]]],[[[121.02927,14.76853],[121.02927,14.7688],[121.02931,14.76856],[121.02927,14.76853]]],[[[121.09324,14.76946],[121.09324,14.76901],[121.0932,14.76901],[121.09324,14.76946]]],[[[121.02917,14.76898],[121.02914,14.76889],[121.02913,14.76898],[121.02917,14.76898]]],[[[121.12073,14.76973],[121.12116,14.76961],[121.1206,14.76957],[121.12073,14.76973]]],[[[121.02796,14.76897],[121.02792,14.76902],[121.02796,14.76902],[121.02796,14.76897]]],[[[121.02792,14.76906],[121.02787,14.76902],[121.02787,14.76906],[121.02792,14.76906]]],[[[121.02912,14.76907],[121.02908,14.76903],[121.02908,14.76907],[121.02912,14.76907]]],[[[121.04635,14.76926],[121.04626,14.76917],[121.04626,14.76925],[121.04635,14.76926]]],[[[121.0281,14.76911],[121.02806,14.76906],[121.02806,14.76911],[121.0281,14.76911]]],[[[121.04135,14.76925],[121.04147,14.76889],[121.04149,14.76873],[121.04135,14.76925]]],[[[121.02801,14.76915],[121.02796,14.76911],[121.02796,14.76915],[121.02801,14.76915]]],[[[121.02819,14.76916],[121.02815,14.76911],[121.02815,14.76916],[121.02819,14.76916]]],[[[121.09828,14.76967],[121.09823,14.76976],[121.09828,14.76976],[121.09828,14.76967]]],[[[121.0281,14.7692],[121.02806,14.76915],[121.02806,14.7692],[121.0281,14.7692]]],[[[121.02861,14.7692],[121.02833,14.76916],[121.02833,14.7692],[121.02861,14.7692]]],[[[121.0983,14.76982],[121.09825,14.76977],[121.09825,14.76982],[121.0983,14.76982]]],[[[121.02819,14.76925],[121.02815,14.7692],[121.02815,14.76925],[121.02819,14.76925]]],[[[121.04552,14.76934],[121.0457,14.76925],[121.04552,14.76916],[121.04552,14.76934]]],[[[121.04654,14.76899],[121.04645,14.76944],[121.04654,14.76944],[121.04654,14.76899]]],[[[121.02861,14.7693],[121.02833,14.76925],[121.02833,14.76929],[121.02861,14.7693]]],[[[121.09832,14.76985],[121.09827,14.7699],[121.09832,14.7699],[121.09832,14.76985]]],[[[121.0993,14.76979],[121.09925,14.76991],[121.0993,14.76991],[121.0993,14.76979]]],[[[121.04579,14.76952],[121.04598,14.76944],[121.0458,14.76943],[121.04579,14.76952]]],[[[121.04644,14.76953],[121.04626,14.76944],[121.04626,14.76953],[121.04644,14.76953]]],[[[121.04626,14.76962],[121.04598,14.76953],[121.04598,14.76962],[121.04626,14.76962]]],[[[121.09831,14.76842],[121.0986,14.76958],[121.09876,14.76986],[121.09832,14.77003],[121.09883,14.77013],[121.09866,14.76877],[121.09831,14.76842]]],[[[121.04459,14.76924],[121.04468,14.7697],[121.04468,14.76924],[121.04459,14.76924]]],[[[121.04432,14.76852],[121.04366,14.7696],[121.04384,14.76978],[121.04403,14.76978],[121.04431,14.7696],[121.04432,14.76852]]],[[[121.04394,14.76964],[121.04399,14.76969],[121.04394,14.76969],[121.04394,14.76964]]],[[[121.04399,14.7696],[121.0439,14.76955],[121.04399,14.76955],[121.04399,14.7696]]],[[[121.02759,14.76969],[121.02786,14.7689],[121.02769,14.76888],[121.02756,14.76903],[121.02759,14.76969]]],[[[121.04449,14.76988],[121.0444,14.76969],[121.0444,14.76987],[121.04449,14.76988]]],[[[121.02712,14.76978],[121.02717,14.76987],[121.02717,14.76978],[121.02712,14.76978]]],[[[121.02712,14.76996],[121.02707,14.76987],[121.02707,14.76996],[121.02712,14.76996]]],[[[121.08032,14.7703],[121.08042,14.77017],[121.08026,14.77002],[121.08032,14.7703]]],[[[121.11423,14.77064],[121.11415,14.77054],[121.11427,14.77081],[121.11423,14.77064]]],[[[121.09399,14.77095],[121.0939,14.7709],[121.0939,14.77095],[121.09399,14.77095]]],[[[121.09922,14.77091],[121.09927,14.76992],[121.09918,14.77066],[121.09901,14.76948],[121.09863,14.76892],[121.09922,14.77091]]],[[[121.04002,14.77052],[121.04,14.77046],[121.03998,14.77052],[121.04002,14.77052]]],[[[121.09833,14.77095],[121.0983,14.77095],[121.09833,14.77102],[121.09833,14.77095]]],[[[121.03979,14.77052],[121.03993,14.77055],[121.03993,14.77052],[121.03979,14.77052]]],[[[121.11846,14.77108],[121.12078,14.77011],[121.12008,14.77036],[121.11863,14.76943],[121.11731,14.76932],[121.11693,14.76956],[121.117,14.76978],[121.11744,14.77011],[121.11733,14.76947],[121.11894,14.76973],[121.11944,14.77042],[121.11795,14.77012],[121.11846,14.77078],[121.11897,14.77054],[121.11846,14.77108]]],[[[121.11886,14.771],[121.11914,14.77079],[121.11886,14.77102],[121.11886,14.771]]],[[[121.12025,14.77059],[121.12008,14.77043],[121.12036,14.77041],[121.12025,14.77059]]],[[[121.0985,14.77107],[121.09848,14.77036],[121.09841,14.77035],[121.0985,14.77107]]],[[[121.03979,14.77057],[121.03968,14.77058],[121.03979,14.77061],[121.03979,14.77057]]],[[[121.03766,14.77061],[121.0377,14.77037],[121.03759,14.7704],[121.03766,14.77061]]],[[[121.09856,14.77109],[121.09852,14.77113],[121.09859,14.77114],[121.09856,14.77109]]],[[[121.09866,14.77109],[121.09861,14.77113],[121.0987,14.77114],[121.09866,14.77109]]],[[[121.12663,14.77122],[121.12699,14.77125],[121.1269,14.77091],[121.12663,14.77122]]],[[[121.08148,14.77103],[121.08157,14.77108],[121.08157,14.77104],[121.08148,14.77103]]],[[[121.08148,14.77112],[121.08143,14.77108],[121.08143,14.77112],[121.08148,14.77112]]],[[[121.08162,14.77108],[121.08157,14.77113],[121.08162,14.77113],[121.08162,14.77108]]],[[[121.08166,14.77113],[121.08161,14.77117],[121.08166,14.77117],[121.08166,14.77113]]],[[[121.02707,14.77055],[121.02697,14.77068],[121.02707,14.77073],[121.02707,14.77055]]],[[[121.02734,14.77073],[121.02726,14.77032],[121.02725,14.77073],[121.02734,14.77073]]],[[[121.08171,14.77117],[121.08166,14.77122],[121.08171,14.77122],[121.08171,14.77117]]],[[[121.08157,14.77126],[121.08161,14.77122],[121.08157,14.77122],[121.08157,14.77126]]],[[[121.08059,14.77125],[121.08097,14.77108],[121.08096,14.77096],[121.08129,14.77108],[121.08143,14.77099],[121.08085,14.77093],[121.08059,14.77125]]],[[[121.08166,14.77126],[121.08161,14.77131],[121.08166,14.77131],[121.08166,14.77126]]],[[[121.02734,14.77078],[121.02739,14.77087],[121.02739,14.77078],[121.02734,14.77078]]],[[[121.11449,14.77158],[121.11448,14.7713],[121.11442,14.77131],[121.11449,14.77158]]],[[[121.02734,14.77091],[121.0273,14.77087],[121.0273,14.77091],[121.02734,14.77091]]],[[[121.04294,14.77109],[121.04299,14.77111],[121.04295,14.77089],[121.04294,14.77109]]],[[[121.08175,14.77144],[121.08171,14.77131],[121.08166,14.7714],[121.08175,14.77144]]],[[[121.02688,14.77104],[121.02692,14.77109],[121.02692,14.77104],[121.02688,14.77104]]],[[[121.03872,14.77119],[121.03867,14.77114],[121.03867,14.77119],[121.03872,14.77119]]],[[[121.03872,14.7711],[121.03886,14.77119],[121.0389,14.77105],[121.03872,14.7711]]],[[[121.02688,14.77113],[121.02678,14.77109],[121.02678,14.77113],[121.02688,14.77113]]],[[[121.03867,14.77123],[121.03862,14.77119],[121.03862,14.77123],[121.03867,14.77123]]],[[[121.12062,14.77192],[121.12188,14.77128],[121.12067,14.77132],[121.12083,14.77043],[121.1198,14.77141],[121.12062,14.77192]]],[[[121.1204,14.77145],[121.12063,14.77087],[121.12056,14.77146],[121.12162,14.77135],[121.12058,14.77179],[121.1204,14.77145]]],[[[121.08055,14.77134],[121.08045,14.77134],[121.08036,14.77161],[121.08059,14.77139],[121.08055,14.77134]]],[[[121.11812,14.77188],[121.11819,14.77191],[121.11819,14.77186],[121.11812,14.77188]]],[[[121.02678,14.77118],[121.02674,14.77113],[121.02674,14.77118],[121.02678,14.77118]]],[[[121.03862,14.77132],[121.03858,14.77128],[121.03858,14.77132],[121.03862,14.77132]]],[[[121.07209,14.77163],[121.07195,14.77159],[121.07195,14.77163],[121.07209,14.77163]]],[[[121.07232,14.77164],[121.07228,14.77159],[121.07228,14.77164],[121.07232,14.77164]]],[[[121.0272,14.77123],[121.02725,14.77127],[121.02725,14.77123],[121.0272,14.77123]]],[[[121.12608,14.77186],[121.12675,14.77198],[121.12669,14.77179],[121.12608,14.77186]]],[[[121.07246,14.77168],[121.07239,14.77163],[121.07239,14.77167],[121.07246,14.77168]]],[[[121.02674,14.77122],[121.0266,14.77122],[121.0266,14.77131],[121.02674,14.77122]]],[[[121.0272,14.77132],[121.02716,14.77127],[121.02715,14.77132],[121.0272,14.77132]]],[[[121.07255,14.77173],[121.07249,14.77167],[121.07249,14.77172],[121.07255,14.77173]]],[[[121.1177,14.77206],[121.11777,14.77209],[121.11775,14.77204],[121.1177,14.77206]]],[[[121.11955,14.77214],[121.11923,14.77126],[121.11865,14.7713],[121.1187,14.77156],[121.11955,14.77214]]],[[[121.11929,14.77177],[121.11939,14.77179],[121.11935,14.7719],[121.11929,14.77177]]],[[[121.11887,14.77153],[121.11912,14.77139],[121.1191,14.77153],[121.11887,14.77153]]],[[[121.04289,14.77136],[121.04285,14.77133],[121.04266,14.77151],[121.04289,14.77136]]],[[[121.07265,14.77177],[121.07258,14.77172],[121.07258,14.77176],[121.07265,14.77177]]],[[[121.02706,14.77141],[121.02702,14.77136],[121.02701,14.77141],[121.02706,14.77141]]],[[[121.07267,14.77181],[121.07272,14.77176],[121.07267,14.77176],[121.07267,14.77181]]],[[[121.07255,14.77177],[121.07249,14.77178],[121.07255,14.77182],[121.07255,14.77177]]],[[[121.03857,14.77155],[121.03853,14.77137],[121.03853,14.77155],[121.03857,14.77155]]],[[[121.07174,14.77176],[121.07193,14.77176],[121.07193,14.77162],[121.07174,14.77176]]],[[[121.07279,14.77182],[121.07258,14.77182],[121.07283,14.77191],[121.07279,14.77182]]],[[[121.08026,14.77197],[121.08036,14.77179],[121.08036,14.77166],[121.08026,14.77197]]],[[[121.12729,14.77244],[121.12726,14.77232],[121.12724,14.77244],[121.12729,14.77244]]],[[[121.02664,14.77154],[121.02665,14.77157],[121.02673,14.77154],[121.02664,14.77154]]],[[[121.11591,14.77248],[121.11598,14.77245],[121.11589,14.77239],[121.11591,14.77248]]],[[[121.11602,14.77249],[121.11598,14.77254],[121.11602,14.77254],[121.11602,14.77249]]],[[[121.11586,14.77254],[121.11577,14.77239],[121.11577,14.77252],[121.11586,14.77254]]],[[[121.11607,14.77254],[121.11602,14.77259],[121.11607,14.77259],[121.11607,14.77254]]],[[[121.12766,14.7721],[121.12752,14.77221],[121.12723,14.77278],[121.12766,14.7721]]],[[[121.11653,14.77273],[121.11551,14.77197],[121.1149,14.77225],[121.11556,14.77206],[121.11653,14.77273]]],[[[121.03676,14.77212],[121.03671,14.77208],[121.03671,14.77212],[121.03676,14.77212]]],[[[121.03676,14.77203],[121.03691,14.77212],[121.03695,14.77203],[121.03676,14.77203]]],[[[121.04266,14.77151],[121.04237,14.77164],[121.04242,14.77205],[121.04211,14.77131],[121.04238,14.77217],[121.04266,14.77151]]],[[[121.03671,14.77217],[121.03667,14.77212],[121.03667,14.77217],[121.03671,14.77217]]],[[[121.02631,14.77208],[121.0264,14.77199],[121.02655,14.77172],[121.02631,14.77208]]],[[[121.0265,14.77217],[121.02654,14.77221],[121.02654,14.77217],[121.0265,14.77217]]],[[[121.02716,14.77216],[121.02729,14.77213],[121.02696,14.77217],[121.02716,14.77216]]],[[[121.03676,14.7723],[121.03671,14.77221],[121.03671,14.7723],[121.03676,14.7723]]],[[[121.02683,14.77225],[121.02677,14.77217],[121.02659,14.77225],[121.02683,14.77225]]],[[[121.0265,14.77226],[121.02646,14.77221],[121.02645,14.77226],[121.0265,14.77226]]],[[[121.03244,14.77231],[121.03253,14.77227],[121.03244,14.77226],[121.03244,14.77231]]],[[[121.12547,14.7731],[121.12552,14.77305],[121.12547,14.77305],[121.12547,14.7731]]],[[[121.03235,14.77231],[121.03239,14.77235],[121.03239,14.77231],[121.03235,14.77231]]],[[[121.03234,14.77239],[121.0323,14.77235],[121.0323,14.7724],[121.03234,14.77239]]],[[[121.03671,14.77244],[121.03662,14.77221],[121.03662,14.77244],[121.03671,14.77244]]],[[[121.12575,14.7732],[121.12631,14.77306],[121.12658,14.77271],[121.12583,14.77272],[121.1253,14.77179],[121.1239,14.77165],[121.12533,14.77305],[121.12517,14.77232],[121.12444,14.77185],[121.12524,14.77191],[121.12562,14.77275],[121.12639,14.77282],[121.12575,14.7732]]],[[[121.02575,14.77234],[121.02598,14.77239],[121.02608,14.7723],[121.02566,14.77225],[121.02575,14.77234]]],[[[121.02617,14.77239],[121.02617,14.77235],[121.02611,14.77237],[121.02617,14.77239]]],[[[121.0323,14.77244],[121.03225,14.7724],[121.03225,14.77244],[121.0323,14.77244]]],[[[121.03364,14.77246],[121.03318,14.77223],[121.03258,14.77222],[121.03301,14.77226],[121.03364,14.77246]]],[[[121.03407,14.77246],[121.03392,14.77241],[121.03392,14.77246],[121.03407,14.77246]]],[[[121.125,14.77314],[121.12464,14.77309],[121.12431,14.77318],[121.12455,14.77322],[121.125,14.77314]]],[[[121.125,14.77319],[121.1251,14.77314],[121.12501,14.77314],[121.125,14.77319]]],[[[121.03225,14.77249],[121.0322,14.77244],[121.0322,14.77249],[121.03225,14.77249]]],[[[121.03392,14.77249],[121.03364,14.77246],[121.03364,14.7725],[121.03392,14.77249]]],[[[121.12403,14.77325],[121.12426,14.77323],[121.12426,14.77318],[121.12403,14.77325]]],[[[121.12528,14.77324],[121.12514,14.77327],[121.12528,14.77328],[121.12528,14.77324]]],[[[121.1177,14.7721],[121.1171,14.77224],[121.11693,14.77117],[121.11768,14.77134],[121.11727,14.77055],[121.11522,14.76901],[121.11446,14.76861],[121.11366,14.76939],[121.11469,14.7694],[121.1146,14.76874],[121.11706,14.77048],[121.11721,14.77101],[121.11678,14.77113],[121.11671,14.77162],[121.11657,14.77102],[121.11581,14.77019],[121.11485,14.7698],[121.1142,14.76996],[121.11401,14.7702],[121.11627,14.7709],[121.11623,14.77164],[121.11731,14.77262],[121.11846,14.77253],[121.11897,14.77324],[121.12042,14.77301],[121.11932,14.77276],[121.1187,14.77191],[121.11747,14.77247],[121.1177,14.7721]]],[[[121.11856,14.77236],[121.11872,14.77234],[121.11862,14.77246],[121.11856,14.77236]]],[[[121.11911,14.77261],[121.1189,14.77267],[121.11893,14.77249],[121.11911,14.77261]]],[[[121.11451,14.76914],[121.11443,14.76933],[121.11439,14.76916],[121.11451,14.76914]]],[[[121.07185,14.77285],[121.0718,14.77281],[121.0718,14.77285],[121.07185,14.77285]]],[[[121.02464,14.77247],[121.02459,14.77243],[121.02459,14.77247],[121.02464,14.77247]]],[[[121.0248,14.77238],[121.02529,14.77238],[121.02529,14.77234],[121.0248,14.77238]]],[[[121.02626,14.77239],[121.02621,14.77248],[121.02631,14.77248],[121.02626,14.77239]]],[[[121.02635,14.77244],[121.02645,14.77248],[121.02645,14.77244],[121.02635,14.77244]]],[[[121.12389,14.77326],[121.12398,14.77331],[121.12398,14.77326],[121.12389,14.77326]]],[[[121.12542,14.77333],[121.12533,14.77328],[121.12533,14.77333],[121.12542,14.77333]]],[[[121.02482,14.77252],[121.02473,14.77247],[121.02473,14.77251],[121.02482,14.77252]]],[[[121.02635,14.77253],[121.02631,14.77248],[121.02631,14.77253],[121.02635,14.77253]]],[[[121.02669,14.77253],[121.02649,14.77248],[121.02649,14.77253],[121.02669,14.77253]]],[[[121.02686,14.77253],[121.02696,14.77244],[121.02682,14.77244],[121.02686,14.77253]]],[[[121.0322,14.77258],[121.03216,14.77249],[121.03216,14.77258],[121.0322,14.77258]]],[[[121.07187,14.77289],[121.07183,14.77293],[121.07187,14.77293],[121.07187,14.77289]]],[[[121.12375,14.77331],[121.12384,14.77335],[121.12384,14.77331],[121.12375,14.77331]]],[[[121.12575,14.77338],[121.12579,14.77332],[121.12575,14.77332],[121.12575,14.77338]]],[[[121.12552,14.77332],[121.12561,14.77333],[121.12561,14.77329],[121.12552,14.77332]]],[[[121.12071,14.7724],[121.12178,14.77303],[121.12203,14.77269],[121.1213,14.77217],[121.12187,14.77214],[121.12257,14.77289],[121.12443,14.77292],[121.12409,14.77243],[121.12253,14.77276],[121.12204,14.77212],[121.12127,14.77183],[121.12044,14.7724],[121.12175,14.77334],[121.12071,14.7724]]],[[[121.1215,14.77254],[121.12138,14.77275],[121.12125,14.77256],[121.1215,14.77254]]],[[[121.12952,14.77343],[121.12944,14.77269],[121.12899,14.77249],[121.12923,14.77322],[121.12952,14.77343]]],[[[121.12929,14.77298],[121.12942,14.77298],[121.1294,14.77327],[121.12929,14.77298]]],[[[121.02468,14.77256],[121.02464,14.77251],[121.02463,14.77256],[121.02468,14.77256]]],[[[121.02645,14.77257],[121.0264,14.77253],[121.0264,14.77257],[121.02645,14.77257]]],[[[121.02682,14.77258],[121.02677,14.77253],[121.02677,14.77258],[121.02682,14.77258]]],[[[121.04204,14.77273],[121.04223,14.77253],[121.04193,14.77258],[121.04204,14.77273]]],[[[121.02454,14.7726],[121.0245,14.77256],[121.0245,14.7726],[121.02454,14.7726]]],[[[121.03216,14.77267],[121.03211,14.77258],[121.03211,14.77267],[121.03216,14.77267]]],[[[121.07995,14.77306],[121.07966,14.77306],[121.07967,14.77309],[121.07995,14.77306]]],[[[121.0835,14.77299],[121.08369,14.77304],[121.08369,14.773],[121.0835,14.77299]]],[[[121.07189,14.77303],[121.07185,14.77294],[121.07185,14.77303],[121.07189,14.77303]]],[[[121.07925,14.77308],[121.08011,14.77306],[121.08014,14.773],[121.07925,14.77308]]],[[[121.12203,14.77334],[121.1235,14.77323],[121.1235,14.77318],[121.12203,14.77334]]],[[[121.02445,14.77265],[121.0244,14.7726],[121.0244,14.77265],[121.02445,14.77265]]],[[[121.08341,14.77313],[121.08345,14.77317],[121.08345,14.77313],[121.08341,14.77313]]],[[[121.03411,14.77241],[121.03448,14.77278],[121.03468,14.77262],[121.03452,14.77223],[121.03411,14.77241]]],[[[121.12723,14.77352],[121.12753,14.7734],[121.1271,14.77334],[121.12723,14.77352]]],[[[121.07192,14.77307],[121.07187,14.77311],[121.07192,14.77311],[121.07192,14.77307]]],[[[121.1182,14.77319],[121.11764,14.77308],[121.11854,14.77351],[121.1182,14.77319]]],[[[121.02417,14.77274],[121.02398,14.77269],[121.02398,14.77273],[121.02417,14.77274]]],[[[121.03299,14.77263],[121.03351,14.77279],[121.03334,14.77265],[121.03328,14.77263],[121.03299,14.77263]]],[[[121.08338,14.77325],[121.08336,14.77317],[121.08334,14.77325],[121.08338,14.77325]]],[[[121.08357,14.77312],[121.08352,14.77318],[121.08347,14.77318],[121.08347,14.77325],[121.08357,14.77312]]],[[[121.0718,14.77317],[121.07183,14.7728],[121.07167,14.77226],[121.07164,14.77279],[121.0718,14.77317]]],[[[121.0336,14.77286],[121.03356,14.77289],[121.0336,14.77291],[121.0336,14.77286]]],[[[121.08338,14.77334],[121.08345,14.77327],[121.08341,14.77327],[121.08338,14.77334]]],[[[121.12226,14.77366],[121.12231,14.77361],[121.12226,14.77361],[121.12226,14.77366]]],[[[121.13327,14.77376],[121.13332,14.77352],[121.1332,14.77371],[121.13327,14.77376]]],[[[121.07182,14.77329],[121.07178,14.7732],[121.07178,14.77329],[121.07182,14.77329]]],[[[121.07196,14.77329],[121.07192,14.77325],[121.07191,14.77329],[121.07196,14.77329]]],[[[121.12235,14.77371],[121.1224,14.77366],[121.12236,14.77366],[121.12235,14.77371]]],[[[121.03215,14.77294],[121.0322,14.77299],[121.0322,14.77294],[121.03215,14.77294]]],[[[121.08336,14.77335],[121.08338,14.77343],[121.08341,14.77336],[121.08336,14.77335]]],[[[121.08324,14.77339],[121.08331,14.77339],[121.08336,14.77326],[121.08324,14.77339]]],[[[121.04055,14.77312],[121.04074,14.77297],[121.04049,14.773],[121.04055,14.77312]]],[[[121.08336,14.77344],[121.08329,14.77352],[121.08334,14.77352],[121.08336,14.77344]]],[[[121.07187,14.77347],[121.07182,14.77338],[121.07182,14.77347],[121.07187,14.77347]]],[[[121.07201,14.77347],[121.07196,14.77343],[121.07196,14.77347],[121.07201,14.77347]]],[[[121.03197,14.77316],[121.03207,14.77296],[121.03206,14.77267],[121.03197,14.77316]]],[[[121.07758,14.77357],[121.07762,14.77344],[121.07758,14.77348],[121.07758,14.77357]]],[[[121.12629,14.77373],[121.12665,14.77398],[121.12695,14.77383],[121.12629,14.77373]]],[[[121.07191,14.77361],[121.07187,14.77356],[121.07187,14.77361],[121.07191,14.77361]]],[[[121.07205,14.77361],[121.07201,14.77357],[121.072,14.77361],[121.07205,14.77361]]],[[[121.08329,14.77366],[121.08322,14.77349],[121.0832,14.7737],[121.08329,14.77366]]],[[[121.0721,14.7737],[121.07205,14.77366],[121.07205,14.7737],[121.0721,14.7737]]],[[[121.03173,14.77343],[121.03169,14.77339],[121.03169,14.77343],[121.03173,14.77343]]],[[[121.07214,14.77379],[121.0721,14.77375],[121.0721,14.77379],[121.07214,14.77379]]],[[[121.11918,14.77415],[121.1191,14.77396],[121.1188,14.77381],[121.11918,14.77415]]],[[[121.06647,14.77368],[121.06656,14.7737],[121.06656,14.77366],[121.06647,14.77368]]],[[[121.06712,14.77368],[121.06721,14.77377],[121.06721,14.77368],[121.06712,14.77368]]],[[[121.06712,14.77381],[121.06703,14.77377],[121.06703,14.77381],[121.06712,14.77381]]],[[[121.02389,14.77328],[121.02403,14.7731],[121.02396,14.77285],[121.02389,14.77328]]],[[[121.07219,14.77388],[121.07214,14.77384],[121.07214,14.77388],[121.07219,14.77388]]],[[[121.07209,14.77397],[121.07205,14.77393],[121.07205,14.77397],[121.07209,14.77397]]],[[[121.0759,14.774],[121.07595,14.77396],[121.0759,14.77396],[121.0759,14.774]]],[[[121.12047,14.77373],[121.11991,14.77397],[121.12077,14.77438],[121.12088,14.7742],[121.12047,14.77373]]],[[[121.03999,14.77353],[121.04076,14.7736],[121.03994,14.77331],[121.03999,14.77353]]],[[[121.0407,14.77363],[121.04061,14.77359],[121.0407,14.77359],[121.0407,14.77363]]],[[[121.06628,14.77385],[121.06637,14.77392],[121.06637,14.77379],[121.06628,14.77385]]],[[[121.06754,14.77384],[121.06754,14.77391],[121.06792,14.77389],[121.06754,14.77384]]],[[[121.02393,14.77359],[121.02398,14.7735],[121.02394,14.7735],[121.02393,14.77359]]],[[[121.07228,14.77402],[121.07223,14.77397],[121.07223,14.77402],[121.07228,14.77402]]],[[[121.07599,14.77401],[121.07595,14.77405],[121.07599,14.77405],[121.07599,14.77401]]],[[[121.07728,14.77351],[121.07774,14.77332],[121.07828,14.77321],[121.0775,14.77306],[121.07718,14.77344],[121.07757,14.77406],[121.07728,14.77351]]],[[[121.04062,14.77372],[121.04035,14.77372],[121.04059,14.77375],[121.04062,14.77372]]],[[[121.07209,14.77406],[121.07214,14.77402],[121.07209,14.77402],[121.07209,14.77406]]],[[[121.07604,14.77405],[121.07599,14.7741],[121.07604,14.7741],[121.07604,14.77405]]],[[[121.02393,14.77368],[121.02388,14.77364],[121.02388,14.77368],[121.02393,14.77368]]],[[[121.12797,14.77456],[121.12837,14.77385],[121.12826,14.77369],[121.12762,14.77418],[121.12797,14.77456]]],[[[121.06829,14.77403],[121.0694,14.774],[121.06829,14.77394],[121.06829,14.77403]]],[[[121.06968,14.77409],[121.06954,14.77404],[121.06954,14.77409],[121.06968,14.77409]]],[[[121.07219,14.77406],[121.07214,14.77411],[121.07219,14.77411],[121.07219,14.77406]]],[[[121.07233,14.77411],[121.07228,14.77406],[121.07228,14.77411],[121.07233,14.77411]]],[[[121.07609,14.7741],[121.07604,14.77414],[121.07609,14.77414],[121.07609,14.7741]]],[[[121.07767,14.77415],[121.07762,14.77406],[121.07762,14.77415],[121.07767,14.77415]]],[[[121.06637,14.77411],[121.06643,14.77404],[121.06638,14.77404],[121.06637,14.77411]]],[[[121.06912,14.77413],[121.06931,14.77408],[121.06912,14.7741],[121.06912,14.77413]]],[[[121.06977,14.77413],[121.06991,14.77409],[121.06977,14.77409],[121.06977,14.77413]]],[[[121.11952,14.7744],[121.11938,14.77445],[121.11948,14.77457],[121.11952,14.7744]]],[[[121.02383,14.77373],[121.02388,14.77377],[121.02388,14.77373],[121.02383,14.77373]]],[[[121.07,14.77414],[121.06991,14.77418],[121.07,14.77418],[121.07,14.77414]]],[[[121.07618,14.77414],[121.07612,14.7742],[121.07618,14.77423],[121.07618,14.77414]]],[[[121.12764,14.77466],[121.12769,14.77461],[121.12764,14.7746],[121.12764,14.77466]]],[[[121.12796,14.77466],[121.12801,14.77461],[121.12797,14.77461],[121.12796,14.77466]]],[[[121.0701,14.77423],[121.07005,14.77418],[121.07005,14.77423],[121.0701,14.77423]]],[[[121.07228,14.77425],[121.07223,14.7742],[121.07223,14.77424],[121.07228,14.77425]]],[[[121.07242,14.77425],[121.07237,14.7742],[121.07237,14.77425],[121.07242,14.77425]]],[[[121.12745,14.7747],[121.1275,14.7746],[121.12746,14.7746],[121.12745,14.7747]]],[[[121.12806,14.77466],[121.12801,14.77471],[121.12806,14.77471],[121.12806,14.77466]]],[[[121.02383,14.77386],[121.02379,14.77377],[121.02379,14.77386],[121.02383,14.77386]]],[[[121.06986,14.77427],[121.06991,14.77423],[121.06986,14.77422],[121.06986,14.77427]]],[[[121.07019,14.77427],[121.07014,14.77423],[121.07014,14.77427],[121.07019,14.77427]]],[[[121.07627,14.77432],[121.07622,14.77428],[121.07622,14.77432],[121.07627,14.77432]]],[[[121.1275,14.77475],[121.12755,14.77469],[121.1275,14.77469],[121.1275,14.77475]]],[[[121.12773,14.7747],[121.12768,14.77475],[121.12773,14.77475],[121.12773,14.7747]]],[[[121.1281,14.77471],[121.12806,14.77475],[121.1281,14.77475],[121.1281,14.77471]]],[[[121.07023,14.77432],[121.07028,14.77427],[121.07023,14.77427],[121.07023,14.77432]]],[[[121.07632,14.77437],[121.07636,14.77432],[121.07632,14.77432],[121.07632,14.77437]]],[[[121.1281,14.7748],[121.12815,14.77474],[121.1281,14.77474],[121.1281,14.7748]]],[[[121.13316,14.77476],[121.13326,14.77484],[121.13331,14.77474],[121.13316,14.77476]]],[[[121.02379,14.77395],[121.02374,14.77386],[121.02374,14.77395],[121.02379,14.77395]]],[[[121.03117,14.77397],[121.03108,14.77402],[121.03117,14.77402],[121.03117,14.77397]]],[[[121.03154,14.77402],[121.0314,14.77397],[121.0314,14.77402],[121.03154,14.77402]]],[[[121.03164,14.77384],[121.03168,14.77402],[121.03168,14.77384],[121.03164,14.77384]]],[[[121.12773,14.77483],[121.12778,14.77479],[121.12773,14.77479],[121.12773,14.77483]]],[[[121.07033,14.77432],[121.07028,14.77436],[121.07033,14.77436],[121.07033,14.77432]]],[[[121.12838,14.77479],[121.12819,14.77484],[121.12838,14.77482],[121.12838,14.77479]]],[[[121.03163,14.77407],[121.0316,14.77402],[121.03159,14.77406],[121.03163,14.77407]]],[[[121.07037,14.77436],[121.07033,14.77441],[121.07037,14.77441],[121.07037,14.77436]]],[[[121.12782,14.77483],[121.12778,14.77488],[121.12782,14.77488],[121.12782,14.77483]]],[[[121.1248,14.77486],[121.12543,14.77434],[121.12546,14.77409],[121.12457,14.77453],[121.1248,14.77486]]],[[[121.12493,14.77453],[121.12504,14.77437],[121.12502,14.77458],[121.12493,14.77453]]],[[[121.02374,14.77404],[121.02369,14.77395],[121.02369,14.77404],[121.02374,14.77404]]],[[[121.0765,14.77446],[121.07645,14.77451],[121.0765,14.77451],[121.0765,14.77446]]],[[[121.12787,14.77489],[121.12782,14.77493],[121.12787,14.77493],[121.12787,14.77489]]],[[[121.02369,14.77409],[121.02365,14.77404],[121.02365,14.77409],[121.02369,14.77409]]],[[[121.03154,14.77411],[121.03092,14.77383],[121.03087,14.77398],[121.03111,14.77417],[121.03154,14.77411]]],[[[121.07655,14.77451],[121.0765,14.77455],[121.07655,14.77455],[121.07655,14.77451]]],[[[121.07794,14.77438],[121.07771,14.77429],[121.07799,14.77456],[121.07794,14.77438]]],[[[121.12792,14.77493],[121.12787,14.77498],[121.12791,14.77498],[121.12792,14.77493]]],[[[121.02411,14.77414],[121.02402,14.77409],[121.02402,14.77412],[121.02411,14.77414]]],[[[121.07032,14.77455],[121.07028,14.7745],[121.07028,14.77454],[121.07032,14.77455]]],[[[121.07042,14.77455],[121.07037,14.77446],[121.07037,14.77455],[121.07042,14.77455]]],[[[121.12852,14.77479],[121.12926,14.77494],[121.12917,14.77503],[121.12963,14.77485],[121.12993,14.77451],[121.12852,14.77479]]],[[[121.02388,14.77409],[121.02374,14.77418],[121.02388,14.77413],[121.02388,14.77409]]],[[[121.12579,14.77337],[121.12456,14.77376],[121.12367,14.77432],[121.1238,14.77468],[121.12346,14.77462],[121.12346,14.77467],[121.12414,14.77502],[121.12456,14.77453],[121.12384,14.77432],[121.12579,14.77337]]],[[[121.12905,14.77502],[121.12912,14.77507],[121.12912,14.77502],[121.12905,14.77502]]],[[[121.13089,14.77509],[121.13094,14.77441],[121.13038,14.77467],[121.13042,14.77499],[121.13089,14.77509]]],[[[121.07239,14.77462],[121.07246,14.77434],[121.07232,14.77434],[121.07239,14.77462]]],[[[121.12838,14.77511],[121.12819,14.77509],[121.12819,14.77511],[121.12838,14.77511]]],[[[121.12857,14.77511],[121.12875,14.77507],[121.12857,14.77509],[121.12857,14.77511]]],[[[121.02425,14.77423],[121.02504,14.77419],[121.0242,14.77414],[121.02425,14.77423]]],[[[121.02522,14.77424],[121.02505,14.77427],[121.02522,14.77427],[121.02522,14.77424]]],[[[121.11985,14.77507],[121.11997,14.77491],[121.11977,14.77495],[121.11985,14.77507]]],[[[121.02532,14.77424],[121.02578,14.77427],[121.02578,14.77424],[121.02532,14.77424]]],[[[121.02602,14.77429],[121.02657,14.77425],[121.02592,14.77424],[121.02602,14.77429]]],[[[121.02676,14.77429],[121.02662,14.77425],[121.02662,14.77428],[121.02676,14.77429]]],[[[121.04199,14.77444],[121.04189,14.77429],[121.04182,14.77435],[121.04199,14.77444]]],[[[121.07037,14.77468],[121.07032,14.77459],[121.07032,14.77468],[121.07037,14.77468]]],[[[121.02689,14.7743],[121.02681,14.77434],[121.02689,14.77434],[121.02689,14.7743]]],[[[121.07042,14.77459],[121.07046,14.77473],[121.07046,14.77459],[121.07042,14.77459]]],[[[121.02621,14.77434],[121.0263,14.77437],[121.0263,14.77434],[121.02621,14.77434]]],[[[121.02703,14.77434],[121.02695,14.77439],[121.02703,14.77439],[121.02703,14.77434]]],[[[121.07042,14.77477],[121.07037,14.77473],[121.07037,14.77477],[121.07042,14.77477]]],[[[121.12852,14.77525],[121.12833,14.77521],[121.12833,14.77525],[121.12852,14.77525]]],[[[121.12352,14.77521],[121.12314,14.77475],[121.1226,14.77496],[121.12267,14.77508],[121.12352,14.77521]]],[[[121.02708,14.77443],[121.02717,14.77439],[121.02708,14.77439],[121.02708,14.77443]]],[[[121.06633,14.77447],[121.06628,14.7744],[121.06628,14.77397],[121.06618,14.77431],[121.0665,14.77477],[121.06633,14.77447]]],[[[121.12814,14.77529],[121.12819,14.77524],[121.12815,14.77524],[121.12814,14.77529]]],[[[121.02722,14.77443],[121.02717,14.77448],[121.02722,14.77448],[121.02722,14.77443]]],[[[121.02726,14.77452],[121.02731,14.77448],[121.02726,14.77448],[121.02726,14.77452]]],[[[121.02736,14.77453],[121.02731,14.77457],[121.02736,14.77457],[121.02736,14.77453]]],[[[121.07567,14.77382],[121.07678,14.77501],[121.07687,14.77501],[121.07687,14.77446],[121.07669,14.77419],[121.07604,14.77382],[121.07567,14.77382]]],[[[121.0274,14.77457],[121.02736,14.77462],[121.0274,14.77462],[121.0274,14.77457]]],[[[121.07691,14.77501],[121.07687,14.77505],[121.07691,14.77505],[121.07691,14.77501]]],[[[121.02745,14.77462],[121.0274,14.77466],[121.02745,14.77466],[121.02745,14.77462]]],[[[121.12346,14.77462],[121.12292,14.77385],[121.1237,14.77335],[121.12165,14.7743],[121.12163,14.77363],[121.12217,14.77357],[121.12145,14.77359],[121.12175,14.77474],[121.12065,14.77499],[121.1209,14.77545],[121.12192,14.7752],[121.12179,14.77434],[121.12284,14.77463],[121.12281,14.774],[121.12346,14.77462]]],[[[121.12088,14.77512],[121.12124,14.77535],[121.12086,14.77525],[121.12088,14.77512]]],[[[121.07687,14.7751],[121.07682,14.77505],[121.07682,14.7751],[121.07687,14.7751]]],[[[121.02749,14.77466],[121.02745,14.77471],[121.02749,14.77471],[121.02749,14.77466]]],[[[121.12536,14.77549],[121.12514,14.77546],[121.12536,14.77556],[121.12536,14.77549]]],[[[121.0706,14.77495],[121.07041,14.77486],[121.0706,14.77513],[121.0706,14.77495]]],[[[121.07691,14.77519],[121.07687,14.77514],[121.07687,14.77519],[121.07691,14.77519]]],[[[121.07701,14.77519],[121.07696,14.77514],[121.07696,14.77519],[121.07701,14.77519]]],[[[121.12395,14.77524],[121.12308,14.77552],[121.12308,14.77557],[121.12359,14.77557],[121.12395,14.77524]]],[[[121.02754,14.7748],[121.02749,14.77475],[121.02749,14.7748],[121.02754,14.7748]]],[[[121.12285,14.77561],[121.12299,14.77556],[121.12285,14.77556],[121.12285,14.77561]]],[[[121.12755,14.77474],[121.12745,14.77521],[121.12746,14.77456],[121.12704,14.77445],[121.12725,14.77566],[121.12767,14.77523],[121.12755,14.77474]]],[[[121.07696,14.77528],[121.07691,14.77523],[121.07691,14.77528],[121.07696,14.77528]]],[[[121.07705,14.77528],[121.07701,14.77523],[121.07701,14.77528],[121.07705,14.77528]]],[[[121.12645,14.77574],[121.12671,14.77487],[121.12653,14.77476],[121.12624,14.77519],[121.12645,14.77574]]],[[[121.1265,14.77518],[121.12636,14.77509],[121.12648,14.77502],[121.1265,14.77518]]],[[[121.077,14.77541],[121.07696,14.77537],[121.07696,14.77541],[121.077,14.77541]]],[[[121.12229,14.77583],[121.12266,14.7757],[121.12276,14.7756],[121.12217,14.77586],[121.12229,14.77583]]],[[[121.12076,14.77563],[121.1205,14.7756],[121.12096,14.77588],[121.12076,14.77563]]],[[[121.02758,14.7753],[121.02754,14.77484],[121.02754,14.7753],[121.02758,14.7753]]],[[[121.077,14.7756],[121.0771,14.77537],[121.07705,14.77537],[121.077,14.7756]]],[[[121.06227,14.77563],[121.06218,14.77554],[121.06218,14.77563],[121.06227,14.77563]]],[[[121.12954,14.77539],[121.1281,14.77529],[121.12801,14.77529],[121.12761,14.77572],[121.12781,14.77581],[121.12922,14.77567],[121.12929,14.77619],[121.12999,14.77547],[121.13086,14.77578],[121.13141,14.77526],[121.12987,14.77494],[121.12884,14.77521],[121.12989,14.77506],[121.12967,14.77573],[121.12954,14.77539]]],[[[121.13008,14.7753],[121.13048,14.77542],[121.13117,14.77534],[121.13066,14.77574],[121.13008,14.7753]]],[[[121.02753,14.77543],[121.02749,14.77534],[121.02749,14.77543],[121.02753,14.77543]]],[[[121.02745,14.77548],[121.02749,14.77557],[121.02749,14.77548],[121.02745,14.77548]]],[[[121.02744,14.77561],[121.02739,14.77557],[121.02739,14.77561],[121.02744,14.77561]]],[[[121.02739,14.77566],[121.02735,14.77561],[121.02735,14.77566],[121.02739,14.77566]]],[[[121.02735,14.7757],[121.0273,14.77565],[121.0273,14.7757],[121.02735,14.7757]]],[[[121.02707,14.77583],[121.02697,14.77579],[121.02697,14.77583],[121.02707,14.77583]]],[[[121.02623,14.77587],[121.02614,14.77583],[121.02614,14.77587],[121.02623,14.77587]]],[[[121.02674,14.77592],[121.02656,14.77587],[121.02655,14.77592],[121.02674,14.77592]]],[[[121.06519,14.77626],[121.06506,14.77604],[121.06497,14.77604],[121.06519,14.77626]]],[[[121.02637,14.77596],[121.02618,14.77592],[121.02618,14.77596],[121.02637,14.77596]]],[[[121.1278,14.77686],[121.12781,14.77655],[121.12747,14.7764],[121.12737,14.77652],[121.1278,14.77686]]],[[[121.12871,14.77688],[121.12851,14.77646],[121.12819,14.77626],[121.12832,14.77674],[121.12871,14.77688]]],[[[121.12835,14.77655],[121.12844,14.77662],[121.1284,14.77666],[121.12835,14.77655]]],[[[121.06217,14.77635],[121.06208,14.77572],[121.06208,14.77635],[121.06217,14.77635]]],[[[121.02599,14.77628],[121.0259,14.77605],[121.0259,14.77628],[121.02599,14.77628]]],[[[121.06226,14.77662],[121.06217,14.77653],[121.06217,14.77662],[121.06226,14.77662]]],[[[121.02604,14.77628],[121.02599,14.77632],[121.02604,14.77632],[121.02604,14.77628]]],[[[121.06528,14.77626],[121.06525,14.77636],[121.06542,14.77667],[121.06542,14.7764],[121.06533,14.77622],[121.06528,14.77626]]],[[[121.02595,14.77641],[121.02599,14.77637],[121.02595,14.77637],[121.02595,14.77641]]],[[[121.02604,14.77641],[121.02599,14.77646],[121.02604,14.77646],[121.02604,14.77641]]],[[[121.02618,14.77646],[121.02613,14.77641],[121.02613,14.77646],[121.02618,14.77646]]],[[[121.12956,14.77751],[121.12937,14.77745],[121.12922,14.77754],[121.12956,14.77751]]],[[[121.02692,14.77683],[121.02687,14.77678],[121.02687,14.77683],[121.02692,14.77683]]],[[[121.06021,14.77715],[121.06012,14.77706],[121.06012,14.77715],[121.06021,14.77715]]],[[[121.02701,14.77687],[121.02696,14.77683],[121.02696,14.77687],[121.02701,14.77687]]],[[[121.0271,14.77692],[121.02706,14.77687],[121.02706,14.77692],[121.0271,14.77692]]],[[[121.05929,14.77696],[121.05938,14.77705],[121.05947,14.77696],[121.05929,14.77696]]],[[[121.0272,14.77696],[121.02715,14.77692],[121.02715,14.77696],[121.0272,14.77696]]],[[[121.02729,14.77701],[121.02738,14.77697],[121.02729,14.77696],[121.02729,14.77701]]],[[[121.02803,14.77756],[121.02798,14.7776],[121.02803,14.7776],[121.02803,14.77756]]],[[[121.02807,14.77765],[121.02812,14.7776],[121.02807,14.7776],[121.02807,14.77765]]],[[[121.02738,14.77701],[121.0281,14.77736],[121.02821,14.77817],[121.02824,14.77744],[121.02794,14.77715],[121.02738,14.77701]]],[[[121.02817,14.7775],[121.02822,14.77755],[121.02817,14.77755],[121.02817,14.7775]]],[[[121.02625,14.77827],[121.02635,14.77831],[121.02635,14.77827],[121.02625,14.77827]]],[[[121.02625,14.77836],[121.02612,14.77831],[121.02611,14.77836],[121.02625,14.77836]]],[[[121.02686,14.77836],[121.02718,14.77827],[121.02682,14.77829],[121.02686,14.77836]]],[[[121.02741,14.77837],[121.02732,14.77832],[121.02732,14.77837],[121.02741,14.77837]]],[[[121.02723,14.77837],[121.02704,14.77841],[121.02723,14.77841],[121.02723,14.77837]]],[[[121.02755,14.77841],[121.02751,14.77837],[121.02751,14.77841],[121.02755,14.77841]]],[[[121.02737,14.77841],[121.02723,14.77846],[121.02737,14.77846],[121.02737,14.77841]]],[[[121.02593,14.77849],[121.02599,14.77847],[121.02593,14.77844],[121.02593,14.77849]]],[[[121.02741,14.7785],[121.02765,14.77841],[121.02741,14.77846],[121.02741,14.7785]]],[[[121.02593,14.77849],[121.02541,14.77889],[121.02541,14.77898],[121.02569,14.7788],[121.02593,14.77849]]],[[[121.02541,14.77903],[121.02537,14.77898],[121.02537,14.77903],[121.02541,14.77903]]],[[[121.02578,14.77915],[121.02597,14.77912],[121.02578,14.77912],[121.02578,14.77915]]],[[[121.02546,14.77912],[121.02564,14.77915],[121.02564,14.77912],[121.02546,14.77912]]],[[[121.02611,14.77917],[121.02598,14.77921],[121.02611,14.77921],[121.02611,14.77917]]],[[[121.02629,14.77922],[121.02643,14.7794],[121.02696,14.77941],[121.02629,14.77922]]],[[[121.02649,14.77934],[121.02653,14.77939],[121.02649,14.77939],[121.02649,14.77934]]],[[[121.02731,14.77954],[121.02764,14.77959],[121.02764,14.77954],[121.02731,14.77954]]],[[[121.02768,14.77963],[121.02773,14.77959],[121.02768,14.77959],[121.02768,14.77963]]],[[[121.02777,14.77963],[121.02773,14.77968],[121.02777,14.77968],[121.02777,14.77963]]],[[[121.02782,14.77973],[121.02787,14.77968],[121.02782,14.77968],[121.02782,14.77973]]],[[[121.05745,14.77999],[121.05726,14.77995],[121.05726,14.77999],[121.05745,14.77999]]],[[[121.02791,14.77973],[121.02787,14.77977],[121.02791,14.77977],[121.02791,14.77973]]],[[[121.05768,14.78004],[121.05759,14.78],[121.05759,14.78004],[121.05768,14.78004]]],[[[121.05708,14.78004],[121.05712,14.78008],[121.05712,14.78004],[121.05708,14.78004]]],[[[121.05786,14.78009],[121.05777,14.78004],[121.05777,14.78009],[121.05786,14.78009]]],[[[121.05796,14.78013],[121.05791,14.78009],[121.05791,14.78013],[121.05796,14.78013]]],[[[121.028,14.77991],[121.02796,14.77986],[121.02796,14.77991],[121.028,14.77991]]],[[[121.05703,14.7802],[121.05698,14.78015],[121.05698,14.7802],[121.05703,14.7802]]],[[[121.05693,14.78026],[121.05689,14.78022],[121.05689,14.78026],[121.05693,14.78026]]],[[[121.02805,14.78004],[121.028,14.77995],[121.028,14.78004],[121.02805,14.78004]]],[[[121.05689,14.78029],[121.05684,14.78024],[121.05684,14.78029],[121.05689,14.78029]]],[[[121.05679,14.78035],[121.05675,14.7803],[121.05675,14.78035],[121.05679,14.78035]]],[[[121.0281,14.78013],[121.02805,14.78009],[121.02805,14.78013],[121.0281,14.78013]]],[[[121.05665,14.78035],[121.05674,14.78038],[121.05675,14.78033],[121.05665,14.78035]]],[[[121.05851,14.78046],[121.0581,14.78014],[121.05791,14.78018],[121.05806,14.7802],[121.05851,14.78046]]],[[[121.028,14.78022],[121.02796,14.78018],[121.02796,14.78022],[121.028,14.78022]]],[[[121.05656,14.78053],[121.05651,14.78047],[121.05651,14.78053],[121.05656,14.78053]]],[[[121.05651,14.78057],[121.05647,14.78051],[121.05647,14.78057],[121.05651,14.78057]]],[[[121.0586,14.78046],[121.05856,14.78055],[121.0587,14.78059],[121.0586,14.78046]]],[[[121.05647,14.78062],[121.05642,14.78056],[121.05642,14.78062],[121.05647,14.78062]]],[[[121.02805,14.78041],[121.028,14.78031],[121.028,14.7804],[121.02805,14.78041]]],[[[121.02814,14.78041],[121.0281,14.78018],[121.02809,14.78041],[121.02814,14.78041]]],[[[121.05637,14.78071],[121.05633,14.78066],[121.05633,14.78071],[121.05637,14.78071]]],[[[121.05633,14.78075],[121.05628,14.78071],[121.05628,14.78075],[121.05633,14.78075]]],[[[121.05628,14.78083],[121.05623,14.78075],[121.05623,14.78083],[121.05628,14.78083]]],[[[121.05623,14.78089],[121.05619,14.78084],[121.05619,14.78089],[121.05623,14.78089]]],[[[121.02809,14.78072],[121.02805,14.7805],[121.02804,14.78072],[121.02809,14.78072]]],[[[121.05618,14.78096],[121.05614,14.78092],[121.05614,14.78096],[121.05618,14.78096]]],[[[121.05609,14.78098],[121.05614,14.78105],[121.05614,14.78098],[121.05609,14.78098]]],[[[121.05609,14.7811],[121.05604,14.78105],[121.05604,14.7811],[121.05609,14.7811]]],[[[121.056,14.78111],[121.05604,14.78118],[121.05604,14.78111],[121.056,14.78111]]],[[[121.056,14.78125],[121.05595,14.78119],[121.05595,14.78125],[121.056,14.78125]]],[[[121.0559,14.78128],[121.05595,14.78134],[121.05595,14.78128],[121.0559,14.78128]]],[[[121.02971,14.78119],[121.03036,14.78115],[121.02971,14.78114],[121.02971,14.78119]]],[[[121.0559,14.78143],[121.05586,14.78134],[121.05586,14.78143],[121.0559,14.78143]]],[[[121.05599,14.7814],[121.05595,14.78137],[121.05595,14.78143],[121.05599,14.7814]]],[[[121.02966,14.78123],[121.02957,14.78119],[121.02957,14.78123],[121.02966,14.78123]]],[[[121.02948,14.78123],[121.02952,14.78128],[121.02953,14.78123],[121.02948,14.78123]]],[[[121.05581,14.78152],[121.05585,14.78146],[121.05581,14.78146],[121.05581,14.78152]]],[[[121.03036,14.78136],[121.03027,14.78133],[121.03027,14.78136],[121.03036,14.78136]]],[[[121.02827,14.7814],[121.02812,14.78088],[121.02818,14.78086],[121.02814,14.7805],[121.02827,14.7814]]],[[[121.03041,14.78142],[121.03046,14.78137],[121.03042,14.78137],[121.03041,14.78142]]],[[[121.02832,14.7814],[121.02827,14.78145],[121.02832,14.78145],[121.02832,14.7814]]],[[[121.05571,14.7817],[121.05585,14.78164],[121.05581,14.78156],[121.05571,14.7817]]],[[[121.02831,14.78154],[121.02836,14.78149],[121.02832,14.78149],[121.02831,14.78154]]],[[[121.02855,14.78167],[121.02841,14.78167],[121.02855,14.78172],[121.02855,14.78167]]],[[[121.02859,14.78172],[121.02855,14.78177],[121.02859,14.78177],[121.02859,14.78172]]],[[[121.02929,14.78164],[121.02943,14.78159],[121.02948,14.78128],[121.02864,14.78181],[121.02929,14.78164]]],[[[121.02897,14.78171],[121.02902,14.78176],[121.02897,14.78176],[121.02897,14.78171]]],[[[121.03068,14.7821],[121.03073,14.78192],[121.03068,14.78192],[121.03068,14.7821]]],[[[121.03036,14.78119],[121.03093,14.78148],[121.03075,14.78226],[121.03106,14.78212],[121.03101,14.78142],[121.03036,14.78119]]],[[[121.03202,14.78243],[121.03223,14.78246],[121.03223,14.78242],[121.03202,14.78243]]],[[[121.03136,14.78285],[121.03152,14.78259],[121.03193,14.78243],[121.03157,14.78244],[121.03136,14.78285]]],[[[121.03282,14.78293],[121.03347,14.78239],[121.03381,14.78211],[121.03388,14.78188],[121.03225,14.78243],[121.03361,14.78207],[121.03283,14.78256],[121.03268,14.78283],[121.03282,14.78293]]],[[[121.03282,14.78283],[121.03286,14.78287],[121.03282,14.78287],[121.03282,14.78283]]],[[[121.03356,14.78225],[121.03352,14.7822],[121.03357,14.7822],[121.03356,14.78225]]],[[[121.03097,14.78345],[121.03102,14.78327],[121.03092,14.78345],[121.03097,14.78345]]],[[[121.03536,14.78348],[121.03517,14.78345],[121.03517,14.78349],[121.03536,14.78348]]],[[[121.03564,14.78341],[121.03547,14.78348],[121.03596,14.7835],[121.03564,14.78341]]],[[[121.03517,14.78354],[121.03508,14.78349],[121.03508,14.78354],[121.03517,14.78354]]],[[[121.0361,14.7835],[121.03596,14.78353],[121.0361,14.78355],[121.0361,14.7835]]],[[[121.03545,14.78359],[121.03531,14.78354],[121.03531,14.78357],[121.03545,14.78359]]],[[[121.03513,14.78358],[121.03522,14.78362],[121.03522,14.78358],[121.03513,14.78358]]],[[[121.03619,14.78355],[121.03611,14.78363],[121.03624,14.78364],[121.03619,14.78355]]],[[[121.03498,14.78371],[121.03484,14.78367],[121.03484,14.78376],[121.03498,14.78371]]],[[[121.03484,14.7838],[121.0348,14.78376],[121.03477,14.78384],[121.03484,14.7838]]],[[[121.03475,14.7839],[121.0348,14.78385],[121.03475,14.78385],[121.03475,14.7839]]],[[[121.03722,14.78499],[121.03694,14.78503],[121.03722,14.78504],[121.03722,14.78499]]],[[[121.03749,14.78508],[121.03746,14.78502],[121.03741,14.78508],[121.03749,14.78508]]]]}},{"type":"Feature","properties":{"hazard":"landslide","level":"moderate"},"geometry":{"type":"MultiPolygon","coordinates":[[[[121.01656,14.35259],[121.01721,14.35243],[121.0161,14.35213],[121.01656,14.35259]]],[[[121.01758,14.3526],[121.01767,14.35251],[121.01758,14.35251],[121.01758,14.3526]]],[[[121.01776,14.3526],[121.01767,14.35269],[121.01776,14.35269],[121.01776,14.3526]]],[[[121.01785,14.35269],[121.01776,14.35278],[121.01785,14.35278],[121.01785,14.35269]]],[[[121.01951,14.35388],[121.01961,14.3537],[121.01951,14.3537],[121.01951,14.35388]]],[[[121.0197,14.35391],[121.0196,14.35406],[121.01969,14.35406],[121.0197,14.35391]]],[[[121.02006,14.35443],[121.02016,14.35434],[121.02006,14.35433],[121.02006,14.35443]]],[[[121.02043,14.35443],[121.02015,14.35461],[121.02043,14.35461],[121.02043,14.35443]]],[[[121.02062,14.3547],[121.02043,14.35506],[121.02052,14.35506],[121.02062,14.3547]]],[[[121.02199,14.35616],[121.0208,14.35524],[121.02015,14.35533],[121.02162,14.35625],[121.02199,14.35616]]],[[[121.02143,14.35724],[121.02134,14.35715],[121.02134,14.35724],[121.02143,14.35724]]],[[[121.02291,14.35788],[121.02392,14.35807],[121.02255,14.35671],[121.02291,14.35788]]],[[[121.02457,14.35853],[121.02466,14.35835],[121.02448,14.35835],[121.02457,14.35853]]],[[[121.02281,14.35861],[121.0229,14.35852],[121.02281,14.35851],[121.02281,14.35861]]],[[[121.02299,14.35861],[121.0229,14.3587],[121.02299,14.3587],[121.02299,14.35861]]],[[[121.02308,14.3587],[121.02299,14.35879],[121.02308,14.35879],[121.02308,14.3587]]],[[[121.02318,14.35879],[121.02308,14.35888],[121.02317,14.35888],[121.02318,14.35879]]],[[[121.02327,14.35888],[121.02317,14.35897],[121.02327,14.35897],[121.02327,14.35888]]],[[[121.02336,14.35915],[121.02327,14.35906],[121.02327,14.35915],[121.02336,14.35915]]],[[[121.02308,14.35951],[121.02317,14.35942],[121.02308,14.35942],[121.02308,14.35951]]],[[[121.02326,14.35951],[121.02317,14.3596],[121.02326,14.3596],[121.02326,14.35951]]],[[[121.02335,14.3596],[121.02326,14.35969],[121.02335,14.35969],[121.02335,14.3596]]],[[[121.02475,14.35853],[121.02558,14.35971],[121.02586,14.35981],[121.02558,14.35908],[121.02475,14.35853]]],[[[121.02501,14.36115],[121.0251,14.36106],[121.02501,14.36106],[121.02501,14.36115]]],[[[121.02529,14.36116],[121.0251,14.36124],[121.02529,14.36125],[121.02529,14.36116]]],[[[121.02586,14.35981],[121.02576,14.36035],[121.02612,14.36107],[121.02649,14.36126],[121.02586,14.35981]]],[[[121.02538,14.36134],[121.02556,14.36125],[121.02538,14.36125],[121.02538,14.36134]]],[[[121.02584,14.36134],[121.02556,14.36143],[121.02584,14.36143],[121.02584,14.36134]]],[[[121.02603,14.36152],[121.02612,14.36143],[121.02603,14.36143],[121.02603,14.36152]]],[[[121.02649,14.36126],[121.02649,14.3618],[121.02612,14.36152],[121.02611,14.36189],[121.02658,14.36198],[121.02649,14.36126]]],[[[121.02435,14.36232],[121.02444,14.36223],[121.02435,14.36223],[121.02435,14.36232]]],[[[121.02444,14.36232],[121.0249,14.36269],[121.02555,14.36269],[121.02611,14.36198],[121.02518,14.3626],[121.02444,14.36232]]],[[[121.02601,14.36288],[121.02583,14.36279],[121.02583,14.36288],[121.02601,14.36288]]],[[[121.02573,14.36351],[121.02555,14.36342],[121.02554,14.36351],[121.02573,14.36351]]],[[[121.02851,14.36353],[121.02741,14.36271],[121.02657,14.36261],[121.02795,14.36362],[121.02851,14.36353]]],[[[121.02804,14.36425],[121.02795,14.36416],[121.02795,14.36425],[121.02804,14.36425]]],[[[121.02906,14.36453],[121.02878,14.36408],[121.02869,14.36408],[121.02869,14.36435],[121.02906,14.36453]]],[[[121.03034,14.36599],[121.02978,14.36625],[121.03062,14.36617],[121.03034,14.36599]]],[[[121.03192,14.36645],[121.03182,14.36636],[121.03182,14.36645],[121.03192,14.36645]]],[[[121.03386,14.36656],[121.03358,14.36656],[121.03386,14.36665],[121.03386,14.36656]]],[[[121.03497,14.36684],[121.03562,14.36675],[121.03497,14.36675],[121.03497,14.36684]]],[[[121.03145,14.36708],[121.03135,14.36699],[121.03135,14.36708],[121.03145,14.36708]]],[[[121.03089,14.36717],[121.03126,14.36708],[121.03089,14.36708],[121.03089,14.36717]]],[[[121.02273,14.36737],[121.02282,14.36719],[121.02273,14.36719],[121.02273,14.36737]]],[[[121.03645,14.36757],[121.03654,14.36739],[121.03645,14.36739],[121.03645,14.36757]]],[[[121.03663,14.36758],[121.03654,14.36767],[121.03663,14.36767],[121.03663,14.36758]]],[[[121.02291,14.36737],[121.02282,14.36764],[121.02291,14.36764],[121.02291,14.36737]]],[[[121.03682,14.36767],[121.03672,14.36785],[121.03691,14.36785],[121.03682,14.36767]]],[[[121.03709,14.36785],[121.03709,14.36812],[121.03728,14.36812],[121.03709,14.36785]]],[[[121.03737,14.36812],[121.03728,14.36821],[121.03737,14.36822],[121.03737,14.36812]]],[[[121.03754,14.36822],[121.03737,14.36831],[121.03755,14.36831],[121.03754,14.36822]]],[[[121.03765,14.36831],[121.03755,14.3684],[121.03765,14.3684],[121.03765,14.36831]]],[[[121.0378,14.3684],[121.03764,14.36849],[121.03783,14.36849],[121.0378,14.3684]]],[[[121.03792,14.36849],[121.03783,14.36858],[121.03792,14.36858],[121.03792,14.36849]]],[[[121.02438,14.36946],[121.0242,14.36919],[121.02429,14.36946],[121.02438,14.36946]]],[[[121.01807,14.37004],[121.01798,14.36995],[121.01798,14.37004],[121.01807,14.37004]]],[[[121.02678,14.37012],[121.02697,14.37003],[121.02679,14.36993],[121.02678,14.37012]]],[[[121.02706,14.37012],[121.02697,14.37021],[121.02706,14.37021],[121.02706,14.37012]]],[[[121.02419,14.37036],[121.0241,14.37018],[121.02409,14.37036],[121.02419,14.37036]]],[[[121.02474,14.37019],[121.02456,14.37055],[121.02474,14.37055],[121.02474,14.37019]]],[[[121.02733,14.37111],[121.02724,14.37102],[121.02724,14.37111],[121.02733,14.37111]]],[[[121.02492,14.37109],[121.02483,14.371],[121.02483,14.37109],[121.02492,14.37109]]],[[[121.02789,14.37121],[121.02807,14.37094],[121.02808,14.37076],[121.02789,14.37076],[121.02789,14.37121]]],[[[121.0176,14.37121],[121.01751,14.37112],[121.0175,14.37121],[121.0176,14.37121]]],[[[121.02761,14.37157],[121.02752,14.3713],[121.02751,14.37157],[121.02761,14.37157]]],[[[121.0391,14.37221],[121.03938,14.37203],[121.039,14.37202],[121.0391,14.37221]]],[[[121.03947,14.37212],[121.03937,14.37221],[121.03947,14.37221],[121.03947,14.37212]]],[[[121.03965,14.37221],[121.03956,14.37212],[121.03956,14.37221],[121.03965,14.37221]]],[[[121.02428,14.37046],[121.02418,14.37091],[121.02464,14.37163],[121.02723,14.3722],[121.02473,14.37145],[121.02428,14.37046]]],[[[121.03984,14.3723],[121.03974,14.37221],[121.03974,14.3723],[121.03984,14.3723]]],[[[121.04002,14.37239],[121.03993,14.3723],[121.03993,14.37239],[121.04002,14.37239]]],[[[121.04039,14.37267],[121.0403,14.37249],[121.0402,14.37267],[121.04039,14.37267]]],[[[121.02862,14.37275],[121.02788,14.37229],[121.02861,14.37293],[121.02862,14.37275]]],[[[121.02138,14.37287],[121.02148,14.37296],[121.02148,14.37287],[121.02138,14.37287]]],[[[121.02138,14.37314],[121.02129,14.37296],[121.02129,14.37314],[121.02138,14.37314]]],[[[121.02129,14.37332],[121.0211,14.37323],[121.0211,14.3735],[121.02129,14.37332]]],[[[121.02119,14.37368],[121.0211,14.37359],[121.0211,14.37368],[121.02119,14.37368]]],[[[121.02128,14.37414],[121.02147,14.37396],[121.02137,14.37396],[121.02128,14.37414]]],[[[121.02174,14.37441],[121.02146,14.3745],[121.02183,14.37459],[121.02174,14.37441]]],[[[121.02192,14.37459],[121.02183,14.37468],[121.02192,14.37468],[121.02192,14.37459]]],[[[121.03305,14.37496],[121.03305,14.37441],[121.03259,14.37414],[121.03287,14.37441],[121.03305,14.37496]]],[[[121.02062,14.37494],[121.0209,14.37477],[121.02053,14.37476],[121.02062,14.37494]]],[[[121.0209,14.3754],[121.02062,14.37549],[121.0209,14.37549],[121.0209,14.3754]]],[[[121.03276,14.37631],[121.03295,14.37532],[121.03295,14.37505],[121.03248,14.37549],[121.03276,14.37631]]],[[[121.01885,14.37637],[121.01857,14.37628],[121.01857,14.37637],[121.01885,14.37637]]],[[[121.01913,14.37647],[121.01903,14.37638],[121.01903,14.37647],[121.01913,14.37647]]],[[[121.0194,14.37656],[121.01922,14.37647],[121.01922,14.37656],[121.0194,14.37656]]],[[[121.02877,14.37664],[121.02868,14.3761],[121.02812,14.37636],[121.02812,14.37663],[121.0284,14.37664],[121.02858,14.37628],[121.02877,14.37664]]],[[[121.02515,14.37688],[121.02506,14.37679],[121.02506,14.37688],[121.02515,14.37688]]],[[[121.02107,14.37712],[121.02023,14.3772],[121.02116,14.3773],[121.02107,14.37712]]],[[[121.02245,14.37767],[121.02236,14.37758],[121.02236,14.37767],[121.02245,14.37767]]],[[[121.0307,14.37864],[121.03005,14.37855],[121.03069,14.37891],[121.0307,14.37864]]],[[[121.02281,14.37939],[121.02272,14.3793],[121.02272,14.37939],[121.02281,14.37939]]],[[[121.02327,14.37948],[121.02309,14.37939],[121.02309,14.37948],[121.02327,14.37948]]],[[[121.02011,14.38018],[121.02002,14.37991],[121.02002,14.38018],[121.02011,14.38018]]],[[[121.0356,14.38022],[121.03587,14.38031],[121.03606,14.38013],[121.0356,14.38022]]],[[[121.01863,14.38035],[121.01872,14.38026],[121.01863,14.38026],[121.01863,14.38035]]],[[[121.01974,14.38063],[121.02011,14.38063],[121.02011,14.38045],[121.01974,14.38063]]],[[[121.04208,14.381],[121.04217,14.38091],[121.04208,14.38091],[121.04208,14.381]]],[[[121.04226,14.381],[121.04217,14.38109],[121.04226,14.38109],[121.04226,14.381]]],[[[121.03595,14.38167],[121.03577,14.3814],[121.03577,14.38167],[121.03595,14.38167]]],[[[121.03771,14.38186],[121.03762,14.38141],[121.03763,14.38123],[121.03744,14.38168],[121.03771,14.38186]]],[[[121.03586,14.38194],[121.03595,14.38185],[121.03586,14.38185],[121.03586,14.38194]]],[[[121.0366,14.38194],[121.03669,14.38204],[121.03669,14.38195],[121.0366,14.38194]]],[[[121.04244,14.3819],[121.04272,14.38172],[121.04244,14.38163],[121.04244,14.3819]]],[[[121.03604,14.38194],[121.03595,14.38212],[121.03604,14.38212],[121.03604,14.38194]]],[[[121.0366,14.38213],[121.03651,14.38203],[121.03651,14.38212],[121.0366,14.38213]]],[[[121.0429,14.38218],[121.04281,14.38209],[121.04281,14.38218],[121.0429,14.38218]]],[[[121.04235,14.38208],[121.04225,14.38217],[121.04253,14.38227],[121.04235,14.38208]]],[[[121.04188,14.38235],[121.0417,14.38226],[121.0417,14.38235],[121.04188,14.38235]]],[[[121.04188,14.38217],[121.04207,14.38235],[121.04207,14.38217],[121.04188,14.38217]]],[[[121.03641,14.3824],[121.03632,14.38212],[121.03632,14.38239],[121.03641,14.3824]]],[[[121.03761,14.38268],[121.03771,14.38204],[121.03734,14.38222],[121.03761,14.38268]]],[[[121.04086,14.38243],[121.04104,14.38261],[121.04105,14.38243],[121.04086,14.38243]]],[[[121.03529,14.38293],[121.03502,14.38238],[121.03474,14.38238],[121.03529,14.38293]]],[[[121.03835,14.38295],[121.03844,14.38314],[121.03845,14.38295],[121.03835,14.38295]]],[[[121.04197,14.38325],[121.04187,14.38316],[121.04187,14.38325],[121.04197,14.38325]]],[[[121.04206,14.38326],[121.04317,14.38326],[121.04336,14.38309],[121.04206,14.38326]]],[[[121.03612,14.38357],[121.03659,14.38339],[121.03659,14.38321],[121.03622,14.38321],[121.03612,14.38357]]],[[[121.03844,14.38359],[121.03818,14.38151],[121.03773,14.38051],[121.03817,14.38241],[121.03779,14.38322],[121.03844,14.38359]]],[[[121.0389,14.38359],[121.03881,14.38323],[121.03881,14.38359],[121.0389,14.38359]]],[[[121.04215,14.38371],[121.04206,14.38362],[121.04205,14.38371],[121.04215,14.38371]]],[[[121.03825,14.38395],[121.03807,14.38367],[121.03807,14.38395],[121.03825,14.38395]]],[[[121.03909,14.38386],[121.03964,14.38387],[121.03909,14.38332],[121.03909,14.38386]]],[[[121.03564,14.38546],[121.03574,14.38528],[121.03564,14.38528],[121.03564,14.38546]]],[[[121.03582,14.38582],[121.03573,14.38573],[121.03573,14.38582],[121.03582,14.38582]]],[[[121.0361,14.38592],[121.03601,14.38583],[121.03601,14.38592],[121.0361,14.38592]]],[[[121.03637,14.38673],[121.03656,14.38628],[121.03629,14.38583],[121.03638,14.3861],[121.03637,14.38673]]],[[[121.03637,14.38682],[121.03628,14.38673],[121.03628,14.38682],[121.03637,14.38682]]],[[[121.03581,14.3879],[121.03608,14.38791],[121.03609,14.38772],[121.03581,14.3879]]],[[[121.03542,14.38989],[121.03524,14.38898],[121.03543,14.38853],[121.03496,14.38898],[121.03505,14.3897],[121.03542,14.38989]]],[[[121.03365,14.39105],[121.03356,14.3906],[121.03319,14.39041],[121.03328,14.39068],[121.03365,14.39105]]],[[[121.03374,14.39105],[121.03365,14.39114],[121.03374,14.39114],[121.03374,14.39105]]],[[[120.99764,14.40584],[120.99773,14.40575],[120.99764,14.40575],[120.99764,14.40584]]],[[[120.99782,14.40584],[120.99773,14.40593],[120.99782,14.40593],[120.99782,14.40584]]],[[[121.04321,14.4102],[121.0434,14.41029],[121.0434,14.41011],[121.04321,14.4102]]],[[[121.03727,14.41096],[121.03709,14.41087],[121.03709,14.41096],[121.03727,14.41096]]],[[[121.04234,14.41534],[121.04224,14.41516],[121.04206,14.41534],[121.04234,14.41534]]],[[[121.0427,14.41552],[121.04233,14.41561],[121.0427,14.41561],[121.0427,14.41552]]],[[[121.04252,14.4157],[121.0427,14.41579],[121.0427,14.4157],[121.04252,14.4157]]],[[[121.01142,14.45051],[121.01124,14.45041],[121.01124,14.4505],[121.01142,14.45051]]],[[[120.97319,14.47413],[120.97337,14.47422],[120.97338,14.47413],[120.97319,14.47413]]],[[[120.97319,14.47431],[120.9731,14.47422],[120.9731,14.47431],[120.97319,14.47431]]],[[[120.97384,14.4744],[120.97374,14.47431],[120.97374,14.4744],[120.97384,14.4744]]],[[[120.97216,14.47466],[120.97244,14.47475],[120.97244,14.47457],[120.97216,14.47466]]],[[[120.97272,14.47476],[120.97281,14.47485],[120.97281,14.47476],[120.97272,14.47476]]],[[[120.97263,14.47503],[120.97253,14.47484],[120.97244,14.47502],[120.97263,14.47503]]],[[[120.97244,14.47511],[120.97235,14.47502],[120.97235,14.47511],[120.97244,14.47511]]],[[[120.97216,14.47511],[120.97197,14.4752],[120.97216,14.47529],[120.97216,14.47511]]],[[[121.04839,14.49763],[121.0482,14.49781],[121.04848,14.4979],[121.04839,14.49763]]],[[[120.98122,14.52977],[120.98113,14.52968],[120.98113,14.52977],[120.98122,14.52977]]],[[[120.98205,14.52987],[120.98131,14.52977],[120.98131,14.52986],[120.98205,14.52987]]],[[[120.98316,14.52997],[120.98307,14.52988],[120.98307,14.52997],[120.98316,14.52997]]],[[[120.98363,14.53006],[120.98381,14.52997],[120.98363,14.52997],[120.98363,14.53006]]],[[[121.10288,14.53558],[121.10279,14.5354],[121.10279,14.53558],[121.10288,14.53558]]],[[[121.04735,14.55166],[121.04745,14.55112],[121.04727,14.55103],[121.04736,14.55121],[121.04735,14.55166]]],[[[121.05802,14.55175],[121.0583,14.55157],[121.05802,14.55166],[121.05802,14.55175]]],[[[121.04735,14.55175],[121.04717,14.55166],[121.04717,14.55175],[121.04735,14.55175]]],[[[121.04717,14.55184],[121.04708,14.55175],[121.04707,14.55184],[121.04717,14.55184]]],[[[121.0468,14.55193],[121.04689,14.55184],[121.0468,14.55183],[121.0468,14.55193]]],[[[121.05913,14.55203],[121.05848,14.55211],[121.05913,14.55221],[121.05913,14.55203]]],[[[121.05511,14.5557],[121.05502,14.55561],[121.05502,14.5557],[121.05511,14.5557]]],[[[121.0552,14.55588],[121.05511,14.55579],[121.05511,14.55588],[121.0552,14.55588]]],[[[121.05529,14.55615],[121.0552,14.55597],[121.0552,14.55615],[121.05529,14.55615]]],[[[121.05538,14.55642],[121.05529,14.55633],[121.05529,14.55642],[121.05538,14.55642]]],[[[121.0552,14.55651],[121.05529,14.5567],[121.05529,14.55651],[121.0552,14.55651]]],[[[121.0552,14.55678],[121.0551,14.55669],[121.0551,14.55678],[121.0552,14.55678]]],[[[121.05482,14.55687],[121.05492,14.55678],[121.05482,14.55678],[121.05482,14.55687]]],[[[121.06197,14.55693],[121.06234,14.5563],[121.06207,14.55612],[121.06197,14.55693]]],[[[121.05473,14.55696],[121.05464,14.55687],[121.05464,14.55696],[121.05473,14.55696]]],[[[121.05445,14.55705],[121.05436,14.55696],[121.05436,14.55705],[121.05445,14.55705]]],[[[121.05417,14.55714],[121.05408,14.55705],[121.05408,14.55714],[121.05417,14.55714]]],[[[121.06169,14.55729],[121.06159,14.5572],[121.06159,14.55729],[121.06169,14.55729]]],[[[121.06178,14.55738],[121.06187,14.55747],[121.06187,14.55738],[121.06178,14.55738]]],[[[121.06178,14.55756],[121.06168,14.55747],[121.06168,14.55756],[121.06178,14.55756]]],[[[121.05435,14.55822],[121.05426,14.55804],[121.05426,14.55822],[121.05435,14.55822]]],[[[121.05444,14.55841],[121.05435,14.55831],[121.05435,14.5584],[121.05444,14.55841]]],[[[121.05915,14.56061],[121.05878,14.56061],[121.05915,14.5607],[121.05915,14.56061]]],[[[121.05364,14.56454],[121.05336,14.56463],[121.05364,14.56481],[121.05364,14.56454]]],[[[121.04979,14.56993],[121.05109,14.56985],[121.05109,14.56967],[121.04979,14.56993]]],[[[121.06815,14.57171],[121.06806,14.57162],[121.06806,14.57171],[121.06815,14.57171]]],[[[121.0675,14.57171],[121.06787,14.57189],[121.06796,14.57171],[121.0675,14.57171]]],[[[121.06759,14.57198],[121.0675,14.57189],[121.0675,14.57198],[121.06759,14.57198]]],[[[121.06749,14.57234],[121.06805,14.57207],[121.0674,14.57216],[121.06749,14.57234]]],[[[121.10189,14.57588],[121.10198,14.57579],[121.10189,14.57578],[121.10189,14.57588]]],[[[121.10217,14.57588],[121.10198,14.57597],[121.10217,14.57597],[121.10217,14.57588]]],[[[121.10226,14.57597],[121.10216,14.57606],[121.10226,14.57606],[121.10226,14.57597]]],[[[120.97533,14.58493],[120.97543,14.58503],[120.97543,14.58493],[120.97533,14.58493]]],[[[120.97533,14.58521],[120.97524,14.58502],[120.97524,14.5852],[120.97533,14.58521]]],[[[120.97524,14.58529],[120.97515,14.5852],[120.97515,14.58529],[120.97524,14.58529]]],[[[120.97514,14.58547],[120.97505,14.58529],[120.97505,14.58547],[120.97514,14.58547]]],[[[120.97505,14.58565],[120.97496,14.58547],[120.97496,14.58565],[120.97505,14.58565]]],[[[120.96697,14.59652],[120.96688,14.59643],[120.96688,14.59652],[120.96697,14.59652]]],[[[121.07137,14.60644],[121.07119,14.60635],[121.07119,14.60644],[121.07137,14.60644]]],[[[121.0723,14.60663],[121.07184,14.60645],[121.07184,14.60654],[121.0723,14.60663]]],[[[121.0744,14.61071],[121.07421,14.61062],[121.07421,14.61071],[121.0744,14.61071]]],[[[121.07493,14.62364],[121.07475,14.62373],[121.07474,14.62409],[121.07531,14.62355],[121.07493,14.62364]]],[[[121.07903,14.63344],[121.07856,14.63334],[121.07902,14.63371],[121.07903,14.63344]]],[[[121.07995,14.63399],[121.07986,14.63389],[121.07986,14.63398],[121.07995,14.63399]]],[[[120.9579,14.63367],[120.95809,14.63358],[120.9579,14.63358],[120.9579,14.63367]]],[[[120.95828,14.63367],[120.95809,14.63376],[120.95827,14.63376],[120.95828,14.63367]]],[[[120.95864,14.63395],[120.95874,14.63377],[120.95855,14.63377],[120.95864,14.63395]]],[[[120.95902,14.63395],[120.95883,14.63404],[120.95901,14.63404],[120.95902,14.63395]]],[[[120.9592,14.63422],[120.95929,14.63413],[120.9592,14.63413],[120.9592,14.63422]]],[[[120.95799,14.6343],[120.95781,14.63421],[120.95781,14.6343],[120.95799,14.6343]]],[[[120.95948,14.63423],[120.95929,14.63431],[120.95948,14.63432],[120.95948,14.63423]]],[[[120.95966,14.6345],[120.95957,14.63432],[120.95957,14.6345],[120.95966,14.6345]]],[[[120.95984,14.63459],[120.95994,14.6345],[120.95985,14.6345],[120.95984,14.63459]]],[[[120.96012,14.63459],[120.96003,14.63477],[120.96021,14.63477],[120.96012,14.63459]]],[[[120.9604,14.63478],[120.96021,14.63486],[120.9604,14.63487],[120.9604,14.63478]]],[[[120.96049,14.63487],[120.9604,14.63496],[120.96049,14.63496],[120.96049,14.63487]]],[[[120.96058,14.63496],[120.96049,14.63505],[120.96058,14.63505],[120.96058,14.63496]]],[[[120.96068,14.63505],[120.96058,14.63523],[120.96067,14.63523],[120.96068,14.63505]]],[[[121.1291,14.65002],[121.12873,14.64993],[121.12873,14.65002],[121.1291,14.65002]]],[[[121.0836,14.65164],[121.08425,14.65164],[121.08444,14.65092],[121.08379,14.65137],[121.0836,14.65164]]],[[[121.0836,14.65209],[121.08332,14.65173],[121.08332,14.65209],[121.0836,14.65209]]],[[[121.08229,14.65325],[121.08294,14.65317],[121.08229,14.65316],[121.08229,14.65325]]],[[[121.08228,14.65371],[121.08238,14.65334],[121.08154,14.65334],[121.08191,14.6537],[121.08228,14.65371]]],[[[121.08201,14.65352],[121.08191,14.65343],[121.08201,14.65343],[121.08201,14.65352]]],[[[121.1266,14.65967],[121.12679,14.65949],[121.12651,14.65949],[121.1266,14.65967]]],[[[121.12688,14.65967],[121.12697,14.65958],[121.12688,14.65958],[121.12688,14.65967]]],[[[121.12707,14.65967],[121.12697,14.65976],[121.12707,14.65976],[121.12707,14.65967]]],[[[121.0865,14.65943],[121.08706,14.65962],[121.08651,14.65925],[121.0865,14.65943]]],[[[121.08808,14.65981],[121.08845,14.65936],[121.08846,14.65918],[121.0879,14.65944],[121.08808,14.65981]]],[[[121.09457,14.66031],[121.09448,14.65995],[121.0943,14.65995],[121.09457,14.66031]]],[[[121.08919,14.66036],[121.0891,14.66018],[121.08909,14.66036],[121.08919,14.66036]]],[[[121.09039,14.66037],[121.09058,14.66046],[121.09058,14.66028],[121.09039,14.66037]]],[[[121.0902,14.66082],[121.09002,14.66028],[121.08937,14.66027],[121.08965,14.66063],[121.0902,14.66082]]],[[[121.09094,14.66155],[121.09113,14.66164],[121.09113,14.66155],[121.09094,14.66155]]],[[[121.08964,14.66172],[121.08983,14.66091],[121.08826,14.6608],[121.08918,14.66099],[121.08964,14.66172]]],[[[121.09094,14.66173],[121.09075,14.66164],[121.09075,14.66173],[121.09094,14.66173]]],[[[121.09084,14.66254],[121.09112,14.66245],[121.09103,14.66227],[121.09084,14.66254]]],[[[121.08647,14.66296],[121.08667,14.66169],[121.08677,14.66124],[121.08639,14.66205],[121.08647,14.66296]]],[[[121.00061,14.66251],[121.0008,14.66242],[121.00062,14.66233],[121.00061,14.66251]]],[[[121.0873,14.66387],[121.08721,14.66333],[121.08721,14.66387],[121.0873,14.66387]]],[[[121.08925,14.66397],[121.08962,14.66371],[121.08963,14.66334],[121.08925,14.66397]]],[[[121.08581,14.66422],[121.08656,14.66413],[121.08656,14.66404],[121.08581,14.66422]]],[[[121.1273,14.66465],[121.12712,14.66455],[121.12712,14.66464],[121.1273,14.66465]]],[[[121.12404,14.66579],[121.12424,14.66471],[121.12424,14.66408],[121.12404,14.66579]]],[[[121.12747,14.66636],[121.12757,14.66655],[121.12757,14.66636],[121.12747,14.66636]]],[[[121.12831,14.66655],[121.1285,14.6661],[121.12766,14.66628],[121.12766,14.66646],[121.12831,14.66655]]],[[[121.08867,14.6665],[121.0896,14.66578],[121.09017,14.66443],[121.08905,14.66497],[121.08867,14.6665]]],[[[121.08971,14.66479],[121.08989,14.66497],[121.08989,14.66479],[121.08971,14.66479]]],[[[121.0898,14.66506],[121.0897,14.66497],[121.0897,14.66506],[121.0898,14.66506]]],[[[121.08952,14.66488],[121.08961,14.66506],[121.08952,14.66506],[121.08952,14.66488]]],[[[121.12747,14.66654],[121.12719,14.66672],[121.1271,14.66708],[121.12756,14.66709],[121.12747,14.66654]]],[[[121.08895,14.66686],[121.08867,14.66668],[121.08867,14.66677],[121.08895,14.66686]]],[[[121.12598,14.66689],[121.12543,14.6668],[121.12598,14.66717],[121.12598,14.66689]]],[[[121.12663,14.66717],[121.127,14.66717],[121.12701,14.6669],[121.12663,14.66717]]],[[[121.09452,14.66628],[121.09497,14.66755],[121.09498,14.66718],[121.09452,14.66628]]],[[[121.09469,14.66772],[121.0946,14.66763],[121.0946,14.66772],[121.09469,14.66772]]],[[[120.9981,14.67297],[120.99844,14.67279],[120.99801,14.67279],[120.9981,14.67297]]],[[[121.05073,14.67341],[121.05064,14.67332],[121.05064,14.67341],[121.05073,14.67341]]],[[[121.08786,14.67481],[121.08795,14.67499],[121.08804,14.67481],[121.08786,14.67481]]],[[[121.08785,14.67499],[121.08748,14.67562],[121.08747,14.67607],[121.08785,14.67544],[121.08785,14.67499]]],[[[121.08784,14.6768],[121.08775,14.6767],[121.08775,14.67679],[121.08784,14.6768]]],[[[121.08811,14.67716],[121.08793,14.67707],[121.08793,14.67716],[121.08811,14.67716]]],[[[121.00015,14.69332],[121.00006,14.69314],[121.00005,14.69332],[121.00015,14.69332]]],[[[121.0008,14.69359],[121.00089,14.69314],[121.00145,14.69315],[121.00154,14.69301],[121.0008,14.69305],[121.0008,14.69359]]],[[[120.99996,14.69341],[121.00011,14.6935],[121.00011,14.69341],[120.99996,14.69341]]],[[[121.00126,14.69369],[121.00079,14.69377],[121.00126,14.69386],[121.00126,14.69369]]],[[[121.00126,14.69404],[121.00135,14.69387],[121.00131,14.69387],[121.00126,14.69404]]],[[[121.10058,14.6957],[121.10067,14.69579],[121.10067,14.6957],[121.10058,14.6957]]],[[[121.10141,14.69561],[121.1016,14.69562],[121.10169,14.69553],[121.10141,14.69561]]],[[[121.10058,14.69588],[121.10048,14.69579],[121.10048,14.69588],[121.10058,14.69588]]],[[[121.10067,14.69588],[121.10104,14.69588],[121.10104,14.69561],[121.10067,14.69588]]],[[[121.10048,14.69651],[121.10048,14.69687],[121.10075,14.69705],[121.10075,14.69678],[121.10048,14.69651]]],[[[121.09926,14.69822],[121.09991,14.69831],[121.09982,14.69795],[121.09926,14.69822]]],[[[120.91101,14.69883],[120.91107,14.69881],[120.91101,14.69879],[120.91101,14.69883]]],[[[121.09886,14.70065],[121.09849,14.70056],[121.09849,14.70065],[121.09886,14.70065]]],[[[121.09747,14.701],[121.09774,14.70128],[121.09793,14.70128],[121.09784,14.70092],[121.09747,14.701]]],[[[121.09746,14.70146],[121.09728,14.70109],[121.09728,14.70145],[121.09746,14.70146]]],[[[120.91103,14.69883],[120.91061,14.69919],[120.9107,14.6993],[120.91061,14.6993],[120.91065,14.69939],[120.91056,14.69939],[120.91056,14.69957],[120.91042,14.69966],[120.91046,14.69975],[120.91037,14.69975],[120.91037,14.69991],[120.91103,14.69892],[120.91103,14.69883]]],[[[121.09867,14.70138],[121.09802,14.70146],[121.09867,14.70156],[121.09867,14.70138]]],[[[120.91035,14.69993],[120.91,14.69995],[120.90994,14.70009],[120.91012,14.70013],[120.91033,14.7],[120.91035,14.69993]]],[[[120.90985,14.70192],[120.91057,14.70131],[120.91026,14.70149],[120.90985,14.70192]]],[[[120.91045,14.70142],[120.91049,14.70146],[120.91049,14.70142],[120.91045,14.70142]]],[[[120.91045,14.70151],[120.91035,14.70146],[120.91035,14.70151],[120.91045,14.70151]]],[[[121.06697,14.70663],[121.06679,14.70617],[121.06678,14.70662],[121.06697,14.70663]]],[[[121.11264,14.70754],[121.11236,14.70736],[121.11236,14.70754],[121.11264,14.70754]]],[[[121.10389,14.70964],[121.10371,14.70973],[121.10389,14.71],[121.10389,14.70964]]],[[[121.11466,14.71045],[121.11457,14.71018],[121.11447,14.71045],[121.11466,14.71045]]],[[[121.10304,14.71135],[121.10267,14.71099],[121.10276,14.71135],[121.10304,14.71135]]],[[[121.10285,14.71171],[121.10295,14.71153],[121.10286,14.71153],[121.10285,14.71171]]],[[[121.1074,14.71175],[121.10731,14.71166],[121.10731,14.71175],[121.1074,14.71175]]],[[[121.10304,14.71171],[121.10295,14.7118],[121.10304,14.7118],[121.10304,14.71171]]],[[[121.10332,14.71181],[121.10313,14.71171],[121.10313,14.7118],[121.10332,14.71181]]],[[[121.1075,14.71184],[121.10759,14.71175],[121.1075,14.71175],[121.1075,14.71184]]],[[[121.10619,14.71192],[121.1061,14.71174],[121.1061,14.71192],[121.10619,14.71192]]],[[[121.10601,14.71201],[121.10592,14.71192],[121.10592,14.71201],[121.10601,14.71201]]],[[[121.11288,14.71234],[121.11278,14.71224],[121.11278,14.71233],[121.11288,14.71234]]],[[[121.11557,14.71209],[121.11576,14.71218],[121.11576,14.71209],[121.11557,14.71209]]],[[[121.10359,14.71226],[121.10368,14.71235],[121.10369,14.71226],[121.10359,14.71226]]],[[[121.10043,14.71241],[121.10081,14.71233],[121.10043,14.71232],[121.10043,14.71241]]],[[[121.10359,14.71244],[121.1035,14.71235],[121.1035,14.71244],[121.10359,14.71244]]],[[[121.06905,14.71225],[121.06896,14.71215],[121.06896,14.71224],[121.06905,14.71225]]],[[[121.10099,14.71242],[121.1009,14.7126],[121.10099,14.7126],[121.10099,14.71242]]],[[[121.10117,14.71269],[121.10108,14.7126],[121.10108,14.71269],[121.10117,14.71269]]],[[[121.10089,14.71296],[121.1008,14.71287],[121.1008,14.71296],[121.10089,14.71296]]],[[[121.10759,14.71184],[121.10777,14.71275],[121.10823,14.71302],[121.10786,14.71266],[121.10759,14.71184]]],[[[121.11723,14.71364],[121.11714,14.71355],[121.11714,14.71364],[121.11723,14.71364]]],[[[121.11649,14.71363],[121.11676,14.71372],[121.11677,14.71354],[121.11649,14.71363]]],[[[121.11639,14.71399],[121.11621,14.7139],[121.1162,14.71399],[121.11639,14.71399]]],[[[121.0993,14.71439],[121.09921,14.7143],[121.09921,14.71439],[121.0993,14.71439]]],[[[121.10775,14.7151],[121.10756,14.715],[121.10756,14.71509],[121.10775,14.7151]]],[[[121.10617,14.71508],[121.10607,14.71517],[121.10617,14.71517],[121.10617,14.71508]]],[[[121.107,14.71518],[121.10738,14.715],[121.10691,14.71482],[121.107,14.71518]]],[[[121.10802,14.71519],[121.10784,14.7151],[121.10784,14.71519],[121.10802,14.71519]]],[[[121.10543,14.71417],[121.10645,14.71481],[121.10665,14.71319],[121.10803,14.71447],[121.10812,14.71519],[121.10849,14.7151],[121.10831,14.71438],[121.10905,14.7142],[121.10749,14.71283],[121.10722,14.71202],[121.10554,14.71273],[121.10525,14.7139],[121.10543,14.71417]]],[[[121.10563,14.71327],[121.10553,14.71318],[121.10563,14.71318],[121.10563,14.71327]]],[[[121.10646,14.71319],[121.10637,14.7131],[121.10646,14.7131],[121.10646,14.71319]]],[[[121.10665,14.71283],[121.10674,14.71301],[121.10674,14.71283],[121.10665,14.71283]]],[[[121.10665,14.7131],[121.10656,14.71301],[121.10656,14.7131],[121.10665,14.7131]]],[[[121.1059,14.71354],[121.10609,14.71373],[121.1059,14.71363],[121.1059,14.71354]]],[[[121.10607,14.71526],[121.10598,14.71517],[121.10598,14.71526],[121.10607,14.71526]]],[[[121.10589,14.71535],[121.10607,14.71562],[121.10607,14.71535],[121.10589,14.71535]]],[[[121.09863,14.71656],[121.09854,14.71638],[121.09854,14.71656],[121.09863,14.71656]]],[[[121.11738,14.71743],[121.11757,14.71671],[121.11785,14.71653],[121.11729,14.7168],[121.11738,14.71743]]],[[[121.1132,14.71794],[121.11357,14.71785],[121.1132,14.71785],[121.1132,14.71794]]],[[[121.11394,14.71795],[121.11367,14.71776],[121.11366,14.71795],[121.11394,14.71795]]],[[[121.11311,14.71803],[121.11301,14.71785],[121.11301,14.71803],[121.11311,14.71803]]],[[[121.10607,14.71508],[121.10533,14.7148],[121.1044,14.71525],[121.1044,14.71588],[121.1028,14.71813],[121.10327,14.71777],[121.10354,14.71804],[121.10392,14.71705],[121.1042,14.71751],[121.10486,14.71643],[121.10449,14.71633],[121.10514,14.71598],[121.10486,14.7157],[121.10607,14.71508]]],[[[121.10468,14.71552],[121.10477,14.7157],[121.10468,14.7157],[121.10468,14.71552]]],[[[121.11338,14.7183],[121.11403,14.71813],[121.11338,14.71821],[121.11338,14.7183]]],[[[121.104,14.71823],[121.10428,14.71832],[121.10428,14.71823],[121.104,14.71823]]],[[[121.10438,14.71832],[121.10475,14.71841],[121.10484,14.71814],[121.10438,14.71832]]],[[[121.10391,14.71859],[121.10373,14.71823],[121.10363,14.71859],[121.10391,14.71859]]],[[[121.10579,14.71553],[121.10514,14.71607],[121.10465,14.71878],[121.10615,14.71734],[121.10551,14.71625],[121.10579,14.71553]]],[[[121.11124,14.71892],[121.11106,14.71792],[121.11106,14.71892],[121.11124,14.71892]]],[[[121.10446,14.71895],[121.10465,14.71914],[121.10474,14.71896],[121.10446,14.71895]]],[[[121.10298,14.71894],[121.10391,14.71895],[121.10298,14.71876],[121.10298,14.71894]]],[[[121.10446,14.71932],[121.10437,14.71913],[121.10437,14.71932],[121.10446,14.71932]]],[[[121.1169,14.7196],[121.11746,14.71897],[121.11738,14.71761],[121.11681,14.71887],[121.1169,14.7196]]],[[[121.11504,14.72013],[121.11522,14.72094],[121.11523,14.71995],[121.11504,14.72013]]],[[[121.11289,14.72128],[121.1129,14.72083],[121.11225,14.72092],[121.11243,14.72119],[121.11289,14.72128]]],[[[121.11855,14.72187],[121.11911,14.72133],[121.11856,14.72097],[121.11855,14.72187]]],[[[121.11855,14.72232],[121.11892,14.72196],[121.11846,14.72214],[121.11855,14.72232]]],[[[121.11372,14.72255],[121.11392,14.72111],[121.11429,14.72039],[121.11354,14.72138],[121.11317,14.72128],[121.11372,14.72255]]],[[[120.97019,14.72127],[120.97033,14.72109],[120.97031,14.7204],[120.97019,14.72127]]],[[[121.11585,14.72266],[121.11642,14.72122],[121.11707,14.72096],[121.11662,14.72023],[121.11596,14.72104],[121.11585,14.72266]]],[[[121.11343,14.72328],[121.11409,14.72274],[121.11409,14.72256],[121.11353,14.72282],[121.11343,14.72328]]],[[[121.10257,14.72337],[121.10248,14.72319],[121.10247,14.72337],[121.10257,14.72337]]],[[[121.11529,14.72347],[121.11521,14.72193],[121.11502,14.72184],[121.11501,14.72329],[121.11529,14.72347]]],[[[120.97125,14.72238],[120.9712,14.72234],[120.9712,14.72238],[120.97125,14.72238]]],[[[120.97129,14.72243],[120.97125,14.72238],[120.97125,14.72243],[120.97129,14.72243]]],[[[121.11454,14.72356],[121.11408,14.72319],[121.1138,14.72382],[121.11427,14.72346],[121.11454,14.72392],[121.11454,14.72356]]],[[[121.11937,14.72405],[121.11946,14.72414],[121.11946,14.72405],[121.11937,14.72405]]],[[[121.11909,14.72359],[121.12011,14.72387],[121.1191,14.72341],[121.11909,14.72359]]],[[[121.11937,14.72423],[121.11927,14.72414],[121.11927,14.72423],[121.11937,14.72423]]],[[[121.11965,14.72423],[121.11946,14.72414],[121.11946,14.72423],[121.11965,14.72423]]],[[[120.97046,14.72204],[120.97104,14.72234],[120.97125,14.72229],[120.97183,14.72303],[120.97132,14.7223],[120.97067,14.72203],[120.97046,14.72204]]],[[[121.11927,14.72432],[121.11909,14.72422],[121.11909,14.72432],[121.11927,14.72432]]],[[[121.11946,14.72432],[121.11937,14.72423],[121.11937,14.72432],[121.11946,14.72432]]],[[[120.97214,14.72302],[120.97196,14.72308],[120.97214,14.72309],[120.97214,14.72302]]],[[[121.11881,14.72431],[121.1189,14.7244],[121.1189,14.72431],[121.11881,14.72431]]],[[[121.11909,14.72441],[121.1189,14.72449],[121.11909,14.7245],[121.11909,14.72441]]],[[[121.11871,14.72458],[121.11862,14.7244],[121.11853,14.72458],[121.11871,14.72458]]],[[[121.12726,14.72474],[121.12698,14.72465],[121.12698,14.72474],[121.12726,14.72474]]],[[[121.10395,14.72482],[121.10413,14.72492],[121.10413,14.72483],[121.10395,14.72482]]],[[[121.10395,14.72501],[121.10358,14.72491],[121.10357,14.725],[121.10395,14.72501]]],[[[121.10487,14.72501],[121.10432,14.72483],[121.10432,14.72492],[121.10487,14.72501]]],[[[121.10339,14.72509],[121.1033,14.725],[121.1033,14.72509],[121.10339,14.72509]]],[[[121.12056,14.72532],[121.12113,14.72415],[121.12047,14.72505],[121.11983,14.72459],[121.11843,14.72476],[121.12056,14.72532]]],[[[121.12251,14.72561],[121.12307,14.72552],[121.12307,14.72543],[121.1227,14.72534],[121.12251,14.72561]]],[[[121.12205,14.72579],[121.122,14.72578],[121.12205,14.72586],[121.12205,14.72579]]],[[[121.07182,14.72537],[121.072,14.72501],[121.07182,14.72501],[121.07182,14.72537]]],[[[121.12576,14.72591],[121.12594,14.726],[121.12595,14.72591],[121.12576,14.72591]]],[[[121.12576,14.72618],[121.12567,14.726],[121.12566,14.72618],[121.12576,14.72618]]],[[[121.10357,14.72609],[121.10375,14.72591],[121.10357,14.726],[121.10357,14.72609]]],[[[121.12492,14.72617],[121.12501,14.72626],[121.12501,14.72617],[121.12492,14.72617]]],[[[121.12492,14.72635],[121.12483,14.72626],[121.12483,14.72635],[121.12492,14.72635]]],[[[121.12529,14.72617],[121.12548,14.72626],[121.12548,14.72617],[121.12529,14.72617]]],[[[121.12409,14.72616],[121.12418,14.72634],[121.12409,14.72598],[121.12362,14.72598],[121.12344,14.72616],[121.12409,14.72616]]],[[[121.12613,14.72645],[121.12622,14.72627],[121.12594,14.72627],[121.12613,14.72645]]],[[[121.1213,14.7265],[121.12145,14.72618],[121.12093,14.72578],[121.12093,14.72614],[121.1213,14.7265]]],[[[121.1239,14.72652],[121.12381,14.72643],[121.1238,14.72652],[121.1239,14.72652]]],[[[121.1264,14.72645],[121.12631,14.72654],[121.1264,14.72654],[121.1264,14.72645]]],[[[121.1213,14.72659],[121.1212,14.7265],[121.1212,14.72659],[121.1213,14.72659]]],[[[121.12362,14.72661],[121.12353,14.72652],[121.12352,14.72661],[121.12362,14.72661]]],[[[121.12083,14.72659],[121.12068,14.72659],[121.12083,14.72662],[121.12083,14.72659]]],[[[121.12111,14.72659],[121.12092,14.72664],[121.12111,14.72666],[121.12111,14.72659]]],[[[121.12362,14.72679],[121.12352,14.7267],[121.12352,14.72679],[121.12362,14.72679]]],[[[121.1251,14.7268],[121.12501,14.72671],[121.12501,14.7268],[121.1251,14.7268]]],[[[121.12789,14.7271],[121.12798,14.72701],[121.12789,14.72701],[121.12789,14.7271]]],[[[121.12816,14.7271],[121.12798,14.72719],[121.12816,14.72719],[121.12816,14.7271]]],[[[121.08629,14.72685],[121.08638,14.72694],[121.08638,14.72685],[121.08629,14.72685]]],[[[121.08684,14.72694],[121.08675,14.72685],[121.08675,14.72694],[121.08684,14.72694]]],[[[121.12826,14.72719],[121.12816,14.72728],[121.12825,14.72728],[121.12826,14.72719]]],[[[121.08629,14.72703],[121.08619,14.72694],[121.08619,14.72703],[121.08629,14.72703]]],[[[121.10365,14.72717],[121.10403,14.72663],[121.10356,14.72636],[121.10365,14.72717]]],[[[121.12835,14.72737],[121.12844,14.72728],[121.12835,14.72728],[121.12835,14.72737]]],[[[121.12853,14.72737],[121.12844,14.72746],[121.12853,14.72746],[121.12853,14.72737]]],[[[121.0822,14.72727],[121.08211,14.72717],[121.08211,14.72727],[121.0822,14.72727]]],[[[121.08145,14.72771],[121.08155,14.72762],[121.08145,14.72762],[121.08145,14.72771]]],[[[121.08154,14.72771],[121.08154,14.72844],[121.08144,14.72852],[121.08172,14.72844],[121.08154,14.72771]]],[[[121.08051,14.7287],[121.08042,14.72852],[121.08042,14.7287],[121.08051,14.7287]]],[[[121.09361,14.72881],[121.09351,14.72871],[121.09351,14.72881],[121.09361,14.72881]]],[[[121.08033,14.72879],[121.08005,14.72869],[121.08005,14.72878],[121.08033,14.72879]]],[[[121.0872,14.72911],[121.0871,14.72902],[121.0871,14.72911],[121.0872,14.72911]]],[[[121.08429,14.73207],[121.0842,14.73198],[121.0842,14.73207],[121.08429,14.73207]]],[[[121.08856,14.73202],[121.08866,14.73211],[121.08866,14.73202],[121.08856,14.73202]]],[[[121.08893,14.73211],[121.08884,14.73202],[121.08884,14.73211],[121.08893,14.73211]]],[[[121.08856,14.7322],[121.08847,14.73211],[121.08847,14.7322],[121.08856,14.7322]]],[[[121.08438,14.73234],[121.08429,14.73216],[121.08429,14.73234],[121.08438,14.73234]]],[[[121.08327,14.73243],[121.08318,14.73233],[121.08317,14.73243],[121.08327,14.73243]]],[[[121.10657,14.73262],[121.10676,14.73208],[121.10621,14.73189],[121.10657,14.73262]]],[[[121.08308,14.73251],[121.08317,14.73261],[121.08317,14.73252],[121.08308,14.73251]]],[[[121.08308,14.7327],[121.08252,14.7326],[121.08252,14.73269],[121.08308,14.7327]]],[[[121.09366,14.73278],[121.09357,14.73269],[121.09357,14.73278],[121.09366,14.73278]]],[[[121.09403,14.73342],[121.09394,14.73315],[121.09394,14.73342],[121.09403,14.73342]]],[[[121.09161,14.73358],[121.09171,14.7334],[121.09162,14.7334],[121.09161,14.73358]]],[[[121.0918,14.73358],[121.0917,14.73421],[121.0918,14.73421],[121.0918,14.73358]]],[[[121.09448,14.7346],[121.09458,14.73451],[121.09449,14.73451],[121.09448,14.7346]]],[[[121.0917,14.73466],[121.09179,14.73439],[121.0917,14.73439],[121.0917,14.73466]]],[[[121.09012,14.7351],[121.09002,14.73501],[121.09002,14.7351],[121.09012,14.7351]]],[[[121.09458,14.7346],[121.09457,14.73496],[121.09448,14.73514],[121.09467,14.73505],[121.09458,14.7346]]],[[[121.08816,14.73545],[121.08826,14.73536],[121.08816,14.73536],[121.08816,14.73545]]],[[[121.09188,14.73548],[121.09197,14.73503],[121.09188,14.73503],[121.09188,14.73548]]],[[[121.09187,14.73575],[121.09178,14.73566],[121.09178,14.73575],[121.09187,14.73575]]],[[[121.08899,14.73609],[121.08908,14.73627],[121.08909,14.73609],[121.08899,14.73609]]],[[[121.08899,14.73636],[121.0889,14.73627],[121.0889,14.73636],[121.08899,14.73636]]],[[[121.08852,14.73654],[121.08862,14.73663],[121.08862,14.73654],[121.08852,14.73654]]],[[[121.08852,14.73672],[121.08843,14.73663],[121.08843,14.73672],[121.08852,14.73672]]],[[[121.08713,14.7368],[121.08704,14.7367],[121.08704,14.73679],[121.08713,14.7368]]],[[[121.08732,14.7368],[121.08722,14.73671],[121.08722,14.7368],[121.08732,14.7368]]],[[[121.08824,14.73671],[121.08834,14.73681],[121.08834,14.73672],[121.08824,14.73671]]],[[[121.08824,14.7369],[121.08815,14.7368],[121.08815,14.73689],[121.08824,14.7369]]],[[[121.08815,14.73698],[121.08806,14.73689],[121.08806,14.73698],[121.08815,14.73698]]],[[[121.09186,14.73702],[121.09177,14.73674],[121.09177,14.73701],[121.09186,14.73702]]],[[[121.11619,14.73758],[121.11665,14.73731],[121.11619,14.73749],[121.11619,14.73758]]],[[[121.08694,14.7377],[121.08703,14.73761],[121.08694,14.73761],[121.08694,14.7377]]],[[[121.08703,14.7377],[121.08758,14.73788],[121.08777,14.73743],[121.08759,14.7377],[121.08703,14.7377]]],[[[121.09194,14.73864],[121.09185,14.73846],[121.09185,14.73864],[121.09194,14.73864]]],[[[121.11738,14.73885],[121.11673,14.73876],[121.11738,14.73912],[121.11738,14.73885]]],[[[121.09175,14.73964],[121.09166,14.73936],[121.09166,14.73963],[121.09175,14.73964]]],[[[121.09165,14.74009],[121.09156,14.73972],[121.09156,14.74009],[121.09165,14.74009]]],[[[121.10353,14.74109],[121.1039,14.74073],[121.10391,14.74046],[121.10353,14.74109]]],[[[121.11159,14.7426],[121.11206,14.74269],[121.11169,14.74233],[121.11159,14.7426]]],[[[121.11381,14.74461],[121.11371,14.74451],[121.11371,14.74461],[121.11381,14.74461]]],[[[121.11445,14.74551],[121.11463,14.74543],[121.11445,14.74542],[121.11445,14.74551]]],[[[121.11473,14.74552],[121.11463,14.74561],[121.11473,14.74561],[121.11473,14.74552]]],[[[120.98545,14.74737],[120.98554,14.74742],[120.98554,14.74737],[120.98545,14.74737]]],[[[120.98638,14.74738],[120.98642,14.74743],[120.98642,14.74738],[120.98638,14.74738]]],[[[120.98545,14.74745],[120.98536,14.74742],[120.98536,14.74746],[120.98545,14.74745]]],[[[120.98573,14.74742],[120.98554,14.74747],[120.98573,14.74745],[120.98573,14.74742]]],[[[120.98638,14.74747],[120.98633,14.74743],[120.98633,14.74747],[120.98638,14.74747]]],[[[120.98666,14.74746],[120.98675,14.7473],[120.9867,14.74729],[120.98666,14.74746]]],[[[120.98596,14.74747],[120.98628,14.7475],[120.98628,14.74747],[120.98596,14.74747]]],[[[120.98661,14.74752],[120.98666,14.74755],[120.98666,14.7475],[120.98661,14.74752]]],[[[120.98656,14.7477],[120.98647,14.74765],[120.98647,14.74768],[120.98656,14.7477]]],[[[120.98642,14.74779],[120.98638,14.7477],[120.98619,14.74779],[120.98642,14.74779]]],[[[120.99109,14.75013],[120.991,14.75018],[120.99141,14.75072],[120.99109,14.75013]]],[[[120.99266,14.75083],[120.99272,14.75081],[120.99268,14.75077],[120.99266,14.75083]]],[[[120.99266,14.75092],[120.99257,14.75087],[120.99257,14.75092],[120.99266,14.75092]]],[[[120.98653,14.75095],[120.98648,14.75091],[120.98648,14.75095],[120.98653,14.75095]]],[[[120.98805,14.75223],[120.98824,14.75226],[120.98824,14.75223],[120.98805,14.75223]]],[[[120.99139,14.75267],[120.99158,14.7524],[120.99172,14.75195],[120.99153,14.75217],[120.99139,14.75267]]],[[[120.99139,14.75276],[120.99134,14.75267],[120.99134,14.75276],[120.99139,14.75276]]],[[[120.99134,14.75276],[120.99128,14.7528],[120.99134,14.75285],[120.99134,14.75276]]],[[[120.99152,14.75324],[120.99148,14.75316],[120.99148,14.75324],[120.99152,14.75324]]],[[[120.99287,14.75385],[120.99227,14.75362],[120.99222,14.75371],[120.99287,14.75385]]],[[[120.99203,14.75389],[120.99171,14.75396],[120.99129,14.75357],[120.99161,14.75398],[120.99184,14.75398],[120.99203,14.75389]]],[[[121.03756,14.75541],[121.03734,14.75544],[121.03756,14.75544],[121.03756,14.75541]]],[[[121.0371,14.75537],[121.0372,14.75544],[121.03733,14.75537],[121.0371,14.75537]]],[[[121.0377,14.75546],[121.03761,14.75549],[121.0377,14.75549],[121.0377,14.75546]]],[[[121.03654,14.75554],[121.03682,14.7555],[121.03682,14.75545],[121.03654,14.75554]]],[[[121.03844,14.75587],[121.03807,14.75599],[121.03783,14.75578],[121.03728,14.75568],[121.03844,14.75587]]],[[[121.11482,14.75681],[121.11463,14.75672],[121.11481,14.75699],[121.11482,14.75681]]],[[[121.1162,14.75746],[121.1163,14.75683],[121.1151,14.75636],[121.115,14.75673],[121.1162,14.75746]]],[[[121.03606,14.75689],[121.03611,14.7568],[121.03607,14.7568],[121.03606,14.75689]]],[[[121.03601,14.75703],[121.03606,14.75697],[121.03602,14.75697],[121.03601,14.75703]]],[[[121.11341,14.75825],[121.11453,14.75799],[121.11453,14.75772],[121.11379,14.75753],[121.11341,14.75825]]],[[[121.03651,14.75816],[121.03647,14.75812],[121.03647,14.75816],[121.03651,14.75816]]],[[[121.03656,14.75825],[121.03651,14.75821],[121.03651,14.75825],[121.03656,14.75825]]],[[[121.0366,14.75839],[121.03656,14.7583],[121.03656,14.75839],[121.0366,14.75839]]],[[[121.11294,14.75897],[121.11405,14.75889],[121.11415,14.75862],[121.11294,14.75897]]],[[[121.12246,14.76006],[121.12264,14.76022],[121.12268,14.76003],[121.12246,14.76006]]],[[[121.11739,14.76018],[121.11822,14.76065],[121.1188,14.76031],[121.1181,14.76005],[121.11607,14.75996],[121.11694,14.76087],[121.11739,14.76018]]],[[[121.03459,14.76022],[121.03492,14.76026],[121.03492,14.76023],[121.03459,14.76022]]],[[[121.03505,14.76027],[121.03492,14.76032],[121.03505,14.76032],[121.03505,14.76027]]],[[[121.03371,14.76052],[121.03386,14.7604],[121.03386,14.76034],[121.0339,14.76034],[121.0339,14.7603],[121.034,14.76026],[121.03389,14.76026],[121.03371,14.76052]]],[[[121.12205,14.76111],[121.12142,14.76113],[121.12218,14.7613],[121.12205,14.76111]]],[[[121.12042,14.76136],[121.12076,14.7617],[121.12067,14.76133],[121.12042,14.76136]]],[[[121.12462,14.76188],[121.124,14.76088],[121.12254,14.76065],[121.123,14.76108],[121.12462,14.76188]]],[[[121.07484,14.76155],[121.07466,14.76145],[121.07456,14.76154],[121.07484,14.76155]]],[[[121.11934,14.76233],[121.11936,14.76204],[121.11902,14.76221],[121.11934,14.76233]]],[[[121.11663,14.76239],[121.11714,14.76173],[121.119,14.76159],[121.117,14.76148],[121.11663,14.76239]]],[[[121.03301,14.7617],[121.03314,14.76173],[121.03314,14.7617],[121.03301,14.7617]]],[[[121.03244,14.7617],[121.03259,14.76168],[121.033,14.76165],[121.03258,14.76165],[121.03244,14.7617]]],[[[121.03301,14.76175],[121.03259,14.76173],[121.03259,14.76174],[121.03301,14.76175]]],[[[121.03244,14.76177],[121.03235,14.76174],[121.03235,14.76179],[121.03244,14.76177]]],[[[121.03355,14.76197],[121.0336,14.76202],[121.0336,14.76197],[121.03355,14.76197]]],[[[121.12022,14.76279],[121.12064,14.76279],[121.12117,14.76259],[121.12053,14.76238],[121.12022,14.76279]]],[[[121.03355,14.76206],[121.03346,14.76202],[121.03346,14.76207],[121.03355,14.76206]]],[[[121.10557,14.76278],[121.10543,14.76273],[121.10535,14.76276],[121.10557,14.76278]]],[[[121.03234,14.76246],[121.03243,14.76256],[121.03243,14.76246],[121.03234,14.76246]]],[[[121.11995,14.76336],[121.12005,14.76299],[121.11989,14.76303],[121.11995,14.76336]]],[[[121.03234,14.76282],[121.0323,14.76268],[121.0323,14.76282],[121.03234,14.76282]]],[[[121.12021,14.76394],[121.12026,14.76385],[121.1201,14.76387],[121.12021,14.76394]]],[[[121.12303,14.76423],[121.12285,14.76391],[121.1226,14.76411],[121.12303,14.76423]]],[[[121.09925,14.76391],[121.09946,14.76409],[121.09886,14.76422],[121.09955,14.76419],[121.09951,14.76382],[121.09895,14.76339],[121.09905,14.76382],[121.09925,14.76391]]],[[[121.09929,14.76414],[121.09948,14.76419],[121.09929,14.76418],[121.09929,14.76414]]],[[[121.11735,14.76443],[121.11791,14.76406],[121.11791,14.76353],[121.11835,14.76335],[121.11808,14.76337],[121.11785,14.76355],[121.11735,14.76443]]],[[[121.11631,14.76382],[121.11749,14.76352],[121.11808,14.76248],[121.11782,14.76205],[121.11732,14.76203],[121.11683,14.76316],[121.11608,14.76349],[121.11596,14.76404],[121.1166,14.7649],[121.11693,14.76423],[121.11631,14.76382]]],[[[121.09857,14.76472],[121.09849,14.76481],[121.09853,14.76481],[121.09857,14.76472]]],[[[121.03289,14.76427],[121.03284,14.76364],[121.03267,14.76359],[121.03289,14.76427]]],[[[121.09677,14.7642],[121.09642,14.76473],[121.0965,14.7649],[121.0973,14.76419],[121.09705,14.76407],[121.09677,14.7642]]],[[[121.09692,14.76426],[121.09697,14.7643],[121.09697,14.76426],[121.09692,14.76426]]],[[[121.09692,14.76435],[121.09688,14.7643],[121.09688,14.76435],[121.09692,14.76435]]],[[[121.09697,14.76421],[121.09702,14.76426],[121.09702,14.76421],[121.09697,14.76421]]],[[[121.09664,14.76443],[121.09669,14.76448],[121.09664,14.76448],[121.09664,14.76443]]],[[[121.09678,14.76448],[121.09674,14.76443],[121.09678,14.76444],[121.09678,14.76448]]],[[[121.09849,14.7649],[121.09825,14.7648],[121.09813,14.76499],[121.09849,14.7649]]],[[[121.11977,14.76518],[121.12013,14.7645],[121.11903,14.76409],[121.11972,14.7638],[121.11863,14.76375],[121.11837,14.76436],[121.11889,14.76424],[121.11907,14.76474],[121.11949,14.76444],[121.11933,14.76512],[121.11977,14.76518]]],[[[121.03158,14.76449],[121.0314,14.76452],[121.03158,14.76452],[121.03158,14.76449]]],[[[121.03121,14.76444],[121.03136,14.76452],[121.03139,14.76444],[121.03121,14.76444]]],[[[121.03275,14.76448],[121.03283,14.76454],[121.03283,14.76448],[121.03275,14.76448]]],[[[121.09849,14.76472],[121.0992,14.76459],[121.09871,14.7649],[121.09919,14.7651],[121.09944,14.76475],[121.09899,14.7644],[121.09853,14.76453],[121.09834,14.76467],[121.09834,14.76476],[121.09849,14.76472]]],[[[121.09901,14.7645],[121.09897,14.76445],[121.09901,14.76445],[121.09901,14.7645]]],[[[121.09901,14.76477],[121.09924,14.76482],[121.09901,14.76482],[121.09901,14.76477]]],[[[121.09821,14.76508],[121.09812,14.76517],[121.09821,14.76517],[121.09821,14.76508]]],[[[121.03279,14.76459],[121.03261,14.76459],[121.03261,14.76462],[121.03279,14.76459]]],[[[121.09808,14.76526],[121.09803,14.76521],[121.09803,14.76526],[121.09808,14.76526]]],[[[121.09775,14.7653],[121.09773,14.76525],[121.09768,14.7653],[121.09775,14.7653]]],[[[121.03251,14.76463],[121.03246,14.76476],[121.03265,14.76466],[121.03251,14.76463]]],[[[121.09798,14.76535],[121.09793,14.76526],[121.09793,14.76535],[121.09798,14.76535]]],[[[121.03213,14.76485],[121.03167,14.7648],[121.03167,14.76485],[121.03213,14.76485]]],[[[121.11724,14.76561],[121.11748,14.76546],[121.11718,14.76549],[121.11724,14.76561]]],[[[121.12047,14.76537],[121.11988,14.76536],[121.11952,14.7656],[121.12023,14.76572],[121.12047,14.76537]]],[[[121.09728,14.76562],[121.09784,14.76544],[121.09808,14.76498],[121.09728,14.76562]]],[[[121.09765,14.76553],[121.09756,14.76562],[121.09765,14.76557],[121.09765,14.76553]]],[[[121.09835,14.76567],[121.0984,14.76562],[121.09835,14.76562],[121.09835,14.76567]]],[[[121.03125,14.76512],[121.0313,14.76507],[121.03125,14.76507],[121.03125,14.76512]]],[[[121.09737,14.76571],[121.09728,14.7658],[121.09737,14.7658],[121.09737,14.76571]]],[[[121.09802,14.76594],[121.09802,14.76588],[121.09796,14.76594],[121.09802,14.76594]]],[[[121.0312,14.76543],[121.03097,14.76469],[121.03098,14.76453],[121.03083,14.76475],[121.03083,14.76507],[121.03097,14.76529],[121.0312,14.76543]]],[[[121.09681,14.76606],[121.09714,14.7657],[121.09683,14.76594],[121.09681,14.76606]]],[[[121.03171,14.76544],[121.0313,14.76521],[121.03163,14.76542],[121.0318,14.7658],[121.03171,14.76544]]],[[[121.11977,14.76672],[121.12028,14.76643],[121.1207,14.7659],[121.12004,14.76607],[121.11977,14.76672]]],[[[121.12393,14.76679],[121.12415,14.76678],[121.12413,14.76668],[121.12393,14.76679]]],[[[121.11767,14.7664],[121.11706,14.76599],[121.11747,14.76686],[121.11767,14.7664]]],[[[121.09723,14.7667],[121.09723,14.76646],[121.09721,14.7667],[121.09723,14.7667]]],[[[121.12083,14.76681],[121.121,14.76687],[121.12104,14.7668],[121.12083,14.76681]]],[[[121.09798,14.76621],[121.09797,14.76639],[121.09821,14.76676],[121.09842,14.76666],[121.09884,14.76626],[121.09835,14.76621],[121.09841,14.76583],[121.09889,14.76625],[121.09947,14.76515],[121.09868,14.76526],[121.09798,14.76621]]],[[[121.09894,14.76549],[121.09892,14.76558],[121.09884,14.7655],[121.09894,14.76549]]],[[[121.09821,14.76594],[121.09826,14.76603],[121.09821,14.76603],[121.09821,14.76594]]],[[[121.09821,14.76607],[121.09825,14.76616],[121.09821,14.76616],[121.09821,14.76607]]],[[[121.09839,14.7663],[121.09821,14.76634],[121.09839,14.76635],[121.09839,14.7663]]],[[[121.09816,14.7663],[121.09821,14.76625],[121.09816,14.76625],[121.09816,14.7663]]],[[[121.09839,14.7663],[121.09844,14.7663],[121.09844,14.76626],[121.09839,14.76626],[121.09839,14.7663]]],[[[121.09822,14.7664],[121.09832,14.76656],[121.09817,14.76654],[121.09822,14.7664]]],[[[121.0983,14.76662],[121.09839,14.76653],[121.09839,14.76662],[121.0983,14.76662]]],[[[121.09737,14.76656],[121.0973,14.76701],[121.09795,14.7667],[121.09784,14.76606],[121.09737,14.76656]]],[[[121.0941,14.76703],[121.09415,14.76701],[121.09411,14.76697],[121.0941,14.76703]]],[[[121.09884,14.76752],[121.09871,14.76748],[121.09871,14.76753],[121.09884,14.76752]]],[[[121.09514,14.76752],[121.09582,14.76694],[121.09718,14.76724],[121.09655,14.76665],[121.09577,14.76672],[121.09526,14.76703],[121.09514,14.76752]]],[[[121.03142,14.76706],[121.03133,14.76701],[121.03132,14.76706],[121.03142,14.76706]]],[[[121.11785,14.76748],[121.1168,14.76642],[121.1157,14.76645],[121.11576,14.76691],[121.11597,14.76655],[121.11746,14.76778],[121.11785,14.76748]]],[[[121.09265,14.76765],[121.0927,14.7676],[121.09265,14.7676],[121.09265,14.76765]]],[[[121.11475,14.76789],[121.11476,14.76779],[121.1147,14.76781],[121.11475,14.76789]]],[[[121.03123,14.76719],[121.03119,14.76715],[121.03118,14.76719],[121.03123,14.76719]]],[[[121.09274,14.76765],[121.0927,14.76774],[121.09274,14.76774],[121.09274,14.76765]]],[[[121.0968,14.76773],[121.09675,14.76778],[121.0968,14.76778],[121.0968,14.76773]]],[[[121.11623,14.76795],[121.11639,14.76784],[121.11619,14.76786],[121.11623,14.76795]]],[[[121.09279,14.76774],[121.09274,14.76783],[121.09279,14.76783],[121.09279,14.76774]]],[[[121.12193,14.76811],[121.12252,14.76786],[121.12243,14.76766],[121.12185,14.76775],[121.12193,14.76811]]],[[[121.09555,14.76795],[121.09666,14.76778],[121.09711,14.76774],[121.09683,14.76764],[121.09604,14.76763],[121.09555,14.76795]]],[[[121.09657,14.76764],[121.09671,14.76769],[121.09657,14.76769],[121.09657,14.76764]]],[[[121.09722,14.76796],[121.09717,14.76792],[121.09717,14.76796],[121.09722,14.76796]]],[[[121.09908,14.76798],[121.09912,14.76793],[121.09917,14.76789],[121.09912,14.76789],[121.09908,14.76798]]],[[[121.1201,14.76808],[121.12052,14.76797],[121.12006,14.768],[121.1201,14.76808]]],[[[121.09033,14.76799],[121.09104,14.7671],[121.09105,14.76692],[121.09226,14.76697],[121.09105,14.76682],[121.09042,14.76754],[121.09033,14.76781],[121.09033,14.76799]]],[[[121.09736,14.76805],[121.09731,14.76801],[121.09731,14.76805],[121.09736,14.76805]]],[[[121.12379,14.76826],[121.12416,14.76812],[121.12408,14.76793],[121.12379,14.76826]]],[[[121.12748,14.76866],[121.12742,14.76859],[121.12742,14.76866],[121.12748,14.76866]]],[[[121.09496,14.76875],[121.09559,14.76785],[121.09543,14.7679],[121.09534,14.76803],[121.09525,14.76803],[121.09497,14.76835],[121.09496,14.76875]]],[[[121.09522,14.76808],[121.09527,14.76813],[121.09522,14.76813],[121.09522,14.76808]]],[[[121.09513,14.76817],[121.09517,14.76822],[121.09513,14.76822],[121.09513,14.76817]]],[[[121.12172,14.76896],[121.12228,14.76872],[121.12203,14.76841],[121.12172,14.76896]]],[[[121.04506,14.76852],[121.04515,14.76844],[121.04507,14.76843],[121.04506,14.76852]]],[[[121.11572,14.76752],[121.11494,14.76769],[121.11496,14.76839],[121.11666,14.76915],[121.11659,14.76847],[121.1153,14.76792],[121.11572,14.76752]]],[[[121.09279,14.76783],[121.09313,14.769],[121.0932,14.76905],[121.09315,14.76856],[121.09279,14.76783]]],[[[121.04441,14.76879],[121.04432,14.76852],[121.04431,14.76879],[121.04441,14.76879]]],[[[121.02801,14.76866],[121.02769,14.76856],[121.0275,14.76861],[121.0275,14.7687],[121.02801,14.76866]]],[[[121.02806,14.76866],[121.02801,14.7687],[121.02806,14.7687],[121.02806,14.76866]]],[[[121.02787,14.76902],[121.02792,14.76897],[121.02787,14.76897],[121.02787,14.76902]]],[[[121.02885,14.7691],[121.02913,14.76897],[121.02885,14.76907],[121.02885,14.7691]]],[[[121.0288,14.76921],[121.02871,14.76915],[121.02871,14.76921],[121.0288,14.76921]]],[[[121.04626,14.76939],[121.04631,14.76934],[121.04627,14.76934],[121.04626,14.76939]]],[[[121.02792,14.76902],[121.02819,14.76925],[121.0287,14.76925],[121.02867,14.76916],[121.02792,14.76902]]],[[[121.04645,14.76917],[121.0457,14.76934],[121.0457,14.76943],[121.04626,14.76953],[121.04645,14.76944],[121.04645,14.76917]]],[[[121.09708,14.76778],[121.09708,14.76792],[121.09763,14.76815],[121.09787,14.7681],[121.09819,14.76851],[121.09828,14.76847],[121.09823,14.76865],[121.09842,14.76892],[121.09827,14.76985],[121.09876,14.77005],[121.09831,14.76842],[121.09803,14.7681],[121.09708,14.76778]]],[[[121.09796,14.7681],[121.098,14.76815],[121.09796,14.76815],[121.09796,14.7681]]],[[[121.09842,14.76879],[121.09846,14.76888],[121.09842,14.76888],[121.09842,14.76879]]],[[[121.09859,14.76983],[121.09869,14.76987],[121.09859,14.76987],[121.09859,14.76983]]],[[[121.09859,14.76992],[121.09869,14.76996],[121.09859,14.76996],[121.09859,14.76992]]],[[[121.04449,14.76969],[121.04459,14.76951],[121.04449,14.76951],[121.04449,14.76969]]],[[[121.11841,14.77054],[121.11852,14.77004],[121.11953,14.77037],[121.1186,14.76949],[121.11707,14.76964],[121.11742,14.77004],[121.11805,14.76976],[121.11841,14.77054]]],[[[121.11995,14.77043],[121.12029,14.77061],[121.12041,14.77041],[121.11995,14.77043]]],[[[121.09852,14.76758],[121.09836,14.76815],[121.09922,14.77073],[121.09901,14.7696],[121.09929,14.76938],[121.09939,14.76901],[121.09909,14.76926],[121.09866,14.76748],[121.0988,14.76743],[121.0988,14.76734],[121.09894,14.76734],[121.09912,14.76699],[121.09967,14.7669],[121.09937,14.76595],[121.09979,14.76559],[121.09945,14.76567],[121.09852,14.76758]]],[[[121.09852,14.77077],[121.09848,14.77072],[121.09847,14.77077],[121.09852,14.77077]]],[[[121.11894,14.77082],[121.11912,14.77093],[121.11918,14.77079],[121.11894,14.77082]]],[[[121.09404,14.77098],[121.09383,14.77091],[121.0939,14.77096],[121.09404,14.77098]]],[[[121.09857,14.77094],[121.09852,14.77109],[121.09866,14.77114],[121.09857,14.77094]]],[[[121.08087,14.77098],[121.08113,14.77102],[121.0811,14.77093],[121.08087,14.77098]]],[[[121.08089,14.77104],[121.08094,14.77099],[121.08094,14.77104],[121.08089,14.77104]]],[[[121.08143,14.77108],[121.08148,14.77103],[121.08143,14.77103],[121.08143,14.77108]]],[[[121.11873,14.7714],[121.11911,14.77157],[121.11914,14.77139],[121.11873,14.7714]]],[[[121.0273,14.77087],[121.02734,14.77073],[121.0273,14.77073],[121.0273,14.77087]]],[[[121.08171,14.77122],[121.08166,14.77135],[121.08171,14.77135],[121.08171,14.77122]]],[[[121.11687,14.77032],[121.11569,14.76984],[121.11478,14.76877],[121.1146,14.76942],[121.11366,14.76944],[121.11402,14.77022],[121.11491,14.76982],[121.1158,14.77022],[121.11673,14.77165],[121.11724,14.77101],[121.11687,14.77032]]],[[[121.0805,14.77139],[121.08069,14.77116],[121.08055,14.77125],[121.0805,14.77139]]],[[[121.02739,14.77087],[121.0273,14.77094],[121.02739,14.771],[121.02739,14.77087]]],[[[121.12059,14.77182],[121.1216,14.77148],[121.12164,14.7713],[121.12063,14.77144],[121.12072,14.77089],[121.12038,14.77088],[121.12059,14.77182]]],[[[121.12649,14.77194],[121.1265,14.77188],[121.12645,14.7719],[121.12649,14.77194]]],[[[121.04272,14.77126],[121.04277,14.7713],[121.04277,14.77126],[121.04272,14.77126]]],[[[121.11927,14.77177],[121.11943,14.77186],[121.1194,14.77174],[121.11927,14.77177]]],[[[121.02712,14.77123],[121.02729,14.77123],[121.02734,14.77113],[121.02712,14.77123]]],[[[121.02702,14.77127],[121.02707,14.7713],[121.02707,14.77126],[121.02702,14.77127]]],[[[121.04216,14.77143],[121.04221,14.77134],[121.04215,14.77132],[121.04216,14.77143]]],[[[121.04253,14.77139],[121.04258,14.77144],[121.04258,14.77139],[121.04253,14.77139]]],[[[121.03858,14.77145],[121.03867,14.7714],[121.03863,14.77127],[121.03881,14.77114],[121.03862,14.77123],[121.03858,14.77145]]],[[[121.07272,14.77185],[121.07209,14.77159],[121.07191,14.77163],[121.07184,14.77176],[121.07272,14.77185]]],[[[121.02684,14.77144],[121.02679,14.77149],[121.02687,14.77149],[121.02684,14.77144]]],[[[121.02678,14.77154],[121.02669,14.77149],[121.02669,14.77154],[121.02678,14.77154]]],[[[121.11865,14.77215],[121.11819,14.77186],[121.11746,14.77247],[121.11777,14.77252],[121.11865,14.77215]]],[[[121.12724,14.77244],[121.12754,14.7722],[121.12743,14.77216],[121.12724,14.77244]]],[[[121.04286,14.77085],[121.04217,14.77148],[121.04236,14.77207],[121.0429,14.77127],[121.04286,14.77085]]],[[[121.04221,14.77157],[121.04234,14.77161],[121.04221,14.77161],[121.04221,14.77157]]],[[[121.11579,14.77252],[121.11609,14.77261],[121.11642,14.7727],[121.11612,14.77231],[121.11557,14.77205],[121.11515,14.77233],[121.11579,14.77252]]],[[[121.11884,14.77258],[121.11913,14.77257],[121.11896,14.77246],[121.11884,14.77258]]],[[[121.0264,14.77221],[121.0265,14.77217],[121.0264,14.77217],[121.0264,14.77221]]],[[[121.02682,14.77222],[121.02696,14.77217],[121.02682,14.77217],[121.02682,14.77222]]],[[[121.03277,14.77228],[121.03253,14.7723],[121.03277,14.7723],[121.03277,14.77228]]],[[[121.02659,14.77221],[121.0265,14.77226],[121.02659,14.77225],[121.02659,14.77221]]],[[[121.03667,14.77217],[121.03677,14.77211],[121.03685,14.77208],[121.03676,14.77208],[121.03667,14.77217]]],[[[121.1257,14.77309],[121.12642,14.77282],[121.1257,14.77278],[121.12521,14.77188],[121.12439,14.77185],[121.1257,14.77309]]],[[[121.03239,14.77231],[121.03249,14.77239],[121.03249,14.77231],[121.03239,14.77231]]],[[[121.02595,14.77232],[121.02579,14.77228],[121.02575,14.77234],[121.02595,14.77232]]],[[[121.03392,14.77249],[121.03407,14.77246],[121.03392,14.77246],[121.03392,14.77249]]],[[[121.03444,14.77245],[121.0345,14.7724],[121.03411,14.77241],[121.03444,14.77245]]],[[[121.12927,14.77293],[121.12948,14.77323],[121.12937,14.77286],[121.12927,14.77293]]],[[[121.02631,14.77248],[121.02635,14.77244],[121.02631,14.77244],[121.02631,14.77248]]],[[[121.03388,14.77254],[121.03384,14.77259],[121.03388,14.77259],[121.03388,14.77254]]],[[[121.11813,14.77322],[121.11787,14.77317],[121.11828,14.77333],[121.11813,14.77322]]],[[[121.02686,14.77253],[121.02645,14.77257],[121.02677,14.77258],[121.02686,14.77253]]],[[[121.03307,14.77262],[121.033,14.77257],[121.03299,14.77263],[121.03307,14.77262]]],[[[121.12166,14.77329],[121.12433,14.77287],[121.12236,14.77281],[121.12182,14.7721],[121.12116,14.77236],[121.12201,14.77268],[121.12176,14.77301],[121.12063,14.77241],[121.12166,14.77329]]],[[[121.02423,14.77259],[121.02482,14.77247],[121.02482,14.77243],[121.02423,14.77259]]],[[[121.02426,14.77269],[121.02408,14.77264],[121.02408,14.77269],[121.02426,14.77269]]],[[[121.03448,14.77278],[121.03444,14.77259],[121.03444,14.77278],[121.03448,14.77278]]],[[[121.03384,14.77254],[121.03314,14.77232],[121.03296,14.77235],[121.03296,14.7723],[121.03282,14.7723],[121.03351,14.77279],[121.03384,14.77254]]],[[[121.03342,14.77253],[121.0337,14.77258],[121.03342,14.77258],[121.03342,14.77253]]],[[[121.03337,14.77249],[121.03328,14.77253],[121.03337,14.77253],[121.03337,14.77249]]],[[[121.03324,14.77249],[121.03328,14.77244],[121.03324,14.77244],[121.03324,14.77249]]],[[[121.03215,14.77299],[121.03225,14.77285],[121.03216,14.77275],[121.03226,14.77266],[121.03221,14.77261],[121.0323,14.77252],[121.0323,14.7724],[121.03211,14.77267],[121.03215,14.77299]]],[[[121.08324,14.77357],[121.08357,14.77303],[121.08339,14.77316],[121.08324,14.77357]]],[[[121.07762,14.77336],[121.07753,14.77331],[121.07796,14.77324],[121.07739,14.77323],[121.07739,14.77371],[121.07758,14.7737],[121.07762,14.77336]]],[[[121.12145,14.77419],[121.12239,14.77418],[121.1226,14.77386],[121.12158,14.77363],[121.12145,14.77419]]],[[[121.02398,14.77346],[121.02396,14.77317],[121.02388,14.7734],[121.02398,14.77346]]],[[[121.07767,14.77406],[121.07764,14.77401],[121.07762,14.77406],[121.07767,14.77406]]],[[[121.06903,14.77399],[121.06898,14.77399],[121.06901,14.77405],[121.06903,14.77399]]],[[[121.11929,14.77418],[121.11888,14.77391],[121.11942,14.77446],[121.11929,14.77418]]],[[[121.07771,14.77406],[121.07767,14.77415],[121.07771,14.77416],[121.07771,14.77406]]],[[[121.12493,14.77453],[121.12502,14.77458],[121.12504,14.77436],[121.12493,14.77453]]],[[[121.12377,14.77474],[121.12386,14.77419],[121.12579,14.77337],[121.12426,14.77318],[121.12296,14.77375],[121.12377,14.77474]]],[[[121.12472,14.77476],[121.12467,14.77463],[121.12463,14.77463],[121.12472,14.77476]]],[[[121.03101,14.77403],[121.03159,14.77406],[121.03159,14.77405],[121.03101,14.77403]]],[[[121.07176,14.77265],[121.07191,14.7737],[121.0724,14.77444],[121.072,14.77361],[121.07176,14.77265]]],[[[121.02365,14.77386],[121.02369,14.77395],[121.02374,14.77395],[121.02393,14.77358],[121.02365,14.77386]]],[[[121.12423,14.77492],[121.12419,14.77465],[121.12399,14.77473],[121.12423,14.77492]]],[[[121.02374,14.77404],[121.02369,14.77409],[121.02374,14.77409],[121.02374,14.77404]]],[[[121.12764,14.77461],[121.12831,14.77484],[121.12767,14.77422],[121.12764,14.77461]]],[[[121.06641,14.77451],[121.06647,14.77381],[121.06712,14.77368],[121.06637,14.77376],[121.06628,14.7744],[121.06641,14.77451]]],[[[121.07655,14.77455],[121.07661,14.77422],[121.07588,14.77387],[121.07655,14.77455]]],[[[121.02378,14.77413],[121.02398,14.77417],[121.02402,14.77409],[121.02378,14.77413]]],[[[121.12833,14.7748],[121.12922,14.77502],[121.12944,14.77486],[121.12833,14.7748]]],[[[121.02411,14.77421],[121.0242,14.77414],[121.02407,14.77414],[121.02411,14.77421]]],[[[121.02592,14.77428],[121.02578,14.77424],[121.02578,14.77427],[121.02592,14.77428]]],[[[121.02611,14.77433],[121.02639,14.77429],[121.02602,14.77429],[121.02611,14.77433]]],[[[121.07042,14.77473],[121.07037,14.77441],[121.07023,14.77427],[121.06954,14.77404],[121.06908,14.77404],[121.07042,14.77473]]],[[[121.02662,14.77433],[121.0268,14.77429],[121.02663,14.77429],[121.02662,14.77433]]],[[[121.02694,14.77437],[121.02681,14.77434],[121.02681,14.77437],[121.02694,14.77437]]],[[[121.02649,14.77433],[121.02639,14.77437],[121.02648,14.77438],[121.02649,14.77433]]],[[[121.07046,14.77473],[121.07042,14.77477],[121.07046,14.77477],[121.07046,14.77473]]],[[[121.12745,14.77528],[121.12755,14.77474],[121.12725,14.77456],[121.1272,14.77466],[121.12745,14.77528]]],[[[121.12632,14.77519],[121.12653,14.77512],[121.12652,14.77501],[121.12632,14.77519]]],[[[121.12746,14.77535],[121.12734,14.77537],[121.12738,14.77543],[121.12746,14.77535]]],[[[121.12083,14.77513],[121.12133,14.77533],[121.12137,14.7751],[121.12083,14.77513]]],[[[121.07682,14.77505],[121.07687,14.77501],[121.07682,14.77501],[121.07682,14.77505]]],[[[121.12294,14.77559],[121.12369,14.77554],[121.12386,14.77535],[121.12294,14.77559]]],[[[121.13043,14.77569],[121.13118,14.77533],[121.13003,14.77521],[121.13043,14.77569]]],[[[121.12969,14.77577],[121.1299,14.77505],[121.12779,14.77567],[121.12954,14.7754],[121.12969,14.77577]]],[[[121.07705,14.77528],[121.07696,14.77537],[121.07705,14.77546],[121.07705,14.77528]]],[[[121.12233,14.77583],[121.12273,14.77576],[121.12292,14.77561],[121.12271,14.77561],[121.12233,14.77583]]],[[[121.02695,14.77439],[121.02754,14.77534],[121.02749,14.77471],[121.02726,14.77448],[121.02695,14.77439]]],[[[121.02717,14.77565],[121.02744,14.77557],[121.0274,14.77546],[121.02717,14.77565]]],[[[121.02708,14.7757],[121.02712,14.77573],[121.02712,14.77569],[121.02708,14.7757]]],[[[121.12835,14.77655],[121.12847,14.77662],[121.12841,14.77651],[121.12835,14.77655]]],[[[121.02711,14.77579],[121.02697,14.7757],[121.0268,14.77582],[121.02711,14.77579]]],[[[121.02604,14.77592],[121.02618,14.77592],[121.02655,14.77592],[121.02683,14.77586],[121.02604,14.77592]]],[[[121.06529,14.77622],[121.0652,14.77626],[121.06534,14.77636],[121.06529,14.77622]]],[[[121.02747,14.77724],[121.02757,14.77714],[121.02744,14.77714],[121.02747,14.77724]]],[[[121.02771,14.77727],[121.02767,14.77723],[121.02767,14.77727],[121.02771,14.77727]]],[[[121.0279,14.77737],[121.02785,14.77732],[121.02785,14.77736],[121.0279,14.77737]]],[[[121.02595,14.77628],[121.02819,14.7776],[121.0281,14.77736],[121.02774,14.77713],[121.02595,14.77628]]],[[[121.02751,14.77837],[121.02704,14.77836],[121.0276,14.77846],[121.02751,14.77837]]],[[[121.02578,14.77915],[121.02564,14.77912],[121.02564,14.77915],[121.02578,14.77915]]],[[[121.02561,14.77921],[121.0255,14.77916],[121.0255,14.7792],[121.02561,14.77921]]],[[[121.02584,14.77917],[121.02597,14.7792],[121.02597,14.77917],[121.02584,14.77917]]],[[[121.02611,14.77926],[121.02598,14.77921],[121.02598,14.77925],[121.02611,14.77926]]],[[[121.05717,14.77999],[121.05722,14.78001],[121.05759,14.78],[121.05717,14.77999]]],[[[121.05791,14.78009],[121.05759,14.78006],[121.058,14.78018],[121.05791,14.78009]]],[[[121.05657,14.78046],[121.05703,14.78028],[121.05703,14.78013],[121.05657,14.78046]]],[[[121.05642,14.7806],[121.05656,14.78055],[121.05656,14.78047],[121.05642,14.7806]]],[[[121.02764,14.77967],[121.02792,14.7799],[121.02814,14.78081],[121.028,14.77991],[121.02764,14.77967]]],[[[121.02818,14.7809],[121.02818,14.78086],[121.02812,14.78088],[121.02818,14.7809]]],[[[121.05581,14.78156],[121.05618,14.78109],[121.05614,14.78099],[121.05637,14.78077],[121.05638,14.78065],[121.05604,14.78107],[121.05581,14.78156]]],[[[121.02944,14.7814],[121.02966,14.78119],[121.02953,14.78123],[121.02944,14.7814]]],[[[121.02939,14.78152],[121.02939,14.78145],[121.02937,14.7815],[121.02939,14.78152]]],[[[121.02929,14.78164],[121.02927,14.78158],[121.02923,14.78162],[121.02929,14.78164]]],[[[121.0292,14.78168],[121.02917,14.78162],[121.02916,14.78168],[121.0292,14.78168]]],[[[121.02981,14.78122],[121.03065,14.78136],[121.03093,14.78208],[121.03093,14.78148],[121.03036,14.78119],[121.02981,14.78122]]],[[[121.03189,14.78255],[121.03208,14.78246],[121.0316,14.7825],[121.03156,14.78268],[121.03189,14.78255]]],[[[121.03156,14.78282],[121.03152,14.78268],[121.03148,14.78281],[121.03156,14.78282]]],[[[121.03277,14.78252],[121.03269,14.78287],[121.03281,14.78261],[121.03336,14.78237],[121.03355,14.78207],[121.03216,14.78243],[121.03277,14.78252]]],[[[121.03588,14.78354],[121.03596,14.7835],[121.03588,14.7835],[121.03588,14.78354]]],[[[121.03527,14.78353],[121.03531,14.78354],[121.03578,14.78353],[121.03536,14.78345],[121.03546,14.78353],[121.03527,14.78353]]],[[[121.0361,14.78358],[121.03601,14.78355],[121.03601,14.78358],[121.0361,14.78358]]],[[[121.03522,14.78358],[121.03523,14.78349],[121.03508,14.78354],[121.03508,14.78357],[121.03522,14.78358]]],[[[121.0347,14.7839],[121.0348,14.78393],[121.0348,14.78381],[121.0347,14.7839]]]]}},{"type":"Feature","properties":{"hazard":"landslide","level":"high"},"geometry":{"type":"MultiPolygon","coordinates":[[[[121.02052,14.35497],[121.02061,14.35506],[121.02061,14.35497],[121.02052,14.35497]]],[[[121.02052,14.35515],[121.02034,14.35497],[121.02033,14.35515],[121.02052,14.35515]]],[[[121.0245,14.35805],[121.02439,14.35808],[121.02454,14.35808],[121.0245,14.35805]]],[[[121.02593,14.36207],[121.02584,14.36197],[121.02584,14.36206],[121.02593,14.36207]]],[[[121.02565,14.36206],[121.02574,14.36215],[121.02574,14.36206],[121.02565,14.36206]]],[[[121.02565,14.36224],[121.02556,14.36215],[121.02556,14.36224],[121.02565,14.36224]]],[[[121.02555,14.36242],[121.02537,14.36233],[121.02537,14.36242],[121.02555,14.36242]]],[[[121.02518,14.36242],[121.02528,14.36251],[121.02528,14.36242],[121.02518,14.36242]]],[[[121.02518,14.3626],[121.02509,14.36251],[121.02509,14.3626],[121.02518,14.3626]]],[[[121.02648,14.36225],[121.02611,14.36207],[121.02555,14.3626],[121.02648,14.36225]]],[[[121.02546,14.36269],[121.02537,14.3626],[121.02537,14.36269],[121.02546,14.36269]]],[[[121.03211,14.36564],[121.03211,14.36559],[121.03203,14.36564],[121.03211,14.36564]]],[[[121.01622,14.36921],[121.01613,14.36912],[121.01613,14.36921],[121.01622,14.36921]]],[[[121.00852,14.37059],[121.00796,14.37041],[121.00796,14.37059],[121.00852,14.37059]]],[[[121.03974,14.37257],[121.04058,14.3724],[121.03919,14.37212],[121.03974,14.37257]]],[[[121.02165,14.37459],[121.02155,14.3745],[121.02155,14.37459],[121.02165,14.37459]]],[[[121.02071,14.37513],[121.02062,14.37503],[121.02062,14.37512],[121.02071,14.37513]]],[[[121.01848,14.37637],[121.01857,14.37628],[121.01848,14.37628],[121.01848,14.37637]]],[[[121.01903,14.37638],[121.01857,14.37646],[121.01903,14.37656],[121.01903,14.37638]]],[[[121.01977,14.37674],[121.0194,14.37647],[121.0194,14.37665],[121.01977,14.37674]]],[[[121.02506,14.37679],[121.02515,14.3767],[121.02506,14.3767],[121.02506,14.37679]]],[[[121.02524,14.3767],[121.02534,14.37679],[121.02534,14.3767],[121.02524,14.3767]]],[[[121.02079,14.37675],[121.0207,14.37666],[121.0207,14.37684],[121.02079,14.37675]]],[[[121.02116,14.37676],[121.02107,14.37685],[121.02116,14.37685],[121.02116,14.37676]]],[[[121.0233,14.37686],[121.0232,14.37677],[121.0232,14.37686],[121.0233,14.37686]]],[[[121.02524,14.37688],[121.02515,14.37679],[121.02515,14.37688],[121.02524,14.37688]]],[[[121.02292,14.37695],[121.02265,14.37668],[121.02246,14.37686],[121.02292,14.37695]]],[[[121.02876,14.37718],[121.02886,14.37664],[121.02803,14.37663],[121.02811,14.37708],[121.02876,14.37718]]],[[[121.02143,14.37784],[121.02106,14.37775],[121.02106,14.37784],[121.02143,14.37784]]],[[[121.02253,14.38002],[121.0229,14.37975],[121.02253,14.37993],[121.02253,14.38002]]],[[[121.04216,14.38217],[121.04207,14.38208],[121.04207,14.38217],[121.04216,14.38217]]],[[[121.03651,14.38212],[121.0366,14.38222],[121.0366,14.38213],[121.03651,14.38212]]],[[[121.04262,14.38218],[121.04253,14.38227],[121.0429,14.38227],[121.04262,14.38218]]],[[[121.0365,14.38231],[121.03641,14.38221],[121.03641,14.3823],[121.0365,14.38231]]],[[[121.04188,14.38244],[121.04216,14.38226],[121.04188,14.38226],[121.04188,14.38244]]],[[[121.04327,14.38308],[121.04308,14.38299],[121.04308,14.38308],[121.04327,14.38308]]],[[[121.04289,14.38326],[121.04326,14.38336],[121.04336,14.38318],[121.04289,14.38326]]],[[[121.04289,14.38335],[121.04224,14.38344],[121.04206,14.38362],[121.04252,14.38371],[121.04289,14.38335]]],[[[121.03936,14.38396],[121.03983,14.38405],[121.03983,14.38387],[121.03936,14.38396]]],[[[121.03629,14.38601],[121.0362,14.38574],[121.0361,14.38601],[121.03629,14.38601]]],[[[121.00722,14.39101],[121.00723,14.39092],[121.00715,14.39101],[121.00722,14.39101]]],[[[121.00601,14.39208],[121.00601,14.39198],[121.00595,14.39208],[121.00601,14.39208]]],[[[121.00582,14.39235],[121.00582,14.39228],[121.00577,14.39235],[121.00582,14.39235]]],[[[121.00573,14.39253],[121.00573,14.39242],[121.00565,14.39253],[121.00573,14.39253]]],[[[121.00424,14.39279],[121.00441,14.39279],[121.00424,14.39278],[121.00424,14.39279]]],[[[121.00424,14.39288],[121.00418,14.3928],[121.00407,14.39288],[121.00424,14.39288]]],[[[121.00182,14.39449],[121.00169,14.39432],[121.00168,14.39448],[121.00182,14.39449]]],[[[121.0391,14.41441],[121.03901,14.41432],[121.03901,14.41441],[121.0391,14.41441]]],[[[121.04215,14.41561],[121.04243,14.41534],[121.04206,14.41534],[121.04215,14.41561]]],[[[121.01124,14.4505],[121.01115,14.45041],[121.01115,14.4505],[121.01124,14.4505]]],[[[120.97374,14.4744],[120.97356,14.47431],[120.97356,14.4744],[120.97374,14.4744]]],[[[120.97346,14.47449],[120.97328,14.4744],[120.97328,14.47449],[120.97346,14.47449]]],[[[120.97319,14.47458],[120.97309,14.47449],[120.97309,14.47458],[120.97319,14.47458]]],[[[120.973,14.47476],[120.97281,14.47467],[120.97281,14.47476],[120.973,14.47476]]],[[[120.97272,14.47503],[120.97263,14.47493],[120.97263,14.47503],[120.97272,14.47503]]],[[[120.97244,14.47502],[120.97253,14.47511],[120.97253,14.47502],[120.97244,14.47502]]],[[[120.97234,14.47529],[120.97225,14.47511],[120.97216,14.47529],[120.97234,14.47529]]],[[[120.97002,14.47545],[120.97,14.47539],[120.96993,14.47545],[120.97002,14.47545]]],[[[120.97196,14.47665],[120.97215,14.47638],[120.97206,14.47638],[120.97196,14.47665]]],[[[120.99537,14.49275],[120.99547,14.49284],[120.99547,14.49275],[120.99537,14.49275]]],[[[120.99537,14.49293],[120.99519,14.49284],[120.99519,14.49293],[120.99537,14.49293]]],[[[120.98131,14.52986],[120.98113,14.52977],[120.98112,14.52986],[120.98131,14.52986]]],[[[120.98307,14.52997],[120.98214,14.52987],[120.98214,14.52996],[120.98307,14.52997]]],[[[120.98353,14.53006],[120.98317,14.52988],[120.98316,14.53006],[120.98353,14.53006]]],[[[121.10187,14.53494],[121.10177,14.53485],[121.10177,14.53494],[121.10187,14.53494]]],[[[121.05016,14.54861],[121.05035,14.54843],[121.05007,14.54843],[121.05016,14.54861]]],[[[121.04671,14.55138],[121.04662,14.5512],[121.04661,14.55138],[121.04671,14.55138]]],[[[121.0583,14.55175],[121.05821,14.55166],[121.05821,14.55175],[121.0583,14.55175]]],[[[121.04671,14.5512],[121.04717,14.55139],[121.0467,14.55174],[121.04736,14.55148],[121.04708,14.55102],[121.04671,14.55102],[121.04671,14.5512]]],[[[121.05802,14.55184],[121.05756,14.55156],[121.05719,14.55192],[121.05802,14.55184]]],[[[121.07061,14.55583],[121.07042,14.55574],[121.07042,14.55583],[121.07061,14.55583]]],[[[121.05418,14.55641],[121.05483,14.55588],[121.05484,14.55552],[121.05353,14.55614],[121.05343,14.55686],[121.05408,14.55714],[121.0551,14.55678],[121.05511,14.55624],[121.05418,14.55641]]],[[[121.06178,14.55756],[121.06206,14.55738],[121.06178,14.55747],[121.06178,14.55756]]],[[[121.06159,14.55756],[121.06168,14.55765],[121.06168,14.55756],[121.06159,14.55756]]],[[[121.06159,14.55783],[121.0614,14.55774],[121.0614,14.55783],[121.06159,14.55783]]],[[[121.06994,14.55781],[121.06985,14.5579],[121.06994,14.5579],[121.06994,14.55781]]],[[[121.06985,14.55781],[121.06892,14.55771],[121.06864,14.55798],[121.06929,14.55781],[121.06985,14.55781]]],[[[121.05166,14.55811],[121.05157,14.55802],[121.05157,14.55811],[121.05166,14.55811]]],[[[121.02937,14.57085],[121.02946,14.57094],[121.02946,14.57085],[121.02937,14.57085]]],[[[121.02937,14.57103],[121.02918,14.57094],[121.02918,14.57103],[121.02937,14.57103]]],[[[121.06806,14.57153],[121.06824,14.57171],[121.06824,14.57153],[121.06806,14.57153]]],[[[121.06787,14.57189],[121.06806,14.57162],[121.06769,14.57162],[121.06787,14.57189]]],[[[121.0675,14.57198],[121.06741,14.5718],[121.0674,14.57198],[121.0675,14.57198]]],[[[121.06778,14.57189],[121.06759,14.57198],[121.06777,14.57198],[121.06778,14.57189]]],[[[121.05148,14.58938],[121.05194,14.58938],[121.05204,14.5892],[121.05148,14.58938]]],[[[121.01181,14.59374],[121.012,14.59392],[121.012,14.59374],[121.01181,14.59374]]],[[[120.96782,14.59508],[120.968,14.59517],[120.968,14.59508],[120.96782,14.59508]]],[[[121.01874,14.59723],[121.01828,14.59705],[121.01828,14.59723],[121.01874,14.59723]]],[[[121.07503,14.62373],[121.07493,14.62364],[121.07493,14.62373],[121.07503,14.62373]]],[[[121.07521,14.62373],[121.07512,14.62364],[121.07512,14.62373],[121.07521,14.62373]]],[[[120.9553,14.62389],[120.95521,14.6238],[120.95521,14.62389],[120.9553,14.62389]]],[[[121.01989,14.62463],[121.01961,14.62426],[121.01915,14.62426],[121.01989,14.62463]]],[[[121.08678,14.62772],[121.08659,14.62753],[121.08659,14.62771],[121.08678,14.62772]]],[[[121.08426,14.62968],[121.085,14.62969],[121.08519,14.62942],[121.08426,14.62968]]],[[[120.95971,14.62908],[120.95962,14.62899],[120.95962,14.62908],[120.95971,14.62908]]],[[[120.95979,14.63034],[120.95961,14.63016],[120.95961,14.63034],[120.95979,14.63034]]],[[[120.96127,14.63054],[120.96025,14.63053],[120.96136,14.63081],[120.96127,14.63054]]],[[[120.95914,14.63088],[120.95951,14.63052],[120.95933,14.63043],[120.95914,14.63088]]],[[[120.96079,14.63315],[120.96172,14.63208],[120.96182,14.63135],[120.96051,14.63261],[120.96079,14.63315]]],[[[120.96059,14.63424],[120.96041,14.63378],[120.9592,14.63359],[120.95948,14.63404],[120.96059,14.63424]]],[[[120.96078,14.63406],[120.96115,14.63406],[120.96115,14.63397],[120.96078,14.63406]]],[[[120.95957,14.6345],[120.95948,14.63423],[120.95929,14.6344],[120.95957,14.6345]]],[[[120.94848,14.64976],[120.94844,14.64971],[120.94844,14.64976],[120.94848,14.64976]]],[[[120.94858,14.6498],[120.94853,14.64976],[120.94853,14.6498],[120.94858,14.6498]]],[[[120.94867,14.64985],[120.94862,14.6498],[120.94862,14.64985],[120.94867,14.64985]]],[[[121.08406,14.65209],[121.08397,14.65155],[121.08341,14.65182],[121.0836,14.65209],[121.08406,14.65209]]],[[[121.09426,14.65308],[121.09417,14.65299],[121.09417,14.65308],[121.09426,14.65308]]],[[[120.95426,14.65211],[120.95422,14.65207],[120.95422,14.65211],[120.95426,14.65211]]],[[[121.13338,14.65369],[121.13324,14.65376],[121.13342,14.65376],[121.13338,14.65369]]],[[[121.08201,14.65352],[121.08191,14.65343],[121.08191,14.65352],[121.08201,14.65352]]],[[[121.0821,14.65361],[121.08275,14.65335],[121.08219,14.65325],[121.0821,14.65361]]],[[[120.95563,14.65465],[120.95558,14.65461],[120.95558,14.65465],[120.95563,14.65465]]],[[[121.12688,14.65976],[121.1267,14.65958],[121.12669,14.65976],[121.12688,14.65976]]],[[[121.09523,14.6596],[121.09514,14.6595],[121.09513,14.65959],[121.09523,14.6596]]],[[[121.089,14.66081],[121.08928,14.66054],[121.089,14.66054],[121.089,14.66081]]],[[[121.09103,14.66173],[121.09094,14.66164],[121.09094,14.66173],[121.09103,14.66173]]],[[[121.00067,14.66241],[121.00058,14.66232],[121.00053,14.66241],[121.00067,14.66241]]],[[[121.00067,14.66255],[121.00062,14.66246],[121.00062,14.66255],[121.00067,14.66255]]],[[[121.00085,14.66259],[121.00081,14.66255],[121.00081,14.66259],[121.00085,14.66259]]],[[[121.00104,14.66264],[121.00095,14.66259],[121.00095,14.66264],[121.00104,14.66264]]],[[[120.93908,14.66291],[120.93903,14.66286],[120.93903,14.66291],[120.93908,14.66291]]],[[[120.93912,14.66296],[120.93917,14.66291],[120.93912,14.66291],[120.93912,14.66296]]],[[[120.93922,14.66296],[120.93917,14.663],[120.93922,14.663],[120.93922,14.66296]]],[[[121.08971,14.66479],[121.08989,14.66497],[121.08989,14.66479],[121.08971,14.66479]]],[[[121.09295,14.66482],[121.09314,14.66491],[121.09314,14.66482],[121.09295,14.66482]]],[[[121.08961,14.66506],[121.08952,14.66488],[121.08952,14.66506],[121.08961,14.66506]]],[[[121.0898,14.66506],[121.0897,14.66497],[121.0897,14.66506],[121.0898,14.66506]]],[[[121.12812,14.66637],[121.12803,14.66628],[121.12803,14.66637],[121.12812,14.66637]]],[[[121.12812,14.66664],[121.12766,14.66637],[121.12747,14.66654],[121.12747,14.66664],[121.12812,14.66664]]],[[[121.12691,14.66744],[121.12756,14.66709],[121.127,14.66699],[121.12691,14.66744]]],[[[121.11055,14.66975],[121.11046,14.66966],[121.11046,14.66975],[121.11055,14.66975]]],[[[120.98738,14.66889],[120.98729,14.66885],[120.98729,14.66889],[120.98738,14.66889]]],[[[120.98872,14.66963],[120.98886,14.66958],[120.98872,14.66958],[120.98872,14.66963]]],[[[120.98895,14.66963],[120.98886,14.66967],[120.98895,14.66967],[120.98895,14.66963]]],[[[120.98909,14.66981],[120.98905,14.66977],[120.98905,14.66981],[120.98909,14.66981]]],[[[120.98974,14.67027],[120.98969,14.67022],[120.98969,14.67027],[120.98974,14.67027]]],[[[120.98212,14.67047],[120.98208,14.67043],[120.98208,14.67047],[120.98212,14.67047]]],[[[121.11304,14.67167],[121.11295,14.67158],[121.11295,14.67167],[121.11304,14.67167]]],[[[120.98365,14.67094],[120.98361,14.67085],[120.9836,14.67094],[120.98365,14.67094]]],[[[121.10931,14.67372],[121.10922,14.67363],[121.10922,14.67372],[121.10931,14.67372]]],[[[120.99236,14.67278],[120.99227,14.67273],[120.99227,14.67278],[120.99236,14.67278]]],[[[120.99825,14.67278],[120.99802,14.67283],[120.99825,14.67283],[120.99825,14.67278]]],[[[120.99839,14.67283],[120.99835,14.67278],[120.99835,14.67283],[120.99839,14.67283]]],[[[120.99853,14.67283],[120.99844,14.67278],[120.99844,14.67283],[120.99853,14.67283]]],[[[120.99245,14.67282],[120.99241,14.67278],[120.99241,14.67282],[120.99245,14.67282]]],[[[120.99793,14.67282],[120.99798,14.67287],[120.99798,14.67283],[120.99793,14.67282]]],[[[121.10912,14.67381],[121.10903,14.67372],[121.10903,14.67381],[121.10912,14.67381]]],[[[120.99858,14.67292],[120.99853,14.67288],[120.99853,14.67292],[120.99858,14.67292]]],[[[120.99793,14.67296],[120.99788,14.67287],[120.99788,14.67296],[120.99793,14.67296]]],[[[120.99848,14.67296],[120.99844,14.67292],[120.99844,14.67296],[120.99848,14.67296]]],[[[120.99291,14.67314],[120.99277,14.6731],[120.99277,14.67314],[120.99291,14.67314]]],[[[120.9931,14.67328],[120.99296,14.67323],[120.99296,14.67328],[120.9931,14.67328]]],[[[120.99397,14.67415],[120.99388,14.6741],[120.99388,14.67415],[120.99397,14.67415]]],[[[120.9943,14.67428],[120.9942,14.67424],[120.9942,14.67428],[120.9943,14.67428]]],[[[120.99443,14.67433],[120.99439,14.67429],[120.99439,14.67433],[120.99443,14.67433]]],[[[120.99476,14.67447],[120.99453,14.67438],[120.99453,14.67442],[120.99476,14.67447]]],[[[120.99485,14.67451],[120.9948,14.67447],[120.9948,14.67451],[120.99485,14.67451]]],[[[120.99499,14.67456],[120.9949,14.67452],[120.9949,14.67456],[120.99499,14.67456]]],[[[120.99508,14.67461],[120.99504,14.67456],[120.99504,14.67461],[120.99508,14.67461]]],[[[120.99517,14.67465],[120.99513,14.67461],[120.99513,14.67465],[120.99517,14.67465]]],[[[120.99536,14.6747],[120.99522,14.67465],[120.99522,14.6747],[120.99536,14.6747]]],[[[120.97545,14.67462],[120.9754,14.67457],[120.9754,14.67462],[120.97545,14.67462]]],[[[120.9955,14.67479],[120.99545,14.67475],[120.99545,14.67479],[120.9955,14.67479]]],[[[120.97642,14.67467],[120.97638,14.67458],[120.97638,14.67467],[120.97642,14.67467]]],[[[120.99554,14.67484],[120.99559,14.67479],[120.99554,14.67479],[120.99554,14.67484]]],[[[120.99564,14.67484],[120.99559,14.67488],[120.99564,14.67488],[120.99564,14.67484]]],[[[120.99587,14.67498],[120.99591,14.67493],[120.99587,14.67493],[120.99587,14.67498]]],[[[120.99596,14.67498],[120.99591,14.67502],[120.99596,14.67502],[120.99596,14.67498]]],[[[120.99619,14.67511],[120.9961,14.67507],[120.9961,14.67511],[120.99619,14.67511]]],[[[120.9488,14.67506],[120.94876,14.67501],[120.94876,14.67506],[120.9488,14.67506]]],[[[120.94712,14.67685],[120.94707,14.67681],[120.94707,14.67685],[120.94712,14.67685]]],[[[120.99724,14.67765],[120.99719,14.67761],[120.99719,14.67765],[120.99724,14.67765]]],[[[120.99918,14.67768],[120.99955,14.67732],[120.99891,14.67731],[120.99915,14.6769],[120.99882,14.67681],[120.99858,14.67744],[120.99918,14.67768]]],[[[120.99723,14.67792],[120.99719,14.67788],[120.99719,14.67792],[120.99723,14.67792]]],[[[120.97059,14.67814],[120.9705,14.6781],[120.9705,14.67814],[120.97059,14.67814]]],[[[120.99774,14.67847],[120.99769,14.67843],[120.99769,14.67847],[120.99774,14.67847]]],[[[120.99746,14.67856],[120.99741,14.67851],[120.99741,14.67856],[120.99746,14.67856]]],[[[120.99848,14.67852],[120.99839,14.67857],[120.99848,14.67857],[120.99848,14.67852]]],[[[120.9975,14.6786],[120.99755,14.67856],[120.99751,14.67856],[120.9975,14.6786]]],[[[120.99783,14.67861],[120.99833,14.67839],[120.99779,14.67843],[120.99783,14.67861]]],[[[120.97319,14.67844],[120.97314,14.67835],[120.97314,14.67844],[120.97319,14.67844]]],[[[120.99769,14.67861],[120.99755,14.67865],[120.99769,14.67865],[120.99769,14.67861]]],[[[120.95569,14.67865],[120.95564,14.6786],[120.95564,14.67864],[120.95569,14.67865]]],[[[120.94561,14.67878],[120.94557,14.67874],[120.94557,14.67878],[120.94561,14.67878]]],[[[120.94598,14.6791],[120.94593,14.67906],[120.94593,14.6791],[120.94598,14.6791]]],[[[120.94908,14.67981],[120.94904,14.67976],[120.94904,14.67981],[120.94908,14.67981]]],[[[120.94416,14.67981],[120.94412,14.67976],[120.94412,14.67981],[120.94416,14.67981]]],[[[120.95646,14.68023],[120.95637,14.68019],[120.95637,14.68023],[120.95646,14.68023]]],[[[120.95692,14.68051],[120.95688,14.68046],[120.95688,14.68051],[120.95692,14.68051]]],[[[120.95697,14.68055],[120.95701,14.68051],[120.95697,14.68051],[120.95697,14.68055]]],[[[120.95706,14.68056],[120.95701,14.6806],[120.95706,14.6806],[120.95706,14.68056]]],[[[120.95775,14.6811],[120.95771,14.68106],[120.9577,14.6811],[120.95775,14.6811]]],[[[120.94598,14.68389],[120.94589,14.68384],[120.94589,14.68389],[120.94598,14.68389]]],[[[120.94612,14.68403],[120.94607,14.68398],[120.94607,14.68403],[120.94612,14.68403]]],[[[121.0007,14.68455],[121.00065,14.68451],[121.00065,14.68455],[121.0007,14.68455]]],[[[121.00051,14.68459],[121.00056,14.6845],[121.00051,14.6845],[121.00051,14.68459]]],[[[121.00084,14.6846],[121.00079,14.68455],[121.00079,14.6846],[121.00084,14.6846]]],[[[121.00061,14.6846],[121.00056,14.68464],[121.00061,14.68464],[121.00061,14.6846]]],[[[121.0007,14.68469],[121.00065,14.68464],[121.00065,14.68469],[121.0007,14.68469]]],[[[121.00084,14.68469],[121.00079,14.68464],[121.00079,14.68469],[121.00084,14.68469]]],[[[120.94649,14.6843],[120.94644,14.68426],[120.94644,14.6843],[120.94649,14.6843]]],[[[121.00112,14.68478],[121.00102,14.68469],[121.00102,14.68478],[121.00112,14.68478]]],[[[121.00144,14.68524],[121.00148,14.68519],[121.00144,14.68519],[121.00144,14.68524]]],[[[121.00153,14.68524],[121.00148,14.68528],[121.00153,14.68528],[121.00153,14.68524]]],[[[121.00158,14.68528],[121.00153,14.68533],[121.00157,14.68533],[121.00158,14.68528]]],[[[121.00167,14.68533],[121.00162,14.68542],[121.00167,14.68542],[121.00167,14.68533]]],[[[121.00268,14.68656],[121.00222,14.68624],[121.00268,14.68674],[121.00268,14.68656]]],[[[120.92823,14.6911],[120.92818,14.69105],[120.92818,14.6911],[120.92823,14.6911]]],[[[120.94132,14.6913],[120.94127,14.69126],[120.94127,14.6913],[120.94132,14.6913]]],[[[121.00151,14.69242],[121.00146,14.69237],[121.00146,14.69242],[121.00151,14.69242]]],[[[121.00146,14.69301],[121.00165,14.69287],[121.00146,14.69292],[121.00146,14.69301]]],[[[121.00095,14.69314],[121.00123,14.693],[121.00095,14.693],[121.00095,14.69314]]],[[[121.00062,14.69336],[121.00085,14.69323],[121.00076,14.69309],[121.00062,14.69336]]],[[[121.00099,14.69364],[121.00094,14.69359],[121.00094,14.69363],[121.00099,14.69364]]],[[[121.00005,14.69332],[121.00024,14.69341],[121.0002,14.69322],[121.00005,14.69332]]],[[[121.00103,14.69364],[121.00108,14.69368],[121.00108,14.69364],[121.00103,14.69364]]],[[[121.00154,14.69369],[121.00164,14.69364],[121.00155,14.69364],[121.00154,14.69369]]],[[[121.00192,14.69364],[121.00196,14.69369],[121.00196,14.69364],[121.00192,14.69364]]],[[[121.0008,14.69372],[121.00076,14.69363],[121.00076,14.69372],[121.0008,14.69372]]],[[[121.00103,14.69373],[121.00099,14.69368],[121.00099,14.69373],[121.00103,14.69373]]],[[[121.00168,14.69369],[121.00164,14.69373],[121.00168,14.69373],[121.00168,14.69369]]],[[[121.00192,14.69373],[121.00187,14.69369],[121.00187,14.69373],[121.00192,14.69373]]],[[[120.99881,14.69375],[120.99876,14.69371],[120.99876,14.69375],[120.99881,14.69375]]],[[[120.99987,14.69376],[120.99983,14.69372],[120.99983,14.69376],[120.99987,14.69376]]],[[[121.00006,14.69376],[121.00001,14.69372],[121.00001,14.69376],[121.00006,14.69376]]],[[[121.00173,14.69373],[121.00168,14.69378],[121.00173,14.69378],[121.00173,14.69373]]],[[[121.00187,14.69378],[121.00182,14.69373],[121.00182,14.69378],[121.00187,14.69378]]],[[[121.00168,14.69382],[121.00164,14.69378],[121.00164,14.69382],[121.00168,14.69382]]],[[[121.00071,14.69381],[121.00107,14.69378],[121.00071,14.69377],[121.00071,14.69381]]],[[[121.00112,14.69395],[121.00131,14.69386],[121.00117,14.69377],[121.00112,14.69395]]],[[[121.00131,14.69409],[121.00122,14.69413],[121.00131,14.69418],[121.00131,14.69409]]],[[[121.10086,14.69588],[121.10067,14.6957],[121.10058,14.69588],[121.10086,14.69588]]],[[[121.11839,14.69756],[121.1183,14.69747],[121.1183,14.69756],[121.11839,14.69756]]],[[[120.9135,14.69734],[120.91336,14.69733],[120.9135,14.69738],[120.9135,14.69734]]],[[[120.9108,14.69894],[120.91093,14.69903],[120.91094,14.69894],[120.9108,14.69894]]],[[[120.91075,14.69916],[120.9107,14.69907],[120.9107,14.69916],[120.91075,14.69916]]],[[[120.91079,14.69912],[120.91084,14.69916],[120.91084,14.69912],[120.91079,14.69912]]],[[[120.9107,14.69921],[120.91066,14.69916],[120.91065,14.69921],[120.9107,14.69921]]],[[[120.91079,14.69921],[120.91075,14.69916],[120.91075,14.69921],[120.91079,14.69921]]],[[[120.91056,14.69925],[120.91065,14.69939],[120.9107,14.69925],[120.91056,14.69925]]],[[[121.09756,14.70137],[121.09775,14.7011],[121.09747,14.701],[121.09756,14.70137]]],[[[120.91,14.70001],[120.91046,14.69975],[120.91051,14.69934],[120.91,14.70001]]],[[[120.91023,14.69997],[120.91018,14.70002],[120.91023,14.70002],[120.91023,14.69997]]],[[[121.11937,14.702],[121.11993,14.70173],[121.12031,14.70119],[121.11956,14.70164],[121.11937,14.702]]],[[[121.11928,14.70236],[121.11919,14.70208],[121.11909,14.70235],[121.11928,14.70236]]],[[[120.91157,14.70053],[120.91176,14.70057],[120.91176,14.70053],[120.91157,14.70053]]],[[[120.91045,14.70142],[120.91049,14.70146],[120.91049,14.70142],[120.91045,14.70142]]],[[[120.91045,14.70151],[120.91035,14.70146],[120.91035,14.70151],[120.91045,14.70151]]],[[[120.91054,14.70142],[120.91059,14.70151],[120.91059,14.70142],[120.91054,14.70142]]],[[[120.91054,14.70156],[120.91049,14.70151],[120.91049,14.70155],[120.91054,14.70156]]],[[[120.91045,14.70164],[120.91026,14.70151],[120.91021,14.70164],[120.91045,14.70164]]],[[[120.91003,14.70196],[120.90993,14.70191],[120.90993,14.70196],[120.91003,14.70196]]],[[[121.06132,14.70423],[121.06123,14.70414],[121.06123,14.70423],[121.06132,14.70423]]],[[[121.06151,14.70423],[121.06142,14.70414],[121.06142,14.70423],[121.06151,14.70423]]],[[[121.06011,14.70467],[121.06039,14.70476],[121.06049,14.70458],[121.06011,14.70467]]],[[[121.06002,14.70494],[121.05993,14.70485],[121.05993,14.70494],[121.06002,14.70494]]],[[[121.06632,14.70671],[121.0666,14.70644],[121.06632,14.70662],[121.06632,14.70671]]],[[[120.91653,14.70635],[120.91648,14.70626],[120.91648,14.70635],[120.91653,14.70635]]],[[[121.05321,14.7085],[121.05395,14.70859],[121.05395,14.70841],[121.05321,14.7085]]],[[[120.92301,14.70768],[120.92297,14.70763],[120.92297,14.70768],[120.92301,14.70768]]],[[[120.92352,14.70768],[120.92343,14.70764],[120.92343,14.70768],[120.92352,14.70768]]],[[[120.92311,14.70781],[120.9232,14.70772],[120.92311,14.70772],[120.92311,14.70781]]],[[[121.05228,14.70885],[121.05293,14.70886],[121.05302,14.70868],[121.05228,14.70885]]],[[[120.92329,14.70781],[120.92324,14.70786],[120.92329,14.70786],[120.92329,14.70781]]],[[[121.05144,14.70939],[121.05172,14.70921],[121.05144,14.7093],[121.05144,14.70939]]],[[[120.92263,14.70876],[120.92259,14.70871],[120.92259,14.70876],[120.92263,14.70876]]],[[[121.10619,14.71219],[121.10759,14.71202],[121.10759,14.71184],[121.10657,14.71156],[121.10601,14.71183],[121.10619,14.71219]]],[[[121.1008,14.71251],[121.10071,14.71242],[121.10071,14.71251],[121.1008,14.71251]]],[[[121.07657,14.71249],[121.07648,14.7124],[121.07648,14.71249],[121.07657,14.71249]]],[[[121.07676,14.71231],[121.07778,14.71223],[121.07778,14.71205],[121.07676,14.71231]]],[[[121.10108,14.71278],[121.10099,14.71251],[121.1009,14.71278],[121.10108,14.71278]]],[[[121.0749,14.71293],[121.07629,14.71267],[121.07629,14.71258],[121.0749,14.71293]]],[[[121.10505,14.71498],[121.10533,14.7148],[121.10506,14.71489],[121.10505,14.71498]]],[[[121.10876,14.71601],[121.10942,14.71529],[121.10887,14.71348],[121.10859,14.71384],[121.10905,14.7142],[121.10831,14.71438],[121.1084,14.71519],[121.107,14.71518],[121.10543,14.71444],[121.10635,14.71572],[121.10876,14.71601]]],[[[121.10578,14.71653],[121.10616,14.71608],[121.10598,14.71553],[121.10551,14.71598],[121.10578,14.71653]]],[[[121.02659,14.71595],[121.02678,14.71578],[121.02659,14.71586],[121.02659,14.71595]]],[[[121.02687,14.71578],[121.02696,14.71596],[121.02696,14.71578],[121.02687,14.71578]]],[[[121.02687,14.71605],[121.02677,14.71596],[121.02677,14.71605],[121.02687,14.71605]]],[[[121.1132,14.71794],[121.11311,14.71785],[121.11311,14.71794],[121.1132,14.71794]]],[[[121.11366,14.71795],[121.11357,14.71785],[121.11357,14.71794],[121.11366,14.71795]]],[[[121.10437,14.71859],[121.104,14.71832],[121.104,14.7185],[121.10437,14.71859]]],[[[121.10464,14.7195],[121.10586,14.71869],[121.10615,14.71743],[121.10531,14.71788],[121.10446,14.71932],[121.1039,14.71922],[121.10464,14.7195]]],[[[120.93687,14.71973],[120.93683,14.71968],[120.93683,14.71973],[120.93687,14.71973]]],[[[120.97019,14.72093],[120.97029,14.72057],[120.9702,14.72043],[120.97019,14.72093]]],[[[120.97024,14.72111],[120.97019,14.72106],[120.97019,14.72111],[120.97024,14.72111]]],[[[120.97065,14.72211],[120.97069,14.72215],[120.97069,14.72211],[120.97065,14.72211]]],[[[120.97097,14.7222],[120.97088,14.72224],[120.97097,14.72225],[120.97097,14.7222]]],[[[120.97083,14.72226],[120.97088,14.72215],[120.97069,14.72215],[120.97083,14.72226]]],[[[120.97129,14.72234],[120.97125,14.72238],[120.97129,14.72238],[120.97129,14.72234]]],[[[121.11946,14.72405],[121.11955,14.72414],[121.11955,14.72405],[121.11946,14.72405]]],[[[120.97157,14.72266],[120.97088,14.72229],[120.97166,14.72288],[120.97157,14.72266]]],[[[121.11946,14.72423],[121.11937,14.72414],[121.11937,14.72423],[121.11946,14.72423]]],[[[120.97171,14.72293],[120.9717,14.72306],[120.9718,14.72307],[120.97171,14.72293]]],[[[120.97221,14.72311],[120.97217,14.72307],[120.97217,14.72311],[120.97221,14.72311]]],[[[120.97194,14.72316],[120.97189,14.72311],[120.97189,14.72316],[120.97194,14.72316]]],[[[121.1189,14.7244],[121.11871,14.72458],[121.11936,14.72468],[121.12011,14.72414],[121.1189,14.7244]]],[[[121.10506,14.72501],[121.10488,14.72483],[121.10487,14.72501],[121.10506,14.72501]]],[[[121.10339,14.72518],[121.10478,14.72501],[121.10339,14.725],[121.10339,14.72518]]],[[[121.12604,14.72591],[121.12595,14.72582],[121.12595,14.72591],[121.12604,14.72591]]],[[[121.12576,14.726],[121.12604,14.72609],[121.12604,14.726],[121.12576,14.726]]],[[[121.12092,14.72664],[121.12083,14.72659],[121.12083,14.72662],[121.12092,14.72664]]],[[[121.12111,14.72666],[121.12148,14.72641],[121.12102,14.7265],[121.12111,14.72666]]],[[[121.12492,14.72671],[121.12501,14.7268],[121.12501,14.72671],[121.12492,14.72671]]],[[[121.12362,14.72661],[121.12399,14.7268],[121.12408,14.72643],[121.12362,14.72661]]],[[[121.12492,14.72689],[121.12473,14.7268],[121.12473,14.72689],[121.12492,14.72689]]],[[[121.08893,14.7322],[121.08884,14.73211],[121.08884,14.7322],[121.08893,14.7322]]],[[[121.08865,14.73229],[121.08856,14.73211],[121.08856,14.73229],[121.08865,14.73229]]],[[[121.08826,14.73536],[121.08835,14.73545],[121.08835,14.73536],[121.08826,14.73536]]],[[[121.08825,14.73554],[121.08816,14.73545],[121.08816,14.73554],[121.08825,14.73554]]],[[[120.93928,14.73543],[120.93923,14.73538],[120.93923,14.73543],[120.93928,14.73543]]],[[[121.08731,14.73689],[121.08713,14.73671],[121.08713,14.73689],[121.08731,14.73689]]],[[[120.98643,14.74741],[120.98647,14.74746],[120.98647,14.74741],[120.98643,14.74741]]],[[[120.98545,14.74749],[120.98541,14.74745],[120.98541,14.74749],[120.98545,14.74749]]],[[[120.98564,14.74754],[120.98578,14.74745],[120.98555,14.74745],[120.98564,14.74754]]],[[[120.98661,14.74755],[120.98657,14.7475],[120.98657,14.74755],[120.98661,14.74755]]],[[[120.98661,14.74737],[120.98671,14.74755],[120.98666,14.74737],[120.98661,14.74737]]],[[[120.98592,14.7475],[120.98601,14.74759],[120.98601,14.7475],[120.98592,14.7475]]],[[[120.98633,14.74759],[120.98606,14.7475],[120.98606,14.74759],[120.98633,14.74759]]],[[[120.98657,14.74759],[120.98652,14.74755],[120.98652,14.74759],[120.98657,14.74759]]],[[[120.98666,14.74759],[120.98661,14.74755],[120.98661,14.74759],[120.98666,14.74759]]],[[[120.98652,14.74764],[120.98647,14.74759],[120.98647,14.74764],[120.98652,14.74764]]],[[[120.98647,14.74768],[120.98643,14.74764],[120.98643,14.74768],[120.98647,14.74768]]],[[[120.98652,14.74768],[120.98647,14.74773],[120.98652,14.74773],[120.98652,14.74768]]],[[[120.98647,14.74777],[120.98643,14.74773],[120.98643,14.74777],[120.98647,14.74777]]],[[[120.99422,14.74874],[120.99417,14.7487],[120.99417,14.74874],[120.99422,14.74874]]],[[[120.99436,14.74879],[120.99431,14.74875],[120.99431,14.74879],[120.99436,14.74879]]],[[[120.99449,14.74879],[120.99445,14.7487],[120.99445,14.74879],[120.99449,14.74879]]],[[[120.99398,14.74906],[120.99393,14.7491],[120.99407,14.7491],[120.99398,14.74906]]],[[[120.98607,14.7508],[120.98603,14.75075],[120.98603,14.7508],[120.98607,14.7508]]],[[[120.99257,14.75094],[120.99253,14.7509],[120.99252,14.75094],[120.99257,14.75094]]],[[[120.98644,14.75094],[120.9864,14.75089],[120.9864,14.75094],[120.98644,14.75094]]],[[[120.99266,14.75099],[120.99262,14.75094],[120.99262,14.75099],[120.99266,14.75099]]],[[[120.99257,14.75103],[120.99252,14.75099],[120.99252,14.75103],[120.99257,14.75103]]],[[[120.98653,14.75103],[120.98649,14.75098],[120.98649,14.75103],[120.98653,14.75103]]],[[[120.99201,14.75184],[120.99196,14.7518],[120.99196,14.75184],[120.99201,14.75184]]],[[[120.98805,14.75235],[120.98801,14.7523],[120.98801,14.75235],[120.98805,14.75235]]],[[[120.9881,14.75226],[120.98829,14.75231],[120.98829,14.75226],[120.9881,14.75226]]],[[[120.98796,14.75239],[120.98792,14.7523],[120.98791,14.75239],[120.98796,14.75239]]],[[[120.98838,14.7524],[120.98833,14.75235],[120.98833,14.7524],[120.98838,14.7524]]],[[[121.04028,14.75348],[121.04023,14.75343],[121.04023,14.75348],[121.04028,14.75348]]],[[[120.99153,14.75324],[120.99143,14.75333],[120.99153,14.75333],[120.99153,14.75324]]],[[[121.03981,14.75379],[121.03958,14.75374],[121.03958,14.75379],[121.03981,14.75379]]],[[[121.03949,14.75383],[121.03944,14.75379],[121.03944,14.75383],[121.03949,14.75383]]],[[[120.99245,14.75352],[120.99236,14.75347],[120.99236,14.75352],[120.99245,14.75352]]],[[[121.03921,14.75383],[121.03939,14.75388],[121.03939,14.75383],[121.03921,14.75383]]],[[[121.03897,14.75396],[121.03916,14.75397],[121.03916,14.75388],[121.03897,14.75396]]],[[[120.99227,14.75356],[120.99245,14.75365],[120.9925,14.75356],[120.99227,14.75356]]],[[[121.03893,14.75414],[121.03888,14.7541],[121.03888,14.75414],[121.03893,14.75414]]],[[[120.99208,14.75379],[120.99199,14.7537],[120.99194,14.75379],[120.99208,14.75379]]],[[[120.99217,14.75379],[120.99213,14.75361],[120.99208,14.75374],[120.99217,14.75379]]],[[[120.99175,14.75396],[120.99166,14.75378],[120.99162,14.75387],[120.99175,14.75396]]],[[[121.0378,14.75558],[121.0371,14.75539],[121.03682,14.75553],[121.0378,14.75558]]],[[[121.03678,14.75562],[121.03673,14.75548],[121.03673,14.75562],[121.03678,14.75562]]],[[[121.03794,14.75558],[121.03784,14.75563],[121.03794,14.75563],[121.03794,14.75558]]],[[[121.03659,14.75562],[121.03673,14.75553],[121.03659,14.75557],[121.03659,14.75562]]],[[[121.03654,14.75566],[121.0365,14.75562],[121.0365,14.75566],[121.03654,14.75566]]],[[[121.03645,14.7558],[121.0364,14.75575],[121.0364,14.7558],[121.03645,14.7558]]],[[[121.03673,14.75584],[121.03668,14.7558],[121.03668,14.75584],[121.03673,14.75584]]],[[[121.03845,14.75586],[121.03835,14.75581],[121.03835,14.75586],[121.03845,14.75586]]],[[[121.03831,14.7559],[121.03826,14.75586],[121.03826,14.7559],[121.03831,14.7559]]],[[[121.03659,14.75598],[121.03654,14.75593],[121.03654,14.75598],[121.03659,14.75598]]],[[[121.03794,14.7559],[121.03821,14.75586],[121.03794,14.75581],[121.03794,14.7559]]],[[[121.03616,14.7567],[121.03607,14.75674],[121.03616,14.75674],[121.03616,14.7567]]],[[[121.03607,14.75688],[121.03602,14.75679],[121.03602,14.75688],[121.03607,14.75688]]],[[[121.03598,14.75692],[121.03607,14.75697],[121.03607,14.75692],[121.03598,14.75692]]],[[[121.03573,14.75877],[121.03568,14.75891],[121.03614,14.75882],[121.03573,14.75877]]],[[[121.03554,14.75895],[121.0354,14.7589],[121.03535,14.75899],[121.03554,14.75895]]],[[[121.11822,14.76028],[121.11831,14.76037],[121.11831,14.76028],[121.11822,14.76028]]],[[[121.03451,14.7603],[121.03427,14.76025],[121.03427,14.7603],[121.03451,14.7603]]],[[[121.11822,14.76037],[121.1172,14.76027],[121.11719,14.7609],[121.11803,14.76091],[121.11822,14.76037]]],[[[121.0346,14.7603],[121.03492,14.76026],[121.0346,14.76025],[121.0346,14.7603]]],[[[121.03423,14.76034],[121.03418,14.76038],[121.03423,14.76039],[121.03423,14.76034]]],[[[121.03506,14.76035],[121.03492,14.76039],[121.03506,14.76039],[121.03506,14.76035]]],[[[121.03516,14.76039],[121.03511,14.76035],[121.03511,14.76039],[121.03516,14.76039]]],[[[121.03413,14.76034],[121.03418,14.76025],[121.034,14.76025],[121.03371,14.76052],[121.03413,14.76034]]],[[[121.03371,14.76056],[121.03367,14.76052],[121.03367,14.76056],[121.03371,14.76056]]],[[[121.07452,14.76145],[121.07466,14.7615],[121.07466,14.76145],[121.07452,14.76145]]],[[[121.07475,14.7615],[121.07471,14.76145],[121.07471,14.7615],[121.07475,14.7615]]],[[[121.07489,14.7615],[121.0748,14.76145],[121.0748,14.7615],[121.07489,14.7615]]],[[[121.07452,14.76154],[121.07447,14.76149],[121.07447,14.76154],[121.07452,14.76154]]],[[[121.07503,14.76154],[121.07499,14.7615],[121.07498,14.76154],[121.07503,14.76154]]],[[[121.07457,14.76163],[121.07447,14.76158],[121.07447,14.76163],[121.07457,14.76163]]],[[[121.07466,14.76168],[121.07461,14.76163],[121.07461,14.76168],[121.07466,14.76168]]],[[[121.0748,14.76168],[121.07475,14.76163],[121.07475,14.76168],[121.0748,14.76168]]],[[[121.04898,14.76169],[121.04917,14.76173],[121.04917,14.76169],[121.04898,14.76169]]],[[[121.04898,14.76178],[121.04893,14.76182],[121.04907,14.76182],[121.04898,14.76178]]],[[[121.03259,14.76168],[121.03301,14.76173],[121.03301,14.76169],[121.03259,14.76168]]],[[[121.03245,14.76182],[121.0324,14.76177],[121.0324,14.76182],[121.03245,14.76182]]],[[[121.03264,14.76182],[121.0325,14.76177],[121.0325,14.76182],[121.03264,14.76182]]],[[[121.03273,14.76182],[121.03268,14.76177],[121.03268,14.76182],[121.03273,14.76182]]],[[[121.03291,14.76182],[121.03277,14.76177],[121.03277,14.76182],[121.03291,14.76182]]],[[[121.03305,14.76178],[121.03301,14.76173],[121.03301,14.76182],[121.03305,14.76178]]],[[[121.03319,14.76178],[121.03315,14.76182],[121.03319,14.76182],[121.03319,14.76178]]],[[[121.03329,14.76182],[121.03324,14.76178],[121.03324,14.76182],[121.03329,14.76182]]],[[[121.03231,14.76191],[121.03226,14.76181],[121.03226,14.7619],[121.03231,14.76191]]],[[[121.03366,14.76196],[121.03361,14.76192],[121.03361,14.76196],[121.03366,14.76196]]],[[[121.10557,14.76279],[121.10547,14.76279],[121.10557,14.76282],[121.10557,14.76279]]],[[[121.0323,14.76254],[121.0324,14.76263],[121.03235,14.76254],[121.0323,14.76254]]],[[[121.0324,14.76267],[121.03235,14.76272],[121.03239,14.76272],[121.0324,14.76267]]],[[[121.0323,14.76285],[121.03221,14.76276],[121.03225,14.76285],[121.0323,14.76285]]],[[[121.03225,14.7629],[121.03221,14.76285],[121.03221,14.7629],[121.03225,14.7629]]],[[[121.03221,14.76299],[121.03216,14.76294],[121.03216,14.76299],[121.03221,14.76299]]],[[[121.11801,14.76362],[121.11791,14.76371],[121.11819,14.76371],[121.11801,14.76362]]],[[[121.0993,14.76387],[121.09934,14.76382],[121.0993,14.76382],[121.0993,14.76387]]],[[[121.09906,14.76391],[121.09925,14.76382],[121.09906,14.76387],[121.09906,14.76391]]],[[[121.09944,14.76382],[121.0993,14.76396],[121.09939,14.76396],[121.09944,14.76382]]],[[[121.09925,14.76405],[121.09915,14.76418],[121.09925,14.76418],[121.09925,14.76405]]],[[[121.09948,14.76419],[121.09929,14.76414],[121.09929,14.76418],[121.09948,14.76419]]],[[[121.03276,14.76367],[121.03239,14.76358],[121.03239,14.76362],[121.03276,14.76367]]],[[[121.09679,14.76421],[121.09683,14.76425],[121.09683,14.76421],[121.09679,14.76421]]],[[[121.09697,14.76421],[121.09702,14.76426],[121.09702,14.76421],[121.09697,14.76421]]],[[[121.11754,14.76443],[121.11735,14.76425],[121.11735,14.76443],[121.11754,14.76443]]],[[[121.09678,14.7643],[121.09674,14.76425],[121.09674,14.7643],[121.09678,14.7643]]],[[[121.09697,14.7643],[121.09692,14.76426],[121.09692,14.7643],[121.09697,14.7643]]],[[[121.09674,14.76434],[121.09669,14.7643],[121.09669,14.76434],[121.09674,14.76434]]],[[[121.09692,14.76435],[121.09688,14.7643],[121.09688,14.76435],[121.09692,14.76435]]],[[[121.09669,14.76448],[121.09664,14.76443],[121.09664,14.76448],[121.09669,14.76448]]],[[[121.09678,14.76448],[121.09674,14.76443],[121.09674,14.76448],[121.09678,14.76448]]],[[[121.09892,14.7645],[121.09869,14.76445],[121.09869,14.7645],[121.09892,14.7645]]],[[[121.09901,14.7645],[121.09897,14.76445],[121.09897,14.7645],[121.09901,14.7645]]],[[[121.09855,14.76463],[121.0985,14.76459],[121.0985,14.76463],[121.09855,14.76463]]],[[[121.09887,14.76468],[121.09873,14.76463],[121.09873,14.76468],[121.09887,14.76468]]],[[[121.09887,14.76454],[121.0992,14.76468],[121.0992,14.76459],[121.09887,14.76454]]],[[[121.09845,14.76472],[121.09836,14.76467],[121.09836,14.76472],[121.09845,14.76472]]],[[[121.09849,14.76472],[121.09868,14.76454],[121.09845,14.76463],[121.09849,14.76472]]],[[[121.1192,14.7648],[121.11958,14.76453],[121.1193,14.76444],[121.1192,14.7648]]],[[[121.09854,14.76481],[121.0985,14.76477],[121.0985,14.76481],[121.09854,14.76481]]],[[[121.09924,14.76482],[121.09901,14.76477],[121.09901,14.76482],[121.09924,14.76482]]],[[[121.09831,14.76481],[121.09849,14.76472],[121.09831,14.76476],[121.09831,14.76481]]],[[[121.03238,14.76448],[121.03233,14.76444],[121.03233,14.76448],[121.03238,14.76448]]],[[[121.03247,14.76448],[121.03243,14.76444],[121.03243,14.76448],[121.03247,14.76448]]],[[[121.03224,14.76448],[121.03229,14.76453],[121.03229,14.76448],[121.03224,14.76448]]],[[[121.03224,14.76457],[121.03205,14.76452],[121.03205,14.76457],[121.03224,14.76457]]],[[[121.0328,14.76453],[121.03275,14.76457],[121.0328,14.76458],[121.0328,14.76453]]],[[[121.03177,14.76457],[121.03173,14.76461],[121.03177,14.76461],[121.03177,14.76457]]],[[[121.03205,14.76461],[121.03191,14.76457],[121.03191,14.76461],[121.03205,14.76461]]],[[[121.03256,14.76466],[121.03289,14.7644],[121.03289,14.76421],[121.03256,14.76453],[121.03256,14.76466]]],[[[121.09803,14.76521],[121.09812,14.76508],[121.09803,14.76508],[121.09803,14.76521]]],[[[121.03252,14.76471],[121.03247,14.76466],[121.03247,14.76471],[121.03252,14.76471]]],[[[121.0978,14.76521],[121.09784,14.76526],[121.09784,14.76521],[121.0978,14.76521]]],[[[121.09793,14.76526],[121.09803,14.76517],[121.09793,14.76517],[121.09793,14.76526]]],[[[121.0978,14.7653],[121.09775,14.76526],[121.09775,14.7653],[121.0978,14.7653]]],[[[121.03173,14.76457],[121.03098,14.76452],[121.03089,14.76474],[121.03126,14.76456],[121.03173,14.76457]]],[[[121.09775,14.76535],[121.09766,14.7653],[121.09766,14.76535],[121.09775,14.76535]]],[[[121.03094,14.76483],[121.03089,14.76478],[121.03089,14.76483],[121.03094,14.76483]]],[[[121.09756,14.76544],[121.09752,14.76539],[121.09752,14.76544],[121.09756,14.76544]]],[[[121.09886,14.76545],[121.09919,14.76522],[121.09887,14.76531],[121.09886,14.76545]]],[[[121.09914,14.7654],[121.0991,14.76545],[121.09914,14.76545],[121.09914,14.7654]]],[[[121.09738,14.76548],[121.09742,14.76553],[121.09742,14.76548],[121.09738,14.76548]]],[[[121.09738,14.76557],[121.09733,14.76552],[121.09733,14.76557],[121.09738,14.76557]]],[[[121.09979,14.76559],[121.09965,14.76554],[121.09965,14.76559],[121.09979,14.76559]]],[[[121.09733,14.76561],[121.09728,14.76557],[121.09728,14.76561],[121.09733,14.76561]]],[[[121.09961,14.76563],[121.09965,14.76568],[121.09965,14.76563],[121.09961,14.76563]]],[[[121.09724,14.7657],[121.09714,14.76566],[121.09714,14.7657],[121.09724,14.7657]]],[[[121.09714,14.76575],[121.0971,14.7657],[121.0971,14.76575],[121.09714,14.76575]]],[[[121.0971,14.76579],[121.097,14.76575],[121.097,14.76579],[121.0971,14.76579]]],[[[121.097,14.76584],[121.09691,14.76579],[121.09691,14.76584],[121.097,14.76584]]],[[[121.09691,14.76588],[121.09686,14.76584],[121.09686,14.76588],[121.09691,14.76588]]],[[[121.09807,14.76585],[121.09812,14.76589],[121.09812,14.76585],[121.09807,14.76585]]],[[[121.09686,14.76593],[121.09677,14.76588],[121.09677,14.76593],[121.09686,14.76593]]],[[[121.09807,14.76594],[121.09802,14.76589],[121.09802,14.76594],[121.09807,14.76594]]],[[[121.09677,14.76597],[121.09668,14.76593],[121.09668,14.76597],[121.09677,14.76597]]],[[[121.09802,14.76598],[121.09793,14.76594],[121.09793,14.76598],[121.09802,14.76598]]],[[[121.09668,14.76602],[121.09663,14.76597],[121.09663,14.76602],[121.09668,14.76602]]],[[[121.09793,14.76603],[121.09788,14.76598],[121.09788,14.76603],[121.09793,14.76603]]],[[[121.09826,14.76603],[121.09821,14.76594],[121.09821,14.76603],[121.09826,14.76603]]],[[[121.09937,14.76604],[121.09932,14.76599],[121.09932,14.76604],[121.09937,14.76604]]],[[[121.09663,14.76606],[121.09658,14.76602],[121.09658,14.76606],[121.09663,14.76606]]],[[[121.03144,14.76524],[121.03158,14.76556],[121.03167,14.76556],[121.03144,14.76524]]],[[[121.09658,14.76611],[121.09654,14.76606],[121.09654,14.76611],[121.09658,14.76611]]],[[[121.09728,14.76571],[121.09714,14.76611],[121.09868,14.76558],[121.09859,14.76481],[121.09728,14.76571]]],[[[121.09831,14.7654],[121.09831,14.76526],[121.09845,14.76527],[121.09831,14.7654]]],[[[121.09932,14.76613],[121.09937,14.76608],[121.09932,14.76608],[121.09932,14.76613]]],[[[121.09709,14.76615],[121.09705,14.76611],[121.09705,14.76615],[121.09709,14.76615]]],[[[121.09793,14.76616],[121.09784,14.76603],[121.09784,14.76616],[121.09793,14.76616]]],[[[121.09825,14.76616],[121.09821,14.76607],[121.09821,14.76616],[121.09825,14.76616]]],[[[121.09663,14.7662],[121.09658,14.76615],[121.09658,14.7662],[121.09663,14.7662]]],[[[121.09672,14.7662],[121.09668,14.76615],[121.09668,14.7662],[121.09672,14.7662]]],[[[121.09686,14.7662],[121.09682,14.76615],[121.09681,14.7662],[121.09686,14.7662]]],[[[121.09798,14.76616],[121.09793,14.76621],[121.09798,14.76621],[121.09798,14.76616]]],[[[121.09835,14.76621],[121.09858,14.76608],[121.09835,14.76612],[121.09835,14.76621]]],[[[121.09695,14.76624],[121.09691,14.7662],[121.09691,14.76624],[121.09695,14.76624]]],[[[121.09807,14.76621],[121.09798,14.76625],[121.09807,14.76625],[121.09807,14.76621]]],[[[121.09867,14.76626],[121.09886,14.76608],[121.09867,14.76612],[121.09867,14.76626]]],[[[121.09946,14.76581],[121.09937,14.76617],[121.09969,14.76627],[121.09979,14.76564],[121.09946,14.76581]]],[[[121.09816,14.7663],[121.09821,14.76625],[121.09816,14.76625],[121.09816,14.7663]]],[[[121.09839,14.76626],[121.09844,14.7663],[121.09844,14.76626],[121.09839,14.76626]]],[[[121.09839,14.76635],[121.09821,14.7663],[121.09821,14.76634],[121.09839,14.76635]]],[[[121.09793,14.76648],[121.09811,14.76639],[121.09793,14.76634],[121.09793,14.76648]]],[[[121.0983,14.76662],[121.09839,14.76653],[121.0983,14.76657],[121.0983,14.76662]]],[[[121.09746,14.7667],[121.09755,14.76675],[121.09755,14.7667],[121.09746,14.7667]]],[[[121.09156,14.76674],[121.09147,14.7667],[121.09147,14.76674],[121.09156,14.76674]]],[[[121.09718,14.76679],[121.09737,14.76656],[121.09765,14.76616],[121.09723,14.76629],[121.09718,14.76679]]],[[[121.09946,14.76676],[121.09964,14.76663],[121.0995,14.76663],[121.09946,14.76676]]],[[[121.09128,14.76678],[121.09119,14.76674],[121.09119,14.76678],[121.09128,14.76678]]],[[[121.09142,14.76679],[121.09133,14.76674],[121.09133,14.76678],[121.09142,14.76679]]],[[[121.09175,14.76674],[121.09161,14.76679],[121.09175,14.76679],[121.09175,14.76674]]],[[[121.09189,14.76679],[121.09184,14.76674],[121.09184,14.76679],[121.09189,14.76679]]],[[[121.09198,14.76684],[121.09193,14.76679],[121.09193,14.76684],[121.09198,14.76684]]],[[[121.09091,14.76683],[121.09096,14.76687],[121.09096,14.76683],[121.09091,14.76683]]],[[[121.09105,14.76687],[121.091,14.76683],[121.091,14.76687],[121.09105,14.76687]]],[[[121.09091,14.76692],[121.09087,14.76687],[121.09086,14.76692],[121.09091,14.76692]]],[[[121.09411,14.76708],[121.09402,14.76703],[121.09402,14.76708],[121.09411,14.76708]]],[[[121.09072,14.7671],[121.09068,14.76705],[121.09068,14.7671],[121.09072,14.7671]]],[[[121.09388,14.76708],[121.09393,14.76712],[121.09393,14.76708],[121.09388,14.76708]]],[[[121.09388,14.76717],[121.09383,14.76712],[121.09383,14.76717],[121.09388,14.76717]]],[[[121.09179,14.7672],[121.09156,14.76715],[121.09156,14.76719],[121.09179,14.7672]]],[[[121.09198,14.76715],[121.09207,14.7672],[121.09207,14.76715],[121.09198,14.76715]]],[[[121.0937,14.76717],[121.09374,14.76721],[121.09374,14.76717],[121.0937,14.76717]]],[[[121.09383,14.76721],[121.09379,14.76717],[121.09379,14.76721],[121.09383,14.76721]]],[[[121.09072,14.76723],[121.09068,14.76714],[121.09068,14.76723],[121.09072,14.76723]]],[[[121.09198,14.76724],[121.09188,14.7672],[121.09188,14.76724],[121.09198,14.76724]]],[[[121.09369,14.76726],[121.0936,14.76721],[121.0936,14.76726],[121.09369,14.76726]]],[[[121.09407,14.76726],[121.09402,14.76717],[121.09402,14.76726],[121.09407,14.76726]]],[[[121.09068,14.76732],[121.09072,14.76728],[121.09068,14.76728],[121.09068,14.76732]]],[[[121.0936,14.76739],[121.09355,14.76726],[121.09355,14.76739],[121.0936,14.76739]]],[[[121.09393,14.7673],[121.09397,14.76739],[121.09397,14.7673],[121.09393,14.7673]]],[[[121.09151,14.76693],[121.09078,14.76737],[121.09151,14.76724],[121.09151,14.76693]]],[[[121.09374,14.76739],[121.0936,14.76744],[121.09374,14.76744],[121.09374,14.76739]]],[[[121.09392,14.76744],[121.09383,14.76739],[121.09383,14.76744],[121.09392,14.76744]]],[[[121.0988,14.76748],[121.09871,14.76743],[121.09871,14.76748],[121.0988,14.76748]]],[[[121.03148,14.76687],[121.03152,14.76696],[121.03157,14.76687],[121.03148,14.76687]]],[[[121.03143,14.767],[121.03138,14.76696],[121.03138,14.767],[121.03143,14.767]]],[[[121.09847,14.76752],[121.09852,14.76757],[121.09852,14.76752],[121.09847,14.76752]]],[[[121.03138,14.76705],[121.03133,14.767],[121.03133,14.76705],[121.03138,14.76705]]],[[[121.09847,14.76761],[121.09843,14.76757],[121.09843,14.76761],[121.09847,14.76761]]],[[[121.03087,14.76713],[121.03082,14.76704],[121.03082,14.76713],[121.03087,14.76713]]],[[[121.09643,14.76764],[121.09652,14.76769],[121.09652,14.76764],[121.09643,14.76764]]],[[[121.09671,14.76769],[121.09657,14.76764],[121.09657,14.76769],[121.09671,14.76769]]],[[[121.09843,14.7677],[121.09852,14.76766],[121.09843,14.76766],[121.09843,14.7677]]],[[[121.03115,14.76709],[121.03129,14.76714],[121.03124,14.76705],[121.03115,14.76709]]],[[[121.09857,14.7677],[121.09852,14.76775],[121.09857,14.76775],[121.09857,14.7677]]],[[[121.09708,14.76774],[121.09713,14.76778],[121.09713,14.76774],[121.09708,14.76774]]],[[[121.09861,14.76784],[121.09866,14.76779],[121.09861,14.76779],[121.09861,14.76784]]],[[[121.09063,14.76741],[121.09044,14.76759],[121.09044,14.76779],[121.09064,14.76746],[121.09063,14.76741]]],[[[121.09559,14.76781],[121.09564,14.76786],[121.09564,14.76781],[121.09559,14.76781]]],[[[121.09713,14.76787],[121.09717,14.76783],[121.09713,14.76783],[121.09713,14.76787]]],[[[121.0987,14.76784],[121.09866,14.76788],[121.0987,14.76789],[121.0987,14.76784]]],[[[121.0904,14.76786],[121.09035,14.76782],[121.09035,14.76786],[121.0904,14.76786]]],[[[121.09559,14.7679],[121.09555,14.76786],[121.09555,14.7679],[121.09559,14.7679]]],[[[121.09722,14.76787],[121.09717,14.76792],[121.09722,14.76792],[121.09722,14.76787]]],[[[121.09875,14.76789],[121.0987,14.76793],[121.09875,14.76793],[121.09875,14.76789]]],[[[121.09917,14.76798],[121.09912,14.76793],[121.09912,14.76798],[121.09917,14.76798]]],[[[121.09731,14.76796],[121.09736,14.76801],[121.09736,14.76796],[121.09731,14.76796]]],[[[121.09912,14.76708],[121.09866,14.76748],[121.09884,14.76802],[121.09987,14.76717],[121.09978,14.7669],[121.09912,14.76708]]],[[[121.09912,14.76807],[121.09903,14.76802],[121.09903,14.76807],[121.09912,14.76807]]],[[[121.04688,14.76768],[121.04684,14.76763],[121.04684,14.76768],[121.04688,14.76768]]],[[[121.04674,14.76772],[121.0467,14.76768],[121.0467,14.76772],[121.04674,14.76772]]],[[[121.08779,14.76807],[121.08774,14.76802],[121.08774,14.76807],[121.08779,14.76807]]],[[[121.09527,14.76813],[121.09522,14.76808],[121.09522,14.76813],[121.09527,14.76813]]],[[[121.098,14.76815],[121.09796,14.7681],[121.09796,14.76815],[121.098,14.76815]]],[[[121.09517,14.76822],[121.09513,14.76817],[121.09513,14.76822],[121.09517,14.76822]]],[[[121.09814,14.7682],[121.0981,14.76824],[121.09814,14.76824],[121.09814,14.7682]]],[[[121.09508,14.76831],[121.09503,14.76826],[121.09503,14.76831],[121.09508,14.76831]]],[[[121.09805,14.76829],[121.0981,14.76833],[121.0981,14.76829],[121.09805,14.76829]]],[[[121.08663,14.76824],[121.08658,14.76824],[121.08658,14.76829],[121.08663,14.76824]]],[[[121.09814,14.76838],[121.09819,14.76842],[121.09819,14.76838],[121.09814,14.76838]]],[[[121.09494,14.76853],[121.09489,14.76844],[121.09489,14.76853],[121.09494,14.76853]]],[[[121.09828,14.7686],[121.09833,14.76865],[121.09833,14.76861],[121.09828,14.7686]]],[[[121.02951,14.76812],[121.02937,14.76812],[121.02951,14.76816],[121.02951,14.76812]]],[[[121.04483,14.76838],[121.04479,14.76834],[121.04479,14.76838],[121.04483,14.76838]]],[[[121.04493,14.76843],[121.04488,14.76838],[121.04488,14.76843],[121.04493,14.76843]]],[[[121.09846,14.76888],[121.09842,14.76879],[121.09842,14.76888],[121.09846,14.76888]]],[[[121.04502,14.76843],[121.04507,14.76847],[121.04507,14.76843],[121.04502,14.76843]]],[[[121.04502,14.76852],[121.04497,14.76847],[121.04497,14.76852],[121.04502,14.76852]]],[[[121.04511,14.76848],[121.04516,14.76852],[121.04516,14.76848],[121.04511,14.76848]]],[[[121.04511,14.76857],[121.04502,14.76852],[121.04502,14.76856],[121.04511,14.76857]]],[[[121.0452,14.76861],[121.04516,14.76857],[121.04511,14.76861],[121.0452,14.76861]]],[[[121.02784,14.76864],[121.02779,14.7686],[121.02779,14.76864],[121.02784,14.76864]]],[[[121.0276,14.76869],[121.02756,14.76864],[121.02756,14.76869],[121.0276,14.76869]]],[[[121.04177,14.76881],[121.04181,14.76876],[121.04177,14.76876],[121.04177,14.76881]]],[[[121.04186,14.76881],[121.04181,14.76885],[121.04186,14.76885],[121.04186,14.76881]]],[[[121.04195,14.76886],[121.04191,14.76881],[121.0419,14.76885],[121.04195,14.76886]]],[[[121.02904,14.76884],[121.02909,14.76888],[121.02909,14.76884],[121.02904,14.76884]]],[[[121.04153,14.76903],[121.04149,14.76899],[121.04149,14.76903],[121.04153,14.76903]]],[[[121.02765,14.76891],[121.02769,14.76896],[121.0277,14.76891],[121.02765,14.76891]]],[[[121.02765,14.769],[121.0276,14.76896],[121.0276,14.769],[121.02765,14.769]]],[[[121.09685,14.76769],[121.0954,14.76795],[121.09503,14.76871],[121.09666,14.76842],[121.09827,14.7696],[121.09828,14.76847],[121.09787,14.7681],[121.09731,14.76805],[121.09708,14.76778],[121.09685,14.76769]]],[[[121.02913,14.76897],[121.02886,14.76897],[121.02885,14.76906],[121.02913,14.76897]]],[[[121.04162,14.76886],[121.0419,14.76904],[121.0419,14.76886],[121.04162,14.76886]]],[[[121.0289,14.76915],[121.02876,14.76906],[121.02876,14.7691],[121.0289,14.76915]]],[[[121.02881,14.76919],[121.02876,14.76915],[121.02876,14.76919],[121.02881,14.76919]]],[[[121.09934,14.76979],[121.09948,14.76929],[121.09944,14.76898],[121.09901,14.7696],[121.09934,14.76979]]],[[[121.02871,14.76924],[121.02867,14.7691],[121.02867,14.76924],[121.02871,14.76924]]],[[[121.04608,14.76943],[121.04636,14.76939],[121.04631,14.76925],[121.04603,14.7693],[121.04608,14.76943]]],[[[121.09869,14.76987],[121.09859,14.76983],[121.09859,14.76987],[121.09869,14.76987]]],[[[121.09869,14.76996],[121.09859,14.76992],[121.09859,14.76996],[121.09869,14.76996]]],[[[121.04352,14.76959],[121.04343,14.76955],[121.04343,14.76959],[121.04352,14.76959]]],[[[121.04366,14.76959],[121.04357,14.76955],[121.04357,14.76959],[121.04366,14.76959]]],[[[121.04399,14.7696],[121.0439,14.76955],[121.04389,14.76959],[121.04399,14.7696]]],[[[121.04454,14.7696],[121.0445,14.76951],[121.0445,14.7696],[121.04454,14.7696]]],[[[121.11758,14.77012],[121.11814,14.76995],[121.11777,14.76976],[121.11758,14.77012]]],[[[121.04324,14.76959],[121.04334,14.76964],[121.04334,14.76959],[121.04324,14.76959]]],[[[121.04324,14.76968],[121.0432,14.76963],[121.0432,14.76968],[121.04324,14.76968]]],[[[121.04399,14.76969],[121.04394,14.76964],[121.04394,14.76969],[121.04399,14.76969]]],[[[121.04454,14.76965],[121.04445,14.76969],[121.04454,14.76969],[121.04454,14.76965]]],[[[121.04403,14.76969],[121.04408,14.76973],[121.04408,14.76969],[121.04403,14.76969]]],[[[121.0432,14.76972],[121.04292,14.76968],[121.04292,14.76977],[121.0432,14.76972]]],[[[121.04403,14.76978],[121.04399,14.76973],[121.04399,14.76978],[121.04403,14.76978]]],[[[121.04245,14.7704],[121.04249,14.77044],[121.04249,14.7704],[121.04245,14.7704]]],[[[121.04245,14.77049],[121.0424,14.77044],[121.0424,14.77049],[121.04245,14.77049]]],[[[121.04263,14.77044],[121.04268,14.77049],[121.04268,14.77044],[121.04263,14.77044]]],[[[121.04235,14.77053],[121.04231,14.77048],[121.04231,14.77053],[121.04235,14.77053]]],[[[121.04263,14.77058],[121.04254,14.77049],[121.04254,14.77058],[121.04263,14.77058]]],[[[121.03994,14.7706],[121.03985,14.77055],[121.03985,14.7706],[121.03994,14.7706]]],[[[121.08094,14.77099],[121.08089,14.77104],[121.08094,14.77104],[121.08094,14.77099]]],[[[121.08117,14.77108],[121.08112,14.77104],[121.08112,14.77108],[121.08117,14.77108]]],[[[121.08117,14.77099],[121.08126,14.77108],[121.08126,14.77099],[121.08117,14.77099]]],[[[121.0814,14.77109],[121.08136,14.77104],[121.08136,14.77108],[121.0814,14.77109]]],[[[121.08098,14.77109],[121.08107,14.771],[121.08098,14.77099],[121.08098,14.77109]]],[[[121.08145,14.77118],[121.08149,14.77113],[121.08145,14.77113],[121.08145,14.77118]]],[[[121.08154,14.77118],[121.08149,14.77122],[121.08154,14.77122],[121.08154,14.77118]]],[[[121.08061,14.77121],[121.08066,14.77126],[121.08066,14.77121],[121.08061,14.77121]]],[[[121.08061,14.77135],[121.08056,14.77126],[121.08056,14.77135],[121.08061,14.77135]]],[[[121.09877,14.77153],[121.0994,14.77087],[121.09837,14.77114],[121.09877,14.77153]]],[[[121.02698,14.77112],[121.02693,14.77108],[121.02693,14.77112],[121.02698,14.77112]]],[[[121.02684,14.77121],[121.02679,14.77117],[121.02679,14.77121],[121.02684,14.77121]]],[[[121.02721,14.77094],[121.02735,14.77113],[121.02735,14.77094],[121.02721,14.77094]]],[[[121.0273,14.77122],[121.02726,14.77117],[121.02726,14.77121],[121.0273,14.77122]]],[[[121.04276,14.77135],[121.04272,14.7713],[121.04272,14.77135],[121.04276,14.77135]]],[[[121.02665,14.77125],[121.0267,14.7713],[121.0267,14.77126],[121.02665,14.77125]]],[[[121.02702,14.7713],[121.02698,14.77126],[121.02698,14.7713],[121.02702,14.7713]]],[[[121.02716,14.7713],[121.02702,14.77121],[121.02702,14.77126],[121.02716,14.7713]]],[[[121.03863,14.77127],[121.03882,14.77131],[121.03882,14.77122],[121.03863,14.77127]]],[[[121.02707,14.77135],[121.02702,14.7713],[121.02702,14.77135],[121.02707,14.77135]]],[[[121.03868,14.77145],[121.03859,14.7714],[121.03858,14.77145],[121.03868,14.77145]]],[[[121.04221,14.77148],[121.04216,14.77143],[121.04216,14.77148],[121.04221,14.77148]]],[[[121.04216,14.77125],[121.04286,14.77117],[121.04277,14.77067],[121.04216,14.77125]]],[[[121.04258,14.77148],[121.04253,14.77144],[121.04253,14.77148],[121.04258,14.77148]]],[[[121.1178,14.77211],[121.11803,14.77184],[121.11775,14.77197],[121.1178,14.77211]]],[[[121.07197,14.77177],[121.07243,14.77169],[121.07188,14.77168],[121.07197,14.77177]]],[[[121.07248,14.77182],[121.07253,14.77178],[121.07248,14.77178],[121.07248,14.77182]]],[[[121.02674,14.77148],[121.0267,14.77144],[121.0267,14.77148],[121.02674,14.77148]]],[[[121.02688,14.77148],[121.02688,14.7713],[121.02674,14.77144],[121.02688,14.77148]]],[[[121.04234,14.77161],[121.04221,14.77157],[121.04221,14.77161],[121.04234,14.77161]]],[[[121.07267,14.77183],[121.07253,14.77187],[121.07266,14.77187],[121.07267,14.77183]]],[[[121.02679,14.77148],[121.02674,14.77153],[121.02679,14.77153],[121.02679,14.77148]]],[[[121.07271,14.77187],[121.07266,14.77192],[121.07271,14.77192],[121.07271,14.77187]]],[[[121.0267,14.77162],[121.02665,14.77157],[121.02665,14.77162],[121.0267,14.77162]]],[[[121.1157,14.77237],[121.1158,14.77219],[121.11561,14.77218],[121.1157,14.77237]]],[[[121.11589,14.77237],[121.11579,14.77246],[121.11589,14.77246],[121.11589,14.77237]]],[[[121.03691,14.77211],[121.03695,14.77216],[121.03695,14.77211],[121.03691,14.77211]]],[[[121.03691,14.7722],[121.03686,14.77216],[121.03686,14.7722],[121.03691,14.7722]]],[[[121.03681,14.77225],[121.03677,14.77211],[121.03677,14.77224],[121.03681,14.77225]]],[[[121.02646,14.77225],[121.02641,14.7722],[121.02641,14.77225],[121.02646,14.77225]]],[[[121.02725,14.77225],[121.0272,14.77221],[121.0272,14.77225],[121.02725,14.77225]]],[[[121.0265,14.77225],[121.02715,14.77225],[121.02716,14.77216],[121.0265,14.77225]]],[[[121.0324,14.77234],[121.03245,14.77239],[121.03245,14.77234],[121.0324,14.77234]]],[[[121.03324,14.77235],[121.03319,14.7724],[121.03324,14.7724],[121.03324,14.77235]]],[[[121.03324,14.77249],[121.03328,14.77244],[121.03324,14.77244],[121.03324,14.77249]]],[[[121.1235,14.77324],[121.12434,14.77289],[121.1235,14.77297],[121.1235,14.77324]]],[[[121.03337,14.77249],[121.03328,14.77253],[121.03337,14.77253],[121.03337,14.77249]]],[[[121.03453,14.77254],[121.03458,14.7725],[121.03454,14.7725],[121.03453,14.77254]]],[[[121.0337,14.77258],[121.03342,14.77253],[121.03342,14.77258],[121.0337,14.77258]]],[[[121.02673,14.77257],[121.02669,14.77247],[121.02669,14.77257],[121.02673,14.77257]]],[[[121.03323,14.77258],[121.03305,14.77262],[121.03323,14.77262],[121.03323,14.77258]]],[[[121.03463,14.77254],[121.03458,14.77263],[121.03463,14.77263],[121.03463,14.77254]]],[[[121.03328,14.77262],[121.03323,14.77267],[121.03328,14.77267],[121.03328,14.77262]]],[[[121.03458,14.77268],[121.03453,14.77263],[121.03453,14.77268],[121.03458,14.77268]]],[[[121.07962,14.77301],[121.07999,14.77306],[121.07999,14.77302],[121.07962,14.77301]]],[[[121.08008,14.77306],[121.08004,14.77302],[121.08004,14.77306],[121.08008,14.77306]]],[[[121.08366,14.77305],[121.08352,14.77309],[121.08366,14.77309],[121.08366,14.77305]]],[[[121.07962,14.7731],[121.07957,14.77306],[121.07957,14.7731],[121.07962,14.7731]]],[[[121.02409,14.77259],[121.0246,14.77255],[121.0246,14.7725],[121.02409,14.77259]]],[[[121.0792,14.7731],[121.07929,14.77315],[121.07929,14.7731],[121.0792,14.7731]]],[[[121.07948,14.77315],[121.07939,14.7731],[121.07939,14.77315],[121.07948,14.77315]]],[[[121.07985,14.77315],[121.07971,14.7731],[121.07971,14.77315],[121.07985,14.77315]]],[[[121.08347,14.77314],[121.08352,14.77318],[121.08352,14.77314],[121.08347,14.77314]]],[[[121.0792,14.77319],[121.07906,14.77314],[121.07906,14.77319],[121.0792,14.77319]]],[[[121.03351,14.77285],[121.03342,14.77276],[121.03342,14.77285],[121.03351,14.77285]]],[[[121.03453,14.77277],[121.03467,14.77277],[121.03467,14.77272],[121.03453,14.77277]]],[[[121.07888,14.77323],[121.07883,14.77319],[121.07883,14.77323],[121.07888,14.77323]]],[[[121.08347,14.77327],[121.08338,14.77323],[121.08338,14.77327],[121.08347,14.77327]]],[[[121.03305,14.77257],[121.03249,14.7723],[121.03216,14.77284],[121.03258,14.77262],[121.03305,14.77257]]],[[[121.03356,14.7729],[121.03351,14.77285],[121.03351,14.77289],[121.03356,14.7729]]],[[[121.03221,14.77293],[121.03216,14.77288],[121.03216,14.77293],[121.03221,14.77293]]],[[[121.0779,14.77327],[121.07795,14.77332],[121.07795,14.77327],[121.0779,14.77327]]],[[[121.07808,14.77332],[121.07804,14.77327],[121.07804,14.77332],[121.07808,14.77332]]],[[[121.07822,14.77332],[121.07818,14.77327],[121.07818,14.77332],[121.07822,14.77332]]],[[[121.07753,14.7734],[121.07748,14.77336],[121.07748,14.7734],[121.07753,14.7734]]],[[[121.03384,14.77254],[121.0336,14.77299],[121.03449,14.77286],[121.03444,14.77245],[121.03407,14.77245],[121.03384,14.77254]]],[[[121.0779,14.77332],[121.07753,14.77331],[121.07753,14.77336],[121.07762,14.77345],[121.0779,14.77332]]],[[[121.07757,14.7734],[121.07753,14.77345],[121.07757,14.77345],[121.07757,14.7734]]],[[[121.0407,14.77363],[121.04061,14.77359],[121.04061,14.77363],[121.0407,14.77363]]],[[[121.06735,14.77381],[121.06703,14.77381],[121.06735,14.77386],[121.06735,14.77381]]],[[[121.06647,14.77381],[121.06655,14.7739],[121.06662,14.77376],[121.06647,14.77381]]],[[[121.04065,14.77372],[121.04033,14.77368],[121.04033,14.77372],[121.04065,14.77372]]],[[[121.06652,14.77394],[121.06642,14.7739],[121.06642,14.77394],[121.06652,14.77394]]],[[[121.0674,14.77395],[121.06772,14.77391],[121.0674,14.77391],[121.0674,14.77395]]],[[[121.06786,14.77395],[121.06777,14.774],[121.06786,14.774],[121.06786,14.77395]]],[[[121.068,14.774],[121.06791,14.77395],[121.06791,14.774],[121.068,14.774]]],[[[121.06828,14.774],[121.06814,14.77396],[121.06814,14.774],[121.06828,14.774]]],[[[121.06842,14.774],[121.06837,14.77396],[121.06837,14.774],[121.06842,14.774]]],[[[121.0238,14.7734],[121.02394,14.77358],[121.02394,14.7734],[121.0238,14.7734]]],[[[121.06861,14.77405],[121.06865,14.77401],[121.06861,14.77401],[121.06861,14.77405]]],[[[121.06828,14.77409],[121.06823,14.77405],[121.06823,14.77409],[121.06828,14.77409]]],[[[121.0687,14.77405],[121.06865,14.7741],[121.0687,14.7741],[121.0687,14.77405]]],[[[121.06884,14.7741],[121.06879,14.77405],[121.06879,14.7741],[121.06884,14.7741]]],[[[121.06893,14.7741],[121.06902,14.77405],[121.06893,14.77405],[121.06893,14.7741]]],[[[121.06907,14.77405],[121.06916,14.7741],[121.06916,14.77406],[121.06907,14.77405]]],[[[121.06926,14.7741],[121.06921,14.77406],[121.06921,14.7741],[121.06926,14.7741]]],[[[121.02375,14.77376],[121.02371,14.77367],[121.0237,14.77376],[121.02375,14.77376]]],[[[121.06907,14.77414],[121.06902,14.7741],[121.06902,14.77414],[121.06907,14.77414]]],[[[121.0693,14.77419],[121.06912,14.77415],[121.06911,14.77419],[121.0693,14.77419]]],[[[121.02375,14.77385],[121.02366,14.77376],[121.02366,14.77385],[121.02375,14.77385]]],[[[121.0693,14.77415],[121.06963,14.77424],[121.06986,14.77424],[121.06986,14.77415],[121.0693,14.77415]]],[[[121.0315,14.77396],[121.03164,14.77401],[121.03164,14.77392],[121.0315,14.77396]]],[[[121.0699,14.77433],[121.07014,14.77429],[121.0699,14.77424],[121.0699,14.77433]]],[[[121.07631,14.77443],[121.07645,14.77434],[121.07631,14.77439],[121.07631,14.77443]]],[[[121.02361,14.77389],[121.02366,14.77394],[121.0237,14.7739],[121.02361,14.77389]]],[[[121.07027,14.77443],[121.07018,14.77447],[121.07027,14.77447],[121.07027,14.77443]]],[[[121.0829,14.77458],[121.08286,14.77453],[121.08286,14.77458],[121.0829,14.77458]]],[[[121.02384,14.77421],[121.02379,14.77417],[121.02379,14.77421],[121.02384,14.77421]]],[[[121.02417,14.77417],[121.02426,14.77422],[121.02426,14.77417],[121.02417,14.77417]]],[[[121.12905,14.77509],[121.12878,14.775],[121.12877,14.77509],[121.12905,14.77509]]],[[[121.12799,14.77508],[121.1285,14.77482],[121.12794,14.77495],[121.12799,14.77508]]],[[[121.02416,14.77426],[121.02398,14.77412],[121.02389,14.77426],[121.02416,14.77426]]],[[[121.0243,14.77426],[121.02416,14.77431],[121.0243,14.77431],[121.0243,14.77426]]],[[[121.02523,14.77431],[121.02505,14.77422],[121.02435,14.77417],[121.02523,14.77431]]],[[[121.02546,14.77436],[121.02602,14.77428],[121.02533,14.77427],[121.02546,14.77436]]],[[[121.02621,14.77432],[121.02602,14.77441],[121.02621,14.77441],[121.02621,14.77432]]],[[[121.02644,14.77442],[121.0263,14.77432],[121.02625,14.77441],[121.02644,14.77442]]],[[[121.12302,14.7757],[121.12349,14.77559],[121.12273,14.77576],[121.12302,14.7757]]],[[[121.12272,14.77577],[121.12255,14.77576],[121.12255,14.7758],[121.12272,14.77577]]],[[[121.02639,14.77432],[121.02716,14.77459],[121.02745,14.77501],[121.02723,14.77451],[121.02639,14.77432]]],[[[121.02742,14.77528],[121.0275,14.77533],[121.0275,14.77528],[121.02742,14.77528]]],[[[121.02745,14.77542],[121.02737,14.77546],[121.02745,14.77551],[121.02745,14.77542]]],[[[121.02722,14.77564],[121.02717,14.7756],[121.02717,14.77564],[121.02722,14.77564]]],[[[121.02731,14.7756],[121.02726,14.77564],[121.02731,14.77564],[121.02731,14.7756]]],[[[121.06714,14.77593],[121.0671,14.77576],[121.0671,14.77598],[121.06714,14.77593]]],[[[121.02722,14.77573],[121.02708,14.77564],[121.02708,14.77569],[121.02722,14.77573]]],[[[121.02703,14.77578],[121.02698,14.77569],[121.02698,14.77578],[121.02703,14.77578]]],[[[121.02712,14.77578],[121.02708,14.77573],[121.02708,14.77578],[121.02712,14.77578]]],[[[121.0261,14.7759],[121.02605,14.77586],[121.02605,14.7759],[121.0261,14.7759]]],[[[121.02619,14.77581],[121.02694,14.77582],[121.02694,14.77569],[121.02619,14.77581]]],[[[121.0651,14.77624],[121.06506,14.77619],[121.06506,14.77623],[121.0651,14.77624]]],[[[121.07729,14.77662],[121.07722,14.77661],[121.07722,14.77664],[121.07729,14.77662]]],[[[121.02605,14.77654],[121.02609,14.77645],[121.02605,14.77645],[121.02605,14.77654]]],[[[121.02619,14.77649],[121.02634,14.77673],[121.02674,14.77682],[121.02619,14.77649]]],[[[121.02702,14.77691],[121.02679,14.77684],[121.02702,14.77698],[121.02702,14.77691]]],[[[121.02744,14.77709],[121.02757,14.77714],[121.02757,14.77709],[121.02744,14.77709]]],[[[121.02762,14.77714],[121.02757,14.77718],[121.02762,14.77718],[121.02762,14.77714]]],[[[121.02748,14.77723],[121.02725,14.777],[121.02704,14.777],[121.02748,14.77723]]],[[[121.02767,14.77718],[121.02771,14.77723],[121.02771,14.77718],[121.02767,14.77718]]],[[[121.02776,14.77723],[121.02771,14.77727],[121.02776,14.77727],[121.02776,14.77723]]],[[[121.02799,14.77732],[121.0279,14.77737],[121.02799,14.77737],[121.02799,14.77732]]],[[[121.02804,14.77737],[121.02799,14.77741],[121.02804,14.77741],[121.02804,14.77737]]],[[[121.02799,14.77755],[121.0279,14.77727],[121.02753,14.77718],[121.02799,14.77755]]],[[[121.02822,14.77755],[121.02817,14.7775],[121.02817,14.77755],[121.02822,14.77755]]],[[[121.02669,14.77804],[121.02646,14.77801],[121.02632,14.77803],[121.02669,14.77804]]],[[[121.02631,14.77807],[121.02631,14.77804],[121.02622,14.77807],[121.02631,14.77807]]],[[[121.02551,14.77924],[121.02542,14.7792],[121.02542,14.77924],[121.02551,14.77924]]],[[[121.02561,14.77924],[121.02584,14.77915],[121.02556,14.77915],[121.02561,14.77924]]],[[[121.02598,14.7792],[121.02584,14.77929],[121.02607,14.77929],[121.02598,14.7792]]],[[[121.02616,14.77925],[121.02607,14.77934],[121.02639,14.77934],[121.02616,14.77925]]],[[[121.02653,14.77939],[121.02649,14.77934],[121.02649,14.77939],[121.02653,14.77939]]],[[[121.02746,14.77958],[121.02751,14.77962],[121.02751,14.77958],[121.02746,14.77958]]],[[[121.02746,14.77967],[121.02741,14.77962],[121.02741,14.77967],[121.02746,14.77967]]],[[[121.02764,14.77962],[121.02751,14.77967],[121.02764,14.77967],[121.02764,14.77962]]],[[[121.02769,14.77967],[121.02764,14.77971],[121.02769,14.77971],[121.02769,14.77967]]],[[[121.02764,14.77976],[121.0276,14.77971],[121.0276,14.77976],[121.02764,14.77976]]],[[[121.02769,14.77984],[121.02792,14.7799],[121.02769,14.77976],[121.02769,14.77984]]],[[[121.05792,14.78024],[121.05787,14.7802],[121.05787,14.78024],[121.05792,14.78024]]],[[[121.05806,14.78024],[121.05801,14.7802],[121.05801,14.78024],[121.05806,14.78024]]],[[[121.05819,14.78033],[121.0581,14.78029],[121.0581,14.78033],[121.05819,14.78033]]],[[[121.05861,14.78056],[121.05856,14.7806],[121.05861,14.78061],[121.05861,14.78056]]],[[[121.05867,14.78074],[121.05922,14.78073],[121.05935,14.78052],[121.05867,14.78074]]],[[[121.056,14.7814],[121.05731,14.7802],[121.05782,14.78015],[121.05703,14.7801],[121.056,14.7814]]],[[[121.02981,14.78118],[121.02986,14.78122],[121.02986,14.78118],[121.02981,14.78118]]],[[[121.03005,14.78122],[121.03,14.78118],[121.03,14.78122],[121.03005,14.78122]]],[[[121.03014,14.78122],[121.03009,14.78118],[121.03009,14.78122],[121.03014,14.78122]]],[[[121.03032,14.78123],[121.03023,14.78118],[121.03023,14.78123],[121.03032,14.78123]]],[[[121.056,14.78145],[121.05596,14.7814],[121.05596,14.78144],[121.056,14.78145]]],[[[121.03055,14.78132],[121.03051,14.78127],[121.03051,14.78132],[121.03055,14.78132]]],[[[121.05595,14.78153],[121.05591,14.78144],[121.05591,14.78153],[121.05595,14.78153]]],[[[121.03042,14.78136],[121.03023,14.7814],[121.03041,14.78141],[121.03042,14.78136]]],[[[121.05591,14.78162],[121.05582,14.78153],[121.05581,14.78162],[121.05591,14.78162]]],[[[121.02995,14.78136],[121.02972,14.78122],[121.02939,14.78153],[121.02995,14.78136]]],[[[121.03046,14.78145],[121.03065,14.78136],[121.03046,14.78136],[121.03046,14.78145]]],[[[121.02939,14.78158],[121.02935,14.78153],[121.02935,14.78158],[121.02939,14.78158]]],[[[121.02948,14.78154],[121.02944,14.78158],[121.02948,14.78158],[121.02948,14.78154]]],[[[121.02911,14.78171],[121.02916,14.78167],[121.02911,14.78167],[121.02911,14.78171]]],[[[121.02921,14.78167],[121.02934,14.78172],[121.02934,14.78167],[121.02921,14.78167]]],[[[121.02902,14.78176],[121.02897,14.78171],[121.02897,14.78176],[121.02902,14.78176]]],[[[121.0292,14.78176],[121.02916,14.78171],[121.02916,14.78176],[121.0292,14.78176]]],[[[121.02883,14.78186],[121.02869,14.78185],[121.02869,14.78189],[121.02883,14.78186]]],[[[121.0306,14.78163],[121.03078,14.78168],[121.0306,14.78159],[121.0306,14.78163]]],[[[121.03333,14.78216],[121.03347,14.78207],[121.03333,14.78211],[121.03333,14.78216]]],[[[121.03361,14.78207],[121.03357,14.78216],[121.03366,14.78216],[121.03361,14.78207]]],[[[121.03301,14.78224],[121.03329,14.78216],[121.03301,14.7822],[121.03301,14.78224]]],[[[121.03356,14.78225],[121.03352,14.7822],[121.03352,14.78225],[121.03356,14.78225]]],[[[121.03347,14.78229],[121.03352,14.78234],[121.03352,14.78229],[121.03347,14.78229]]],[[[121.03268,14.78229],[121.03287,14.78233],[121.03287,14.78229],[121.03268,14.78229]]],[[[121.03347,14.78243],[121.03342,14.78234],[121.03342,14.78243],[121.03347,14.78243]]],[[[121.03277,14.78243],[121.03286,14.78252],[121.03286,14.78243],[121.03277,14.78243]]],[[[121.03184,14.78255],[121.03189,14.78251],[121.03184,14.7825],[121.03184,14.78255]]],[[[121.03314,14.78256],[121.03333,14.78247],[121.03314,14.78252],[121.03314,14.78256]]],[[[121.03305,14.78261],[121.0331,14.78265],[121.0331,14.78261],[121.03305,14.78261]]],[[[121.03305,14.7827],[121.033,14.78265],[121.033,14.7827],[121.03305,14.7827]]],[[[121.03152,14.78273],[121.03152,14.78259],[121.03147,14.78273],[121.03152,14.78273]]],[[[121.03286,14.78269],[121.03296,14.78274],[121.03296,14.78269],[121.03286,14.78269]]],[[[121.03286,14.78287],[121.03282,14.78283],[121.03282,14.78287],[121.03286,14.78287]]],[[[121.03286,14.78297],[121.03282,14.78292],[121.03282,14.78296],[121.03286,14.78297]]],[[[121.0324,14.78242],[121.03166,14.78255],[121.03138,14.78291],[121.03277,14.78292],[121.03277,14.78252],[121.0324,14.78242]]],[[[121.0355,14.78353],[121.03588,14.78349],[121.0355,14.78348],[121.0355,14.78353]]],[[[121.03569,14.78362],[121.03546,14.78357],[121.03546,14.78362],[121.03569,14.78362]]],[[[121.03546,14.78348],[121.03527,14.78366],[121.03541,14.78362],[121.03546,14.78348]]],[[[121.03601,14.78367],[121.03601,14.78353],[121.03587,14.78358],[121.03601,14.78367]]],[[[121.0362,14.78363],[121.03611,14.78367],[121.0362,14.78367],[121.0362,14.78363]]],[[[121.03504,14.78371],[121.03504,14.78357],[121.03499,14.78371],[121.03504,14.78371]]],[[[121.03499,14.78375],[121.0349,14.78371],[121.0349,14.78375],[121.03499,14.78375]]],[[[121.03471,14.78398],[121.03466,14.78393],[121.03466,14.78397],[121.03471,14.78398]]],[[[121.0348,14.7838],[121.03489,14.78397],[121.03489,14.7838],[121.0348,14.7838]]],[[[121.03688,14.78508],[121.03684,14.78503],[121.03684,14.78508],[121.03688,14.78508]]],[[[121.03721,14.78504],[121.03693,14.78508],[121.03721,14.78508],[121.03721,14.78504]]],[[[121.03749,14.78508],[121.03739,14.78513],[121.03749,14.78513],[121.03749,14.78508]]],[[[121.03763,14.78513],[121.03758,14.78508],[121.03758,14.78513],[121.03763,14.78513]]]]}}],"properties":{"source":"Project NOAH (DOST)","hazard":"landslide","advisory":null}}