{"type":"FeatureCollection","features":[{"type":"Feature","properties":{"hazard":"storm-surge","level":"low","advisory":"SSA4"},"geometry":{"type":"MultiPolygon","coordinates":[[[[120.97016,14.4465],[120.97025,14.44642],[120.97016,14.44647],[120.97016,14.4465]]],[[[120.97006,14.44659],[120.97006,14.44652],[120.96997,14.44659],[120.97006,14.44659]]],[[[120.96997,14.44668],[120.96997,14.44659],[120.9699,14.44668],[120.96997,14.44668]]],[[[120.97004,14.44858],[120.96995,14.44848],[120.96995,14.44858],[120.97004,14.44858]]],[[[120.97013,14.44894],[120.97004,14.44885],[120.97004,14.44894],[120.97013,14.44894]]],[[[120.97022,14.44921],[120.97013,14.44912],[120.97013,14.44921],[120.97022,14.44921]]],[[[120.96993,14.45092],[120.96984,14.45083],[120.96984,14.45092],[120.96993,14.45092]]],[[[120.97011,14.45138],[120.97002,14.45129],[120.97002,14.45138],[120.97011,14.45138]]],[[[120.9702,14.45183],[120.97011,14.45174],[120.97011,14.45183],[120.9702,14.45183]]],[[[120.96991,14.45318],[120.97,14.45309],[120.96991,14.45309],[120.96991,14.45318]]],[[[120.97009,14.45318],[120.97,14.45327],[120.97009,14.45328],[120.97009,14.45318]]],[[[120.97064,14.45482],[120.97054,14.45473],[120.97054,14.45482],[120.97064,14.45482]]],[[[120.97054,14.45518],[120.97045,14.45509],[120.97045,14.45518],[120.97054,14.45518]]],[[[120.97007,14.45644],[120.96997,14.45635],[120.96997,14.45644],[120.97007,14.45644]]],[[[120.9695,14.45725],[120.96959,14.45734],[120.96959,14.45725],[120.9695,14.45725]]],[[[120.9695,14.45743],[120.96941,14.45734],[120.96941,14.45743],[120.9695,14.45743]]],[[[120.96922,14.45761],[120.96931,14.4577],[120.96931,14.45761],[120.96922,14.45761]]],[[[120.96922,14.45788],[120.96913,14.45769],[120.96912,14.45788],[120.96922,14.45788]]],[[[120.96931,14.45788],[120.96922,14.45797],[120.96931,14.45797],[120.96931,14.45788]]],[[[120.9694,14.45815],[120.96949,14.45806],[120.9694,14.45806],[120.9694,14.45815]]],[[[120.96959,14.45815],[120.96949,14.45824],[120.96959,14.45824],[120.96959,14.45815]]],[[[120.96958,14.45842],[120.96968,14.45833],[120.96958,14.45833],[120.96958,14.45842]]],[[[120.96977,14.45842],[120.96968,14.45851],[120.96977,14.45851],[120.96977,14.45842]]],[[[120.96856,14.45905],[120.96847,14.45886],[120.96837,14.45904],[120.96856,14.45905]]],[[[120.96976,14.45906],[120.96967,14.45896],[120.96967,14.45906],[120.96976,14.45906]]],[[[120.97162,14.45916],[120.97153,14.45907],[120.97152,14.45916],[120.97162,14.45916]]],[[[120.96957,14.45942],[120.96967,14.45951],[120.96967,14.45942],[120.96957,14.45942]]],[[[120.97041,14.4596],[120.97032,14.45951],[120.97031,14.4596],[120.97041,14.4596]]],[[[120.97013,14.45969],[120.97022,14.45978],[120.97022,14.45969],[120.97013,14.45969]]],[[[120.97189,14.4598],[120.9718,14.45962],[120.9718,14.4598],[120.97189,14.4598]]],[[[120.98302,14.45971],[120.98311,14.4598],[120.98311,14.45971],[120.98302,14.45971]]],[[[120.98302,14.45989],[120.98293,14.4598],[120.98292,14.45989],[120.98302,14.45989]]],[[[120.96818,14.45995],[120.96809,14.45985],[120.96809,14.45995],[120.96818,14.45995]]],[[[120.97189,14.46007],[120.9718,14.45998],[120.97179,14.46007],[120.97189,14.46007]]],[[[120.97013,14.45978],[120.96976,14.45978],[120.96948,14.45951],[120.96966,14.46014],[120.97013,14.45978]]],[[[120.97188,14.46034],[120.97198,14.46016],[120.97189,14.46016],[120.97188,14.46034]]],[[[120.98338,14.46044],[120.98329,14.46026],[120.98329,14.46044],[120.98338,14.46044]]],[[[120.97216,14.46043],[120.97198,14.46052],[120.97216,14.46052],[120.97216,14.46043]]],[[[120.98311,14.46016],[120.9832,14.46053],[120.9832,14.46017],[120.98311,14.46016]]],[[[120.97235,14.46061],[120.97225,14.46052],[120.97225,14.46061],[120.97235,14.46061]]],[[[120.98301,14.46062],[120.98292,14.46052],[120.98292,14.46061],[120.98301,14.46062]]],[[[120.98292,14.46071],[120.98283,14.46061],[120.98282,14.4607],[120.98292,14.46071]]],[[[120.9831,14.46062],[120.98301,14.46071],[120.9831,14.46071],[120.9831,14.46062]]],[[[120.98245,14.46079],[120.98236,14.4607],[120.98236,14.46079],[120.98245,14.46079]]],[[[120.97169,14.46088],[120.97216,14.46061],[120.9717,14.4607],[120.97169,14.46088]]],[[[120.98292,14.46089],[120.98282,14.46079],[120.98282,14.46089],[120.98292,14.46089]]],[[[120.9729,14.46089],[120.97299,14.4608],[120.9729,14.4608],[120.9729,14.46089]]],[[[120.97309,14.46089],[120.97299,14.46098],[120.97308,14.46098],[120.97309,14.46089]]],[[[120.98245,14.46106],[120.98236,14.46088],[120.98236,14.46106],[120.98245,14.46106]]],[[[120.98254,14.46106],[120.98273,14.46116],[120.98273,14.46107],[120.98254,14.46106]]],[[[120.9779,14.4612],[120.97781,14.46111],[120.97781,14.4612],[120.9779,14.4612]]],[[[120.98254,14.46124],[120.98245,14.46115],[120.98245,14.46124],[120.98254,14.46124]]],[[[120.97336,14.46144],[120.97345,14.46126],[120.97336,14.46126],[120.97336,14.46144]]],[[[120.97364,14.46153],[120.97345,14.46162],[120.97363,14.46162],[120.97364,14.46153]]],[[[120.98282,14.4617],[120.98272,14.46161],[120.98272,14.4617],[120.98282,14.4617]]],[[[120.97373,14.46162],[120.97363,14.46171],[120.97373,14.46171],[120.97373,14.46162]]],[[[120.974,14.4618],[120.9741,14.46171],[120.97401,14.46171],[120.974,14.4618]]],[[[120.98263,14.46188],[120.98254,14.46152],[120.98254,14.46188],[120.98263,14.46188]]],[[[120.98281,14.46179],[120.983,14.46188],[120.983,14.46179],[120.98281,14.46179]]],[[[120.98272,14.46206],[120.98263,14.46197],[120.98263,14.46206],[120.98272,14.46206]]],[[[120.98346,14.46225],[120.98327,14.46215],[120.98327,14.46224],[120.98346,14.46225]]],[[[120.9741,14.4618],[120.97419,14.46226],[120.97446,14.46226],[120.97447,14.46208],[120.9741,14.4618]]],[[[120.98281,14.46233],[120.98272,14.46224],[120.98272,14.46233],[120.98281,14.46233]]],[[[120.97697,14.46237],[120.97687,14.46228],[120.97687,14.46237],[120.97697,14.46237]]],[[[120.98383,14.46252],[120.98392,14.46243],[120.98383,14.46243],[120.98383,14.46252]]],[[[120.98373,14.46261],[120.98364,14.46252],[120.98364,14.46261],[120.98373,14.46261]]],[[[120.98401,14.46252],[120.98392,14.46261],[120.98401,14.46261],[120.98401,14.46252]]],[[[120.98346,14.46261],[120.98318,14.4627],[120.98346,14.4627],[120.98346,14.46261]]],[[[120.98392,14.46288],[120.98383,14.46279],[120.98382,14.46288],[120.98392,14.46288]]],[[[120.97854,14.46293],[120.97845,14.46284],[120.97845,14.46293],[120.97854,14.46293]]],[[[120.97882,14.46293],[120.97872,14.46284],[120.97872,14.46293],[120.97882,14.46293]]],[[[120.9752,14.46299],[120.97511,14.4629],[120.97511,14.46299],[120.9752,14.46299]]],[[[120.97529,14.46317],[120.97538,14.46299],[120.97529,14.46299],[120.97529,14.46317]]],[[[120.98354,14.46324],[120.98345,14.46315],[120.98345,14.46324],[120.98354,14.46324]]],[[[120.98373,14.46324],[120.98364,14.46315],[120.98364,14.46324],[120.98373,14.46324]]],[[[120.98438,14.46325],[120.98429,14.46307],[120.98429,14.46325],[120.98438,14.46325]]],[[[120.97548,14.46317],[120.97538,14.46326],[120.97547,14.46326],[120.97548,14.46317]]],[[[120.97891,14.46329],[120.97881,14.46311],[120.97881,14.46329],[120.97891,14.46329]]],[[[120.98447,14.46343],[120.98438,14.46334],[120.98438,14.46343],[120.98447,14.46343]]],[[[120.97575,14.46345],[120.97566,14.46335],[120.97566,14.46344],[120.97575,14.46345]]],[[[120.98298,14.46351],[120.98289,14.46342],[120.98289,14.46351],[120.98298,14.46351]]],[[[120.98336,14.46351],[120.98317,14.46342],[120.98317,14.46351],[120.98336,14.46351]]],[[[120.97594,14.46354],[120.97603,14.46345],[120.97594,14.46345],[120.97594,14.46354]]],[[[120.97408,14.46361],[120.97427,14.46352],[120.97408,14.46352],[120.97408,14.46361]]],[[[120.97612,14.46354],[120.97603,14.46363],[120.97612,14.46363],[120.97612,14.46354]]],[[[120.97436,14.46361],[120.97427,14.4637],[120.97436,14.4637],[120.97436,14.46361]]],[[[120.98447,14.46379],[120.98437,14.46361],[120.98437,14.46379],[120.98447,14.46379]]],[[[120.98233,14.46377],[120.98242,14.46386],[120.98243,14.46377],[120.98233,14.46377]]],[[[120.98233,14.46395],[120.98224,14.46386],[120.98224,14.46395],[120.98233,14.46395]]],[[[120.98279,14.46396],[120.9827,14.46378],[120.9827,14.46396],[120.98279,14.46396]]],[[[120.97908,14.46402],[120.97899,14.46383],[120.97899,14.46402],[120.97908,14.46402]]],[[[120.97426,14.46397],[120.97435,14.46407],[120.97436,14.46398],[120.97426,14.46397]]],[[[120.97426,14.46416],[120.97417,14.46406],[120.97417,14.46415],[120.97426,14.46416]]],[[[120.98196,14.46422],[120.98187,14.46413],[120.98187,14.46422],[120.98196,14.46422]]],[[[120.98363,14.46424],[120.98354,14.46414],[120.98353,14.46423],[120.98363,14.46424]]],[[[120.98493,14.46425],[120.98483,14.46416],[120.98483,14.46425],[120.98493,14.46425]]],[[[120.96666,14.46427],[120.96656,14.46418],[120.96656,14.46427],[120.96666,14.46427]]],[[[120.97917,14.46438],[120.97908,14.46429],[120.97908,14.46438],[120.97917,14.46438]]],[[[120.97926,14.46465],[120.97917,14.46456],[120.97917,14.46465],[120.97926,14.46465]]],[[[120.98251,14.46468],[120.9827,14.46459],[120.98251,14.46459],[120.98251,14.46468]]],[[[120.98288,14.46468],[120.98269,14.46477],[120.98288,14.46477],[120.98288,14.46468]]],[[[120.97917,14.46483],[120.97908,14.46474],[120.97908,14.46483],[120.97917,14.46483]]],[[[120.98269,14.46486],[120.9826,14.46477],[120.9826,14.46486],[120.98269,14.46486]]],[[[120.9839,14.46487],[120.98418,14.46496],[120.98418,14.46478],[120.9839,14.46487]]],[[[120.98446,14.46479],[120.98455,14.46497],[120.98455,14.46479],[120.98446,14.46479]]],[[[120.96952,14.46502],[120.96943,14.46493],[120.96943,14.46502],[120.96952,14.46502]]],[[[120.98158,14.46503],[120.98196,14.46449],[120.98186,14.46449],[120.98158,14.46503]]],[[[120.98362,14.46514],[120.98353,14.46505],[120.98353,14.46514],[120.98362,14.46514]]],[[[120.98399,14.46505],[120.98408,14.46514],[120.98408,14.46505],[120.98399,14.46505]]],[[[120.98455,14.46515],[120.98436,14.46496],[120.98436,14.46515],[120.98455,14.46515]]],[[[120.98204,14.46495],[120.98186,14.46521],[120.98204,14.46531],[120.98204,14.46495]]],[[[120.98306,14.46522],[120.98315,14.46532],[120.98315,14.46523],[120.98306,14.46522]]],[[[120.98343,14.46532],[120.98353,14.46523],[120.98343,14.46523],[120.98343,14.46532]]],[[[120.98149,14.46521],[120.9813,14.46539],[120.98148,14.46539],[120.98149,14.46521]]],[[[120.98306,14.46541],[120.98297,14.46531],[120.98297,14.4654],[120.98306,14.46541]]],[[[120.98371,14.46532],[120.98352,14.46541],[120.98371,14.46541],[120.98371,14.46532]]],[[[120.98389,14.46541],[120.98371,14.46505],[120.9838,14.46541],[120.98389,14.46541]]],[[[120.98399,14.46532],[120.98408,14.46541],[120.98408,14.46532],[120.98399,14.46532]]],[[[120.98334,14.4655],[120.98325,14.46541],[120.98324,14.4655],[120.98334,14.4655]]],[[[120.98399,14.4655],[120.98389,14.46541],[120.98389,14.4655],[120.98399,14.4655]]],[[[120.98473,14.46551],[120.98464,14.46542],[120.98464,14.46551],[120.98473,14.46551]]],[[[120.97926,14.46555],[120.97917,14.46537],[120.97916,14.46555],[120.97926,14.46555]]],[[[120.98065,14.46566],[120.98074,14.46557],[120.98065,14.46557],[120.98065,14.46566]]],[[[120.98287,14.46568],[120.98278,14.46549],[120.98278,14.46567],[120.98287,14.46568]]],[[[120.98473,14.46569],[120.98463,14.4656],[120.98463,14.46569],[120.98473,14.46569]]],[[[120.98018,14.46592],[120.98,14.46583],[120.97999,14.46592],[120.98018,14.46592]]],[[[120.98083,14.46593],[120.98065,14.46575],[120.98064,14.46593],[120.98083,14.46593]]],[[[120.98064,14.46602],[120.98055,14.46593],[120.98055,14.46602],[120.98064,14.46602]]],[[[120.98315,14.46586],[120.98343,14.46586],[120.98334,14.46559],[120.98315,14.46586]]],[[[120.98333,14.46604],[120.98324,14.46613],[120.98333,14.46613],[120.98333,14.46604]]],[[[120.98528,14.46624],[120.98519,14.46597],[120.98519,14.46624],[120.98528,14.46624]]],[[[120.98305,14.46631],[120.98296,14.46604],[120.98296,14.46631],[120.98305,14.46631]]],[[[120.98556,14.46633],[120.98546,14.46624],[120.98546,14.46633],[120.98556,14.46633]]],[[[120.97971,14.46646],[120.97999,14.46601],[120.97953,14.46592],[120.97971,14.46646]]],[[[120.98286,14.46649],[120.98277,14.46631],[120.98268,14.46649],[120.98286,14.46649]]],[[[120.96793,14.46654],[120.96784,14.46636],[120.96784,14.46654],[120.96793,14.46654]]],[[[120.9837,14.46677],[120.98379,14.46686],[120.98379,14.46677],[120.9837,14.46677]]],[[[120.9837,14.46695],[120.9836,14.46686],[120.9836,14.46695],[120.9837,14.46695]]],[[[120.97266,14.46703],[120.97257,14.46694],[120.97257,14.46703],[120.97266,14.46703]]],[[[120.98518,14.46705],[120.98509,14.46696],[120.98509,14.46705],[120.98518,14.46705]]],[[[120.98537,14.46687],[120.98546,14.46705],[120.98546,14.46687],[120.98537,14.46687]]],[[[120.98536,14.46714],[120.98527,14.46705],[120.98527,14.46714],[120.98536,14.46714]]],[[[120.98221,14.46721],[120.98202,14.46711],[120.98202,14.4672],[120.98221,14.46721]]],[[[120.9861,14.46724],[120.98601,14.46715],[120.98601,14.46724],[120.9861,14.46724]]],[[[120.97275,14.46731],[120.97266,14.46721],[120.97266,14.4673],[120.97275,14.46731]]],[[[120.9862,14.46733],[120.98629,14.46724],[120.9862,14.46724],[120.9862,14.46733]]],[[[120.98638,14.46733],[120.98629,14.46751],[120.98638,14.46751],[120.98638,14.46733]]],[[[120.98666,14.46751],[120.98675,14.46761],[120.98675,14.46752],[120.98666,14.46751]]],[[[120.98666,14.4677],[120.98656,14.4676],[120.98656,14.46769],[120.98666,14.4677]]],[[[120.98656,14.46779],[120.98647,14.46769],[120.98647,14.46778],[120.98656,14.46779]]],[[[120.9873,14.46779],[120.98721,14.4677],[120.98721,14.46779],[120.9873,14.46779]]],[[[120.9822,14.46784],[120.98211,14.46775],[120.98211,14.46784],[120.9822,14.46784]]],[[[120.98647,14.46787],[120.98638,14.46778],[120.98638,14.46787],[120.98647,14.46787]]],[[[120.99129,14.46755],[120.99138,14.46792],[120.99139,14.46756],[120.99129,14.46755]]],[[[120.98749,14.46815],[120.98739,14.46806],[120.98739,14.46815],[120.98749,14.46815]]],[[[120.98563,14.46823],[120.98554,14.46805],[120.98554,14.46823],[120.98563,14.46823]]],[[[120.9873,14.46824],[120.98712,14.46815],[120.98711,14.46824],[120.9873,14.46824]]],[[[120.9912,14.46828],[120.9911,14.468],[120.99101,14.46828],[120.9912,14.46828]]],[[[120.98433,14.46822],[120.98442,14.46831],[120.98443,14.46822],[120.98433,14.46822]]],[[[120.98702,14.46833],[120.98693,14.46824],[120.98693,14.46833],[120.98702,14.46833]]],[[[120.98433,14.4684],[120.98415,14.46831],[120.98415,14.4684],[120.98433,14.4684]]],[[[120.98415,14.46849],[120.98405,14.4684],[120.98405,14.46849],[120.98415,14.46849]]],[[[120.9911,14.46855],[120.99101,14.46837],[120.99101,14.46855],[120.9911,14.46855]]],[[[120.98405,14.46867],[120.98377,14.46848],[120.98377,14.46866],[120.98405,14.46867]]],[[[120.98795,14.4687],[120.98785,14.46861],[120.98785,14.4687],[120.98795,14.4687]]],[[[120.98674,14.46887],[120.98665,14.46878],[120.98665,14.46887],[120.98674,14.46887]]],[[[120.98145,14.46874],[120.98164,14.46892],[120.98164,14.46874],[120.98145,14.46874]]],[[[120.98154,14.46901],[120.98145,14.46892],[120.98145,14.46901],[120.98154,14.46901]]],[[[120.98423,14.46921],[120.98405,14.46912],[120.98405,14.46921],[120.98423,14.46921]]],[[[120.98608,14.46941],[120.98599,14.46932],[120.98599,14.46941],[120.98608,14.46941]]],[[[120.98451,14.46948],[120.98432,14.4693],[120.98432,14.46948],[120.98451,14.46948]]],[[[120.9858,14.46959],[120.98571,14.46949],[120.98571,14.46959],[120.9858,14.46959]]],[[[120.99137,14.46963],[120.99128,14.46954],[120.99128,14.46963],[120.99137,14.46963]]],[[[120.98089,14.46981],[120.98135,14.46955],[120.98136,14.4691],[120.98089,14.46936],[120.98089,14.46981]]],[[[120.98589,14.47004],[120.9858,14.46995],[120.9858,14.47004],[120.98589,14.47004]]],[[[120.9858,14.47022],[120.98571,14.47013],[120.98571,14.47022],[120.9858,14.47022]]],[[[120.99199,14.47226],[120.9919,14.47217],[120.9919,14.47226],[120.99199,14.47226]]],[[[120.99172,14.47235],[120.99153,14.47226],[120.99153,14.47235],[120.99172,14.47235]]],[[[120.99644,14.47329],[120.99625,14.4732],[120.99625,14.47329],[120.99644,14.47329]]],[[[120.9713,14.47335],[120.97121,14.47326],[120.97121,14.47335],[120.9713,14.47335]]],[[[120.99291,14.47335],[120.99282,14.47326],[120.99282,14.47335],[120.99291,14.47335]]],[[[120.9943,14.47336],[120.99421,14.47327],[120.99421,14.47336],[120.9943,14.47336]]],[[[120.99449,14.47337],[120.9944,14.47327],[120.9944,14.47336],[120.99449,14.47337]]],[[[120.99152,14.47343],[120.99134,14.47334],[120.99133,14.47343],[120.99152,14.47343]]],[[[120.9917,14.47352],[120.99161,14.47343],[120.99161,14.47352],[120.9917,14.47352]]],[[[120.99272,14.47353],[120.99263,14.47344],[120.99263,14.47353],[120.99272,14.47353]]],[[[120.99124,14.47388],[120.99142,14.4737],[120.99124,14.47361],[120.99124,14.47388]]],[[[120.97436,14.4741],[120.97426,14.47401],[120.97426,14.4741],[120.97436,14.4741]]],[[[120.97435,14.47455],[120.97426,14.47446],[120.97426,14.47455],[120.97435,14.47455]]],[[[120.97547,14.47456],[120.97528,14.47447],[120.97528,14.47456],[120.97547,14.47456]]],[[[120.97138,14.4747],[120.97129,14.47461],[120.97129,14.4747],[120.97138,14.4747]]],[[[120.97407,14.47464],[120.97417,14.47473],[120.97417,14.47464],[120.97407,14.47464]]],[[[120.97407,14.47482],[120.97398,14.47473],[120.97398,14.47482],[120.97407,14.47482]]],[[[120.97472,14.47482],[120.97463,14.47473],[120.97463,14.47482],[120.97472,14.47482]]],[[[120.975,14.47482],[120.97491,14.47473],[120.97491,14.47482],[120.975,14.47482]]],[[[120.99679,14.47483],[120.9967,14.47474],[120.9967,14.47483],[120.99679,14.47483]]],[[[120.97398,14.47491],[120.97389,14.47482],[120.97389,14.47491],[120.97398,14.47491]]],[[[120.97453,14.47509],[120.97444,14.475],[120.97444,14.47509],[120.97453,14.47509]]],[[[120.98195,14.47525],[120.98186,14.47506],[120.98186,14.47525],[120.98195,14.47525]]],[[[120.98214,14.47516],[120.98204,14.47525],[120.98214,14.47525],[120.98214,14.47516]]],[[[120.98204,14.47534],[120.98195,14.47525],[120.98195,14.47534],[120.98204,14.47534]]],[[[120.97193,14.47534],[120.97184,14.47525],[120.97184,14.47534],[120.97193,14.47534]]],[[[120.99651,14.47537],[120.99642,14.47528],[120.99642,14.47537],[120.99651,14.47537]]],[[[120.97063,14.47542],[120.97054,14.47533],[120.97054,14.47542],[120.97063,14.47542]]],[[[120.98223,14.47552],[120.98214,14.47534],[120.98213,14.47552],[120.98223,14.47552]]],[[[120.98241,14.47543],[120.98232,14.47552],[120.98241,14.47552],[120.98241,14.47543]]],[[[120.98232,14.47561],[120.98223,14.47552],[120.98223,14.47561],[120.98232,14.47561]]],[[[120.97536,14.47564],[120.97527,14.47573],[120.97536,14.47573],[120.97536,14.47564]]],[[[120.97045,14.47578],[120.97054,14.47569],[120.97045,14.47569],[120.97045,14.47578]]],[[[120.97174,14.47579],[120.97165,14.4757],[120.97165,14.47579],[120.97174,14.47579]]],[[[120.97471,14.47564],[120.97573,14.47555],[120.97518,14.47501],[120.97471,14.47564]]],[[[120.97063,14.47578],[120.97054,14.47587],[120.97063,14.47587],[120.97063,14.47578]]],[[[120.97082,14.47596],[120.97072,14.47587],[120.97072,14.47596],[120.97082,14.47596]]],[[[120.97499,14.476],[120.97508,14.47591],[120.97499,14.47591],[120.97499,14.476]]],[[[120.97091,14.47605],[120.971,14.47597],[120.97091,14.47596],[120.97091,14.47605]]],[[[120.97109,14.47606],[120.971,14.47615],[120.97109,14.47615],[120.97109,14.47606]]],[[[120.97128,14.47624],[120.97118,14.47615],[120.97118,14.47624],[120.97128,14.47624]]],[[[120.9953,14.47626],[120.99548,14.47618],[120.9953,14.47617],[120.9953,14.47626]]],[[[120.99558,14.47627],[120.99548,14.47636],[120.99557,14.47636],[120.99558,14.47627]]],[[[120.97619,14.47637],[120.9761,14.47628],[120.9761,14.47637],[120.97619,14.47637]]],[[[120.97155,14.47642],[120.97146,14.47633],[120.97146,14.47642],[120.97155,14.47642]]],[[[120.99511,14.47644],[120.99502,14.47635],[120.99502,14.47644],[120.99511,14.47644]]],[[[120.97517,14.476],[120.97508,14.47645],[120.97517,14.47645],[120.97517,14.476]]],[[[120.97183,14.4766],[120.97174,14.47651],[120.97174,14.4766],[120.97183,14.4766]]],[[[120.99344,14.47661],[120.99335,14.47652],[120.99335,14.47661],[120.99344,14.47661]]],[[[120.99372,14.47661],[120.99363,14.47652],[120.99362,14.47661],[120.99372,14.47661]]],[[[120.98231,14.4767],[120.9824,14.47652],[120.98231,14.47651],[120.98231,14.4767]]],[[[120.97257,14.47679],[120.97248,14.4767],[120.97248,14.47679],[120.97257,14.47679]]],[[[120.99436,14.4768],[120.99427,14.47671],[120.99427,14.4768],[120.99436,14.4768]]],[[[120.99381,14.4767],[120.99353,14.47679],[120.99381,14.47688],[120.99381,14.4767]]],[[[120.99316,14.47688],[120.99325,14.47697],[120.99325,14.47688],[120.99316,14.47688]]],[[[120.98286,14.47697],[120.98277,14.47688],[120.98277,14.47697],[120.98286,14.47697]]],[[[120.98268,14.47688],[120.9824,14.47697],[120.98231,14.47706],[120.98268,14.47688]]],[[[120.99316,14.47706],[120.99306,14.47697],[120.99306,14.47706],[120.99316,14.47706]]],[[[120.97275,14.47706],[120.97285,14.47698],[120.97275,14.47697],[120.97275,14.47706]]],[[[120.98258,14.47706],[120.98249,14.47715],[120.98258,14.47715],[120.98258,14.47706]]],[[[120.97294,14.47707],[120.97284,14.47716],[120.97294,14.47716],[120.97294,14.47707]]],[[[120.98286,14.47724],[120.98295,14.47715],[120.98286,14.47715],[120.98286,14.47724]]],[[[120.97284,14.47725],[120.97266,14.47715],[120.97266,14.47724],[120.97284,14.47725]]],[[[120.98305,14.47724],[120.98295,14.47733],[120.98305,14.47733],[120.98305,14.47724]]],[[[120.97303,14.47716],[120.97284,14.47734],[120.97312,14.47743],[120.97303,14.47716]]],[[[120.99427,14.47743],[120.99408,14.47734],[120.99408,14.47743],[120.99427,14.47743]]],[[[120.98239,14.4776],[120.9823,14.47742],[120.9823,14.4776],[120.98239,14.4776]]],[[[120.98286,14.4776],[120.98277,14.47751],[120.98276,14.4776],[120.98286,14.4776]]],[[[120.98323,14.47761],[120.98314,14.47752],[120.98314,14.47761],[120.98323,14.47761]]],[[[120.99427,14.47734],[120.99473,14.47789],[120.9951,14.47789],[120.99464,14.47662],[120.99427,14.47734]]],[[[120.99464,14.47725],[120.99482,14.47743],[120.99454,14.47743],[120.99464,14.47725]]],[[[120.9951,14.47807],[120.99519,14.47798],[120.9951,14.47798],[120.9951,14.47807]]],[[[120.99528,14.47807],[120.99519,14.47816],[120.99528,14.47816],[120.99528,14.47807]]],[[[120.99194,14.4784],[120.99185,14.47831],[120.99185,14.4784],[120.99194,14.4784]]],[[[120.99147,14.47858],[120.99138,14.47849],[120.99138,14.47858],[120.99147,14.47858]]],[[[120.99249,14.47859],[120.9924,14.4785],[120.9924,14.47859],[120.99249,14.47859]]],[[[120.99166,14.47867],[120.99157,14.47858],[120.99157,14.47867],[120.99166,14.47867]]],[[[120.99379,14.47914],[120.9937,14.47905],[120.99369,14.47914],[120.99379,14.47914]]],[[[120.99397,14.47923],[120.99388,14.47914],[120.99388,14.47923],[120.99397,14.47923]]],[[[120.99415,14.47969],[120.99406,14.4796],[120.99406,14.47969],[120.99415,14.47969]]],[[[120.99415,14.47996],[120.99406,14.47987],[120.99406,14.47996],[120.99415,14.47996]]],[[[120.98911,14.48308],[120.98884,14.48281],[120.98865,14.48289],[120.98865,14.48308],[120.98911,14.48308]]],[[[120.98921,14.48308],[120.98911,14.48335],[120.9892,14.48335],[120.98921,14.48308]]],[[[120.99114,14.48508],[120.99104,14.48499],[120.99104,14.48508],[120.99114,14.48508]]],[[[120.99169,14.48518],[120.99151,14.48509],[120.99151,14.48518],[120.99169,14.48518]]],[[[120.99067,14.48535],[120.99058,14.48526],[120.99058,14.48535],[120.99067,14.48535]]],[[[120.99169,14.48536],[120.9916,14.48527],[120.9916,14.48536],[120.99169,14.48536]]],[[[120.99058,14.48553],[120.99048,14.48544],[120.99048,14.48553],[120.99058,14.48553]]],[[[120.9902,14.48571],[120.9903,14.4858],[120.9903,14.48571],[120.9902,14.48571]]],[[[120.9902,14.48589],[120.99011,14.4858],[120.99011,14.48589],[120.9902,14.48589]]],[[[120.99141,14.48599],[120.99131,14.4859],[120.99131,14.48599],[120.99141,14.48599]]],[[[120.99131,14.48653],[120.99122,14.48626],[120.99122,14.48653],[120.99131,14.48653]]],[[[120.99121,14.48671],[120.99112,14.48662],[120.99112,14.48671],[120.99121,14.48671]]],[[[120.99696,14.48757],[120.99724,14.48667],[120.99706,14.48667],[120.99696,14.48757]]],[[[120.99121,14.48762],[120.99102,14.48752],[120.99102,14.48761],[120.99121,14.48762]]],[[[120.99223,14.48762],[120.99213,14.48753],[120.99213,14.48762],[120.99223,14.48762]]],[[[120.99733,14.48794],[120.99723,14.48776],[120.99723,14.48794],[120.99733,14.48794]]],[[[120.99222,14.48799],[120.99213,14.48789],[120.99213,14.48798],[120.99222,14.48799]]],[[[120.99723,14.48812],[120.9976,14.48803],[120.99723,14.48803],[120.99723,14.48812]]],[[[120.9977,14.48803],[120.99779,14.48812],[120.99779,14.48803],[120.9977,14.48803]]],[[[120.99769,14.4883],[120.9976,14.48812],[120.9976,14.4883],[120.99769,14.4883]]],[[[120.99779,14.4883],[120.99769,14.48839],[120.99778,14.48839],[120.99779,14.4883]]],[[[120.99732,14.48848],[120.99723,14.4883],[120.99723,14.48848],[120.99732,14.48848]]],[[[120.99769,14.48848],[120.9976,14.48839],[120.9976,14.48848],[120.99769,14.48848]]],[[[120.99203,14.48853],[120.99194,14.48843],[120.99194,14.48853],[120.99203,14.48853]]],[[[120.99203,14.48871],[120.99212,14.4888],[120.99212,14.48871],[120.99203,14.48871]]],[[[120.99064,14.48888],[120.99055,14.48878],[120.99055,14.48887],[120.99064,14.48888]]],[[[120.99203,14.48889],[120.99194,14.4888],[120.99194,14.48889],[120.99203,14.48889]]],[[[120.9976,14.48884],[120.99778,14.48858],[120.9976,14.48857],[120.9976,14.48884]]],[[[120.99797,14.48894],[120.99787,14.48903],[120.99796,14.48903],[120.99797,14.48894]]],[[[120.99824,14.48921],[120.99833,14.4893],[120.99833,14.48921],[120.99824,14.48921]]],[[[120.99796,14.48939],[120.99806,14.48921],[120.99787,14.48921],[120.99796,14.48939]]],[[[120.99824,14.48939],[120.99815,14.4893],[120.99815,14.48939],[120.99824,14.48939]]],[[[120.99815,14.48948],[120.99805,14.48939],[120.99805,14.48948],[120.99815,14.48948]]],[[[120.9988,14.4894],[120.99824,14.48948],[120.9988,14.48949],[120.9988,14.4894]]],[[[120.99824,14.48957],[120.99815,14.48948],[120.99815,14.48957],[120.99824,14.48957]]],[[[120.99851,14.48976],[120.99842,14.48966],[120.99842,14.48976],[120.99851,14.48976]]],[[[120.99898,14.49012],[120.99907,14.49003],[120.99898,14.49003],[120.99898,14.49012]]],[[[120.99063,14.48969],[120.99007,14.48977],[120.98998,14.49014],[120.99044,14.49005],[120.99063,14.48969]]],[[[120.99063,14.49005],[120.99072,14.49014],[120.99072,14.49005],[120.99063,14.49005]]],[[[120.99897,14.4903],[120.99888,14.49021],[120.99888,14.4903],[120.99897,14.4903]]],[[[120.99916,14.49012],[120.99907,14.4903],[120.99916,14.4903],[120.99916,14.49012]]],[[[120.99063,14.49032],[120.99053,14.49014],[120.99053,14.49032],[120.99063,14.49032]]],[[[120.99257,14.49043],[120.99248,14.49034],[120.99248,14.49043],[120.99257,14.49043]]],[[[120.99869,14.49057],[120.9986,14.49048],[120.9986,14.49057],[120.99869,14.49057]]],[[[120.99248,14.49061],[120.99239,14.49052],[120.99239,14.49061],[120.99248,14.49061]]],[[[121.00147,14.49087],[121.00157,14.49078],[121.00147,14.49078],[121.00147,14.49087]]],[[[120.99063,14.48969],[120.99146,14.49006],[120.99164,14.49087],[120.99166,14.48916],[120.9911,14.48906],[120.99063,14.48969]]],[[[120.99128,14.48951],[120.99091,14.4896],[120.99091,14.48942],[120.99128,14.48951]]],[[[120.99146,14.48988],[120.99156,14.48997],[120.99146,14.48997],[120.99146,14.48988]]],[[[120.99238,14.49079],[120.99248,14.49088],[120.99248,14.49079],[120.99238,14.49079]]],[[[120.99275,14.49088],[120.99266,14.49079],[120.99266,14.49088],[120.99275,14.49088]]],[[[120.98997,14.49104],[120.98988,14.49095],[120.98988,14.49104],[120.98997,14.49104]]],[[[120.99238,14.49088],[120.99211,14.49042],[120.99258,14.49007],[120.99193,14.48988],[120.99192,14.49087],[120.99238,14.49088]]],[[[120.99202,14.49015],[120.99193,14.49006],[120.99202,14.49006],[120.99202,14.49015]]],[[[120.99832,14.49111],[120.99823,14.49102],[120.99822,14.49111],[120.99832,14.49111]]],[[[121.00175,14.49087],[121.00156,14.49114],[121.00166,14.49114],[121.00175,14.49087]]],[[[120.98978,14.49113],[120.98988,14.49122],[120.98988,14.49113],[120.98978,14.49113]]],[[[120.9985,14.49129],[120.99841,14.4912],[120.99841,14.49129],[120.9985,14.49129]]],[[[120.98978,14.49131],[120.98969,14.49122],[120.98969,14.49131],[120.98978,14.49131]]],[[[120.99266,14.49133],[120.99257,14.49124],[120.99256,14.49133],[120.99266,14.49133]]],[[[120.99776,14.49147],[120.99767,14.49138],[120.99766,14.49147],[120.99776,14.49147]]],[[[120.99841,14.49147],[120.99831,14.49138],[120.99831,14.49147],[120.99841,14.49147]]],[[[120.99776,14.49165],[120.99738,14.49173],[120.99775,14.49174],[120.99776,14.49165]]],[[[120.99813,14.49174],[120.99803,14.49165],[120.99803,14.49174],[120.99813,14.49174]]],[[[120.9972,14.49173],[120.99729,14.49182],[120.99729,14.49173],[120.9972,14.49173]]],[[[121.00174,14.49186],[121.00193,14.49159],[121.00165,14.49141],[121.00174,14.49186]]],[[[120.9895,14.49194],[120.98941,14.49149],[120.98941,14.49194],[120.9895,14.49194]]],[[[121.00193,14.49186],[121.00183,14.49195],[121.00193,14.49195],[121.00193,14.49186]]],[[[120.99164,14.49087],[120.99145,14.49186],[120.99098,14.49195],[120.99191,14.49187],[120.99164,14.49087]]],[[[120.99173,14.49169],[120.99182,14.49178],[120.99173,14.49178],[120.99173,14.49169]]],[[[121.00202,14.49195],[121.00193,14.49204],[121.00202,14.49205],[121.00202,14.49195]]],[[[120.99061,14.49222],[120.99052,14.49213],[120.99052,14.49222],[120.99061,14.49222]]],[[[120.99219,14.49223],[120.9921,14.49196],[120.99209,14.49223],[120.99219,14.49223]]],[[[120.99719,14.49228],[120.9971,14.49182],[120.9971,14.49227],[120.99719,14.49228]]],[[[120.99775,14.4921],[120.99794,14.49219],[120.99794,14.49201],[120.99775,14.4921]]],[[[120.99033,14.49231],[120.99024,14.49222],[120.99024,14.49231],[120.99033,14.49231]]],[[[120.99135,14.49232],[120.99154,14.49223],[120.99135,14.49223],[120.99135,14.49232]]],[[[120.99729,14.49228],[120.99719,14.49237],[120.99729,14.49237],[120.99729,14.49228]]],[[[120.98996,14.49239],[120.98987,14.4923],[120.98987,14.49239],[120.98996,14.49239]]],[[[120.99126,14.49241],[120.99116,14.49231],[120.99116,14.4924],[120.99126,14.49241]]],[[[120.99163,14.49232],[120.99153,14.49241],[120.99163,14.49241],[120.99163,14.49232]]],[[[120.98829,14.49247],[120.9882,14.49238],[120.98819,14.49247],[120.98829,14.49247]]],[[[120.98931,14.49248],[120.98922,14.49221],[120.98922,14.49248],[120.98931,14.49248]]],[[[120.99107,14.49258],[120.99098,14.4924],[120.99098,14.49258],[120.99107,14.49258]]],[[[120.99775,14.49228],[120.99747,14.49246],[120.99747,14.49255],[120.99775,14.49264],[120.99775,14.49228]]],[[[120.98921,14.49266],[120.98912,14.49257],[120.98912,14.49266],[120.98921,14.49266]]],[[[120.99172,14.49241],[120.99162,14.49268],[120.99172,14.49268],[120.99172,14.49241]]],[[[121.00257,14.4925],[121.00229,14.49268],[121.00257,14.49268],[121.00257,14.4925]]],[[[120.98949,14.49266],[120.98977,14.49248],[120.98949,14.49248],[120.98949,14.49266]]],[[[120.98866,14.49283],[120.98856,14.49274],[120.98856,14.49283],[120.98866,14.49283]]],[[[120.9906,14.49285],[120.99051,14.49276],[120.99051,14.49285],[120.9906,14.49285]]],[[[120.9919,14.49286],[120.992,14.49277],[120.9919,14.49277],[120.9919,14.49286]]],[[[120.99533,14.49289],[120.99524,14.4928],[120.99524,14.49289],[120.99533,14.49289]]],[[[120.99635,14.4929],[120.99626,14.49281],[120.99626,14.4929],[120.99635,14.4929]]],[[[120.98986,14.49275],[120.98967,14.49293],[120.98986,14.49285],[120.98986,14.49275]]],[[[120.99014,14.49303],[120.99005,14.49294],[120.99004,14.49303],[120.99014,14.49303]]],[[[120.99209,14.49286],[120.99199,14.49304],[120.99209,14.49304],[120.99209,14.49286]]],[[[120.997,14.49318],[120.99747,14.49282],[120.99728,14.49255],[120.99719,14.49255],[120.997,14.49318]]],[[[120.99153,14.49277],[120.99171,14.49313],[120.99172,14.49277],[120.99153,14.49277]]],[[[120.99542,14.49307],[120.99552,14.49325],[120.99561,14.49307],[120.99542,14.49307]]],[[[120.98856,14.49329],[120.98865,14.4932],[120.98856,14.4932],[120.98856,14.49329]]],[[[120.98995,14.49294],[120.98976,14.4933],[120.98986,14.4933],[120.98995,14.49294]]],[[[120.99041,14.4933],[120.99032,14.49321],[120.99032,14.4933],[120.99041,14.4933]]],[[[120.99088,14.49322],[120.99097,14.49331],[120.99097,14.49322],[120.99088,14.49322]]],[[[121.00229,14.49313],[121.00266,14.49323],[121.00257,14.49304],[121.00229,14.49313]]],[[[120.99542,14.49334],[120.99533,14.49325],[120.99533,14.49334],[120.99542,14.49334]]],[[[120.98874,14.49329],[120.98865,14.49338],[120.98874,14.49338],[120.98874,14.49329]]],[[[120.99088,14.4934],[120.99078,14.4933],[120.99078,14.4934],[120.99088,14.4934]]],[[[120.99153,14.4934],[120.99134,14.49331],[120.99134,14.4934],[120.99153,14.4934]]],[[[120.99171,14.4934],[120.99162,14.49331],[120.99162,14.4934],[120.99171,14.4934]]],[[[120.9919,14.4934],[120.9919,14.49304],[120.99171,14.49331],[120.9919,14.4934]]],[[[120.99208,14.49323],[120.99199,14.49341],[120.99208,14.49341],[120.99208,14.49323]]],[[[120.99459,14.49343],[120.99449,14.49334],[120.99449,14.49343],[120.99459,14.49343]]],[[[121.00089,14.49348],[121.0008,14.49339],[121.0008,14.49348],[121.00089,14.49348]]],[[[120.99078,14.49349],[120.99069,14.49339],[120.99069,14.49348],[120.99078,14.49349]]],[[[120.98856,14.49356],[120.98846,14.49347],[120.98846,14.49356],[120.98856,14.49356]]],[[[120.997,14.49318],[120.99635,14.49317],[120.99625,14.49362],[120.99635,14.49344],[120.997,14.49318]]],[[[120.98995,14.4933],[120.98985,14.49366],[120.98995,14.49366],[120.98995,14.4933]]],[[[120.99431,14.4937],[120.99421,14.49361],[120.99421,14.4937],[120.99431,14.4937]]],[[[120.99653,14.49363],[120.99635,14.49371],[120.99653,14.49372],[120.99653,14.49363]]],[[[121.00089,14.49357],[121.00098,14.49375],[121.00098,14.49357],[121.00089,14.49357]]],[[[120.99097,14.49349],[120.99115,14.49367],[120.99115,14.49349],[120.99097,14.49349]]],[[[120.99635,14.4938],[120.99625,14.49371],[120.99625,14.4938],[120.99635,14.4938]]],[[[120.98837,14.49383],[120.98828,14.49374],[120.98828,14.49383],[120.98837,14.49383]]],[[[120.99004,14.49384],[120.98995,14.49375],[120.98994,14.49384],[120.99004,14.49384]]],[[[121.00089,14.49384],[121.0008,14.49375],[121.0008,14.49384],[121.00089,14.49384]]],[[[120.99625,14.49389],[120.99616,14.4938],[120.99616,14.49389],[120.99625,14.49389]]],[[[121.0008,14.49393],[121.0007,14.49384],[121.0007,14.49393],[121.0008,14.49393]]],[[[120.99059,14.49394],[120.99078,14.49358],[120.99069,14.49358],[120.99059,14.49394]]],[[[120.99115,14.49394],[120.99106,14.49385],[120.99106,14.49394],[120.99115,14.49394]]],[[[120.98827,14.49401],[120.98818,14.49392],[120.98818,14.49401],[120.98827,14.49401]]],[[[120.9892,14.49401],[120.98911,14.49383],[120.98911,14.49401],[120.9892,14.49401]]],[[[120.98939,14.49402],[120.9893,14.49383],[120.98929,14.49402],[120.98939,14.49402]]],[[[121.00061,14.49402],[121.00052,14.49393],[121.00052,14.49402],[121.00061,14.49402]]],[[[121.00033,14.49402],[121.00042,14.49411],[121.00042,14.49402],[121.00033,14.49402]]],[[[120.98781,14.49418],[120.98772,14.49409],[120.98772,14.49418],[120.98781,14.49418]]],[[[121.00033,14.4942],[121.00024,14.49411],[121.00024,14.4942],[121.00033,14.4942]]],[[[121.00098,14.49421],[121.00089,14.49411],[121.00089,14.4942],[121.00098,14.49421]]],[[[121.00024,14.49429],[121.00014,14.4942],[121.00014,14.49429],[121.00024,14.49429]]],[[[120.99003,14.49429],[120.99031,14.49402],[120.99004,14.49393],[120.99003,14.49429]]],[[[120.99152,14.49431],[120.99143,14.49421],[120.99142,14.4943],[120.99152,14.49431]]],[[[120.99616,14.49389],[120.9957,14.49344],[120.99496,14.49343],[120.99532,14.4938],[120.99477,14.4937],[120.99467,14.49424],[120.99616,14.49389]]],[[[120.99319,14.49441],[120.993,14.49432],[120.993,14.49441],[120.99319,14.49441]]],[[[120.99495,14.49442],[120.99486,14.49433],[120.99486,14.49442],[120.99495,14.49442]]],[[[120.98883,14.49437],[120.98911,14.49419],[120.98883,14.49419],[120.98883,14.49437]]],[[[121.00061,14.49447],[121.00051,14.49438],[121.00051,14.49447],[121.00061,14.49447]]],[[[120.9917,14.49449],[120.99161,14.4944],[120.99161,14.49449],[120.9917,14.49449]]],[[[120.99217,14.49449],[120.99198,14.4944],[120.99198,14.49449],[120.99217,14.49449]]],[[[120.98845,14.49455],[120.98836,14.49437],[120.98836,14.49455],[120.98845,14.49455]]],[[[120.9892,14.49447],[120.9891,14.49456],[120.9892,14.49456],[120.9892,14.49447]]],[[[120.99189,14.49422],[120.99198,14.49404],[120.99152,14.49403],[120.9917,14.49458],[120.99189,14.49422]]],[[[120.99318,14.49459],[120.993,14.4945],[120.993,14.49459],[120.99318,14.49459]]],[[[120.99495,14.49461],[120.99485,14.49451],[120.99485,14.4946],[120.99495,14.49461]]],[[[120.99513,14.4947],[120.99504,14.49461],[120.99504,14.4947],[120.99513,14.4947]]],[[[120.99968,14.49474],[120.99958,14.49465],[120.99958,14.49474],[120.99968,14.49474]]],[[[120.99522,14.49479],[120.99532,14.4947],[120.99522,14.4947],[120.99522,14.49479]]],[[[120.98929,14.49483],[120.9892,14.49465],[120.9891,14.49483],[120.98929,14.49483]]],[[[121.00023,14.49483],[121.00014,14.49474],[121.00014,14.49483],[121.00023,14.49483]]],[[[120.99541,14.49479],[120.99532,14.49488],[120.99541,14.49488],[120.99541,14.49479]]],[[[120.99587,14.4947],[120.99615,14.4948],[120.99615,14.49471],[120.99587,14.4947]]],[[[120.99467,14.49496],[120.99448,14.49469],[120.99448,14.49496],[120.99467,14.49496]]],[[[120.9955,14.49488],[120.99541,14.49497],[120.9955,14.49497],[120.9955,14.49488]]],[[[120.99967,14.49501],[120.99958,14.49492],[120.99958,14.49501],[120.99967,14.49501]]],[[[120.99318,14.49486],[120.99346,14.49495],[120.99346,14.49486],[120.99318,14.49486]]],[[[120.99513,14.49506],[120.99522,14.49488],[120.99494,14.49488],[120.99513,14.49506]]],[[[121.00004,14.4951],[121.00014,14.49492],[121.00005,14.49492],[121.00004,14.4951]]],[[[121.00245,14.49512],[121.00236,14.49503],[121.00236,14.49512],[121.00245,14.49512]]],[[[121.00264,14.49512],[121.00255,14.49503],[121.00255,14.49512],[121.00264,14.49512]]],[[[121.00023,14.4951],[121.00014,14.49519],[121.00023,14.49519],[121.00023,14.4951]]],[[[120.99374,14.49523],[120.99364,14.49514],[120.99364,14.49523],[120.99374,14.49523]]],[[[120.98798,14.49527],[120.98789,14.49518],[120.98789,14.49527],[120.98798,14.49527]]],[[[121.00273,14.49539],[121.00264,14.4953],[121.00264,14.49539],[121.00273,14.49539]]],[[[120.99457,14.49542],[120.99438,14.49532],[120.99438,14.49541],[120.99457,14.49542]]],[[[120.99948,14.49546],[120.99939,14.49537],[120.99939,14.49546],[120.99948,14.49546]]],[[[120.99568,14.49552],[120.9955,14.49542],[120.99549,14.49551],[120.99568,14.49552]]],[[[120.99624,14.49552],[120.99614,14.49543],[120.99614,14.49552],[120.99624,14.49552]]],[[[121.00013,14.49555],[120.99995,14.49546],[120.99995,14.49555],[121.00013,14.49555]]],[[[120.99985,14.49564],[120.99976,14.49555],[120.99976,14.49564],[120.99985,14.49564]]],[[[120.99104,14.49566],[120.99095,14.49557],[120.99095,14.49566],[120.99104,14.49566]]],[[[120.99586,14.4957],[120.99577,14.49561],[120.99577,14.4957],[120.99586,14.4957]]],[[[120.99271,14.49576],[120.99262,14.49558],[120.99262,14.49576],[120.99271,14.49576]]],[[[121.00226,14.49584],[121.00217,14.49575],[121.00217,14.49584],[121.00226,14.49584]]],[[[121.0031,14.49585],[121.00319,14.49576],[121.0031,14.49576],[121.0031,14.49585]]],[[[120.99354,14.49586],[120.99345,14.49577],[120.99345,14.49586],[120.99354,14.49586]]],[[[120.98816,14.4959],[120.98807,14.49581],[120.98807,14.4959],[120.98816,14.4959]]],[[[120.99911,14.49591],[120.99902,14.49582],[120.99902,14.49591],[120.99911,14.49591]]],[[[121.00338,14.49585],[121.00347,14.49594],[121.00347,14.49585],[121.00338,14.49585]]],[[[121.00356,14.49594],[121.00347,14.49603],[121.00356,14.49603],[121.00356,14.49594]]],[[[120.99837,14.49608],[120.99827,14.49599],[120.99827,14.49608],[120.99837,14.49608]]],[[[121.00347,14.49612],[121.00337,14.49603],[121.00337,14.49612],[121.00347,14.49612]]],[[[121.00365,14.49604],[121.00356,14.49612],[121.00365,14.49613],[121.00365,14.49604]]],[[[120.99345,14.49613],[120.99336,14.49604],[120.99336,14.49613],[120.99345,14.49613]]],[[[120.98825,14.49617],[120.98816,14.49599],[120.98816,14.49617],[120.98825,14.49617]]],[[[121.003,14.4963],[121.00319,14.49585],[121.00282,14.4963],[121.003,14.4963]]],[[[120.99271,14.4963],[120.99261,14.49603],[120.99261,14.4963],[120.99271,14.4963]]],[[[120.99401,14.49613],[120.99419,14.49623],[120.99419,14.49604],[120.99401,14.49613]]],[[[120.98835,14.49636],[120.98825,14.49627],[120.98825,14.49636],[120.98835,14.49636]]],[[[121.00022,14.49637],[121.00013,14.49628],[121.00012,14.49637],[121.00022,14.49637]]],[[[121.0004,14.49637],[121.00059,14.49628],[121.0004,14.49628],[121.0004,14.49637]]],[[[121.00152,14.49638],[121.00161,14.49629],[121.00152,14.49629],[121.00152,14.49638]]],[[[121.00402,14.49631],[121.00411,14.4964],[121.00411,14.49631],[121.00402,14.49631]]],[[[120.994,14.4964],[120.99391,14.49631],[120.99391,14.4964],[120.994,14.4964]]],[[[120.99437,14.49641],[120.99428,14.49632],[120.99428,14.49641],[120.99437,14.49641]]],[[[121.00003,14.49646],[120.99985,14.49627],[120.99985,14.49645],[121.00003,14.49646]]],[[[121.00189,14.49629],[121.00207,14.49647],[121.00207,14.49629],[121.00189,14.49629]]],[[[121.00402,14.49649],[121.00393,14.4964],[121.00393,14.49649],[121.00402,14.49649]]],[[[121.00504,14.4965],[121.00513,14.49641],[121.00504,14.49641],[121.00504,14.4965]]],[[[121.00077,14.49637],[121.00068,14.49655],[121.00077,14.49655],[121.00077,14.49637]]],[[[120.99215,14.49657],[120.99206,14.49639],[120.99196,14.49657],[120.99215,14.49657]]],[[[120.994,14.49659],[120.99391,14.49649],[120.99391,14.49658],[120.994,14.49659]]],[[[121.00523,14.4965],[121.00513,14.49659],[121.00522,14.49659],[121.00523,14.4965]]],[[[120.98816,14.49663],[120.98807,14.49653],[120.98806,14.49663],[120.98816,14.49663]]],[[[120.98844,14.49663],[120.98834,14.49654],[120.98834,14.49663],[120.98844,14.49663]]],[[[121.00096,14.49664],[121.00087,14.49655],[121.00086,14.49664],[121.00096,14.49664]]],[[[120.99252,14.49666],[120.99261,14.49675],[120.99261,14.49666],[120.99252,14.49666]]],[[[121.003,14.49684],[121.0029,14.49675],[121.0029,14.49684],[121.003,14.49684]]],[[[121.00532,14.49677],[121.00522,14.49686],[121.00531,14.49686],[121.00532,14.49677]]],[[[121.00189,14.49638],[121.00161,14.49665],[121.00105,14.49674],[121.0017,14.49692],[121.00189,14.49638]]],[[[121.00179,14.49692],[121.0017,14.49701],[121.00179,14.49701],[121.00179,14.49692]]],[[[120.98825,14.49708],[120.98815,14.49699],[120.98815,14.49708],[120.98825,14.49708]]],[[[120.98862,14.49708],[120.98853,14.49699],[120.98852,14.49708],[120.98862,14.49708]]],[[[121.00188,14.4971],[121.00197,14.49702],[121.00188,14.49701],[121.00188,14.4971]]],[[[121.00541,14.49695],[121.00661,14.49678],[121.0055,14.4965],[121.00541,14.49695]]],[[[121.00207,14.49711],[121.00197,14.4972],[121.00207,14.4972],[121.00207,14.49711]]],[[[120.99307,14.49721],[120.99298,14.49712],[120.99298,14.49721],[120.99307,14.49721]]],[[[121.00596,14.49723],[121.00587,14.49714],[121.00587,14.49723],[121.00596,14.49723]]],[[[121.00225,14.4972],[121.00206,14.49729],[121.00225,14.49729],[121.00225,14.4972]]],[[[121.00383,14.4973],[121.00355,14.49712],[121.00346,14.4973],[121.00383,14.4973]]],[[[120.98871,14.49735],[120.98862,14.49717],[120.98861,14.49735],[120.98871,14.49735]]],[[[120.98834,14.49744],[120.98824,14.49735],[120.98824,14.49744],[120.98834,14.49744]]],[[[120.99252,14.49675],[120.99214,14.49675],[120.99205,14.49702],[120.99168,14.49675],[120.9914,14.49692],[120.99205,14.49747],[120.99252,14.49675]]],[[[121.00095,14.49728],[121.00141,14.49755],[121.00169,14.49755],[121.00132,14.49728],[121.00095,14.49728]]],[[[121.00262,14.49756],[121.00336,14.49739],[121.00336,14.49721],[121.00234,14.4972],[121.00262,14.49756]]],[[[121.00188,14.49756],[121.00169,14.49765],[121.00188,14.49765],[121.00188,14.49756]]],[[[120.99204,14.49765],[120.99195,14.49756],[120.99195,14.49765],[120.99204,14.49765]]],[[[121.00522,14.49677],[121.00439,14.49667],[121.00429,14.49767],[121.00476,14.49677],[121.00522,14.49677]]],[[[120.98843,14.49771],[120.98833,14.49762],[120.98833,14.49771],[120.98843,14.49771]]],[[[120.9888,14.49772],[120.9887,14.49762],[120.9887,14.49772],[120.9888,14.49772]]],[[[121.00215,14.49765],[121.00187,14.49774],[121.00215,14.49774],[121.00215,14.49765]]],[[[121.00271,14.49774],[121.0028,14.49765],[121.00271,14.49765],[121.00271,14.49774]]],[[[121.00095,14.49728],[120.99984,14.49718],[120.99946,14.49772],[120.99975,14.49736],[121.00095,14.49728]]],[[[121.00243,14.49774],[121.00215,14.49783],[121.00243,14.49783],[121.00243,14.49774]]],[[[120.99195,14.49783],[120.99186,14.49774],[120.99186,14.49783],[120.99195,14.49783]]],[[[121.00299,14.49775],[121.0028,14.49784],[121.00299,14.49784],[121.00299,14.49775]]],[[[120.99316,14.49784],[120.99306,14.49775],[120.99306,14.49784],[120.99316,14.49784]]],[[[120.98852,14.49798],[120.98842,14.49789],[120.98842,14.49798],[120.98852,14.49798]]],[[[120.99974,14.49781],[120.99965,14.49799],[120.99974,14.49799],[120.99974,14.49781]]],[[[120.98861,14.49817],[120.98852,14.49807],[120.98851,14.49817],[120.98861,14.49817]]],[[[120.98888,14.49826],[120.98879,14.49799],[120.98879,14.49826],[120.98888,14.49826]]],[[[121.00363,14.49829],[121.00317,14.49784],[121.00243,14.49783],[121.00363,14.49829]]],[[[120.99324,14.4983],[120.99315,14.4982],[120.99315,14.4983],[120.99324,14.4983]]],[[[120.9887,14.49835],[120.98861,14.49826],[120.98861,14.49835],[120.9887,14.49835]]],[[[120.99241,14.49847],[120.99232,14.49838],[120.99231,14.49847],[120.99241,14.49847]]],[[[120.99751,14.49851],[120.99742,14.49842],[120.99742,14.49851],[120.99751,14.49851]]],[[[120.99333,14.49857],[120.99324,14.49848],[120.99324,14.49857],[120.99333,14.49857]]],[[[121.00345,14.49793],[121.00437,14.4983],[121.00465,14.49857],[121.00456,14.49821],[121.00391,14.49794],[121.00419,14.49767],[121.00345,14.49793]]],[[[120.99593,14.49859],[120.99584,14.4985],[120.99584,14.49859],[120.99593,14.49859]]],[[[120.99788,14.49861],[120.99779,14.49852],[120.99779,14.49861],[120.99788,14.49861]]],[[[120.99964,14.49853],[121.00011,14.49835],[120.99974,14.49817],[120.99964,14.49853]]],[[[121.00066,14.49863],[121.00057,14.49854],[121.00057,14.49863],[121.00066,14.49863]]],[[[120.98879,14.49871],[120.98888,14.49862],[120.98879,14.49862],[120.98879,14.49871]]],[[[120.99788,14.49879],[120.99779,14.4987],[120.99778,14.49879],[120.99788,14.49879]]],[[[120.99333,14.49884],[120.99324,14.49875],[120.99324,14.49884],[120.99333,14.49884]]],[[[120.99769,14.49888],[120.9976,14.49879],[120.9976,14.49888],[120.99769,14.49888]]],[[[120.98897,14.49871],[120.98888,14.49889],[120.98897,14.49889],[120.98897,14.49871]]],[[[121.00112,14.49891],[121.00103,14.49881],[121.00103,14.4989],[121.00112,14.49891]]],[[[120.99324,14.49902],[120.99315,14.49893],[120.99314,14.49902],[120.99324,14.49902]]],[[[120.99574,14.49913],[120.99528,14.49895],[120.99518,14.49913],[120.99574,14.49913]]],[[[121.00149,14.49918],[121.0014,14.49909],[121.0014,14.49918],[121.00149,14.49918]]],[[[120.99509,14.49922],[120.995,14.49912],[120.995,14.49921],[120.99509,14.49922]]],[[[121.00028,14.49935],[121.00019,14.49926],[121.00019,14.49935],[121.00028,14.49935]]],[[[121.00177,14.49936],[121.00168,14.49927],[121.00167,14.49936],[121.00177,14.49936]]],[[[120.99639,14.49923],[120.99611,14.4994],[120.99639,14.49941],[120.99639,14.49923]]],[[[120.99741,14.49924],[120.9975,14.49942],[120.9975,14.49924],[120.99741,14.49924]]],[[[120.99945,14.49916],[121.0001,14.49917],[120.99945,14.4988],[120.99945,14.49916]]],[[[121.00038,14.49944],[121.00056,14.49935],[121.00038,14.49935],[121.00038,14.49944]]],[[[121.00075,14.49944],[121.00056,14.49953],[121.00075,14.49953],[121.00075,14.49944]]],[[[121.00204,14.49955],[121.00195,14.49945],[121.00195,14.49955],[121.00204,14.49955]]],[[[120.99741,14.4996],[120.99731,14.49942],[120.99731,14.4996],[120.99741,14.4996]]],[[[121.00093,14.49963],[121.00084,14.49954],[121.00084,14.49963],[121.00093,14.49963]]],[[[120.99972,14.49971],[120.99963,14.49962],[120.99963,14.49971],[120.99972,14.49971]]],[[[121.00121,14.49972],[121.00102,14.49963],[121.00102,14.49972],[121.00121,14.49972]]],[[[120.99666,14.49968],[120.99676,14.49959],[120.99648,14.49932],[120.99666,14.49968]]],[[[120.99908,14.49961],[120.99945,14.49943],[120.99899,14.49925],[120.99908,14.49961]]],[[[120.99991,14.4998],[120.99982,14.49971],[120.99982,14.4998],[120.99991,14.4998]]],[[[121.00241,14.49982],[121.00232,14.49973],[121.00232,14.49982],[121.00241,14.49982]]],[[[121.00019,14.49989],[121.00009,14.4998],[121.00009,14.49989],[121.00019,14.49989]]],[[[121.00158,14.4999],[121.00149,14.49981],[121.00148,14.4999],[121.00158,14.4999]]],[[[120.99954,14.4998],[120.99944,14.49998],[120.99954,14.49998],[120.99954,14.4998]]],[[[120.98924,14.49989],[120.98933,14.49998],[120.98933,14.49989],[120.98924,14.49989]]],[[[120.98943,14.49998],[120.98933,14.50007],[120.98942,14.50007],[120.98943,14.49998]]],[[[121.00046,14.49998],[121.00074,14.4999],[121.00047,14.4998],[121.00046,14.49998]]],[[[121.00093,14.50008],[121.00083,14.50017],[121.00093,14.50017],[121.00093,14.50008]]],[[[121.00297,14.50019],[121.00306,14.5001],[121.00297,14.5001],[121.00297,14.50019]]],[[[120.99963,14.49998],[120.99953,14.50025],[120.99963,14.50025],[120.99963,14.49998]]],[[[121.0,14.50025],[120.99991,14.50016],[120.9999,14.50025],[121.0,14.50025]]],[[[121.00102,14.50017],[121.00092,14.50026],[121.00102,14.50026],[121.00102,14.50017]]],[[[120.98924,14.50043],[120.98915,14.49998],[120.98914,14.50043],[120.98924,14.50043]]],[[[121.0012,14.50044],[121.00139,14.50035],[121.0012,14.50035],[121.0012,14.50044]]],[[[121.00148,14.50044],[121.00139,14.50053],[121.00148,14.50054],[121.00148,14.50044]]],[[[121.00315,14.50019],[121.00306,14.50055],[121.00315,14.50055],[121.00315,14.50019]]],[[[120.98979,14.5008],[120.9897,14.50071],[120.9897,14.5008],[120.98979,14.5008]]],[[[120.99916,14.50088],[120.99906,14.50079],[120.99906,14.50088],[120.99916,14.50088]]],[[[120.98932,14.50088],[120.98923,14.5007],[120.98923,14.50088],[120.98932,14.50088]]],[[[120.98979,14.50089],[120.98988,14.50098],[120.98988,14.50089],[120.98979,14.50089]]],[[[120.98979,14.50107],[120.9897,14.50098],[120.98969,14.50107],[120.98979,14.50107]]],[[[120.98941,14.50125],[120.98932,14.50115],[120.98932,14.50124],[120.98941,14.50125]]],[[[120.98997,14.50125],[120.98988,14.50116],[120.98988,14.50125],[120.98997,14.50125]]],[[[120.99869,14.50114],[120.99906,14.50115],[120.99906,14.50106],[120.99869,14.50114]]],[[[120.99944,14.50052],[120.99943,14.50133],[120.99971,14.50124],[120.99944,14.50052]]],[[[120.99897,14.50133],[120.99878,14.50142],[120.99897,14.50142],[120.99897,14.50133]]],[[[120.99943,14.50142],[120.99934,14.50133],[120.99934,14.50142],[120.99943,14.50142]]],[[[120.99934,14.50151],[120.99906,14.50142],[120.99906,14.50151],[120.99934,14.50151]]],[[[120.99006,14.50161],[120.98997,14.50152],[120.98997,14.50161],[120.99006,14.50161]]],[[[120.99804,14.50177],[120.99785,14.50159],[120.99776,14.50177],[120.99804,14.50177]]],[[[120.98959,14.50179],[120.9895,14.5017],[120.9895,14.50179],[120.98959,14.50179]]],[[[120.99729,14.50204],[120.99757,14.50204],[120.99757,14.50195],[120.99729,14.50204]]],[[[120.99813,14.50204],[120.99822,14.50222],[120.99822,14.50204],[120.99813,14.50204]]],[[[120.99748,14.50222],[120.99738,14.50231],[120.99747,14.50231],[120.99748,14.50222]]],[[[120.99812,14.50231],[120.99803,14.50222],[120.99803,14.50231],[120.99812,14.50231]]],[[[120.99794,14.50231],[120.99757,14.5024],[120.99794,14.5024],[120.99794,14.50231]]],[[[120.99042,14.50279],[120.99033,14.5027],[120.99033,14.50279],[120.99042,14.50279]]],[[[120.99849,14.50277],[120.9984,14.50286],[120.99849,14.50286],[120.99849,14.50277]]],[[[120.99051,14.50306],[120.99042,14.50297],[120.99042,14.50306],[120.99051,14.50306]]],[[[120.9984,14.50277],[120.99784,14.50267],[120.99775,14.50312],[120.99793,14.50276],[120.9984,14.50277]]],[[[120.99923,14.50305],[120.99895,14.50313],[120.99923,14.50314],[120.99923,14.50305]]],[[[120.98995,14.50315],[120.98986,14.50306],[120.98986,14.50315],[120.98995,14.50315]]],[[[120.99793,14.50349],[120.99784,14.5034],[120.99783,14.50349],[120.99793,14.50349]]],[[[120.99783,14.50376],[120.99774,14.50367],[120.99774,14.50376],[120.99783,14.50376]]],[[[120.98809,14.50376],[120.988,14.50358],[120.988,14.50376],[120.98809,14.50376]]],[[[120.98985,14.50414],[120.98994,14.50423],[120.98994,14.50414],[120.98985,14.50414]]],[[[120.99069,14.50415],[120.99078,14.50424],[120.99078,14.50415],[120.99069,14.50415]]],[[[120.99069,14.50424],[120.99032,14.50414],[120.99022,14.50396],[120.99031,14.50433],[120.99069,14.50424]]],[[[120.98874,14.50431],[120.98864,14.50449],[120.98874,14.50449],[120.98874,14.50431]]],[[[120.98883,14.50449],[120.98873,14.50476],[120.98883,14.50476],[120.98883,14.50449]]],[[[120.99022,14.50451],[120.98948,14.50432],[120.98938,14.50468],[120.99022,14.50451]]],[[[120.9904,14.50496],[120.99031,14.50478],[120.99031,14.50496],[120.9904,14.50496]]],[[[120.9956,14.505],[120.9955,14.50491],[120.9955,14.505],[120.9956,14.505]]],[[[120.98799,14.50485],[120.98762,14.50484],[120.98799,14.50503],[120.98799,14.50485]]],[[[120.98864,14.50431],[120.98828,14.50386],[120.9879,14.50458],[120.98817,14.50503],[120.98864,14.50494],[120.98818,14.50467],[120.98864,14.50431]]],[[[120.98752,14.50512],[120.98771,14.50521],[120.98771,14.50512],[120.98752,14.50512]]],[[[120.98993,14.5055],[120.98984,14.50541],[120.98984,14.5055],[120.98993,14.5055]]],[[[120.99031,14.50523],[120.99003,14.50541],[120.9903,14.5055],[120.99031,14.50523]]],[[[120.98696,14.50574],[120.98706,14.50565],[120.98696,14.50565],[120.98696,14.50574]]],[[[120.98715,14.50593],[120.98705,14.50583],[120.98696,14.50592],[120.98715,14.50593]]],[[[120.98677,14.50601],[120.98668,14.50592],[120.98668,14.50601],[120.98677,14.50601]]],[[[120.98696,14.50601],[120.98687,14.50592],[120.98687,14.50601],[120.98696,14.50601]]],[[[120.98816,14.50611],[120.98807,14.50602],[120.98807,14.50611],[120.98816,14.50611]]],[[[120.98491,14.5069],[120.9851,14.50672],[120.98482,14.50672],[120.98491,14.5069]]],[[[120.98797,14.50729],[120.98787,14.50738],[120.98797,14.50738],[120.98797,14.50729]]],[[[120.98751,14.5071],[120.9877,14.50665],[120.98714,14.50638],[120.98732,14.50728],[120.98788,14.50729],[120.98751,14.5071]]],[[[120.99845,14.50756],[120.99836,14.50738],[120.99835,14.50756],[120.99845,14.50756]]],[[[120.99993,14.50739],[121.00077,14.50722],[121.00086,14.50695],[120.99993,14.50739]]],[[[120.99103,14.50758],[120.99067,14.50632],[120.99011,14.5064],[120.99058,14.50586],[120.98984,14.50568],[120.99047,14.50758],[120.99103,14.50758]]],[[[120.99066,14.50695],[120.99048,14.50686],[120.99066,14.50686],[120.99066,14.50695]]],[[[120.99048,14.50668],[120.99039,14.50659],[120.99048,14.50659],[120.99048,14.50668]]],[[[120.99808,14.50765],[120.99798,14.50755],[120.99798,14.50764],[120.99808,14.50765]]],[[[120.98769,14.50756],[120.98778,14.50765],[120.98778,14.50756],[120.98769,14.50756]]],[[[120.9786,14.50766],[120.9785,14.50757],[120.9785,14.50766],[120.9786,14.50766]]],[[[120.99993,14.50766],[120.99975,14.50748],[120.99975,14.50766],[120.99993,14.50766]]],[[[120.99863,14.50774],[120.99845,14.50765],[120.99845,14.50774],[120.99863,14.50774]]],[[[120.99974,14.50775],[120.99956,14.50757],[120.99956,14.50775],[120.99974,14.50775]]],[[[120.98694,14.50782],[120.98676,14.50755],[120.98667,14.50773],[120.98694,14.50782]]],[[[121.00104,14.50794],[121.00095,14.50785],[121.00095,14.50794],[121.00104,14.50794]]],[[[121.00132,14.50794],[121.00123,14.50776],[121.00123,14.50794],[121.00132,14.50794]]],[[[120.98444,14.50798],[120.98425,14.50789],[120.98425,14.50798],[120.98444,14.50798]]],[[[120.98611,14.50781],[120.98629,14.50791],[120.98629,14.50782],[120.98611,14.50781]]],[[[120.98815,14.50756],[120.9875,14.50783],[120.98796,14.5081],[120.98815,14.50756]]],[[[120.999,14.5081],[120.99891,14.50801],[120.99891,14.5081],[120.999,14.5081]]],[[[120.99946,14.50811],[120.99937,14.50775],[120.99937,14.50811],[120.99946,14.50811]]],[[[120.98221,14.50814],[120.98249,14.50787],[120.98221,14.50805],[120.98221,14.50814]]],[[[120.99807,14.50819],[120.99816,14.5081],[120.99807,14.5081],[120.99807,14.50819]]],[[[120.99965,14.50793],[120.99955,14.5082],[120.99965,14.5082],[120.99965,14.50793]]],[[[121.00095,14.50821],[121.00085,14.50812],[121.00085,14.50821],[121.00095,14.50821]]],[[[120.99826,14.50819],[120.99816,14.50828],[120.99826,14.50828],[120.99826,14.50819]]],[[[120.98202,14.50832],[120.98193,14.50814],[120.98184,14.50832],[120.98202,14.50832]]],[[[121.00011,14.50857],[121.00002,14.50848],[121.00002,14.50857],[121.00011,14.50857]]],[[[120.99825,14.50864],[120.99835,14.50846],[120.99825,14.50846],[120.99825,14.50864]]],[[[120.99343,14.50869],[120.99324,14.5086],[120.99324,14.50869],[120.99343,14.50869]]],[[[120.9938,14.50869],[120.99371,14.5086],[120.99371,14.50869],[120.9938,14.50869]]],[[[120.99844,14.50864],[120.99834,14.50873],[120.99844,14.50873],[120.99844,14.50864]]],[[[120.99955,14.50865],[120.99992,14.50856],[120.99955,14.50829],[120.99955,14.50865]]],[[[120.99853,14.50873],[120.99844,14.50882],[120.99853,14.50882],[120.99853,14.50873]]],[[[120.99992,14.50911],[120.99983,14.50893],[120.99983,14.50911],[120.99992,14.50911]]],[[[120.99148,14.50913],[120.99138,14.50921],[120.99148,14.50922],[120.99148,14.50913]]],[[[120.98823,14.50928],[120.98814,14.50919],[120.98814,14.50928],[120.98823,14.50928]]],[[[120.9989,14.50919],[120.99955,14.50874],[120.99862,14.50864],[120.9989,14.50919]]],[[[120.99036,14.5093],[120.99027,14.50921],[120.99027,14.5093],[120.99036,14.5093]]],[[[120.99871,14.50928],[120.9988,14.50937],[120.9988,14.50928],[120.99871,14.50928]]],[[[120.99871,14.50946],[120.99862,14.50937],[120.99862,14.50946],[120.99871,14.50946]]],[[[120.99889,14.50946],[120.99899,14.50928],[120.9989,14.50928],[120.99889,14.50946]]],[[[120.99982,14.50938],[120.99991,14.50947],[120.99992,14.50938],[120.99982,14.50938]]],[[[120.9898,14.50938],[120.99027,14.50893],[120.98944,14.50848],[120.98944,14.50911],[120.9898,14.50938]]],[[[120.98164,14.5094],[120.98173,14.50949],[120.98173,14.5094],[120.98164,14.5094]]],[[[120.98294,14.5095],[120.98313,14.50923],[120.98285,14.50914],[120.98294,14.5095]]],[[[120.99908,14.50946],[120.99899,14.50955],[120.99908,14.50955],[120.99908,14.50946]]],[[[120.9911,14.50939],[120.99092,14.50948],[120.9911,14.50957],[120.9911,14.50939]]],[[[120.99982,14.50965],[120.99954,14.50956],[120.99954,14.50965],[120.99982,14.50965]]],[[[120.99954,14.50974],[120.99936,14.50964],[120.99936,14.50973],[120.99954,14.50974]]],[[[120.99054,14.50975],[120.99036,14.50966],[120.99036,14.50975],[120.99054,14.50975]]],[[[120.99037,14.50866],[120.99055,14.50957],[120.99091,14.50975],[120.99073,14.5093],[120.99138,14.50912],[120.99111,14.50813],[120.99037,14.50866]]],[[[120.99101,14.50894],[120.99083,14.50885],[120.99102,14.50885],[120.99101,14.50894]]],[[[120.98173,14.50967],[120.98145,14.50958],[120.98145,14.50976],[120.98173,14.50967]]],[[[120.99509,14.5097],[120.99518,14.50952],[120.99491,14.50952],[120.9949,14.50979],[120.99509,14.5097]]],[[[120.99759,14.50981],[120.9975,14.50972],[120.9975,14.50981],[120.99759,14.50981]]],[[[120.99082,14.50984],[120.99064,14.50975],[120.99064,14.50984],[120.99082,14.50984]]],[[[120.98999,14.50993],[120.98989,14.50974],[120.98989,14.50992],[120.98999,14.50993]]],[[[120.99156,14.51012],[120.99119,14.50966],[120.99137,14.51012],[120.99156,14.51012]]],[[[120.9898,14.5102],[120.98989,14.51011],[120.9898,14.5101],[120.9898,14.5102]]],[[[120.97931,14.51029],[120.97959,14.51011],[120.97932,14.5102],[120.97931,14.51029]]],[[[120.97996,14.51029],[120.97987,14.5102],[120.97987,14.51029],[120.97996,14.51029]]],[[[120.97783,14.51045],[120.97774,14.51036],[120.97774,14.51045],[120.97783,14.51045]]],[[[120.99091,14.51039],[120.99165,14.51021],[120.99091,14.51029],[120.99091,14.51039]]],[[[120.9807,14.51057],[120.98061,14.51048],[120.98061,14.51057],[120.9807,14.51057]]],[[[120.99184,14.51048],[120.99174,14.51057],[120.99183,14.51057],[120.99184,14.51048]]],[[[120.98154,14.5104],[120.98163,14.51058],[120.98163,14.5104],[120.98154,14.5104]]],[[[120.99185,14.50904],[120.99175,14.50949],[120.99221,14.51058],[120.99212,14.50976],[120.99185,14.50904]]],[[[120.98209,14.51058],[120.982,14.5104],[120.982,14.51058],[120.98209,14.51058]]],[[[120.98052,14.51066],[120.98043,14.51057],[120.98042,14.51066],[120.98052,14.51066]]],[[[120.98154,14.51067],[120.98135,14.51057],[120.98135,14.51066],[120.98154,14.51067]]],[[[120.99499,14.51078],[120.9949,14.51051],[120.99489,14.51078],[120.99499,14.51078]]],[[[120.98989,14.5102],[120.98998,14.51083],[120.99063,14.51083],[120.99045,14.51002],[120.98989,14.5102]]],[[[120.97727,14.51072],[120.97708,14.51081],[120.97727,14.5109],[120.97727,14.51072]]],[[[120.97857,14.51109],[120.97847,14.51091],[120.97847,14.51109],[120.97857,14.51109]]],[[[120.99202,14.51112],[120.99192,14.51121],[120.99201,14.51121],[120.99202,14.51112]]],[[[120.99118,14.5112],[120.99127,14.51129],[120.99127,14.5112],[120.99118,14.5112]]],[[[120.99192,14.51112],[120.99174,14.51066],[120.99091,14.51048],[120.99146,14.51129],[120.99192,14.51112]]],[[[120.99118,14.51075],[120.99109,14.51066],[120.99118,14.51066],[120.99118,14.51075]]],[[[120.99554,14.51133],[120.99535,14.51124],[120.99535,14.51133],[120.99554,14.51133]]],[[[120.97754,14.51135],[120.97745,14.51126],[120.97745,14.51135],[120.97754,14.51135]]],[[[120.99146,14.51138],[120.99136,14.51129],[120.99136,14.51138],[120.99146,14.51138]]],[[[120.99118,14.51147],[120.99109,14.51129],[120.99108,14.51147],[120.99118,14.51147]]],[[[120.9921,14.51148],[120.9922,14.51139],[120.99211,14.51139],[120.9921,14.51148]]],[[[120.98904,14.51136],[120.98932,14.51155],[120.98932,14.51128],[120.98904,14.51136]]],[[[120.99257,14.51157],[120.99247,14.51175],[120.99257,14.51176],[120.99257,14.51157]]],[[[120.99201,14.51184],[120.99192,14.51175],[120.99192,14.51184],[120.99201,14.51184]]],[[[120.99127,14.51192],[120.99117,14.51183],[120.99117,14.51192],[120.99127,14.51192]]],[[[120.99164,14.51193],[120.99145,14.51184],[120.99145,14.51193],[120.99164,14.51193]]],[[[121.0023,14.51193],[121.00221,14.51184],[121.00221,14.51193],[121.0023,14.51193]]],[[[121.00036,14.512],[121.00026,14.51182],[121.00026,14.512],[121.00036,14.512]]],[[[120.9908,14.51201],[120.99071,14.51192],[120.99071,14.51201],[120.9908,14.51201]]],[[[120.99099,14.51201],[120.99089,14.51192],[120.99089,14.51201],[120.99099,14.51201]]],[[[120.99507,14.51205],[120.99525,14.51196],[120.99507,14.51196],[120.99507,14.51205]]],[[[120.99136,14.51211],[120.99127,14.51201],[120.99126,14.51211],[120.99136,14.51211]]],[[[120.99553,14.51214],[120.99544,14.51205],[120.99544,14.51214],[120.99553,14.51214]]],[[[120.99553,14.51196],[120.99572,14.51214],[120.99572,14.51196],[120.99553,14.51196]]],[[[120.99507,14.51223],[120.99497,14.51214],[120.99497,14.51223],[120.99507,14.51223]]],[[[120.99562,14.51223],[120.99553,14.51214],[120.99553,14.51223],[120.99562,14.51223]]],[[[120.99534,14.51232],[120.99525,14.51223],[120.99516,14.51232],[120.99534,14.51232]]],[[[120.99061,14.51246],[120.99071,14.51237],[120.99061,14.51237],[120.99061,14.51246]]],[[[120.99237,14.51248],[120.99247,14.51221],[120.99238,14.51221],[120.99237,14.51248]]],[[[120.9908,14.51246],[120.9907,14.51255],[120.9908,14.51255],[120.9908,14.51246]]],[[[120.99256,14.51248],[120.99247,14.51257],[120.99256,14.51257],[120.99256,14.51248]]],[[[120.99117,14.51256],[120.99089,14.51264],[120.99117,14.51265],[120.99117,14.51256]]],[[[120.99265,14.51257],[120.99256,14.51266],[120.99265,14.51266],[120.99265,14.51257]]],[[[120.99135,14.51283],[120.99126,14.51274],[120.99126,14.51283],[120.99135,14.51283]]],[[[120.99116,14.51292],[120.99107,14.51283],[120.99107,14.51292],[120.99116,14.51292]]],[[[120.99126,14.51238],[120.99209,14.51302],[120.99228,14.51257],[120.99126,14.51238]]],[[[120.99636,14.51296],[120.99589,14.51314],[120.99636,14.51314],[120.99636,14.51296]]],[[[120.99107,14.51346],[120.99097,14.51337],[120.99097,14.51346],[120.99107,14.51346]]],[[[120.99561,14.5135],[120.99552,14.51341],[120.99552,14.5135],[120.99561,14.5135]]],[[[121.00164,14.51355],[121.00155,14.51346],[121.00155,14.51355],[121.00164,14.51355]]],[[[120.99236,14.51374],[120.99227,14.51365],[120.99227,14.51374],[120.99236,14.51374]]],[[[120.99116,14.51391],[120.99106,14.51382],[120.99106,14.51391],[120.99116,14.51391]]],[[[120.99477,14.51394],[120.99468,14.51367],[120.99459,14.51385],[120.99477,14.51394]]],[[[120.99125,14.51409],[120.99115,14.514],[120.99115,14.51409],[120.99125,14.51409]]],[[[121.00024,14.51453],[121.00015,14.51444],[121.00015,14.51453],[121.00024,14.51453]]],[[[121.00089,14.51454],[121.0008,14.51445],[121.0008,14.51454],[121.00089,14.51454]]],[[[120.99106,14.51445],[120.99078,14.51454],[120.99106,14.51454],[120.99106,14.51445]]],[[[120.99579,14.51467],[120.9956,14.51449],[120.9956,14.51467],[120.99579,14.51467]]],[[[120.99597,14.51459],[120.99606,14.51468],[120.99607,14.51459],[120.99597,14.51459]]],[[[120.99597,14.51477],[120.99588,14.51468],[120.99588,14.51477],[120.99597,14.51477]]],[[[120.99634,14.51477],[120.99625,14.51459],[120.99625,14.51477],[120.99634,14.51477]]],[[[120.99987,14.5148],[120.99977,14.51471],[120.99977,14.5148],[120.99987,14.5148]]],[[[120.99068,14.5149],[120.99059,14.51481],[120.99059,14.5149],[120.99068,14.5149]]],[[[120.99606,14.51495],[120.99597,14.51486],[120.99597,14.51495],[120.99606,14.51495]]],[[[120.99625,14.51495],[120.99616,14.51486],[120.99615,14.51495],[120.99625,14.51495]]],[[[120.99866,14.51488],[120.99894,14.51497],[120.99894,14.51488],[120.99866,14.51488]]],[[[120.99866,14.51506],[120.99857,14.51497],[120.99857,14.51506],[120.99866,14.51506]]],[[[121.00107,14.51508],[121.00098,14.51499],[121.00098,14.51508],[121.00107,14.51508]]],[[[121.00079,14.51517],[121.0007,14.51508],[121.0007,14.51517],[121.00079,14.51517]]],[[[120.98817,14.51524],[120.98808,14.51497],[120.98799,14.51524],[120.98817,14.51524]]],[[[120.98845,14.51515],[120.98836,14.51524],[120.98845,14.51524],[120.98845,14.51515]]],[[[120.9956,14.51494],[120.99578,14.51522],[120.99578,14.51486],[120.9956,14.51494]]],[[[120.9878,14.51524],[120.9879,14.51533],[120.9879,14.51524],[120.9878,14.51524]]],[[[120.98855,14.51524],[120.98845,14.51533],[120.98855,14.51534],[120.98855,14.51524]]],[[[120.99968,14.51525],[120.99995,14.51534],[120.99996,14.51525],[120.99968,14.51525]]],[[[120.9878,14.51542],[120.98771,14.51533],[120.98771,14.51542],[120.9878,14.51542]]],[[[120.98873,14.51543],[120.98864,14.51534],[120.98864,14.51543],[120.98873,14.51543]]],[[[120.99968,14.51543],[120.99958,14.51534],[120.99958,14.51543],[120.99968,14.51543]]],[[[121.00107,14.51544],[121.00097,14.51535],[121.00097,14.51544],[121.00107,14.51544]]],[[[120.99216,14.51546],[120.99207,14.51537],[120.99207,14.51546],[120.99216,14.51546]]],[[[120.98901,14.51552],[120.98892,14.51543],[120.98891,14.51552],[120.98901,14.51552]]],[[[121.0007,14.51544],[121.00079,14.51553],[121.00079,14.51544],[121.0007,14.51544]]],[[[120.99504,14.51557],[120.99522,14.51539],[120.99495,14.51539],[120.99504,14.51557]]],[[[120.99884,14.5156],[120.99875,14.51551],[120.99875,14.5156],[120.99884,14.5156]]],[[[121.00023,14.51525],[121.00051,14.51562],[121.00042,14.51508],[121.00023,14.51525]]],[[[121.00069,14.51562],[121.0006,14.51553],[121.0006,14.51562],[121.00069,14.51562]]],[[[120.99578,14.51549],[120.99605,14.51576],[120.99597,14.5154],[120.99578,14.51549]]],[[[121.00023,14.5158],[121.00014,14.51562],[121.00014,14.5158],[121.00023,14.5158]]],[[[120.9955,14.51585],[120.99541,14.51576],[120.9954,14.51585],[120.9955,14.51585]]],[[[120.99568,14.51585],[120.99559,14.51576],[120.99559,14.51585],[120.99568,14.51585]]],[[[120.99587,14.51585],[120.99578,14.51576],[120.99578,14.51585],[120.99587,14.51585]]],[[[120.9878,14.51587],[120.98771,14.51578],[120.98771,14.51587],[120.9878,14.51587]]],[[[120.98854,14.51579],[120.98863,14.51588],[120.98863,14.51579],[120.98854,14.51579]]],[[[121.00051,14.5158],[121.0006,14.51589],[121.0006,14.51571],[121.00051,14.5158]]],[[[121.00079,14.5158],[121.00088,14.51589],[121.00088,14.5158],[121.00079,14.5158]]],[[[120.99503,14.51593],[120.99494,14.51584],[120.99494,14.51593],[120.99503,14.51593]]],[[[120.99633,14.51594],[120.99652,14.51567],[120.99615,14.51567],[120.99633,14.51594]]],[[[120.98854,14.51597],[120.98835,14.51588],[120.98835,14.51597],[120.98854,14.51597]]],[[[121.00078,14.51598],[121.00069,14.51589],[121.00069,14.51598],[121.00078,14.51598]]],[[[120.99485,14.51602],[120.99475,14.51593],[120.99475,14.51602],[120.99485,14.51602]]],[[[120.99624,14.51603],[120.99615,14.51594],[120.99615,14.51603],[120.99624,14.51603]]],[[[120.998,14.51569],[120.99865,14.51605],[120.99865,14.51596],[120.998,14.51569]]],[[[120.99874,14.51587],[120.99884,14.51606],[120.99884,14.51588],[120.99874,14.51587]]],[[[120.99818,14.51614],[120.998,14.51605],[120.998,14.51614],[120.99818,14.51614]]],[[[120.99874,14.51615],[120.99865,14.51605],[120.99865,14.51614],[120.99874,14.51615]]],[[[120.99466,14.51629],[120.99457,14.51611],[120.99457,14.51629],[120.99466,14.51629]]],[[[120.98789,14.51632],[120.98798,14.51614],[120.98789,14.51614],[120.98789,14.51632]]],[[[120.98817,14.51615],[120.98826,14.51633],[120.98826,14.51615],[120.98817,14.51615]]],[[[120.98816,14.51642],[120.98798,14.51632],[120.98798,14.51641],[120.98816,14.51642]]],[[[121.00069,14.51643],[121.00078,14.51625],[121.00069,14.51625],[121.00069,14.51643]]],[[[120.99475,14.51647],[120.99466,14.51638],[120.99466,14.51647],[120.99475,14.51647]]],[[[120.99503,14.51648],[120.99494,14.51638],[120.99494,14.51647],[120.99503,14.51648]]],[[[120.99939,14.51615],[120.99883,14.51633],[120.99985,14.51661],[120.9994,14.51534],[120.99902,14.51561],[120.99939,14.51615]]],[[[120.99967,14.51615],[120.99958,14.51624],[120.99967,14.51624],[120.99967,14.51615]]],[[[120.99948,14.51615],[120.99958,14.51597],[120.99949,14.51597],[120.99948,14.51615]]],[[[121.00106,14.51653],[121.00078,14.51661],[121.00106,14.51662],[121.00106,14.51653]]],[[[121.00133,14.51662],[121.00152,14.51644],[121.00124,14.51644],[121.00133,14.51662]]],[[[120.99725,14.51677],[120.99716,14.51667],[120.99716,14.51676],[120.99725,14.51677]]],[[[121.00133,14.5168],[121.00124,14.51671],[121.00124,14.5168],[121.00133,14.5168]]],[[[120.99484,14.51684],[120.99493,14.51666],[120.99484,14.51665],[120.99484,14.51684]]],[[[120.99697,14.51685],[120.99688,14.51676],[120.99688,14.51685],[120.99697,14.51685]]],[[[120.99818,14.51686],[120.99809,14.51677],[120.99809,14.51686],[120.99818,14.51686]]],[[[120.99493,14.51684],[120.9953,14.51693],[120.99605,14.51685],[120.99614,14.51621],[120.99493,14.51684]]],[[[121.00124,14.51698],[121.00133,14.51689],[121.00124,14.51689],[121.00124,14.51698]]],[[[120.99104,14.51689],[120.99131,14.51699],[120.99131,14.5168],[120.99085,14.51671],[120.99104,14.51689]]],[[[121.00161,14.51698],[121.00133,14.51707],[121.00161,14.51707],[121.00161,14.51698]]],[[[121.00022,14.51715],[121.00003,14.51706],[121.00003,14.51715],[121.00022,14.51715]]],[[[120.9991,14.51714],[120.99864,14.51723],[120.9991,14.51723],[120.9991,14.51714]]],[[[120.99957,14.51724],[120.99938,14.51705],[120.9992,14.51723],[120.99957,14.51724]]],[[[120.99984,14.51724],[120.99966,14.51715],[120.99966,14.51724],[120.99984,14.51724]]],[[[121.0004,14.51724],[121.00031,14.51715],[121.00031,14.51724],[121.0004,14.51724]]],[[[120.99279,14.51727],[120.99318,14.51537],[120.99309,14.51574],[120.99253,14.51528],[120.99235,14.51564],[120.99179,14.51545],[120.99254,14.5141],[120.99282,14.51474],[120.99274,14.51356],[120.99124,14.51436],[120.9917,14.51482],[120.99133,14.51536],[120.99159,14.51699],[120.99187,14.51726],[120.99224,14.51726],[120.99196,14.51681],[120.9928,14.51673],[120.99233,14.51727],[120.99279,14.51727]]],[[[120.99252,14.51645],[120.99225,14.51573],[120.99244,14.51573],[120.99252,14.51645]]],[[[120.99308,14.5161],[120.99299,14.51592],[120.99309,14.51592],[120.99308,14.5161]]],[[[120.99226,14.51428],[120.99217,14.51446],[120.99226,14.51446],[120.99226,14.51428]]],[[[120.99199,14.51428],[120.99217,14.51419],[120.99199,14.51419],[120.99199,14.51428]]],[[[120.99264,14.51401],[120.99255,14.51392],[120.99264,14.51392],[120.99264,14.51401]]],[[[121.00049,14.51724],[121.00087,14.51707],[121.00049,14.51715],[121.00049,14.51724]]],[[[120.99576,14.5172],[120.9965,14.5173],[120.9966,14.51685],[120.99576,14.5172]]],[[[121.00077,14.51743],[121.00068,14.51734],[121.00068,14.51743],[121.00077,14.51743]]],[[[120.99622,14.51748],[120.99613,14.51739],[120.99613,14.51748],[120.99622,14.51748]]],[[[120.99984,14.51751],[120.99994,14.51733],[120.99984,14.51733],[120.99984,14.51751]]],[[[121.00068,14.51752],[121.00031,14.51742],[121.00031,14.51751],[121.00068,14.51752]]],[[[121.00105,14.51743],[121.00114,14.51752],[121.00114,14.51743],[121.00105,14.51743]]],[[[121.00003,14.51751],[120.99993,14.5176],[121.00003,14.5176],[121.00003,14.51751]]],[[[120.99168,14.51771],[120.99186,14.51762],[120.99168,14.51762],[120.99168,14.51771]]],[[[121.00104,14.51797],[121.00096,14.51752],[121.00095,14.51797],[121.00104,14.51797]]],[[[120.99186,14.51771],[120.99223,14.51799],[120.9927,14.5179],[120.9927,14.51772],[120.99186,14.51771]]],[[[120.9965,14.51784],[120.99585,14.51748],[120.99594,14.51811],[120.9965,14.51784]]],[[[120.99687,14.51812],[120.99669,14.51784],[120.9964,14.51811],[120.99687,14.51812]]],[[[121.00095,14.51824],[121.00086,14.51797],[121.00086,14.51824],[121.00095,14.51824]]],[[[120.99696,14.51821],[120.99724,14.51803],[120.99696,14.51812],[120.99696,14.51821]]],[[[121.00086,14.51833],[121.00076,14.51824],[121.00076,14.51833],[121.00086,14.51833]]],[[[120.99594,14.51838],[120.99603,14.51829],[120.99594,14.51829],[120.99594,14.51838]]],[[[121.00076,14.51842],[121.00058,14.51833],[121.00058,14.51842],[121.00076,14.51842]]],[[[121.0002,14.51851],[121.00011,14.51842],[121.00011,14.51851],[121.0002,14.51851]]],[[[120.99946,14.51859],[120.99937,14.5185],[120.99937,14.51859],[120.99946,14.51859]]],[[[120.99148,14.51861],[120.99139,14.51852],[120.99139,14.51861],[120.99148,14.51861]]],[[[120.99622,14.51838],[120.99603,14.51865],[120.99621,14.51865],[120.99622,14.51838]]],[[[120.99714,14.51866],[120.99696,14.51848],[120.99649,14.51866],[120.99714,14.51866]]],[[[121.00039,14.51869],[121.0003,14.51851],[121.00011,14.51869],[121.00039,14.51869]]],[[[120.99974,14.51877],[120.99965,14.51868],[120.99965,14.51877],[120.99974,14.51877]]],[[[120.99603,14.51883],[120.99594,14.51865],[120.99593,14.51883],[120.99603,14.51883]]],[[[120.99603,14.51901],[120.99593,14.51892],[120.99593,14.51901],[120.99603,14.51901]]],[[[120.98833,14.51904],[120.98823,14.51895],[120.98823,14.51904],[120.98833,14.51904]]],[[[121.00103,14.51906],[121.00095,14.5186],[121.00094,14.51906],[121.00103,14.51906]]],[[[120.99695,14.5192],[120.99677,14.51911],[120.99677,14.5192],[120.99695,14.5192]]],[[[121.00085,14.51915],[121.00057,14.51923],[121.00085,14.51924],[121.00085,14.51915]]],[[[120.98647,14.51929],[120.98638,14.5192],[120.98638,14.51929],[120.98647,14.51929]]],[[[120.99974,14.51905],[120.99955,14.51932],[120.99983,14.51932],[120.99974,14.51905]]],[[[120.99723,14.51939],[120.99714,14.51929],[120.99714,14.51938],[120.99723,14.51939]]],[[[120.99806,14.5193],[120.99797,14.51939],[120.99806,14.51939],[120.99806,14.5193]]],[[[120.99593,14.51928],[120.99612,14.5192],[120.99621,14.51911],[120.99593,14.51928]]],[[[121.00103,14.51951],[121.00094,14.51933],[121.00094,14.51951],[121.00103,14.51951]]],[[[120.99101,14.51951],[120.99083,14.51942],[120.99083,14.51951],[120.99101,14.51951]]],[[[120.99621,14.51947],[120.99611,14.51956],[120.99621,14.51956],[120.99621,14.51947]]],[[[120.99223,14.51799],[120.99149,14.51807],[120.99185,14.5188],[120.9913,14.51861],[120.9913,14.51897],[120.9924,14.51962],[120.99186,14.51835],[120.99223,14.51799]]],[[[120.9963,14.51956],[120.99621,14.51965],[120.9963,14.51965],[120.9963,14.51956]]],[[[120.99982,14.51968],[120.99973,14.5195],[120.99973,14.51968],[120.99982,14.51968]]],[[[120.9962,14.51974],[120.99611,14.51965],[120.99611,14.51974],[120.9962,14.51974]]],[[[120.9962,14.51983],[120.9963,14.51992],[120.9963,14.51983],[120.9962,14.51983]]],[[[120.9962,14.52001],[120.99611,14.51992],[120.99611,14.52001],[120.9962,14.52001]]],[[[120.98952,14.52004],[120.98943,14.51995],[120.98943,14.52004],[120.98952,14.52004]]],[[[120.99815,14.52003],[120.99733,14.51857],[120.9976,14.51939],[120.99648,14.51992],[120.99815,14.52003]]],[[[120.99769,14.51912],[120.9976,14.51903],[120.9977,14.51903],[120.99769,14.51912]]],[[[120.99611,14.52019],[120.99602,14.52001],[120.99601,14.52019],[120.99611,14.52019]]],[[[120.98906,14.52022],[120.98897,14.51995],[120.98896,14.52022],[120.98906,14.52022]]],[[[120.98943,14.52022],[120.98934,14.52013],[120.98934,14.52022],[120.98943,14.52022]]],[[[120.9962,14.52019],[120.99611,14.52028],[120.9962,14.52028],[120.9962,14.52019]]],[[[120.99629,14.52046],[120.9962,14.52037],[120.9962,14.52046],[120.99629,14.52046]]],[[[120.99647,14.52064],[120.99638,14.52046],[120.99629,14.52064],[120.99647,14.52064]]],[[[120.99267,14.5207],[120.99258,14.52061],[120.99258,14.5207],[120.99267,14.5207]]],[[[120.99184,14.52079],[120.99174,14.52069],[120.99174,14.52078],[120.99184,14.52079]]],[[[120.99619,14.52091],[120.9961,14.52073],[120.9961,14.52091],[120.99619,14.52091]]],[[[120.99146,14.52105],[120.99137,14.52096],[120.99137,14.52105],[120.99146,14.52105]]],[[[120.99276,14.52106],[120.99267,14.52097],[120.99267,14.52106],[120.99276,14.52106]]],[[[120.99313,14.52107],[120.99304,14.52089],[120.99304,14.52107],[120.99313,14.52107]]],[[[120.99712,14.52101],[120.99721,14.5211],[120.99721,14.52101],[120.99712,14.52101]]],[[[120.99628,14.52119],[120.99619,14.52109],[120.99619,14.52118],[120.99628,14.52119]]],[[[120.99183,14.5216],[120.99174,14.52151],[120.99174,14.5216],[120.99183,14.5216]]],[[[120.99925,14.52184],[120.99915,14.52175],[120.99915,14.52184],[120.99925,14.52184]]],[[[120.99192,14.52196],[120.99183,14.52187],[120.99182,14.52196],[120.99192,14.52196]]],[[[120.99285,14.52188],[120.99294,14.52197],[120.99294,14.52188],[120.99285,14.52188]]],[[[120.98041,14.52195],[120.98051,14.52204],[120.98051,14.52195],[120.98041,14.52195]]],[[[120.99284,14.52206],[120.99257,14.52197],[120.99257,14.52206],[120.99284,14.52206]]],[[[120.99609,14.522],[120.99572,14.52199],[120.99609,14.52209],[120.99609,14.522]]],[[[121.00119,14.52213],[121.0011,14.52204],[121.0011,14.52213],[121.00119,14.52213]]],[[[120.98013,14.52213],[120.98023,14.52222],[120.98023,14.52213],[120.98013,14.52213]]],[[[120.98041,14.52222],[120.98032,14.52204],[120.98032,14.52222],[120.98041,14.52222]]],[[[120.98208,14.52224],[120.98199,14.52215],[120.98199,14.52224],[120.98208,14.52224]]],[[[120.98013,14.52231],[120.98004,14.52222],[120.98004,14.52231],[120.98013,14.52231]]],[[[120.98051,14.52222],[120.98041,14.52231],[120.9805,14.52231],[120.98051,14.52222]]],[[[120.98032,14.5224],[120.98013,14.52231],[120.98013,14.5224],[120.98032,14.5224]]],[[[120.99636,14.52263],[120.99627,14.52236],[120.99627,14.52263],[120.99636,14.52263]]],[[[120.99961,14.52257],[120.99924,14.52266],[120.99961,14.52266],[120.99961,14.52257]]],[[[121.00119,14.52267],[121.001,14.52249],[121.00091,14.52267],[121.00119,14.52267]]],[[[120.99544,14.52262],[120.99562,14.52281],[120.99562,14.52263],[120.99544,14.52262]]],[[[120.9997,14.52266],[121.00007,14.52284],[121.00007,14.52266],[120.9997,14.52266]]],[[[121.00054,14.52267],[121.00026,14.52276],[121.00054,14.52285],[121.00054,14.52267]]],[[[120.99553,14.5229],[120.99543,14.5228],[120.99543,14.52289],[120.99553,14.5229]]],[[[121.00137,14.52295],[121.00119,14.52285],[121.00118,14.52294],[121.00137,14.52295]]],[[[121.00165,14.52304],[121.00146,14.52295],[121.00146,14.52304],[121.00165,14.52304]]],[[[120.99794,14.5231],[120.99784,14.52301],[120.99784,14.5231],[120.99794,14.5231]]],[[[120.99775,14.52319],[120.99766,14.52309],[120.99766,14.52318],[120.99775,14.52319]]],[[[120.99645,14.52326],[120.99636,14.52317],[120.99636,14.52326],[120.99645,14.52326]]],[[[120.99608,14.52335],[120.99599,14.52326],[120.99599,14.52335],[120.99608,14.52335]]],[[[120.99626,14.52344],[120.99617,14.52335],[120.99617,14.52344],[120.99626,14.52344]]],[[[120.99932,14.52347],[120.99923,14.52329],[120.99923,14.52347],[120.99932,14.52347]]],[[[120.99571,14.52353],[120.99543,14.52335],[120.99543,14.52353],[120.99571,14.52353]]],[[[120.99626,14.52362],[120.99617,14.52353],[120.99617,14.52362],[120.99626,14.52362]]],[[[120.99626,14.52381],[120.99635,14.52372],[120.99626,14.52372],[120.99626,14.52381]]],[[[121.00071,14.52375],[121.0009,14.52403],[121.0009,14.52366],[121.00071,14.52375]]],[[[120.99561,14.52425],[120.99598,14.5238],[120.99552,14.52389],[120.99561,14.52425]]],[[[121.00071,14.52393],[121.00034,14.52393],[120.99933,14.52284],[120.99932,14.52383],[121.00016,14.52393],[121.00034,14.52447],[121.00071,14.52393]]],[[[120.9996,14.52356],[120.99951,14.52338],[120.9996,14.52338],[120.9996,14.52356]]],[[[121.00219,14.52467],[121.00228,14.52458],[121.00219,14.52458],[121.00219,14.52467]]],[[[121.00182,14.52467],[121.00191,14.52476],[121.00191,14.52467],[121.00182,14.52467]]],[[[121.00238,14.52467],[121.00228,14.52476],[121.00237,14.52476],[121.00238,14.52467]]],[[[120.99968,14.52483],[120.9996,14.52429],[120.99959,14.52483],[120.99968,14.52483]]],[[[120.99978,14.52438],[120.99987,14.52483],[120.99968,14.52501],[120.99996,14.52492],[120.99978,14.52438]]],[[[121.00302,14.52504],[121.00293,14.52495],[121.00293,14.52504],[121.00302,14.52504]]],[[[121.00302,14.52495],[121.00367,14.52504],[121.00367,14.52486],[121.0034,14.52468],[121.00302,14.52495]]],[[[121.0007,14.52511],[121.00061,14.52502],[121.00061,14.52511],[121.0007,14.52511]]],[[[121.00182,14.52476],[121.00089,14.5243],[121.0007,14.52502],[121.00116,14.5252],[121.00182,14.52476]]],[[[121.00237,14.52476],[121.00228,14.5253],[121.00284,14.52513],[121.00246,14.52512],[121.00237,14.52476]]],[[[120.99746,14.52508],[120.99783,14.52517],[120.99792,14.52536],[120.99792,14.52508],[120.99746,14.52508]]],[[[121.00116,14.52538],[121.00107,14.52529],[121.00107,14.52538],[121.00116,14.52538]]],[[[120.99615,14.52534],[120.99643,14.52543],[120.99717,14.52535],[120.99792,14.52481],[120.99757,14.52318],[120.9971,14.52309],[120.99794,14.52274],[120.99757,14.5221],[120.99702,14.52219],[120.99758,14.52192],[120.99758,14.52147],[120.99684,14.52182],[120.9973,14.52146],[120.99712,14.5211],[120.99656,14.52119],[120.99637,14.52236],[120.99674,14.52263],[120.99636,14.52281],[120.99673,14.52282],[120.99645,14.52317],[120.99691,14.52363],[120.99616,14.52435],[120.99671,14.52498],[120.99579,14.52498],[120.99615,14.52534]]],[[[120.9969,14.52508],[120.99681,14.52498],[120.9969,14.52499],[120.9969,14.52508]]],[[[120.99764,14.52463],[120.99755,14.52445],[120.99774,14.52445],[120.99764,14.52463]]],[[[120.99681,14.52444],[120.99663,14.52435],[120.99681,14.52435],[120.99681,14.52444]]],[[[120.99765,14.52427],[120.99756,14.52409],[120.99765,14.52409],[120.99765,14.52427]]],[[[120.99737,14.52418],[120.99746,14.52427],[120.99737,14.52427],[120.99737,14.52418]]],[[[120.99728,14.52399],[120.99719,14.52381],[120.99728,14.52381],[120.99728,14.52399]]],[[[120.99739,14.52237],[120.99729,14.52228],[120.99739,14.52228],[120.99739,14.52237]]],[[[120.99587,14.52552],[120.99597,14.52543],[120.99588,14.52543],[120.99587,14.52552]]],[[[120.99968,14.52564],[120.99958,14.52555],[120.99958,14.52564],[120.99968,14.52564]]],[[[120.99894,14.52555],[120.99931,14.52555],[120.99931,14.52537],[120.99894,14.52555]]],[[[121.00051,14.52574],[121.00088,14.52556],[121.00061,14.52529],[121.00051,14.52574]]],[[[121.0046,14.52514],[121.00339,14.5254],[121.00441,14.52532],[121.00441,14.52586],[121.0046,14.52514]]],[[[120.99615,14.52552],[120.99606,14.52588],[120.99615,14.52588],[120.99615,14.52552]]],[[[120.99615,14.52606],[120.99624,14.52597],[120.99615,14.52597],[120.99615,14.52606]]],[[[120.99893,14.526],[120.99921,14.52609],[120.99921,14.526],[120.99893,14.526]]],[[[120.99949,14.52609],[120.99939,14.526],[120.99939,14.52609],[120.99949,14.52609]]],[[[120.99949,14.52582],[120.99977,14.52609],[120.99977,14.52591],[120.99949,14.52582]]],[[[121.00431,14.52604],[121.0044,14.52613],[121.0044,14.52604],[121.00431,14.52604]]],[[[121.00431,14.52622],[121.00422,14.52613],[121.00422,14.52622],[121.00431,14.52622]]],[[[120.9993,14.52627],[120.99921,14.52609],[120.99921,14.52627],[120.9993,14.52627]]],[[[120.99986,14.5261],[120.99976,14.52628],[120.99986,14.52628],[120.99986,14.5261]]],[[[121.00014,14.52619],[121.00041,14.52628],[121.00041,14.52619],[121.00014,14.52619]]],[[[120.99939,14.52627],[120.9993,14.52636],[120.99939,14.52636],[120.99939,14.52627]]],[[[120.99976,14.52637],[120.99967,14.52627],[120.99967,14.52636],[120.99976,14.52637]]],[[[121.00013,14.52637],[121.00004,14.52628],[121.00004,14.52637],[121.00013,14.52637]]],[[[121.00051,14.52628],[121.00041,14.52637],[121.0005,14.52637],[121.00051,14.52628]]],[[[120.99911,14.52636],[120.99884,14.52609],[120.99883,14.52654],[120.99911,14.52636]]],[[[121.00329,14.52649],[121.00291,14.52657],[121.00329,14.52658],[121.00329,14.52649]]],[[[121.00347,14.52658],[121.00338,14.52649],[121.00338,14.52658],[121.00347,14.52658]]],[[[120.99624,14.52643],[120.99559,14.5266],[120.99624,14.52661],[120.99624,14.52643]]],[[[121.0005,14.52655],[121.0006,14.52664],[121.0006,14.52655],[121.0005,14.52655]]],[[[121.0005,14.52673],[121.00041,14.52664],[121.00041,14.52673],[121.0005,14.52673]]],[[[121.00143,14.52665],[121.00161,14.52674],[121.00162,14.52665],[121.00143,14.52665]]],[[[121.00041,14.52682],[121.00032,14.52673],[121.00032,14.52682],[121.00041,14.52682]]],[[[121.00171,14.52674],[121.00161,14.52692],[121.00171,14.52692],[121.00171,14.52674]]],[[[120.99985,14.52709],[120.99994,14.52682],[120.99985,14.52682],[120.99985,14.52709]]],[[[121.00022,14.52709],[121.00013,14.527],[121.00013,14.52709],[121.00022,14.52709]]],[[[120.99809,14.52707],[120.99799,14.52716],[120.99809,14.52716],[120.99809,14.52707]]],[[[121.00003,14.52709],[120.99994,14.52718],[121.00003,14.52718],[121.00003,14.52709]]],[[[121.00263,14.52693],[121.00272,14.5272],[121.00273,14.52693],[121.00263,14.52693]]],[[[121.003,14.52721],[121.00291,14.52703],[121.00291,14.52721],[121.003,14.52721]]],[[[120.99243,14.52721],[120.99233,14.52712],[120.99233,14.52721],[120.99243,14.52721]]],[[[121.00031,14.52727],[121.0004,14.52718],[121.00031,14.52718],[121.00031,14.52727]]],[[[121.00282,14.52721],[121.00272,14.52729],[121.00282,14.5273],[121.00282,14.52721]]],[[[120.99892,14.52699],[120.99874,14.52717],[120.99892,14.52735],[120.99892,14.52699]]],[[[121.00059,14.52737],[121.0004,14.52727],[121.0004,14.52737],[121.00059,14.52737]]],[[[121.00263,14.52729],[121.00226,14.5272],[121.00217,14.52738],[121.00263,14.52729]]],[[[121.00216,14.52747],[121.00198,14.52738],[121.00198,14.52747],[121.00216,14.52747]]],[[[121.00152,14.5271],[121.00096,14.52701],[121.00143,14.52674],[121.0005,14.527],[121.00123,14.52773],[121.00189,14.52738],[121.00152,14.5271]]],[[[120.99622,14.52778],[120.99613,14.5276],[120.99613,14.52778],[120.99622,14.52778]]],[[[120.99595,14.52787],[120.99585,14.52769],[120.99585,14.52787],[120.99595,14.52787]]],[[[120.99613,14.52787],[120.99604,14.52778],[120.99604,14.52787],[120.99613,14.52787]]],[[[120.99799,14.52707],[120.99782,14.52581],[120.99717,14.52571],[120.99754,14.52608],[120.99726,14.52634],[120.99624,14.52606],[120.99632,14.5276],[120.99808,14.52789],[120.99753,14.52752],[120.99799,14.52707]]],[[[120.99753,14.52707],[120.99744,14.5268],[120.99762,14.52689],[120.99753,14.52707]]],[[[120.99698,14.52679],[120.99707,14.52698],[120.99697,14.52697],[120.99698,14.52679]]],[[[120.99993,14.5279],[121.00003,14.52781],[120.99994,14.52781],[120.99993,14.5279]]],[[[121.00123,14.52791],[121.00105,14.52773],[121.00105,14.52791],[121.00123,14.52791]]],[[[120.99567,14.52796],[120.99558,14.52778],[120.99557,14.52796],[120.99567,14.52796]]],[[[120.99585,14.52796],[120.99576,14.52787],[120.99576,14.52796],[120.99585,14.52796]]],[[[120.99799,14.52798],[120.9978,14.52789],[120.9978,14.52798],[120.99799,14.52798]]],[[[120.99984,14.52799],[120.99975,14.5279],[120.99975,14.52799],[120.99984,14.52799]]],[[[121.00021,14.52791],[121.00003,14.52799],[121.00021,14.528],[121.00021,14.52791]]],[[[120.99196,14.52802],[120.99205,14.52793],[120.99196,14.52793],[120.99196,14.52802]]],[[[120.99641,14.52805],[120.99622,14.52796],[120.99622,14.52805],[120.99641,14.52805]]],[[[121.0004,14.52809],[121.0003,14.528],[121.0003,14.52809],[121.0004,14.52809]]],[[[120.99214,14.52802],[120.99205,14.52811],[120.99214,14.52811],[120.99214,14.52802]]],[[[121.00197,14.52819],[121.00188,14.5281],[121.00188,14.52819],[121.00197,14.52819]]],[[[120.99186,14.5282],[120.99177,14.52801],[120.99177,14.5282],[120.99186,14.5282]]],[[[120.99576,14.52823],[120.99585,14.52814],[120.99576,14.52814],[120.99576,14.52823]]],[[[120.99557,14.5285],[120.99548,14.52841],[120.99548,14.5285],[120.99557,14.5285]]],[[[120.99585,14.52868],[120.99576,14.52841],[120.99575,14.52868],[120.99585,14.52868]]],[[[121.00067,14.52872],[121.00086,14.52818],[121.00067,14.52818],[121.00067,14.52872]]],[[[120.99603,14.52868],[120.99584,14.52877],[120.99603,14.52877],[120.99603,14.52868]]],[[[120.99807,14.52879],[120.99798,14.52852],[120.99798,14.52879],[120.99807,14.52879]]],[[[120.99612,14.52877],[120.99603,14.52886],[120.99612,14.52886],[120.99612,14.52877]]],[[[120.99585,14.52823],[120.99612,14.52859],[120.99742,14.52851],[120.9977,14.52906],[120.9978,14.52816],[120.99585,14.52823]]],[[[120.99677,14.52959],[120.99667,14.5295],[120.99667,14.52959],[120.99677,14.52959]]],[[[120.99806,14.5296],[120.99797,14.52951],[120.99797,14.5296],[120.99806,14.5296]]],[[[120.99612,14.52941],[120.9976,14.5296],[120.9977,14.52915],[120.99621,14.52923],[120.99612,14.52886],[120.99602,14.52986],[120.99612,14.52941]]],[[[120.99779,14.52951],[120.99769,14.52987],[120.99778,14.52987],[120.99779,14.52951]]],[[[120.99973,14.52998],[120.99964,14.52989],[120.99964,14.52998],[120.99973,14.52998]]],[[[120.99769,14.53005],[120.9976,14.52987],[120.9976,14.53005],[120.99769,14.53005]]],[[[120.99611,14.53013],[120.99621,14.52995],[120.99611,14.52995],[120.99611,14.53013]]],[[[120.99639,14.53013],[120.9963,14.53004],[120.9963,14.53013],[120.99639,14.53013]]],[[[120.9976,14.53014],[120.9975,14.53005],[120.9975,14.53014],[120.9976,14.53014]]],[[[120.9963,14.53022],[120.9962,14.53013],[120.9962,14.53022],[120.9963,14.53022]]],[[[121.00102,14.53062],[121.00084,14.53053],[121.00084,14.53062],[121.00102,14.53062]]],[[[121.00121,14.53081],[121.0013,14.53072],[121.00121,14.53072],[121.00121,14.53081]]],[[[120.99963,14.53088],[120.99972,14.5307],[120.99963,14.5307],[120.99963,14.53088]]],[[[121.00111,14.5309],[121.00093,14.5308],[121.00093,14.53089],[121.00111,14.5309]]],[[[121.00139,14.53081],[121.0013,14.5309],[121.00139,14.5309],[121.00139,14.53081]]],[[[121.00139,14.53117],[121.00148,14.53108],[121.00139,14.53108],[121.00139,14.53117]]],[[[120.99981,14.53088],[120.99972,14.53125],[120.99981,14.53125],[120.99981,14.53088]]],[[[121.00297,14.53127],[121.00287,14.53118],[121.00287,14.53127],[121.00297,14.53127]]],[[[121.00157,14.53117],[121.00148,14.53135],[121.00157,14.53135],[121.00157,14.53117]]],[[[121.0025,14.53145],[121.00241,14.53136],[121.00241,14.53145],[121.0025,14.53145]]],[[[121.00269,14.53145],[121.00278,14.53136],[121.00269,14.53136],[121.00269,14.53145]]],[[[121.00287,14.53145],[121.00278,14.53154],[121.00287,14.53154],[121.00287,14.53145]]],[[[121.00009,14.53143],[121.00046,14.53152],[121.00046,14.53143],[121.00009,14.53143]]],[[[121.00157,14.53153],[121.00166,14.53162],[121.00166,14.53153],[121.00157,14.53153]]],[[[121.00203,14.53163],[121.00194,14.53144],[121.00194,14.53163],[121.00203,14.53163]]],[[[121.00157,14.53171],[121.00139,14.53162],[121.00138,14.53171],[121.00157,14.53171]]],[[[120.99971,14.53179],[120.99962,14.53143],[120.99962,14.53179],[120.99971,14.53179]]],[[[120.99999,14.53188],[120.9999,14.53179],[120.9999,14.53188],[120.99999,14.53188]]],[[[121.00036,14.53188],[121.00027,14.53179],[121.00027,14.53188],[121.00036,14.53188]]],[[[121.00157,14.5318],[121.00129,14.53189],[121.00157,14.53198],[121.00157,14.5318]]],[[[120.99767,14.53204],[120.99758,14.53186],[120.99758,14.53204],[120.99767,14.53204]]],[[[121.00073,14.53198],[121.00082,14.53207],[121.00083,14.53198],[121.00073,14.53198]]],[[[120.99888,14.53214],[120.99878,14.53196],[120.99878,14.53214],[120.99888,14.53214]]],[[[120.99906,14.53205],[120.99897,14.53214],[120.99906,14.53214],[120.99906,14.53205]]],[[[120.99953,14.53206],[120.99971,14.53215],[120.99971,14.53206],[120.99953,14.53206]]],[[[121.00036,14.53215],[121.00045,14.53206],[121.00036,14.53206],[121.00036,14.53215]]],[[[120.99795,14.53222],[120.99813,14.53204],[120.99786,14.53159],[120.99795,14.53222]]],[[[120.99952,14.53224],[120.99934,14.53215],[120.99934,14.53224],[120.99952,14.53224]]],[[[121.00175,14.53226],[121.00166,14.53217],[121.00166,14.53226],[121.00175,14.53226]]],[[[120.99553,14.53229],[120.99563,14.5322],[120.99554,14.5322],[120.99553,14.53229]]],[[[120.99748,14.53231],[120.99739,14.53222],[120.99739,14.53231],[120.99748,14.53231]]],[[[121.00017,14.53233],[121.00008,14.53224],[121.00008,14.53233],[121.00017,14.53233]]],[[[120.99739,14.5324],[120.99748,14.53249],[120.99748,14.5324],[120.99739,14.5324]]],[[[120.99925,14.53214],[120.99887,14.53241],[120.99924,14.53269],[120.99925,14.53214]]],[[[121.00128,14.5327],[121.00119,14.53261],[121.00119,14.5327],[121.00128,14.5327]]],[[[120.99962,14.53224],[120.9998,14.53269],[120.9999,14.53224],[120.99962,14.53224]]],[[[120.99831,14.53277],[120.99841,14.53286],[120.99841,14.53277],[120.99831,14.53277]]],[[[121.00073,14.53207],[121.00045,14.5327],[121.00091,14.53288],[121.0011,14.5327],[121.00073,14.53207]]],[[[120.99831,14.53295],[120.99822,14.53286],[120.99822,14.53295],[120.99831,14.53295]]],[[[120.99887,14.53295],[120.99878,14.53286],[120.99878,14.53295],[120.99887,14.53295]]],[[[120.99961,14.53287],[120.99924,14.53278],[120.99924,14.53296],[120.99961,14.53287]]],[[[120.99896,14.53314],[120.99905,14.53296],[120.99896,14.53296],[120.99896,14.53314]]],[[[121.00063,14.53315],[121.00054,14.53297],[121.00044,14.53315],[121.00063,14.53315]]],[[[120.99915,14.53314],[120.99905,14.53323],[120.99914,14.53323],[120.99915,14.53314]]],[[[120.99674,14.53294],[120.99739,14.53249],[120.99665,14.53257],[120.99646,14.53203],[120.996,14.53203],[120.99601,14.53157],[120.99739,14.53213],[120.99731,14.53113],[120.99768,14.53087],[120.9975,14.53014],[120.9963,14.52968],[120.99657,14.53031],[120.99555,14.53094],[120.99629,14.5314],[120.99601,14.53139],[120.99544,14.53202],[120.99646,14.53221],[120.99563,14.53229],[120.99627,14.5332],[120.99757,14.5334],[120.99674,14.53294]]],[[[120.99665,14.53176],[120.99675,14.53149],[120.99684,14.53176],[120.99665,14.53176]]],[[[120.99703,14.53158],[120.99693,14.53149],[120.99703,14.53149],[120.99703,14.53158]]],[[[120.9962,14.53094],[120.9961,14.53085],[120.9962,14.53085],[120.9962,14.53094]]],[[[121.00007,14.53351],[120.99998,14.53342],[120.99998,14.53351],[121.00007,14.53351]]],[[[121.00026,14.53351],[121.00016,14.53342],[121.00016,14.53351],[121.00026,14.53351]]],[[[120.99775,14.53313],[120.99794,14.53358],[120.99812,14.53322],[120.99775,14.53313]]],[[[120.99135,14.53379],[120.99125,14.5337],[120.99125,14.53379],[120.99135,14.53379]]],[[[120.99923,14.53386],[120.99952,14.53314],[120.99989,14.53314],[120.9997,14.53296],[120.99924,14.53323],[120.99923,14.53386]]],[[[121.00006,14.53423],[120.99997,14.53405],[120.99997,14.53423],[121.00006,14.53423]]],[[[120.9983,14.53431],[120.99867,14.53413],[120.99839,14.53404],[120.9983,14.53431]]],[[[120.99923,14.53404],[120.99978,14.53423],[120.99969,14.53396],[120.99923,14.53404]]],[[[120.99951,14.53423],[120.99941,14.53413],[120.99951,14.53414],[120.99951,14.53423]]],[[[120.99904,14.53458],[120.99857,14.53467],[120.99904,14.53485],[120.99904,14.53458]]],[[[120.99987,14.53495],[120.99978,14.53486],[120.99978,14.53495],[120.99987,14.53495]]],[[[121.00015,14.53495],[120.99997,14.53477],[120.99996,14.53495],[121.00015,14.53495]]],[[[120.99882,14.53802],[120.99873,14.53792],[120.99873,14.53801],[120.99882,14.53802]]],[[[120.99186,14.53877],[120.99177,14.53868],[120.99177,14.53877],[120.99186,14.53877]]],[[[120.99622,14.53899],[120.99612,14.5389],[120.99612,14.53899],[120.99622,14.53899]]],[[[120.99167,14.53922],[120.99158,14.53913],[120.99158,14.53922],[120.99167,14.53922]]],[[[120.99491,14.53934],[120.99482,14.53925],[120.99482,14.53934],[120.99491,14.53934]]],[[[120.99491,14.53952],[120.99501,14.53943],[120.99491,14.53943],[120.99491,14.53952]]],[[[120.9951,14.53952],[120.99501,14.53961],[120.9951,14.53961],[120.9951,14.53952]]],[[[120.99519,14.53961],[120.9951,14.5397],[120.99519,14.5397],[120.99519,14.53961]]],[[[120.99528,14.53988],[120.99519,14.53979],[120.99519,14.53988],[120.99528,14.53988]]],[[[121.00409,14.53996],[121.00437,14.54014],[121.00437,14.54005],[121.00409,14.53996]]],[[[121.0039,14.54041],[121.00381,14.54014],[121.00372,14.54032],[121.0039,14.54041]]],[[[121.00353,14.5404],[121.00335,14.54049],[121.00353,14.54059],[121.00353,14.5404]]],[[[121.00381,14.54059],[121.00372,14.5405],[121.00372,14.54059],[121.00381,14.54059]]],[[[121.00492,14.54069],[121.00483,14.5406],[121.00483,14.54069],[121.00492,14.54069]]],[[[121.0052,14.54069],[121.00511,14.5406],[121.00511,14.54069],[121.0052,14.54069]]],[[[121.00538,14.54087],[121.00529,14.54078],[121.00529,14.54087],[121.00538,14.54087]]],[[[121.00418,14.54095],[121.00399,14.54086],[121.00399,14.54095],[121.00418,14.54095]]],[[[121.00575,14.54142],[121.00566,14.54133],[121.00566,14.54142],[121.00575,14.54142]]],[[[121.00519,14.54168],[121.00556,14.5416],[121.00556,14.54151],[121.00519,14.54168]]],[[[121.00435,14.54204],[121.00472,14.54204],[121.00501,14.54168],[121.00445,14.5415],[121.00435,14.54204]]],[[[121.00435,14.54213],[121.00417,14.54204],[121.00417,14.54213],[121.00435,14.54213]]],[[[121.00528,14.54214],[121.00537,14.54205],[121.00528,14.54205],[121.00528,14.54214]]],[[[121.00556,14.54214],[121.00546,14.54232],[121.00556,14.54232],[121.00556,14.54214]]],[[[121.005,14.54232],[121.00472,14.5424],[121.005,14.54241],[121.005,14.54232]]],[[[121.00612,14.54205],[121.00611,14.5426],[121.0063,14.54215],[121.00612,14.54205]]],[[[121.005,14.54286],[121.0049,14.54277],[121.0049,14.54286],[121.005,14.54286]]],[[[121.00537,14.54286],[121.00593,14.54232],[121.005,14.5425],[121.00537,14.54286]]],[[[121.00565,14.54268],[121.00555,14.54259],[121.00565,14.54259],[121.00565,14.54268]]],[[[121.00611,14.54287],[121.00602,14.54278],[121.00602,14.54287],[121.00611,14.54287]]],[[[121.00453,14.54303],[121.00444,14.54285],[121.00434,14.54303],[121.00453,14.54303]]],[[[121.00472,14.54295],[121.00462,14.54303],[121.00472,14.54304],[121.00472,14.54295]]],[[[121.00481,14.54313],[121.0049,14.54304],[121.00481,14.54304],[121.00481,14.54313]]],[[[121.00611,14.54314],[121.00601,14.54296],[121.00573,14.54313],[121.00611,14.54314]]],[[[121.00527,14.54322],[121.00536,14.54313],[121.00527,14.54313],[121.00527,14.54322]]],[[[121.00546,14.54304],[121.00564,14.54322],[121.00564,14.54304],[121.00546,14.54304]]],[[[121.00509,14.54304],[121.00499,14.54331],[121.00518,14.54331],[121.00509,14.54304]]],[[[121.00416,14.54321],[121.00453,14.54331],[121.00453,14.54321],[121.00416,14.54321]]],[[[121.00545,14.5434],[121.00536,14.54322],[121.00536,14.5434],[121.00545,14.5434]]],[[[121.00434,14.54376],[121.00415,14.54366],[121.00415,14.54375],[121.00434,14.54376]]],[[[121.00527,14.54376],[121.00536,14.54385],[121.00536,14.54376],[121.00527,14.54376]]],[[[121.00248,14.54392],[121.00239,14.54383],[121.00239,14.54392],[121.00248,14.54392]]],[[[121.00526,14.54394],[121.00508,14.54376],[121.00499,14.54394],[121.00526,14.54394]]],[[[121.00545,14.54386],[121.00536,14.54394],[121.00545,14.54395],[121.00545,14.54386]]],[[[121.00489,14.54394],[121.00471,14.54403],[121.00489,14.54412],[121.00489,14.54394]]],[[[121.00378,14.5442],[121.00369,14.54411],[121.00368,14.5442],[121.00378,14.5442]]],[[[121.00433,14.54421],[121.00424,14.54412],[121.00424,14.54421],[121.00433,14.54421]]],[[[121.00508,14.54421],[121.00498,14.54412],[121.00498,14.54421],[121.00508,14.54421]]],[[[121.00452,14.54439],[121.00461,14.54448],[121.00461,14.54439],[121.00452,14.54439]]],[[[121.00517,14.54449],[121.00507,14.54439],[121.00507,14.54448],[121.00517,14.54449]]],[[[121.00312,14.54456],[121.00303,14.54447],[121.00303,14.54456],[121.00312,14.54456]]],[[[121.00442,14.54466],[121.00368,14.54447],[121.00359,14.54474],[121.00442,14.54466]]],[[[121.00451,14.54511],[121.00498,14.54494],[121.00451,14.54493],[121.00451,14.54511]]],[[[121.00312,14.54519],[121.00303,14.54501],[121.00303,14.54519],[121.00312,14.54519]]],[[[121.0046,14.54602],[121.0045,14.54593],[121.0045,14.54602],[121.0046,14.54602]]],[[[121.00338,14.54655],[121.00329,14.54646],[121.00329,14.54655],[121.00338,14.54655]]],[[[121.00338,14.54673],[121.00357,14.54664],[121.00338,14.54664],[121.00338,14.54673]]],[[[121.00366,14.54673],[121.00357,14.54682],[121.00366,14.54682],[121.00366,14.54673]]],[[[120.98269,14.54682],[120.9826,14.54673],[120.9826,14.54682],[120.98269,14.54682]]],[[[121.00459,14.54692],[121.0045,14.54683],[121.00449,14.54692],[121.00459,14.54692]]],[[[120.98446,14.54693],[120.98436,14.54684],[120.98436,14.54693],[120.98446,14.54693]]],[[[121.00347,14.547],[121.00329,14.54691],[121.00329,14.547],[121.00347,14.547]]],[[[121.00515,14.54683],[121.00524,14.54702],[121.00524,14.54684],[121.00515,14.54683]]],[[[121.00413,14.54674],[121.00422,14.54656],[121.00357,14.54637],[121.00413,14.54674]]],[[[120.98464,14.54711],[120.98455,14.54702],[120.98455,14.54711],[120.98464,14.54711]]],[[[121.00217,14.54717],[121.00208,14.54708],[121.00208,14.54717],[121.00217,14.54717]]],[[[121.00514,14.54711],[121.00496,14.54728],[121.00542,14.5472],[121.00514,14.54711]]],[[[121.00301,14.54736],[121.00291,14.54727],[121.00291,14.54736],[121.00301,14.54736]]],[[[121.00161,14.54744],[121.00152,14.54735],[121.00152,14.54744],[121.00161,14.54744]]],[[[121.00495,14.54756],[121.00477,14.54737],[121.00486,14.54756],[121.00495,14.54756]]],[[[121.00328,14.54763],[121.00291,14.54772],[121.00328,14.54772],[121.00328,14.54763]]],[[[121.00374,14.54782],[121.00356,14.54772],[121.00356,14.54782],[121.00374,14.54782]]],[[[121.00532,14.54783],[121.00569,14.54765],[121.00532,14.54774],[121.00532,14.54783]]],[[[120.9837,14.54792],[120.98361,14.54782],[120.98361,14.54792],[120.9837,14.54792]]],[[[121.00504,14.54792],[121.00495,14.54783],[121.00495,14.54792],[121.00504,14.54792]]],[[[120.98407,14.54801],[120.98398,14.54792],[120.98398,14.54801],[120.98407,14.54801]]],[[[121.00458,14.54809],[121.00467,14.54801],[121.00458,14.548],[121.00458,14.54809]]],[[[121.00476,14.5481],[121.00467,14.54819],[121.00476,14.54819],[121.00476,14.5481]]],[[[120.99298,14.54836],[120.99289,14.54827],[120.99289,14.54836],[120.99298,14.54836]]],[[[121.00355,14.54872],[121.00364,14.5489],[121.00364,14.54872],[121.00355,14.54872]]],[[[121.00355,14.54899],[121.00346,14.5489],[121.00346,14.54899],[121.00355,14.54899]]],[[[121.00513,14.549],[121.00522,14.54909],[121.00522,14.549],[121.00513,14.549]]],[[[121.00531,14.5491],[121.00522,14.54918],[121.00531,14.54919],[121.00531,14.5491]]],[[[121.00512,14.54936],[121.00512,14.54909],[121.00494,14.54909],[121.00512,14.54936]]],[[[121.00735,14.54938],[121.00744,14.54947],[121.00744,14.54938],[121.00735,14.54938]]],[[[121.00735,14.54956],[121.00726,14.54947],[121.00725,14.54956],[121.00735,14.54956]]],[[[121.00837,14.54957],[121.00828,14.54939],[121.00827,14.54957],[121.00837,14.54957]]],[[[121.00623,14.54955],[121.00633,14.54965],[121.00633,14.54956],[121.00623,14.54955]]],[[[121.00623,14.54974],[121.00577,14.54955],[121.00577,14.54973],[121.00623,14.54974]]],[[[121.00744,14.54975],[121.00735,14.54965],[121.00735,14.54975],[121.00744,14.54975]]],[[[121.00465,14.54999],[121.00456,14.5499],[121.00456,14.54999],[121.00465,14.54999]]],[[[121.00493,14.55],[121.00484,14.5499],[121.00484,14.54999],[121.00493,14.55]]],[[[121.0066,14.55001],[121.00679,14.54965],[121.00661,14.54938],[121.0066,14.55001]]],[[[121.00836,14.55002],[121.00827,14.54993],[121.00827,14.55002],[121.00836,14.55002]]],[[[121.00688,14.55001],[121.00679,14.5501],[121.00688,14.5501],[121.00688,14.55001]]],[[[121.00484,14.55018],[121.00474,14.55008],[121.00474,14.55017],[121.00484,14.55018]]],[[[121.00753,14.5502],[121.00744,14.55002],[121.00743,14.5502],[121.00753,14.5502]]],[[[121.00808,14.55011],[121.00818,14.5502],[121.00818,14.55011],[121.00808,14.55011]]],[[[121.00873,14.55003],[121.00846,14.55012],[121.00873,14.55021],[121.00873,14.55003]]],[[[121.00808,14.55029],[121.0079,14.5502],[121.0079,14.55029],[121.00808,14.55029]]],[[[121.00576,14.55036],[121.00567,14.55027],[121.00567,14.55036],[121.00576,14.55036]]],[[[121.00604,14.55019],[121.00586,14.55027],[121.00604,14.55037],[121.00604,14.55019]]],[[[121.0079,14.55038],[121.00762,14.55029],[121.00762,14.55038],[121.0079,14.55038]]],[[[121.00799,14.55047],[121.00808,14.55038],[121.00799,14.55038],[121.00799,14.55047]]],[[[121.00678,14.55055],[121.00669,14.55046],[121.00669,14.55055],[121.00678,14.55055]]],[[[121.00706,14.55056],[121.00697,14.55046],[121.00697,14.55056],[121.00706,14.55056]]],[[[121.00789,14.55056],[121.0078,14.55047],[121.0078,14.55056],[121.00789,14.55056]]],[[[121.00817,14.55048],[121.00808,14.55056],[121.00817,14.55057],[121.00817,14.55048]]],[[[121.00891,14.55066],[121.00882,14.55057],[121.00882,14.55066],[121.00891,14.55066]]],[[[121.00808,14.55075],[121.00799,14.55065],[121.00799,14.55074],[121.00808,14.55075]]],[[[121.00715,14.55092],[121.00706,14.55083],[121.00706,14.55092],[121.00715,14.55092]]],[[[121.00771,14.55083],[121.00725,14.55047],[121.00733,14.55092],[121.00771,14.55083]]],[[[121.00928,14.55085],[121.00938,14.55094],[121.00938,14.55085],[121.00928,14.55085]]],[[[121.00771,14.55092],[121.00761,14.5511],[121.0077,14.5511],[121.00771,14.55092]]],[[[121.00817,14.55084],[121.00835,14.5512],[121.00854,14.55093],[121.00817,14.55084]]],[[[121.00752,14.55128],[121.00733,14.55119],[121.00733,14.55128],[121.00752,14.55128]]],[[[121.0077,14.55128],[121.00761,14.55119],[121.00761,14.55128],[121.0077,14.55128]]],[[[121.00826,14.55129],[121.00808,14.55111],[121.00798,14.55129],[121.00826,14.55129]]],[[[121.00928,14.55094],[121.00891,14.55102],[121.009,14.5513],[121.00919,14.5513],[121.00928,14.55094]]],[[[121.00789,14.55147],[121.0078,14.55129],[121.00779,14.55147],[121.00789,14.55147]]],[[[121.00882,14.55138],[121.00854,14.55147],[121.00881,14.55147],[121.00882,14.55138]]],[[[121.00807,14.55156],[121.00798,14.55147],[121.00798,14.55156],[121.00807,14.55156]]],[[[121.00863,14.55165],[121.00854,14.55156],[121.00853,14.55165],[121.00863,14.55165]]],[[[121.00872,14.55184],[121.0089,14.55175],[121.00872,14.55174],[121.00872,14.55184]]],[[[121.00714,14.55191],[121.00751,14.55183],[121.00714,14.55182],[121.00714,14.55191]]],[[[121.009,14.55184],[121.0089,14.55193],[121.009,14.55193],[121.009,14.55184]]],[[[121.00909,14.55193],[121.00928,14.55184],[121.00909,14.55184],[121.00909,14.55193]]],[[[121.00937,14.55193],[121.00927,14.55202],[121.00937,14.55202],[121.00937,14.55193]]],[[[121.0076,14.5521],[121.00751,14.55201],[121.00742,14.5521],[121.0076,14.5521]]],[[[121.00732,14.55209],[121.00705,14.55218],[121.00732,14.55218],[121.00732,14.55209]]],[[[121.00853,14.55265],[121.00843,14.55247],[121.00843,14.55265],[121.00853,14.55265]]],[[[121.00723,14.55273],[121.00713,14.55264],[121.00713,14.55273],[121.00723,14.55273]]],[[[121.00768,14.55345],[121.0075,14.55336],[121.0075,14.55345],[121.00768,14.55345]]],[[[121.00806,14.55319],[121.00787,14.55336],[121.00805,14.55346],[121.00806,14.55319]]],[[[120.98271,14.55478],[120.98253,14.55468],[120.98253,14.55477],[120.98271,14.55478]]],[[[121.00758,14.55481],[121.00739,14.55472],[121.00739,14.55481],[121.00758,14.55481]]],[[[121.0086,14.55509],[121.00841,14.555],[121.00841,14.55509],[121.0086,14.55509]]],[[[121.00897,14.55509],[121.00888,14.555],[121.00887,14.55509],[121.00897,14.55509]]],[[[121.00952,14.55609],[121.00942,14.556],[121.00942,14.55609],[121.00952,14.55609]]],[[[121.00933,14.55582],[121.0097,14.55609],[121.00989,14.55609],[121.00933,14.55582]]],[[[121.00887,14.55608],[121.00896,14.55627],[121.00896,14.55608],[121.00887,14.55608]]],[[[121.00886,14.55635],[121.00877,14.55626],[121.00877,14.55635],[121.00886,14.55635]]],[[[121.00933,14.55654],[121.00923,14.55636],[121.00923,14.55654],[121.00933,14.55654]]],[[[121.00867,14.55708],[121.00876,14.55699],[121.00867,14.55699],[121.00867,14.55708]]],[[[121.00895,14.55708],[121.00904,14.55699],[121.00895,14.55699],[121.00895,14.55708]]],[[[121.00886,14.55708],[121.00876,14.55717],[121.00886,14.55717],[121.00886,14.55708]]],[[[121.00932,14.55708],[121.00904,14.55726],[121.00941,14.55726],[121.00932,14.55708]]],[[[121.00691,14.55733],[121.00681,14.55724],[121.00681,14.55733],[121.00691,14.55733]]],[[[121.00598,14.55769],[121.00607,14.5576],[121.00598,14.5576],[121.00598,14.55769]]],[[[121.00616,14.55769],[121.00607,14.55778],[121.00616,14.55778],[121.00616,14.55769]]],[[[121.00699,14.55788],[121.0069,14.55778],[121.0069,14.55787],[121.00699,14.55788]]],[[[121.0082,14.55798],[121.00829,14.55789],[121.0082,14.55789],[121.0082,14.55798]]],[[[121.00838,14.55798],[121.00829,14.55807],[121.00838,14.55807],[121.00838,14.55798]]],[[[120.98519,14.55823],[120.9851,14.55805],[120.9851,14.55823],[120.98519,14.55823]]],[[[121.00885,14.55825],[121.00894,14.55816],[121.00885,14.55816],[121.00885,14.55825]]],[[[121.00903,14.55825],[121.00894,14.55834],[121.00903,14.55834],[121.00903,14.55825]]],[[[121.00922,14.55835],[121.00912,14.55853],[121.00922,14.55853],[121.00922,14.55835]]],[[[121.00773,14.5586],[121.00782,14.55851],[121.00773,14.55851],[121.00773,14.5586]]],[[[121.00931,14.55853],[121.00921,14.55862],[121.00931,14.55862],[121.00931,14.55853]]],[[[120.98593,14.55878],[120.98583,14.55869],[120.98583,14.55878],[120.98593,14.55878]]],[[[121.0081,14.55861],[121.00801,14.55879],[121.00819,14.55879],[121.0081,14.55861]]],[[[121.00828,14.55879],[121.00819,14.55888],[121.00828,14.55888],[121.00828,14.55879]]],[[[121.00717,14.55905],[121.00708,14.55896],[121.00708,14.55905],[121.00717,14.55905]]],[[[121.00865,14.55897],[121.00838,14.55906],[121.00875,14.55916],[121.00865,14.55897]]],[[[121.00884,14.55916],[121.00874,14.55925],[121.00884,14.55925],[121.00884,14.55916]]],[[[121.00717,14.55932],[121.00707,14.55923],[121.00707,14.55932],[121.00717,14.55932]]],[[[121.00902,14.55925],[121.00884,14.55934],[121.00902,14.55934],[121.00902,14.55925]]],[[[121.00744,14.5596],[121.00735,14.5595],[121.00735,14.5596],[121.00744,14.5596]]],[[[121.00753,14.55969],[121.00763,14.5596],[121.00754,14.5596],[121.00753,14.55969]]],[[[121.00781,14.55969],[121.00763,14.55978],[121.00781,14.55978],[121.00781,14.55969]]],[[[121.008,14.55978],[121.00781,14.55987],[121.008,14.55987],[121.008,14.55978]]],[[[120.98833,14.56006],[120.98823,14.55997],[120.98823,14.56006],[120.98833,14.56006]]],[[[121.00837,14.56015],[121.00827,14.55996],[121.00827,14.56015],[121.00837,14.56015]]],[[[121.00707,14.56023],[121.00725,14.56032],[121.00725,14.56023],[121.00707,14.56023]]],[[[121.00669,14.56058],[121.0066,14.56049],[121.0066,14.56058],[121.00669,14.56058]]],[[[121.00808,14.56041],[121.00781,14.5605],[121.00808,14.5606],[121.00808,14.56041]]],[[[121.00725,14.56086],[121.00715,14.56077],[121.00715,14.56086],[121.00725,14.56086]]],[[[121.00762,14.56077],[121.00771,14.56095],[121.00771,14.56077],[121.00762,14.56077]]],[[[121.00827,14.56096],[121.00817,14.56087],[121.00817,14.56096],[121.00827,14.56096]]],[[[121.00734,14.56104],[121.00715,14.56095],[121.00715,14.56104],[121.00734,14.56104]]],[[[121.00762,14.56104],[121.00752,14.56095],[121.00752,14.56104],[121.00762,14.56104]]],[[[120.99184,14.56109],[120.99175,14.561],[120.99175,14.56109],[120.99184,14.56109]]],[[[121.00854,14.56123],[121.00863,14.56114],[121.00854,14.56114],[121.00854,14.56123]]],[[[121.00873,14.56123],[121.00863,14.56132],[121.00873,14.56132],[121.00873,14.56123]]],[[[120.99082,14.56144],[120.99073,14.56135],[120.99073,14.56144],[120.99082,14.56144]]],[[[121.00947,14.56133],[121.00928,14.56151],[121.00956,14.56151],[121.00947,14.56133]]],[[[121.00826,14.56159],[121.00845,14.56141],[121.00826,14.56141],[121.00826,14.56159]]],[[[121.00854,14.5615],[121.00863,14.56159],[121.00863,14.5615],[121.00854,14.5615]]],[[[121.00891,14.5616],[121.00882,14.56142],[121.00872,14.5616],[121.00891,14.5616]]],[[[121.00705,14.56167],[121.00696,14.56158],[121.00696,14.56167],[121.00705,14.56167]]],[[[121.00761,14.56168],[121.00752,14.56158],[121.00752,14.56168],[121.00761,14.56168]]],[[[121.00789,14.56168],[121.0078,14.56159],[121.0078,14.56168],[121.00789,14.56168]]],[[[120.98683,14.56168],[120.98673,14.56159],[120.98673,14.56168],[120.98683,14.56168]]],[[[121.00854,14.56168],[121.00845,14.56159],[121.00844,14.56168],[121.00854,14.56168]]],[[[121.00585,14.56184],[121.00575,14.56175],[121.00575,14.56184],[121.00585,14.56184]]],[[[121.00863,14.56196],[121.00872,14.56205],[121.00872,14.56196],[121.00863,14.56196]]],[[[121.00816,14.56213],[121.00807,14.56204],[121.00807,14.56213],[121.00816,14.56213]]],[[[121.00863,14.56223],[121.00853,14.56205],[121.00853,14.56223],[121.00863,14.56223]]],[[[121.00435,14.56255],[121.00426,14.56246],[121.00426,14.56255],[121.00435,14.56255]]],[[[121.00825,14.56249],[121.00834,14.56259],[121.00834,14.5625],[121.00825,14.56249]]],[[[121.00825,14.56268],[121.00816,14.56258],[121.00816,14.56267],[121.00825,14.56268]]],[[[121.00778,14.56348],[121.00769,14.56339],[121.00769,14.56348],[121.00778,14.56348]]],[[[121.00722,14.5642],[121.00712,14.56411],[121.00712,14.5642],[121.00722,14.5642]]],[[[121.00777,14.56439],[121.00768,14.5643],[121.00768,14.56439],[121.00777,14.56439]]],[[[121.00833,14.56448],[121.00851,14.56421],[121.00842,14.56421],[121.00833,14.56448]]],[[[121.0086,14.56449],[121.00851,14.56458],[121.0086,14.56458],[121.0086,14.56449]]],[[[121.00944,14.56458],[121.00935,14.56449],[121.00935,14.56458],[121.00944,14.56458]]],[[[121.00805,14.56457],[121.00777,14.56457],[121.00805,14.56466],[121.00805,14.56457]]],[[[121.00832,14.56466],[121.00823,14.56457],[121.00823,14.56466],[121.00832,14.56466]]],[[[121.00916,14.56458],[121.00925,14.56467],[121.00925,14.56458],[121.00916,14.56458]]],[[[121.00888,14.56476],[121.00907,14.56458],[121.0086,14.56458],[121.00888,14.56476]]],[[[121.00758,14.56484],[121.00749,14.56475],[121.00749,14.56484],[121.00758,14.56484]]],[[[121.0087,14.56476],[121.00842,14.56485],[121.00869,14.56494],[121.0087,14.56476]]],[[[121.00879,14.56494],[121.00869,14.56503],[121.00879,14.56503],[121.00879,14.56494]]],[[[121.00814,14.56511],[121.00823,14.56502],[121.00814,14.56502],[121.00814,14.56511]]],[[[121.00832,14.56512],[121.00823,14.56521],[121.00832,14.56521],[121.00832,14.56512]]],[[[121.00758,14.56529],[121.00749,14.5652],[121.00748,14.56529],[121.00758,14.56529]]],[[[121.00776,14.56538],[121.00795,14.56529],[121.00776,14.56529],[121.00776,14.56538]]],[[[121.00813,14.56539],[121.00795,14.56547],[121.00813,14.56548],[121.00813,14.56539]]],[[[121.00869,14.56539],[121.00841,14.56548],[121.00869,14.56557],[121.00869,14.56539]]],[[[121.0084,14.5662],[121.0085,14.56611],[121.0084,14.56611],[121.0084,14.5662]]],[[[121.00942,14.56621],[121.00933,14.56612],[121.00933,14.56621],[121.00942,14.56621]]],[[[121.00859,14.5662],[121.0085,14.56629],[121.00859,14.56629],[121.00859,14.5662]]],[[[121.00905,14.56675],[121.00896,14.56666],[121.00896,14.56675],[121.00905,14.56675]]],[[[121.00747,14.56701],[121.00756,14.56692],[121.00747,14.56692],[121.00747,14.56701]]],[[[121.00765,14.56701],[121.00756,14.5671],[121.00765,14.5671],[121.00765,14.56701]]],[[[121.00821,14.5671],[121.00812,14.56701],[121.00812,14.5671],[121.00821,14.5671]]],[[[121.0083,14.56737],[121.00849,14.56747],[121.00849,14.5672],[121.0083,14.56737]]],[[[121.00821,14.56765],[121.00811,14.56755],[121.00811,14.56764],[121.00821,14.56765]]],[[[121.00839,14.56783],[121.00858,14.56774],[121.00839,14.56765],[121.00839,14.56783]]],[[[121.00681,14.5679],[121.00672,14.56781],[121.00672,14.5679],[121.00681,14.5679]]],[[[121.00867,14.56783],[121.00857,14.56792],[121.00867,14.56792],[121.00867,14.56783]]],[[[121.00801,14.56819],[121.00792,14.56809],[121.00792,14.56819],[121.00801,14.56819]]],[[[121.00829,14.56828],[121.00839,14.56819],[121.00829,14.56819],[121.00829,14.56828]]],[[[121.00848,14.56828],[121.00838,14.56837],[121.00848,14.56837],[121.00848,14.56828]]],[[[121.00913,14.56838],[121.00894,14.56846],[121.00913,14.56847],[121.00913,14.56838]]],[[[121.00783,14.56855],[121.00773,14.56845],[121.00773,14.56854],[121.00783,14.56855]]],[[[121.00857,14.56855],[121.00885,14.56801],[121.00904,14.56792],[121.00905,14.56711],[121.00857,14.56855]]],[[[121.0017,14.56904],[121.00161,14.56894],[121.00161,14.56903],[121.0017,14.56904]]],[[[121.00754,14.56954],[121.00745,14.56936],[121.00735,14.56954],[121.00754,14.56954]]],[[[121.00141,14.56967],[121.00132,14.56957],[121.00132,14.56966],[121.00141,14.56967]]],[[[121.0051,14.5725],[121.00501,14.57241],[121.00501,14.5725],[121.0051,14.5725]]],[[[120.99962,14.57281],[120.99971,14.57299],[120.99972,14.57281],[120.99962,14.57281]]],[[[120.99962,14.57317],[120.99953,14.57299],[120.99953,14.57317],[120.99962,14.57317]]],[[[120.99897,14.57371],[120.99906,14.57362],[120.99897,14.57362],[120.99897,14.57371]]],[[[120.99915,14.57371],[120.99906,14.5738],[120.99915,14.5738],[120.99915,14.57371]]],[[[120.99915,14.57407],[120.99906,14.57398],[120.99905,14.57407],[120.99915,14.57407]]],[[[120.99905,14.57434],[120.99896,14.57425],[120.99896,14.57434],[120.99905,14.57434]]],[[[120.99896,14.57452],[120.99887,14.57443],[120.99886,14.57452],[120.99896,14.57452]]],[[[120.99886,14.5747],[120.99877,14.57461],[120.99877,14.5747],[120.99886,14.5747]]],[[[120.99877,14.57488],[120.99868,14.57479],[120.99868,14.57488],[120.99877,14.57488]]],[[[121.00182,14.57554],[121.00173,14.57545],[121.00173,14.57554],[121.00182,14.57554]]],[[[121.00192,14.57554],[121.00201,14.57545],[121.00192,14.57545],[121.00192,14.57554]]],[[[121.00229,14.57555],[121.00201,14.57564],[121.00229,14.57564],[121.00229,14.57555]]],[[[120.99811,14.57596],[120.99802,14.57587],[120.99802,14.57596],[120.99811,14.57596]]],[[[121.0059,14.57603],[121.00581,14.57594],[121.00581,14.57603],[121.0059,14.57603]]],[[[120.9982,14.57624],[120.99811,14.57614],[120.99811,14.57623],[120.9982,14.57624]]],[[[121.00126,14.57635],[121.00117,14.57626],[121.00117,14.57635],[121.00126,14.57635]]],[[[120.99745,14.57686],[120.99755,14.57677],[120.99745,14.57677],[120.99745,14.57686]]],[[[121.00478,14.57692],[121.00488,14.57683],[121.00478,14.57683],[121.00478,14.57692]]],[[[121.00497,14.57684],[121.00506,14.57693],[121.00506,14.57684],[121.00497,14.57684]]],[[[121.00552,14.57702],[121.00534,14.57684],[121.00524,14.57702],[121.00552,14.57702]]],[[[121.00497,14.57711],[121.00487,14.57692],[121.00487,14.57711],[121.00497,14.57711]]],[[[120.99764,14.57686],[120.99745,14.57704],[120.99764,14.57713],[120.99764,14.57686]]],[[[121.00496,14.57729],[121.00487,14.5772],[121.00487,14.57729],[121.00496,14.57729]]],[[[120.99207,14.57736],[120.99188,14.57727],[120.99188,14.57736],[120.99207,14.57736]]],[[[121.00589,14.57766],[121.0058,14.57757],[121.0058,14.57766],[121.00589,14.57766]]],[[[121.00533,14.5781],[121.00524,14.57783],[121.00523,14.5781],[121.00533,14.5781]]],[[[121.0056,14.57838],[121.0057,14.57829],[121.0056,14.57829],[121.0056,14.57838]]],[[[121.00579,14.57838],[121.0057,14.57847],[121.00579,14.57847],[121.00579,14.57838]]],[[[121.0069,14.57848],[121.00699,14.57857],[121.00699,14.57848],[121.0069,14.57848]]],[[[121.0069,14.57866],[121.00672,14.57857],[121.00671,14.57866],[121.0069,14.57866]]],[[[121.00588,14.57883],[121.00597,14.57874],[121.00588,14.57874],[121.00588,14.57883]]],[[[121.00457,14.57927],[121.00448,14.57918],[121.00448,14.57927],[121.00457,14.57927]]],[[[121.00616,14.57883],[121.00597,14.57919],[121.00625,14.57929],[121.00616,14.57883]]],[[[121.00587,14.57928],[121.00597,14.57937],[121.00597,14.57928],[121.00587,14.57928]]],[[[121.00643,14.57929],[121.00624,14.57938],[121.00643,14.57938],[121.00643,14.57929]]],[[[121.0042,14.57945],[121.00411,14.57936],[121.00411,14.57945],[121.0042,14.57945]]],[[[121.00569,14.57946],[121.00569,14.5791],[121.0055,14.57919],[121.00569,14.57946]]],[[[121.00606,14.57937],[121.00597,14.57946],[121.00606,14.57947],[121.00606,14.57937]]],[[[121.00559,14.58009],[121.00568,14.58],[121.00559,14.58],[121.00559,14.58009]]],[[[121.00624,14.5801],[121.00615,14.57965],[121.00568,14.57982],[121.00624,14.5801]]],[[[121.00642,14.5801],[121.00652,14.57992],[121.00633,14.57965],[121.00642,14.5801]]],[[[121.0067,14.58001],[121.00707,14.58002],[121.00735,14.58011],[121.00717,14.57993],[121.0067,14.58001]]],[[[121.0054,14.58018],[121.0055,14.58009],[121.0054,14.58009],[121.0054,14.58018]]],[[[121.00661,14.58037],[121.0067,14.58028],[121.00661,14.58028],[121.00661,14.58037]]],[[[121.00754,14.58011],[121.00744,14.58038],[121.00753,14.58038],[121.00754,14.58011]]],[[[121.00587,14.5801],[121.00549,14.58027],[121.00586,14.58046],[121.00587,14.5801]]],[[[121.00679,14.58038],[121.0067,14.58046],[121.00679,14.58047],[121.00679,14.58038]]],[[[121.00735,14.58065],[121.00679,14.58047],[121.00679,14.58056],[121.00735,14.58065]]],[[[121.00067,14.58068],[121.00076,14.5805],[121.00067,14.5805],[121.00067,14.58068]]],[[[121.00493,14.5809],[121.00484,14.58081],[121.00484,14.5809],[121.00493,14.5809]]],[[[121.00094,14.58069],[121.00085,14.58096],[121.00094,14.58096],[121.00094,14.58069]]],[[[121.00669,14.58101],[121.0066,14.58092],[121.0066,14.58101],[121.00669,14.58101]]],[[[121.00679,14.58101],[121.00725,14.58083],[121.00679,14.58092],[121.00679,14.58101]]],[[[121.00103,14.58096],[121.00094,14.58105],[121.00103,14.58105],[121.00103,14.58096]]],[[[121.00502,14.58108],[121.00493,14.58099],[121.00493,14.58108],[121.00502,14.58108]]],[[[121.00558,14.58109],[121.00549,14.581],[121.00549,14.58109],[121.00558,14.58109]]],[[[121.00734,14.58101],[121.00716,14.5811],[121.00734,14.5811],[121.00734,14.58101]]],[[[121.00113,14.58105],[121.00103,14.58114],[121.00112,14.58114],[121.00113,14.58105]]],[[[121.00613,14.58145],[121.00623,14.58136],[121.00613,14.58136],[121.00613,14.58145]]],[[[121.00604,14.58154],[121.00595,14.58145],[121.00595,14.58154],[121.00604,14.58154]]],[[[121.00715,14.58173],[121.00706,14.58164],[121.00706,14.58173],[121.00715,14.58173]]],[[[120.97245,14.58176],[120.97254,14.58171],[120.97245,14.58171],[120.97245,14.58176]]],[[[121.00604,14.58181],[121.00613,14.58172],[121.00604,14.58172],[121.00604,14.58181]]],[[[121.00641,14.58119],[121.00641,14.58182],[121.00659,14.58173],[121.00641,14.58119]]],[[[121.00158,14.58187],[121.00168,14.58178],[121.00158,14.58178],[121.00158,14.58187]]],[[[120.97273,14.5818],[120.97256,14.58187],[120.97272,14.58189],[120.97273,14.5818]]],[[[121.00632,14.58182],[121.00613,14.58191],[121.00631,14.58191],[121.00632,14.58182]]],[[[121.00678,14.58191],[121.00687,14.58182],[121.00678,14.58182],[121.00678,14.58191]]],[[[121.00177,14.58187],[121.00167,14.58196],[121.00177,14.58196],[121.00177,14.58187]]],[[[121.00576,14.58199],[121.00566,14.5819],[121.00566,14.58199],[121.00576,14.58199]]],[[[121.00696,14.58191],[121.00687,14.582],[121.00696,14.582],[121.00696,14.58191]]],[[[121.00186,14.58196],[121.00177,14.58205],[121.00186,14.58205],[121.00186,14.58196]]],[[[121.00687,14.58209],[121.00668,14.582],[121.00668,14.58209],[121.00687,14.58209]]],[[[121.00668,14.58236],[121.00659,14.58209],[121.00659,14.58236],[121.00668,14.58236]]],[[[121.00111,14.5824],[121.00102,14.58231],[121.00102,14.5824],[121.00111,14.5824]]],[[[121.00696,14.58245],[121.00687,14.58218],[121.00677,14.58236],[121.00696,14.58245]]],[[[121.00204,14.5825],[121.00213,14.58241],[121.00204,14.58241],[121.00204,14.5825]]],[[[121.00649,14.58254],[121.0064,14.58236],[121.0064,14.58254],[121.00649,14.58254]]],[[[120.99907,14.58248],[120.99916,14.58257],[120.99916,14.58248],[120.99907,14.58248]]],[[[120.99935,14.58257],[120.99944,14.58239],[120.99935,14.58239],[120.99935,14.58257]]],[[[121.00223,14.5825],[121.00213,14.58259],[121.00223,14.5826],[121.00223,14.5825]]],[[[120.99907,14.58266],[120.99898,14.58257],[120.99898,14.58266],[120.99907,14.58266]]],[[[120.99953,14.58257],[120.99944,14.58266],[120.99953,14.58266],[120.99953,14.58257]]],[[[120.99916,14.58266],[120.99907,14.58275],[120.99916,14.58275],[120.99916,14.58266]]],[[[120.99972,14.58275],[120.99963,14.58266],[120.99963,14.58275],[120.99972,14.58275]]],[[[121.00241,14.5826],[121.00232,14.58278],[121.00241,14.58278],[121.00241,14.5826]]],[[[120.97773,14.58284],[120.97763,14.58275],[120.97763,14.58284],[120.97773,14.58284]]],[[[120.99944,14.58293],[120.99935,14.58266],[120.99925,14.58293],[120.99944,14.58293]]],[[[121.00538,14.5828],[121.00519,14.58289],[121.00538,14.58298],[121.00538,14.5828]]],[[[121.0064,14.58263],[121.00677,14.58281],[121.00677,14.58272],[121.0064,14.58263]]],[[[121.00111,14.58304],[121.00102,14.58295],[121.00102,14.58304],[121.00111,14.58304]]],[[[121.00268,14.58314],[121.00259,14.58296],[121.00259,14.58314],[121.00268,14.58314]]],[[[121.00658,14.58317],[121.00649,14.58308],[121.00649,14.58317],[121.00658,14.58317]]],[[[121.00129,14.58331],[121.00138,14.58322],[121.00129,14.58322],[121.00129,14.58331]]],[[[121.00278,14.58332],[121.00287,14.58314],[121.00278,14.58314],[121.00278,14.58332]]],[[[121.00148,14.58331],[121.00138,14.5834],[121.00148,14.5834],[121.00148,14.58331]]],[[[121.00296,14.58332],[121.00287,14.58341],[121.00296,14.58341],[121.00296,14.58332]]],[[[121.00519,14.58343],[121.005,14.58352],[121.00519,14.58361],[121.00519,14.58343]]],[[[121.00324,14.5836],[121.00305,14.58369],[121.00324,14.58369],[121.00324,14.5836]]],[[[121.00481,14.5837],[121.00491,14.58361],[121.00481,14.58361],[121.00481,14.5837]]],[[[121.00537,14.5838],[121.00528,14.58371],[121.00528,14.5838],[121.00537,14.5838]]],[[[121.00342,14.58387],[121.00333,14.58378],[121.00333,14.58387],[121.00342,14.58387]]],[[[121.00565,14.5838],[121.00546,14.58389],[121.00565,14.58398],[121.00565,14.5838]]],[[[120.97976,14.58403],[120.97967,14.58394],[120.97966,14.58403],[120.97976,14.58403]]],[[[121.0037,14.58414],[121.0036,14.58405],[121.0036,14.58414],[121.0037,14.58414]]],[[[121.00472,14.58388],[121.00435,14.58397],[121.00472,14.58415],[121.00472,14.58388]]],[[[121.00555,14.58416],[121.00565,14.58407],[121.00555,14.58407],[121.00555,14.58416]]],[[[121.00574,14.58416],[121.00564,14.58425],[121.00574,14.58425],[121.00574,14.58416]]],[[[120.97957,14.58421],[120.97966,14.5843],[120.97966,14.58421],[120.97957,14.58421]]],[[[120.97957,14.58439],[120.97948,14.5843],[120.97948,14.58439],[120.97957,14.58439]]],[[[121.00704,14.58426],[121.00658,14.58363],[121.00611,14.58389],[121.00657,14.5839],[121.00657,14.58435],[121.00704,14.58426]]],[[[121.00397,14.58451],[121.00406,14.58442],[121.00397,14.58442],[121.00397,14.58451]]],[[[121.00444,14.58442],[121.00453,14.58451],[121.00453,14.58442],[121.00444,14.58442]]],[[[121.00629,14.58453],[121.0062,14.58444],[121.0062,14.58453],[121.00629,14.58453]]],[[[121.00648,14.58453],[121.00638,14.58444],[121.00638,14.58453],[121.00648,14.58453]]],[[[121.00527,14.58398],[121.00491,14.5837],[121.00462,14.5846],[121.00508,14.58452],[121.00527,14.58398]]],[[[121.0049,14.58461],[121.0048,14.5847],[121.0049,14.5847],[121.0049,14.58461]]],[[[121.00583,14.5847],[121.00592,14.58461],[121.00583,14.58461],[121.00583,14.5847]]],[[[121.00369,14.58478],[121.0036,14.58469],[121.0036,14.58478],[121.00369,14.58478]]],[[[121.00415,14.58478],[121.00443,14.58451],[121.00406,14.58451],[121.00415,14.58478]]],[[[121.00601,14.58471],[121.00592,14.5848],[121.00601,14.5848],[121.00601,14.58471]]],[[[120.98448,14.58488],[120.98476,14.5847],[120.98448,14.5847],[120.98448,14.58488]]],[[[121.00443,14.58478],[121.00434,14.58496],[121.00471,14.58515],[121.00462,14.58469],[121.00443,14.58478]]],[[[121.00489,14.58515],[121.00471,14.58524],[121.00489,14.58524],[121.00489,14.58515]]],[[[121.00406,14.58532],[121.00415,14.58523],[121.00406,14.58523],[121.00406,14.58532]]],[[[121.00424,14.58532],[121.00415,14.58541],[121.00424,14.58541],[121.00424,14.58532]]],[[[121.00433,14.58541],[121.00424,14.5855],[121.00433,14.5855],[121.00433,14.58541]]],[[[121.00443,14.58551],[121.00433,14.5856],[121.00443,14.5856],[121.00443,14.58551]]],[[[121.00508,14.58542],[121.00554,14.58552],[121.00545,14.58479],[121.00508,14.58542]]],[[[121.00452,14.5856],[121.00442,14.58569],[121.00452,14.58569],[121.00452,14.5856]]],[[[121.00563,14.5857],[121.00554,14.58561],[121.00554,14.5857],[121.00563,14.5857]]],[[[121.00461,14.58569],[121.00452,14.58578],[121.00461,14.58578],[121.00461,14.58569]]],[[[121.00543,14.58696],[121.00534,14.58687],[121.00534,14.58696],[121.00543,14.58696]]],[[[121.00562,14.58696],[121.00553,14.58687],[121.00553,14.58696],[121.00562,14.58696]]],[[[121.0058,14.58705],[121.00571,14.58696],[121.00571,14.58705],[121.0058,14.58705]]],[[[120.97871,14.58709],[120.97862,14.587],[120.97862,14.58709],[120.97871,14.58709]]],[[[120.98103,14.58729],[120.98093,14.5872],[120.98093,14.58729],[120.98103,14.58729]]],[[[121.00617,14.58751],[121.00626,14.58742],[121.00617,14.58742],[121.00617,14.58751]]],[[[121.00636,14.58751],[121.00626,14.5876],[121.00636,14.5876],[121.00636,14.58751]]],[[[121.00645,14.5876],[121.00635,14.58769],[121.00645,14.58769],[121.00645,14.5876]]],[[[121.01062,14.58773],[121.01034,14.58782],[121.01062,14.58782],[121.01062,14.58773]]],[[[121.01118,14.58791],[121.01109,14.58782],[121.01109,14.58791],[121.01118,14.58791]]],[[[121.00663,14.58796],[121.00654,14.58787],[121.00654,14.58796],[121.00663,14.58796]]],[[[121.01155,14.58801],[121.01146,14.58792],[121.01146,14.58801],[121.01155,14.58801]]],[[[121.00524,14.58804],[121.00515,14.58795],[121.00515,14.58804],[121.00524,14.58804]]],[[[121.00997,14.5879],[121.00979,14.58763],[121.00932,14.58772],[121.00941,14.58808],[121.00997,14.5879]]],[[[121.00051,14.58809],[121.00041,14.588],[121.00041,14.58809],[121.00051,14.58809]]],[[[121.0121,14.58819],[121.01201,14.5881],[121.01201,14.58819],[121.0121,14.58819]]],[[[121.0005,14.58854],[121.00041,14.58818],[121.00041,14.58854],[121.0005,14.58854]]],[[[121.00069,14.58873],[121.00059,14.58864],[121.00059,14.58873],[121.00069,14.58873]]],[[[121.01507,14.58867],[121.01535,14.58876],[121.01535,14.58867],[121.01507,14.58867]]],[[[121.01507,14.58885],[121.01498,14.58876],[121.01497,14.58885],[121.01507,14.58885]]],[[[121.01497,14.58903],[121.01479,14.58894],[121.01479,14.58903],[121.01497,14.58903]]],[[[121.01312,14.5891],[121.01302,14.58901],[121.01302,14.5891],[121.01312,14.5891]]],[[[121.00579,14.58913],[121.0056,14.58904],[121.0056,14.58913],[121.00579,14.58913]]],[[[121.00755,14.58924],[121.00746,14.58915],[121.00745,14.58924],[121.00755,14.58924]]],[[[121.01339,14.58929],[121.0133,14.5892],[121.0133,14.58929],[121.01339,14.58929]]],[[[120.97256,14.5893],[120.97247,14.58921],[120.97247,14.5893],[120.97256,14.5893]]],[[[121.01358,14.58938],[121.01349,14.58929],[121.01348,14.58938],[121.01358,14.58938]]],[[[121.01376,14.58947],[121.01367,14.58938],[121.01367,14.58947],[121.01376,14.58947]]],[[[120.99418,14.58948],[120.99409,14.58939],[120.99409,14.58948],[120.99418,14.58948]]],[[[121.00792,14.5896],[121.00782,14.58951],[121.00782,14.5896],[121.00792,14.5896]]],[[[120.99446,14.58967],[120.99427,14.58958],[120.99427,14.58967],[120.99446,14.58967]]],[[[120.97358,14.58976],[120.97349,14.58967],[120.97349,14.58976],[120.97358,14.58976]]],[[[121.00791,14.58978],[121.00801,14.58969],[121.00791,14.58969],[121.00791,14.58978]]],[[[121.0081,14.58978],[121.00801,14.58987],[121.0081,14.58987],[121.0081,14.58978]]],[[[121.00689,14.58995],[121.0068,14.58977],[121.0068,14.58995],[121.00689,14.58995]]],[[[121.00819,14.58988],[121.0081,14.58997],[121.00819,14.58997],[121.00819,14.58988]]],[[[120.97933,14.58999],[120.97924,14.5899],[120.97924,14.58999],[120.97933,14.58999]]],[[[121.00828,14.58997],[121.00819,14.59006],[121.00828,14.59006],[121.00828,14.58997]]],[[[121.00838,14.59006],[121.00828,14.59015],[121.00837,14.59015],[121.00838,14.59006]]],[[[120.972,14.59047],[120.9719,14.59038],[120.9719,14.59047],[120.972,14.59047]]],[[[121.01552,14.59048],[121.01542,14.59039],[121.01542,14.59048],[121.01552,14.59048]]],[[[121.00846,14.59051],[121.00856,14.59042],[121.00846,14.59042],[121.00846,14.59051]]],[[[121.00781,14.5906],[121.00772,14.5905],[121.00772,14.59059],[121.00781,14.5906]]],[[[121.00865,14.59051],[121.00856,14.5906],[121.00865,14.5906],[121.00865,14.59051]]],[[[121.00874,14.5906],[121.00865,14.59069],[121.00874,14.59069],[121.00874,14.5906]]],[[[120.99603,14.59058],[120.9964,14.59068],[120.9964,14.5905],[120.99603,14.59058]]],[[[121.00883,14.59069],[121.00874,14.59078],[121.00883,14.59078],[121.00883,14.59069]]],[[[121.00855,14.59087],[121.00865,14.59078],[121.00855,14.59078],[121.00855,14.59087]]],[[[121.00893,14.59079],[121.00883,14.59088],[121.00892,14.59088],[121.00893,14.59079]]],[[[121.00874,14.59087],[121.00865,14.59096],[121.00874,14.59096],[121.00874,14.59087]]],[[[121.00902,14.59088],[121.00892,14.59097],[121.00902,14.59097],[121.00902,14.59088]]],[[[121.01607,14.59103],[121.01616,14.59094],[121.01607,14.59094],[121.01607,14.59103]]],[[[121.00864,14.59105],[121.00846,14.59096],[121.00846,14.59105],[121.00864,14.59105]]],[[[121.01625,14.59103],[121.01616,14.59112],[121.01625,14.59112],[121.01625,14.59103]]],[[[121.00837,14.59114],[121.00818,14.59105],[121.00818,14.59114],[121.00837,14.59114]]],[[[121.00911,14.59115],[121.0092,14.59106],[121.00911,14.59106],[121.00911,14.59115]]],[[[121.01635,14.59112],[121.01625,14.59121],[121.01634,14.59121],[121.01635,14.59112]]],[[[121.00725,14.59122],[121.00716,14.59113],[121.00716,14.59122],[121.00725,14.59122]]],[[[121.00929,14.59115],[121.0092,14.59133],[121.00929,14.59133],[121.00929,14.59115]]],[[[121.01644,14.59139],[121.01634,14.5913],[121.01634,14.59139],[121.01644,14.59139]]],[[[121.00809,14.59132],[121.00818,14.59141],[121.00818,14.59132],[121.00809,14.59132]]],[[[121.00808,14.5915],[121.00799,14.59141],[121.00799,14.5915],[121.00808,14.5915]]],[[[121.00827,14.59141],[121.00818,14.5915],[121.00827,14.5915],[121.00827,14.59141]]],[[[121.00669,14.59158],[121.0066,14.59149],[121.0066,14.59158],[121.00669,14.59158]]],[[[121.00799,14.59159],[121.0079,14.5915],[121.0079,14.59159],[121.00799,14.59159]]],[[[121.0091,14.59151],[121.00929,14.5916],[121.00929,14.59151],[121.0091,14.59151]]],[[[120.97171,14.59173],[120.97161,14.59164],[120.97161,14.59173],[120.97171,14.59173]]],[[[121.00465,14.59165],[121.00474,14.59174],[121.00474,14.59165],[121.00465,14.59165]]],[[[121.00632,14.59176],[121.00678,14.59167],[121.00632,14.59167],[121.00632,14.59176]]],[[[121.00697,14.59176],[121.00706,14.59167],[121.00697,14.59167],[121.00697,14.59176]]],[[[121.0079,14.59177],[121.00799,14.59168],[121.0079,14.59168],[121.0079,14.59177]]],[[[121.00901,14.59178],[121.00873,14.59151],[121.00855,14.59178],[121.00901,14.59178]]],[[[121.00688,14.59176],[121.00678,14.59185],[121.00687,14.59185],[121.00688,14.59176]]],[[[120.99648,14.59185],[120.99639,14.59176],[120.99639,14.59185],[120.99648,14.59185]]],[[[120.97133,14.59191],[120.97124,14.59182],[120.97124,14.59191],[120.97133,14.59191]]],[[[121.00855,14.59178],[121.00725,14.59167],[121.00706,14.59185],[121.00808,14.59195],[121.00855,14.59178]]],[[[121.00576,14.59202],[121.00585,14.59193],[121.00576,14.59193],[121.00576,14.59202]]],[[[121.00594,14.59203],[121.00585,14.59211],[121.00594,14.59212],[121.00594,14.59203]]],[[[120.9962,14.59212],[120.99611,14.59203],[120.99611,14.59212],[120.9962,14.59212]]],[[[121.00492,14.59211],[121.00456,14.59174],[121.00455,14.59219],[121.00492,14.59211]]],[[[121.00604,14.59212],[121.00594,14.59221],[121.00604,14.59221],[121.00604,14.59212]]],[[[121.01587,14.59238],[121.01578,14.59229],[121.01578,14.59238],[121.01587,14.59238]]],[[[120.97031,14.59244],[120.97022,14.59235],[120.97022,14.59244],[120.97031,14.59244]]],[[[121.00761,14.59249],[121.00752,14.5924],[121.00752,14.59249],[121.00761,14.59249]]],[[[121.00752,14.59276],[121.00779,14.59267],[121.00752,14.59267],[121.00752,14.59276]]],[[[121.00789,14.59276],[121.00779,14.59285],[121.00789,14.59286],[121.00789,14.59276]]],[[[120.97856,14.59287],[120.97838,14.59278],[120.97838,14.59287],[120.97856,14.59287]]],[[[121.00315,14.59309],[121.00306,14.59281],[121.00306,14.59308],[121.00315,14.59309]]],[[[121.00742,14.59294],[121.00733,14.59303],[121.00761,14.59312],[121.00742,14.59294]]],[[[121.00547,14.5932],[121.00556,14.59302],[121.00547,14.59302],[121.00547,14.5932]]],[[[121.00788,14.59322],[121.00779,14.59313],[121.00779,14.59322],[121.00788,14.59322]]],[[[121.00566,14.5932],[121.00556,14.59329],[121.00565,14.59329],[121.00566,14.5932]]],[[[121.00157,14.59334],[121.00148,14.59325],[121.00148,14.59334],[121.00157,14.59334]]],[[[121.00176,14.59344],[121.00166,14.59334],[121.00166,14.59343],[121.00176,14.59344]]],[[[121.00194,14.59335],[121.00203,14.59353],[121.00204,14.59335],[121.00194,14.59335]]],[[[121.01345,14.59354],[121.01336,14.59344],[121.01335,14.59353],[121.01345,14.59354]]],[[[120.97271,14.59355],[120.97262,14.59346],[120.97262,14.59355],[120.97271,14.59355]]],[[[121.0063,14.59356],[121.00658,14.5933],[121.0063,14.59329],[121.0063,14.59356]]],[[[120.97986,14.59361],[120.97976,14.59352],[120.97976,14.59361],[120.97986,14.59361]]],[[[121.01298,14.59362],[121.01289,14.59353],[121.01289,14.59362],[121.01298,14.59362]]],[[[121.00584,14.59365],[121.00575,14.59356],[121.00574,14.59365],[121.00584,14.59365]]],[[[121.00658,14.59357],[121.00649,14.59366],[121.00658,14.59366],[121.00658,14.59357]]],[[[121.00741,14.59366],[121.00732,14.59357],[121.00732,14.59366],[121.00741,14.59366]]],[[[121.0076,14.59358],[121.00797,14.59367],[121.00797,14.59358],[121.0076,14.59358]]],[[[121.00194,14.59371],[121.00185,14.59353],[121.00185,14.59371],[121.00194,14.59371]]],[[[121.00621,14.59374],[121.00612,14.59365],[121.00611,14.59374],[121.00621,14.59374]]],[[[121.0076,14.59376],[121.00751,14.59367],[121.00751,14.59376],[121.0076,14.59376]]],[[[121.00147,14.59379],[121.00138,14.5937],[121.00138,14.59379],[121.00147,14.59379]]],[[[121.0012,14.59388],[121.0011,14.59379],[121.0011,14.59388],[121.0012,14.59388]]],[[[121.01214,14.59398],[121.01205,14.59388],[121.01205,14.59397],[121.01214,14.59398]]],[[[121.00648,14.59411],[121.00639,14.59402],[121.00639,14.59411],[121.00648,14.59411]]],[[[121.00658,14.59411],[121.00676,14.59402],[121.00658,14.59402],[121.00658,14.59411]]],[[[121.00713,14.59411],[121.00723,14.59402],[121.00713,14.59402],[121.00713,14.59411]]],[[[121.00685,14.59411],[121.00676,14.5942],[121.00685,14.5942],[121.00685,14.59411]]],[[[121.0011,14.59424],[121.00101,14.59406],[121.00101,14.59424],[121.0011,14.59424]]],[[[121.00463,14.59427],[121.00453,14.59418],[121.00453,14.59427],[121.00463,14.59427]]],[[[121.00657,14.59429],[121.00667,14.59438],[121.00667,14.59429],[121.00657,14.59429]]],[[[121.00741,14.59394],[121.00722,14.59439],[121.00741,14.59439],[121.00741,14.59394]]],[[[120.99831,14.5944],[120.99841,14.59431],[120.99832,14.59431],[120.99831,14.5944]]],[[[121.0127,14.59443],[121.01251,14.59434],[121.01251,14.59443],[121.0127,14.59443]]],[[[120.9985,14.5944],[120.99841,14.59449],[120.9985,14.59449],[120.9985,14.5944]]],[[[121.00202,14.59452],[121.00193,14.59443],[121.00193,14.59452],[121.00202,14.59452]]],[[[121.00685,14.59456],[121.00676,14.59447],[121.00676,14.59456],[121.00685,14.59456]]],[[[120.99859,14.59449],[120.9985,14.59458],[120.99859,14.59458],[120.99859,14.59449]]],[[[121.00137,14.59461],[121.00128,14.59452],[121.00128,14.59461],[121.00137,14.59461]]],[[[121.00639,14.59465],[121.00639,14.5942],[121.0062,14.59465],[121.00639,14.59465]]],[[[120.99868,14.59458],[120.99859,14.59467],[120.99868,14.59467],[120.99868,14.59458]]],[[[120.96825,14.59468],[120.96815,14.59459],[120.96815,14.59468],[120.96825,14.59468]]],[[[121.00202,14.59461],[121.00221,14.59479],[121.00221,14.5947],[121.00202,14.59461]]],[[[121.00202,14.59488],[121.00193,14.59479],[121.00193,14.59488],[121.00202,14.59488]]],[[[121.0023,14.5948],[121.00221,14.59488],[121.0023,14.59489],[121.0023,14.5948]]],[[[121.00239,14.59489],[121.0023,14.59498],[121.00239,14.59498],[121.00239,14.59489]]],[[[121.00109,14.59506],[121.001,14.59497],[121.001,14.59506],[121.00109,14.59506]]],[[[121.00248,14.59498],[121.00239,14.59516],[121.00248,14.59516],[121.00248,14.59498]]],[[[120.97771,14.59522],[120.97761,14.59513],[120.97761,14.59522],[120.97771,14.59522]]],[[[121.00119,14.5947],[121.00128,14.59524],[121.00128,14.5947],[121.00119,14.5947]]],[[[121.00109,14.59533],[121.001,14.59524],[121.001,14.59533],[121.00109,14.59533]]],[[[121.00007,14.59541],[120.99998,14.59532],[120.99998,14.59541],[121.00007,14.59541]]],[[[121.001,14.59542],[121.0009,14.59533],[121.0009,14.59542],[121.001,14.59542]]],[[[121.00127,14.59542],[121.00118,14.59533],[121.00118,14.59542],[121.00127,14.59542]]],[[[121.00907,14.59549],[121.00898,14.59539],[121.00898,14.59549],[121.00907,14.59549]]],[[[121.00025,14.5955],[121.00016,14.59541],[121.00016,14.5955],[121.00025,14.5955]]],[[[121.00044,14.59541],[121.00053,14.5955],[121.00053,14.59541],[121.00044,14.59541]]],[[[121.00044,14.59559],[121.00035,14.5955],[121.00034,14.59559],[121.00044,14.59559]]],[[[121.00266,14.59561],[121.00257,14.59552],[121.00257,14.59561],[121.00266,14.59561]]],[[[121.00406,14.59562],[121.00387,14.59553],[121.00387,14.59562],[121.00406,14.59562]]],[[[121.00433,14.59572],[121.00424,14.59553],[121.00424,14.59572],[121.00433,14.59572]]],[[[120.98039,14.59614],[120.9803,14.59605],[120.9803,14.59614],[120.98039,14.59614]]],[[[121.00349,14.59616],[121.0034,14.59607],[121.0034,14.59616],[121.00349,14.59616]]],[[[120.98299,14.59617],[120.9829,14.59607],[120.98289,14.59616],[120.98299,14.59617]]],[[[120.98327,14.59617],[120.98317,14.59608],[120.98317,14.59617],[120.98327,14.59617]]],[[[121.00405,14.59644],[121.00396,14.59635],[121.00396,14.59644],[121.00405,14.59644]]],[[[120.99069,14.5965],[120.99059,14.59641],[120.99059,14.5965],[120.99069,14.5965]]],[[[121.00423,14.59653],[121.00414,14.59644],[121.00414,14.59653],[121.00423,14.59653]]],[[[121.00609,14.59654],[121.006,14.59645],[121.006,14.59654],[121.00609,14.59654]]],[[[121.0046,14.59662],[121.00451,14.59653],[121.00451,14.59662],[121.0046,14.59662]]],[[[121.00201,14.59669],[121.00191,14.5966],[121.00191,14.59669],[121.00201,14.59669]]],[[[121.00126,14.59686],[121.00108,14.59677],[121.00108,14.59686],[121.00126,14.59686]]],[[[121.00089,14.59704],[121.0008,14.59695],[121.0008,14.59704],[121.00089,14.59704]]],[[[121.00078,14.59831],[121.00069,14.59822],[121.00069,14.59831],[121.00078,14.59831]]],[[[121.00162,14.5984],[121.00153,14.59831],[121.00153,14.5984],[121.00162,14.5984]]],[[[121.00078,14.59867],[121.00069,14.59858],[121.00069,14.59867],[121.00078,14.59867]]],[[[120.99632,14.5989],[120.99623,14.59881],[120.99623,14.5989],[120.99632,14.5989]]],[[[120.9966,14.59908],[120.99642,14.59899],[120.99642,14.59908],[120.9966,14.59908]]],[[[120.99994,14.59911],[120.99985,14.59902],[120.99985,14.59911],[120.99994,14.59911]]],[[[121.00161,14.59913],[121.00152,14.59904],[121.00152,14.59913],[121.00161,14.59913]]],[[[121.00226,14.5994],[121.00235,14.59922],[121.00226,14.59922],[121.00226,14.5994]]],[[[121.00244,14.59941],[121.00254,14.59959],[121.00263,14.59923],[121.00244,14.59941]]],[[[120.99409,14.5996],[120.99391,14.59942],[120.99391,14.5996],[120.99409,14.5996]]],[[[121.003,14.59968],[121.00291,14.59959],[121.00291,14.59968],[121.003,14.59968]]],[[[121.00309,14.59995],[121.00318,14.60004],[121.00318,14.59995],[121.00309,14.59995]]],[[[121.00309,14.60013],[121.003,14.60004],[121.00299,14.60013],[121.00309,14.60013]]],[[[120.99826,14.60036],[120.99835,14.60045],[120.99835,14.60036],[120.99826,14.60036]]],[[[121.00141,14.60048],[121.00132,14.60039],[121.00132,14.60048],[121.00141,14.60048]]],[[[121.0042,14.6005],[121.00401,14.60041],[121.00401,14.6005],[121.0042,14.6005]]],[[[120.99826,14.60054],[120.99807,14.60045],[120.99807,14.60054],[120.99826,14.60054]]],[[[121.00067,14.60038],[121.00086,14.60057],[121.00086,14.60048],[121.00067,14.60038]]],[[[121.00318,14.60013],[121.00308,14.60059],[121.00318,14.60059],[121.00318,14.60013]]],[[[121.00067,14.60066],[121.00058,14.60056],[121.00058,14.60065],[121.00067,14.60066]]],[[[121.00308,14.60077],[121.00299,14.60068],[121.00299,14.60077],[121.00308,14.60077]]],[[[120.99881,14.60091],[120.99872,14.60082],[120.99872,14.60091],[120.99881,14.60091]]],[[[121.00299,14.60104],[121.00308,14.60095],[121.00299,14.60095],[121.00299,14.60104]]],[[[121.00131,14.60138],[121.00141,14.60129],[121.00131,14.60129],[121.00131,14.60138]]],[[[121.0015,14.60139],[121.00141,14.60147],[121.0015,14.60148],[121.0015,14.60139]]],[[[121.00327,14.60104],[121.00308,14.60131],[121.00326,14.60149],[121.00327,14.60104]]],[[[121.00335,14.60149],[121.00326,14.60158],[121.00335,14.60158],[121.00335,14.60149]]],[[[121.00373,14.6014],[121.00345,14.60149],[121.00372,14.60159],[121.00373,14.6014]]],[[[121.00419,14.6015],[121.00382,14.60159],[121.00419,14.60159],[121.00419,14.6015]]],[[[120.98952,14.60173],[120.98943,14.60164],[120.98943,14.60173],[120.98952,14.60173]]],[[[120.98962,14.60164],[120.9898,14.60174],[120.9898,14.60156],[120.98962,14.60164]]],[[[121.00168,14.60193],[121.00159,14.60184],[121.00159,14.60193],[121.00168,14.60193]]],[[[121.00065,14.60264],[121.00047,14.60273],[121.00065,14.60291],[121.00065,14.60264]]],[[[121.00176,14.60283],[121.00214,14.60238],[121.00177,14.6022],[121.00176,14.60283]]],[[[121.00158,14.60301],[121.00167,14.60292],[121.00158,14.60292],[121.00158,14.60301]]],[[[120.99721,14.60316],[120.99731,14.60307],[120.99722,14.60307],[120.99721,14.60316]]],[[[120.9974,14.60316],[120.99731,14.60325],[120.9974,14.60325],[120.9974,14.60316]]],[[[121.00018,14.60327],[121.00009,14.60318],[121.00009,14.60327],[121.00018,14.60327]]],[[[121.00093,14.60328],[121.00083,14.60319],[121.00083,14.60328],[121.00093,14.60328]]],[[[120.99369,14.60331],[120.99359,14.60322],[120.99359,14.60331],[120.99369,14.60331]]],[[[121.00037,14.60345],[121.00027,14.60336],[121.00027,14.60345],[121.00037,14.60345]]],[[[121.00167,14.60301],[121.00167,14.60337],[121.00194,14.60347],[121.00195,14.60329],[121.00167,14.60301]]],[[[121.00204,14.60347],[121.00194,14.60356],[121.00204,14.60356],[121.00204,14.60347]]],[[[120.99239,14.60357],[120.99229,14.60348],[120.99229,14.60357],[120.99239,14.60357]]],[[[120.99591,14.6036],[120.99582,14.60351],[120.99582,14.6036],[120.99591,14.6036]]],[[[121.00027,14.60363],[121.00018,14.60354],[121.00018,14.60363],[121.00027,14.60363]]],[[[121.00046,14.60327],[121.00055,14.60337],[121.00074,14.60328],[121.00046,14.60327]]],[[[120.99953,14.60372],[120.99944,14.60363],[120.99944,14.60372],[120.99953,14.60372]]],[[[120.99971,14.60372],[121.0,14.60336],[120.99962,14.60354],[120.99971,14.60372]]],[[[121.00008,14.60399],[120.99981,14.60381],[120.9998,14.60399],[121.00008,14.60399]]],[[[120.99934,14.60408],[120.99925,14.60399],[120.99925,14.60408],[120.99934,14.60408]]],[[[121.00082,14.60409],[121.00092,14.604],[121.00083,14.604],[121.00082,14.60409]]],[[[121.00204,14.60356],[121.00185,14.6041],[121.00222,14.60419],[121.00203,14.60401],[121.00204,14.60356]]],[[[120.99971,14.60453],[120.9999,14.60426],[120.99962,14.60417],[120.99971,14.60453]]],[[[121.00101,14.60454],[121.00091,14.60445],[121.00091,14.60454],[121.00101,14.60454]]],[[[120.9998,14.60471],[120.99971,14.60462],[120.99971,14.60471],[120.9998,14.60471]]],[[[120.99822,14.60488],[120.99813,14.60479],[120.99813,14.60488],[120.99822,14.60488]]],[[[120.9997,14.60489],[120.99961,14.6048],[120.99961,14.60489],[120.9997,14.60489]]],[[[120.99989,14.6049],[120.9998,14.6048],[120.9998,14.6049],[120.99989,14.6049]]],[[[121.00027,14.60436],[121.00035,14.6049],[121.00045,14.60436],[121.00027,14.60436]]],[[[121.00092,14.60409],[121.00138,14.60473],[121.00212,14.60491],[121.00148,14.60328],[121.00148,14.60401],[121.00092,14.60409]]],[[[121.00147,14.60428],[121.00156,14.60437],[121.00147,14.60437],[121.00147,14.60428]]],[[[121.00026,14.60499],[121.00008,14.6049],[121.00007,14.60499],[121.00026,14.60499]]],[[[121.00165,14.60491],[121.00147,14.605],[121.00165,14.60509],[121.00165,14.60491]]],[[[120.99961,14.60498],[120.99998,14.60535],[120.99998,14.60499],[120.99961,14.60498]]],[[[120.99988,14.60544],[120.99979,14.60535],[120.99979,14.60544],[120.99988,14.60544]]],[[[120.99961,14.60553],[120.9997,14.60562],[120.9997,14.60553],[120.99961,14.60553]]],[[[120.9996,14.60571],[120.99951,14.60562],[120.99951,14.60571],[120.9996,14.60571]]],[[[120.99979,14.60562],[120.9997,14.60571],[120.99979,14.60571],[120.99979,14.60562]]],[[[120.99803,14.60578],[120.99793,14.60569],[120.99793,14.60578],[120.99803,14.60578]]],[[[120.9997,14.6058],[120.9996,14.60571],[120.9996,14.6058],[120.9997,14.6058]]],[[[121.00127,14.60581],[121.00137,14.60527],[121.00101,14.60463],[121.00054,14.60499],[121.001,14.60527],[121.00063,14.60544],[121.00127,14.60581]]],[[[120.9971,14.60587],[120.997,14.60577],[120.997,14.60587],[120.9971,14.60587]]],[[[120.9984,14.60579],[120.99849,14.60588],[120.99849,14.60579],[120.9984,14.60579]]],[[[120.99868,14.6057],[120.99886,14.60579],[120.99886,14.6057],[120.99868,14.6057]]],[[[120.99951,14.60589],[120.99923,14.6057],[120.99923,14.60579],[120.99951,14.60589]]],[[[120.99997,14.60589],[121.00007,14.6058],[120.99997,14.6058],[120.99997,14.60589]]],[[[120.9984,14.60597],[120.9983,14.60588],[120.9983,14.60597],[120.9984,14.60597]]],[[[120.99932,14.60589],[120.99914,14.60606],[120.99932,14.60616],[120.99932,14.60589]]],[[[120.99941,14.60616],[120.99951,14.60607],[120.99942,14.60607],[120.99941,14.60616]]],[[[120.99988,14.60598],[120.99969,14.60607],[120.99988,14.60616],[120.99988,14.60598]]],[[[120.9996,14.60616],[120.99951,14.60625],[120.9996,14.60625],[120.9996,14.60616]]],[[[120.99746,14.60632],[120.99737,14.60623],[120.99737,14.60632],[120.99746,14.60632]]],[[[120.99913,14.60634],[120.99904,14.60624],[120.99904,14.60633],[120.99913,14.60634]]],[[[121.00062,14.60635],[121.00071,14.60644],[121.00071,14.60635],[121.00062,14.60635]]],[[[120.99774,14.6065],[120.99765,14.60641],[120.99765,14.6065],[120.99774,14.6065]]],[[[120.99923,14.60652],[120.99913,14.60643],[120.99913,14.60652],[120.99923,14.60652]]],[[[121.00062,14.60653],[121.00053,14.60644],[121.00052,14.60653],[121.00062,14.60653]]],[[[120.99997,14.60661],[120.99941,14.60625],[120.99941,14.60643],[120.99997,14.60661]]],[[[120.99922,14.60679],[120.99895,14.6067],[120.99894,14.60679],[120.99922,14.60679]]],[[[120.9995,14.60661],[120.99932,14.60679],[120.99959,14.60679],[120.9995,14.60661]]],[[[121.00034,14.60689],[121.00025,14.60598],[121.00007,14.60589],[121.00034,14.60689]]],[[[120.99848,14.60696],[120.99895,14.60624],[120.9983,14.60606],[120.99858,14.60642],[120.99848,14.60696]]],[[[120.99885,14.60697],[120.99894,14.60688],[120.99885,14.60688],[120.99885,14.60697]]],[[[121.00006,14.60698],[120.99987,14.6067],[120.99987,14.60697],[121.00006,14.60698]]],[[[120.99848,14.60705],[120.99839,14.60696],[120.99839,14.60705],[120.99848,14.60705]]],[[[120.99904,14.60697],[120.99894,14.60706],[120.99903,14.60706],[120.99904,14.60697]]],[[[120.99727,14.60722],[120.99718,14.60713],[120.99718,14.60722],[120.99727,14.60722]]],[[[120.99764,14.60723],[120.99783,14.60732],[120.99783,14.60714],[120.99764,14.60723]]],[[[120.99819,14.60759],[120.99848,14.60723],[120.99829,14.60714],[120.99819,14.60759]]],[[[120.99875,14.60769],[120.99866,14.6076],[120.99866,14.60769],[120.99875,14.60769]]],[[[120.99921,14.60769],[120.99922,14.60697],[120.99885,14.60733],[120.99921,14.60769]]],[[[120.99996,14.60707],[120.99931,14.60778],[120.99986,14.60797],[120.99959,14.60751],[120.99996,14.60743],[120.99996,14.60707]]],[[[120.99745,14.60804],[120.99736,14.60786],[120.99736,14.60804],[120.99745,14.60804]]],[[[120.99819,14.60795],[120.99791,14.60804],[120.99819,14.60813],[120.99819,14.60795]]],[[[120.99912,14.60805],[120.99903,14.60814],[120.99912,14.60814],[120.99912,14.60805]]],[[[120.99893,14.60823],[120.99902,14.60832],[120.99902,14.60823],[120.99893,14.60823]]],[[[120.99874,14.60841],[120.99903,14.60796],[120.99856,14.60787],[120.99874,14.60841]]],[[[120.99847,14.6085],[120.99837,14.60859],[120.99846,14.60859],[120.99847,14.6085]]],[[[120.99642,14.60866],[120.99633,14.60857],[120.99633,14.60866],[120.99642,14.60866]]],[[[120.99828,14.60868],[120.99819,14.60832],[120.998,14.60858],[120.99828,14.60868]]],[[[120.99781,14.60885],[120.99763,14.60867],[120.99763,14.60885],[120.99781,14.60885]]],[[[120.99855,14.60886],[120.99837,14.60877],[120.99837,14.60886],[120.99855,14.60886]]],[[[120.99828,14.60895],[120.99818,14.60886],[120.99818,14.60895],[120.99828,14.60895]]],[[[120.99865,14.60868],[120.99883,14.60895],[120.99874,14.60868],[120.99865,14.60868]]],[[[120.99818,14.60913],[120.99827,14.60904],[120.99818,14.60904],[120.99818,14.60913]]],[[[120.99864,14.60913],[120.99855,14.60895],[120.99855,14.60913],[120.99864,14.60913]]],[[[120.99809,14.60922],[120.998,14.60913],[120.99799,14.60922],[120.99809,14.60922]]],[[[120.99837,14.60913],[120.99827,14.60922],[120.99837,14.60922],[120.99837,14.60913]]],[[[120.99855,14.60922],[120.99846,14.60913],[120.99846,14.60922],[120.99855,14.60922]]],[[[120.99846,14.60931],[120.99837,14.60922],[120.99836,14.60931],[120.99846,14.60931]]],[[[120.99883,14.60895],[120.99883,14.60941],[120.99939,14.60932],[120.99939,14.60914],[120.99883,14.60895]]],[[[120.99873,14.60949],[120.99855,14.6094],[120.99855,14.60949],[120.99873,14.60949]]],[[[120.99799,14.60949],[120.99808,14.60958],[120.99808,14.60949],[120.99799,14.60949]]],[[[120.99678,14.60966],[120.99669,14.60957],[120.99669,14.60966],[120.99678,14.60966]]],[[[120.99799,14.60967],[120.9979,14.60958],[120.9979,14.60967],[120.99799,14.60967]]],[[[120.99818,14.60976],[120.99808,14.60967],[120.99808,14.60976],[120.99818,14.60976]]],[[[120.99789,14.61012],[120.9978,14.61003],[120.9978,14.61012],[120.99789,14.61012]]],[[[120.99798,14.6103],[120.99789,14.61021],[120.99789,14.6103],[120.99798,14.6103]]],[[[120.99836,14.6104],[120.99882,14.61004],[120.99882,14.60986],[120.99799,14.61003],[120.99836,14.6104]]],[[[120.9978,14.61066],[120.99761,14.61048],[120.99752,14.61066],[120.9978,14.61066]]],[[[120.99232,14.6107],[120.99241,14.61062],[120.99232,14.61061],[120.99232,14.6107]]],[[[120.99807,14.61075],[120.99798,14.61066],[120.99798,14.61075],[120.99807,14.61075]]],[[[120.99826,14.61076],[120.99817,14.61057],[120.99817,14.61075],[120.99826,14.61076]]],[[[120.99816,14.61094],[120.99807,14.61084],[120.99807,14.61093],[120.99816,14.61094]]],[[[120.9926,14.6108],[120.99241,14.61098],[120.9925,14.61098],[120.9926,14.6108]]],[[[120.99222,14.61116],[120.99232,14.61107],[120.99222,14.61107],[120.99222,14.61116]]],[[[120.99241,14.61116],[120.99232,14.61125],[120.99241,14.61125],[120.99241,14.61116]]],[[[120.99872,14.6113],[120.99863,14.61112],[120.99863,14.6113],[120.99872,14.6113]]],[[[120.99695,14.61192],[120.99686,14.61183],[120.99686,14.61192],[120.99695,14.61192]]],[[[120.9976,14.61192],[120.9976,14.61147],[120.99723,14.61147],[120.99723,14.61165],[120.9976,14.61192]]],[[[120.99797,14.61193],[120.99788,14.61184],[120.99788,14.61193],[120.99797,14.61193]]],[[[120.99732,14.6121],[120.99713,14.61201],[120.99713,14.6121],[120.99732,14.6121]]],[[[120.9962,14.61236],[120.9963,14.61228],[120.9962,14.61227],[120.9962,14.61236]]],[[[120.99704,14.61237],[120.99713,14.61228],[120.99704,14.61228],[120.99704,14.61237]]],[[[120.99787,14.61229],[120.99797,14.61202],[120.99778,14.61211],[120.99787,14.61229]]],[[[120.99722,14.61237],[120.99713,14.61246],[120.99722,14.61246],[120.99722,14.61237]]],[[[120.99824,14.61238],[120.99815,14.61247],[120.99824,14.61247],[120.99824,14.61238]]],[[[120.99667,14.6121],[120.99629,14.61255],[120.99685,14.61264],[120.99667,14.6121]]],[[[120.99722,14.61264],[120.99713,14.61255],[120.99713,14.61264],[120.99722,14.61264]]],[[[120.99629,14.61273],[120.99639,14.61264],[120.99629,14.61264],[120.99629,14.61273]]],[[[120.99249,14.61278],[120.99239,14.61269],[120.99239,14.61278],[120.99249,14.61278]]],[[[120.99648,14.61273],[120.99638,14.61282],[120.99648,14.61282],[120.99648,14.61273]]],[[[120.99657,14.61282],[120.99648,14.61291],[120.99657,14.61291],[120.99657,14.61282]]],[[[120.99694,14.61282],[120.99666,14.61282],[120.99694,14.61291],[120.99694,14.61282]]],[[[120.99666,14.61291],[120.99657,14.613],[120.99666,14.613],[120.99666,14.61291]]],[[[120.99054,14.61304],[120.99044,14.61295],[120.99044,14.61304],[120.99054,14.61304]]],[[[120.99675,14.613],[120.99666,14.61309],[120.99675,14.61309],[120.99675,14.613]]],[[[120.99722,14.6131],[120.99703,14.61291],[120.99694,14.61309],[120.99722,14.6131]]],[[[120.99388,14.61307],[120.99425,14.61316],[120.99425,14.61307],[120.99388,14.61307]]],[[[120.99684,14.61327],[120.99694,14.61318],[120.99684,14.61318],[120.99684,14.61327]]],[[[120.99703,14.61328],[120.99694,14.61337],[120.99703,14.61337],[120.99703,14.61328]]],[[[120.99378,14.61343],[120.99369,14.61334],[120.99369,14.61343],[120.99378,14.61343]]],[[[120.99304,14.6136],[120.99294,14.61351],[120.99294,14.6136],[120.99304,14.6136]]],[[[120.98988,14.61376],[120.98979,14.61366],[120.98979,14.61376],[120.98988,14.61376]]],[[[120.99535,14.6138],[120.99517,14.61371],[120.99517,14.6138],[120.99535,14.6138]]],[[[120.99675,14.61382],[120.99665,14.61372],[120.99665,14.61381],[120.99675,14.61382]]],[[[120.99517,14.61389],[120.99508,14.6138],[120.99508,14.61389],[120.99517,14.61389]]],[[[120.99526,14.61389],[120.99517,14.61398],[120.99526,14.61398],[120.99526,14.61389]]],[[[120.99554,14.61344],[120.99545,14.6138],[120.99591,14.61399],[120.99647,14.61318],[120.99601,14.61281],[120.99601,14.61345],[120.99554,14.61344]]],[[[120.99619,14.61345],[120.9961,14.61336],[120.99619,14.61336],[120.99619,14.61345]]],[[[120.99498,14.61407],[120.9948,14.61389],[120.9948,14.61407],[120.99498,14.61407]]],[[[120.99572,14.61426],[120.99563,14.61408],[120.99563,14.61426],[120.99572,14.61426]]],[[[120.99609,14.61408],[120.99637,14.61417],[120.99628,14.61399],[120.99609,14.61408]]],[[[120.99786,14.6141],[120.99684,14.61382],[120.99786,14.61428],[120.99786,14.6141]]],[[[120.99414,14.61443],[120.99405,14.61433],[120.99405,14.61442],[120.99414,14.61443]]],[[[120.98904,14.61447],[120.98895,14.61438],[120.98895,14.61447],[120.98904,14.61447]]],[[[120.99423,14.61461],[120.99414,14.61452],[120.99414,14.61461],[120.99423,14.61461]]],[[[120.9947,14.61461],[120.99461,14.61452],[120.9946,14.61461],[120.9947,14.61461]]],[[[120.99432,14.61488],[120.9946,14.6147],[120.99433,14.6147],[120.99432,14.61488]]],[[[120.98848,14.61492],[120.98839,14.61465],[120.98838,14.61492],[120.98848,14.61492]]],[[[120.99367,14.61496],[120.99358,14.61487],[120.99358,14.61496],[120.99367,14.61496]]],[[[120.99507,14.61489],[120.99479,14.61497],[120.99507,14.61498],[120.99507,14.61489]]],[[[120.99534,14.61498],[120.99525,14.61489],[120.99525,14.61498],[120.99534,14.61498]]],[[[120.97901,14.61502],[120.97892,14.61493],[120.97892,14.61502],[120.97901,14.61502]]],[[[120.9959,14.61507],[120.99628,14.61462],[120.99553,14.61471],[120.99479,14.61416],[120.9959,14.61507]]],[[[120.99526,14.61453],[120.99516,14.61443],[120.99526,14.61443],[120.99526,14.61453]]],[[[120.99507,14.61434],[120.99498,14.61425],[120.99507,14.61425],[120.99507,14.61434]]],[[[120.98829,14.6151],[120.9882,14.61501],[120.9882,14.6151],[120.98829,14.6151]]],[[[120.98848,14.6151],[120.98838,14.61501],[120.98838,14.6151],[120.98848,14.6151]]],[[[120.99469,14.61506],[120.99479,14.61515],[120.99479,14.61506],[120.99469,14.61506]]],[[[120.99469,14.61524],[120.9946,14.61515],[120.9946,14.61524],[120.99469,14.61524]]],[[[120.99516,14.61525],[120.99525,14.61516],[120.99516,14.61516],[120.99516,14.61525]]],[[[120.98829,14.61528],[120.9882,14.61519],[120.9882,14.61528],[120.98829,14.61528]]],[[[120.97836,14.61528],[120.97827,14.61519],[120.97827,14.61528],[120.97836,14.61528]]],[[[120.99506,14.61516],[120.99488,14.61534],[120.99506,14.61525],[120.99506,14.61516]]],[[[120.99534,14.61525],[120.99525,14.61534],[120.99534,14.61534],[120.99534,14.61525]]],[[[120.99525,14.61543],[120.99516,14.61534],[120.99515,14.61543],[120.99525,14.61543]]],[[[120.99543,14.61525],[120.99571,14.61534],[120.99581,14.61516],[120.99543,14.61525]]],[[[120.9881,14.61546],[120.98801,14.61537],[120.98801,14.61546],[120.9881,14.61546]]],[[[120.99497,14.61552],[120.99488,14.61543],[120.99487,14.61552],[120.99497,14.61552]]],[[[120.97669,14.61554],[120.97659,14.61545],[120.97659,14.61554],[120.97669,14.61554]]],[[[120.99432,14.6156],[120.99413,14.61542],[120.99413,14.6156],[120.99432,14.6156]]],[[[120.9765,14.61563],[120.97641,14.61554],[120.97641,14.61563],[120.9765,14.61563]]],[[[120.98801,14.61564],[120.98782,14.61555],[120.98782,14.61564],[120.98801,14.61564]]],[[[120.99543,14.6157],[120.99534,14.61561],[120.99534,14.6157],[120.99543,14.6157]]],[[[120.99404,14.61569],[120.99385,14.61578],[120.99404,14.61587],[120.99404,14.61569]]],[[[120.98745,14.6159],[120.98754,14.61572],[120.98745,14.61572],[120.98745,14.6159]]],[[[120.98763,14.61591],[120.98754,14.616],[120.98763,14.616],[120.98763,14.61591]]],[[[120.98754,14.61618],[120.98745,14.61608],[120.98744,14.61617],[120.98754,14.61618]]],[[[120.99422,14.61605],[120.99403,14.61614],[120.99422,14.61623],[120.99422,14.61605]]],[[[120.98717,14.61608],[120.98698,14.61626],[120.98716,14.61635],[120.98717,14.61608]]],[[[120.99422,14.61641],[120.99431,14.61632],[120.99422,14.61632],[120.99422,14.61641]]],[[[120.99375,14.6165],[120.99366,14.61641],[120.99366,14.6165],[120.99375,14.6165]]],[[[120.9944,14.61642],[120.99431,14.61651],[120.9944,14.61651],[120.9944,14.61642]]],[[[120.99477,14.61633],[120.9945,14.61642],[120.99487,14.61651],[120.99477,14.61633]]],[[[120.98661,14.61662],[120.98651,14.61653],[120.98651,14.61662],[120.98661,14.61662]]],[[[120.98698,14.61662],[120.98689,14.61635],[120.98688,14.61662],[120.98698,14.61662]]],[[[120.99394,14.61668],[120.99384,14.61659],[120.99384,14.61668],[120.99394,14.61668]]],[[[120.99486,14.61669],[120.99496,14.6166],[120.99487,14.6166],[120.99486,14.61669]]],[[[120.99431,14.61678],[120.99449,14.6166],[120.99431,14.61669],[120.99431,14.61678]]],[[[120.99505,14.61669],[120.99496,14.61678],[120.99505,14.61678],[120.99505,14.61669]]],[[[120.99459,14.61678],[120.99449,14.61687],[120.99458,14.61687],[120.99459,14.61678]]],[[[120.99514,14.61678],[120.99505,14.61696],[120.99514,14.61696],[120.99514,14.61678]]],[[[120.98651,14.61698],[120.98632,14.61689],[120.98632,14.61698],[120.98651,14.61698]]],[[[120.9943,14.61705],[120.99421,14.61687],[120.99421,14.61705],[120.9943,14.61705]]],[[[120.98809,14.61708],[120.9879,14.61699],[120.9879,14.61708],[120.98809,14.61708]]],[[[120.99338,14.61632],[120.99338,14.61713],[120.99375,14.61713],[120.99338,14.61632]]],[[[120.98799,14.61735],[120.9879,14.61726],[120.9879,14.61735],[120.98799,14.61735]]],[[[120.99161,14.61739],[120.99152,14.61729],[120.99152,14.61738],[120.99161,14.61739]]],[[[120.98892,14.61745],[120.98883,14.61727],[120.98883,14.61745],[120.98892,14.61745]]],[[[120.99226,14.61757],[120.99235,14.61748],[120.99226,14.61748],[120.99226,14.61757]]],[[[120.99124,14.61765],[120.99105,14.61756],[120.99105,14.61765],[120.99124,14.61765]]],[[[120.99142,14.61766],[120.99133,14.61756],[120.99133,14.61765],[120.99142,14.61766]]],[[[120.99244,14.61757],[120.99235,14.61766],[120.99244,14.61766],[120.99244,14.61757]]],[[[120.99263,14.61758],[120.99272,14.61767],[120.99272,14.61758],[120.99263,14.61758]]],[[[120.99328,14.61767],[120.99328,14.6174],[120.9931,14.61686],[120.99328,14.61767]]],[[[120.99179,14.61766],[120.99188,14.61775],[120.99189,14.61766],[120.99179,14.61766]]],[[[120.99263,14.61776],[120.99244,14.61766],[120.99244,14.61775],[120.99263,14.61776]]],[[[120.98845,14.61754],[120.98836,14.61781],[120.98854,14.61781],[120.98845,14.61754]]],[[[120.99244,14.61784],[120.99235,14.61775],[120.99235,14.61784],[120.99244,14.61784]]],[[[120.99291,14.61767],[120.99281,14.61785],[120.993,14.61785],[120.99291,14.61767]]],[[[120.99485,14.61778],[120.9944,14.61705],[120.99356,14.6174],[120.99393,14.61786],[120.99485,14.61778]]],[[[120.99179,14.61793],[120.9917,14.61775],[120.9917,14.61793],[120.99179,14.61793]]],[[[120.99235,14.61793],[120.99226,14.61784],[120.99225,14.61793],[120.99235,14.61793]]],[[[120.99225,14.61802],[120.99216,14.61793],[120.99216,14.61802],[120.99225,14.61802]]],[[[120.98789,14.61808],[120.98817,14.6179],[120.98789,14.61772],[120.98789,14.61808]]],[[[120.99197,14.61811],[120.99179,14.61802],[120.99179,14.61811],[120.99197,14.61811]]],[[[120.99328,14.61785],[120.99309,14.61812],[120.99327,14.61812],[120.99328,14.61785]]],[[[120.99077,14.61801],[120.99095,14.6181],[120.99095,14.61801],[120.99077,14.61801]]],[[[120.99244,14.61821],[120.99235,14.61811],[120.99234,14.61821],[120.99244,14.61821]]],[[[120.99337,14.61812],[120.99327,14.61821],[120.99337,14.61821],[120.99337,14.61812]]],[[[120.99123,14.61829],[120.99114,14.61819],[120.99114,14.61829],[120.99123,14.61829]]],[[[120.99123,14.61811],[120.99151,14.61829],[120.9916,14.61811],[120.99123,14.61811]]],[[[120.99123,14.61847],[120.99114,14.61838],[120.99114,14.61847],[120.99123,14.61847]]],[[[120.99169,14.61856],[120.9916,14.61847],[120.9916,14.61856],[120.99169,14.61856]]],[[[120.98807,14.61889],[120.98798,14.6188],[120.98798,14.61889],[120.98807,14.61889]]],[[[120.99187,14.61892],[120.99206,14.61884],[120.99178,14.61874],[120.99187,14.61892]]],[[[120.98807,14.61907],[120.98798,14.61898],[120.98798,14.61907],[120.98807,14.61907]]],[[[120.99215,14.61902],[120.99206,14.61911],[120.99215,14.61911],[120.99215,14.61902]]],[[[120.99029,14.61918],[120.99011,14.619],[120.99011,14.61918],[120.99029,14.61918]]],[[[120.99243,14.61911],[120.99215,14.6192],[120.99243,14.6192],[120.99243,14.61911]]],[[[120.99085,14.61937],[120.99076,14.61919],[120.99066,14.61937],[120.99085,14.61937]]],[[[120.99038,14.61945],[120.99029,14.61936],[120.99029,14.61945],[120.99038,14.61945]]],[[[120.98946,14.61954],[120.98974,14.61945],[120.98955,14.61927],[120.98946,14.61954]]],[[[120.98415,14.62103],[120.98406,14.62094],[120.98406,14.62103],[120.98415,14.62103]]],[[[120.98479,14.62194],[120.9847,14.62184],[120.9847,14.62193],[120.98479,14.62194]]],[[[120.98489,14.62194],[120.98499,14.62103],[120.98489,14.62103],[120.98489,14.62194]]],[[[120.98507,14.62194],[120.98498,14.62203],[120.98507,14.62203],[120.98507,14.62194]]],[[[120.98507,14.62203],[120.98535,14.62221],[120.98581,14.62222],[120.98581,14.62213],[120.98507,14.62203]]],[[[120.986,14.62222],[120.98581,14.62231],[120.986,14.62231],[120.986,14.62222]]],[[[120.98516,14.62266],[120.98497,14.62257],[120.98497,14.62266],[120.98516,14.62266]]],[[[120.986,14.6224],[120.98609,14.62258],[120.98627,14.62276],[120.986,14.6224]]],[[[120.98479,14.62284],[120.98469,14.62266],[120.98469,14.62284],[120.98479,14.62284]]],[[[120.98367,14.62292],[120.98349,14.62283],[120.98349,14.62292],[120.98367,14.62292]]],[[[120.98469,14.62302],[120.98478,14.62293],[120.98469,14.62293],[120.98469,14.62302]]],[[[120.98525,14.62302],[120.98534,14.62293],[120.98525,14.62293],[120.98525,14.62302]]],[[[120.98488,14.62302],[120.98478,14.62311],[120.98488,14.62311],[120.98488,14.62302]]],[[[120.98543,14.62303],[120.98534,14.62311],[120.98543,14.62312],[120.98543,14.62303]]],[[[120.98581,14.62258],[120.98534,14.62266],[120.98562,14.62312],[120.98581,14.62294],[120.98581,14.62258]]],[[[120.98376,14.62328],[120.98385,14.62319],[120.98376,14.62319],[120.98376,14.62328]]],[[[120.98664,14.62349],[120.98655,14.62313],[120.98654,14.62349],[120.98664,14.62349]]],[[[120.98385,14.62328],[120.98413,14.62365],[120.98459,14.62365],[120.9845,14.62347],[120.98385,14.62328]]],[[[120.98097,14.62389],[120.98088,14.6238],[120.98088,14.62389],[120.98097,14.62389]]],[[[120.96519,14.6242],[120.96566,14.62421],[120.96566,14.62412],[120.96519,14.6242]]],[[[120.95526,14.62448],[120.95517,14.62439],[120.95517,14.62448],[120.95526,14.62448]]],[[[120.98189,14.62453],[120.9818,14.62444],[120.9818,14.62453],[120.98189,14.62453]]],[[[120.98468,14.62456],[120.98459,14.62446],[120.98458,14.62455],[120.98468,14.62456]]],[[[120.9547,14.62466],[120.95461,14.62456],[120.95461,14.62465],[120.9547,14.62466]]],[[[120.98598,14.62457],[120.98616,14.62466],[120.98616,14.62457],[120.98598,14.62457]]],[[[120.98143,14.62489],[120.98133,14.62471],[120.98133,14.62489],[120.98143,14.62489]]],[[[120.98634,14.62493],[120.98625,14.62484],[120.98625,14.62493],[120.98634,14.62493]]],[[[120.96491,14.62502],[120.96481,14.62492],[120.96481,14.62501],[120.96491,14.62502]]],[[[120.98653,14.62502],[120.98644,14.62493],[120.98644,14.62502],[120.98653,14.62502]]],[[[120.98699,14.62503],[120.9869,14.62494],[120.9869,14.62503],[120.98699,14.62503]]],[[[120.98282,14.62508],[120.98272,14.62499],[120.98272,14.62508],[120.98282,14.62508]]],[[[120.98671,14.62511],[120.98662,14.62493],[120.98662,14.62511],[120.98671,14.62511]]],[[[120.98727,14.62476],[120.987,14.62467],[120.98718,14.62512],[120.98764,14.62494],[120.98727,14.62476]]],[[[120.98254,14.62535],[120.98263,14.62517],[120.98254,14.62517],[120.98254,14.62535]]],[[[120.98281,14.62526],[120.98291,14.62535],[120.98291,14.62526],[120.98281,14.62526]]],[[[120.98281,14.62544],[120.98263,14.62535],[120.98263,14.62544],[120.98281,14.62544]]],[[[120.98216,14.62553],[120.98207,14.62544],[120.98207,14.62553],[120.98216,14.62553]]],[[[120.95645,14.62557],[120.95636,14.62548],[120.95636,14.62557],[120.95645,14.62557]]],[[[120.95543,14.62548],[120.95525,14.62556],[120.95543,14.62566],[120.95543,14.62548]]],[[[120.98671,14.62539],[120.98708,14.62548],[120.98708,14.62521],[120.98671,14.62539]]],[[[120.98198,14.62571],[120.98188,14.62562],[120.98188,14.62571],[120.98198,14.62571]]],[[[120.95627,14.62584],[120.95618,14.62566],[120.95617,14.62584],[120.95627,14.62584]]],[[[120.98086,14.62588],[120.98077,14.6257],[120.98077,14.62588],[120.98086,14.62588]]],[[[120.95664,14.62594],[120.95654,14.62585],[120.95654,14.62594],[120.95664,14.62594]]],[[[120.98169,14.62598],[120.98179,14.6258],[120.9817,14.62579],[120.98169,14.62598]]],[[[120.98671,14.62602],[120.98661,14.62593],[120.98661,14.62602],[120.98671,14.62602]]],[[[120.98207,14.62598],[120.98216,14.62607],[120.98216,14.62598],[120.98207,14.62598]]],[[[120.98188,14.62616],[120.98197,14.62598],[120.98179,14.62598],[120.98188,14.62616]]],[[[120.96313,14.62618],[120.96369,14.62618],[120.96379,14.62555],[120.96313,14.62618]]],[[[120.9635,14.62618],[120.96341,14.62609],[120.9635,14.62609],[120.9635,14.62618]]],[[[120.98151,14.62633],[120.98141,14.62615],[120.98141,14.62633],[120.98151,14.62633]]],[[[120.95589,14.62638],[120.95598,14.62647],[120.95598,14.62638],[120.95589,14.62638]]],[[[120.95589,14.62656],[120.9558,14.62647],[120.9558,14.62656],[120.95589,14.62656]]],[[[120.98039,14.6266],[120.98085,14.62651],[120.98086,14.62633],[120.9803,14.62614],[120.98039,14.6266]]],[[[120.98113,14.6266],[120.98095,14.62651],[120.98095,14.6266],[120.98113,14.6266]]],[[[120.96331,14.62645],[120.9635,14.62663],[120.9635,14.62645],[120.96331,14.62645]]],[[[120.98048,14.6266],[120.98039,14.62669],[120.98048,14.62669],[120.98048,14.6266]]],[[[120.9634,14.62672],[120.96331,14.62663],[120.96331,14.62672],[120.9634,14.62672]]],[[[120.98057,14.62669],[120.98048,14.62678],[120.98057,14.62678],[120.98057,14.62669]]],[[[120.98076,14.62678],[120.98057,14.62687],[120.98076,14.62687],[120.98076,14.62678]]],[[[120.98113,14.62678],[120.98122,14.62687],[120.98122,14.62678],[120.98113,14.62678]]],[[[120.98428,14.6269],[120.98438,14.62681],[120.98429,14.62681],[120.98428,14.6269]]],[[[120.95579,14.62692],[120.9557,14.62665],[120.9557,14.62692],[120.95579,14.62692]]],[[[120.98113,14.62696],[120.98094,14.62687],[120.98094,14.62696],[120.98113,14.62696]]],[[[120.98447,14.6269],[120.98438,14.62699],[120.98447,14.62699],[120.98447,14.6269]]],[[[120.98595,14.62701],[120.98586,14.62691],[120.98586,14.62701],[120.98595,14.62701]]],[[[120.9815,14.62724],[120.98122,14.62733],[120.9815,14.62733],[120.9815,14.62724]]],[[[120.95449,14.62736],[120.9544,14.62727],[120.9544,14.62736],[120.95449,14.62736]]],[[[120.97797,14.62748],[120.97778,14.62739],[120.97778,14.62748],[120.97797,14.62748]]],[[[120.9556,14.62765],[120.95542,14.62755],[120.95541,14.62764],[120.9556,14.62765]]],[[[120.98149,14.62778],[120.9814,14.62769],[120.9814,14.62778],[120.98149,14.62778]]],[[[120.98177,14.62733],[120.98205,14.62779],[120.98205,14.62715],[120.98177,14.62733]]],[[[120.98177,14.62787],[120.98158,14.62778],[120.98158,14.62787],[120.98177,14.62787]]],[[[120.98186,14.62787],[120.98177,14.62796],[120.98186,14.62796],[120.98186,14.62787]]],[[[120.97889,14.62803],[120.97898,14.62812],[120.97898,14.62803],[120.97889,14.62803]]],[[[120.97861,14.62821],[120.97852,14.62812],[120.97852,14.62821],[120.97861,14.62821]]],[[[120.97889,14.62821],[120.9788,14.62812],[120.9788,14.62821],[120.97889,14.62821]]],[[[120.98158,14.62832],[120.98167,14.62823],[120.98158,14.62823],[120.98158,14.62832]]],[[[120.98436,14.62835],[120.98427,14.62817],[120.98427,14.62835],[120.98436,14.62835]]],[[[120.98529,14.62836],[120.9852,14.62826],[120.9852,14.62836],[120.98529,14.62836]]],[[[120.98186,14.62806],[120.98195,14.62842],[120.98205,14.62815],[120.98186,14.62806]]],[[[120.95986,14.6285],[120.95977,14.6284],[120.95977,14.6285],[120.95986,14.6285]]],[[[120.98334,14.62825],[120.98353,14.62843],[120.98353,14.62825],[120.98334,14.62825]]],[[[120.98343,14.62861],[120.98362,14.62879],[120.98362,14.6287],[120.98343,14.62861]]],[[[120.98343,14.62888],[120.98334,14.62879],[120.98334,14.62888],[120.98343,14.62888]]],[[[120.9838,14.62879],[120.9839,14.62889],[120.9839,14.62871],[120.9838,14.62879]]],[[[120.95967,14.62895],[120.95958,14.62867],[120.95958,14.62895],[120.95967,14.62895]]],[[[120.98315,14.62888],[120.98324,14.62897],[120.98325,14.62888],[120.98315,14.62888]]],[[[120.98455,14.6288],[120.98464,14.62898],[120.98464,14.6288],[120.98455,14.6288]]],[[[120.98241,14.62842],[120.98223,14.62833],[120.98222,14.62905],[120.9826,14.62878],[120.98241,14.62842]]],[[[120.98436,14.62907],[120.98445,14.62889],[120.98427,14.62889],[120.98436,14.62907]]],[[[120.98222,14.62914],[120.98213,14.62905],[120.98213,14.62914],[120.98222,14.62914]]],[[[120.98315,14.62915],[120.98306,14.62897],[120.98306,14.62915],[120.98315,14.62915]]],[[[120.98213,14.62923],[120.98204,14.62914],[120.98204,14.62923],[120.98213,14.62923]]],[[[120.9826,14.62897],[120.9825,14.62924],[120.98259,14.62924],[120.9826,14.62897]]],[[[120.98306,14.62924],[120.98287,14.62915],[120.98287,14.62924],[120.98306,14.62924]]],[[[120.98241,14.62932],[120.9825,14.62942],[120.9825,14.62933],[120.98241,14.62932]]],[[[120.98203,14.6295],[120.98194,14.62941],[120.98194,14.6295],[120.98203,14.6295]]],[[[120.9824,14.62951],[120.98231,14.62941],[120.98231,14.6295],[120.9824,14.62951]]],[[[120.98268,14.62942],[120.98278,14.62951],[120.98278,14.62942],[120.98268,14.62942]]],[[[120.98268,14.6296],[120.9825,14.62951],[120.9825,14.6296],[120.98268,14.6296]]],[[[120.95948,14.62958],[120.95967,14.62967],[120.95967,14.62958],[120.95948,14.62958]]],[[[120.98231,14.62969],[120.98222,14.6295],[120.98222,14.62968],[120.98231,14.62969]]],[[[120.9825,14.62969],[120.9824,14.6296],[120.9824,14.62969],[120.9825,14.62969]]],[[[120.95948,14.62976],[120.95939,14.62967],[120.95939,14.62976],[120.95948,14.62976]]],[[[120.95976,14.62967],[120.95966,14.62976],[120.95976,14.62976],[120.95976,14.62967]]],[[[120.9824,14.62978],[120.98231,14.62969],[120.98231,14.62978],[120.9824,14.62978]]],[[[120.95985,14.62976],[120.95976,14.62985],[120.95985,14.62985],[120.95985,14.62976]]],[[[120.98231,14.62987],[120.98222,14.62978],[120.98222,14.62987],[120.98231,14.62987]]],[[[120.95994,14.62985],[120.95985,14.62994],[120.95994,14.62994],[120.95994,14.62985]]],[[[120.98221,14.62996],[120.98212,14.62986],[120.98212,14.62995],[120.98221,14.62996]]],[[[120.95938,14.63003],[120.95929,14.62994],[120.95929,14.63003],[120.95938,14.63003]]],[[[120.98193,14.63013],[120.98203,14.63023],[120.98203,14.63013],[120.98193,14.63013]]],[[[120.98193,14.63031],[120.98184,14.63022],[120.98184,14.63031],[120.98193,14.63031]]],[[[120.9604,14.6304],[120.96031,14.63031],[120.96031,14.6304],[120.9604,14.6304]]],[[[120.98128,14.63049],[120.98119,14.63031],[120.9811,14.63049],[120.98128,14.63049]]],[[[120.98165,14.6304],[120.98175,14.63049],[120.98175,14.6304],[120.98165,14.6304]]],[[[120.95929,14.63057],[120.95919,14.63048],[120.95919,14.63057],[120.95929,14.63057]]],[[[120.98091,14.63049],[120.981,14.63058],[120.981,14.63049],[120.98091,14.63049]]],[[[120.98147,14.6304],[120.98137,14.63058],[120.98147,14.63058],[120.98147,14.6304]]],[[[120.98165,14.63058],[120.98156,14.63049],[120.98156,14.63058],[120.98165,14.63058]]],[[[120.98091,14.63067],[120.98082,14.63058],[120.98082,14.63067],[120.98091,14.63067]]],[[[120.98156,14.63067],[120.98147,14.63058],[120.98147,14.63067],[120.98156,14.63067]]],[[[120.94453,14.6308],[120.94434,14.63071],[120.94434,14.6308],[120.94453,14.6308]]],[[[120.98118,14.63094],[120.98109,14.63085],[120.98109,14.63094],[120.98118,14.63094]]],[[[120.98081,14.63094],[120.98054,14.63066],[120.98063,14.63103],[120.98081,14.63094]]],[[[120.98063,14.63112],[120.98053,14.63103],[120.98053,14.63112],[120.98063,14.63112]]],[[[120.96197,14.63113],[120.96188,14.63104],[120.96188,14.63113],[120.96197,14.63113]]],[[[120.98053,14.63121],[120.98044,14.63112],[120.98044,14.63121],[120.98053,14.63121]]],[[[120.94526,14.63135],[120.94517,14.63126],[120.94517,14.63135],[120.94526,14.63135]]],[[[120.98053,14.63148],[120.98044,14.6313],[120.98044,14.63148],[120.98053,14.63148]]],[[[120.96188,14.6315],[120.96178,14.6314],[120.96178,14.63149],[120.96188,14.6315]]],[[[120.98034,14.63202],[120.98025,14.63193],[120.98025,14.63202],[120.98034,14.63202]]],[[[120.97254,14.63204],[120.97236,14.63168],[120.9718,14.63176],[120.9718,14.63203],[120.97254,14.63204]]],[[[120.96196,14.63213],[120.96187,14.63204],[120.96187,14.63213],[120.96196,14.63213]]],[[[120.97264,14.63204],[120.97254,14.63213],[120.97264,14.63213],[120.97264,14.63204]]],[[[120.97171,14.63212],[120.9718,14.63221],[120.9718,14.63212],[120.97171,14.63212]]],[[[120.97171,14.6323],[120.97161,14.63221],[120.97161,14.6323],[120.97171,14.6323]]],[[[120.98024,14.63238],[120.98015,14.63211],[120.98015,14.63238],[120.98024,14.63238]]],[[[120.97161,14.63239],[120.97133,14.6323],[120.97133,14.63239],[120.97161,14.63239]]],[[[120.97272,14.63267],[120.97263,14.63258],[120.97263,14.63267],[120.97272,14.63267]]],[[[120.97244,14.63285],[120.97235,14.63276],[120.97235,14.63285],[120.97244,14.63285]]],[[[120.97133,14.63293],[120.97142,14.63275],[120.97133,14.63275],[120.97133,14.63293]]],[[[120.97216,14.63294],[120.97207,14.63285],[120.97207,14.63294],[120.97216,14.63294]]],[[[120.97188,14.63303],[120.97179,14.63294],[120.97179,14.63303],[120.97188,14.63303]]],[[[120.97161,14.63294],[120.97151,14.63312],[120.9717,14.63312],[120.97161,14.63294]]],[[[120.96176,14.63348],[120.96167,14.63339],[120.96167,14.63348],[120.96176,14.63348]]],[[[120.95842,14.63372],[120.95833,14.63363],[120.95833,14.63372],[120.95842,14.63372]]],[[[120.96148,14.63402],[120.96139,14.63393],[120.96139,14.63402],[120.96148,14.63402]]],[[[120.95814,14.63454],[120.95804,14.63444],[120.95804,14.63453],[120.95814,14.63454]]],[[[120.95776,14.63462],[120.95767,14.63444],[120.95767,14.63462],[120.95776,14.63462]]],[[[120.9611,14.63456],[120.9612,14.63474],[120.9612,14.63456],[120.9611,14.63456]]],[[[120.95785,14.6348],[120.95776,14.63471],[120.95776,14.6348],[120.95785,14.6348]]],[[[120.96036,14.63483],[120.96027,14.63473],[120.96027,14.63482],[120.96036,14.63483]]],[[[120.97818,14.63498],[120.97809,14.63489],[120.97809,14.63498],[120.97818,14.63498]]],[[[120.9611,14.63474],[120.96064,14.63474],[120.96045,14.63492],[120.96091,14.63528],[120.9611,14.63474]]],[[[120.9611,14.63528],[120.96091,14.63537],[120.9611,14.63537],[120.9611,14.63528]]],[[[120.97789,14.6357],[120.9778,14.63561],[120.9778,14.6357],[120.97789,14.6357]]],[[[120.97553,14.64047],[120.976,14.6393],[120.97554,14.63921],[120.97553,14.64047]]],[[[120.97618,14.64021],[120.9759,14.64029],[120.97618,14.64048],[120.97618,14.64021]]],[[[120.97673,14.64111],[120.97664,14.64102],[120.97664,14.64111],[120.97673,14.64111]]],[[[120.97543,14.64119],[120.97534,14.6411],[120.97534,14.64119],[120.97543,14.64119]]],[[[120.97775,14.64121],[120.97784,14.64112],[120.97775,14.64112],[120.97775,14.64121]]],[[[120.97691,14.6413],[120.97682,14.6412],[120.97682,14.6413],[120.97691,14.6413]]],[[[120.97794,14.64121],[120.97784,14.6413],[120.97793,14.6413],[120.97794,14.64121]]],[[[120.97682,14.64157],[120.97691,14.64148],[120.97682,14.64148],[120.97682,14.64157]]],[[[120.977,14.64157],[120.97691,14.64184],[120.977,14.64184],[120.977,14.64157]]],[[[120.97691,14.6422],[120.97681,14.64211],[120.97681,14.6422],[120.97691,14.6422]]],[[[120.96111,14.64369],[120.96102,14.64351],[120.96093,14.64369],[120.96111,14.64369]]],[[[120.97326,14.64479],[120.97335,14.64488],[120.97335,14.64479],[120.97326,14.64479]]],[[[120.97326,14.64497],[120.97317,14.64488],[120.97317,14.64497],[120.97326,14.64497]]],[[[120.97344,14.64515],[120.97335,14.64506],[120.97335,14.64515],[120.97344,14.64515]]],[[[120.97216,14.64871],[120.97211,14.64857],[120.97211,14.64871],[120.97216,14.64871]]],[[[120.9696,14.65438],[120.96988,14.65384],[120.96984,14.65384],[120.9696,14.65438]]],[[[120.96936,14.65519],[120.96959,14.65497],[120.96936,14.65515],[120.96936,14.65519]]],[[[120.96741,14.65545],[120.96764,14.65518],[120.9675,14.65518],[120.96741,14.65545]]],[[[120.9693,14.6565],[120.96926,14.65627],[120.96926,14.6565],[120.9693,14.6565]]],[[[120.96935,14.65677],[120.96958,14.65655],[120.96935,14.65655],[120.96935,14.65677]]],[[[120.96986,14.65682],[120.96958,14.65696],[120.96985,14.65705],[120.96986,14.65682]]],[[[120.9704,14.65872],[120.97012,14.65791],[120.96989,14.65795],[120.96984,14.65872],[120.9704,14.65872]]],[[[120.97067,14.65873],[120.97039,14.659],[120.97067,14.659],[120.97067,14.65873]]],[[[120.97095,14.659],[120.97067,14.65927],[120.97095,14.65927],[120.97095,14.659]]],[[[120.97066,14.66013],[120.97039,14.65927],[120.97038,14.66022],[120.97066,14.66013]]],[[[120.96898,14.66169],[120.9693,14.66156],[120.96912,14.66115],[120.96898,14.66115],[120.96898,14.66169]]],[[[120.96883,14.66192],[120.96837,14.66169],[120.96837,14.66173],[120.96883,14.66192]]],[[[120.96897,14.66197],[120.96893,14.66192],[120.96893,14.66197],[120.96897,14.66197]]],[[[120.96892,14.66228],[120.96883,14.66219],[120.96883,14.66228],[120.96892,14.66228]]],[[[120.96901,14.66273],[120.96911,14.66264],[120.96901,14.66264],[120.96901,14.66273]]],[[[120.96938,14.66274],[120.9691,14.66283],[120.96938,14.66283],[120.96938,14.66274]]],[[[120.96948,14.66283],[120.96938,14.66292],[120.96947,14.66292],[120.96948,14.66283]]],[[[120.96771,14.66299],[120.96762,14.6629],[120.96762,14.66299],[120.96771,14.66299]]],[[[120.96428,14.66301],[120.96423,14.66296],[120.96423,14.66301],[120.96428,14.66301]]],[[[120.96752,14.66308],[120.96743,14.66299],[120.96743,14.66308],[120.96752,14.66308]]],[[[120.96455,14.66315],[120.96446,14.66306],[120.96446,14.66315],[120.96455,14.66315]]],[[[120.96706,14.66326],[120.96729,14.66331],[120.96729,14.66317],[120.96706,14.66326]]],[[[120.96529,14.66351],[120.9652,14.66333],[120.9652,14.66351],[120.96529,14.66351]]],[[[120.96706,14.66353],[120.96701,14.66344],[120.96701,14.66353],[120.96706,14.66353]]],[[[120.96519,14.66406],[120.9651,14.66396],[120.9651,14.66406],[120.96519,14.66406]]],[[[120.96677,14.6638],[120.967,14.66412],[120.96701,14.66357],[120.96677,14.6638]]],[[[120.9651,14.66442],[120.96501,14.66433],[120.96501,14.66442],[120.9651,14.66442]]],[[[120.96518,14.66514],[120.96509,14.66496],[120.96509,14.66514],[120.96518,14.66514]]],[[[120.96527,14.66559],[120.96518,14.6655],[120.96518,14.66559],[120.96527,14.66559]]],[[[120.96527,14.66577],[120.96518,14.66568],[120.96518,14.66577],[120.96527,14.66577]]],[[[120.96675,14.66597],[120.96671,14.66588],[120.96671,14.66597],[120.96675,14.66597]]],[[[120.96518,14.66604],[120.96508,14.66595],[120.96508,14.66604],[120.96518,14.66604]]],[[[120.96666,14.66615],[120.96671,14.66601],[120.96657,14.66601],[120.96666,14.66615]]],[[[120.96694,14.66615],[120.96675,14.66624],[120.96694,14.66624],[120.96694,14.66615]]],[[[120.96476,14.66627],[120.96449,14.66545],[120.96448,14.66626],[120.96476,14.66627]]],[[[120.96703,14.66624],[120.96694,14.66633],[120.96703,14.66633],[120.96703,14.66624]]],[[[120.96703,14.66633],[120.96712,14.66696],[120.96721,14.66697],[120.96731,14.6667],[120.96703,14.66633]]],[[[120.9674,14.66697],[120.96721,14.66706],[120.96739,14.66706],[120.9674,14.66697]]],[[[120.96758,14.66742],[120.96748,14.66733],[120.96748,14.66742],[120.96758,14.66742]]],[[[120.9672,14.66769],[120.96702,14.66751],[120.96702,14.66769],[120.9672,14.66769]]],[[[120.96739,14.66751],[120.96748,14.66769],[120.96748,14.66751],[120.96739,14.66751]]],[[[120.96739,14.66778],[120.9673,14.66769],[120.9673,14.66778],[120.96739,14.66778]]],[[[120.96794,14.66815],[120.96785,14.66806],[120.96785,14.66815],[120.96794,14.66815]]],[[[120.96739,14.66778],[120.96738,14.66819],[120.96776,14.66819],[120.9678,14.66792],[120.96739,14.66778]]],[[[120.98757,14.6689],[120.98729,14.66863],[120.98729,14.6689],[120.98757,14.6689]]],[[[120.96863,14.66906],[120.96836,14.6682],[120.96849,14.66905],[120.96863,14.66906]]],[[[120.96839,14.66942],[120.96867,14.66915],[120.96835,14.66923],[120.96839,14.66942]]],[[[120.95958,14.66947],[120.95948,14.66943],[120.95948,14.66947],[120.95958,14.66947]]],[[[120.95976,14.66975],[120.95971,14.6697],[120.95971,14.66975],[120.95976,14.66975]]],[[[120.96877,14.66933],[120.96858,14.66978],[120.96885,14.66978],[120.96877,14.66933]]],[[[120.96867,14.66996],[120.96885,14.66987],[120.96867,14.66987],[120.96867,14.66996]]],[[[120.98198,14.67048],[120.98171,14.67021],[120.9817,14.67048],[120.98198,14.67048]]],[[[120.9831,14.67049],[120.98282,14.67022],[120.98282,14.67049],[120.9831,14.67049]]],[[[120.98059,14.67074],[120.98031,14.67047],[120.98031,14.67074],[120.98059,14.67074]]],[[[120.98198,14.67102],[120.9817,14.67075],[120.9817,14.67102],[120.98198,14.67102]]],[[[120.9694,14.67105],[120.96903,14.67091],[120.96904,14.66987],[120.96848,14.66996],[120.96884,14.67096],[120.9694,14.67105]]],[[[120.96996,14.67106],[120.96949,14.67123],[120.96996,14.67115],[120.96996,14.67106]]],[[[120.98086,14.67102],[120.98114,14.67129],[120.98114,14.67102],[120.98086,14.67102]]],[[[120.97004,14.67228],[120.97027,14.67201],[120.97004,14.67205],[120.97004,14.67228]]],[[[120.97514,14.67246],[120.97533,14.67237],[120.97514,14.67237],[120.97514,14.67246]]],[[[120.9789,14.67249],[120.97886,14.6724],[120.97885,14.67249],[120.9789,14.67249]]],[[[120.97495,14.67264],[120.97486,14.67254],[120.97486,14.67263],[120.97495,14.67264]]],[[[120.97876,14.67267],[120.97867,14.67258],[120.97867,14.67267],[120.97876,14.67267]]],[[[120.97027,14.67228],[120.97059,14.6726],[120.9711,14.67269],[120.97083,14.67228],[120.97027,14.67228]]],[[[120.97533,14.67273],[120.97523,14.67264],[120.97523,14.67273],[120.97533,14.67273]]],[[[120.9789,14.67276],[120.97885,14.67267],[120.97885,14.67276],[120.9789,14.67276]]],[[[120.97105,14.67283],[120.97087,14.67278],[120.97087,14.67283],[120.97105,14.67283]]],[[[120.97523,14.67291],[120.97532,14.67282],[120.97523,14.67282],[120.97523,14.67291]]],[[[120.97291,14.67339],[120.97281,14.67325],[120.97281,14.67339],[120.97291,14.67339]]],[[[120.97894,14.67344],[120.97889,14.6733],[120.97889,14.67344],[120.97894,14.67344]]],[[[120.97917,14.67344],[120.97903,14.67317],[120.97912,14.67344],[120.97917,14.67344]]],[[[120.97249,14.67311],[120.97124,14.67269],[120.97138,14.67324],[120.97235,14.67316],[120.97244,14.67365],[120.97276,14.67366],[120.97249,14.67311]]],[[[120.97917,14.67367],[120.97912,14.67358],[120.97912,14.67367],[120.97917,14.67367]]],[[[120.97894,14.67375],[120.97889,14.67371],[120.97889,14.67375],[120.97894,14.67375]]],[[[120.97533,14.67246],[120.97541,14.67354],[120.9761,14.67396],[120.97583,14.67314],[120.97672,14.67283],[120.97696,14.67207],[120.97584,14.67206],[120.97533,14.67246]]],[[[120.97616,14.67301],[120.97597,14.67283],[120.97625,14.67283],[120.97616,14.67301]]],[[[120.97616,14.67247],[120.97607,14.67255],[120.97616,14.67256],[120.97616,14.67247]]],[[[120.97588,14.67246],[120.97607,14.67237],[120.97589,14.67237],[120.97588,14.67246]]],[[[120.97527,14.67408],[120.97559,14.67382],[120.97532,14.67372],[120.97527,14.67408]]],[[[120.97276,14.67393],[120.97281,14.67406],[120.97299,14.67393],[120.97276,14.67393]]],[[[120.98086,14.67129],[120.97946,14.67209],[120.97972,14.67426],[120.98113,14.67292],[120.98086,14.67129]]],[[[120.97615,14.67436],[120.97605,14.67427],[120.97605,14.67436],[120.97615,14.67436]]],[[[120.97972,14.67453],[120.97944,14.67426],[120.97944,14.67453],[120.97972,14.67453]]],[[[120.97944,14.6748],[120.97916,14.67452],[120.97916,14.6748],[120.97944,14.6748]]],[[[120.97271,14.67442],[120.9722,14.67406],[120.97271,14.67501],[120.97271,14.67442]]],[[[120.97609,14.6749],[120.97554,14.67504],[120.97609,14.67504],[120.97609,14.6749]]],[[[120.97916,14.67507],[120.97888,14.67479],[120.97888,14.67506],[120.97916,14.67507]]],[[[120.97809,14.6751],[120.978,14.67506],[120.978,14.6751],[120.97809,14.6751]]],[[[120.97581,14.67558],[120.97609,14.67531],[120.97581,14.67531],[120.97581,14.67558]]],[[[120.97497,14.67557],[120.97553,14.67585],[120.97553,14.67558],[120.97497,14.67557]]],[[[120.97665,14.67559],[120.97609,14.67585],[120.97664,14.67586],[120.97665,14.67559]]],[[[120.97692,14.67586],[120.97664,14.67613],[120.97692,14.67613],[120.97692,14.67586]]],[[[120.97497,14.67584],[120.97441,14.67584],[120.97441,14.67665],[120.97496,14.67666],[120.97497,14.67584]]],[[[120.96879,14.6771],[120.9686,14.67701],[120.9686,14.6771],[120.96879,14.6771]]],[[[120.966,14.67717],[120.96591,14.67712],[120.96591,14.67717],[120.966,14.67717]]],[[[120.96888,14.67719],[120.96907,14.6771],[120.96888,14.6771],[120.96888,14.67719]]],[[[120.97663,14.67694],[120.97691,14.67722],[120.97691,14.67695],[120.97663,14.67694]]],[[[120.97663,14.67748],[120.97635,14.67721],[120.97635,14.67748],[120.97663,14.67748]]],[[[120.9698,14.67747],[120.96939,14.67742],[120.96906,14.67719],[120.96911,14.67769],[120.9698,14.67747]]],[[[120.96999,14.67747],[120.9698,14.67756],[120.96999,14.6777],[120.96999,14.67747]]],[[[120.97482,14.6772],[120.97495,14.67774],[120.97551,14.67775],[120.97524,14.6772],[120.97482,14.6772]]],[[[120.96883,14.67769],[120.96855,14.67714],[120.96804,14.67741],[120.96832,14.67791],[120.96883,14.67769]]],[[[120.9652,14.67847],[120.96548,14.6782],[120.96525,14.6782],[120.9652,14.67847]]],[[[120.96831,14.6785],[120.96826,14.67845],[120.96826,14.6785],[120.96831,14.6785]]],[[[120.97439,14.67828],[120.97481,14.6786],[120.97481,14.67851],[120.97439,14.67828]]],[[[120.96933,14.67851],[120.96883,14.67769],[120.96859,14.67877],[120.96933,14.67851]]],[[[120.97053,14.67919],[120.97048,14.67933],[120.97062,14.67933],[120.97053,14.67919]]],[[[120.9702,14.67946],[120.97007,14.67937],[120.97006,14.67946],[120.9702,14.67946]]],[[[120.9702,14.67973],[120.97016,14.67964],[120.97016,14.67973],[120.9702,14.67973]]],[[[120.9708,14.67983],[120.97076,14.67974],[120.97076,14.67983],[120.9708,14.67983]]],[[[120.96802,14.6798],[120.96783,14.67985],[120.96802,14.67989],[120.96802,14.6798]]],[[[120.96848,14.67999],[120.9683,14.67981],[120.9683,14.67999],[120.96848,14.67999]]],[[[120.96922,14.68009],[120.96941,14.67955],[120.96914,14.67959],[120.96922,14.68009]]],[[[120.9695,14.67991],[120.96969,14.68009],[120.96969,14.67991],[120.9695,14.67991]]],[[[120.96741,14.68012],[120.96714,14.67984],[120.96713,14.68011],[120.96741,14.68012]]],[[[120.96802,14.68008],[120.96797,14.68012],[120.96811,14.68012],[120.96802,14.68008]]],[[[120.96876,14.68013],[120.96867,14.68008],[120.96867,14.68013],[120.96876,14.68013]]],[[[120.96959,14.68018],[120.96941,14.68009],[120.96941,14.68018],[120.96959,14.68018]]],[[[120.9733,14.68048],[120.97321,14.68039],[120.97321,14.68048],[120.9733,14.68048]]],[[[120.97444,14.6786],[120.97351,14.67859],[120.9735,14.67913],[120.973,14.67876],[120.97386,14.68067],[120.97444,14.6786]]],[[[120.97378,14.67886],[120.97387,14.6794],[120.97378,14.6794],[120.97378,14.67886]]],[[[120.97396,14.67995],[120.97405,14.68004],[120.97396,14.68004],[120.97396,14.67995]]],[[[120.97355,14.67881],[120.97351,14.67877],[120.97355,14.67877],[120.97355,14.67881]]],[[[120.97302,14.68093],[120.9733,14.68066],[120.97312,14.68066],[120.97302,14.68093]]],[[[120.96986,14.68122],[120.96991,14.68081],[120.96987,14.68081],[120.96986,14.68122]]],[[[120.97292,14.68138],[120.97283,14.68129],[120.97283,14.68138],[120.97292,14.68138]]],[[[120.97339,14.68139],[120.9733,14.6813],[120.9733,14.68139],[120.97339,14.68139]]],[[[120.97311,14.68148],[120.97302,14.68138],[120.97302,14.68147],[120.97311,14.68148]]],[[[120.972,14.68156],[120.97274,14.68156],[120.97283,14.6812],[120.97209,14.6811],[120.972,14.68156]]],[[[120.97255,14.68138],[120.97242,14.68124],[120.97255,14.68124],[120.97255,14.68138]]],[[[120.97134,14.68191],[120.9718,14.68228],[120.97199,14.68201],[120.972,14.68156],[120.97172,14.68097],[120.97103,14.68069],[120.9708,14.68001],[120.97075,14.68042],[120.9702,14.68041],[120.96997,14.67982],[120.97047,14.68123],[120.96991,14.68122],[120.9699,14.68176],[120.97088,14.68155],[120.97097,14.68204],[120.97153,14.68137],[120.97134,14.68191]]],[[[120.97126,14.6811],[120.97125,14.6815],[120.97102,14.6815],[120.97126,14.6811]]],[[[120.97075,14.68096],[120.97098,14.68123],[120.97074,14.68123],[120.97075,14.68096]]],[[[120.9718,14.68246],[120.97171,14.68237],[120.97171,14.68246],[120.9718,14.68246]]],[[[120.97162,14.68246],[120.97134,14.68254],[120.97161,14.68255],[120.97162,14.68246]]],[[[120.9704,14.68317],[120.97101,14.68286],[120.97124,14.68236],[120.97073,14.68231],[120.9704,14.68317]]],[[[120.96989,14.68334],[120.96994,14.68312],[120.96989,14.68312],[120.96989,14.68334]]],[[[120.97031,14.68335],[120.97012,14.68344],[120.97021,14.6838],[120.97031,14.68335]]],[[[120.96965,14.68452],[120.96955,14.68443],[120.96955,14.68452],[120.96965,14.68452]]],[[[120.9682,14.68527],[120.96848,14.68555],[120.96848,14.68532],[120.9682,14.68527]]],[[[120.9682,14.68582],[120.96797,14.68554],[120.96806,14.68581],[120.9682,14.68582]]],[[[120.96318,14.68604],[120.96291,14.68577],[120.9629,14.68604],[120.96318,14.68604]]],[[[120.96402,14.68578],[120.96416,14.68601],[120.96416,14.68578],[120.96402,14.68578]]],[[[120.96708,14.68639],[120.9668,14.68662],[120.96707,14.68662],[120.96708,14.68639]]],[[[120.96651,14.68743],[120.96623,14.68715],[120.96623,14.68742],[120.96651,14.68743]]],[[[120.96177,14.68766],[120.96173,14.68761],[120.96173,14.68766],[120.96177,14.68766]]],[[[120.96516,14.68836],[120.96511,14.68827],[120.96511,14.68836],[120.96516,14.68836]]],[[[120.9612,14.68901],[120.96093,14.68846],[120.96093,14.689],[120.9612,14.68901]]],[[[120.96622,14.68878],[120.9665,14.68905],[120.9665,14.68878],[120.96622,14.68878]]],[[[120.96566,14.68932],[120.96538,14.68904],[120.96538,14.68931],[120.96566,14.68932]]],[[[120.96621,14.68932],[120.96594,14.68905],[120.96594,14.68932],[120.96621,14.68932]]],[[[120.96008,14.69008],[120.96036,14.69035],[120.96036,14.69008],[120.96008,14.69008]]],[[[120.96008,14.69062],[120.9598,14.69035],[120.9598,14.69062],[120.96008,14.69062]]],[[[120.95951,14.69143],[120.95923,14.69116],[120.95923,14.69143],[120.95951,14.69143]]],[[[120.95893,14.69441],[120.95866,14.69359],[120.95865,14.69441],[120.95893,14.69441]]],[[[120.95892,14.69522],[120.9592,14.69468],[120.95892,14.69468],[120.95892,14.69522]]],[[[120.95948,14.69523],[120.95919,14.6955],[120.95947,14.6955],[120.95948,14.69523]]],[[[120.95975,14.6955],[120.95947,14.69577],[120.95975,14.69577],[120.95975,14.6955]]],[[[120.96003,14.69577],[120.95974,14.69631],[120.96002,14.69632],[120.96003,14.69577]]],[[[120.9525,14.69652],[120.95222,14.69625],[120.95222,14.69652],[120.9525,14.69652]]],[[[120.96001,14.6974],[120.95974,14.69713],[120.95973,14.6974],[120.96001,14.6974]]],[[[120.91234,14.69765],[120.91215,14.69756],[120.91215,14.69765],[120.91234,14.69765]]],[[[120.96056,14.69822],[120.96084,14.69795],[120.96056,14.69795],[120.96056,14.69822]]],[[[120.91345,14.69848],[120.91354,14.69839],[120.91345,14.69839],[120.91345,14.69848]]],[[[120.96112,14.69822],[120.96084,14.69849],[120.96112,14.69849],[120.96112,14.69822]]],[[[120.91363,14.69848],[120.91354,14.69857],[120.91363,14.69857],[120.91363,14.69848]]],[[[120.96139,14.6985],[120.96111,14.69877],[120.96139,14.69877],[120.96139,14.6985]]],[[[120.91391,14.69893],[120.91381,14.69884],[120.91381,14.69893],[120.91391,14.69893]]],[[[120.914,14.6992],[120.9139,14.69902],[120.9139,14.6992],[120.914,14.6992]]],[[[120.96139,14.69931],[120.96167,14.69904],[120.96139,14.69904],[120.96139,14.69931]]],[[[120.96194,14.69931],[120.96166,14.69985],[120.96194,14.69986],[120.96194,14.69931]]],[[[120.96222,14.69986],[120.96194,14.70013],[120.96222,14.70013],[120.96222,14.69986]]],[[[120.90971,14.70034],[120.90981,14.70043],[120.90981,14.70034],[120.90971,14.70034]]],[[[120.90971,14.70052],[120.90962,14.70043],[120.90962,14.70052],[120.90971,14.70052]]],[[[120.91231,14.70055],[120.91208,14.7005],[120.91208,14.70054],[120.91231,14.70055]]],[[[120.90962,14.7007],[120.90953,14.70052],[120.90953,14.7007],[120.90962,14.7007]]],[[[120.90952,14.70088],[120.90943,14.70079],[120.90943,14.70088],[120.90952,14.70088]]],[[[120.90943,14.70133],[120.90934,14.70106],[120.90933,14.70133],[120.90943,14.70133]]],[[[120.90942,14.70151],[120.90952,14.70142],[120.90943,14.70142],[120.90942,14.70151]]],[[[120.91017,14.70161],[120.91007,14.70152],[120.91007,14.70161],[120.91017,14.70161]]],[[[120.90998,14.70161],[120.90952,14.70169],[120.90998,14.7017],[120.90998,14.70161]]],[[[120.90933,14.70214],[120.90961,14.70197],[120.90933,14.70187],[120.90933,14.70214]]],[[[120.91955,14.70599],[120.91978,14.70585],[120.91955,14.70585],[120.91955,14.70599]]],[[[120.92006,14.70604],[120.91987,14.70613],[120.92006,14.70613],[120.92006,14.70604]]],[[[120.91982,14.70649],[120.91996,14.7064],[120.91982,14.7064],[120.91982,14.70649]]],[[[120.92061,14.70631],[120.92024,14.70658],[120.92061,14.70649],[120.92061,14.70631]]],[[[120.96222,14.70013],[120.96243,14.70691],[120.96326,14.70773],[120.96272,14.70529],[120.96276,14.70122],[120.96222,14.70013]]],[[[120.95432,14.71063],[120.95404,14.71117],[120.95487,14.71118],[120.95487,14.71091],[120.95432,14.71063]]],[[[120.96266,14.7126],[120.96238,14.71206],[120.96127,14.71205],[120.9621,14.71233],[120.9621,14.71287],[120.96266,14.7126]]],[[[120.96266,14.7126],[120.96265,14.71315],[120.96377,14.71316],[120.96407,14.71018],[120.96548,14.70856],[120.96298,14.708],[120.96353,14.70882],[120.96349,14.71288],[120.96266,14.7126]]],[[[120.96293,14.71342],[120.96153,14.71341],[120.96292,14.71369],[120.96293,14.71342]]],[[[120.96404,14.71397],[120.96376,14.71343],[120.96376,14.71397],[120.96404,14.71397]]],[[[120.9632,14.71451],[120.96348,14.71397],[120.9632,14.71396],[120.9632,14.71451]]],[[[120.96375,14.71451],[120.96347,14.71478],[120.96375,14.71478],[120.96375,14.71451]]],[[[120.9629,14.7164],[120.96346,14.71614],[120.96347,14.71532],[120.96263,14.71559],[120.9629,14.7164]]],[[[120.96234,14.7164],[120.96206,14.71667],[120.96234,14.71667],[120.96234,14.7164]]],[[[120.96234,14.71721],[120.96206,14.71694],[120.96206,14.71721],[120.96234,14.71721]]],[[[120.95927,14.71745],[120.95899,14.71718],[120.95899,14.71745],[120.95927,14.71745]]],[[[120.95591,14.71932],[120.95536,14.71878],[120.95535,14.71932],[120.95591,14.71932]]],[[[120.95451,14.71958],[120.95507,14.71986],[120.95507,14.71959],[120.95451,14.71958]]],[[[120.95563,14.71959],[120.9559,14.71986],[120.95591,14.71959],[120.95563,14.71959]]],[[[120.9629,14.7164],[120.96234,14.71667],[120.96261,14.71748],[120.96205,14.71748],[120.96207,14.71612],[120.96095,14.71639],[120.96012,14.71584],[120.96039,14.71665],[120.96123,14.71666],[120.96119,14.7201],[120.96175,14.71996],[120.96149,14.71802],[120.96317,14.71776],[120.9629,14.7164]]],[[[120.95451,14.72012],[120.95423,14.71985],[120.95423,14.72012],[120.95451,14.72012]]],[[[120.95563,14.71986],[120.95507,14.71986],[120.95506,14.7204],[120.95534,14.7204],[120.95563,14.71986]]],[[[120.95478,14.72121],[120.95506,14.72067],[120.95423,14.72066],[120.95422,14.72093],[120.95478,14.72121]]],[[[120.95477,14.72148],[120.95422,14.72121],[120.95422,14.72148],[120.95477,14.72148]]],[[[120.96341,14.72102],[120.96318,14.72146],[120.96341,14.72151],[120.96341,14.72102]]],[[[120.95532,14.7223],[120.95561,14.72176],[120.95533,14.72176],[120.95532,14.7223]]],[[[120.957,14.72231],[120.95672,14.72177],[120.95672,14.72231],[120.957,14.72231]]],[[[120.95588,14.72285],[120.9556,14.72257],[120.95532,14.72284],[120.95588,14.72285]]],[[[120.94444,14.72437],[120.94417,14.7241],[120.94416,14.72437],[120.94444,14.72437]]],[[[120.95334,14.72554],[120.95251,14.72553],[120.95334,14.72581],[120.95334,14.72554]]],[[[120.95362,14.72635],[120.95306,14.72607],[120.95306,14.72635],[120.95362,14.72635]]],[[[120.95305,14.72743],[120.95333,14.72689],[120.95305,14.72689],[120.95305,14.72743]]],[[[120.95333,14.72743],[120.95249,14.7277],[120.95192,14.72905],[120.95248,14.72905],[120.95276,14.72824],[120.95359,14.72879],[120.95333,14.72743]]],[[[120.95135,14.72985],[120.95191,14.72959],[120.95136,14.72958],[120.95135,14.72985]]],[[[120.95219,14.72986],[120.95191,14.73013],[120.95219,14.73013],[120.95219,14.72986]]],[[[120.9402,14.73111],[120.94048,14.73084],[120.9402,14.73084],[120.9402,14.73111]]],[[[120.94603,14.73361],[120.94575,14.7336],[120.94575,14.73362],[120.94603,14.73361]]],[[[120.94547,14.73364],[120.94519,14.7336],[120.94519,14.73366],[120.94547,14.73364]]]]}},{"type":"Feature","properties":{"hazard":"storm-surge","level":"moderate","advisory":"SSA4"},"geometry":{"type":"MultiPolygon","coordinates":[[[[120.97016,14.4465],[120.97016,14.44647],[120.97009,14.4465],[120.97016,14.4465]]],[[[120.96996,14.44713],[120.9699,14.44668],[120.96988,14.44713],[120.96996,14.44713]]],[[[120.96996,14.44731],[120.96989,14.44722],[120.9699,14.44731],[120.96996,14.44731]]],[[[120.9699,14.44749],[120.96996,14.44776],[120.96996,14.44749],[120.9699,14.44749]]],[[[120.96996,14.44803],[120.96981,14.44804],[120.96995,14.44858],[120.96996,14.44803]]],[[[120.97004,14.44858],[120.96995,14.44876],[120.97004,14.44876],[120.97004,14.44858]]],[[[120.97013,14.44903],[120.97004,14.44894],[120.97004,14.44903],[120.97013,14.44903]]],[[[120.97004,14.44921],[120.96998,14.44912],[120.97,14.44921],[120.97004,14.44921]]],[[[120.97022,14.44948],[120.97013,14.44921],[120.97013,14.44948],[120.97022,14.44948]]],[[[120.97013,14.44966],[120.97005,14.44957],[120.97002,14.44966],[120.97013,14.44966]]],[[[120.96982,14.45002],[120.97003,14.44984],[120.97003,14.44975],[120.96982,14.45002]]],[[[120.96984,14.45074],[120.96975,14.45013],[120.96975,14.45074],[120.96984,14.45074]]],[[[120.96974,14.45092],[120.96968,14.45083],[120.96971,14.45092],[120.96974,14.45092]]],[[[120.96984,14.45092],[120.96993,14.45101],[120.96993,14.45092],[120.96984,14.45092]]],[[[120.96983,14.45119],[120.96974,14.45101],[120.9698,14.45119],[120.96983,14.45119]]],[[[120.97002,14.45102],[120.96993,14.4512],[120.97002,14.4512],[120.97002,14.45102]]],[[[120.96992,14.45147],[120.96983,14.45129],[120.96989,14.45147],[120.96992,14.45147]]],[[[120.97011,14.45174],[120.9703,14.45138],[120.97002,14.45138],[120.97011,14.45174]]],[[[120.97001,14.45183],[120.96997,14.45174],[120.96996,14.45183],[120.97001,14.45183]]],[[[120.9701,14.4521],[120.97001,14.45201],[120.97001,14.4521],[120.9701,14.4521]]],[[[120.97001,14.45237],[120.96992,14.45228],[120.96992,14.45237],[120.97001,14.45237]]],[[[120.96973,14.45282],[120.96973,14.4527],[120.9697,14.45282],[120.96973,14.45282]]],[[[120.96991,14.45309],[120.96982,14.45246],[120.96982,14.45309],[120.96991,14.45309]]],[[[120.97009,14.45337],[120.97019,14.45328],[120.97009,14.45328],[120.97009,14.45337]]],[[[120.97028,14.45337],[120.97019,14.45346],[120.97028,14.45346],[120.97028,14.45337]]],[[[120.97037,14.45346],[120.97028,14.45355],[120.97037,14.45355],[120.97037,14.45346]]],[[[120.97046,14.45355],[120.97037,14.45373],[120.97046,14.45373],[120.97046,14.45355]]],[[[120.97055,14.45427],[120.97046,14.45418],[120.97046,14.45427],[120.97055,14.45427]]],[[[120.97064,14.45473],[120.97055,14.45454],[120.97054,14.45473],[120.97064,14.45473]]],[[[120.97054,14.45509],[120.97045,14.455],[120.97045,14.45509],[120.97054,14.45509]]],[[[120.97045,14.45536],[120.97035,14.45518],[120.97035,14.45536],[120.97045,14.45536]]],[[[120.97035,14.45554],[120.97026,14.45545],[120.97026,14.45554],[120.97035,14.45554]]],[[[120.97026,14.45572],[120.97017,14.45563],[120.97016,14.45572],[120.97026,14.45572]]],[[[120.97016,14.45608],[120.97007,14.45599],[120.97007,14.45608],[120.97016,14.45608]]],[[[120.97007,14.45635],[120.96997,14.45626],[120.96997,14.45635],[120.97007,14.45635]]],[[[120.96997,14.45662],[120.96988,14.45653],[120.96988,14.45662],[120.96997,14.45662]]],[[[120.96988,14.4568],[120.96978,14.45671],[120.96978,14.4568],[120.96988,14.4568]]],[[[120.96969,14.45689],[120.96978,14.45698],[120.96978,14.45689],[120.96969,14.45689]]],[[[120.96969,14.45716],[120.9696,14.45698],[120.9696,14.45716],[120.96969,14.45716]]],[[[120.96959,14.45725],[120.9695,14.45716],[120.9695,14.45725],[120.96959,14.45725]]],[[[120.9695,14.45734],[120.96941,14.45725],[120.96941,14.45734],[120.9695,14.45734]]],[[[120.96941,14.45752],[120.96922,14.45742],[120.96922,14.45761],[120.96941,14.45752]]],[[[120.96922,14.4577],[120.96913,14.4576],[120.96913,14.45769],[120.96922,14.4577]]],[[[120.96864,14.46013],[120.96855,14.46004],[120.96855,14.46013],[120.96864,14.46013]]],[[[120.98329,14.46008],[120.98302,14.46007],[120.98329,14.46053],[120.98329,14.46008]]],[[[120.97105,14.4606],[120.97096,14.46042],[120.97095,14.4606],[120.97105,14.4606]]],[[[120.98301,14.46053],[120.9831,14.46062],[120.9831,14.46053],[120.98301,14.46053]]],[[[120.97745,14.46066],[120.97754,14.46057],[120.97745,14.46057],[120.97745,14.46066]]],[[[120.96799,14.46067],[120.96789,14.46058],[120.96789,14.46067],[120.96799,14.46067]]],[[[120.98301,14.4608],[120.98236,14.46079],[120.98245,14.46115],[120.98301,14.4608]]],[[[120.96899,14.46203],[120.96881,14.46221],[120.96899,14.46221],[120.96899,14.46203]]],[[[120.9702,14.46222],[120.97011,14.46213],[120.97011,14.46222],[120.9702,14.46222]]],[[[120.96945,14.4624],[120.96974,14.46213],[120.96946,14.46204],[120.96945,14.4624]]],[[[120.96899,14.46294],[120.96889,14.46284],[120.96889,14.46293],[120.96899,14.46294]]],[[[120.97408,14.46316],[120.97399,14.46307],[120.97399,14.46316],[120.97408,14.46316]]],[[[120.96852,14.46356],[120.96833,14.46347],[120.96833,14.46356],[120.96852,14.46356]]],[[[120.9713,14.46395],[120.97185,14.46368],[120.97093,14.46304],[120.97074,14.46349],[120.9713,14.46395]]],[[[120.97139,14.46395],[120.97129,14.46404],[120.97139,14.46404],[120.97139,14.46395]]],[[[120.96898,14.46411],[120.96926,14.46384],[120.96898,14.46339],[120.96898,14.46411]]],[[[120.98428,14.46406],[120.98418,14.46415],[120.98428,14.46415],[120.98428,14.46406]]],[[[120.96647,14.46427],[120.96638,14.46409],[120.96638,14.46427],[120.96647,14.46427]]],[[[120.96879,14.46429],[120.9687,14.46411],[120.9686,14.46429],[120.96879,14.46429]]],[[[120.96777,14.46437],[120.96758,14.4641],[120.96749,14.46437],[120.96777,14.46437]]],[[[120.96675,14.464],[120.96647,14.46436],[120.96702,14.46445],[120.96675,14.464]]],[[[120.97824,14.46491],[120.97815,14.46473],[120.97806,14.46491],[120.97824,14.46491]]],[[[120.96943,14.46484],[120.9698,14.46493],[120.9698,14.46484],[120.96943,14.46484]]],[[[120.96943,14.46511],[120.96934,14.46493],[120.96934,14.46511],[120.96943,14.46511]]],[[[120.96952,14.46511],[120.96943,14.4652],[120.96952,14.4652],[120.96952,14.46511]]],[[[120.96989,14.4652],[120.9698,14.46511],[120.96971,14.4652],[120.96989,14.4652]]],[[[120.96971,14.46529],[120.96952,14.4652],[120.96952,14.46529],[120.96971,14.46529]]],[[[120.96766,14.46645],[120.96812,14.46627],[120.96775,14.466],[120.96766,14.46645]]],[[[120.96793,14.46663],[120.96784,14.4666],[120.96793,14.4667],[120.96793,14.46663]]],[[[120.97303,14.46695],[120.97294,14.46685],[120.97294,14.46695],[120.97303,14.46695]]],[[[120.97284,14.46713],[120.97266,14.46721],[120.97284,14.46731],[120.97284,14.46713]]],[[[120.98629,14.46724],[120.98638,14.46733],[120.98638,14.46724],[120.98629,14.46724]]],[[[120.97275,14.46731],[120.97257,14.46676],[120.97183,14.46648],[120.97163,14.46757],[120.97275,14.46731]]],[[[120.96987,14.46764],[120.97006,14.46728],[120.96978,14.46728],[120.96987,14.46764]]],[[[120.9912,14.46746],[120.99139,14.46756],[120.99139,14.46737],[120.9912,14.46746]]],[[[120.98731,14.4677],[120.98721,14.46761],[120.98721,14.4677],[120.98731,14.4677]]],[[[120.99119,14.46837],[120.99101,14.46828],[120.99101,14.46837],[120.99119,14.46837]]],[[[120.98329,14.47029],[120.9832,14.4702],[120.9832,14.47029],[120.98329,14.47029]]],[[[120.98209,14.47019],[120.98246,14.47028],[120.98237,14.4701],[120.98209,14.47019]]],[[[120.98292,14.47037],[120.98283,14.47028],[120.98283,14.47037],[120.98292,14.47037]]],[[[120.9781,14.47051],[120.97829,14.47006],[120.977,14.46888],[120.97736,14.47033],[120.9781,14.47051]]],[[[120.98274,14.47055],[120.98255,14.47037],[120.98246,14.47055],[120.98274,14.47055]]],[[[120.97809,14.47124],[120.97865,14.47097],[120.97866,14.47043],[120.97791,14.47087],[120.97809,14.47124]]],[[[120.9908,14.47135],[120.9907,14.47125],[120.9907,14.47134],[120.9908,14.47135]]],[[[120.97919,14.47242],[120.9792,14.47179],[120.97864,14.47196],[120.97864,14.47224],[120.97919,14.47242]]],[[[120.9868,14.47285],[120.98661,14.47267],[120.98661,14.47285],[120.9868,14.47285]]],[[[120.98589,14.46995],[120.98562,14.46986],[120.98506,14.4703],[120.9842,14.47292],[120.98504,14.47247],[120.98504,14.47202],[120.98541,14.47238],[120.98578,14.47203],[120.98626,14.4704],[120.98589,14.46995]]],[[[120.9858,14.4704],[120.98589,14.47049],[120.9858,14.47049],[120.9858,14.4704]]],[[[120.98561,14.47076],[120.9857,14.47094],[120.98561,14.47094],[120.98561,14.47076]]],[[[120.98569,14.47148],[120.9856,14.47175],[120.9856,14.47148],[120.98569,14.47148]]],[[[120.98514,14.47166],[120.98523,14.47175],[120.98514,14.47175],[120.98514,14.47166]]],[[[120.98467,14.4722],[120.98485,14.47238],[120.98467,14.47238],[120.98467,14.4722]]],[[[120.9957,14.47292],[120.99561,14.47283],[120.99561,14.47292],[120.9957,14.47292]]],[[[120.98457,14.47319],[120.98448,14.47301],[120.98447,14.47319],[120.98457,14.47319]]],[[[120.97149,14.47326],[120.9713,14.47317],[120.9713,14.47326],[120.97149,14.47326]]],[[[120.97121,14.47335],[120.97112,14.47326],[120.97112,14.47335],[120.97121,14.47335]]],[[[120.97158,14.47335],[120.97167,14.47326],[120.97158,14.47326],[120.97158,14.47335]]],[[[120.98614,14.47338],[120.98679,14.47312],[120.98652,14.47266],[120.98596,14.47284],[120.98614,14.47338]]],[[[120.97177,14.47335],[120.97167,14.47344],[120.97177,14.47344],[120.97177,14.47335]]],[[[120.97102,14.47344],[120.97112,14.47353],[120.97112,14.47344],[120.97102,14.47344]]],[[[120.97362,14.47346],[120.97399,14.47355],[120.97399,14.47346],[120.97362,14.47346]]],[[[120.97102,14.47362],[120.97093,14.47352],[120.97093,14.47362],[120.97102,14.47362]]],[[[120.97408,14.47355],[120.97399,14.47364],[120.97408,14.47364],[120.97408,14.47355]]],[[[120.97186,14.47371],[120.97195,14.47362],[120.97186,14.47362],[120.97186,14.47371]]],[[[120.97353,14.47373],[120.97343,14.47355],[120.97334,14.47373],[120.97353,14.47373]]],[[[120.97418,14.47364],[120.97408,14.47373],[120.97417,14.47373],[120.97418,14.47364]]],[[[120.98531,14.47347],[120.98475,14.47346],[120.9853,14.47374],[120.98531,14.47347]]],[[[120.97093,14.4738],[120.97084,14.4737],[120.97083,14.47379],[120.97093,14.4738]]],[[[120.97204,14.47371],[120.97195,14.4738],[120.97204,14.47381],[120.97204,14.47371]]],[[[120.97334,14.47382],[120.97325,14.47373],[120.97325,14.47382],[120.97334,14.47382]]],[[[120.97427,14.47373],[120.97417,14.47382],[120.97427,14.47382],[120.97427,14.47373]]],[[[120.98855,14.47386],[120.98846,14.47377],[120.98846,14.47386],[120.98855,14.47386]]],[[[120.97213,14.47381],[120.97204,14.4739],[120.97213,14.4739],[120.97213,14.47381]]],[[[120.97844,14.47377],[120.97872,14.47386],[120.97872,14.47359],[120.97844,14.47377]]],[[[120.97436,14.47401],[120.97427,14.47391],[120.97426,14.47401],[120.97436,14.47401]]],[[[120.97083,14.47407],[120.97074,14.47388],[120.97074,14.47407],[120.97083,14.47407]]],[[[120.9725,14.47399],[120.97269,14.47408],[120.97269,14.47399],[120.9725,14.47399]]],[[[120.98651,14.47402],[120.98641,14.47411],[120.98651,14.47411],[120.98651,14.47402]]],[[[120.97213,14.47417],[120.97204,14.47408],[120.97204,14.47417],[120.97213,14.47417]]],[[[120.9725,14.47417],[120.97241,14.47408],[120.97241,14.47417],[120.9725,14.47417]]],[[[120.97296,14.47417],[120.97278,14.47408],[120.97278,14.47417],[120.97296,14.47417]]],[[[120.97092,14.47425],[120.97083,14.47416],[120.97083,14.47425],[120.97092,14.47425]]],[[[120.98372,14.47427],[120.98382,14.47382],[120.98336,14.47372],[120.98326,14.47408],[120.98372,14.47427]]],[[[120.97241,14.47435],[120.97231,14.47426],[120.97231,14.47435],[120.97241,14.47435]]],[[[120.97445,14.47437],[120.97436,14.4741],[120.97435,14.47437],[120.97445,14.47437]]],[[[120.97194,14.47444],[120.97204,14.47435],[120.97194,14.47435],[120.97194,14.47444]]],[[[120.984,14.47445],[120.98437,14.47391],[120.9841,14.47391],[120.984,14.47445]]],[[[120.9866,14.47411],[120.9865,14.47447],[120.9866,14.47447],[120.9866,14.47411]]],[[[120.98789,14.47439],[120.98836,14.47404],[120.9879,14.47394],[120.98789,14.47439]]],[[[120.97222,14.47444],[120.97203,14.47453],[120.97222,14.47453],[120.97222,14.47444]]],[[[120.98641,14.47402],[120.98549,14.47401],[120.98548,14.47437],[120.98595,14.47456],[120.98576,14.47419],[120.98641,14.47402]]],[[[120.9865,14.47456],[120.98641,14.47447],[120.98641,14.47456],[120.9865,14.47456]]],[[[120.9776,14.47431],[120.97778,14.47449],[120.97779,14.47431],[120.9776,14.47431]]],[[[120.97426,14.47464],[120.97417,14.47455],[120.97417,14.47464],[120.97426,14.47464]]],[[[120.97528,14.47456],[120.97556,14.47465],[120.97602,14.47456],[120.97602,14.47438],[120.97519,14.47437],[120.97528,14.47456]]],[[[120.98632,14.47456],[120.98594,14.47465],[120.98632,14.47465],[120.98632,14.47456]]],[[[120.97463,14.47473],[120.975,14.47464],[120.97463,14.47464],[120.97463,14.47473]]],[[[120.97138,14.47479],[120.97148,14.4747],[120.97138,14.4747],[120.97138,14.47479]]],[[[120.99336,14.47462],[120.99355,14.47471],[120.99355,14.47462],[120.99336,14.47462]]],[[[120.99541,14.47455],[120.99559,14.47473],[120.99559,14.47446],[120.99541,14.47455]]],[[[120.97157,14.4748],[120.97147,14.47488],[120.97157,14.47489],[120.97157,14.4748]]],[[[120.97351,14.4749],[120.97333,14.47481],[120.97333,14.4749],[120.97351,14.4749]]],[[[120.97454,14.47482],[120.97463,14.47491],[120.97463,14.47482],[120.97454,14.47482]]],[[[120.97166,14.47489],[120.97157,14.47498],[120.97166,14.47498],[120.97166,14.47489]]],[[[120.97324,14.47499],[120.97314,14.4749],[120.97314,14.47499],[120.97324,14.47499]]],[[[120.99429,14.4749],[120.99503,14.47491],[120.99494,14.47436],[120.99429,14.4749]]],[[[120.97389,14.47491],[120.97361,14.47499],[120.97388,14.475],[120.97389,14.47491]]],[[[120.97453,14.475],[120.97444,14.47491],[120.97444,14.475],[120.97453,14.475]]],[[[120.98455,14.475],[120.98464,14.47509],[120.98464,14.475],[120.98455,14.475]]],[[[120.97092,14.47506],[120.97082,14.47497],[120.97082,14.47515],[120.97092,14.47506]]],[[[120.97119,14.47506],[120.9711,14.47515],[120.97119,14.47515],[120.97119,14.47506]]],[[[120.97175,14.47516],[120.97166,14.47507],[120.97166,14.47516],[120.97175,14.47516]]],[[[120.99531,14.47518],[120.99512,14.47509],[120.99512,14.47518],[120.99531,14.47518]]],[[[120.98891,14.47522],[120.98901,14.47431],[120.98808,14.47467],[120.98826,14.47512],[120.98891,14.47522]]],[[[120.97138,14.47516],[120.97119,14.47524],[120.97138,14.47525],[120.97138,14.47516]]],[[[120.99457,14.47508],[120.99475,14.47527],[120.99484,14.47499],[120.99457,14.47508]]],[[[120.97676,14.47502],[120.97694,14.4752],[120.97704,14.47493],[120.97676,14.47502]]],[[[120.97073,14.47524],[120.97082,14.47533],[120.97082,14.47524],[120.97073,14.47524]]],[[[120.97286,14.47535],[120.97277,14.47526],[120.97277,14.47535],[120.97286,14.47535]]],[[[120.99456,14.47535],[120.99447,14.47526],[120.99447,14.47535],[120.99456,14.47535]]],[[[120.97444,14.47536],[120.97435,14.475],[120.97434,14.47536],[120.97444,14.47536]]],[[[120.98742,14.47538],[120.98789,14.47494],[120.98715,14.47493],[120.98742,14.47538]]],[[[120.97054,14.47542],[120.97045,14.47533],[120.97045,14.47542],[120.97054,14.47542]]],[[[120.97073,14.47542],[120.97064,14.47533],[120.97063,14.47542],[120.97073,14.47542]]],[[[120.99206,14.47524],[120.99234,14.47534],[120.99234,14.47515],[120.99206,14.47524]]],[[[120.98241,14.47534],[120.98232,14.47543],[120.98241,14.47543],[120.98241,14.47534]]],[[[120.97212,14.47543],[120.97193,14.47534],[120.97193,14.47543],[120.97212,14.47543]]],[[[120.97258,14.47535],[120.97267,14.47544],[120.97268,14.47535],[120.97258,14.47535]]],[[[120.97453,14.47536],[120.97444,14.47545],[120.97453,14.47545],[120.97453,14.47536]]],[[[120.97258,14.47553],[120.97221,14.47543],[120.97221,14.47552],[120.97258,14.47553]]],[[[120.99428,14.47553],[120.99419,14.47535],[120.99419,14.47553],[120.99428,14.47553]]],[[[120.98455,14.47518],[120.98372,14.47454],[120.98307,14.47462],[120.98308,14.47399],[120.98224,14.47434],[120.98214,14.47498],[120.98343,14.47553],[120.98455,14.47518]]],[[[120.98362,14.47526],[120.98371,14.47535],[120.98362,14.47535],[120.98362,14.47526]]],[[[120.97462,14.47545],[120.97453,14.47554],[120.97462,14.47554],[120.97462,14.47545]]],[[[120.975,14.47473],[120.97537,14.47537],[120.97573,14.47555],[120.97546,14.47492],[120.975,14.47473]]],[[[120.97471,14.47555],[120.97462,14.47563],[120.97471,14.47564],[120.97471,14.47555]]],[[[120.97166,14.47525],[120.97156,14.47534],[120.97175,14.4757],[120.97166,14.47525]]],[[[120.97583,14.47555],[120.97573,14.47573],[120.97583,14.47574],[120.97583,14.47555]]],[[[120.99308,14.47579],[120.99298,14.47561],[120.99298,14.47579],[120.99308,14.47579]]],[[[120.99215,14.47588],[120.99206,14.47578],[120.99205,14.47587],[120.99215,14.47588]]],[[[120.9826,14.47561],[120.98213,14.4757],[120.98259,14.47588],[120.9826,14.47561]]],[[[120.97582,14.47592],[120.97592,14.47583],[120.97582,14.47583],[120.97582,14.47592]]],[[[120.99252,14.47597],[120.99243,14.47588],[120.99242,14.47597],[120.99252,14.47597]]],[[[120.97601,14.47592],[120.97592,14.47601],[120.97601,14.47601],[120.97601,14.47592]]],[[[120.9761,14.47601],[120.97601,14.47619],[120.9761,14.47619],[120.9761,14.47601]]],[[[120.99326,14.47625],[120.99316,14.47616],[120.99316,14.47625],[120.99326,14.47625]]],[[[120.97619,14.47619],[120.9761,14.47628],[120.97619,14.47628],[120.97619,14.47619]]],[[[120.97333,14.46433],[120.97343,14.4637],[120.97288,14.4636],[120.97287,14.46441],[120.97204,14.46377],[120.97231,14.46477],[120.97193,14.46513],[120.97352,14.46442],[120.97407,14.46488],[120.97417,14.46424],[120.97444,14.4647],[120.975,14.46461],[120.97482,14.46371],[120.97528,14.46407],[120.97714,14.46346],[120.97696,14.463],[120.97761,14.46256],[120.97761,14.46355],[120.97844,14.46365],[120.97833,14.46509],[120.97971,14.46709],[120.97951,14.46782],[120.98007,14.46827],[120.97978,14.46899],[120.98024,14.4699],[120.98126,14.47],[120.98173,14.46919],[120.98209,14.46983],[120.98348,14.47011],[120.98377,14.46948],[120.98294,14.46893],[120.98312,14.46857],[120.98257,14.46811],[120.98238,14.46838],[120.9823,14.46784],[120.98174,14.46801],[120.98183,14.46756],[120.98332,14.46703],[120.98267,14.46775],[120.98378,14.4683],[120.98377,14.46921],[120.98423,14.46957],[120.9858,14.46968],[120.98609,14.46932],[120.9859,14.46977],[120.98664,14.46986],[120.98785,14.46915],[120.9884,14.46925],[120.9884,14.46979],[120.98905,14.46979],[120.99044,14.46935],[120.99127,14.47072],[120.9907,14.47153],[120.9904,14.47441],[120.99151,14.4747],[120.99235,14.47425],[120.99281,14.47471],[120.99346,14.47426],[120.99383,14.47444],[120.99522,14.474],[120.9955,14.47428],[120.99588,14.47383],[120.99596,14.47519],[120.99512,14.47581],[120.9952,14.47635],[120.99708,14.47429],[120.99763,14.47421],[120.99756,14.4724],[120.9969,14.47321],[120.99291,14.47317],[120.99226,14.4738],[120.9918,14.47307],[120.99209,14.4719],[120.99163,14.47171],[120.9922,14.47027],[120.99128,14.46963],[120.99165,14.46882],[120.99055,14.468],[120.98859,14.46916],[120.98832,14.46861],[120.98776,14.46879],[120.98786,14.46825],[120.98721,14.46779],[120.98638,14.46787],[120.98583,14.46697],[120.98545,14.46732],[120.98565,14.46642],[120.9851,14.4656],[120.98445,14.46605],[120.98417,14.46542],[120.98463,14.4656],[120.98436,14.46496],[120.98492,14.46434],[120.98437,14.46379],[120.98448,14.46262],[120.98382,14.46288],[120.98364,14.46225],[120.98319,14.46179],[120.98281,14.46197],[120.98273,14.46116],[120.98262,14.46224],[120.98373,14.46324],[120.98196,14.46404],[120.98204,14.46531],[120.98149,14.46503],[120.98111,14.46566],[120.98055,14.46556],[120.9799,14.46592],[120.97971,14.46646],[120.97963,14.46556],[120.97907,14.46528],[120.97935,14.46492],[120.97873,14.4623],[120.97808,14.46211],[120.97763,14.46066],[120.97707,14.46093],[120.97697,14.46255],[120.97603,14.46363],[120.97345,14.46162],[120.97281,14.46053],[120.97198,14.46052],[120.97189,14.45935],[120.97097,14.45898],[120.96966,14.46014],[120.96977,14.45851],[120.96903,14.45769],[120.96799,14.46022],[120.96845,14.46067],[120.96827,14.46004],[120.96902,14.45932],[120.9691,14.46059],[120.96864,14.46067],[120.9691,14.46095],[120.96817,14.46112],[120.96816,14.46202],[120.96993,14.4615],[120.97133,14.45961],[120.97141,14.46115],[120.97308,14.46161],[120.97252,14.46215],[120.97279,14.4627],[120.97241,14.46342],[120.97316,14.46306],[120.97288,14.46261],[120.97354,14.46198],[120.97437,14.46271],[120.97445,14.46334],[120.97408,14.46334],[120.97333,14.46433]]],[[[120.99142,14.4737],[120.99124,14.47388],[120.99133,14.47388],[120.99142,14.4737]]],[[[120.99096,14.47334],[120.9918,14.47343],[120.99143,14.47289],[120.99096,14.47334]]],[[[120.99689,14.47393],[120.99699,14.47411],[120.99689,14.47411],[120.99689,14.47393]]],[[[120.99606,14.47428],[120.99624,14.47437],[120.99606,14.47437],[120.99606,14.47428]]],[[[120.99539,14.4759],[120.99548,14.47599],[120.99539,14.47599],[120.99539,14.4759]]],[[[120.99171,14.47244],[120.99163,14.47199],[120.99172,14.47199],[120.99171,14.47244]]],[[[120.99154,14.47162],[120.99144,14.47153],[120.99154,14.47153],[120.99154,14.47162]]],[[[120.99109,14.47008],[120.991,14.4699],[120.99109,14.4699],[120.99109,14.47008]]],[[[120.99081,14.46936],[120.99063,14.46918],[120.99091,14.46918],[120.99081,14.46936]]],[[[120.98674,14.46905],[120.98664,14.46896],[120.98674,14.46896],[120.98674,14.46905]]],[[[120.98674,14.46887],[120.98665,14.46878],[120.98674,14.46878],[120.98674,14.46887]]],[[[120.98405,14.4684],[120.98415,14.46849],[120.98415,14.4684],[120.98405,14.4684]]],[[[120.98405,14.46867],[120.98377,14.46848],[120.98377,14.46866],[120.98405,14.46867]]],[[[120.98415,14.46831],[120.98433,14.4684],[120.98433,14.46831],[120.98415,14.46831]]],[[[120.98433,14.46822],[120.98442,14.46831],[120.98443,14.46822],[120.98433,14.46822]]],[[[120.98702,14.46833],[120.98693,14.46824],[120.98702,14.46824],[120.98702,14.46833]]],[[[120.9873,14.46824],[120.98712,14.46815],[120.9873,14.46815],[120.9873,14.46824]]],[[[120.98554,14.46805],[120.98563,14.46823],[120.98554,14.46823],[120.98554,14.46805]]],[[[120.98553,14.46931],[120.98488,14.4694],[120.9847,14.46903],[120.98525,14.46895],[120.98553,14.46931]]],[[[120.98405,14.46912],[120.98423,14.46921],[120.98405,14.46921],[120.98405,14.46912]]],[[[120.98432,14.4693],[120.98451,14.46948],[120.98432,14.46948],[120.98432,14.4693]]],[[[120.98462,14.46741],[120.98425,14.46713],[120.98471,14.46723],[120.98462,14.46741]]],[[[120.98518,14.46705],[120.98509,14.46696],[120.98518,14.46696],[120.98518,14.46705]]],[[[120.98202,14.46711],[120.98221,14.46721],[120.98202,14.4672],[120.98202,14.46711]]],[[[120.98127,14.46837],[120.98174,14.4682],[120.98173,14.46856],[120.98127,14.46837]]],[[[120.98099,14.46846],[120.98108,14.46855],[120.98099,14.46855],[120.98099,14.46846]]],[[[120.98275,14.46866],[120.98248,14.46847],[120.98275,14.46848],[120.98275,14.46866]]],[[[120.98145,14.46874],[120.98164,14.46892],[120.98164,14.46874],[120.98145,14.46874]]],[[[120.98154,14.46901],[120.98145,14.46892],[120.98145,14.46901],[120.98154,14.46901]]],[[[120.98192,14.46892],[120.98182,14.46874],[120.98201,14.46874],[120.98192,14.46892]]],[[[120.98136,14.46919],[120.98135,14.46955],[120.98089,14.46981],[120.98089,14.46936],[120.98136,14.46919]]],[[[120.9837,14.46695],[120.9836,14.46677],[120.98379,14.46677],[120.9837,14.46695]]],[[[120.98203,14.46684],[120.98194,14.46666],[120.98203,14.46666],[120.98203,14.46684]]],[[[120.98184,14.46648],[120.98166,14.46675],[120.98157,14.46657],[120.98184,14.46648]]],[[[120.98221,14.46657],[120.98194,14.46648],[120.98222,14.46648],[120.98221,14.46657]]],[[[120.98286,14.46649],[120.98268,14.46631],[120.98287,14.46631],[120.98286,14.46649]]],[[[120.98296,14.46631],[120.98278,14.46549],[120.98315,14.46523],[120.98343,14.46586],[120.98296,14.46631]]],[[[120.98408,14.46541],[120.98353,14.46505],[120.98418,14.46478],[120.98408,14.46541]]],[[[120.98288,14.46468],[120.98251,14.46477],[120.98251,14.46459],[120.98288,14.46468]]],[[[120.98204,14.46594],[120.98213,14.46603],[120.98203,14.46603],[120.98204,14.46594]]],[[[120.9824,14.4663],[120.98249,14.46639],[120.9825,14.4663],[120.9824,14.4663]]],[[[120.9824,14.46648],[120.98231,14.46639],[120.98231,14.46648],[120.9824,14.46648]]],[[[120.97854,14.46293],[120.97845,14.46284],[120.97854,14.46284],[120.97854,14.46293]]],[[[120.97207,14.46088],[120.97179,14.46061],[120.97216,14.46061],[120.97207,14.46088]]],[[[120.96809,14.45985],[120.96818,14.45995],[120.96809,14.45995],[120.96809,14.45985]]],[[[120.96856,14.45905],[120.96837,14.45895],[120.96856,14.45886],[120.96856,14.45905]]],[[[120.98233,14.46431],[120.98224,14.46422],[120.98233,14.46422],[120.98233,14.46431]]],[[[120.98363,14.46424],[120.98354,14.46414],[120.98363,14.46415],[120.98363,14.46424]]],[[[120.98279,14.46396],[120.9827,14.46378],[120.9828,14.46378],[120.98279,14.46396]]],[[[120.98336,14.46351],[120.98317,14.46342],[120.98336,14.46342],[120.98336,14.46351]]],[[[120.97146,14.47642],[120.97054,14.47587],[120.97035,14.4756],[120.97036,14.47576],[120.97061,14.47596],[120.97146,14.47642]]],[[[120.97628,14.47646],[120.97619,14.47637],[120.97619,14.47646],[120.97628,14.47646]]],[[[120.98213,14.47552],[120.98232,14.47525],[120.98205,14.47489],[120.98075,14.47487],[120.98046,14.47623],[120.9811,14.4765],[120.98176,14.47615],[120.98176,14.47543],[120.98213,14.47552]]],[[[120.97165,14.47642],[120.97146,14.47651],[120.97164,14.47651],[120.97165,14.47642]]],[[[120.9824,14.47652],[120.98231,14.47642],[120.98231,14.47651],[120.9824,14.47652]]],[[[120.97175,14.4757],[120.97174,14.47624],[120.97202,14.47652],[120.97202,14.47625],[120.97175,14.4757]]],[[[120.97174,14.47651],[120.97164,14.4766],[120.97174,14.4766],[120.97174,14.47651]]],[[[120.97192,14.47661],[120.97183,14.47651],[120.97183,14.4766],[120.97192,14.47661]]],[[[120.97471,14.47564],[120.97489,14.47645],[120.97508,14.47663],[120.97508,14.47564],[120.97471,14.47564]]],[[[120.99085,14.47623],[120.99047,14.4764],[120.99121,14.47668],[120.99085,14.47623]]],[[[120.98268,14.47634],[120.98268,14.4767],[120.98287,14.4767],[120.98268,14.47634]]],[[[120.97229,14.47661],[120.97257,14.4767],[120.97257,14.47661],[120.97229,14.47661]]],[[[120.99502,14.47635],[120.99437,14.47644],[120.99428,14.47607],[120.99326,14.47598],[120.99372,14.4767],[120.99502,14.47635]]],[[[120.97517,14.47663],[120.97507,14.47672],[120.97517,14.47672],[120.97517,14.47663]]],[[[120.97266,14.4767],[120.97257,14.47679],[120.97266,14.47679],[120.97266,14.4767]]],[[[120.97526,14.47672],[120.97517,14.47681],[120.97526,14.47682],[120.97526,14.47672]]],[[[120.98296,14.4767],[120.98286,14.47688],[120.98296,14.47688],[120.98296,14.4767]]],[[[120.99335,14.47652],[120.99325,14.47688],[120.99371,14.47688],[120.99335,14.47652]]],[[[120.97276,14.47679],[120.97266,14.47688],[120.97275,14.47688],[120.97276,14.47679]]],[[[120.99455,14.4768],[120.99436,14.47689],[120.99455,14.47689],[120.99455,14.4768]]],[[[120.97535,14.47682],[120.97526,14.47691],[120.97535,14.47691],[120.97535,14.47682]]],[[[120.97229,14.47697],[120.9722,14.4767],[120.9722,14.47697],[120.97229,14.47697]]],[[[120.97285,14.47688],[120.97275,14.47697],[120.97285,14.47698],[120.97285,14.47688]]],[[[120.97544,14.47691],[120.97535,14.477],[120.97544,14.477],[120.97544,14.47691]]],[[[120.97637,14.47701],[120.97628,14.47664],[120.97628,14.477],[120.97637,14.47701]]],[[[120.98286,14.47706],[120.98277,14.47697],[120.98277,14.47706],[120.98286,14.47706]]],[[[120.97238,14.47697],[120.97229,14.47706],[120.97238,14.47706],[120.97238,14.47697]]],[[[120.97294,14.47698],[120.97285,14.47707],[120.97294,14.47707],[120.97294,14.47698]]],[[[120.97563,14.47709],[120.97554,14.477],[120.97553,14.47709],[120.97563,14.47709]]],[[[120.98768,14.4771],[120.98861,14.47702],[120.9902,14.47559],[120.98965,14.47513],[120.98853,14.47548],[120.98798,14.47521],[120.98768,14.4771]]],[[[120.98862,14.47603],[120.98844,14.47557],[120.98881,14.47576],[120.98862,14.47603]]],[[[120.97247,14.47706],[120.97238,14.47715],[120.97247,14.47715],[120.97247,14.47706]]],[[[120.97581,14.47718],[120.97572,14.47709],[120.97572,14.47718],[120.97581,14.47718]]],[[[120.97266,14.47715],[120.97247,14.47724],[120.97266,14.47724],[120.97266,14.47715]]],[[[120.98676,14.47728],[120.98732,14.47656],[120.98677,14.4761],[120.98676,14.47728]]],[[[120.98305,14.47733],[120.98314,14.47724],[120.98305,14.47724],[120.98305,14.47733]]],[[[120.98323,14.47734],[120.98314,14.47743],[120.98323,14.47743],[120.98323,14.47734]]],[[[120.99482,14.47743],[120.99464,14.47725],[120.99454,14.47743],[120.99482,14.47743]]],[[[120.98842,14.47765],[120.98916,14.47748],[120.98842,14.47738],[120.98842,14.47765]]],[[[120.98323,14.47743],[120.9823,14.4776],[120.98258,14.47715],[120.98222,14.47651],[120.98165,14.47759],[120.98332,14.47797],[120.98323,14.47743]]],[[[120.99176,14.47759],[120.99203,14.47804],[120.99213,14.47768],[120.99176,14.47759]]],[[[120.99222,14.47832],[120.99213,14.47822],[120.99213,14.47832],[120.99222,14.47832]]],[[[120.97294,14.47707],[120.97312,14.47743],[120.97284,14.47725],[120.97266,14.47733],[120.97312,14.4777],[120.97487,14.47835],[120.97497,14.4779],[120.97368,14.4768],[120.97294,14.47707]]],[[[120.99249,14.4785],[120.99231,14.47841],[120.99231,14.4785],[120.99249,14.4785]]],[[[120.99138,14.47867],[120.99129,14.47849],[120.99129,14.47867],[120.99138,14.47867]]],[[[120.99222,14.47859],[120.99139,14.47786],[120.99166,14.47876],[120.99138,14.47867],[120.99128,14.47894],[120.99222,14.47859]]],[[[120.99147,14.47894],[120.99138,14.47903],[120.99147,14.47903],[120.99147,14.47894]]],[[[120.99175,14.47894],[120.99165,14.47903],[120.99175,14.47904],[120.99175,14.47894]]],[[[120.97515,14.47907],[120.97505,14.47898],[120.97505,14.47907],[120.97515,14.47907]]],[[[120.99165,14.47912],[120.99147,14.47903],[120.99147,14.47912],[120.99165,14.47912]]],[[[120.97524,14.47916],[120.97515,14.47907],[120.97515,14.47916],[120.97524,14.47916]]],[[[120.97515,14.47898],[120.97579,14.47917],[120.97589,14.4789],[120.97506,14.47835],[120.97515,14.47898]]],[[[120.97533,14.47926],[120.97524,14.47916],[120.97524,14.47925],[120.97533,14.47926]]],[[[120.97542,14.47926],[120.97533,14.47935],[120.97542,14.47935],[120.97542,14.47926]]],[[[120.99369,14.47996],[120.9936,14.47986],[120.99359,14.47995],[120.99369,14.47996]]],[[[120.99306,14.47742],[120.99279,14.47624],[120.99251,14.47687],[120.99297,14.47751],[120.99352,14.47751],[120.99416,14.47842],[120.9937,14.47905],[120.99268,14.47904],[120.99295,14.47986],[120.99221,14.47958],[120.99248,14.48004],[120.99313,14.48031],[120.99323,14.47977],[120.99388,14.47969],[120.99434,14.48005],[120.99546,14.47907],[120.99582,14.4797],[120.99517,14.48006],[120.99526,14.48051],[120.99582,14.47988],[120.99693,14.48025],[120.9974,14.47917],[120.99612,14.47808],[120.99473,14.47789],[120.99445,14.47734],[120.99306,14.47742]]],[[[120.99491,14.47834],[120.99463,14.4787],[120.99416,14.47878],[120.99435,14.47833],[120.99491,14.47834]]],[[[120.99388,14.47932],[120.99415,14.47969],[120.99378,14.47959],[120.99388,14.47932]]],[[[120.99406,14.47987],[120.99415,14.47996],[120.99406,14.47996],[120.99406,14.47987]]],[[[120.99656,14.48061],[120.99637,14.4807],[120.99655,14.48079],[120.99656,14.48061]]],[[[120.99553,14.48115],[120.99581,14.48106],[120.99544,14.4806],[120.99553,14.48115]]],[[[120.97736,14.4809],[120.97819,14.48109],[120.97736,14.48036],[120.97736,14.4809]]],[[[120.97836,14.48244],[120.97846,14.48236],[120.97836,14.48235],[120.97836,14.48244]]],[[[120.98763,14.4827],[120.98745,14.48261],[120.98745,14.4827],[120.98763,14.4827]]],[[[120.97864,14.48254],[120.97845,14.48263],[120.97864,14.48272],[120.97864,14.48254]]],[[[120.99478,14.4824],[120.9945,14.48267],[120.99487,14.48277],[120.99478,14.4824]]],[[[120.97873,14.48272],[120.97864,14.48281],[120.97873,14.48281],[120.97873,14.48272]]],[[[120.98717,14.48288],[120.98708,14.4827],[120.98708,14.48288],[120.98717,14.48288]]],[[[120.97882,14.48281],[120.97873,14.4829],[120.97882,14.4829],[120.97882,14.48281]]],[[[120.98744,14.48325],[120.98716,14.48333],[120.98744,14.4837],[120.98744,14.48325]]],[[[120.99263,14.48383],[120.99319,14.4832],[120.9943,14.48348],[120.99468,14.48304],[120.99292,14.48275],[120.99245,14.48329],[120.99263,14.48383]]],[[[120.98948,14.48399],[120.98958,14.48317],[120.98856,14.48253],[120.98864,14.48398],[120.98948,14.48399]]],[[[120.9892,14.48335],[120.98865,14.48308],[120.98875,14.4828],[120.9892,14.48335]]],[[[120.99039,14.48571],[120.9902,14.48562],[120.9902,14.48571],[120.99039,14.48571]]],[[[120.9902,14.4858],[120.99011,14.48571],[120.99011,14.4858],[120.9902,14.4858]]],[[[120.99261,14.48627],[120.99307,14.48637],[120.99308,14.4861],[120.99261,14.48627]]],[[[120.99011,14.4858],[120.98983,14.48607],[120.98983,14.48652],[120.99029,14.48661],[120.98992,14.48634],[120.99011,14.4858]]],[[[120.99057,14.48671],[120.99038,14.48661],[120.99038,14.4867],[120.99057,14.48671]]],[[[120.99048,14.48544],[120.99169,14.48509],[120.99122,14.48653],[120.99149,14.48671],[120.99224,14.486],[120.99188,14.48518],[120.99236,14.48365],[120.99133,14.484],[120.99142,14.48482],[120.99048,14.48544]]],[[[120.99121,14.4868],[120.99075,14.48671],[120.99075,14.4868],[120.99121,14.4868]]],[[[120.99306,14.48754],[120.99344,14.48727],[120.99306,14.48736],[120.99306,14.48754]]],[[[120.98954,14.48769],[120.98944,14.4876],[120.98944,14.48769],[120.98954,14.48769]]],[[[120.9925,14.4879],[120.99241,14.48744],[120.99241,14.4879],[120.9925,14.4879]]],[[[120.99214,14.48726],[120.99222,14.4879],[120.99214,14.48699],[120.99056,14.48743],[120.9912,14.48798],[120.99214,14.48726]]],[[[120.99102,14.48752],[120.99121,14.48762],[120.99102,14.48761],[120.99102,14.48752]]],[[[120.99213,14.48808],[120.99222,14.48799],[120.99213,14.48798],[120.99213,14.48808]]],[[[120.99705,14.48794],[120.99724,14.48758],[120.99696,14.48757],[120.99705,14.48794]]],[[[120.99232,14.48808],[120.99222,14.48817],[120.99231,14.48817],[120.99232,14.48808]]],[[[120.99297,14.48781],[120.9926,14.4879],[120.99296,14.48817],[120.99297,14.48781]]],[[[120.99769,14.48812],[120.99788,14.48821],[120.99788,14.48812],[120.99769,14.48812]]],[[[120.9759,14.48848],[120.97571,14.48839],[120.97571,14.48848],[120.9759,14.48848]]],[[[120.97599,14.48857],[120.97608,14.48848],[120.97599,14.48848],[120.97599,14.48857]]],[[[120.99778,14.48858],[120.99769,14.48839],[120.9976,14.48857],[120.99778,14.48858]]],[[[120.99222,14.48853],[120.99231,14.48862],[120.99231,14.48853],[120.99222,14.48853]]],[[[120.97617,14.48857],[120.97608,14.48866],[120.97617,14.48866],[120.97617,14.48857]]],[[[120.99769,14.48876],[120.9976,14.48866],[120.9976,14.48875],[120.99769,14.48876]]],[[[120.9924,14.48862],[120.99231,14.4888],[120.9924,14.4888],[120.9924,14.48862]]],[[[120.97589,14.48884],[120.9758,14.48875],[120.9758,14.48884],[120.97589,14.48884]]],[[[120.97626,14.48866],[120.97617,14.48884],[120.97626,14.48884],[120.97626,14.48866]]],[[[120.99249,14.4888],[120.9924,14.48889],[120.99249,14.48889],[120.99249,14.4888]]],[[[120.99259,14.48889],[120.99249,14.48898],[120.99259,14.48898],[120.99259,14.48889]]],[[[120.99268,14.48898],[120.99258,14.48907],[120.99268,14.48907],[120.99268,14.48898]]],[[[120.99796,14.48903],[120.99778,14.48912],[120.99796,14.48921],[120.99796,14.48903]]],[[[120.99268,14.48925],[120.99277,14.48916],[120.99268,14.48916],[120.99268,14.48925]]],[[[120.99805,14.48939],[120.99815,14.4893],[120.99806,14.4893],[120.99805,14.48939]]],[[[120.99843,14.48939],[120.99936,14.48895],[120.99825,14.48876],[120.99843,14.48939]]],[[[120.99082,14.48942],[120.9911,14.48924],[120.99092,14.4887],[120.99055,14.48887],[120.99082,14.48942]]],[[[120.99286,14.48926],[120.99277,14.48944],[120.99286,14.48944],[120.99286,14.48926]]],[[[120.99824,14.48939],[120.99815,14.48948],[120.99824,14.48948],[120.99824,14.48939]]],[[[120.99295,14.48944],[120.99286,14.48962],[120.99295,14.48962],[120.99295,14.48944]]],[[[120.99156,14.48997],[120.99146,14.48988],[120.99146,14.48997],[120.99156,14.48997]]],[[[120.99304,14.48998],[120.99295,14.48971],[120.99295,14.48998],[120.99304,14.48998]]],[[[120.99295,14.49025],[120.99285,14.49007],[120.99285,14.49025],[120.99295,14.49025]]],[[[120.99285,14.49052],[120.99276,14.49034],[120.99276,14.49052],[120.99285,14.49052]]],[[[120.99257,14.49061],[120.99248,14.49043],[120.99248,14.49061],[120.99257,14.49061]]],[[[120.99275,14.49079],[120.99266,14.49061],[120.99266,14.49079],[120.99275,14.49079]]],[[[121.00166,14.49042],[121.00138,14.4905],[121.00166,14.49087],[121.00166,14.49042]]],[[[120.98283,14.49116],[120.98264,14.49107],[120.98264,14.49116],[120.98283,14.49116]]],[[[120.99266,14.49097],[120.99257,14.49124],[120.99266,14.49124],[120.99266,14.49097]]],[[[121.00184,14.49141],[121.00166,14.49105],[121.00165,14.49141],[121.00184,14.49141]]],[[[120.99776,14.49147],[120.99906,14.49048],[120.99898,14.48985],[120.99861,14.48949],[120.99824,14.48957],[120.99897,14.4903],[120.99776,14.49147]]],[[[120.99711,14.49164],[120.99701,14.49155],[120.99701,14.49164],[120.99711,14.49164]]],[[[120.99776,14.49165],[120.99711,14.49146],[120.99711,14.49155],[120.99776,14.49165]]],[[[120.99822,14.49165],[120.99803,14.49156],[120.99803,14.49165],[120.99822,14.49165]]],[[[120.98867,14.49157],[120.98941,14.49158],[120.98932,14.4913],[120.98867,14.49157]]],[[[120.99701,14.49173],[120.99692,14.49164],[120.99692,14.49173],[120.99701,14.49173]]],[[[120.99803,14.49174],[120.99776,14.49165],[120.99775,14.49174],[120.99803,14.49174]]],[[[120.98922,14.49221],[120.98913,14.49194],[120.98912,14.49221],[120.98922,14.49221]]],[[[120.9958,14.49281],[120.99533,14.49289],[120.9958,14.4929],[120.9958,14.49281]]],[[[120.99626,14.49281],[120.99589,14.4929],[120.99626,14.4929],[120.99626,14.49281]]],[[[120.99682,14.4929],[120.99673,14.49281],[120.99672,14.4929],[120.99682,14.4929]]],[[[120.99515,14.49289],[120.99524,14.49298],[120.99524,14.49289],[120.99515,14.49289]]],[[[120.99672,14.49299],[120.99635,14.4929],[120.99635,14.49299],[120.99672,14.49299]]],[[[121.00257,14.49313],[121.00303,14.49278],[121.00257,14.49259],[121.00257,14.49313]]],[[[120.99487,14.49334],[120.99477,14.49325],[120.99477,14.49334],[120.99487,14.49334]]],[[[120.99264,14.49341],[120.99255,14.49296],[120.99255,14.49341],[120.99264,14.49341]]],[[[120.99477,14.49343],[120.99468,14.49334],[120.99468,14.49343],[120.99477,14.49343]]],[[[120.9931,14.49342],[120.99338,14.49351],[120.99338,14.49342],[120.9931,14.49342]]],[[[120.99496,14.49352],[120.99486,14.49343],[120.99486,14.49352],[120.99496,14.49352]]],[[[120.99264,14.49359],[120.99273,14.4935],[120.99264,14.4935],[120.99264,14.49359]]],[[[120.9931,14.4936],[120.99301,14.4935],[120.99301,14.49359],[120.9931,14.4936]]],[[[120.99394,14.49351],[120.99356,14.4936],[120.99394,14.4936],[120.99394,14.49351]]],[[[120.99292,14.49359],[120.99273,14.49368],[120.99291,14.49368],[120.99292,14.49359]]],[[[120.99421,14.4937],[120.99403,14.4936],[120.99403,14.49369],[120.99421,14.4937]]],[[[120.99449,14.4937],[120.99449,14.49343],[120.99431,14.4937],[120.99449,14.4937]]],[[[120.99486,14.4937],[120.99477,14.49352],[120.99477,14.4937],[120.99486,14.4937]]],[[[120.99738,14.49164],[120.99683,14.49173],[120.99682,14.49281],[120.99692,14.492],[120.9971,14.49264],[120.99682,14.49309],[120.99607,14.49308],[120.99616,14.4938],[120.99635,14.49317],[120.99709,14.49309],[120.99738,14.49164]]],[[[120.99477,14.49388],[120.99468,14.4937],[120.99467,14.49388],[120.99477,14.49388]]],[[[120.9958,14.49299],[120.99505,14.49298],[120.99496,14.49343],[120.9957,14.49344],[120.99579,14.49389],[120.99616,14.49389],[120.9958,14.49299]]],[[[120.98809,14.4941],[120.988,14.494],[120.98799,14.49409],[120.98809,14.4941]]],[[[121.00163,14.49403],[121.00098,14.49393],[121.00089,14.49411],[121.00107,14.49403],[121.00163,14.49403]]],[[[121.00172,14.49403],[121.00163,14.49412],[121.00172,14.49412],[121.00172,14.49403]]],[[[121.00089,14.4942],[121.00079,14.49411],[121.00079,14.4942],[121.00089,14.4942]]],[[[121.00181,14.49412],[121.00172,14.49421],[121.00181,14.49421],[121.00181,14.49412]]],[[[121.00079,14.49429],[121.0007,14.4942],[121.0007,14.49429],[121.00079,14.49429]]],[[[121.00191,14.49421],[121.00181,14.4943],[121.00191,14.4943],[121.00191,14.49421]]],[[[121.0007,14.49438],[121.00051,14.49429],[121.00051,14.49438],[121.0007,14.49438]]],[[[121.002,14.4943],[121.0019,14.49439],[121.002,14.49439],[121.002,14.4943]]],[[[121.0008,14.49393],[121.00163,14.49376],[121.00218,14.49458],[121.00238,14.49322],[121.00183,14.49186],[121.00091,14.49185],[121.00118,14.4924],[121.0008,14.49393]]],[[[121.00127,14.49312],[121.00108,14.49303],[121.00127,14.49303],[121.00127,14.49312]]],[[[120.99634,14.49462],[120.99615,14.49434],[120.99615,14.49462],[120.99634,14.49462]]],[[[121.00042,14.49465],[121.00023,14.49456],[121.00023,14.49465],[121.00042,14.49465]]],[[[121.00023,14.49474],[121.00014,14.49465],[121.00014,14.49474],[121.00023,14.49474]]],[[[121.00014,14.49492],[121.00005,14.49474],[121.00005,14.49492],[121.00014,14.49492]]],[[[120.99467,14.49388],[120.99467,14.49496],[120.99541,14.49497],[120.99485,14.4946],[120.99505,14.49397],[120.99467,14.49424],[120.99467,14.49388]]],[[[121.00227,14.49494],[121.00246,14.49485],[121.00218,14.49476],[121.00227,14.49494]]],[[[121.00004,14.4951],[120.99995,14.49492],[120.99995,14.4951],[121.00004,14.4951]]],[[[121.00255,14.49503],[121.00245,14.49512],[121.00255,14.49512],[121.00255,14.49503]]],[[[121.0008,14.49393],[121.00014,14.49429],[120.99996,14.49374],[120.99913,14.49383],[120.99912,14.49428],[120.99968,14.49465],[120.99939,14.49519],[120.99986,14.49456],[120.99922,14.49401],[120.99987,14.49392],[121.00014,14.49447],[121.0008,14.49393]]],[[[121.00014,14.4951],[121.00004,14.49519],[121.00014,14.49519],[121.00014,14.4951]]],[[[121.00023,14.49528],[121.00032,14.49519],[121.00023,14.49519],[121.00023,14.49528]]],[[[121.00273,14.49512],[121.00264,14.4953],[121.00273,14.4953],[121.00273,14.49512]]],[[[120.99939,14.49537],[120.99921,14.49518],[120.99921,14.49536],[120.99939,14.49537]]],[[[120.99958,14.49546],[120.99948,14.49537],[120.99948,14.49546],[120.99958,14.49546]]],[[[120.99615,14.49534],[120.99587,14.49534],[120.99614,14.49552],[120.99615,14.49534]]],[[[120.99995,14.49555],[120.99986,14.49537],[120.99976,14.49555],[120.99995,14.49555]]],[[[121.0005,14.49547],[121.00032,14.49546],[121.00013,14.49555],[121.0005,14.49547]]],[[[120.99976,14.49564],[120.99967,14.49555],[120.99967,14.49564],[120.99976,14.49564]]],[[[120.99624,14.4957],[120.99605,14.49561],[120.99605,14.4957],[120.99624,14.4957]]],[[[120.99624,14.49552],[120.99642,14.4957],[120.99642,14.49552],[120.99624,14.49552]]],[[[120.98752,14.49562],[120.9877,14.49554],[120.9874,14.49508],[120.98752,14.49562]]],[[[120.99948,14.49555],[120.99957,14.49573],[120.99958,14.49555],[120.99948,14.49555]]],[[[120.99651,14.4957],[120.99642,14.49579],[120.99651,14.49579],[120.99651,14.4957]]],[[[120.99948,14.49582],[120.99939,14.49573],[120.99939,14.49582],[120.99948,14.49582]]],[[[120.99586,14.49588],[120.99587,14.49561],[120.99568,14.49588],[120.99586,14.49588]]],[[[120.99679,14.4958],[120.99651,14.49588],[120.99679,14.49589],[120.99679,14.4958]]],[[[121.00273,14.4953],[121.00291,14.49567],[121.00338,14.49594],[121.00338,14.49576],[121.00273,14.4953]]],[[[120.99568,14.49597],[120.99549,14.49588],[120.99549,14.49597],[120.99568,14.49597]]],[[[120.99688,14.49589],[120.99679,14.49598],[120.99688,14.49598],[120.99688,14.49589]]],[[[121.00347,14.49594],[121.00337,14.49603],[121.00347,14.49603],[121.00347,14.49594]]],[[[120.99549,14.49606],[120.99521,14.49596],[120.99521,14.49605],[120.99549,14.49606]]],[[[120.99697,14.49607],[120.99707,14.49598],[120.99697,14.49598],[120.99697,14.49607]]],[[[120.99855,14.4959],[120.99911,14.49609],[120.9993,14.49582],[120.99855,14.4959]]],[[[120.99967,14.49573],[120.99957,14.49609],[120.99966,14.49609],[120.99967,14.49573]]],[[[120.99401,14.49613],[120.99466,14.49533],[120.99448,14.49487],[120.99429,14.49568],[120.99401,14.49613]]],[[[120.99521,14.49614],[120.99503,14.49605],[120.99503,14.49614],[120.99521,14.49614]]],[[[120.99716,14.49607],[120.99707,14.49616],[120.99716,14.49616],[120.99716,14.49607]]],[[[120.99976,14.49609],[120.99966,14.49618],[120.99976,14.49618],[120.99976,14.49609]]],[[[120.99502,14.49623],[120.99484,14.49614],[120.99484,14.49623],[120.99502,14.49623]]],[[[120.99725,14.49616],[120.99716,14.49625],[120.99725,14.49625],[120.99725,14.49616]]],[[[120.994,14.49631],[120.99391,14.49613],[120.99391,14.49631],[120.994,14.49631]]],[[[121.00402,14.49631],[121.00346,14.4963],[121.00402,14.4964],[121.00402,14.49631]]],[[[121.00198,14.49647],[121.00189,14.49638],[121.00189,14.49647],[121.00198,14.49647]]],[[[120.99734,14.49625],[120.99725,14.49652],[120.99734,14.49652],[120.99734,14.49625]]],[[[120.99743,14.49643],[120.99753,14.49653],[120.99753,14.49643],[120.99743,14.49643]]],[[[120.99855,14.49599],[120.99799,14.49617],[120.99762,14.49653],[120.99818,14.49653],[120.99855,14.49599]]],[[[120.99743,14.49661],[120.99734,14.49652],[120.99734,14.49661],[120.99743,14.49661]]],[[[120.99484,14.49623],[120.99382,14.49631],[120.99381,14.49667],[120.99409,14.49668],[120.99484,14.49623]]],[[[121.00402,14.4964],[121.00531,14.49686],[121.00559,14.49668],[121.00476,14.49623],[121.00402,14.4964]]],[[[121.00643,14.49705],[121.00633,14.49687],[121.00633,14.49705],[121.00643,14.49705]]],[[[120.98807,14.49626],[120.9877,14.49599],[120.98815,14.49708],[120.98807,14.49626]]],[[[121.00596,14.49714],[121.00587,14.49687],[121.00578,14.49714],[121.00596,14.49714]]],[[[120.98825,14.49708],[120.98815,14.49735],[120.98824,14.49735],[120.98825,14.49708]]],[[[120.99075,14.49746],[120.99056,14.49755],[120.99075,14.49755],[120.99075,14.49746]]],[[[120.98824,14.49771],[120.98834,14.49744],[120.98824,14.49744],[120.98824,14.49771]]],[[[120.99492,14.49777],[120.99473,14.49768],[120.99473,14.49777],[120.99492,14.49777]]],[[[120.99529,14.49777],[120.99538,14.49768],[120.99529,14.49768],[120.99529,14.49777]]],[[[121.00299,14.49784],[121.0028,14.49793],[121.00299,14.49793],[121.00299,14.49784]]],[[[120.99445,14.49794],[120.99436,14.49785],[120.99436,14.49794],[120.99445,14.49794]]],[[[120.98843,14.49771],[120.98833,14.49798],[120.98842,14.49798],[120.98843,14.49771]]],[[[120.99557,14.49777],[120.99547,14.49804],[120.99575,14.49805],[120.99557,14.49777]]],[[[120.99335,14.49649],[120.99289,14.49676],[120.99288,14.49712],[120.99343,14.49875],[120.99335,14.49649]]],[[[120.99417,14.49876],[120.99408,14.49821],[120.99407,14.49876],[120.99417,14.49876]]],[[[120.99324,14.49884],[120.99333,14.49902],[120.99333,14.49884],[120.99324,14.49884]]],[[[120.99407,14.49912],[120.99416,14.49903],[120.99407,14.49903],[120.99407,14.49912]]],[[[120.99138,14.49918],[120.99166,14.49892],[120.99148,14.49882],[120.99138,14.49918]]],[[[120.99444,14.49912],[120.99416,14.49921],[120.99444,14.49921],[120.99444,14.49912]]],[[[120.99212,14.49955],[120.99194,14.49937],[120.99193,14.49955],[120.99212,14.49955]]],[[[120.99305,14.49965],[120.99286,14.49947],[120.99286,14.49965],[120.99305,14.49965]]],[[[121.0012,14.50035],[121.00102,14.50026],[121.00102,14.50035],[121.0012,14.50035]]],[[[120.9897,14.50034],[120.98961,14.50052],[120.9897,14.50052],[120.9897,14.50034]]],[[[120.99026,14.50053],[120.99007,14.50035],[120.99007,14.50053],[120.99026,14.50053]]],[[[120.98888,14.49871],[120.98842,14.49798],[120.98914,14.50079],[120.98924,14.49989],[120.98961,14.50034],[120.98907,14.49862],[120.98944,14.49826],[120.9898,14.49998],[120.99026,14.49972],[120.99062,14.50089],[120.99127,14.50108],[120.99155,14.50063],[120.99239,14.50064],[120.99221,14.49973],[120.99129,14.49945],[120.99056,14.49737],[120.9901,14.49737],[120.99001,14.497],[120.99075,14.49674],[120.99204,14.49829],[120.99194,14.49883],[120.99324,14.49911],[120.9925,14.49874],[120.9914,14.49692],[120.99261,14.49666],[120.99271,14.49549],[120.99354,14.49577],[120.99336,14.49613],[120.99345,14.49649],[120.99383,14.49541],[120.99365,14.4945],[120.99236,14.49341],[120.99256,14.49224],[120.9921,14.49196],[120.99256,14.49196],[120.99257,14.4907],[120.99201,14.49106],[120.99183,14.48997],[120.99267,14.49043],[120.99277,14.48962],[120.99213,14.48826],[120.99156,14.48924],[120.99191,14.49187],[120.98996,14.4923],[120.98968,14.49275],[120.98931,14.49239],[120.98828,14.49292],[120.98819,14.49346],[120.98707,14.49345],[120.98871,14.49717],[120.98888,14.49871]]],[[[120.98889,14.49754],[120.98898,14.49772],[120.98889,14.49772],[120.98889,14.49754]]],[[[120.98907,14.49799],[120.98916,14.49817],[120.98907,14.49817],[120.98907,14.49799]]],[[[120.99113,14.49593],[120.99179,14.49539],[120.99206,14.49548],[120.99131,14.49674],[120.99113,14.49593]]],[[[120.99215,14.49657],[120.99196,14.49648],[120.99215,14.49639],[120.99215,14.49657]]],[[[120.99095,14.49557],[120.99104,14.49566],[120.99095,14.49566],[120.99095,14.49557]]],[[[120.99318,14.49495],[120.99364,14.49496],[120.99374,14.49523],[120.99336,14.49531],[120.99318,14.49495]]],[[[120.99318,14.49459],[120.993,14.49432],[120.99319,14.49432],[120.99318,14.49459]]],[[[120.99189,14.4944],[120.99115,14.4943],[120.99106,14.49385],[120.99198,14.49404],[120.99189,14.4944]]],[[[120.99217,14.49449],[120.99198,14.4944],[120.99217,14.4944],[120.99217,14.49449]]],[[[120.98837,14.49374],[120.98772,14.49418],[120.98763,14.49373],[120.98837,14.49374]]],[[[120.98939,14.49402],[120.98911,14.49383],[120.98939,14.49384],[120.98939,14.49402]]],[[[120.98836,14.49437],[120.98845,14.49455],[120.98836,14.49455],[120.98836,14.49437]]],[[[120.9878,14.49463],[120.9879,14.49473],[120.9878,14.49473],[120.9878,14.49463]]],[[[120.98856,14.49356],[120.98846,14.49347],[120.98856,14.49347],[120.98856,14.49356]]],[[[120.98874,14.49329],[120.98865,14.49338],[120.98874,14.49338],[120.98874,14.49329]]],[[[120.98856,14.49329],[120.98865,14.4932],[120.98856,14.4932],[120.98856,14.49329]]],[[[120.99106,14.49376],[120.99097,14.49349],[120.99115,14.49349],[120.99106,14.49376]]],[[[120.99005,14.49249],[120.99023,14.49258],[120.99005,14.49258],[120.99005,14.49249]]],[[[120.98932,14.50115],[120.98923,14.50088],[120.98923,14.50115],[120.98932,14.50115]]],[[[120.99007,14.50107],[120.98979,14.50116],[120.99006,14.50125],[120.99007,14.50107]]],[[[120.99025,14.50125],[120.99053,14.50098],[120.99025,14.50098],[120.99025,14.50125]]],[[[120.98979,14.50071],[120.98933,14.50052],[120.98932,14.50143],[120.98951,14.50079],[120.98979,14.50098],[120.98988,14.50089],[120.98979,14.50071]]],[[[120.99006,14.50152],[120.98997,14.50134],[120.98997,14.50152],[120.99006,14.50152]]],[[[120.99164,14.50135],[120.99145,14.50153],[120.99164,14.50154],[120.99164,14.50135]]],[[[120.9896,14.50143],[120.98941,14.50161],[120.9896,14.50161],[120.9896,14.50143]]],[[[120.99006,14.50188],[120.98997,14.50179],[120.98997,14.50188],[120.99006,14.50188]]],[[[120.98978,14.50197],[120.98969,14.50188],[120.98969,14.50197],[120.98978,14.50197]]],[[[120.99414,14.50219],[120.99423,14.50192],[120.99395,14.50219],[120.99414,14.50219]]],[[[120.99302,14.50254],[120.99284,14.50236],[120.99274,14.50254],[120.99302,14.50254]]],[[[120.99024,14.50252],[120.98996,14.50261],[120.99024,14.50261],[120.99024,14.50252]]],[[[120.98977,14.5026],[120.98986,14.50297],[120.98987,14.5026],[120.98977,14.5026]]],[[[120.99051,14.50297],[120.99042,14.50288],[120.99042,14.50297],[120.99051,14.50297]]],[[[120.99292,14.50317],[120.99283,14.50308],[120.99283,14.50317],[120.99292,14.50317]]],[[[120.99246,14.50326],[120.99265,14.5029],[120.99237,14.50281],[120.99246,14.50326]]],[[[120.9906,14.50342],[120.99051,14.50306],[120.99051,14.50342],[120.9906,14.50342]]],[[[120.98995,14.50333],[120.98968,14.50287],[120.98903,14.50323],[120.98921,14.5035],[120.98995,14.50333]]],[[[120.99004,14.50333],[120.98995,14.5036],[120.99004,14.5036],[120.99004,14.50333]]],[[[120.98893,14.50359],[120.98911,14.50368],[120.98911,14.50359],[120.98893,14.50359]]],[[[120.9906,14.50379],[120.99069,14.50352],[120.9906,14.50351],[120.9906,14.50379]]],[[[120.99078,14.50379],[120.99069,14.50415],[120.99078,14.50415],[120.99078,14.50379]]],[[[120.99449,14.50409],[120.99486,14.50391],[120.99449,14.50382],[120.99449,14.50409]]],[[[120.98864,14.5044],[120.98846,14.50431],[120.98846,14.5044],[120.98864,14.5044]]],[[[120.98465,14.50491],[120.98474,14.50482],[120.98465,14.50482],[120.98465,14.50491]]],[[[120.99188,14.50524],[120.99179,14.50506],[120.99179,14.50524],[120.99188,14.50524]]],[[[120.99234,14.50543],[120.99216,14.50515],[120.99207,14.50543],[120.99234,14.50543]]],[[[120.99587,14.50573],[120.99587,14.50483],[120.99513,14.50473],[120.99513,14.50518],[120.99587,14.50573]]],[[[120.9956,14.505],[120.9955,14.50491],[120.9956,14.50491],[120.9956,14.505]]],[[[120.99197,14.5056],[120.99216,14.50579],[120.99216,14.50561],[120.99197,14.5056]]],[[[120.97991,14.50613],[120.9801,14.50595],[120.97991,14.50586],[120.97991,14.50613]]],[[[120.98093,14.50632],[120.98084,14.50623],[120.98083,14.50632],[120.98093,14.50632]]],[[[120.99512,14.50635],[120.99558,14.50618],[120.99503,14.50563],[120.99512,14.50635]]],[[[120.97842,14.50648],[120.97833,14.50621],[120.97833,14.50648],[120.97842,14.50648]]],[[[120.99048,14.50668],[120.99039,14.50659],[120.99039,14.50668],[120.99048,14.50668]]],[[[120.97795,14.50693],[120.97787,14.5063],[120.9774,14.50647],[120.97749,14.50693],[120.97795,14.50693]]],[[[120.9799,14.50704],[120.97981,14.50686],[120.97981,14.50704],[120.9799,14.50704]]],[[[120.99335,14.50715],[120.99316,14.50706],[120.99316,14.50715],[120.99335,14.50715]]],[[[120.99715,14.507],[120.99687,14.50718],[120.99715,14.50719],[120.99715,14.507]]],[[[120.99743,14.50719],[120.99734,14.5071],[120.99734,14.50719],[120.99743,14.50719]]],[[[120.98751,14.50719],[120.98741,14.5071],[120.98741,14.50719],[120.98751,14.50719]]],[[[120.99993,14.50757],[120.99984,14.50748],[120.99984,14.50757],[120.99993,14.50757]]],[[[120.99854,14.50765],[120.99845,14.50756],[120.99845,14.50765],[120.99854,14.50765]]],[[[120.99975,14.50766],[120.99965,14.50757],[120.99965,14.50766],[120.99975,14.50766]]],[[[120.99956,14.50775],[120.99937,14.50766],[120.99937,14.50775],[120.99956,14.50775]]],[[[120.97878,14.50766],[120.97869,14.50775],[120.97878,14.50775],[120.97878,14.50766]]],[[[120.99353,14.50761],[120.99316,14.50778],[120.99353,14.50788],[120.99353,14.50761]]],[[[120.99381,14.50788],[120.99371,14.50779],[120.99371,14.50788],[120.99381,14.50788]]],[[[120.99575,14.50817],[120.99613,14.50781],[120.99576,14.50781],[120.99575,14.50817]]],[[[120.99316,14.50805],[120.99288,14.50832],[120.99315,14.50833],[120.99316,14.50805]]],[[[120.97553,14.50799],[120.9759,14.50845],[120.97609,14.50791],[120.97553,14.50799]]],[[[120.99909,14.50865],[120.99956,14.50793],[120.99881,14.50801],[120.99909,14.50865]]],[[[120.97552,14.50899],[120.97534,14.50872],[120.97534,14.50899],[120.97552,14.50899]]],[[[120.99361,14.50914],[120.99324,14.50905],[120.99324,14.50914],[120.99361,14.50914]]],[[[120.97859,14.50811],[120.97914,14.50866],[120.97869,14.50748],[120.97786,14.50711],[120.97793,14.50919],[120.97859,14.50811]]],[[[120.97785,14.50838],[120.97794,14.50847],[120.97785,14.50847],[120.97785,14.50838]]],[[[120.97896,14.50902],[120.97923,14.50911],[120.97923,14.50893],[120.97896,14.50902]]],[[[120.99324,14.50923],[120.99296,14.50914],[120.99296,14.50923],[120.99324,14.50923]]],[[[120.99277,14.50923],[120.9925,14.50931],[120.99277,14.50932],[120.99277,14.50923]]],[[[120.97607,14.51062],[120.97588,14.51053],[120.97588,14.51062],[120.97607,14.51062]]],[[[120.98515,14.51106],[120.98525,14.51088],[120.98515,14.51088],[120.98515,14.51106]]],[[[120.98571,14.51106],[120.98524,14.51133],[120.98571,14.51133],[120.98571,14.51106]]],[[[120.98023,14.51138],[120.98014,14.51129],[120.98014,14.51138],[120.98023,14.51138]]],[[[120.98654,14.51134],[120.98691,14.51144],[120.98682,14.51125],[120.98654,14.51134]]],[[[120.99711,14.51143],[120.99693,14.51152],[120.99711,14.51161],[120.99711,14.51143]]],[[[120.98821,14.51163],[120.9883,14.51154],[120.98821,14.51154],[120.98821,14.51163]]],[[[120.98125,14.51184],[120.98116,14.51166],[120.98116,14.51184],[120.98125,14.51184]]],[[[120.98849,14.51163],[120.9883,14.5119],[120.98839,14.5119],[120.98849,14.51163]]],[[[120.9933,14.51248],[120.99321,14.51239],[120.99321,14.51248],[120.9933,14.51248]]],[[[120.98478,14.51078],[120.98525,14.5107],[120.98488,14.51042],[120.98516,14.5097],[120.98405,14.51006],[120.98404,14.51042],[120.9856,14.51287],[120.98478,14.51078]]],[[[120.98866,14.51263],[120.98838,14.51289],[120.98885,14.5129],[120.98866,14.51263]]],[[[120.98115,14.51301],[120.98161,14.51266],[120.98134,14.51202],[120.98078,14.51238],[120.98115,14.51301]]],[[[120.98875,14.51308],[120.98866,14.51299],[120.98866,14.51308],[120.98875,14.51308]]],[[[120.9778,14.51335],[120.97771,14.51325],[120.97771,14.51334],[120.9778,14.51335]]],[[[121.00183,14.51337],[121.00174,14.51328],[121.00173,14.51337],[121.00183,14.51337]]],[[[120.98207,14.5132],[120.98188,14.51329],[120.98207,14.51338],[120.98207,14.5132]]],[[[120.98225,14.51356],[120.98216,14.51392],[120.98262,14.51438],[120.98262,14.51411],[120.98225,14.51356]]],[[[120.98298,14.51484],[120.98392,14.5143],[120.98568,14.51386],[120.98383,14.51412],[120.98298,14.51484]]],[[[120.98243,14.51492],[120.98252,14.51519],[120.98261,14.51492],[120.98243,14.51492]]],[[[120.98233,14.51528],[120.98215,14.51519],[120.98215,14.51528],[120.98233,14.51528]]],[[[120.97946,14.51526],[120.98021,14.51409],[120.979,14.51453],[120.97946,14.51526]]],[[[120.99429,14.51547],[120.99411,14.51529],[120.99411,14.51547],[120.99429,14.51547]]],[[[120.98149,14.51573],[120.98196,14.51555],[120.98196,14.51537],[120.98168,14.51546],[120.98149,14.51573]]],[[[120.98149,14.51582],[120.9814,14.51573],[120.9814,14.51582],[120.98149,14.51582]]],[[[120.9813,14.51591],[120.98121,14.51581],[120.98121,14.5159],[120.9813,14.51591]]],[[[120.98102,14.51608],[120.98093,14.51599],[120.98093,14.51608],[120.98102,14.51608]]],[[[120.99958,14.51615],[120.99949,14.51597],[120.99948,14.51615],[120.99958,14.51615]]],[[[120.99902,14.51615],[120.99874,14.51624],[120.99902,14.51624],[120.99902,14.51615]]],[[[120.9942,14.5162],[120.99438,14.51629],[120.99438,14.5162],[120.9942,14.5162]]],[[[120.99809,14.51614],[120.998,14.51641],[120.99809,14.51641],[120.99809,14.51614]]],[[[120.99828,14.51641],[120.99809,14.51677],[120.99818,14.51677],[120.99828,14.51641]]],[[[120.99772,14.51677],[120.99762,14.51686],[120.99771,14.51686],[120.99772,14.51677]]],[[[120.99818,14.51695],[120.99809,14.51686],[120.99808,14.51695],[120.99818,14.51695]]],[[[120.99771,14.51722],[120.99781,14.51695],[120.99771,14.51695],[120.99771,14.51722]]],[[[120.99836,14.51723],[120.99845,14.51714],[120.99836,14.51714],[120.99836,14.51723]]],[[[120.9979,14.51722],[120.9978,14.51731],[120.9979,14.51731],[120.9979,14.51722]]],[[[120.97934,14.51733],[120.97925,14.51715],[120.97925,14.51733],[120.97934,14.51733]]],[[[120.99799,14.51731],[120.99789,14.51749],[120.99799,14.51749],[120.99799,14.51731]]],[[[120.99808,14.5175],[120.99799,14.51758],[120.99808,14.51759],[120.99808,14.5175]]],[[[120.99817,14.51759],[120.99808,14.51768],[120.99817,14.51768],[120.99817,14.51759]]],[[[120.99835,14.51795],[120.99826,14.51786],[120.99826,14.51795],[120.99835,14.51795]]],[[[120.97943,14.51797],[120.97934,14.51788],[120.97934,14.51797],[120.97943,14.51797]]],[[[120.99715,14.51812],[120.99715,14.51722],[120.99604,14.51757],[120.99613,14.51784],[120.99715,14.51812]]],[[[120.99845,14.51813],[120.99835,14.51804],[120.99835,14.51813],[120.99845,14.51813]]],[[[121.00132,14.51816],[121.00123,14.51797],[121.00123,14.51815],[121.00132,14.51816]]],[[[120.99863,14.5184],[120.99854,14.51831],[120.99854,14.5184],[120.99863,14.5184]]],[[[120.9938,14.51845],[120.99371,14.51836],[120.99371,14.51845],[120.9938,14.51845]]],[[[120.98471,14.51847],[120.98453,14.51828],[120.98453,14.51846],[120.98471,14.51847]]],[[[120.98601,14.51848],[120.98592,14.51829],[120.98583,14.51847],[120.98601,14.51848]]],[[[120.97971,14.51815],[120.97952,14.51842],[120.9797,14.51851],[120.97971,14.51815]]],[[[120.99872,14.51859],[120.99863,14.51849],[120.99863,14.51858],[120.99872,14.51859]]],[[[120.99733,14.51866],[120.99714,14.51857],[120.99714,14.51866],[120.99733,14.51866]]],[[[120.98007,14.51879],[120.98072,14.51861],[120.98007,14.51861],[120.98007,14.51879]]],[[[120.98759,14.51885],[120.9874,14.51876],[120.9874,14.51885],[120.98759,14.51885]]],[[[120.98805,14.51904],[120.98833,14.51886],[120.98777,14.51876],[120.98805,14.51904]]],[[[120.99769,14.51912],[120.9976,14.51903],[120.9976,14.51912],[120.99769,14.51912]]],[[[120.98851,14.51895],[120.98833,14.51913],[120.98851,14.51904],[120.98851,14.51895]]],[[[121.00196,14.50949],[121.00123,14.50776],[120.99983,14.50865],[120.99954,14.50974],[120.99807,14.50819],[120.99799,14.5071],[120.99855,14.50666],[120.99819,14.50548],[120.99773,14.50538],[120.99775,14.50276],[120.99821,14.50259],[120.99988,14.5035],[121.00034,14.50297],[120.99979,14.50296],[120.99979,14.5026],[121.00025,14.5026],[121.00017,14.50143],[121.00064,14.50107],[121.00046,14.50026],[120.99953,14.50025],[120.99899,14.49925],[121.00046,14.49989],[120.99945,14.49916],[120.99964,14.4988],[121.00306,14.50055],[121.00085,14.49863],[120.99964,14.49853],[120.99947,14.49736],[121.00021,14.49709],[121.0028,14.49784],[120.99976,14.49618],[120.99686,14.49842],[120.99575,14.49805],[120.99593,14.49859],[120.995,14.49885],[120.99574,14.49913],[120.99444,14.49921],[120.99527,14.49967],[120.99508,14.49994],[120.99434,14.49966],[120.99452,14.50093],[120.99554,14.50094],[120.9959,14.5022],[120.99553,14.50202],[120.99552,14.50301],[120.99635,14.50329],[120.99607,14.50374],[120.99653,14.50393],[120.99688,14.50664],[120.99836,14.50665],[120.9965,14.50754],[120.99622,14.50826],[120.99723,14.50854],[120.99723,14.50908],[120.99667,14.50971],[120.99611,14.50916],[120.99602,14.50953],[120.99656,14.51143],[120.99749,14.51135],[120.99729,14.51216],[120.99803,14.51298],[120.99791,14.51614],[120.998,14.51569],[120.99874,14.51606],[120.99875,14.51551],[120.99996,14.51525],[120.99957,14.51724],[120.99845,14.51723],[120.99936,14.51922],[121.00086,14.51824],[121.00133,14.51707],[121.00134,14.51653],[121.00069,14.51643],[121.00154,14.51418],[121.00155,14.51346],[121.00108,14.51364],[121.00099,14.51327],[121.00239,14.51265],[121.00203,14.51156],[121.00258,14.51193],[121.00196,14.50949]]],[[[120.99944,14.51028],[120.99962,14.51073],[120.99925,14.51073],[120.99944,14.51028]]],[[[120.99675,14.51016],[120.99703,14.51062],[120.99675,14.51062],[120.99675,14.51016]]],[[[120.99897,14.51091],[120.99916,14.51109],[120.99897,14.51109],[120.99897,14.51091]]],[[[120.99971,14.51109],[120.99962,14.511],[120.99972,14.511],[120.99971,14.51109]]],[[[120.99934,14.511],[120.99925,14.51091],[120.99935,14.51091],[120.99934,14.511]]],[[[121.00194,14.51111],[121.00203,14.51129],[121.00194,14.51129],[121.00194,14.51111]]],[[[120.99934,14.51136],[120.99952,14.51163],[120.99934,14.51163],[120.99934,14.51136]]],[[[120.99832,14.51144],[120.99841,14.51162],[120.99832,14.51162],[120.99832,14.51144]]],[[[120.99896,14.51226],[120.99925,14.51145],[120.99924,14.51208],[120.99896,14.51226]]],[[[120.99869,14.51208],[120.99878,14.51217],[120.99868,14.51217],[120.99869,14.51208]]],[[[120.9985,14.51226],[120.99849,14.51271],[120.99859,14.51289],[120.99812,14.51262],[120.9985,14.51226]]],[[[120.99812,14.51289],[120.99821,14.51298],[120.99812,14.51298],[120.99812,14.51289]]],[[[120.99905,14.51262],[120.99887,14.51235],[120.99915,14.51244],[120.99905,14.51262]]],[[[121.00128,14.51255],[121.00109,14.51237],[121.00128,14.51246],[121.00128,14.51255]]],[[[121.00054,14.512],[121.00026,14.51182],[121.00054,14.51182],[121.00054,14.512]]],[[[121.00193,14.51174],[121.00175,14.51165],[121.00194,14.51165],[121.00193,14.51174]]],[[[120.9998,14.51146],[120.99971,14.51136],[120.9998,14.51136],[120.9998,14.51146]]],[[[120.9996,14.51344],[120.99979,14.51353],[120.9996,14.51353],[120.9996,14.51344]]],[[[121.00117,14.514],[121.00136,14.51409],[121.00117,14.51409],[121.00117,14.514]]],[[[121.00098,14.51427],[121.0008,14.51454],[121.00089,14.51427],[121.00098,14.51427]]],[[[121.00015,14.51444],[121.00024,14.51453],[121.00015,14.51453],[121.00015,14.51444]]],[[[120.99977,14.51471],[120.99987,14.5148],[120.99977,14.5148],[120.99977,14.51471]]],[[[120.99866,14.51488],[120.99894,14.51524],[120.99856,14.51515],[120.99866,14.51488]]],[[[121.00014,14.5158],[121.00079,14.51508],[121.0006,14.51589],[121.00014,14.5158]]],[[[120.99966,14.51715],[121.00087,14.51707],[121.00086,14.51734],[120.99993,14.5176],[120.99966,14.51715]]],[[[120.99937,14.5185],[120.99946,14.51859],[120.99937,14.51859],[120.99937,14.5185]]],[[[120.99759,14.50981],[120.9975,14.50972],[120.99759,14.50972],[120.99759,14.50981]]],[[[120.99871,14.50946],[120.99853,14.50919],[120.9988,14.50928],[120.99871,14.50946]]],[[[120.99789,14.5081],[120.99779,14.508],[120.99789,14.50801],[120.99789,14.5081]]],[[[120.99743,14.50764],[120.99724,14.50809],[120.99715,14.50773],[120.99743,14.50764]]],[[[120.99822,14.50222],[120.99729,14.50204],[120.99794,14.50159],[120.99822,14.50222]]],[[[120.99971,14.50124],[120.99869,14.50114],[120.99944,14.50052],[120.99971,14.50124]]],[[[120.99471,14.50084],[120.9948,14.50093],[120.9947,14.50093],[120.99471,14.50084]]],[[[120.9961,14.50031],[120.99592,14.50013],[120.9961,14.50013],[120.9961,14.50031]]],[[[120.99713,14.49959],[120.99648,14.4995],[120.99648,14.49932],[120.99713,14.49959]]],[[[120.99741,14.49924],[120.9975,14.49942],[120.9975,14.49924],[120.99741,14.49924]]],[[[120.99741,14.4996],[120.99731,14.49942],[120.99731,14.4996],[120.99741,14.4996]]],[[[120.99639,14.49923],[120.99611,14.4994],[120.99602,14.49922],[120.99639,14.49923]]],[[[120.99788,14.49879],[120.99742,14.49842],[120.99788,14.49852],[120.99788,14.49879]]],[[[120.99825,14.49879],[120.99835,14.4978],[120.99872,14.49762],[120.99909,14.49853],[120.99825,14.49879]]],[[[120.98935,14.51914],[120.98907,14.51923],[120.98934,14.51923],[120.98935,14.51914]]],[[[120.98628,14.51929],[120.98638,14.5192],[120.98628,14.5192],[120.98628,14.51929]]],[[[120.98656,14.5192],[120.98637,14.51938],[120.98665,14.51939],[120.98656,14.5192]]],[[[120.9976,14.51939],[120.99751,14.51921],[120.99751,14.51939],[120.9976,14.51939]]],[[[120.9899,14.51923],[120.98971,14.51941],[120.99009,14.51941],[120.9899,14.51923]]],[[[120.99444,14.51954],[120.99426,14.51936],[120.99426,14.51954],[120.99444,14.51954]]],[[[120.98554,14.51947],[120.9861,14.51929],[120.9861,14.51911],[120.98564,14.51911],[120.98554,14.51947]]],[[[120.97997,14.51933],[120.98035,14.51942],[120.98192,14.51934],[120.97997,14.51933]]],[[[120.98563,14.51974],[120.98554,14.51965],[120.98554,14.51974],[120.98563,14.51974]]],[[[120.99435,14.51981],[120.99426,14.51972],[120.99426,14.51981],[120.99435,14.51981]]],[[[120.98609,14.51983],[120.98656,14.51966],[120.98609,14.51974],[120.98609,14.51983]]],[[[120.99946,14.51922],[120.99964,14.51986],[120.99973,14.51986],[120.99992,14.51941],[120.99946,14.51922]]],[[[120.9796,14.51987],[120.97951,14.51978],[120.97951,14.51987],[120.9796,14.51987]]],[[[120.99963,14.51995],[120.99954,14.51986],[120.99954,14.51995],[120.99963,14.51995]]],[[[120.98118,14.51979],[120.9809,14.51997],[120.98117,14.51997],[120.98118,14.51979]]],[[[120.99954,14.52013],[120.99945,14.52004],[120.99945,14.52013],[120.99954,14.52013]]],[[[120.98934,14.52013],[120.98925,14.51995],[120.98924,14.52013],[120.98934,14.52013]]],[[[120.98961,14.52022],[120.98952,14.52004],[120.98952,14.52022],[120.98961,14.52022]]],[[[120.98915,14.52031],[120.98906,14.52022],[120.98896,14.52031],[120.98915,14.52031]]],[[[120.99434,14.52045],[120.99425,14.52035],[120.99425,14.52044],[120.99434,14.52045]]],[[[120.99202,14.52052],[120.99267,14.52061],[120.99267,14.52052],[120.99202,14.52052]]],[[[120.99935,14.52022],[120.99944,14.52067],[120.99945,14.52022],[120.99935,14.52022]]],[[[120.99935,14.52076],[120.99926,14.52067],[120.99926,14.52076],[120.99935,14.52076]]],[[[120.99091,14.52069],[120.9911,14.52015],[120.99054,14.51996],[120.99054,14.5205],[120.99091,14.52069]]],[[[120.99361,14.51981],[120.99298,14.51763],[120.99066,14.51743],[120.99102,14.51888],[120.99055,14.51897],[120.99045,14.5196],[120.99351,14.52026],[120.9936,14.52107],[120.99361,14.51981]]],[[[120.99186,14.51771],[120.99223,14.51781],[120.99223,14.51799],[120.9927,14.5179],[120.99186,14.51771]]],[[[120.99168,14.51771],[120.99186,14.51762],[120.99168,14.51762],[120.99168,14.51771]]],[[[120.99223,14.51799],[120.99149,14.51807],[120.9913,14.51897],[120.9924,14.51962],[120.99186,14.51835],[120.99223,14.51799]]],[[[120.99111,14.51915],[120.9912,14.51933],[120.99111,14.51933],[120.99111,14.51915]]],[[[120.99083,14.51942],[120.99101,14.51951],[120.99083,14.51951],[120.99083,14.51942]]],[[[120.99259,14.51898],[120.99288,14.51854],[120.99305,14.51926],[120.99259,14.51898]]],[[[120.99424,14.52117],[120.99415,14.52108],[120.99415,14.52117],[120.99424,14.52117]]],[[[120.99368,14.52152],[120.99359,14.52116],[120.99359,14.52152],[120.99368,14.52152]]],[[[120.99925,14.52157],[120.99916,14.5213],[120.99916,14.52157],[120.99925,14.52157]]],[[[120.98339,14.52162],[120.9833,14.52144],[120.98329,14.52162],[120.98339,14.52162]]],[[[120.99267,14.52061],[120.99294,14.52197],[120.99321,14.52215],[120.99332,14.52071],[120.99267,14.52061]]],[[[120.9831,14.52225],[120.98366,14.52207],[120.98311,14.52189],[120.9831,14.52225]]],[[[120.99294,14.52197],[120.99182,14.52196],[120.99165,14.52078],[120.99202,14.52061],[120.99109,14.52087],[120.99117,14.52214],[120.99146,14.52123],[120.99173,14.52214],[120.9921,14.5225],[120.99265,14.52251],[120.99238,14.52215],[120.99294,14.52197]]],[[[120.99219,14.52223],[120.99229,14.52233],[120.99219,14.52232],[120.99219,14.52223]]],[[[120.99146,14.52105],[120.99137,14.52096],[120.99146,14.52096],[120.99146,14.52105]]],[[[120.987,14.52255],[120.98681,14.52237],[120.98672,14.52255],[120.987,14.52255]]],[[[120.98449,14.52262],[120.9844,14.52253],[120.9844,14.52262],[120.98449,14.52262]]],[[[120.98867,14.52193],[120.98869,14.51967],[120.98675,14.51939],[120.98711,14.51984],[120.98646,14.5202],[120.98701,14.52092],[120.98589,14.52119],[120.98551,14.52245],[120.98737,14.52192],[120.98811,14.52274],[120.98784,14.52202],[120.98867,14.52193]]],[[[120.98748,14.52066],[120.98766,14.5212],[120.98728,14.52138],[120.9871,14.52102],[120.98748,14.52066]]],[[[120.98776,14.52012],[120.98739,14.51984],[120.98776,14.51985],[120.98776,14.52012]]],[[[120.97967,14.5224],[120.98217,14.52242],[120.98227,14.52206],[120.98163,14.52124],[120.98042,14.52123],[120.97967,14.5224]]],[[[120.98041,14.52195],[120.98078,14.52223],[120.98079,14.52205],[120.98041,14.52195]]],[[[120.98032,14.5224],[120.98013,14.52213],[120.98004,14.52231],[120.98032,14.5224]]],[[[120.98208,14.52224],[120.98199,14.52215],[120.98208,14.52215],[120.98208,14.52224]]],[[[120.9933,14.52288],[120.99321,14.52279],[120.99321,14.52288],[120.9933,14.52288]]],[[[120.99432,14.52298],[120.99423,14.52288],[120.99423,14.52297],[120.99432,14.52298]]],[[[120.98514,14.52299],[120.98486,14.52308],[120.98514,14.52308],[120.98514,14.52299]]],[[[120.99923,14.52329],[120.9997,14.52266],[120.99924,14.52266],[120.99915,14.52184],[120.99923,14.52329]]],[[[120.99154,14.52241],[120.99108,14.52277],[120.99126,14.52331],[120.99182,14.52286],[120.99154,14.52241]]],[[[120.98634,14.52336],[120.98615,14.52327],[120.98615,14.52336],[120.98634,14.52336]]],[[[120.98856,14.52347],[120.98847,14.5232],[120.98838,14.52347],[120.98856,14.52347]]],[[[120.99209,14.5235],[120.99228,14.52278],[120.99191,14.52286],[120.99209,14.5235]]],[[[120.99209,14.52314],[120.992,14.52305],[120.99209,14.52305],[120.99209,14.52314]]],[[[120.9996,14.52356],[120.99951,14.52338],[120.99951,14.52356],[120.9996,14.52356]]],[[[120.9906,14.52358],[120.99051,14.52339],[120.99051,14.52358],[120.9906,14.52358]]],[[[120.99329,14.5236],[120.9932,14.52342],[120.9932,14.5236],[120.99329,14.5236]]],[[[120.98643,14.52345],[120.98699,14.52355],[120.98699,14.52273],[120.98643,14.52345]]],[[[120.99227,14.52395],[120.99218,14.52368],[120.99208,14.52395],[120.99227,14.52395]]],[[[120.99746,14.52427],[120.99737,14.52418],[120.99737,14.52427],[120.99746,14.52427]]],[[[120.99765,14.52427],[120.99756,14.52409],[120.99756,14.52427],[120.99765,14.52427]]],[[[120.99311,14.52387],[120.99328,14.52477],[120.99329,14.52378],[120.99311,14.52387]]],[[[120.99198,14.52494],[120.99227,14.5244],[120.99208,14.52431],[120.99198,14.52494]]],[[[120.99254,14.52513],[120.99245,14.52504],[120.99245,14.52513],[120.99254,14.52513]]],[[[120.9917,14.52521],[120.99124,14.5253],[120.9917,14.5253],[120.9917,14.52521]]],[[[120.99625,14.52534],[120.99616,14.52516],[120.99615,14.52534],[120.99625,14.52534]]],[[[120.99188,14.52567],[120.99179,14.52557],[120.99179,14.52566],[120.99188,14.52567]]],[[[120.99365,14.52568],[120.99384,14.52424],[120.99367,14.52315],[120.99365,14.52568]]],[[[120.99373,14.52631],[120.99364,14.52613],[120.99364,14.52631],[120.99373,14.52631]]],[[[120.9851,14.5266],[120.98501,14.52633],[120.98501,14.5266],[120.9851,14.5266]]],[[[120.99354,14.52704],[120.99373,14.52649],[120.99364,14.52649],[120.99354,14.52704]]],[[[120.99809,14.52707],[120.99917,14.51985],[120.99881,14.51868],[120.99797,14.51912],[120.99815,14.52003],[120.99712,14.5211],[120.99758,14.52192],[120.99702,14.52209],[120.99757,14.5221],[120.99794,14.52274],[120.99747,14.52336],[120.9981,14.52554],[120.99763,14.52653],[120.99809,14.52707]]],[[[120.99839,14.52382],[120.99821,14.52373],[120.99839,14.52373],[120.99839,14.52382]]],[[[120.9974,14.52119],[120.99777,14.52084],[120.99796,14.5203],[120.99814,14.52129],[120.9974,14.52119]]],[[[121.00152,14.52719],[121.00143,14.5271],[121.00143,14.52719],[121.00152,14.52719]]],[[[120.98677,14.52743],[120.98705,14.52716],[120.98686,14.52707],[120.98677,14.52743]]],[[[120.99914,14.52338],[120.99855,14.52744],[120.9992,14.52745],[120.99956,14.52835],[120.99994,14.52781],[121.00095,14.52818],[121.00133,14.52755],[121.00031,14.52727],[121.00069,14.52683],[121.00162,14.52665],[121.00189,14.52738],[121.00263,14.52693],[121.00291,14.52721],[121.00292,14.52648],[121.00422,14.52622],[121.00441,14.52532],[121.00367,14.5255],[121.00367,14.52504],[121.00302,14.52495],[121.00228,14.5253],[121.00191,14.5244],[121.0006,14.52583],[121.00099,14.52412],[121.00034,14.52447],[120.99914,14.52338]]],[[[121.0005,14.52664],[121.00013,14.52718],[120.99985,14.52709],[121.00014,14.52619],[121.0005,14.52664]]],[[[120.99986,14.52619],[120.99911,14.52627],[120.99883,14.52654],[120.99893,14.526],[120.99967,14.52582],[120.99986,14.52619]]],[[[120.99921,14.52564],[120.99894,14.52555],[120.99931,14.52537],[120.99921,14.52564]]],[[[120.99968,14.52564],[120.99958,14.52555],[120.99968,14.52555],[120.99968,14.52564]]],[[[120.99968,14.52501],[120.99987,14.52438],[120.99996,14.52492],[120.99968,14.52501]]],[[[120.99974,14.52853],[120.99965,14.52844],[120.99965,14.52853],[120.99974,14.52853]]],[[[120.99149,14.52855],[120.99139,14.52846],[120.99139,14.52855],[120.99149,14.52855]]],[[[120.99139,14.52864],[120.99121,14.52855],[120.99121,14.52864],[120.99139,14.52864]]],[[[120.99343,14.52866],[120.99362,14.52839],[120.99363,14.52758],[120.99343,14.52866]]],[[[120.99983,14.52881],[120.99974,14.52862],[120.99974,14.52881],[120.99983,14.52881]]],[[[120.99158,14.52892],[120.99148,14.52883],[120.99148,14.52892],[120.99158,14.52892]]],[[[120.99334,14.52884],[120.99352,14.52902],[120.99353,14.52884],[120.99334,14.52884]]],[[[120.99315,14.52929],[120.99306,14.5292],[120.99306,14.52929],[120.99315,14.52929]]],[[[120.99992,14.52944],[120.99983,14.52899],[120.99983,14.52944],[120.99992,14.52944]]],[[[121.00038,14.52962],[121.0002,14.52953],[121.0002,14.52962],[121.00038,14.52962]]],[[[120.99992,14.52971],[120.99983,14.52962],[120.99983,14.52971],[120.99992,14.52971]]],[[[121.0001,14.52971],[121.00001,14.52962],[121.00001,14.52971],[121.0001,14.52971]]],[[[121.00047,14.52981],[121.00066,14.52972],[121.00048,14.52962],[121.00047,14.52981]]],[[[121.00094,14.52981],[121.00066,14.5299],[121.00094,14.5299],[121.00094,14.52981]]],[[[120.99992,14.52989],[120.99973,14.52998],[120.99992,14.52998],[120.99992,14.52989]]],[[[120.9847,14.53003],[120.98489,14.52976],[120.9847,14.52967],[120.9847,14.53003]]],[[[121.00001,14.52998],[120.99991,14.53007],[121.00001,14.53007],[121.00001,14.52998]]],[[[121.00112,14.5299],[121.00103,14.53017],[121.00112,14.53017],[121.00112,14.5299]]],[[[121.00001,14.53025],[121.0001,14.53016],[121.00001,14.53016],[121.00001,14.53025]]],[[[121.00019,14.53026],[121.0001,14.53034],[121.00019,14.53035],[121.00019,14.53026]]],[[[121.00112,14.53035],[121.00121,14.53026],[121.00112,14.53026],[121.00112,14.53035]]],[[[120.9898,14.53044],[120.98971,14.53008],[120.98971,14.53044],[120.9898,14.53044]]],[[[121.00047,14.53044],[121.00028,14.53035],[121.00028,14.53044],[121.00047,14.53044]]],[[[121.0013,14.53035],[121.00121,14.53044],[121.0013,14.53045],[121.0013,14.53035]]],[[[121.00084,14.53053],[121.00065,14.53044],[121.00065,14.53053],[121.00084,14.53053]]],[[[121.0014,14.53045],[121.0013,14.53054],[121.0014,14.53054],[121.0014,14.53045]]],[[[120.9898,14.53062],[120.98971,14.53053],[120.98971,14.53062],[120.9898,14.53062]]],[[[121.00102,14.53062],[121.00112,14.53053],[121.00102,14.53053],[121.00102,14.53062]]],[[[121.00158,14.53063],[121.00149,14.53054],[121.00149,14.53063],[121.00158,14.53063]]],[[[121.0013,14.53063],[121.00112,14.53071],[121.0013,14.53072],[121.0013,14.53063]]],[[[121.00176,14.53072],[121.00167,14.53063],[121.00167,14.53072],[121.00176,14.53072]]],[[[120.98469,14.53075],[120.9846,14.53066],[120.9846,14.53075],[120.98469,14.53075]]],[[[121.00139,14.53072],[121.0013,14.53081],[121.00139,14.53081],[121.00139,14.53072]]],[[[120.98006,14.53071],[120.98052,14.53036],[120.98006,14.53035],[120.98006,14.53071]]],[[[121.00195,14.53081],[121.00186,14.53072],[121.00186,14.53081],[121.00195,14.53081]]],[[[121.00158,14.53081],[121.00139,14.5309],[121.00158,14.5309],[121.00158,14.53081]]],[[[121.00213,14.5309],[121.00204,14.53081],[121.00204,14.5309],[121.00213,14.5309]]],[[[121.00176,14.5309],[121.00158,14.53099],[121.00176,14.53099],[121.00176,14.5309]]],[[[121.00232,14.531],[121.00241,14.53091],[121.00232,14.53091],[121.00232,14.531]]],[[[120.9821,14.531],[120.98228,14.53082],[120.982,14.53082],[120.9821,14.531]]],[[[121.00195,14.53099],[121.00176,14.53108],[121.00195,14.53108],[121.00195,14.53099]]],[[[121.0026,14.531],[121.00241,14.53109],[121.0026,14.53109],[121.0026,14.531]]],[[[120.98636,14.53113],[120.98646,14.53086],[120.98636,14.53086],[120.98636,14.53113]]],[[[120.98664,14.53086],[120.98673,14.53113],[120.98673,14.53086],[120.98664,14.53086]]],[[[121.00213,14.53108],[121.00195,14.53117],[121.00213,14.53118],[121.00213,14.53108]]],[[[121.00269,14.53118],[121.00278,14.53109],[121.00269,14.53109],[121.00269,14.53118]]],[[[120.98664,14.53122],[120.98645,14.53113],[120.98645,14.53122],[120.98664,14.53122]]],[[[121.00287,14.53118],[121.00278,14.53127],[121.00287,14.53127],[121.00287,14.53118]]],[[[120.9897,14.53134],[120.98979,14.53125],[120.9897,14.53125],[120.9897,14.53134]]],[[[121.00334,14.53137],[121.00343,14.53119],[121.00315,14.53118],[121.00334,14.53137]]],[[[121.00287,14.53154],[121.00296,14.53145],[121.00287,14.53145],[121.00287,14.53154]]],[[[121.00361,14.53137],[121.00352,14.53155],[121.00361,14.53155],[121.00361,14.53137]]],[[[121.00315,14.53155],[121.00296,14.53163],[121.00315,14.53164],[121.00315,14.53155]]],[[[120.99076,14.52692],[120.99039,14.52665],[120.9904,14.52538],[120.99096,14.52512],[120.99041,14.52493],[120.99051,14.52403],[120.98976,14.52501],[120.98744,14.52481],[120.98799,14.525],[120.98826,14.52582],[120.98817,14.52654],[120.98742,14.5268],[120.98751,14.52735],[120.98779,14.52681],[120.98816,14.52735],[120.98853,14.52681],[120.98928,14.52682],[120.98973,14.52773],[120.98944,14.52935],[120.98998,14.53053],[120.9924,14.53037],[120.99314,14.53092],[120.99322,14.53164],[120.99343,14.5292],[120.99323,14.53038],[120.99315,14.52974],[120.99259,14.52965],[120.99307,14.52766],[120.99271,14.52703],[120.99308,14.52685],[120.99215,14.52648],[120.99318,14.52604],[120.99179,14.52585],[120.9916,14.52657],[120.99123,14.52602],[120.99076,14.52692]]],[[[120.99212,14.53001],[120.99213,14.52973],[120.99231,14.53001],[120.99212,14.53001]]],[[[120.99176,14.52946],[120.99166,14.52991],[120.99166,14.52946],[120.99176,14.52946]]],[[[120.99121,14.52855],[120.99112,14.52801],[120.99149,14.52792],[120.99185,14.52919],[120.99028,14.52909],[120.99029,14.52782],[120.99121,14.52855]]],[[[120.9927,14.52811],[120.99252,14.52757],[120.9927,14.52766],[120.9927,14.52811]]],[[[120.99196,14.52793],[120.99205,14.5282],[120.99177,14.5282],[120.99196,14.52793]]],[[[120.99289,14.52775],[120.99279,14.52766],[120.99289,14.52766],[120.99289,14.52775]]],[[[120.99141,14.52729],[120.99122,14.52774],[120.99132,14.52693],[120.99215,14.5272],[120.99141,14.52729]]],[[[120.99261,14.52721],[120.99243,14.52694],[120.99261,14.52694],[120.99261,14.52721]]],[[[120.99269,14.52875],[120.99242,14.5282],[120.99279,14.52829],[120.99269,14.52875]]],[[[120.98994,14.52502],[120.99022,14.52529],[120.99022,14.52484],[120.98994,14.52502]]],[[[120.98994,14.5252],[120.98818,14.52509],[120.98818,14.52527],[120.98929,14.52564],[120.98984,14.52637],[120.98993,14.52583],[120.98938,14.52555],[120.98994,14.5252]]],[[[120.99012,14.52574],[120.99003,14.52565],[120.99012,14.52565],[120.99012,14.52574]]],[[[121.00389,14.53164],[121.00371,14.53155],[121.0037,14.53164],[121.00389,14.53164]]],[[[121.00333,14.53164],[121.00315,14.53173],[121.00333,14.53173],[121.00333,14.53164]]],[[[120.99684,14.53176],[120.99666,14.53149],[120.99665,14.53176],[120.99684,14.53176]]],[[[121.00389,14.53182],[121.00352,14.53191],[121.00389,14.53191],[121.00389,14.53182]]],[[[120.99535,14.53202],[120.99526,14.53193],[120.99526,14.53202],[120.99535,14.53202]]],[[[121.00213,14.53118],[121.00203,14.53163],[121.00157,14.53126],[121.00138,14.53171],[121.00139,14.5309],[121.00102,14.53089],[121.001,14.5327],[121.0025,14.53172],[121.00259,14.53127],[121.00213,14.53118]]],[[[121.00129,14.5318],[121.00157,14.53198],[121.00129,14.53189],[121.00129,14.5318]]],[[[120.98217,14.53281],[120.98199,14.53272],[120.98199,14.53281],[120.98217,14.53281]]],[[[120.98412,14.53301],[120.98432,14.53156],[120.98348,14.53147],[120.9831,14.53291],[120.98412,14.53301]]],[[[120.99673,14.53312],[120.99664,14.53294],[120.99664,14.53312],[120.99673,14.53312]]],[[[120.98245,14.53318],[120.98291,14.53318],[120.98291,14.53309],[120.98245,14.53318]]],[[[120.99386,14.53336],[120.99423,14.53319],[120.99433,14.53255],[120.99386,14.53255],[120.99386,14.53336]]],[[[120.99962,14.53179],[120.99956,14.5288],[120.99799,14.52716],[120.99761,14.52852],[120.99807,14.52879],[120.9977,14.52879],[120.99778,14.52987],[120.99732,14.53032],[120.99768,14.53087],[120.99731,14.53113],[120.99748,14.53249],[120.99674,14.53294],[120.99775,14.5334],[120.99868,14.53277],[121.00016,14.53351],[121.00064,14.53243],[121.00046,14.53152],[120.99962,14.53179]]],[[[120.99786,14.53159],[120.99813,14.53214],[120.99795,14.53222],[120.99786,14.53159]]],[[[120.99758,14.53186],[120.99767,14.53204],[120.99758,14.53204],[120.99758,14.53186]]],[[[120.99925,14.53214],[120.99887,14.53241],[120.99924,14.53269],[120.99925,14.53214]]],[[[120.99878,14.53214],[120.99897,14.53196],[120.99878,14.53196],[120.99878,14.53214]]],[[[120.99924,14.53296],[120.99962,14.53224],[120.9999,14.53224],[120.9998,14.53269],[120.99924,14.53296]]],[[[121.00017,14.53233],[121.00008,14.53224],[121.00017,14.53224],[121.00017,14.53233]]],[[[120.99952,14.53224],[120.99934,14.53206],[120.99971,14.53206],[120.99952,14.53224]]],[[[120.99806,14.5296],[120.99797,14.52951],[120.99806,14.52951],[120.99806,14.5296]]],[[[120.99942,14.5335],[120.99923,14.53359],[120.99942,14.53368],[120.99942,14.5335]]],[[[120.9996,14.53386],[120.99932,14.53404],[120.9996,14.53405],[120.9996,14.53386]]],[[[120.98281,14.53408],[120.98318,14.53381],[120.983,14.53372],[120.98281,14.53408]]],[[[120.98222,14.50697],[120.98139,14.50606],[120.98093,14.5065],[120.9811,14.50732],[120.98074,14.50686],[120.97999,14.50776],[120.97971,14.50722],[120.97916,14.50721],[120.97897,14.50766],[120.9797,14.50848],[120.97979,14.50939],[120.97849,14.50947],[120.97839,14.51001],[120.97709,14.50981],[120.97719,14.50909],[120.97645,14.50936],[120.97644,14.50981],[120.97561,14.50962],[120.97561,14.51007],[120.97654,14.5099],[120.97616,14.51044],[120.97661,14.51216],[120.978,14.51244],[120.97791,14.51145],[120.97875,14.51164],[120.98061,14.51093],[120.98153,14.51166],[120.98198,14.51284],[120.98403,14.5115],[120.98468,14.51214],[120.98386,14.51032],[120.98321,14.51068],[120.98284,14.51041],[120.98331,14.50987],[120.98368,14.51014],[120.98359,14.50969],[120.98535,14.50925],[120.98636,14.51116],[120.98673,14.51107],[120.98636,14.51062],[120.98664,14.51035],[120.98691,14.51107],[120.98747,14.51126],[120.98738,14.51081],[120.98812,14.5109],[120.98785,14.51009],[120.98804,14.50928],[120.98931,14.51299],[120.98929,14.51453],[120.98994,14.51471],[120.98771,14.51506],[120.98779,14.51677],[120.98891,14.51642],[120.98909,14.51697],[120.98992,14.51706],[120.98964,14.51724],[120.9901,14.51752],[120.98917,14.51778],[120.99009,14.51842],[120.99056,14.51797],[120.99038,14.51707],[120.99493,14.51756],[120.99455,14.51801],[120.99381,14.51782],[120.99472,14.51955],[120.99462,14.52054],[120.99518,14.52063],[120.99443,14.52099],[120.99396,14.52198],[120.99489,14.52199],[120.99471,14.52144],[120.99508,14.52127],[120.99515,14.52316],[120.99413,14.52325],[120.99477,14.52488],[120.9943,14.52487],[120.99467,14.52533],[120.99392,14.52568],[120.99448,14.52605],[120.99392,14.52623],[120.99438,14.52695],[120.99401,14.52695],[120.99428,14.5274],[120.9939,14.52803],[120.99427,14.52813],[120.99436,14.5284],[120.99381,14.52848],[120.99445,14.52912],[120.9938,14.5293],[120.99407,14.52966],[120.9936,14.53038],[120.99397,14.53092],[120.9935,14.53164],[120.99545,14.53157],[120.99544,14.53229],[120.9947,14.53238],[120.99432,14.53364],[120.99543,14.53347],[120.99487,14.53419],[120.99645,14.53411],[120.99655,14.53321],[120.996,14.53266],[120.99609,14.5323],[120.99646,14.53248],[120.99666,14.53095],[120.99564,14.53085],[120.99657,14.53031],[120.99611,14.53013],[120.99612,14.52886],[120.99575,14.52868],[120.99585,14.52769],[120.99651,14.52751],[120.99604,14.52724],[120.99643,14.52616],[120.99579,14.52498],[120.99671,14.52498],[120.99616,14.52453],[120.99654,14.52408],[120.99617,14.52335],[120.99673,14.52282],[120.99627,14.52263],[120.99665,14.522],[120.9961,14.52091],[120.99638,14.52046],[120.99601,14.52019],[120.99576,14.5172],[120.99762,14.51677],[120.99672,14.5145],[120.99737,14.51378],[120.99635,14.51341],[120.99636,14.51233],[120.99572,14.51178],[120.99564,14.51043],[120.99491,14.50906],[120.9951,14.50843],[120.99446,14.50798],[120.99492,14.50753],[120.99418,14.50716],[120.99337,14.50535],[120.99338,14.50381],[120.99292,14.50353],[120.99292,14.5039],[120.99245,14.50407],[120.99283,14.50344],[120.99208,14.50371],[120.99209,14.50271],[120.99125,14.50307],[120.99152,14.50434],[120.99227,14.50389],[120.99245,14.50434],[120.99189,14.50461],[120.99272,14.50462],[120.99243,14.50579],[120.99281,14.5057],[120.99289,14.50634],[120.99364,14.50625],[120.99362,14.50761],[120.99409,14.50743],[120.9939,14.50806],[120.99427,14.50834],[120.99287,14.5085],[120.99231,14.50895],[120.9938,14.5086],[120.99361,14.50905],[120.99398,14.50924],[120.99323,14.50959],[120.99407,14.50978],[120.99415,14.51077],[120.99341,14.51023],[120.9935,14.51068],[120.99285,14.51094],[120.99295,14.50986],[120.99239,14.51031],[120.99087,14.50415],[120.99031,14.50433],[120.99014,14.5036],[120.98911,14.50422],[120.98929,14.50486],[120.98828,14.50331],[120.98753,14.50403],[120.98587,14.50384],[120.98613,14.50501],[120.98549,14.50465],[120.98353,14.50571],[120.98389,14.50707],[120.98288,14.50616],[120.98296,14.50706],[120.98287,14.50706],[120.98195,14.50597],[120.98222,14.50697]]],[[[120.99444,14.53012],[120.99435,14.53002],[120.99444,14.53003],[120.99444,14.53012]]],[[[120.99557,14.5285],[120.99548,14.52841],[120.99557,14.52841],[120.99557,14.5285]]],[[[120.99567,14.52796],[120.99558,14.52778],[120.99567,14.52778],[120.99567,14.52796]]],[[[120.99624,14.52661],[120.99559,14.52642],[120.99624,14.52643],[120.99624,14.52661]]],[[[120.99561,14.52425],[120.99598,14.5238],[120.99588,14.52434],[120.99561,14.52425]]],[[[120.99478,14.5237],[120.99469,14.52361],[120.99478,14.52361],[120.99478,14.5237]]],[[[120.99571,14.52353],[120.99543,14.52335],[120.99571,14.52335],[120.99571,14.52353]]],[[[120.99608,14.52335],[120.99599,14.52326],[120.99608,14.52326],[120.99608,14.52335]]],[[[120.99553,14.5229],[120.99544,14.52262],[120.99562,14.52263],[120.99553,14.5229]]],[[[120.99591,14.52209],[120.99591,14.52181],[120.99609,14.52209],[120.99591,14.52209]]],[[[120.99455,14.51855],[120.99445,14.51846],[120.99455,14.51846],[120.99455,14.51855]]],[[[120.9928,14.51718],[120.99159,14.51699],[120.99133,14.51536],[120.9917,14.51482],[120.99097,14.51346],[120.99145,14.51247],[120.99061,14.51246],[120.99071,14.51192],[120.99135,14.51238],[120.99109,14.51129],[120.99155,14.51111],[120.99091,14.51029],[120.99165,14.51021],[120.9922,14.51148],[120.99257,14.51112],[120.99265,14.51266],[120.99209,14.51275],[120.99199,14.51374],[120.99283,14.51356],[120.9931,14.51438],[120.99317,14.51664],[120.9928,14.51718]]],[[[120.99493,14.51693],[120.99577,14.51657],[120.99466,14.51647],[120.99475,14.51593],[120.99578,14.51585],[120.99587,14.5154],[120.99652,14.51567],[120.99605,14.51685],[120.99493,14.51693]]],[[[120.99495,14.51539],[120.99513,14.51557],[120.99494,14.51548],[120.99495,14.51539]]],[[[120.99294,14.51131],[120.99284,14.51194],[120.99349,14.51194],[120.99284,14.51248],[120.99354,14.51691],[120.99447,14.51692],[120.99476,14.51512],[120.9943,14.51484],[120.99404,14.51321],[120.99488,14.5125],[120.99359,14.51185],[120.99396,14.51141],[120.99312,14.51185],[120.99294,14.51131]]],[[[120.99275,14.51176],[120.99285,14.51158],[120.99266,14.51158],[120.99275,14.51176]]],[[[120.99578,14.51522],[120.9956,14.51494],[120.99578,14.51486],[120.99578,14.51522]]],[[[120.99625,14.51495],[120.99597,14.51459],[120.99634,14.51459],[120.99625,14.51495]]],[[[120.9956,14.51449],[120.99579,14.51467],[120.9956,14.51467],[120.9956,14.51449]]],[[[120.99662,14.51441],[120.99653,14.51432],[120.99662,14.51432],[120.99662,14.51441]]],[[[120.99477,14.51394],[120.99459,14.51376],[120.99478,14.51367],[120.99477,14.51394]]],[[[120.99561,14.5135],[120.99552,14.51341],[120.99561,14.51341],[120.99561,14.5135]]],[[[120.99636,14.51314],[120.9958,14.51296],[120.99636,14.51296],[120.99636,14.51314]]],[[[120.99534,14.51232],[120.99507,14.51196],[120.99535,14.51205],[120.99534,14.51232]]],[[[120.99562,14.51223],[120.99553,14.51196],[120.99572,14.51196],[120.99562,14.51223]]],[[[120.9946,14.51195],[120.99442,14.51168],[120.99461,14.51168],[120.9946,14.51195]]],[[[120.99433,14.51132],[120.99442,14.51141],[120.99443,14.51132],[120.99433,14.51132]]],[[[120.99433,14.5115],[120.99405,14.51141],[120.99405,14.5115],[120.99433,14.5115]]],[[[120.99554,14.51133],[120.99535,14.51124],[120.99554,14.51124],[120.99554,14.51133]]],[[[120.99211,14.51058],[120.99175,14.50949],[120.99176,14.50904],[120.99212,14.50976],[120.99211,14.51058]]],[[[120.99156,14.51003],[120.99082,14.50948],[120.99035,14.5102],[120.99063,14.51083],[120.98998,14.51083],[120.98935,14.50856],[120.99018,14.50875],[120.99045,14.50966],[120.99037,14.50866],[120.99111,14.50813],[120.99156,14.51003]]],[[[120.99046,14.5083],[120.9901,14.50785],[120.9913,14.50777],[120.9913,14.50804],[120.99046,14.5083]]],[[[120.98815,14.50756],[120.98833,14.50819],[120.98814,14.50837],[120.98916,14.50911],[120.98889,14.50802],[120.98982,14.50739],[120.98974,14.50649],[120.98945,14.50703],[120.98918,14.50676],[120.98917,14.50739],[120.98852,14.50747],[120.98825,14.50666],[120.98872,14.5063],[120.98761,14.50602],[120.98815,14.50756]]],[[[120.98815,14.50756],[120.9876,14.50647],[120.98714,14.50638],[120.9875,14.50783],[120.98796,14.5081],[120.98815,14.50756]]],[[[120.98946,14.5064],[120.98955,14.50622],[120.98946,14.50622],[120.98946,14.5064]]],[[[120.9824,14.50787],[120.98249,14.50814],[120.98221,14.50814],[120.9824,14.50787]]],[[[120.9862,14.508],[120.98611,14.50781],[120.98629,14.50782],[120.9862,14.508]]],[[[120.98694,14.50782],[120.98667,14.50764],[120.98695,14.50755],[120.98694,14.50782]]],[[[120.98425,14.50789],[120.98444,14.50798],[120.98425,14.50798],[120.98425,14.50789]]],[[[120.97943,14.50794],[120.97971,14.50812],[120.97943,14.50812],[120.97943,14.50794]]],[[[120.98035,14.50813],[120.98026,14.50803],[120.98036,14.50804],[120.98035,14.50813]]],[[[120.98184,14.50823],[120.98202,14.50832],[120.98184,14.50832],[120.98184,14.50823]]],[[[120.98759,14.50846],[120.98768,14.50855],[120.98759,14.50855],[120.98759,14.50846]]],[[[120.98545,14.50862],[120.98554,14.50871],[120.98545,14.50871],[120.98545,14.50862]]],[[[120.98777,14.50873],[120.98768,14.50864],[120.98777,14.50864],[120.98777,14.50873]]],[[[120.98563,14.50889],[120.98573,14.50917],[120.98573,14.5089],[120.98563,14.50889]]],[[[120.98563,14.50926],[120.98554,14.50916],[120.98554,14.50925],[120.98563,14.50926]]],[[[120.98554,14.50889],[120.98564,14.5088],[120.98554,14.5088],[120.98554,14.50889]]],[[[120.98322,14.50896],[120.98331,14.50906],[120.98322,14.50905],[120.98322,14.50896]]],[[[120.98285,14.50932],[120.98313,14.50923],[120.98303,14.5095],[120.98285,14.50932]]],[[[120.98164,14.5094],[120.98164,14.50976],[120.98145,14.50976],[120.98164,14.5094]]],[[[120.9809,14.50949],[120.9809,14.50985],[120.98062,14.50985],[120.98062,14.50966],[120.9809,14.50949]]],[[[120.98359,14.50942],[120.9834,14.50951],[120.98359,14.5096],[120.98359,14.50942]]],[[[120.98331,14.50924],[120.98341,14.50915],[120.98331,14.50915],[120.98331,14.50924]]],[[[120.98823,14.50928],[120.98814,14.50919],[120.98823,14.50919],[120.98823,14.50928]]],[[[120.99047,14.50758],[120.99001,14.50685],[120.98984,14.50568],[120.99058,14.50586],[120.99103,14.50758],[120.99047,14.50758]]],[[[120.98668,14.50565],[120.98696,14.50601],[120.98668,14.50601],[120.98668,14.50565]]],[[[120.98557,14.506],[120.98594,14.50646],[120.98556,14.50645],[120.98557,14.506]]],[[[120.98724,14.5062],[120.98705,14.50611],[120.98724,14.50611],[120.98724,14.5062]]],[[[120.98807,14.50602],[120.98816,14.50611],[120.98807,14.50611],[120.98807,14.50602]]],[[[120.98482,14.50672],[120.985,14.5069],[120.98482,14.50681],[120.98482,14.50672]]],[[[120.9824,14.50733],[120.98249,14.50751],[120.9824,14.50751],[120.9824,14.50733]]],[[[120.98952,14.51055],[120.9897,14.51101],[120.9896,14.51119],[120.98923,14.511],[120.98952,14.51055]]],[[[120.98904,14.51136],[120.98932,14.51155],[120.98914,14.51164],[120.98904,14.51136]]],[[[120.99078,14.51445],[120.99106,14.51454],[120.99078,14.51454],[120.99078,14.51445]]],[[[120.99059,14.51481],[120.99068,14.5149],[120.99059,14.5149],[120.99059,14.51481]]],[[[120.98827,14.51497],[120.98901,14.5157],[120.98798,14.51641],[120.98771,14.51533],[120.98827,14.51497]]],[[[120.99122,14.51671],[120.99103,14.51698],[120.99085,14.51671],[120.99122,14.51671]]],[[[120.98766,14.51045],[120.98747,14.51063],[120.98748,14.51036],[120.98766,14.51045]]],[[[120.97774,14.51],[120.97801,14.51046],[120.97755,14.51036],[120.97774,14.51]]],[[[120.97737,14.51045],[120.97746,14.51054],[120.97736,14.51054],[120.97737,14.51045]]],[[[120.9807,14.51066],[120.98043,14.51048],[120.9807,14.51048],[120.9807,14.51066]]],[[[120.97708,14.51081],[120.97727,14.51072],[120.97727,14.5109],[120.97708,14.51081]]],[[[120.97801,14.511],[120.9782,14.51082],[120.97829,14.51109],[120.97801,14.511]]],[[[120.97875,14.511],[120.97857,14.51082],[120.97875,14.51082],[120.97875,14.511]]],[[[120.98209,14.51139],[120.98321,14.51086],[120.98329,14.5114],[120.98236,14.51194],[120.98209,14.51139]]],[[[120.98385,14.51123],[120.98357,14.51114],[120.98385,14.51105],[120.98385,14.51123]]],[[[120.9794,14.51074],[120.97922,14.51083],[120.97922,14.51065],[120.9794,14.51074]]],[[[120.98163,14.51058],[120.98135,14.51039],[120.98154,14.5103],[120.98163,14.51058]]],[[[120.98209,14.51058],[120.982,14.5104],[120.9821,14.5104],[120.98209,14.51058]]],[[[120.97996,14.51029],[120.97987,14.5102],[120.97996,14.5102],[120.97996,14.51029]]],[[[120.97959,14.51011],[120.9795,14.51029],[120.97931,14.51029],[120.97959,14.51011]]],[[[120.97913,14.5101],[120.97904,14.51001],[120.97913,14.51001],[120.97913,14.5101]]],[[[120.97745,14.51126],[120.97754,14.51135],[120.97745,14.51135],[120.97745,14.51126]]],[[[120.99067,14.50559],[120.99049,14.50532],[120.99068,14.50541],[120.99067,14.50559]]],[[[120.98994,14.50495],[120.99049,14.50523],[120.99031,14.50496],[120.98994,14.50495]]],[[[120.9903,14.5055],[120.99003,14.50523],[120.99003,14.50541],[120.9903,14.5055]]],[[[120.99031,14.50478],[120.9904,14.50496],[120.9904,14.50478],[120.99031,14.50478]]],[[[120.98771,14.50521],[120.98752,14.50512],[120.98771,14.50512],[120.98771,14.50521]]],[[[120.98521,14.5051],[120.98548,14.50519],[120.9852,14.50519],[120.98521,14.5051]]],[[[120.98984,14.50541],[120.98993,14.5055],[120.98984,14.5055],[120.98984,14.50541]]],[[[120.98828,14.50386],[120.98883,14.50476],[120.98817,14.50503],[120.9879,14.50458],[120.98828,14.50386]]],[[[120.9879,14.50476],[120.9878,14.50503],[120.98762,14.50475],[120.9879,14.50476]]],[[[120.98975,14.50495],[120.98966,14.50486],[120.98975,14.50486],[120.98975,14.50495]]],[[[120.98809,14.50376],[120.988,14.50358],[120.98809,14.50358],[120.98809,14.50376]]],[[[120.99499,14.51078],[120.9949,14.51051],[120.99499,14.51051],[120.99499,14.51078]]],[[[120.99509,14.50979],[120.99491,14.50952],[120.99518,14.50952],[120.99509,14.50979]]],[[[120.99319,14.50462],[120.99291,14.50444],[120.99319,14.50453],[120.99319,14.50462]]],[[[120.9944,14.53427],[120.99422,14.53409],[120.99422,14.53427],[120.9944,14.53427]]],[[[120.98605,14.53438],[120.98624,14.53411],[120.98606,14.53393],[120.98605,14.53438]]],[[[120.99515,14.53428],[120.99487,14.53446],[120.99514,14.53446],[120.99515,14.53428]]],[[[120.99728,14.53457],[120.99719,14.53439],[120.99709,14.53457],[120.99728,14.53457]]],[[[120.99384,14.53463],[120.99366,14.53436],[120.99357,14.53463],[120.99384,14.53463]]],[[[120.99013,14.53451],[120.98986,14.53459],[120.99013,14.53469],[120.99013,14.53451]]],[[[120.98067,14.5347],[120.98077,14.53361],[120.9805,14.53352],[120.98012,14.53451],[120.98067,14.5347]]],[[[120.99645,14.53411],[120.99653,14.53465],[120.99681,14.53474],[120.99691,14.53438],[120.99645,14.53411]]],[[[120.99208,14.53479],[120.99199,14.5347],[120.99199,14.53479],[120.99208,14.53479]]],[[[120.99996,14.53486],[120.99951,14.53432],[120.99959,14.53486],[120.99996,14.53486]]],[[[120.99894,14.53503],[120.99922,14.53477],[120.99885,14.53485],[120.99894,14.53503]]],[[[120.99597,14.53546],[120.99606,14.53537],[120.99597,14.53537],[120.99597,14.53546]]],[[[120.99237,14.53299],[120.99117,14.53253],[120.99109,14.53171],[120.98979,14.53134],[120.99044,14.53198],[120.99051,14.53352],[120.98977,14.53405],[120.99097,14.53406],[120.99115,14.53461],[120.99041,14.53451],[120.9905,14.53496],[120.99105,14.53533],[120.99097,14.53497],[120.99152,14.53497],[120.99217,14.53552],[120.9919,14.53461],[120.99236,14.53407],[120.99247,14.53317],[120.99237,14.53299]]],[[[120.99061,14.53306],[120.99053,14.53198],[120.99081,14.5318],[120.99061,14.53306]]],[[[120.99616,14.53546],[120.99606,14.53555],[120.99615,14.53555],[120.99616,14.53546]]],[[[120.99421,14.53554],[120.9943,14.53499],[120.99384,14.5349],[120.99375,14.53517],[120.99421,14.53554]]],[[[120.99624,14.53591],[120.99615,14.53573],[120.99615,14.53591],[120.99624,14.53591]]],[[[120.99207,14.53597],[120.99189,14.53552],[120.99188,14.53597],[120.99207,14.53597]]],[[[120.99513,14.53572],[120.99569,14.53609],[120.99551,14.53509],[120.99597,14.53519],[120.99616,14.53456],[120.99524,14.53446],[120.99514,14.53518],[120.99458,14.535],[120.99457,14.53599],[120.99513,14.53572]]],[[[120.99077,14.53632],[120.99142,14.53605],[120.99068,14.53614],[120.99077,14.53632]]],[[[120.99197,14.53633],[120.99188,14.53624],[120.99188,14.53633],[120.99197,14.53633]]],[[[120.98622,14.53637],[120.98613,14.53628],[120.98613,14.53637],[120.98622,14.53637]]],[[[120.98056,14.53632],[120.98085,14.53506],[120.98002,14.53505],[120.98001,14.53614],[120.98056,14.53632]]],[[[120.99179,14.53651],[120.99169,14.53642],[120.99169,14.53651],[120.99179,14.53651]]],[[[120.98687,14.53647],[120.98743,14.53629],[120.98706,14.5362],[120.98687,14.53647]]],[[[120.99308,14.5367],[120.99364,14.53643],[120.99318,14.53625],[120.99308,14.5367]]],[[[120.98714,14.53683],[120.98705,14.53674],[120.98705,14.53683],[120.98714,14.53683]]],[[[120.99865,14.53675],[120.99876,14.53485],[120.99729,14.53348],[120.99755,14.53466],[120.99653,14.53501],[120.99717,14.53565],[120.99643,14.53565],[120.99689,14.53592],[120.9967,14.53655],[120.99754,14.5362],[120.99744,14.53683],[120.99865,14.53675]]],[[[120.99726,14.5361],[120.99708,14.53601],[120.99726,14.53601],[120.99726,14.5361]]],[[[120.99763,14.53602],[120.99745,14.53556],[120.99773,14.53548],[120.99763,14.53602]]],[[[120.99614,14.53682],[120.99642,14.53655],[120.99615,14.53655],[120.99614,14.53682]]],[[[120.98714,14.53728],[120.98696,14.53692],[120.98696,14.53728],[120.98714,14.53728]]],[[[120.98233,14.53616],[120.98094,14.53614],[120.98102,14.53705],[120.98278,14.53752],[120.98335,14.53626],[120.98318,14.53427],[120.98253,14.53417],[120.98206,14.5348],[120.9816,14.53416],[120.98113,14.53551],[120.98149,14.53606],[120.98233,14.53616]]],[[[120.98326,14.53598],[120.98317,14.53544],[120.98326,14.53544],[120.98326,14.53598]]],[[[120.9902,14.53758],[120.98992,14.53767],[120.99029,14.53776],[120.9902,14.53758]]],[[[120.99187,14.53777],[120.99178,14.53768],[120.99177,14.53777],[120.99187,14.53777]]],[[[120.98918,14.53775],[120.98965,14.53676],[120.98937,14.53667],[120.98918,14.53775]]],[[[120.98194,14.53769],[120.98212,14.53796],[120.98213,14.53769],[120.98194,14.53769]]],[[[120.99075,14.53849],[120.99075,14.53804],[120.99075,14.53786],[120.99038,14.53848],[120.99075,14.53849]]],[[[120.99696,14.53854],[120.99687,14.53845],[120.99687,14.53854],[120.99696,14.53854]]],[[[120.99418,14.53897],[120.99436,14.53861],[120.99381,14.53833],[120.99381,14.5387],[120.99418,14.53897]]],[[[120.98713,14.539],[120.98694,14.53873],[120.98694,14.539],[120.98713,14.539]]],[[[120.9875,14.53891],[120.98731,14.539],[120.9875,14.53909],[120.9875,14.53891]]],[[[120.99417,14.53924],[120.99408,14.53915],[120.99408,14.53924],[120.99417,14.53924]]],[[[120.98786,14.53991],[120.98805,14.53955],[120.98796,14.53901],[120.98749,14.53936],[120.98786,14.53991]]],[[[120.98897,14.54001],[120.98945,14.53875],[120.98936,14.53857],[120.98889,14.53874],[120.98897,14.54001]]],[[[120.99157,14.5403],[120.99166,14.54039],[120.99166,14.5403],[120.99157,14.5403]]],[[[120.98507,14.54043],[120.98582,14.54016],[120.98527,14.53944],[120.98507,14.54043]]],[[[120.99156,14.54048],[120.99147,14.54039],[120.99147,14.54048],[120.99156,14.54048]]],[[[120.99166,14.54066],[120.99175,14.54076],[120.99175,14.54067],[120.99166,14.54066]]],[[[120.98785,14.54081],[120.98766,14.5409],[120.98785,14.54099],[120.98785,14.54081]]],[[[120.99286,14.54131],[120.99268,14.54076],[120.99267,14.54131],[120.99286,14.54131]]],[[[120.98645,14.54207],[120.98636,14.54179],[120.98636,14.54207],[120.98645,14.54207]]],[[[120.98515,14.54215],[120.98534,14.54142],[120.98535,14.5407],[120.98498,14.5407],[120.98469,14.5416],[120.98515,14.54215]]],[[[120.98534,14.54197],[120.98571,14.54179],[120.98543,14.5417],[120.98534,14.54197]]],[[[121.00556,14.54232],[121.00546,14.54241],[121.00556,14.54241],[121.00556,14.54232]]],[[[120.99165,14.54076],[120.9911,14.54075],[120.99102,14.53948],[120.99166,14.54003],[120.99195,14.5394],[120.99195,14.53868],[120.99112,14.53804],[120.98998,14.5411],[120.99026,14.54165],[120.99118,14.54156],[120.99099,14.54256],[120.99146,14.5422],[120.99165,14.54076]]],[[[120.99147,14.54121],[120.99156,14.54139],[120.99146,14.54139],[120.99147,14.54121]]],[[[120.99176,14.53949],[120.99148,14.53931],[120.99176,14.53931],[120.99176,14.53949]]],[[[120.99111,14.53912],[120.99093,14.53903],[120.99111,14.53903],[120.99111,14.53912]]],[[[120.99167,14.53958],[120.99157,14.53976],[120.99148,14.53958],[120.99167,14.53958]]],[[[120.98746,14.54262],[120.98775,14.54208],[120.98664,14.5418],[120.98617,14.54215],[120.98626,14.54252],[120.98746,14.54262]]],[[[120.98988,14.54246],[120.99015,14.54255],[120.99016,14.54246],[120.98988,14.54246]]],[[[120.98292,14.5424],[120.98282,14.54276],[120.98329,14.54276],[120.98329,14.54258],[120.98292,14.5424]]],[[[120.98913,14.54281],[120.98932,14.54254],[120.98904,14.54263],[120.98913,14.54281]]],[[[121.00527,14.54322],[121.00509,14.54313],[121.00508,14.54322],[121.00527,14.54322]]],[[[120.98913,14.54326],[120.98894,14.54299],[120.98885,14.54326],[120.98913,14.54326]]],[[[120.99293,14.54312],[120.99303,14.54239],[120.99248,14.54203],[120.99247,14.5432],[120.99293,14.54312]]],[[[120.99284,14.54302],[120.99266,14.54284],[120.99284,14.54284],[120.99284,14.54302]]],[[[120.99571,14.54332],[120.99581,14.54323],[120.99571,14.54323],[120.99571,14.54332]]],[[[120.9894,14.54372],[120.98978,14.54318],[120.98941,14.54309],[120.9894,14.54372]]],[[[120.99321,14.54366],[120.99293,14.54375],[120.9932,14.54384],[120.99321,14.54366]]],[[[120.99228,14.54392],[120.99218,14.54374],[120.99218,14.54392],[120.99228,14.54392]]],[[[120.98254,14.54384],[120.983,14.54357],[120.98263,14.54348],[120.98254,14.54384]]],[[[120.98847,14.54407],[120.98903,14.54362],[120.98886,14.54209],[120.98904,14.54227],[120.98923,14.54209],[120.98887,14.54118],[120.9881,14.54353],[120.98672,14.54279],[120.98616,14.54315],[120.98847,14.54407]]],[[[120.99042,14.54427],[120.99042,14.54364],[120.98986,14.54399],[120.99042,14.54427]]],[[[120.99061,14.54391],[120.99079,14.54436],[120.99097,14.54445],[120.99116,14.54391],[120.99061,14.54391]]],[[[120.9919,14.54455],[120.99172,14.54437],[120.99171,14.54455],[120.9919,14.54455]]],[[[121.00377,14.54493],[121.00396,14.54475],[121.00377,14.54465],[121.00377,14.54493]]],[[[120.98753,14.54533],[120.98791,14.54497],[120.98763,14.5447],[120.98735,14.54478],[120.98753,14.54533]]],[[[120.9918,14.54537],[120.99189,14.54519],[120.99171,14.54518],[120.9918,14.54537]]],[[[120.98206,14.54537],[120.98206,14.54501],[120.98178,14.54528],[120.98206,14.54537]]],[[[120.99208,14.54537],[120.99198,14.54546],[120.99208,14.54546],[120.99208,14.54537]]],[[[120.98474,14.5463],[120.98437,14.54584],[120.98493,14.54612],[120.98503,14.54549],[120.98428,14.54575],[120.98474,14.5463]]],[[[120.98483,14.5463],[120.98474,14.54639],[120.98483,14.54639],[120.98483,14.5463]]],[[[120.98539,14.54658],[120.98483,14.54639],[120.98483,14.54648],[120.98539,14.54658]]],[[[120.98502,14.54603],[120.98576,14.54658],[120.98558,14.54558],[120.98512,14.54558],[120.98558,14.54594],[120.98502,14.54603]]],[[[120.9916,14.54672],[120.99151,14.54654],[120.99151,14.54672],[120.9916,14.54672]]],[[[120.99216,14.54672],[120.99253,14.54609],[120.99152,14.5459],[120.9917,14.54654],[120.99216,14.54672]]],[[[120.9916,14.54699],[120.99151,14.5469],[120.99151,14.54699],[120.9916,14.54699]]],[[[120.98965,14.54679],[120.98994,14.5458],[120.99068,14.54608],[120.99059,14.54545],[120.9879,14.54515],[120.98789,14.5466],[120.98965,14.54679]]],[[[120.98279,14.54682],[120.98278,14.54709],[120.98297,14.5471],[120.98279,14.54682]]],[[[120.98334,14.54728],[120.98306,14.54737],[120.98334,14.54737],[120.98334,14.54728]]],[[[120.98343,14.54737],[120.98334,14.54746],[120.98343,14.54746],[120.98343,14.54737]]],[[[121.00189,14.54753],[121.0018,14.54762],[121.00189,14.54762],[121.00189,14.54753]]],[[[120.98723,14.54768],[120.98751,14.54732],[120.98724,14.54731],[120.98723,14.54768]]],[[[120.98649,14.54794],[120.98621,14.54749],[120.98621,14.54794],[120.98649,14.54794]]],[[[120.99178,14.5478],[120.99131,14.54798],[120.99178,14.54799],[120.99178,14.5478]]],[[[120.9826,14.54682],[120.98261,14.54637],[120.98446,14.54684],[120.98482,14.54774],[120.98407,14.54801],[120.98537,14.54802],[120.98538,14.54721],[120.98474,14.54666],[120.9827,14.54619],[120.98242,14.54646],[120.9826,14.54682]]],[[[120.98407,14.54801],[120.98352,14.54746],[120.98324,14.54764],[120.98361,14.5481],[120.98407,14.54801]]],[[[120.98676,14.54839],[120.98667,14.54821],[120.98667,14.54839],[120.98676,14.54839]]],[[[120.98203,14.54808],[120.98194,14.54844],[120.98203,14.54844],[120.98203,14.54808]]],[[[120.98713,14.54849],[120.98741,14.54822],[120.98732,14.54804],[120.98695,14.54812],[120.98713,14.54849]]],[[[120.98379,14.54846],[120.98351,14.54864],[120.98388,14.54864],[120.98379,14.54846]]],[[[120.98426,14.54855],[120.98407,14.54864],[120.98425,14.54873],[120.98426,14.54855]]],[[[120.98221,14.54899],[120.98184,14.54853],[120.9813,14.54654],[120.98101,14.54789],[120.98139,14.54781],[120.98138,14.54826],[120.98101,14.54853],[120.98221,14.54899]]],[[[121.00522,14.54918],[121.00512,14.54909],[121.00512,14.54918],[121.00522,14.54918]]],[[[120.98926,14.54905],[120.98945,14.54914],[120.98945,14.54905],[120.98926,14.54905]]],[[[120.98202,14.54962],[120.98183,14.54953],[120.98183,14.54962],[120.98202,14.54962]]],[[[121.00679,14.54965],[121.0067,14.54956],[121.0067,14.54965],[121.00679,14.54965]]],[[[121.00716,14.54992],[121.00734,14.55002],[121.00735,14.54956],[121.00716,14.54992]]],[[[120.99083,14.55033],[120.99073,14.55024],[120.99073,14.55033],[120.99083,14.55033]]],[[[121.0078,14.55047],[121.00762,14.55038],[121.00762,14.55047],[121.0078,14.55047]]],[[[120.98581,14.5511],[120.98554,14.55064],[120.98535,14.551],[120.98581,14.5511]]],[[[120.9863,14.54839],[120.98463,14.5482],[120.98406,14.54909],[120.98405,14.55063],[120.98507,14.551],[120.98526,14.55037],[120.98629,14.54975],[120.98646,14.5511],[120.98803,14.55148],[120.98833,14.54985],[120.98647,14.54975],[120.9863,14.54839]]],[[[120.98545,14.54965],[120.98554,14.54974],[120.98545,14.54974],[120.98545,14.54965]]],[[[120.9848,14.54991],[120.98489,14.5501],[120.9848,14.55009],[120.9848,14.54991]]],[[[120.98023,14.5524],[120.98051,14.55177],[120.98126,14.55187],[120.98173,14.55124],[120.98284,14.55152],[120.98349,14.55072],[120.98331,14.55008],[120.98053,14.54961],[120.98154,14.55088],[120.98099,14.55042],[120.98043,14.55141],[120.98024,14.55033],[120.97986,14.55222],[120.98023,14.5524]]],[[[120.98219,14.55116],[120.98257,14.55062],[120.98275,14.55062],[120.98265,14.55116],[120.98219,14.55116]]],[[[120.98164,14.55016],[120.98137,14.55006],[120.98165,14.54989],[120.98164,14.55016]]],[[[120.98069,14.55259],[120.98097,14.5525],[120.98069,14.5525],[120.98069,14.55259]]],[[[120.98106,14.55259],[120.98097,14.55268],[120.98106,14.55268],[120.98106,14.55259]]],[[[120.98051,14.55268],[120.9806,14.55277],[120.9806,14.55268],[120.98051,14.55268]]],[[[120.98116,14.55277],[120.98125,14.55268],[120.98116,14.55268],[120.98116,14.55277]]],[[[120.98134,14.55278],[120.98125,14.55287],[120.98134,14.55287],[120.98134,14.55278]]],[[[120.9805,14.55295],[120.98041,14.55277],[120.98041,14.55295],[120.9805,14.55295]]],[[[120.98041,14.55313],[120.98032,14.55295],[120.98032,14.55313],[120.98041,14.55313]]],[[[120.98032,14.55322],[120.98022,14.55313],[120.98022,14.55322],[120.98032,14.55322]]],[[[120.98022,14.55331],[120.98013,14.55322],[120.98013,14.55331],[120.98022,14.55331]]],[[[120.98013,14.55358],[120.98004,14.55331],[120.98003,14.55358],[120.98013,14.55358]]],[[[120.9817,14.55368],[120.98143,14.55359],[120.98143,14.55368],[120.9817,14.55368]]],[[[120.98134,14.55287],[120.98134,14.55332],[120.98096,14.55377],[120.98143,14.5535],[120.98134,14.55287]]],[[[120.98013,14.55358],[120.98031,14.55403],[120.98068,14.55394],[120.98031,14.55385],[120.98013,14.55358]]],[[[120.99756,14.55409],[120.99747,14.554],[120.99747,14.55409],[120.99756,14.55409]]],[[[120.99766,14.55409],[120.99756,14.55418],[120.99766,14.55418],[120.99766,14.55409]]],[[[120.97957,14.55412],[120.97919,14.5542],[120.97956,14.55439],[120.97957,14.55412]]],[[[120.98708,14.55436],[120.98661,14.55445],[120.98708,14.55463],[120.98708,14.55436]]],[[[120.98939,14.55474],[120.9893,14.55465],[120.9893,14.55474],[120.98939,14.55474]]],[[[120.98021,14.55475],[120.98003,14.55457],[120.98002,14.55475],[120.98021,14.55475]]],[[[120.99756,14.55463],[120.99737,14.55472],[120.99756,14.55481],[120.99756,14.55463]]],[[[120.99672,14.55499],[120.99654,14.55471],[120.99654,14.55498],[120.99672,14.55499]]],[[[120.98021,14.55493],[120.97993,14.55502],[120.98021,14.55512],[120.98021,14.55493]]],[[[120.99338,14.55487],[120.9931,14.55505],[120.99338,14.55514],[120.99338,14.55487]]],[[[120.98911,14.55528],[120.98902,14.55519],[120.98902,14.55528],[120.98911,14.55528]]],[[[120.98995,14.55538],[120.98985,14.55529],[120.98985,14.55538],[120.98995,14.55538]]],[[[120.97993,14.55538],[120.97983,14.55529],[120.97983,14.55538],[120.97993,14.55538]]],[[[120.98048,14.55539],[120.98039,14.5553],[120.98039,14.55539],[120.98048,14.55539]]],[[[120.99718,14.55508],[120.99746,14.55535],[120.99737,14.55508],[120.99718,14.55508]]],[[[120.99486,14.55551],[120.99505,14.55515],[120.99468,14.55524],[120.99486,14.55551]]],[[[120.99653,14.55562],[120.99672,14.55544],[120.99653,14.55535],[120.99653,14.55562]]],[[[121.00841,14.55563],[121.00897,14.55509],[121.00878,14.555],[121.00841,14.55563]]],[[[120.99282,14.55577],[120.99245,14.55549],[120.99226,14.55567],[120.99282,14.55577]]],[[[120.98976,14.55565],[120.98957,14.55574],[120.98976,14.55583],[120.98976,14.55565]]],[[[120.98208,14.55278],[120.98151,14.55449],[120.98252,14.5555],[120.98363,14.55596],[120.98447,14.55542],[120.98467,14.55398],[120.98226,14.55324],[120.98208,14.55278]]],[[[120.98356,14.55388],[120.9829,14.55478],[120.98253,14.55477],[120.98291,14.55369],[120.98356,14.55388]]],[[[120.98448,14.5547],[120.98439,14.55461],[120.98448,14.55461],[120.98448,14.5547]]],[[[120.98411,14.55415],[120.98383,14.55406],[120.98411,14.55406],[120.98411,14.55415]]],[[[120.9842,14.55497],[120.98429,14.55515],[120.9842,14.55515],[120.9842,14.55497]]],[[[120.98401,14.55533],[120.9841,14.55542],[120.98401,14.55542],[120.98401,14.55533]]],[[[120.99013,14.55601],[120.99003,14.55574],[120.98994,14.55601],[120.99013,14.55601]]],[[[120.99662,14.55607],[120.99644,14.55589],[120.99643,14.55607],[120.99662,14.55607]]],[[[120.99374,14.55595],[120.99393,14.55605],[120.99393,14.55596],[120.99374,14.55595]]],[[[121.00896,14.55617],[121.00952,14.55591],[121.00915,14.55563],[121.00896,14.55617]]],[[[120.9892,14.55628],[120.98901,14.55609],[120.98901,14.55628],[120.9892,14.55628]]],[[[120.99458,14.55596],[120.99412,14.55569],[120.9942,14.5565],[120.99476,14.55623],[120.99458,14.55596]]],[[[120.98873,14.55654],[120.98863,14.55672],[120.98901,14.55673],[120.98873,14.55654]]],[[[121.00849,14.55671],[121.00877,14.55672],[121.00877,14.55653],[121.00849,14.55671]]],[[[120.99615,14.55706],[120.99652,14.55634],[120.99597,14.55597],[120.99559,14.55696],[120.99615,14.55706]]],[[[120.99578,14.5567],[120.99606,14.55616],[120.99615,14.55616],[120.99615,14.55688],[120.99578,14.5567]]],[[[120.99467,14.55669],[120.99429,14.55677],[120.99485,14.55714],[120.99467,14.55669]]],[[[121.00904,14.55717],[121.00886,14.55708],[121.00886,14.55717],[121.00904,14.55717]]],[[[121.00023,14.55728],[121.0006,14.55674],[121.00051,14.55628],[121.00023,14.55728]]],[[[120.98186,14.55703],[120.98214,14.55721],[120.98214,14.55694],[120.98186,14.55703]]],[[[120.98111,14.55738],[120.98177,14.55621],[120.98076,14.55593],[120.98038,14.55692],[120.98103,14.55675],[120.98111,14.55738]]],[[[120.9813,14.55702],[120.98149,14.55675],[120.98149,14.55702],[120.9813,14.55702]]],[[[120.9864,14.55734],[120.98762,14.55581],[120.98763,14.55491],[120.98615,14.55444],[120.98521,14.5557],[120.98568,14.55471],[120.98531,14.55453],[120.98418,14.55632],[120.98502,14.55615],[120.98529,14.55697],[120.9864,14.55734]]],[[[120.98567,14.55616],[120.98595,14.55562],[120.98697,14.55572],[120.9865,14.55662],[120.98567,14.55616]]],[[[120.98716,14.55554],[120.98698,14.55535],[120.98716,14.55527],[120.98716,14.55554]]],[[[120.98529,14.55751],[120.98547,14.5576],[120.98547,14.55751],[120.98529,14.55751]]],[[[120.98575,14.5576],[120.98557,14.55751],[120.98556,14.5576],[120.98575,14.5576]]],[[[120.98584,14.55769],[120.98594,14.5576],[120.98584,14.5576],[120.98584,14.55769]]],[[[120.98528,14.55778],[120.98519,14.5576],[120.98519,14.55778],[120.98528,14.55778]]],[[[120.98603,14.5577],[120.98593,14.55779],[120.98603,14.55779],[120.98603,14.5577]]],[[[120.98742,14.5578],[120.98723,14.55789],[120.98742,14.55798],[120.98742,14.5578]]],[[[120.98417,14.55804],[120.98436,14.55786],[120.98408,14.55786],[120.98417,14.55804]]],[[[120.98519,14.55805],[120.9851,14.55778],[120.9851,14.55805],[120.98519,14.55805]]],[[[120.98454,14.55804],[120.98445,14.55813],[120.98454,14.55813],[120.98454,14.55804]]],[[[121.00031,14.55818],[121.00059,14.558],[121.00031,14.55791],[121.00031,14.55818]]],[[[121.00912,14.55853],[121.00903,14.55843],[121.00903,14.55853],[121.00912,14.55853]]],[[[120.98927,14.55845],[120.98937,14.55791],[120.98974,14.55773],[120.98909,14.55772],[120.98927,14.55845]]],[[[121.0094,14.55862],[121.00921,14.55871],[121.0094,14.5588],[121.0094,14.55862]]],[[[120.98602,14.55878],[120.98565,14.55869],[120.985,14.55805],[120.98555,14.55878],[120.98602,14.55878]]],[[[120.98843,14.55907],[120.98824,14.55889],[120.98824,14.55907],[120.98843,14.55907]]],[[[120.9964,14.55941],[120.99612,14.5595],[120.9964,14.55959],[120.9964,14.55941]]],[[[121.00763,14.55969],[121.00753,14.55978],[121.00763,14.55978],[121.00763,14.55969]]],[[[120.98603,14.55779],[120.98602,14.55878],[120.98639,14.55833],[120.98667,14.5587],[120.98573,14.5595],[120.98647,14.55987],[120.98704,14.55816],[120.98603,14.55779]]],[[[120.98629,14.55923],[120.98648,14.55933],[120.98629,14.55932],[120.98629,14.55923]]],[[[120.98786,14.55979],[120.9874,14.55988],[120.98786,14.55988],[120.98786,14.55979]]],[[[120.999,14.55989],[120.99956,14.55935],[120.9991,14.55898],[120.99872,14.55961],[120.999,14.55989]]],[[[120.98833,14.55988],[120.98796,14.55997],[120.98833,14.55997],[120.98833,14.55988]]],[[[120.99139,14.56],[120.9913,14.55991],[120.9913,14.56],[120.99139,14.56]]],[[[120.98731,14.55997],[120.9874,14.56015],[120.9874,14.55997],[120.98731,14.55997]]],[[[120.99151,14.55648],[120.98983,14.55782],[120.98935,14.55989],[120.99046,14.55972],[120.99064,14.56018],[120.99055,14.55981],[120.9912,14.55991],[120.99065,14.55954],[120.99093,14.55927],[120.99232,14.55956],[120.99289,14.55785],[120.99169,14.55765],[120.9928,14.5573],[120.99317,14.55767],[120.99374,14.5565],[120.99347,14.55577],[120.99421,14.55542],[120.99347,14.55496],[120.9929,14.55649],[120.99151,14.55648]]],[[[120.99272,14.55676],[120.99299,14.55694],[120.99271,14.55694],[120.99272,14.55676]]],[[[120.99132,14.55684],[120.9916,14.55729],[120.99123,14.55729],[120.99132,14.55684]]],[[[120.99253,14.55712],[120.99244,14.55703],[120.99253,14.55703],[120.99253,14.55712]]],[[[120.99225,14.55694],[120.99197,14.55702],[120.99225,14.55703],[120.99225,14.55694]]],[[[120.99179,14.55693],[120.99197,14.55684],[120.99179,14.55684],[120.99179,14.55693]]],[[[120.99048,14.55764],[120.99066,14.55792],[120.99076,14.55765],[120.99048,14.55764]]],[[[120.99038,14.55818],[120.9902,14.558],[120.9902,14.55827],[120.99038,14.55818]]],[[[120.99001,14.55863],[120.9901,14.55882],[120.99001,14.55881],[120.99001,14.55863]]],[[[120.99001,14.5589],[120.99037,14.55918],[120.98991,14.55908],[120.99001,14.5589]]],[[[120.9873,14.56033],[120.98721,14.56015],[120.98721,14.56033],[120.9873,14.56033]]],[[[121.00039,14.56017],[121.0002,14.56026],[121.00038,14.56035],[121.00039,14.56017]]],[[[120.98823,14.56006],[120.98832,14.56043],[120.98833,14.56006],[120.98823,14.56006]]],[[[120.99621,14.56049],[120.99602,14.56031],[120.99602,14.56049],[120.99621,14.56049]]],[[[120.98721,14.56051],[120.98712,14.56033],[120.98712,14.56051],[120.98721,14.56051]]],[[[120.99992,14.56053],[120.99974,14.56025],[120.99973,14.56052],[120.99992,14.56053]]],[[[120.99324,14.56056],[120.99334,14.55984],[120.99306,14.55983],[120.99296,14.56038],[120.99324,14.56056]]],[[[120.98869,14.56061],[120.9886,14.56052],[120.9886,14.56061],[120.98869,14.56061]]],[[[120.99203,14.56064],[120.99241,14.56037],[120.99194,14.56028],[120.99203,14.56064]]],[[[120.98971,14.56071],[120.98953,14.56035],[120.98953,14.56071],[120.98971,14.56071]]],[[[120.98702,14.5606],[120.98711,14.56078],[120.98711,14.5606],[120.98702,14.5606]]],[[[121.00019,14.5608],[121.00038,14.56062],[121.0002,14.56053],[121.00019,14.5608]]],[[[120.99175,14.56082],[120.99138,14.5609],[120.99175,14.56091],[120.99175,14.56082]]],[[[120.98702,14.56096],[120.98693,14.56078],[120.98693,14.56096],[120.98702,14.56096]]],[[[120.98823,14.56079],[120.98814,14.56042],[120.98804,14.56097],[120.98823,14.56079]]],[[[120.99843,14.56078],[120.99917,14.56097],[120.9989,14.56025],[120.99843,14.56078]]],[[[120.98683,14.56114],[120.98692,14.56123],[120.98692,14.56114],[120.98683,14.56114]]],[[[120.99602,14.56131],[120.9962,14.56104],[120.99592,14.56112],[120.99602,14.56131]]],[[[120.98683,14.56141],[120.98674,14.56123],[120.98674,14.56141],[120.98683,14.56141]]],[[[120.99917,14.56142],[120.99936,14.56115],[120.99926,14.56115],[120.99917,14.56142]]],[[[120.99945,14.56143],[120.99935,14.56152],[120.99945,14.56152],[120.99945,14.56143]]],[[[121.00687,14.5614],[121.00678,14.56158],[121.00696,14.56158],[121.00687,14.5614]]],[[[121.00845,14.56159],[121.00854,14.5615],[121.00845,14.5615],[121.00845,14.56159]]],[[[120.98748,14.56141],[120.98785,14.56151],[120.98804,14.56106],[120.98748,14.56141]]],[[[121.00715,14.56167],[121.00705,14.56158],[121.00705,14.56167],[121.00715,14.56167]]],[[[120.98664,14.56168],[120.98674,14.5615],[120.98664,14.5615],[120.98664,14.56168]]],[[[120.98748,14.56168],[120.98738,14.56159],[120.98738,14.56168],[120.98748,14.56168]]],[[[120.98692,14.56168],[120.98673,14.56177],[120.98692,14.56177],[120.98692,14.56168]]],[[[120.99175,14.56091],[120.99156,14.56154],[120.99147,14.56118],[120.99073,14.56144],[120.99036,14.56099],[120.99138,14.56072],[120.99046,14.56054],[120.99017,14.56135],[120.99156,14.56181],[120.99175,14.56091]]],[[[120.98701,14.56177],[120.98692,14.56186],[120.98701,14.56186],[120.98701,14.56177]]],[[[120.98738,14.56186],[120.98729,14.56168],[120.98729,14.56186],[120.98738,14.56186]]],[[[120.98729,14.56195],[120.9871,14.56186],[120.9871,14.56195],[120.98729,14.56195]]],[[[121.00891,14.5616],[121.00863,14.56196],[121.00891,14.56178],[121.00891,14.5616]]],[[[120.99517,14.56211],[120.99499,14.56175],[120.99499,14.56211],[120.99517,14.56211]]],[[[120.9922,14.56209],[120.99239,14.56227],[120.99239,14.56209],[120.9922,14.56209]]],[[[120.9922,14.56236],[120.99211,14.56218],[120.99211,14.56236],[120.9922,14.56236]]],[[[120.99211,14.56245],[120.99202,14.56236],[120.99202,14.56245],[120.99211,14.56245]]],[[[120.99239,14.56245],[120.99248,14.56236],[120.99239,14.56236],[120.99239,14.56245]]],[[[120.99545,14.5622],[120.99573,14.56239],[120.99573,14.56194],[120.99545,14.5622]]],[[[121.00825,14.56222],[121.00853,14.56232],[121.00853,14.56214],[121.00825,14.56222]]],[[[120.99201,14.56254],[120.99192,14.56245],[120.99192,14.56254],[120.99201,14.56254]]],[[[120.99266,14.56245],[120.99248,14.56254],[120.99266,14.56254],[120.99266,14.56245]]],[[[120.99211,14.56254],[120.99201,14.56263],[120.99211,14.56263],[120.99211,14.56254]]],[[[120.98663,14.56267],[120.98682,14.5624],[120.98673,14.56195],[120.98645,14.56231],[120.98663,14.56267]]],[[[120.99238,14.56272],[120.99229,14.56263],[120.99229,14.56272],[120.99238,14.56272]]],[[[120.99313,14.56255],[120.99276,14.56272],[120.99313,14.56273],[120.99313,14.56255]]],[[[120.99257,14.56281],[120.99248,14.56272],[120.99248,14.56281],[120.99257,14.56281]]],[[[120.9871,14.56277],[120.98784,14.56277],[120.98775,14.56241],[120.9871,14.56277]]],[[[120.99535,14.5632],[120.99516,14.56311],[120.99516,14.5632],[120.99535,14.5632]]],[[[120.99646,14.56357],[120.99609,14.56366],[120.99646,14.56375],[120.99646,14.56357]]],[[[120.99534,14.56383],[120.99525,14.56365],[120.99525,14.56383],[120.99534,14.56383]]],[[[121.00703,14.56375],[121.00675,14.56393],[121.00703,14.56393],[121.00703,14.56375]]],[[[120.98922,14.56387],[120.98894,14.56387],[120.98922,14.56396],[120.98922,14.56387]]],[[[120.99618,14.56393],[120.99645,14.56402],[120.99646,14.56384],[120.99618,14.56393]]],[[[120.99283,14.56417],[120.99321,14.56363],[120.99321,14.56336],[120.99275,14.56363],[120.99283,14.56417]]],[[[120.98977,14.56423],[120.98968,14.56414],[120.98968,14.56423],[120.98977,14.56423]]],[[[120.99209,14.56425],[120.99284,14.56327],[120.99266,14.5629],[120.99219,14.56407],[120.99135,14.56389],[120.99209,14.56425]]],[[[121.00026,14.56432],[121.00016,14.56423],[121.00016,14.56432],[121.00026,14.56432]]],[[[120.99756,14.56439],[120.99747,14.5643],[120.99747,14.56439],[120.99756,14.56439]]],[[[120.99497,14.56446],[120.99478,14.56428],[120.99478,14.56446],[120.99497,14.56446]]],[[[121.00786,14.56448],[121.00777,14.56439],[121.00777,14.56448],[121.00786,14.56448]]],[[[121.00666,14.56456],[121.00684,14.56447],[121.00666,14.56438],[121.00666,14.56456]]],[[[120.99692,14.56439],[120.99729,14.56448],[120.99729,14.56421],[120.99692,14.56439]]],[[[121.0086,14.56467],[121.00842,14.56448],[121.00832,14.56466],[121.0086,14.56467]]],[[[121.00758,14.56475],[121.00749,14.56466],[121.00749,14.56475],[121.00758,14.56475]]],[[[121.00081,14.56478],[121.00072,14.5646],[121.00072,14.56478],[121.00081,14.56478]]],[[[121.00879,14.56494],[121.00869,14.56485],[121.00869,14.56494],[121.00879,14.56494]]],[[[121.00823,14.56502],[121.00814,14.56493],[121.00814,14.56502],[121.00823,14.56502]]],[[[120.99941,14.56504],[120.99932,14.56495],[120.99932,14.56504],[120.99941,14.56504]]],[[[120.99672,14.5652],[120.99645,14.56456],[120.99617,14.56456],[120.99617,14.5651],[120.99672,14.5652]]],[[[121.00776,14.56529],[121.00758,14.56511],[121.00758,14.56529],[121.00776,14.56529]]],[[[120.99412,14.56518],[120.99449,14.56527],[120.9944,14.565],[120.99412,14.56518]]],[[[120.99477,14.56509],[120.99459,14.56527],[120.99477,14.56536],[120.99477,14.56509]]],[[[121.00173,14.56542],[121.00146,14.56488],[121.00145,14.56542],[121.00173,14.56542]]],[[[120.99431,14.56545],[120.99422,14.56536],[120.99421,14.56545],[120.99431,14.56545]]],[[[120.99514,14.56546],[120.99542,14.56519],[120.99515,14.56518],[120.99514,14.56546]]],[[[121.00887,14.56557],[121.00878,14.5653],[121.00869,14.56557],[121.00887,14.56557]]],[[[121.00034,14.56559],[121.00062,14.5655],[121.00043,14.56541],[121.00034,14.56559]]],[[[120.99561,14.56546],[120.99588,14.56564],[120.99589,14.56537],[120.99561,14.56546]]],[[[120.98549,14.56546],[120.98568,14.56564],[120.98568,14.56537],[120.98549,14.56546]]],[[[121.00776,14.56565],[121.00813,14.56548],[121.00785,14.56538],[121.00776,14.56565]]],[[[120.9944,14.56572],[120.99468,14.56554],[120.9944,14.56545],[120.9944,14.56572]]],[[[120.98493,14.56582],[120.98484,14.56564],[120.98484,14.56582],[120.98493,14.56582]]],[[[121.00822,14.56584],[121.00841,14.56521],[121.00823,14.56521],[121.00822,14.56584]]],[[[120.99662,14.56592],[120.99653,14.56547],[120.99598,14.56555],[120.99597,14.56582],[120.99662,14.56592]]],[[[121.00098,14.56596],[121.00126,14.56578],[121.00099,14.56569],[121.00098,14.56596]]],[[[120.99774,14.56602],[120.99764,14.56584],[120.99764,14.56602],[120.99774,14.56602]]],[[[120.99968,14.56604],[120.99987,14.56586],[120.99959,14.56585],[120.99968,14.56604]]],[[[121.00024,14.56595],[121.00052,14.56586],[121.00024,14.56577],[121.00024,14.56595]]],[[[120.9853,14.56627],[120.9854,14.56582],[120.98502,14.56618],[120.9853,14.56627]]],[[[121.00042,14.5664],[121.00024,14.56622],[121.00024,14.5664],[121.00042,14.5664]]],[[[121.00098,14.56641],[121.00117,14.56605],[121.00089,14.56614],[121.00098,14.56641]]],[[[121.00014,14.56676],[120.99987,14.5664],[120.99977,14.56667],[121.00014,14.56676]]],[[[120.99188,14.56678],[120.99244,14.56661],[120.99254,14.56625],[120.99189,14.56606],[120.99188,14.56678]]],[[[120.99393,14.56671],[120.99439,14.56635],[120.99421,14.56599],[120.99356,14.56644],[120.99393,14.56671]]],[[[121.00051,14.56695],[121.00098,14.5665],[121.00061,14.56632],[121.00051,14.56695]]],[[[120.99253,14.56733],[120.99281,14.56742],[120.99281,14.56724],[120.99253,14.56733]]],[[[120.99317,14.56779],[120.99355,14.56752],[120.99355,14.56734],[120.99308,14.56743],[120.99317,14.56779]]],[[[120.99243,14.56787],[120.99225,14.56778],[120.99224,14.56787],[120.99243,14.56787]]],[[[121.00839,14.56756],[121.0082,14.56774],[121.00839,14.56792],[121.00839,14.56756]]],[[[120.99558,14.56817],[120.9956,14.56663],[120.99615,14.56673],[120.99615,14.56736],[120.99653,14.56646],[120.99505,14.56591],[120.99503,14.56717],[120.99429,14.56771],[120.99558,14.56817]]],[[[120.99845,14.56865],[120.99836,14.56856],[120.99836,14.56865],[120.99845,14.56865]]],[[[120.99493,14.56871],[120.99521,14.56862],[120.99502,14.56853],[120.99493,14.56871]]],[[[120.99353,14.56897],[120.99381,14.56879],[120.99354,14.56878],[120.99353,14.56897]]],[[[120.99882,14.56901],[120.99892,14.56883],[120.99882,14.56883],[120.99882,14.56901]]],[[[120.99094,14.56903],[120.99131,14.56877],[120.99103,14.56867],[120.99094,14.56903]]],[[[120.99622,14.56908],[120.99604,14.56881],[120.99604,14.56908],[120.99622,14.56908]]],[[[120.99511,14.5688],[120.99446,14.5687],[120.99427,14.56933],[120.99483,14.56952],[120.99511,14.5688]]],[[[120.99585,14.56962],[120.99566,14.56944],[120.99566,14.56962],[120.99585,14.56962]]],[[[120.99445,14.5697],[120.99408,14.56978],[120.99455,14.56988],[120.99445,14.5697]]],[[[120.99501,14.56997],[120.99473,14.5697],[120.99473,14.56988],[120.99501,14.56997]]],[[[120.99454,14.57051],[120.99427,14.57006],[120.99389,14.57023],[120.99454,14.57051]]],[[[120.98294,14.57059],[120.98276,14.57041],[120.98276,14.57059],[120.98294,14.57059]]],[[[120.99992,14.57074],[120.99974,14.57056],[120.99973,14.57074],[120.99992,14.57074]]],[[[120.99407,14.57087],[120.99389,14.57069],[120.99389,14.57087],[120.99407,14.57087]]],[[[120.99695,14.57089],[120.99686,14.5708],[120.99686,14.57089],[120.99695,14.57089]]],[[[120.99741,14.57108],[120.99769,14.57081],[120.9977,14.57036],[120.99714,14.57053],[120.99741,14.57108]]],[[[120.99685,14.57125],[120.99704,14.57144],[120.99704,14.57125],[120.99685,14.57125]]],[[[120.99824,14.57181],[120.99815,14.57163],[120.99815,14.57181],[120.99824,14.57181]]],[[[120.98246,14.57221],[120.982,14.57239],[120.98246,14.57249],[120.98246,14.57221]]],[[[120.99768,14.57262],[120.99749,14.57243],[120.99749,14.57261],[120.99768,14.57262]]],[[[120.99814,14.57307],[120.99804,14.57298],[120.99804,14.57307],[120.99814,14.57307]]],[[[120.98839,14.57353],[120.98867,14.57335],[120.98839,14.57335],[120.98839,14.57353]]],[[[120.98273,14.57357],[120.98264,14.57348],[120.98264,14.57357],[120.98273,14.57357]]],[[[120.99479,14.57349],[120.99488,14.57368],[120.99488,14.5735],[120.99479,14.57349]]],[[[120.99479,14.57377],[120.9947,14.57367],[120.9947,14.57377],[120.99479,14.57377]]],[[[120.99692,14.57424],[120.99702,14.57369],[120.99665,14.5736],[120.99712,14.5727],[120.99656,14.57252],[120.9959,14.57414],[120.99637,14.57387],[120.99692,14.57424]]],[[[120.99571,14.5745],[120.99627,14.5745],[120.99627,14.57423],[120.99571,14.5745]]],[[[120.99292,14.57492],[120.99283,14.57483],[120.99283,14.57492],[120.99292,14.57492]]],[[[120.99135,14.57491],[120.99106,14.57518],[120.99134,14.57518],[120.99135,14.57491]]],[[[120.99505,14.57539],[120.99487,14.57503],[120.99487,14.57539],[120.99505,14.57539]]],[[[120.99255,14.57546],[120.99246,14.57537],[120.99245,14.57546],[120.99255,14.57546]]],[[[120.99422,14.57548],[120.9945,14.57449],[120.99469,14.57431],[120.99413,14.57439],[120.99422,14.57548]]],[[[120.99468,14.57548],[120.9945,14.57539],[120.9945,14.57548],[120.99468,14.57548]]],[[[120.99199,14.57564],[120.9919,14.57546],[120.9919,14.57564],[120.99199,14.57564]]],[[[120.99888,14.57326],[120.99748,14.57379],[120.99813,14.57407],[120.99746,14.57587],[120.99888,14.57326]]],[[[120.99802,14.57605],[120.99783,14.57578],[120.99774,14.57596],[120.99802,14.57605]]],[[[120.98688,14.57614],[120.98679,14.57587],[120.9867,14.57614],[120.98688,14.57614]]],[[[120.98985,14.57616],[120.98976,14.57607],[120.98976,14.57616],[120.98985,14.57616]]],[[[120.99449,14.5762],[120.9944,14.57611],[120.9944,14.5762],[120.99449,14.5762]]],[[[120.98623,14.57604],[120.98642,14.57613],[120.98642,14.57604],[120.98623,14.57604]]],[[[120.98772,14.57624],[120.98809,14.57606],[120.98772,14.57596],[120.98772,14.57624]]],[[[120.99124,14.57618],[120.99152,14.57636],[120.99152,14.57618],[120.99124,14.57618]]],[[[120.99356,14.57629],[120.99412,14.57611],[120.99412,14.57584],[120.99356,14.57629]]],[[[120.98651,14.5765],[120.98632,14.57631],[120.98623,14.57649],[120.98651,14.5765]]],[[[120.99124,14.57663],[120.99115,14.57654],[120.99114,14.57663],[120.99124,14.57663]]],[[[120.99458,14.57666],[120.99439,14.57647],[120.99439,14.57665],[120.99458,14.57666]]],[[[120.98706,14.57659],[120.98669,14.57668],[120.98706,14.57686],[120.98706,14.57659]]],[[[120.99374,14.57692],[120.99365,14.57674],[120.99365,14.57692],[120.99374,14.57692]]],[[[120.99179,14.57754],[120.99216,14.57718],[120.9916,14.57717],[120.99179,14.57754]]],[[[120.99207,14.57736],[120.99188,14.57727],[120.99207,14.57727],[120.99207,14.57736]]],[[[120.9928,14.57772],[120.99327,14.57764],[120.99346,14.57728],[120.99262,14.57727],[120.9928,14.57772]]],[[[120.98566,14.57766],[120.98594,14.57767],[120.98594,14.57758],[120.98566,14.57766]]],[[[121.00607,14.57802],[121.00598,14.57748],[121.0057,14.57793],[121.00607,14.57802]]],[[[120.99707,14.57821],[120.99698,14.57812],[120.99698,14.57821],[120.99707,14.57821]]],[[[120.99076,14.57861],[120.99066,14.57852],[120.99066,14.57861],[120.99076,14.57861]]],[[[121.00616,14.57856],[121.00569,14.57874],[121.00606,14.57883],[121.00616,14.57856]]],[[[120.99326,14.5789],[120.99354,14.57863],[120.99419,14.57819],[120.99354,14.57809],[120.99326,14.5789]]],[[[121.00616,14.57883],[121.00653,14.57893],[121.00653,14.57884],[121.00616,14.57883]]],[[[120.99493,14.57874],[120.99419,14.57891],[120.99502,14.5791],[120.99493,14.57874]]],[[[120.99799,14.57912],[120.99836,14.57895],[120.99799,14.57894],[120.99799,14.57912]]],[[[120.9889,14.57914],[120.98927,14.57896],[120.98881,14.57877],[120.9889,14.57914]]],[[[120.98945,14.57941],[120.98936,14.57932],[120.98936,14.57941],[120.98945,14.57941]]],[[[121.00652,14.57983],[121.00643,14.57956],[121.00643,14.57983],[121.00652,14.57983]]],[[[120.98954,14.57978],[120.99029,14.57924],[120.98973,14.57887],[120.98954,14.57978]]],[[[120.98722,14.58012],[120.98749,14.58021],[120.9875,14.58003],[120.98722,14.58012]]],[[[120.99705,14.58056],[120.99686,14.58047],[120.99686,14.58056],[120.99705,14.58056]]],[[[120.98832,14.58112],[120.98879,14.58094],[120.98879,14.58076],[120.98832,14.58112]]],[[[120.99389,14.58099],[120.99361,14.58108],[120.99389,14.58117],[120.99389,14.58099]]],[[[120.99444,14.58108],[120.99426,14.58126],[120.99444,14.58135],[120.99444,14.58108]]],[[[120.98813,14.58148],[120.98795,14.5813],[120.98795,14.58148],[120.98813,14.58148]]],[[[120.99769,14.58156],[120.99806,14.58138],[120.99769,14.58129],[120.99769,14.58156]]],[[[120.9886,14.58148],[120.98915,14.58122],[120.98869,14.58103],[120.9886,14.58148]]],[[[121.00669,14.58164],[121.0066,14.58146],[121.0065,14.58164],[121.00669,14.58164]]],[[[120.97245,14.58176],[120.97263,14.58162],[120.97236,14.58161],[120.97245,14.58176]]],[[[120.99314,14.5817],[120.9937,14.58162],[120.99314,14.58152],[120.99314,14.5817]]],[[[120.97273,14.58171],[120.97263,14.5818],[120.97273,14.5818],[120.97273,14.58171]]],[[[120.97254,14.5818],[120.97249,14.5818],[120.97254,14.58185],[120.97254,14.5818]]],[[[120.97282,14.5818],[120.97272,14.58189],[120.97282,14.58189],[120.97282,14.5818]]],[[[120.98711,14.58192],[120.98748,14.58156],[120.98711,14.58147],[120.98711,14.58192]]],[[[120.97226,14.58181],[120.97257,14.58198],[120.97226,14.5817],[120.97226,14.58181]]],[[[121.00659,14.58209],[121.00687,14.58191],[121.0065,14.58173],[121.00659,14.58209]]],[[[120.99768,14.58192],[120.9974,14.5821],[120.99768,14.5821],[120.99768,14.58192]]],[[[120.98989,14.58213],[120.9898,14.58195],[120.9898,14.58213],[120.98989,14.58213]]],[[[120.97513,14.58218],[120.97626,14.58075],[120.97636,14.57984],[120.97496,14.58137],[120.97477,14.58191],[120.97513,14.58218]]],[[[121.00659,14.58245],[121.0065,14.58227],[121.00649,14.58245],[121.00659,14.58245]]],[[[120.97652,14.58274],[120.97652,14.58237],[120.9768,14.5822],[120.97634,14.58237],[120.97652,14.58274]]],[[[120.99768,14.58274],[120.99796,14.58247],[120.99768,14.58247],[120.99768,14.58274]]],[[[120.97764,14.58265],[120.97782,14.58275],[120.97782,14.58266],[120.97764,14.58265]]],[[[120.97791,14.58284],[120.97801,14.58275],[120.97791,14.58275],[120.97791,14.58284]]],[[[120.99666,14.58282],[120.99675,14.58291],[120.99675,14.58282],[120.99666,14.58282]]],[[[120.97652,14.58274],[120.97689,14.58292],[120.97708,14.58256],[120.97689,14.58274],[120.97652,14.58274]]],[[[120.97773,14.58293],[120.97754,14.58274],[120.97754,14.58292],[120.97773,14.58293]]],[[[121.00111,14.58295],[121.00102,14.58277],[121.00102,14.58295],[121.00111,14.58295]]],[[[120.99062,14.58295],[120.99053,14.58286],[120.99053,14.58295],[120.99062,14.58295]]],[[[120.99638,14.583],[120.9961,14.58281],[120.9961,14.58299],[120.99638,14.583]]],[[[120.99665,14.583],[120.99647,14.58291],[120.99647,14.583],[120.99665,14.583]]],[[[120.978,14.58302],[120.97773,14.58293],[120.97773,14.58302],[120.978,14.58302]]],[[[120.97819,14.58284],[120.978,14.58311],[120.97828,14.58302],[120.97819,14.58284]]],[[[121.00101,14.58313],[121.00111,14.58304],[121.00102,14.58304],[121.00101,14.58313]]],[[[121.00649,14.58308],[121.00686,14.58282],[121.00649,14.58281],[121.00649,14.58308]]],[[[120.97856,14.5832],[120.97874,14.58312],[120.97856,14.58311],[120.97856,14.5832]]],[[[120.99545,14.58317],[120.99591,14.58317],[120.99591,14.58308],[120.99545,14.58317]]],[[[120.98626,14.58336],[120.98635,14.58327],[120.98626,14.58327],[120.98626,14.58336]]],[[[120.97726,14.58328],[120.97717,14.58337],[120.97726,14.58337],[120.97726,14.58328]]],[[[120.97698,14.58346],[120.97717,14.5831],[120.97726,14.58301],[120.97698,14.5831],[120.97698,14.58346]]],[[[120.99674,14.58354],[120.99665,14.58336],[120.99665,14.58354],[120.99674,14.58354]]],[[[120.98208,14.58342],[120.9818,14.58359],[120.98208,14.5836],[120.98208,14.58342]]],[[[120.97753,14.58356],[120.97707,14.58355],[120.97753,14.58365],[120.97753,14.58356]]],[[[120.99572,14.58371],[120.99554,14.58353],[120.99553,14.58371],[120.99572,14.58371]]],[[[120.99637,14.58354],[120.99655,14.58372],[120.99656,14.58354],[120.99637,14.58354]]],[[[120.99786,14.58355],[120.99749,14.58301],[120.9973,14.583],[120.9973,14.58364],[120.99786,14.58355]]],[[[120.99637,14.58381],[120.99628,14.58372],[120.99628,14.58381],[120.99637,14.58381]]],[[[120.98672,14.58346],[120.98626,14.58372],[120.98644,14.58382],[120.98672,14.58346]]],[[[120.97809,14.58383],[120.97828,14.58356],[120.97772,14.58383],[120.97809,14.58383]]],[[[120.98653,14.58382],[120.98644,14.58391],[120.98653,14.58391],[120.98653,14.58382]]],[[[120.9946,14.58407],[120.99433,14.58361],[120.99405,14.58388],[120.9946,14.58407]]],[[[120.99488,14.5838],[120.99525,14.58389],[120.99526,14.58371],[120.99488,14.5838]]],[[[120.99776,14.58409],[120.99785,14.58418],[120.99785,14.58409],[120.99776,14.58409]]],[[[120.98133,14.58422],[120.98124,14.58413],[120.98124,14.58422],[120.98133,14.58422]]],[[[120.9869,14.58427],[120.98681,14.58409],[120.98681,14.58427],[120.9869,14.58427]]],[[[120.99748,14.58409],[120.9972,14.58427],[120.99748,14.58427],[120.99748,14.58409]]],[[[120.99776,14.58427],[120.99766,14.58418],[120.99766,14.58427],[120.99776,14.58427]]],[[[120.97874,14.58321],[120.97828,14.5832],[120.97865,14.58357],[120.97846,14.58429],[120.97883,14.58429],[120.97874,14.58321]]],[[[120.99766,14.58454],[120.99757,14.58436],[120.99748,14.58454],[120.99766,14.58454]]],[[[120.97883,14.58438],[120.97966,14.58448],[120.97994,14.58385],[120.97902,14.58384],[120.97939,14.58412],[120.97883,14.58438]]],[[[120.97957,14.58421],[120.97966,14.5843],[120.97966,14.58421],[120.97957,14.58421]]],[[[120.97957,14.58439],[120.97948,14.5843],[120.97948,14.58439],[120.97957,14.58439]]],[[[120.97976,14.58403],[120.97967,14.58394],[120.97976,14.58394],[120.97976,14.58403]]],[[[120.98012,14.58466],[120.97994,14.58457],[120.97994,14.58466],[120.98012,14.58466]]],[[[120.99628,14.58381],[120.99581,14.5839],[120.99609,14.58426],[120.99562,14.58426],[120.99552,14.5848],[120.99627,14.58453],[120.99628,14.58381]]],[[[120.96758,14.58483],[120.9675,14.58475],[120.9675,14.58483],[120.96758,14.58483]]],[[[120.98885,14.58456],[120.9895,14.58456],[120.9894,14.58429],[120.98885,14.58456]]],[[[120.9881,14.585],[120.98838,14.58483],[120.9882,14.58464],[120.9881,14.585]]],[[[120.98123,14.58494],[120.98095,14.58503],[120.98123,14.58504],[120.98123,14.58494]]],[[[120.99478,14.58479],[120.99515,14.58488],[120.99506,14.5847],[120.99478,14.58479]]],[[[120.9675,14.5851],[120.96731,14.58519],[120.9675,14.58528],[120.9675,14.5851]]],[[[120.97798,14.58519],[120.9777,14.58537],[120.97798,14.58537],[120.97798,14.58519]]],[[[120.9979,14.55807],[120.99744,14.55779],[120.99772,14.55698],[120.9968,14.55679],[120.99707,14.55734],[120.99669,14.55842],[120.99743,14.55852],[120.99752,14.55942],[120.9978,14.55906],[120.99826,14.55961],[120.99667,14.56059],[120.99685,14.56095],[120.9963,14.56068],[120.99657,14.56149],[120.99611,14.56149],[120.99619,14.56212],[120.99721,14.56276],[120.99647,14.56257],[120.99655,14.56339],[120.99711,14.56357],[120.99692,14.56402],[120.99812,14.56431],[120.99873,14.55871],[120.99799,14.55825],[120.99855,14.55789],[120.99891,14.5588],[120.99965,14.55899],[120.99911,14.55799],[121.00003,14.55836],[120.99966,14.5579],[121.00069,14.55782],[121.00105,14.55846],[121.00068,14.55818],[121.00058,14.55872],[121.00022,14.55836],[121.00003,14.55881],[121.00068,14.559],[121.00039,14.55972],[121.00104,14.55954],[121.00038,14.56116],[121.00001,14.56098],[120.99954,14.5617],[120.99879,14.56187],[121.00201,14.56533],[121.00088,14.56749],[120.99967,14.56757],[120.99977,14.56712],[120.9993,14.56703],[120.99902,14.56802],[120.99855,14.56801],[120.99855,14.56856],[120.99947,14.56911],[120.99882,14.5691],[120.9991,14.56956],[120.99984,14.56965],[120.99983,14.57038],[121.00077,14.56894],[121.00001,14.57092],[120.99899,14.57109],[120.99954,14.57137],[120.99944,14.57209],[120.99805,14.57208],[120.99732,14.57135],[120.99731,14.57198],[120.99777,14.57198],[120.99805,14.57262],[120.99907,14.57263],[120.99888,14.57326],[120.99972,14.57281],[120.9982,14.57578],[120.99809,14.57759],[120.99727,14.57623],[120.99746,14.57587],[120.9969,14.5764],[120.99672,14.5755],[120.99607,14.57567],[120.99561,14.57513],[120.99542,14.57549],[120.99753,14.57849],[120.99818,14.57822],[120.99873,14.57868],[120.99863,14.57985],[120.99752,14.57984],[120.99807,14.58012],[120.9977,14.58075],[120.99964,14.58104],[120.99824,14.58184],[120.99823,14.58328],[120.99888,14.5832],[120.9986,14.58302],[120.99879,14.58275],[120.99962,14.58366],[121.00018,14.5833],[120.99981,14.58239],[121.0012,14.58259],[121.00011,14.58068],[121.00039,14.58032],[121.00186,14.58196],[121.00158,14.58232],[121.00241,14.5826],[121.00416,14.5846],[121.00462,14.58424],[121.00463,14.58325],[121.00528,14.58343],[121.00471,14.58497],[121.00508,14.58551],[121.00546,14.58407],[121.00611,14.58444],[121.00657,14.58408],[121.00611,14.58398],[121.00648,14.58381],[121.00622,14.58236],[121.00566,14.5819],[121.00613,14.58191],[121.00595,14.58145],[121.00688,14.58074],[121.00605,14.58001],[121.00558,14.58109],[121.00484,14.5809],[121.00606,14.57947],[121.0055,14.57937],[121.00534,14.57657],[121.00479,14.57629],[121.00517,14.57521],[121.0049,14.57458],[121.00527,14.57449],[121.00481,14.57421],[121.00481,14.57331],[121.005,14.57295],[121.00556,14.57323],[121.00556,14.57286],[121.00446,14.57195],[121.00605,14.56989],[121.00735,14.56954],[121.00709,14.56836],[121.00801,14.56846],[121.00754,14.56954],[121.00857,14.56846],[121.00783,14.56791],[121.00812,14.56701],[121.00756,14.56746],[121.0071,14.56655],[121.00896,14.5663],[121.00757,14.56601],[121.00712,14.56465],[121.00629,14.56438],[121.00667,14.56348],[121.0074,14.56384],[121.00721,14.56447],[121.00842,14.5643],[121.00796,14.56358],[121.00768,14.56394],[121.00685,14.56312],[121.00769,14.56339],[121.00806,14.56304],[121.0077,14.56168],[121.00854,14.56105],[121.00752,14.56113],[121.00734,14.56032],[121.00734,14.56104],[121.00651,14.56049],[121.00575,14.56166],[121.00612,14.56184],[121.00528,14.56229],[121.00483,14.56138],[121.00529,14.56129],[121.00558,14.56012],[121.00494,14.55967],[121.00551,14.55786],[121.00616,14.55787],[121.00652,14.55905],[121.00736,14.55878],[121.00669,14.56058],[121.00753,14.55969],[121.00755,14.55815],[121.00894,14.55834],[121.00811,14.55779],[121.00821,14.55635],[121.00766,14.55643],[121.00765,14.55698],[121.00673,14.55652],[121.00758,14.55427],[121.00712,14.55372],[121.00796,14.55382],[121.00796,14.55346],[121.00657,14.55362],[121.00685,14.55281],[121.00834,14.55301],[121.00843,14.55247],[121.00797,14.55291],[121.00797,14.55219],[121.00705,14.55218],[121.00714,14.55182],[121.00862,14.55202],[121.009,14.55157],[121.00853,14.55165],[121.00873,14.55093],[121.00779,14.55147],[121.00808,14.55047],[121.00761,14.55083],[121.00789,14.55111],[121.00733,14.55101],[121.00725,14.55047],[121.0066,14.55046],[121.00679,14.55001],[121.00548,14.55054],[121.00595,14.54991],[121.00439,14.54855],[121.00449,14.548],[121.00504,14.54801],[121.00486,14.54746],[121.0043,14.54755],[121.0044,14.54665],[121.00374,14.54782],[121.00236,14.54753],[121.00255,14.54708],[121.00403,14.54701],[121.00301,14.54673],[121.00228,14.54573],[121.00321,14.54555],[121.00275,14.54483],[121.0034,14.5451],[121.0035,14.54393],[121.00424,14.54421],[121.00508,14.54385],[121.00481,14.54304],[121.00444,14.54303],[121.00434,14.54376],[121.00397,14.5433],[121.00435,14.5424],[121.00546,14.54232],[121.00528,14.54178],[121.00417,14.54213],[121.00381,14.54032],[121.00335,14.54058],[121.00261,14.53958],[121.00103,14.54056],[121.00047,14.54002],[120.99936,14.54028],[120.99874,14.5372],[120.99791,14.53692],[120.99586,14.53736],[120.99494,14.53645],[120.9941,14.53671],[120.99335,14.53788],[120.99456,14.53789],[120.99501,14.53907],[120.9938,14.54005],[120.99287,14.53986],[120.99341,14.54122],[120.99452,14.54232],[120.99442,14.54322],[120.99385,14.54376],[120.99377,14.54285],[120.99424,14.54249],[120.9934,14.5424],[120.99376,14.54439],[120.99246,14.5442],[120.99245,14.54546],[120.99208,14.54555],[120.9929,14.54628],[120.99243,14.54727],[120.99289,14.54772],[120.9927,14.54817],[120.99215,14.54799],[120.99242,14.54898],[120.99176,14.54925],[120.99167,14.5488],[120.99084,14.54861],[120.9913,14.54925],[120.99065,14.54915],[120.99065,14.54951],[120.99139,14.54961],[120.99138,14.55015],[120.99148,14.54934],[120.99204,14.5498],[120.99166,14.55042],[120.99203,14.55079],[120.99147,14.55087],[120.99156,14.5516],[120.99202,14.55133],[120.9922,14.55197],[120.99118,14.55169],[120.99035,14.55204],[120.99015,14.55294],[120.99099,14.55286],[120.99099,14.55322],[120.99034,14.5533],[120.99117,14.55367],[120.98996,14.55421],[120.99097,14.55494],[120.99032,14.55511],[120.99106,14.55539],[120.99059,14.55557],[120.9904,14.55692],[120.99105,14.55611],[120.99216,14.55648],[120.99235,14.55594],[120.9918,14.55531],[120.99264,14.55522],[120.99199,14.55495],[120.99218,14.55459],[120.99283,14.55486],[120.9932,14.55414],[120.99385,14.55478],[120.99496,14.55479],[120.99562,14.55407],[120.99645,14.55417],[120.99665,14.55282],[120.99563,14.55245],[120.99739,14.55237],[120.99758,14.55192],[120.99757,14.5531],[120.99813,14.55337],[120.99757,14.55337],[120.99747,14.55382],[120.99803,14.55446],[120.99699,14.55634],[120.99708,14.5568],[120.998,14.5568],[120.9979,14.55807]]],[[[121.00426,14.58325],[121.00435,14.58334],[121.00426,14.58334],[121.00426,14.58325]]],[[[121.0051,14.58316],[121.00491,14.58298],[121.0051,14.58298],[121.0051,14.58316]]],[[[121.00538,14.58298],[121.00519,14.5828],[121.00538,14.5828],[121.00538,14.58298]]],[[[121.00306,14.58242],[121.00251,14.58215],[121.00279,14.58197],[121.00306,14.58242]]],[[[121.00539,14.58199],[121.00529,14.58181],[121.00539,14.58181],[121.00539,14.58199]]],[[[121.00232,14.58223],[121.00241,14.58242],[121.00232,14.58242],[121.00232,14.58223]]],[[[120.99909,14.58076],[120.99844,14.58085],[120.99826,14.58021],[120.99891,14.58022],[120.99909,14.58076]]],[[[121.00011,14.58095],[121.00029,14.58122],[120.99983,14.58122],[121.00011,14.58095]]],[[[121.00057,14.58132],[121.00056,14.58159],[121.00038,14.58131],[121.00057,14.58132]]],[[[120.99963,14.58221],[120.99972,14.5823],[120.99963,14.5823],[120.99963,14.58221]]],[[[120.99944,14.58239],[120.99944,14.58293],[120.99925,14.58293],[120.99898,14.58257],[120.99944,14.58239]]],[[[120.99972,14.58275],[120.99963,14.58266],[120.99972,14.58266],[120.99972,14.58275]]],[[[121.00494,14.57982],[121.00476,14.57973],[121.00494,14.57973],[121.00494,14.57982]]],[[[120.99993,14.57959],[120.99984,14.57968],[120.99993,14.57968],[120.99993,14.57959]]],[[[120.99975,14.57959],[120.99984,14.5795],[120.99975,14.5795],[120.99975,14.57959]]],[[[121.00002,14.57968],[120.99993,14.57977],[121.00002,14.57977],[121.00002,14.57968]]],[[[121.00151,14.57961],[121.00142,14.57952],[121.00151,14.57952],[121.00151,14.57961]]],[[[121.00476,14.57954],[121.00411,14.57927],[121.00495,14.57918],[121.00476,14.57954]]],[[[121.00374,14.57945],[121.00383,14.57954],[121.00374,14.57954],[121.00374,14.57945]]],[[[121.00124,14.57915],[121.00114,14.57906],[121.00124,14.57906],[121.00124,14.57915]]],[[[121.00105,14.57897],[121.00096,14.57888],[121.00105,14.57888],[121.00105,14.57897]]],[[[121.00449,14.57891],[121.0043,14.57873],[121.00449,14.57873],[121.00449,14.57891]]],[[[121.0031,14.57854],[121.003,14.57844],[121.0031,14.57845],[121.0031,14.57854]]],[[[121.00478,14.57756],[121.0045,14.57719],[121.00469,14.57719],[121.00478,14.57756]]],[[[121.00496,14.57729],[121.00478,14.57674],[121.00497,14.57674],[121.00496,14.57729]]],[[[121.00237,14.57699],[121.00246,14.57708],[121.00237,14.57708],[121.00237,14.57699]]],[[[121.00431,14.57737],[121.0044,14.57755],[121.00431,14.57755],[121.00431,14.57737]]],[[[120.99745,14.57722],[120.99764,14.57686],[120.99763,14.57731],[120.99745,14.57722]]],[[[120.99653,14.57577],[120.99635,14.57559],[120.99654,14.57559],[120.99653,14.57577]]],[[[121.00117,14.57635],[121.00173,14.57545],[121.00229,14.57555],[121.00144,14.57653],[121.00117,14.57635]]],[[[121.00191,14.57645],[121.00182,14.57627],[121.00191,14.57627],[121.00191,14.57645]]],[[[121.00461,14.57584],[121.00451,14.57575],[121.00461,14.57575],[121.00461,14.57584]]],[[[121.00043,14.57544],[121.00034,14.57589],[121.00089,14.57599],[121.00098,14.57635],[120.99923,14.57534],[120.99848,14.57633],[120.99839,14.5756],[120.99886,14.57561],[120.99858,14.57524],[120.99924,14.57453],[120.99951,14.57534],[121.00043,14.57544]]],[[[121.00461,14.57539],[121.00443,14.57502],[121.00461,14.57502],[121.00461,14.57539]]],[[[120.99894,14.57624],[120.99931,14.57606],[120.99941,14.57625],[120.99894,14.57624]]],[[[120.99933,14.57435],[120.99915,14.57416],[120.99933,14.57408],[120.99933,14.57435]]],[[[121.00472,14.57367],[121.00453,14.57349],[121.00472,14.57349],[121.00472,14.57367]]],[[[121.00082,14.57346],[121.00045,14.57336],[121.00036,14.573],[121.00083,14.57291],[121.00082,14.57346]]],[[[121.00157,14.57247],[121.00139,14.57229],[121.00158,14.57229],[121.00157,14.57247]]],[[[121.00084,14.57183],[121.00065,14.57156],[121.00093,14.57165],[121.00084,14.57183]]],[[[121.00103,14.57138],[121.00112,14.57093],[121.0013,14.57147],[121.00103,14.57138]]],[[[120.99964,14.57119],[120.99973,14.57128],[120.99964,14.57128],[120.99964,14.57119]]],[[[121.00502,14.57069],[121.00493,14.57051],[121.00502,14.57051],[121.00502,14.57069]]],[[[121.0028,14.57004],[121.00243,14.57013],[121.00243,14.56995],[121.0028,14.57004]]],[[[121.00216,14.56931],[121.00225,14.5694],[121.00225,14.56931],[121.00216,14.56931]]],[[[121.00216,14.5694],[121.00169,14.56949],[121.00169,14.56985],[121.00215,14.56985],[121.00216,14.5694]]],[[[121.0017,14.56913],[121.00132,14.56966],[121.0017,14.56895],[121.0017,14.56913]]],[[[121.00235,14.56922],[121.00225,14.56913],[121.00235,14.56913],[121.00235,14.56922]]],[[[121.0068,14.56872],[121.00699,14.5689],[121.00699,14.56881],[121.0068,14.56872]]],[[[121.0068,14.56908],[121.00652,14.5689],[121.00652,14.56899],[121.0068,14.56908]]],[[[121.00569,14.5688],[121.00597,14.56907],[121.00559,14.56907],[121.00569,14.5688]]],[[[121.00486,14.5687],[121.00504,14.56888],[121.00485,14.56888],[121.00486,14.5687]]],[[[121.00254,14.56877],[121.00226,14.5685],[121.00273,14.56805],[121.00282,14.56823],[121.00254,14.56877]]],[[[121.0056,14.5688],[121.00551,14.56862],[121.0056,14.56862],[121.0056,14.5688]]],[[[121.00606,14.56862],[121.00579,14.56844],[121.00607,14.56835],[121.00606,14.56862]]],[[[121.0031,14.56841],[121.00319,14.56851],[121.00309,14.56851],[121.0031,14.56841]]],[[[121.0069,14.56827],[121.00681,14.56818],[121.0069,14.56818],[121.0069,14.56827]]],[[[121.00774,14.568],[121.00718,14.56773],[121.00746,14.56764],[121.00774,14.568]]],[[[121.00682,14.56745],[121.0069,14.56791],[121.00672,14.5679],[121.00682,14.56745]]],[[[121.00134,14.56741],[121.00162,14.56759],[121.00153,14.56741],[121.00134,14.56741]]],[[[121.00152,14.56786],[121.00125,14.56777],[121.00124,14.56795],[121.00152,14.56786]]],[[[121.0005,14.56776],[121.00059,14.56794],[121.0005,14.56794],[121.0005,14.56776]]],[[[121.00542,14.56807],[121.00523,14.56789],[121.00551,14.56789],[121.00542,14.56807]]],[[[121.00124,14.56804],[121.00105,14.56876],[121.00086,14.56885],[121.00077,14.56858],[121.00124,14.56804]]],[[[121.0057,14.56735],[121.00552,14.56726],[121.0057,14.56726],[121.0057,14.56735]]],[[[121.00543,14.56708],[121.00506,14.56681],[121.00552,14.5669],[121.00543,14.56708]]],[[[121.00636,14.567],[121.00617,14.56681],[121.00645,14.56682],[121.00636,14.567]]],[[[121.00608,14.56681],[121.00589,14.56663],[121.00608,14.56663],[121.00608,14.56681]]],[[[121.00487,14.56662],[121.00441,14.56698],[121.00422,14.56689],[121.0046,14.56644],[121.00487,14.56662]]],[[[121.00404,14.56643],[121.00404,14.56671],[121.00386,14.56643],[121.00404,14.56643]]],[[[121.00135,14.56668],[121.00153,14.56678],[121.00135,14.56686],[121.00135,14.56668]]],[[[121.00516,14.56608],[121.00479,14.56608],[121.00479,14.5659],[121.00516,14.56608]]],[[[121.00729,14.56601],[121.00711,14.56583],[121.00711,14.56601],[121.00729,14.56601]]],[[[121.00692,14.56565],[121.0073,14.56547],[121.00702,14.56529],[121.00692,14.56565]]],[[[121.0021,14.56579],[121.00219,14.56588],[121.0021,14.56588],[121.0021,14.56579]]],[[[121.00646,14.56582],[121.00609,14.56555],[121.00646,14.56564],[121.00646,14.56582]]],[[[121.00563,14.56564],[121.00572,14.56573],[121.00562,14.56573],[121.00563,14.56564]]],[[[121.00554,14.56509],[121.00544,14.56545],[121.00535,14.56509],[121.00554,14.56509]]],[[[121.00693,14.5651],[121.00675,14.56492],[121.00693,14.56492],[121.00693,14.5651]]],[[[121.00378,14.56481],[121.00387,14.56517],[121.00368,14.56526],[121.00378,14.56481]]],[[[121.00619,14.56474],[121.00582,14.56437],[121.00619,14.56447],[121.00619,14.56474]]],[[[121.00508,14.56437],[121.00508,14.56464],[121.00489,14.56436],[121.00508,14.56437]]],[[[121.00248,14.56443],[121.00257,14.56462],[121.00239,14.56461],[121.00248,14.56443]]],[[[121.00545,14.56473],[121.00536,14.56455],[121.00554,14.56455],[121.00545,14.56473]]],[[[121.00211,14.56425],[121.00202,14.56407],[121.00211,14.56407],[121.00211,14.56425]]],[[[121.00527,14.56419],[121.00518,14.564],[121.00527,14.56401],[121.00527,14.56419]]],[[[121.0061,14.56392],[121.00583,14.56392],[121.00583,14.56374],[121.0061,14.56392]]],[[[121.00546,14.56374],[121.00527,14.56355],[121.00546,14.56356],[121.00546,14.56374]]],[[[121.00231,14.56344],[121.00203,14.56353],[121.00203,14.56335],[121.00231,14.56344]]],[[[121.00129,14.56271],[121.00175,14.56325],[121.00176,14.56244],[121.00129,14.56271]]],[[[121.00138,14.56334],[121.00119,14.56316],[121.00119,14.56343],[121.00138,14.56334]]],[[[121.00667,14.56329],[121.00639,14.5632],[121.00667,14.5632],[121.00667,14.56329]]],[[[121.00779,14.56276],[121.00732,14.56294],[121.00732,14.5624],[121.00779,14.56276]]],[[[121.00696,14.56221],[121.00723,14.56249],[121.00686,14.56248],[121.00696,14.56221]]],[[[121.00668,14.56203],[121.0064,14.5623],[121.00622,14.56194],[121.00668,14.56203]]],[[[121.0064,14.56167],[121.00752,14.56122],[121.00751,14.56213],[121.0064,14.56167]]],[[[121.00148,14.56217],[121.00129,14.56234],[121.00148,14.56235],[121.00148,14.56217]]],[[[121.0013,14.56207],[121.00112,14.56144],[121.00047,14.56152],[121.00084,14.56162],[121.0013,14.56207]]],[[[121.00083,14.56225],[121.00092,14.56234],[121.00083,14.56234],[121.00083,14.56225]]],[[[121.00037,14.56189],[121.00046,14.56198],[121.00046,14.56189],[121.00037,14.56189]]],[[[121.00037,14.56198],[120.99981,14.56197],[121.00009,14.56252],[121.00037,14.56252],[121.00037,14.56198]]],[[[121.00111,14.56261],[121.0012,14.56234],[121.0012,14.56262],[121.00111,14.56261]]],[[[121.00046,14.56261],[121.00055,14.5627],[121.00046,14.5627],[121.00046,14.56261]]],[[[121.0038,14.56264],[121.00426,14.56237],[121.00435,14.56255],[121.0038,14.56264]]],[[[121.00519,14.56238],[121.00528,14.56247],[121.00528,14.56238],[121.00519,14.56238]]],[[[121.00519,14.56256],[121.0051,14.56247],[121.0051,14.56256],[121.00519,14.56256]]],[[[121.00612,14.56248],[121.00593,14.56229],[121.00612,14.56239],[121.00612,14.56248]]],[[[121.00214,14.56172],[121.00213,14.56226],[121.00251,14.56145],[121.0013,14.56144],[121.00214,14.56172]]],[[[121.00176,14.5619],[121.00186,14.56181],[121.00176,14.56181],[121.00176,14.5619]]],[[[121.00528,14.56283],[121.00537,14.56292],[121.00528,14.56292],[121.00528,14.56283]]],[[[121.00083,14.56279],[121.00092,14.56288],[121.00083,14.56288],[121.00083,14.56279]]],[[[121.00082,14.56306],[121.00101,14.56316],[121.00082,14.56315],[121.00082,14.56306]]],[[[121.00147,14.56352],[121.00156,14.5637],[121.00147,14.5637],[121.00147,14.56352]]],[[[121.00112,14.56108],[121.00065,14.56126],[121.00066,14.56107],[121.00112,14.56108]]],[[[121.0014,14.56081],[121.0015,14.56036],[121.00149,14.56081],[121.0014,14.56081]]],[[[121.00279,14.56064],[121.00252,14.56046],[121.0028,14.56046],[121.00279,14.56064]]],[[[121.00372,14.56056],[121.00345,14.56028],[121.00373,14.56029],[121.00372,14.56056]]],[[[121.00521,14.56048],[121.00502,14.56039],[121.00521,14.56039],[121.00521,14.56048]]],[[[121.00187,14.56045],[121.00196,14.56054],[121.00187,14.56054],[121.00187,14.56045]]],[[[121.0015,14.56027],[121.00141,14.56009],[121.0015,14.56009],[121.0015,14.56027]]],[[[121.00438,14.55993],[121.00401,14.55975],[121.00438,14.55975],[121.00438,14.55993]]],[[[121.00355,14.55947],[121.00373,14.55975],[121.00336,14.55974],[121.00355,14.55947]]],[[[121.00243,14.55946],[121.00253,14.55955],[121.00253,14.55946],[121.00243,14.55946]]],[[[121.00243,14.55964],[121.00234,14.55955],[121.00234,14.55964],[121.00243,14.55964]]],[[[121.00189,14.55855],[121.00179,14.55928],[121.00132,14.55936],[121.0015,14.55991],[121.0016,14.55946],[121.00206,14.55964],[121.00207,14.55892],[121.00244,14.55928],[121.00244,14.55856],[121.00189,14.55855]]],[[[121.00179,14.55855],[121.00189,14.55846],[121.00179,14.55846],[121.00179,14.55855]]],[[[121.00077,14.55864],[121.00096,14.55882],[121.00077,14.55882],[121.00077,14.55864]]],[[[121.00299,14.55965],[121.0028,14.55956],[121.00299,14.55956],[121.00299,14.55965]]],[[[121.00485,14.55939],[121.00475,14.5593],[121.00485,14.5593],[121.00485,14.55939]]],[[[121.0029,14.55883],[121.003,14.55856],[121.00318,14.55875],[121.0029,14.55883]]],[[[121.00457,14.55876],[121.00448,14.55867],[121.00457,14.55867],[121.00457,14.55876]]],[[[121.00365,14.55803],[121.00347,14.55794],[121.00365,14.55785],[121.00365,14.55803]]],[[[121.00699,14.55797],[121.00681,14.55778],[121.00699,14.55778],[121.00699,14.55797]]],[[[121.00263,14.55784],[121.00254,14.55802],[121.00245,14.55766],[121.00263,14.55784]]],[[[121.00625,14.55778],[121.00598,14.55751],[121.00635,14.55751],[121.00625,14.55778]]],[[[121.00802,14.5577],[121.00783,14.55743],[121.00802,14.55743],[121.00802,14.5577]]],[[[121.00143,14.55747],[121.00069,14.55773],[121.00069,14.55692],[121.00041,14.55755],[120.99967,14.55727],[121.00014,14.55664],[121.00005,14.55574],[121.00098,14.55584],[121.0007,14.55674],[121.00097,14.55746],[121.00143,14.55747]]],[[[121.00718,14.55743],[121.00691,14.55715],[121.00728,14.55725],[121.00718,14.55743]]],[[[121.00339,14.55649],[121.0033,14.55631],[121.00339,14.55631],[121.00339,14.55649]]],[[[121.00543,14.55624],[121.00525,14.55605],[121.00543,14.55605],[121.00543,14.55624]]],[[[121.00117,14.55593],[121.00135,14.55611],[121.00107,14.55611],[121.00117,14.55593]]],[[[121.00655,14.55579],[121.00609,14.55552],[121.00655,14.5557],[121.00655,14.55579]]],[[[121.00451,14.5555],[121.0046,14.5556],[121.00451,14.55559],[121.00451,14.5555]]],[[[121.0021,14.55548],[121.00228,14.55576],[121.0021,14.55566],[121.0021,14.55548]]],[[[121.00599,14.55552],[121.00581,14.55533],[121.006,14.55534],[121.00599,14.55552]]],[[[121.00655,14.55534],[121.00637,14.55516],[121.00656,14.55507],[121.00655,14.55534]]],[[[121.00609,14.55507],[121.00591,14.55479],[121.00609,14.5548],[121.00609,14.55507]]],[[[121.00285,14.55459],[121.00294,14.55468],[121.00294,14.55459],[121.00285,14.55459]]],[[[121.00285,14.55495],[121.00248,14.55458],[121.00248,14.55485],[121.00285,14.55495]]],[[[121.00675,14.55462],[121.00665,14.55444],[121.00684,14.55444],[121.00675,14.55462]]],[[[120.99969,14.55456],[121.00108,14.55493],[121.00043,14.55502],[121.00015,14.55565],[120.99969,14.55456]]],[[[120.99793,14.55509],[120.99802,14.55518],[120.99793,14.55518],[120.99793,14.55509]]],[[[120.99811,14.55518],[120.99848,14.55527],[120.99811,14.55527],[120.99811,14.55518]]],[[[120.99978,14.55583],[120.99959,14.55573],[120.9995,14.55591],[120.99978,14.55583]]],[[[120.99941,14.55546],[120.9996,14.55528],[120.99941,14.55528],[120.99941,14.55546]]],[[[121.00405,14.55541],[121.00396,14.55532],[121.00405,14.55532],[121.00405,14.55541]]],[[[121.00359,14.55523],[121.00368,14.55505],[121.00377,14.55523],[121.00359,14.55523]]],[[[121.0034,14.55504],[121.00322,14.55495],[121.0034,14.55495],[121.0034,14.55504]]],[[[120.99903,14.556],[120.99931,14.55618],[120.99903,14.55609],[120.99903,14.556]]],[[[120.9982,14.55617],[120.9981,14.55653],[120.99782,14.55635],[120.99782,14.55626],[120.9982,14.55617]]],[[[120.9993,14.55682],[120.9994,14.55645],[120.9994,14.55682],[120.9993,14.55682]]],[[[120.99996,14.55646],[120.99986,14.55637],[120.99996,14.55637],[120.99996,14.55646]]],[[[120.99883,14.55735],[120.99893,14.55744],[120.99883,14.55744],[120.99883,14.55735]]],[[[121.00208,14.55774],[121.00189,14.55756],[121.00208,14.55756],[121.00208,14.55774]]],[[[120.99805,14.56168],[120.99777,14.56195],[120.99759,14.56168],[120.99805,14.56168]]],[[[120.99693,14.56312],[120.99711,14.5633],[120.99693,14.5633],[120.99693,14.56312]]],[[[121.00647,14.55435],[121.00666,14.55399],[121.00703,14.55408],[121.00693,14.55435],[121.00647,14.55435]]],[[[121.00044,14.55393],[121.00063,14.55403],[121.00044,14.55402],[121.00044,14.55393]]],[[[121.00081,14.55394],[121.00072,14.55385],[121.00081,14.55385],[121.00081,14.55394]]],[[[121.00202,14.55413],[121.00211,14.55422],[121.00202,14.55422],[121.00202,14.55413]]],[[[121.00628,14.55434],[121.0061,14.55416],[121.00629,14.55416],[121.00628,14.55434]]],[[[121.00629,14.5538],[121.00648,14.55344],[121.00638,14.5538],[121.00629,14.5538]]],[[[121.00499,14.55343],[121.0049,14.55334],[121.00499,14.55334],[121.00499,14.55343]]],[[[121.0024,14.55287],[121.00203,14.55277],[121.00213,14.5525],[121.0024,14.55287]]],[[[121.00472,14.55289],[121.00463,14.55261],[121.00481,14.55262],[121.00472,14.55289]]],[[[121.00787,14.55282],[121.00778,14.55273],[121.00788,14.55273],[121.00787,14.55282]]],[[[121.0076,14.55273],[121.00695,14.55227],[121.00769,14.55255],[121.0076,14.55273]]],[[[121.00658,14.55218],[121.00676,14.55245],[121.00649,14.55245],[121.00658,14.55218]]],[[[121.00315,14.55215],[121.00287,14.55233],[121.00278,14.55215],[121.00315,14.55215]]],[[[121.00621,14.55218],[121.00612,14.55208],[121.00621,14.55209],[121.00621,14.55218]]],[[[121.00222,14.55196],[121.00241,14.55214],[121.00222,14.55214],[121.00222,14.55196]]],[[[120.9986,14.5522],[120.99879,14.55238],[120.9986,14.55238],[120.9986,14.5522]]],[[[121.00268,14.55233],[121.00259,14.55223],[121.00268,14.55224],[121.00268,14.55233]]],[[[121.00305,14.5526],[121.00324,14.55269],[121.00305,14.55269],[121.00305,14.5526]]],[[[121.00528,14.55271],[121.00509,14.55253],[121.00528,14.55253],[121.00528,14.55271]]],[[[120.99943,14.55266],[120.99953,14.55275],[120.99943,14.55275],[120.99943,14.55266]]],[[[120.9985,14.55283],[120.99869,14.55292],[120.9985,14.55292],[120.9985,14.55283]]],[[[120.99712,14.55192],[120.99693,14.5521],[120.99684,14.55191],[120.99712,14.55192]]],[[[120.99267,14.55188],[120.99276,14.55197],[120.99267,14.55197],[120.99267,14.55188]]],[[[121.00491,14.55189],[121.00473,14.5518],[121.00491,14.5518],[121.00491,14.55189]]],[[[120.99666,14.55146],[120.99647,14.55182],[120.99638,14.55146],[120.99666,14.55146]]],[[[121.0038,14.5517],[121.00362,14.55161],[121.0038,14.55161],[121.0038,14.5517]]],[[[121.00733,14.55164],[121.00714,14.55155],[121.00733,14.55155],[121.00733,14.55164]]],[[[121.00677,14.55155],[121.00696,14.55164],[121.00677,14.55164],[121.00677,14.55155]]],[[[121.00482,14.55153],[121.00473,14.55144],[121.00483,14.55144],[121.00482,14.55153]]],[[[121.00353,14.55143],[121.00371,14.55152],[121.00353,14.55152],[121.00353,14.55143]]],[[[120.99845,14.54849],[120.99854,14.54868],[120.99854,14.5485],[120.99845,14.54849]]],[[[120.99845,14.54868],[120.99769,14.55057],[120.99565,14.55019],[120.99565,14.55055],[120.99759,14.55093],[120.99787,14.55147],[120.99845,14.54868]]],[[[120.99279,14.54872],[120.99251,14.54835],[120.99298,14.54827],[120.99298,14.54845],[120.99279,14.54872]]],[[[121.0016,14.54861],[121.00142,14.54834],[121.0017,14.54843],[121.0016,14.54861]]],[[[121.00234,14.54871],[121.00253,14.54853],[121.00253,14.54871],[121.00234,14.54871]]],[[[121.00281,14.54853],[121.003,14.54817],[121.00373,14.5489],[121.00336,14.54899],[121.00281,14.54853]]],[[[120.9926,14.54926],[120.99269,14.54935],[120.9926,14.54935],[120.9926,14.54926]]],[[[120.9938,14.54936],[120.99371,14.54927],[120.9938,14.54927],[120.9938,14.54936]]],[[[120.99334,14.54972],[120.9938,14.54981],[120.99371,14.54999],[120.99334,14.54972]]],[[[120.99315,14.5498],[120.99324,14.5499],[120.99315,14.54989],[120.99315,14.5498]]],[[[121.0077,14.55137],[121.00733,14.55119],[121.0077,14.55119],[121.0077,14.55137]]],[[[121.00103,14.55078],[121.00047,14.55059],[121.00085,14.55023],[121.00103,14.55078]]],[[[121.00715,14.55092],[121.00706,14.55083],[121.00715,14.55083],[121.00715,14.55092]]],[[[121.00511,14.55072],[121.00474,14.55054],[121.00502,14.55045],[121.00511,14.55072]]],[[[121.00474,14.55045],[121.00456,14.55026],[121.00474,14.55027],[121.00474,14.55045]]],[[[121.00484,14.55018],[121.00456,14.54972],[121.00493,14.54972],[121.00484,14.55018]]],[[[121.00539,14.55009],[121.0053,14.55],[121.00539,14.55],[121.00539,14.55009]]],[[[121.00298,14.54989],[121.00317,14.54998],[121.00298,14.54998],[121.00298,14.54989]]],[[[121.00215,14.54961],[121.00216,14.54916],[121.00234,14.54916],[121.00215,14.54961]]],[[[121.00364,14.54917],[121.00355,14.54908],[121.00364,14.54908],[121.00364,14.54917]]],[[[121.00336,14.54908],[121.00345,14.54917],[121.00336,14.54917],[121.00336,14.54908]]],[[[120.9909,14.55223],[120.99099,14.55241],[120.9909,14.55241],[120.9909,14.55223]]],[[[120.99146,14.5525],[120.99155,14.55223],[120.99164,14.5525],[120.99146,14.5525]]],[[[120.99062,14.55276],[120.99071,14.55286],[120.99062,14.55286],[120.99062,14.55276]]],[[[120.9934,14.55288],[120.99331,14.55279],[120.9934,14.55279],[120.9934,14.55288]]],[[[120.99266,14.55287],[120.99377,14.55306],[120.99405,14.55343],[120.99284,14.55342],[120.99266,14.55287]]],[[[120.99423,14.55343],[120.99414,14.55334],[120.99423,14.55334],[120.99423,14.55343]]],[[[120.99386,14.55361],[120.99395,14.5537],[120.99386,14.5537],[120.99386,14.55361]]],[[[120.99219,14.55386],[120.99228,14.55404],[120.99218,14.55404],[120.99219,14.55386]]],[[[120.99404,14.55406],[120.99423,14.55388],[120.99432,14.55406],[120.99404,14.55406]]],[[[120.99135,14.55413],[120.99144,14.55422],[120.99135,14.55422],[120.99135,14.55413]]],[[[120.99218,14.55422],[120.99237,14.55432],[120.99218,14.55431],[120.99218,14.55422]]],[[[120.9917,14.55603],[120.99189,14.55621],[120.9917,14.55612],[120.9917,14.55603]]],[[[121.00356,14.548],[121.00347,14.5479],[121.00356,14.54791],[121.00356,14.548]]],[[[121.0018,14.54753],[121.0018,14.54708],[121.00227,14.54681],[121.00189,14.5478],[121.00106,14.5477],[121.0018,14.54753]]],[[[121.00051,14.5467],[121.00069,14.54689],[121.00041,14.54688],[121.00051,14.5467]]],[[[120.99874,14.54687],[120.99893,14.54696],[120.99874,14.54714],[120.99874,14.54687]]],[[[120.99875,14.54642],[120.99866,14.54633],[120.99875,14.54633],[120.99875,14.54642]]],[[[120.99736,14.54632],[120.99726,14.54623],[120.99736,14.54623],[120.99736,14.54632]]],[[[121.00237,14.54627],[121.00227,14.54618],[121.00237,14.54618],[121.00237,14.54627]]],[[[120.99402,14.54611],[120.99448,14.54629],[120.99402,14.54629],[120.99402,14.54611]]],[[[121.00228,14.54545],[121.0021,14.54518],[121.00238,14.54527],[121.00228,14.54545]]],[[[120.99765,14.54505],[120.99746,14.54541],[120.99737,14.54505],[120.99765,14.54505]]],[[[120.9995,14.54471],[120.99914,14.54452],[120.99951,14.54417],[120.9995,14.54471]]],[[[121.00322,14.54456],[121.00294,14.54401],[121.00331,14.5442],[121.00322,14.54456]]],[[[121.00266,14.5441],[121.00211,14.5441],[121.00239,14.54356],[121.00258,14.54356],[121.00266,14.5441]]],[[[120.9959,14.54368],[120.9958,14.54359],[120.99571,14.54368],[120.9959,14.54368]]],[[[120.9958,14.5435],[120.996,14.54296],[120.99507,14.5425],[120.99525,14.54341],[120.9958,14.5435]]],[[[120.9972,14.54333],[120.99701,14.54315],[120.9972,14.54315],[120.9972,14.54333]]],[[[120.9998,14.54317],[120.99962,14.54272],[120.9998,14.54272],[120.9998,14.54317]]],[[[120.99617,14.54369],[120.99635,14.54432],[120.99608,14.54441],[120.99617,14.54369]]],[[[120.99793,14.54406],[120.99757,14.5437],[120.99803,14.54379],[120.99793,14.54406]]],[[[120.9996,14.5439],[120.99951,14.5438],[120.99961,14.54381],[120.9996,14.5439]]],[[[120.99292,14.54474],[120.9931,14.54483],[120.99292,14.54483],[120.99292,14.54474]]],[[[120.99591,14.54224],[120.99563,14.54205],[120.996,14.54197],[120.99591,14.54224]]],[[[121.00379,14.5423],[121.0037,14.54212],[121.00389,14.54212],[121.00379,14.5423]]],[[[120.99453,14.54123],[120.99425,14.54078],[120.99462,14.54087],[120.99453,14.54123]]],[[[121.00213,14.54121],[121.00204,14.54112],[121.00213,14.54112],[121.00213,14.54121]]],[[[120.99611,14.54088],[120.9961,14.54115],[120.99546,14.54079],[120.99611,14.54088]]],[[[120.9962,14.54052],[120.99593,14.54043],[120.9962,14.54034],[120.9962,14.54052]]],[[[120.99565,14.54043],[120.99555,14.54052],[120.99565,14.54052],[120.99565,14.54043]]],[[[120.99528,14.54042],[120.99556,14.54034],[120.99528,14.54033],[120.99528,14.54042]]],[[[120.99453,14.54033],[120.99463,14.54042],[120.99453,14.54042],[120.99453,14.54033]]],[[[120.99593,14.54025],[120.99584,14.54007],[120.99602,14.54007],[120.99593,14.54025]]],[[[120.99519,14.54006],[120.99463,14.53979],[120.99528,14.53979],[120.99519,14.54006]]],[[[120.99556,14.53979],[120.99538,14.5397],[120.99556,14.5397],[120.99556,14.53979]]],[[[120.99463,14.53952],[120.99492,14.53925],[120.99519,14.5397],[120.995,14.5397],[120.99463,14.53952]]],[[[120.99556,14.53943],[120.99547,14.53934],[120.99538,14.53943],[120.99556,14.53943]]],[[[120.99538,14.53916],[120.99547,14.53907],[120.99538,14.53907],[120.99538,14.53916]]],[[[120.99733,14.53927],[120.99743,14.53855],[120.99798,14.53855],[120.99761,14.539],[120.99798,14.53927],[120.99733,14.53927]]],[[[120.99706,14.53854],[120.99547,14.53898],[120.9952,14.5388],[120.99567,14.53799],[120.99631,14.53845],[120.99725,14.53809],[120.99706,14.53854]]],[[[120.99603,14.53908],[120.99622,14.5389],[120.99622,14.53908],[120.99603,14.53908]]],[[[120.99668,14.53926],[120.99677,14.5389],[120.99696,14.53908],[120.99668,14.53926]]],[[[120.99714,14.53918],[120.99705,14.53899],[120.99714,14.53899],[120.99714,14.53918]]],[[[120.9978,14.53783],[120.99781,14.53755],[120.99818,14.53765],[120.9978,14.53783]]],[[[120.9954,14.53744],[120.9953,14.53726],[120.9954,14.53726],[120.9954,14.53744]]],[[[120.99512,14.53726],[120.99484,14.53699],[120.99522,14.5369],[120.99512,14.53726]]],[[[121.00632,14.58073],[121.00623,14.58055],[121.00633,14.58055],[121.00632,14.58073]]],[[[120.98485,14.58561],[120.98504,14.58471],[120.98449,14.58452],[120.9842,14.58533],[120.98485,14.58561]]],[[[120.98467,14.58488],[120.98448,14.5847],[120.98476,14.5847],[120.98467,14.58488]]],[[[120.97853,14.58592],[120.97844,14.58582],[120.97844,14.58591],[120.97853,14.58592]]],[[[120.98577,14.58625],[120.98568,14.58616],[120.98568,14.58625],[120.98577,14.58625]]],[[[121.00034,14.58628],[121.00025,14.5861],[121.00015,14.58628],[121.00034,14.58628]]],[[[120.97807,14.58618],[120.97834,14.58628],[120.97835,14.586],[120.97807,14.58618]]],[[[120.99736,14.58653],[120.99727,14.58635],[120.99727,14.58653],[120.99736,14.58653]]],[[[120.9788,14.58673],[120.97899,14.58664],[120.97881,14.58664],[120.9788,14.58673]]],[[[120.98075,14.58675],[120.98094,14.58657],[120.98076,14.58648],[120.98075,14.58675]]],[[[120.98103,14.58675],[120.98094,14.58684],[120.98103,14.58684],[120.98103,14.58675]]],[[[120.97862,14.58709],[120.97862,14.58664],[120.97843,14.58664],[120.97834,14.58682],[120.97862,14.58709]]],[[[120.98084,14.58711],[120.98075,14.58693],[120.98075,14.58711],[120.98084,14.58711]]],[[[120.98122,14.58693],[120.98103,14.58702],[120.98121,14.58711],[120.98122,14.58693]]],[[[120.9788,14.58709],[120.97862,14.58718],[120.9788,14.58718],[120.9788,14.58709]]],[[[120.97908,14.58673],[120.97899,14.58718],[120.97908,14.58719],[120.97908,14.58673]]],[[[120.9917,14.5872],[120.99161,14.58711],[120.99161,14.5872],[120.9917,14.5872]]],[[[120.97899,14.58728],[120.9788,14.58718],[120.9788,14.58727],[120.97899,14.58728]]],[[[120.98084,14.58729],[120.98093,14.5872],[120.98084,14.5872],[120.98084,14.58729]]],[[[120.99402,14.58731],[120.99411,14.58686],[120.99374,14.58668],[120.99346,14.58713],[120.99402,14.58731]]],[[[120.98112,14.58747],[120.98103,14.58711],[120.98093,14.58747],[120.98112,14.58747]]],[[[120.98743,14.58762],[120.98733,14.58753],[120.98733,14.58762],[120.98743,14.58762]]],[[[120.98956,14.58764],[120.98928,14.58782],[120.98956,14.58782],[120.98956,14.58764]]],[[[120.9865,14.5877],[120.98687,14.58789],[120.98687,14.5877],[120.9865,14.5877]]],[[[120.99781,14.58807],[120.99772,14.58798],[120.99772,14.58807],[120.99781,14.58807]]],[[[120.97851,14.58808],[120.97815,14.58781],[120.97805,14.58799],[120.97851,14.58808]]],[[[120.99883,14.58826],[120.99865,14.58817],[120.99865,14.58826],[120.99883,14.58826]]],[[[120.97777,14.58817],[120.97749,14.58835],[120.97777,14.58835],[120.97777,14.58817]]],[[[120.9992,14.58844],[120.99911,14.58826],[120.99902,14.58844],[120.9992,14.58844]]],[[[120.9787,14.58845],[120.9786,14.58836],[120.9786,14.58845],[120.9787,14.58845]]],[[[120.99187,14.58856],[120.99169,14.58829],[120.99169,14.58856],[120.99187,14.58856]]],[[[120.9735,14.58858],[120.97351,14.58786],[120.97351,14.5875],[120.97295,14.58813],[120.9735,14.58858]]],[[[120.9876,14.58861],[120.98742,14.58852],[120.98742,14.58861],[120.9876,14.58861]]],[[[120.99605,14.58869],[120.99586,14.58841],[120.99577,14.58868],[120.99605,14.58869]]],[[[120.97786,14.58862],[120.97832,14.58853],[120.97833,14.58844],[120.97786,14.58862]]],[[[121.01507,14.58876],[121.01516,14.58885],[121.01516,14.58876],[121.01507,14.58876]]],[[[120.98983,14.5889],[120.98964,14.58863],[120.98964,14.5889],[120.98983,14.5889]]],[[[121.01507,14.58894],[121.01497,14.58885],[121.01497,14.58894],[121.01507,14.58894]]],[[[120.99038,14.589],[120.99048,14.58828],[120.99021,14.588],[120.99001,14.58891],[120.99038,14.589]]],[[[120.99215,14.58911],[120.99196,14.58892],[120.99196,14.5891],[120.99215,14.58911]]],[[[120.98175,14.5892],[120.98166,14.58902],[120.98157,14.5892],[120.98175,14.5892]]],[[[120.99242,14.58911],[120.99252,14.5892],[120.99252,14.58911],[120.99242,14.58911]]],[[[120.99131,14.58919],[120.99103,14.58919],[120.99131,14.58928],[120.99131,14.58919]]],[[[120.99195,14.58974],[120.99177,14.58946],[120.99168,14.58964],[120.99195,14.58974]]],[[[120.97256,14.5893],[120.97275,14.58912],[120.97257,14.58839],[120.97164,14.58857],[120.97173,14.58974],[120.97256,14.5893]]],[[[120.98036,14.58964],[120.98008,14.58963],[120.98035,14.58982],[120.98036,14.58964]]],[[[120.98518,14.58986],[120.9849,14.59004],[120.98518,14.59004],[120.98518,14.58986]]],[[[120.97785,14.58989],[120.97776,14.58934],[120.9772,14.58961],[120.97738,14.59006],[120.97785,14.58989]]],[[[120.97126,14.59037],[120.97116,14.59028],[120.97116,14.59037],[120.97126,14.59037]]],[[[120.98582,14.59023],[120.98601,14.59032],[120.98601,14.59023],[120.98582,14.59023]]],[[[120.98026,14.59045],[120.98016,14.59036],[120.98016,14.59045],[120.98026,14.59045]]],[[[120.97933,14.59062],[120.97923,14.59044],[120.97923,14.59062],[120.97933,14.59062]]],[[[120.972,14.59038],[120.97209,14.59065],[120.97209,14.59038],[120.972,14.59038]]],[[[120.97534,14.58986],[120.976,14.58942],[120.9758,14.59014],[120.97663,14.59087],[120.97701,14.5906],[120.97692,14.58979],[120.97664,14.59024],[120.97627,14.59014],[120.97683,14.58924],[120.97618,14.58933],[120.97703,14.58816],[120.97619,14.58824],[120.97516,14.5895],[120.97534,14.58986]]],[[[120.97923,14.59062],[120.97886,14.59071],[120.97905,14.5899],[120.97933,14.59044],[120.9797,14.59008],[120.97933,14.58972],[120.97896,14.58971],[120.97887,14.59026],[120.97878,14.58989],[120.97757,14.59015],[120.97802,14.59088],[120.97868,14.59034],[120.97886,14.59089],[120.97923,14.59062]]],[[[120.97812,14.59016],[120.97831,14.59043],[120.97794,14.59043],[120.97812,14.59016]]],[[[120.99018,14.59099],[120.9899,14.59062],[120.98962,14.59098],[120.99018,14.59099]]],[[[120.97107,14.59064],[120.97069,14.591],[120.97106,14.591],[120.97107,14.59064]]],[[[120.97524,14.59086],[120.97561,14.59095],[120.97561,14.59077],[120.97524,14.59086]]],[[[120.98415,14.59121],[120.98396,14.59111],[120.98396,14.5912],[120.98415,14.59121]]],[[[120.97589,14.59131],[120.97626,14.59096],[120.97608,14.59086],[120.97589,14.59131]]],[[[120.97886,14.59134],[120.97876,14.59125],[120.97876,14.59134],[120.97886,14.59134]]],[[[120.9706,14.59136],[120.97051,14.59118],[120.97041,14.59136],[120.9706,14.59136]]],[[[121.01634,14.59121],[121.01625,14.59139],[121.01634,14.59139],[121.01634,14.59121]]],[[[121.00818,14.59141],[121.00808,14.5915],[121.00818,14.5915],[121.00818,14.59141]]],[[[120.97922,14.59171],[120.97913,14.59161],[120.97913,14.5917],[120.97922,14.59171]]],[[[120.98776,14.59178],[120.98823,14.5916],[120.98758,14.5916],[120.98776,14.59178]]],[[[120.98832,14.59169],[120.98822,14.59178],[120.98832,14.59178],[120.98832,14.59169]]],[[[120.99101,14.59181],[120.99119,14.59163],[120.99101,14.59154],[120.99101,14.59181]]],[[[120.98368,14.59183],[120.98358,14.59174],[120.98358,14.59183],[120.98368,14.59183]]],[[[121.01653,14.59157],[121.01634,14.59166],[121.01652,14.59184],[121.01653,14.59157]]],[[[120.97662,14.59186],[120.97653,14.59177],[120.97653,14.59186],[120.97662,14.59186]]],[[[120.98841,14.59178],[120.98832,14.59187],[120.98841,14.59187],[120.98841,14.59178]]],[[[121.01625,14.59121],[121.01478,14.58993],[121.01488,14.58903],[121.01395,14.58956],[121.01229,14.58819],[121.00997,14.58781],[121.01228,14.58955],[121.01477,14.59065],[121.01578,14.59193],[121.01551,14.5912],[121.01625,14.59121]]],[[[120.97625,14.59195],[120.97616,14.59186],[120.97616,14.59195],[120.97625,14.59195]]],[[[120.97866,14.59188],[120.97894,14.59197],[120.97894,14.59188],[120.97866,14.59188]]],[[[120.97412,14.59148],[120.97496,14.59158],[120.9744,14.5913],[120.97459,14.59067],[120.97534,14.59032],[120.97471,14.5885],[120.97572,14.58878],[120.97732,14.58681],[120.97594,14.58544],[120.97538,14.58562],[120.97378,14.58822],[120.97405,14.58886],[120.97284,14.58921],[120.97246,14.59038],[120.97337,14.59202],[120.97412,14.59148]]],[[[120.97357,14.59102],[120.97375,14.5913],[120.97385,14.59112],[120.97357,14.59102]]],[[[120.97347,14.59147],[120.97329,14.59138],[120.97329,14.59147],[120.97347,14.59147]]],[[[120.97331,14.58939],[120.97359,14.58895],[120.97414,14.58913],[120.97377,14.58976],[120.97331,14.58939]]],[[[120.97542,14.59203],[120.9757,14.59186],[120.97542,14.59185],[120.97542,14.59203]]],[[[120.98887,14.59206],[120.98869,14.59179],[120.98859,14.59197],[120.98887,14.59206]]],[[[120.97866,14.59206],[120.97857,14.59197],[120.97857,14.59206],[120.97866,14.59206]]],[[[121.01643,14.5922],[121.01634,14.59184],[121.01634,14.5922],[121.01643,14.5922]]],[[[120.97449,14.59175],[120.97402,14.59202],[120.97402,14.5922],[120.97439,14.59221],[120.97449,14.59175]]],[[[120.97588,14.59222],[120.97579,14.59213],[120.97579,14.59222],[120.97588,14.59222]]],[[[120.97875,14.59224],[120.97866,14.59215],[120.97866,14.59224],[120.97875,14.59224]]],[[[121.01597,14.59193],[121.01587,14.59229],[121.01596,14.59229],[121.01597,14.59193]]],[[[120.97291,14.5921],[120.97319,14.59229],[120.97319,14.59201],[120.97291,14.5921]]],[[[120.98377,14.59193],[120.98414,14.59211],[120.98414,14.59193],[120.98377,14.59193]]],[[[121.01633,14.59238],[121.01624,14.5922],[121.01624,14.59238],[121.01633,14.59238]]],[[[120.97922,14.59198],[120.97903,14.59243],[120.97922,14.59243],[120.97922,14.59198]]],[[[120.99184,14.59236],[120.99231,14.59191],[120.99193,14.59181],[120.99184,14.59236]]],[[[121.01587,14.59247],[121.01578,14.59238],[121.01578,14.59247],[121.01587,14.59247]]],[[[120.98692,14.59249],[120.9872,14.59232],[120.9872,14.59195],[120.98683,14.59204],[120.98692,14.59249]]],[[[120.97866,14.59242],[120.97875,14.59251],[120.97875,14.59242],[120.97866,14.59242]]],[[[120.9755,14.59258],[120.97541,14.59249],[120.97541,14.59258],[120.9755,14.59258]]],[[[120.97606,14.59258],[120.97588,14.59249],[120.97587,14.59258],[120.97606,14.59258]]],[[[120.98803,14.59259],[120.98785,14.59241],[120.98784,14.59259],[120.98803,14.59259]]],[[[120.97866,14.5926],[120.97857,14.59251],[120.97857,14.5926],[120.97866,14.5926]]],[[[120.97003,14.59226],[120.9704,14.59253],[120.9704,14.59208],[120.97003,14.59226]]],[[[120.97031,14.59244],[120.97012,14.59235],[120.97031,14.59235],[120.97031,14.59244]]],[[[121.01568,14.59256],[121.01578,14.59265],[121.01578,14.59256],[121.01568,14.59256]]],[[[121.01615,14.59247],[121.01624,14.59266],[121.01624,14.59247],[121.01615,14.59247]]],[[[120.97856,14.59269],[120.97838,14.5926],[120.97838,14.59269],[120.97856,14.59269]]],[[[121.01568,14.59274],[121.01559,14.59265],[121.01559,14.59274],[121.01568,14.59274]]],[[[120.97393,14.59265],[120.97374,14.5922],[120.97346,14.59229],[120.97346,14.59274],[120.97393,14.59265]]],[[[121.01615,14.59274],[121.01605,14.59265],[121.01605,14.59274],[121.01615,14.59274]]],[[[120.97903,14.59279],[120.97894,14.5927],[120.97894,14.59279],[120.97903,14.59279]]],[[[121.01559,14.59283],[121.0155,14.59274],[121.0155,14.59283],[121.01559,14.59283]]],[[[120.97838,14.59287],[120.97829,14.59269],[120.97828,14.59287],[120.97838,14.59287]]],[[[120.97875,14.59288],[120.97856,14.59278],[120.97856,14.59287],[120.97875,14.59288]]],[[[121.01549,14.59292],[121.0154,14.59283],[121.0154,14.59292],[121.01549,14.59292]]],[[[121.01605,14.59292],[121.01596,14.59274],[121.01596,14.59292],[121.01605,14.59292]]],[[[121.01531,14.59301],[121.01522,14.59292],[121.01522,14.59301],[121.01531,14.59301]]],[[[121.01596,14.59301],[121.01587,14.59292],[121.01586,14.59301],[121.01596,14.59301]]],[[[121.01512,14.5931],[121.01503,14.59301],[121.01503,14.5931],[121.01512,14.5931]]],[[[121.01586,14.5931],[121.01577,14.59301],[121.01577,14.5931],[121.01586,14.5931]]],[[[121.01494,14.59319],[121.01475,14.59309],[121.01475,14.59318],[121.01494,14.59319]]],[[[121.01456,14.59327],[121.01438,14.59318],[121.01438,14.59327],[121.01456,14.59327]]],[[[121.01549,14.59319],[121.01558,14.59328],[121.01558,14.59319],[121.01549,14.59319]]],[[[120.99053,14.59316],[120.99054,14.59262],[120.9897,14.59297],[120.98969,14.59324],[120.99053,14.59316]]],[[[121.01419,14.59336],[121.0141,14.59327],[121.0141,14.59336],[121.01419,14.59336]]],[[[121.01549,14.59337],[121.0154,14.59328],[121.0154,14.59337],[121.01549,14.59337]]],[[[121.01391,14.59345],[121.01373,14.59336],[121.01373,14.59345],[121.01391,14.59345]]],[[[121.01521,14.59337],[121.0153,14.59346],[121.0153,14.59337],[121.01521,14.59337]]],[[[120.98867,14.5935],[120.98886,14.59323],[120.98886,14.59305],[120.98867,14.5935]]],[[[121.01363,14.59354],[121.01345,14.59344],[121.01345,14.59354],[121.01363,14.59354]]],[[[120.99238,14.59345],[120.99285,14.59345],[120.99285,14.59327],[120.99238,14.59345]]],[[[121.01521,14.59355],[121.01512,14.59346],[121.01512,14.59355],[121.01521,14.59355]]],[[[121.01326,14.59353],[121.01298,14.59362],[121.01326,14.59362],[121.01326,14.59353]]],[[[121.01512,14.59364],[121.01502,14.59355],[121.01502,14.59364],[121.01512,14.59364]]],[[[121.0127,14.59371],[121.01261,14.59362],[121.01261,14.59371],[121.0127,14.59371]]],[[[120.99294,14.59372],[120.99275,14.59363],[120.99275,14.59372],[120.99294,14.59372]]],[[[120.9934,14.59373],[120.99406,14.59292],[120.99258,14.592],[120.99267,14.59282],[120.9934,14.59373]]],[[[121.01493,14.59373],[121.01484,14.59364],[121.01484,14.59373],[121.01493,14.59373]]],[[[120.97995,14.5937],[120.97995,14.59334],[120.97939,14.59342],[120.97939,14.59369],[120.97995,14.5937]]],[[[120.97985,14.5937],[120.97976,14.59352],[120.97986,14.59352],[120.97985,14.5937]]],[[[121.01233,14.59371],[121.01252,14.5938],[121.01252,14.59371],[121.01233,14.59371]]],[[[121.01474,14.59382],[121.01465,14.59373],[121.01465,14.59382],[121.01474,14.59382]]],[[[120.97346,14.59319],[120.97354,14.59373],[120.97308,14.59382],[120.97364,14.59383],[120.97346,14.59319]]],[[[121.01456,14.59391],[121.01447,14.59381],[121.01446,14.59391],[121.01456,14.59391]]],[[[121.01437,14.59399],[121.01428,14.5939],[121.01428,14.59399],[121.01437,14.59399]]],[[[121.01418,14.59408],[121.01409,14.59399],[121.01409,14.59408],[121.01418,14.59408]]],[[[121.014,14.59408],[121.01372,14.59417],[121.014,14.59417],[121.014,14.59408]]],[[[121.01353,14.59426],[121.01344,14.59417],[121.01344,14.59426],[121.01353,14.59426]]],[[[120.97308,14.59382],[120.97262,14.59327],[120.97346,14.5931],[120.97235,14.59219],[120.97301,14.59156],[120.972,14.59065],[120.97153,14.59092],[120.97191,14.5902],[120.97145,14.58983],[120.97039,14.59353],[120.97122,14.59426],[120.97206,14.59372],[120.97215,14.59408],[120.97308,14.59382]]],[[[120.97114,14.59245],[120.97124,14.59227],[120.97133,14.59245],[120.97114,14.59245]]],[[[120.97152,14.592],[120.97124,14.59155],[120.97171,14.59164],[120.97152,14.592]]],[[[120.97254,14.59183],[120.97227,14.59155],[120.97264,14.59165],[120.97254,14.59183]]],[[[121.01158,14.59433],[121.01149,14.59424],[121.01149,14.59433],[121.01158,14.59433]]],[[[120.99108,14.59434],[120.99136,14.5938],[120.99081,14.59361],[120.99071,14.59397],[120.99108,14.59434]]],[[[121.01335,14.59435],[121.01316,14.59426],[121.01316,14.59435],[121.01335,14.59435]]],[[[121.00657,14.59438],[121.00648,14.59429],[121.00648,14.59438],[121.00657,14.59438]]],[[[121.01149,14.59442],[121.0114,14.59433],[121.0114,14.59442],[121.01149,14.59442]]],[[[121.01279,14.59434],[121.0127,14.59443],[121.01279,14.59443],[121.01279,14.59434]]],[[[121.01307,14.59444],[121.01298,14.59434],[121.01298,14.59443],[121.01307,14.59444]]],[[[120.97827,14.59441],[120.97855,14.59441],[120.97855,14.59423],[120.97827,14.59441]]],[[[120.98569,14.59456],[120.9856,14.59447],[120.9856,14.59456],[120.98569,14.59456]]],[[[120.99321,14.59463],[120.9934,14.59409],[120.99284,14.5939],[120.99265,14.59444],[120.99321,14.59463]]],[[[120.96769,14.59468],[120.9676,14.59459],[120.9676,14.59468],[120.96769,14.59468]]],[[[120.98643,14.59475],[120.98625,14.59466],[120.98625,14.59475],[120.98643,14.59475]]],[[[121.0114,14.59442],[121.01075,14.5946],[121.01065,14.59478],[121.01093,14.59478],[121.0114,14.59442]]],[[[120.99172,14.59479],[120.99237,14.59462],[120.99266,14.59372],[120.99192,14.5938],[120.99172,14.59479]]],[[[120.99339,14.59463],[120.99367,14.59472],[120.99358,14.59454],[120.99339,14.59463]]],[[[120.99386,14.59481],[120.99414,14.59464],[120.99377,14.59454],[120.99386,14.59481]]],[[[120.98607,14.59411],[120.98708,14.59485],[120.98849,14.59359],[120.98802,14.59332],[120.98821,14.59368],[120.98774,14.59404],[120.98756,14.59322],[120.98682,14.59276],[120.98728,14.59358],[120.98672,14.59358],[120.98699,14.59439],[120.98607,14.59411]]],[[[120.98838,14.59459],[120.98857,14.59468],[120.98857,14.59459],[120.98838,14.59459]]],[[[120.96769,14.59459],[120.96843,14.59486],[120.96871,14.59451],[120.96788,14.59432],[120.96769,14.59459]]],[[[121.01065,14.59487],[121.01056,14.59478],[121.01056,14.59487],[121.01065,14.59487]]],[[[120.96834,14.59495],[120.96824,14.59486],[120.96824,14.59495],[120.96834,14.59495]]],[[[121.01028,14.59486],[121.01047,14.59496],[121.01047,14.59487],[121.01028,14.59486]]],[[[120.98588,14.59493],[120.9855,14.59501],[120.98587,14.59502],[120.98588,14.59493]]],[[[120.96759,14.59504],[120.9675,14.59468],[120.9675,14.59504],[120.96759,14.59504]]],[[[120.96824,14.59504],[120.96815,14.59495],[120.96815,14.59504],[120.96824,14.59504]]],[[[121.01028,14.59504],[121.01019,14.59495],[121.01019,14.59504],[121.01028,14.59504]]],[[[121.0127,14.59434],[121.01233,14.5938],[121.01159,14.59415],[121.01204,14.59506],[121.0127,14.59434]]],[[[120.99265,14.5948],[120.99237,14.59498],[120.99265,14.59507],[120.99265,14.5948]]],[[[120.99339,14.59508],[120.9933,14.59499],[120.9933,14.59508],[120.99339,14.59508]]],[[[120.96769,14.59504],[120.96759,14.59513],[120.96769,14.59513],[120.96769,14.59504]]],[[[121.01009,14.59513],[121.01,14.59504],[121.01,14.59513],[121.01009,14.59513]]],[[[120.96815,14.59513],[120.96796,14.59504],[120.96796,14.59513],[120.96815,14.59513]]],[[[120.98031,14.59515],[120.98003,14.59487],[120.98012,14.59515],[120.98031,14.59515]]],[[[121.01204,14.59515],[121.01195,14.59506],[121.01195,14.59515],[121.01204,14.59515]]],[[[121.00991,14.59522],[121.00981,14.59513],[121.00981,14.59522],[121.00991,14.59522]]],[[[120.96796,14.59522],[120.96778,14.59513],[120.96778,14.59522],[120.96796,14.59522]]],[[[121.01195,14.59524],[121.01186,14.59515],[121.01185,14.59524],[121.01195,14.59524]]],[[[120.97761,14.59522],[120.9778,14.59531],[120.97789,14.59522],[120.9778,14.59486],[120.97752,14.59503],[120.97761,14.59522]]],[[[121.00972,14.59531],[121.00953,14.59522],[121.00953,14.59531],[121.00972,14.59531]]],[[[120.9688,14.59505],[120.96973,14.59497],[120.96936,14.59469],[120.9688,14.59505]]],[[[120.96963,14.59533],[120.96935,14.59523],[120.96935,14.59532],[120.96963,14.59533]]],[[[121.01185,14.59533],[121.01176,14.59524],[121.01176,14.59533],[121.01185,14.59533]]],[[[120.99218,14.59525],[120.99227,14.59534],[120.99227,14.59525],[120.99218,14.59525]]],[[[120.99329,14.59535],[120.9932,14.59517],[120.9932,14.59535],[120.99329,14.59535]]],[[[121.00944,14.5954],[121.00935,14.59531],[121.00935,14.5954],[121.00944,14.5954]]],[[[121.01176,14.59542],[121.01167,14.59533],[121.01167,14.59542],[121.01176,14.59542]]],[[[120.99218,14.59543],[120.99209,14.59534],[120.99209,14.59543],[120.99218,14.59543]]],[[[121.00925,14.59549],[121.00907,14.5954],[121.00907,14.59549],[121.00925,14.59549]]],[[[121.01167,14.59551],[121.01157,14.59542],[121.01157,14.59551],[121.01167,14.59551]]],[[[121.00897,14.59558],[121.00888,14.59548],[121.00888,14.59557],[121.00897,14.59558]]],[[[120.97956,14.59559],[120.97956,14.59514],[120.97873,14.59504],[120.97882,14.59541],[120.97956,14.59559]]],[[[121.01157,14.5956],[121.01139,14.59551],[121.01139,14.5956],[121.01157,14.5956]]],[[[121.00118,14.5956],[121.00081,14.59551],[121.00081,14.5956],[121.00118,14.5956]]],[[[121.00257,14.59552],[121.00239,14.59561],[121.00257,14.59561],[121.00257,14.59552]]],[[[120.99209,14.59561],[120.99199,14.59543],[120.99199,14.59561],[120.99209,14.59561]]],[[[121.00294,14.59561],[121.00276,14.59552],[121.00276,14.59561],[121.00294,14.59561]]],[[[120.98392,14.59563],[120.9843,14.59518],[120.9843,14.595],[120.98337,14.59517],[120.98392,14.59563]]],[[[120.99543,14.5951],[120.99543,14.59555],[120.99589,14.59564],[120.99589,14.59546],[120.99543,14.5951]]],[[[121.0086,14.59557],[121.00879,14.59566],[121.00879,14.59557],[121.0086,14.59557]]],[[[121.01139,14.59569],[121.0112,14.59559],[121.0112,14.59568],[121.01139,14.59569]]],[[[120.98104,14.5957],[120.9816,14.59525],[120.98096,14.59506],[120.98104,14.5957]]],[[[121.00276,14.5957],[121.00257,14.59561],[121.00257,14.5957],[121.00276,14.5957]]],[[[121.0086,14.59575],[121.00832,14.59566],[121.00832,14.59575],[121.0086,14.59575]]],[[[121.0112,14.59578],[121.01102,14.59568],[121.01101,14.59577],[121.0112,14.59578]]],[[[121.00832,14.59584],[121.00814,14.59575],[121.00814,14.59584],[121.00832,14.59584]]],[[[120.98949,14.59586],[120.9893,14.59559],[120.9893,14.59586],[120.98949,14.59586]]],[[[121.01101,14.59586],[121.01092,14.59577],[121.01092,14.59586],[121.01101,14.59586]]],[[[120.99542,14.59591],[120.99525,14.5951],[120.99479,14.59473],[120.99469,14.59545],[120.99542,14.59591]]],[[[121.00804,14.59593],[121.00795,14.59584],[121.00795,14.59593],[121.00804,14.59593]]],[[[120.98717,14.59584],[120.98782,14.5953],[120.98727,14.59512],[120.98717,14.59584]]],[[[121.00322,14.59589],[121.00313,14.59598],[121.00322,14.59598],[121.00322,14.59589]]],[[[120.99394,14.59599],[120.99394,14.59536],[120.99357,14.59535],[120.99357,14.5958],[120.99394,14.59599]]],[[[121.00786,14.59602],[121.00777,14.59593],[121.00776,14.59602],[121.00786,14.59602]]],[[[120.98902,14.59604],[120.98866,14.59531],[120.988,14.59576],[120.98902,14.59604]]],[[[120.98011,14.59605],[120.98021,14.59596],[120.98011,14.59596],[120.98011,14.59605]]],[[[121.00331,14.59598],[121.00322,14.59607],[121.00331,14.59607],[121.00331,14.59598]]],[[[120.98327,14.5959],[120.98308,14.59599],[120.98327,14.59608],[120.98327,14.5959]]],[[[121.00767,14.59611],[121.00758,14.59602],[121.00758,14.59611],[121.00767,14.59611]]],[[[120.99573,14.59329],[120.99618,14.59429],[120.99719,14.59529],[120.99941,14.59613],[121.00109,14.59524],[121.0013,14.59307],[121.00175,14.5938],[121.00118,14.59551],[121.00239,14.59552],[121.00192,14.59533],[121.00248,14.59516],[121.00184,14.59488],[121.00222,14.59389],[121.00185,14.5938],[121.00185,14.59298],[121.0025,14.5929],[121.00242,14.59227],[121.00279,14.59191],[121.00351,14.59481],[121.00294,14.59543],[121.00313,14.59589],[121.00322,14.59544],[121.00434,14.59554],[121.00416,14.59481],[121.00472,14.59454],[121.00444,14.59382],[121.00547,14.59302],[121.00584,14.59365],[121.00658,14.5933],[121.00639,14.59402],[121.00732,14.59412],[121.00687,14.5923],[121.00928,14.59223],[121.0091,14.59178],[121.00632,14.59176],[121.00594,14.59221],[121.00567,14.5913],[121.00623,14.59158],[121.00725,14.59113],[121.00799,14.5915],[121.00837,14.59105],[121.00846,14.59141],[121.0091,14.5916],[121.0092,14.59115],[121.00617,14.58733],[121.00534,14.58696],[121.00544,14.58651],[121.00295,14.58423],[121.00296,14.58351],[121.00241,14.58323],[121.00249,14.58404],[121.0024,14.58404],[121.00213,14.58341],[121.00166,14.58377],[121.00129,14.58313],[121.00111,14.58313],[121.00175,14.5844],[121.00092,14.58376],[120.99989,14.58456],[120.99896,14.58428],[121.00007,14.58511],[121.0009,14.58511],[121.00053,14.58538],[121.00099,14.58575],[120.99921,14.58772],[120.99957,14.58863],[121.00031,14.58872],[121.00077,14.58954],[120.99948,14.5889],[120.99845,14.58916],[120.99818,14.58871],[120.99892,14.58853],[120.99856,14.58817],[120.99659,14.58969],[120.99613,14.58968],[120.99567,14.58877],[120.99511,14.58913],[120.99559,14.58823],[120.99522,14.58787],[120.99568,14.58787],[120.99532,14.58733],[120.99697,14.58897],[120.99707,14.58861],[120.99762,14.58879],[120.99726,14.58743],[120.99791,14.58753],[120.99792,14.58717],[120.99717,14.58698],[120.99765,14.58608],[120.99709,14.58599],[120.99692,14.5849],[120.9958,14.58525],[120.9956,14.58642],[120.99543,14.58543],[120.9945,14.58524],[120.9944,14.58596],[120.99496,14.58606],[120.99505,14.58633],[120.99449,14.58651],[120.99532,14.58651],[120.99494,14.58786],[120.99364,14.58758],[120.99354,14.58867],[120.99262,14.58839],[120.99354,14.5893],[120.99233,14.5892],[120.99223,14.58974],[120.99288,14.59029],[120.99464,14.59012],[120.99482,14.59066],[120.9938,14.59093],[120.99325,14.59047],[120.99324,14.59083],[120.99537,14.59193],[120.99573,14.59329]]],[[[120.99896,14.5945],[120.99804,14.5944],[120.99804,14.59422],[120.99878,14.59377],[120.99896,14.5945]]],[[[121.00082,14.59451],[121.00063,14.59433],[121.00082,14.59433],[121.00082,14.59451]]],[[[120.99739,14.59394],[120.99758,14.59403],[120.99739,14.59403],[120.99739,14.59394]]],[[[120.99683,14.59448],[120.99692,14.59466],[120.99673,14.59466],[120.99683,14.59448]]],[[[120.99767,14.59367],[120.9974,14.59331],[120.99777,14.5934],[120.99767,14.59367]]],[[[120.99656,14.5933],[120.99638,14.59321],[120.99656,14.59321],[120.99656,14.5933]]],[[[121.00223,14.59272],[121.00195,14.59244],[121.00214,14.59226],[121.00223,14.59272]]],[[[120.9961,14.59257],[120.99601,14.59266],[120.9961,14.59266],[120.9961,14.59257]]],[[[120.99601,14.59257],[120.99592,14.59221],[120.99555,14.5923],[120.99555,14.59248],[120.99601,14.59257]]],[[[120.9962,14.59212],[120.99611,14.59203],[120.9962,14.59203],[120.9962,14.59212]]],[[[120.99648,14.59194],[120.9963,14.59185],[120.99648,14.59176],[120.99648,14.59194]]],[[[121.00307,14.59155],[121.00298,14.59191],[121.00307,14.59191],[121.00307,14.59155]]],[[[121.00279,14.59146],[121.00289,14.59128],[121.0028,14.59128],[121.00279,14.59146]]],[[[120.99574,14.59158],[120.99565,14.59176],[120.99556,14.59157],[120.99574,14.59158]]],[[[120.99806,14.59187],[120.99834,14.59169],[120.99834,14.59187],[120.99806,14.59187]]],[[[121.00455,14.59219],[121.00493,14.59166],[121.00492,14.59211],[121.00455,14.59219]]],[[[121.00307,14.59218],[121.00316,14.59227],[121.00307,14.59227],[121.00307,14.59218]]],[[[121.00253,14.59001],[121.00225,14.59064],[121.00271,14.59055],[121.00253,14.59001]]],[[[121.00206,14.59037],[121.00207,14.5891],[121.0017,14.5891],[121.00122,14.59108],[121.00252,14.59145],[121.00206,14.59037]]],[[[121.00392,14.59011],[121.00374,14.58993],[121.00392,14.58993],[121.00392,14.59011]]],[[[121.00708,14.59005],[121.00689,14.58959],[121.00717,14.58978],[121.00708,14.59005]]],[[[121.00745,14.58978],[121.00736,14.5896],[121.00745,14.5896],[121.00745,14.58978]]],[[[121.00439,14.58966],[121.00448,14.58993],[121.00439,14.58993],[121.00439,14.58966]]],[[[121.0056,14.58931],[121.00579,14.58904],[121.00578,14.58931],[121.0056,14.58931]]],[[[121.00151,14.58937],[121.00151,14.58991],[121.00142,14.58991],[121.00105,14.58945],[121.00151,14.58937]]],[[[121.00058,14.58972],[121.0003,14.58999],[121.00012,14.58963],[121.00058,14.58972]]],[[[120.99418,14.58939],[120.99483,14.59012],[120.994,14.58939],[120.99418,14.58939]]],[[[120.99501,14.59021],[120.99511,14.59003],[120.9952,14.59022],[120.99501,14.59021]]],[[[120.99622,14.59032],[120.99696,14.59014],[120.99686,14.5905],[120.99622,14.59032]]],[[[120.99575,14.5904],[120.99556,14.59067],[120.99566,14.59067],[120.99575,14.5904]]],[[[120.99547,14.59049],[120.99566,14.59022],[120.99501,14.59049],[120.99547,14.59049]]],[[[120.99575,14.59094],[120.9964,14.5905],[120.9964,14.59095],[120.99575,14.59094]]],[[[120.99491,14.59076],[120.995,14.59103],[120.9951,14.59085],[120.99491,14.59076]]],[[[120.99491,14.59139],[120.99463,14.59111],[120.99454,14.59148],[120.99491,14.59139]]],[[[120.99667,14.59113],[120.99649,14.59095],[120.99677,14.59095],[120.99667,14.59113]]],[[[120.99899,14.59097],[120.99881,14.59043],[120.99984,14.5898],[121.0002,14.59071],[120.99899,14.59097]]],[[[120.99668,14.58987],[120.99687,14.58996],[120.99668,14.58996],[120.99668,14.58987]]],[[[120.99705,14.59014],[120.99714,14.59032],[120.99705,14.59032],[120.99705,14.59014]]],[[[120.99408,14.59102],[120.99435,14.59111],[120.99408,14.59111],[120.99408,14.59102]]],[[[121.00864,14.59105],[121.00855,14.59078],[121.00874,14.59087],[121.00864,14.59105]]],[[[121.00568,14.59058],[121.00521,14.59075],[121.00503,14.59048],[121.00568,14.59058]]],[[[121.00781,14.5906],[121.00772,14.5905],[121.00781,14.5905],[121.00781,14.5906]]],[[[121.00484,14.59057],[121.00466,14.59093],[121.00494,14.59075],[121.00484,14.59057]]],[[[121.00419,14.59056],[121.00457,14.5903],[121.0042,14.5902],[121.00419,14.59056]]],[[[121.00651,14.59095],[121.00633,14.59085],[121.00651,14.59086],[121.00651,14.59095]]],[[[120.99607,14.58598],[120.99598,14.58589],[120.99607,14.58589],[120.99607,14.58598]]],[[[120.99691,14.58571],[120.99672,14.58544],[120.99691,14.58553],[120.99691,14.58571]]],[[[121.00041,14.58809],[121.00116,14.58738],[121.00181,14.58747],[121.00087,14.58837],[121.00105,14.58891],[121.00041,14.58809]]],[[[121.00514,14.58858],[121.00505,14.5884],[121.00514,14.5884],[121.00514,14.58858]]],[[[121.00551,14.58832],[121.00542,14.58823],[121.00551,14.58823],[121.00551,14.58832]]],[[[121.00487,14.58822],[121.00477,14.58813],[121.00487,14.58813],[121.00487,14.58822]]],[[[121.00644,14.58814],[121.00617,14.58787],[121.00645,14.58787],[121.00644,14.58814]]],[[[121.00515,14.58795],[121.00533,14.58813],[121.00514,14.58813],[121.00515,14.58795]]],[[[121.00199,14.58756],[121.0019,14.58747],[121.002,14.58747],[121.00199,14.58756]]],[[[121.00441,14.5874],[121.00432,14.58731],[121.00441,14.58731],[121.00441,14.5874]]],[[[121.00136,14.58548],[121.001,14.58521],[121.00137,14.5853],[121.00136,14.58548]]],[[[121.0022,14.58531],[121.00202,14.58494],[121.0022,14.58485],[121.0022,14.58531]]],[[[121.00417,14.59309],[121.00426,14.59319],[121.00417,14.59318],[121.00417,14.59309]]],[[[121.00342,14.59372],[121.00351,14.59399],[121.00342,14.59399],[121.00342,14.59372]]],[[[121.00435,14.59436],[121.00425,14.59463],[121.00416,14.59445],[121.00435,14.59436]]],[[[121.01083,14.59613],[121.01064,14.59604],[121.01064,14.59613],[121.01083,14.59613]]],[[[120.9803,14.59605],[120.9802,14.59614],[120.9803,14.59614],[120.9803,14.59605]]],[[[120.98039,14.59614],[120.98058,14.59569],[120.98021,14.5956],[120.98039,14.59614]]],[[[120.99245,14.59616],[120.9919,14.5957],[120.99162,14.59615],[120.99245,14.59616]]],[[[121.0034,14.59607],[121.00331,14.59616],[121.0034,14.59616],[121.0034,14.59607]]],[[[121.00748,14.5962],[121.00739,14.5961],[121.00739,14.59619],[121.00748,14.5962]]],[[[121.01064,14.59622],[121.01036,14.59613],[121.01036,14.59622],[121.01064,14.59622]]],[[[121.00136,14.59623],[121.00127,14.59614],[121.00127,14.59623],[121.00136,14.59623]]],[[[121.00359,14.59616],[121.0034,14.59625],[121.00359,14.59625],[121.00359,14.59616]]],[[[121.00711,14.59619],[121.0073,14.59628],[121.0073,14.59619],[121.00711,14.59619]]],[[[121.01036,14.59631],[121.01018,14.59622],[121.01017,14.59631],[121.01036,14.59631]]],[[[121.00108,14.59623],[121.00117,14.59632],[121.00117,14.59623],[121.00108,14.59623]]],[[[121.00145,14.59632],[121.00192,14.59624],[121.00145,14.59623],[121.00145,14.59632]]],[[[120.98262,14.59589],[120.9829,14.59562],[120.98253,14.59562],[120.98243,14.59589],[120.98317,14.59635],[120.98262,14.59589]]],[[[121.00711,14.59637],[121.00693,14.59628],[121.00693,14.59637],[121.00711,14.59637]]],[[[121.01017,14.5964],[121.01008,14.59631],[121.01008,14.5964],[121.01017,14.5964]]],[[[120.9893,14.59622],[120.98902,14.5964],[120.98929,14.5964],[120.9893,14.59622]]],[[[121.00387,14.59625],[121.00377,14.59643],[121.00396,14.59644],[121.00387,14.59625]]],[[[121.00693,14.59646],[121.00674,14.59637],[121.00674,14.59646],[121.00693,14.59646]]],[[[121.0098,14.5964],[121.00999,14.59649],[121.00999,14.5964],[121.0098,14.5964]]],[[[121.00414,14.59644],[121.00396,14.59653],[121.00414,14.59653],[121.00414,14.59644]]],[[[121.00581,14.59645],[121.006,14.59654],[121.006,14.59645],[121.00581,14.59645]]],[[[121.00665,14.59655],[121.00655,14.59646],[121.00655,14.59655],[121.00665,14.59655]]],[[[120.98837,14.59657],[120.98874,14.59631],[120.98827,14.59639],[120.98837,14.59657]]],[[[121.0098,14.59658],[121.00971,14.59649],[121.00971,14.59658],[121.0098,14.59658]]],[[[121.00423,14.59662],[121.00451,14.59653],[121.00423,14.59653],[121.00423,14.59662]]],[[[121.00581,14.59663],[121.00563,14.59654],[121.00562,14.59663],[121.00581,14.59663]]],[[[121.00637,14.59655],[121.006,14.59663],[121.00637,14.59664],[121.00637,14.59655]]],[[[121.00952,14.59657],[121.00961,14.59667],[121.00962,14.59657],[121.00952,14.59657]]],[[[120.99273,14.59607],[120.99393,14.59653],[120.99357,14.59599],[120.99273,14.59607]]],[[[120.99403,14.59662],[120.9943,14.59662],[120.99431,14.59635],[120.99403,14.59662]]],[[[121.00562,14.59672],[121.00451,14.59662],[121.00451,14.59671],[121.00562,14.59672]]],[[[121.00952,14.59675],[121.00924,14.59666],[121.00924,14.59675],[121.00952,14.59675]]],[[[121.00182,14.59669],[121.00191,14.59678],[121.00191,14.59669],[121.00182,14.59669]]],[[[121.00192,14.59633],[121.0021,14.59669],[121.00238,14.59678],[121.00238,14.59669],[121.00192,14.59633]]],[[[121.00924,14.59684],[121.00915,14.59675],[121.00915,14.59684],[121.00924,14.59684]]],[[[121.00182,14.59687],[121.00173,14.59678],[121.00173,14.59687],[121.00182,14.59687]]],[[[121.00247,14.59678],[121.00237,14.59687],[121.00247,14.59688],[121.00247,14.59678]]],[[[121.00896,14.59684],[121.00906,14.59693],[121.00906,14.59684],[121.00896,14.59684]]],[[[121.00005,14.59694],[120.99987,14.59685],[120.99987,14.59694],[121.00005,14.59694]]],[[[120.99189,14.59697],[120.9917,14.59678],[120.9917,14.59696],[120.99189,14.59697]]],[[[121.00256,14.59697],[121.00265,14.59688],[121.00256,14.59688],[121.00256,14.59697]]],[[[121.00896,14.59702],[121.00878,14.59693],[121.00878,14.59702],[121.00896,14.59702]]],[[[120.99235,14.59697],[120.99263,14.59679],[120.99235,14.5967],[120.99235,14.59697]]],[[[120.993,14.59707],[120.99328,14.5968],[120.99328,14.59671],[120.99273,14.5967],[120.993,14.59707]]],[[[121.00878,14.59711],[121.00859,14.59702],[121.00859,14.59711],[121.00878,14.59711]]],[[[121.00284,14.59697],[121.00274,14.59715],[121.00293,14.59715],[121.00284,14.59697]]],[[[120.98548,14.59718],[120.98539,14.597],[120.9853,14.59718],[120.98548,14.59718]]],[[[120.98576,14.59718],[120.98567,14.59709],[120.98567,14.59718],[120.98576,14.59718]]],[[[121.00813,14.5971],[121.0085,14.5972],[121.0085,14.59711],[121.00813,14.5971]]],[[[120.98817,14.5972],[120.98808,14.59711],[120.98808,14.5972],[120.98817,14.5972]]],[[[120.99031,14.59722],[120.98994,14.59659],[120.99115,14.59678],[120.99124,14.59642],[120.98976,14.59577],[120.99013,14.59641],[120.98892,14.59658],[120.98892,14.59703],[120.98957,14.59722],[120.98976,14.59677],[120.98975,14.59722],[120.99031,14.59722]]],[[[120.99069,14.5965],[120.99059,14.59641],[120.99069,14.59641],[120.99069,14.5965]]],[[[121.00812,14.59729],[121.00794,14.59719],[121.00794,14.59728],[121.00812,14.59729]]],[[[120.96646,14.5972],[120.96637,14.59711],[120.96637,14.59729],[120.96646,14.5972]]],[[[120.96674,14.5972],[120.96665,14.59729],[120.96674,14.59729],[120.96674,14.5972]]],[[[121.00339,14.59734],[121.00349,14.59725],[121.00339,14.59724],[121.00339,14.59734]]],[[[121.00766,14.59737],[121.00747,14.59728],[121.00747,14.59737],[121.00766,14.59737]]],[[[121.00785,14.59737],[121.00775,14.59728],[121.00775,14.59737],[121.00785,14.59737]]],[[[121.00376,14.59734],[121.00348,14.59743],[121.00376,14.59743],[121.00376,14.59734]]],[[[120.99439,14.59717],[120.99458,14.59735],[120.99458,14.59717],[120.99439,14.59717]]],[[[120.96683,14.59729],[120.96674,14.59747],[120.96683,14.59747],[120.96683,14.59729]]],[[[120.98993,14.59749],[120.98984,14.5974],[120.98984,14.59749],[120.98993,14.59749]]],[[[120.96971,14.5975],[120.96989,14.59723],[120.96962,14.59722],[120.96971,14.5975]]],[[[121.00385,14.59752],[121.00395,14.59743],[121.00385,14.59743],[121.00385,14.59752]]],[[[121.0071,14.59737],[121.00719,14.59755],[121.00729,14.59737],[121.0071,14.59737]]],[[[120.98873,14.59757],[120.98864,14.59748],[120.98863,14.59757],[120.98873,14.59757]]],[[[120.98186,14.5976],[120.98177,14.59742],[120.98177,14.5976],[120.98186,14.5976]]],[[[121.0033,14.59715],[121.00247,14.59715],[121.00246,14.59742],[121.00302,14.5976],[121.0033,14.59715]]],[[[121.00413,14.59752],[121.00395,14.59761],[121.00413,14.59761],[121.00413,14.59752]]],[[[121.00459,14.59771],[121.00441,14.59761],[121.00441,14.59771],[121.00459,14.59771]]],[[[120.96674,14.59747],[120.96627,14.59729],[120.96609,14.59765],[120.96646,14.59774],[120.96674,14.59747]]],[[[120.98371,14.5978],[120.98353,14.59753],[120.98353,14.5978],[120.98371,14.5978]]],[[[121.00478,14.5978],[121.00469,14.59771],[121.00469,14.5978],[121.00478,14.5978]]],[[[121.00636,14.59781],[121.00626,14.59772],[121.00626,14.59781],[121.00636,14.59781]]],[[[121.0071,14.59782],[121.00645,14.59763],[121.00645,14.59772],[121.0071,14.59782]]],[[[120.98937,14.59785],[120.98956,14.59758],[120.98928,14.59767],[120.98937,14.59785]]],[[[120.99448,14.59789],[120.99411,14.59744],[120.99401,14.59789],[120.99448,14.59789]]],[[[121.00608,14.59781],[121.00496,14.59789],[121.00608,14.5979],[121.00608,14.59781]]],[[[120.99058,14.59795],[120.9904,14.59777],[120.99039,14.59795],[120.99058,14.59795]]],[[[120.98297,14.59797],[120.98279,14.59779],[120.98269,14.59797],[120.98297,14.59797]]],[[[120.98557,14.598],[120.98594,14.59782],[120.98567,14.59754],[120.98557,14.598]]],[[[120.98371,14.59798],[120.98427,14.59826],[120.98427,14.5978],[120.98371,14.59798]]],[[[120.99485,14.59835],[120.99466,14.59825],[120.99466,14.59834],[120.99485,14.59835]]],[[[120.98557,14.59836],[120.98547,14.59827],[120.98547,14.59836],[120.98557,14.59836]]],[[[120.98686,14.59846],[120.9865,14.59791],[120.98631,14.59827],[120.98686,14.59846]]],[[[120.98936,14.59893],[120.98927,14.59884],[120.98927,14.59893],[120.98936,14.59893]]],[[[120.98668,14.59873],[120.98686,14.59882],[120.98686,14.59864],[120.98668,14.59873]]],[[[120.9928,14.59923],[120.99271,14.59887],[120.99261,14.59923],[120.9928,14.59923]]],[[[121.00235,14.59949],[121.00226,14.5994],[121.00226,14.59949],[121.00235,14.59949]]],[[[120.98602,14.59963],[120.98583,14.59953],[120.98583,14.59962],[120.98602,14.59963]]],[[[120.98843,14.59965],[120.98834,14.59946],[120.98834,14.59965],[120.98843,14.59965]]],[[[120.98509,14.59989],[120.9849,14.59971],[120.9849,14.59989],[120.98509,14.59989]]],[[[120.98722,14.59982],[120.98704,14.59991],[120.98722,14.6],[120.98722,14.59982]]],[[[121.00281,14.60004],[121.00272,14.59995],[121.00272,14.60004],[121.00281,14.60004]]],[[[121.00318,14.60013],[121.00309,14.60004],[121.00309,14.60013],[121.00318,14.60013]]],[[[120.98703,14.60054],[120.98685,14.59963],[120.98815,14.59992],[120.98825,14.59919],[120.98769,14.59892],[120.98881,14.5992],[120.98946,14.59848],[120.98863,14.59838],[120.98863,14.59766],[120.98808,14.59747],[120.98779,14.5981],[120.98826,14.59802],[120.98826,14.59847],[120.98724,14.59819],[120.9876,14.59892],[120.98629,14.59981],[120.98703,14.60054]]],[[[120.9876,14.59928],[120.98751,14.59919],[120.9876,14.59919],[120.9876,14.59928]]],[[[120.98796,14.60055],[120.98768,14.60027],[120.98768,14.60054],[120.98796,14.60055]]],[[[120.99195,14.60067],[120.99186,14.60058],[120.99185,14.60067],[120.99195,14.60067]]],[[[120.96216,14.60068],[120.96225,14.60077],[120.96225,14.60068],[120.96216,14.60068]]],[[[120.98759,14.60072],[120.98731,14.6009],[120.98758,14.6009],[120.98759,14.60072]]],[[[120.98573,14.60071],[120.98536,14.60098],[120.98582,14.60098],[120.98573,14.60071]]],[[[120.98721,14.60108],[120.98712,14.60099],[120.98712,14.60108],[120.98721,14.60108]]],[[[120.96216,14.60095],[120.96188,14.60095],[120.96188,14.60113],[120.96216,14.60095]]],[[[120.98814,14.60064],[120.98795,14.60109],[120.98814,14.60118],[120.98814,14.60064]]],[[[120.98266,14.60104],[120.98248,14.60113],[120.98266,14.60122],[120.98266,14.60104]]],[[[120.99176,14.6013],[120.99166,14.60121],[120.99166,14.6013],[120.99176,14.6013]]],[[[120.96188,14.60131],[120.96178,14.60113],[120.96178,14.60131],[120.96188,14.60131]]],[[[120.98535,14.60134],[120.98517,14.60115],[120.98507,14.60133],[120.98535,14.60134]]],[[[120.96178,14.6014],[120.96169,14.60131],[120.96169,14.6014],[120.96178,14.6014]]],[[[120.96169,14.60158],[120.9615,14.6014],[120.9615,14.60149],[120.96169,14.60158]]],[[[121.00363,14.60149],[121.00335,14.60158],[121.00363,14.60158],[121.00363,14.60149]]],[[[120.97394,14.60169],[120.97375,14.60151],[120.97375,14.60169],[120.97394,14.60169]]],[[[120.98758,14.60172],[120.98804,14.60145],[120.98749,14.60108],[120.98758,14.60172]]],[[[120.96141,14.60194],[120.96131,14.60185],[120.96131,14.60194],[120.96141,14.60194]]],[[[120.98646,14.60198],[120.98702,14.60126],[120.98601,14.60089],[120.98638,14.60116],[120.98646,14.60198]]],[[[121.00186,14.60202],[121.00177,14.60184],[121.00177,14.60202],[121.00186,14.60202]]],[[[120.98303,14.60204],[120.98312,14.60159],[120.98275,14.60159],[120.98266,14.60186],[120.98303,14.60204]]],[[[120.98349,14.60204],[120.98331,14.60186],[120.9833,14.60204],[120.98349,14.60204]]],[[[120.98423,14.60187],[120.98451,14.60196],[120.98451,14.60178],[120.98423,14.60187]]],[[[120.97402,14.60205],[120.97393,14.60187],[120.97393,14.60205],[120.97402,14.60205]]],[[[120.98386,14.60232],[120.98415,14.60142],[120.98378,14.60123],[120.98386,14.60232]]],[[[120.97737,14.60208],[120.97783,14.60199],[120.97774,14.60181],[120.97737,14.60208]]],[[[120.98534,14.60242],[120.98525,14.60233],[120.98525,14.60242],[120.98534,14.60242]]],[[[121.00213,14.60302],[121.00279,14.60212],[121.0027,14.60185],[121.00205,14.60247],[121.00213,14.60302]]],[[[120.98534,14.60314],[120.98515,14.60287],[120.98506,14.60314],[120.98534,14.60314]]],[[[120.98107,14.60302],[120.98144,14.6032],[120.98144,14.60302],[120.98107,14.60302]]],[[[120.98459,14.60341],[120.98497,14.60305],[120.98469,14.60287],[120.98459,14.60341]]],[[[121.00213,14.60329],[121.00194,14.60347],[121.00213,14.60356],[121.00213,14.60329]]],[[[120.95211,14.60358],[120.95193,14.60349],[120.95193,14.60358],[120.95211,14.60358]]],[[[120.9523,14.6034],[120.95239,14.60358],[120.95239,14.6034],[120.9523,14.6034]]],[[[120.95248,14.60349],[120.95276,14.60358],[120.95276,14.60349],[120.95248,14.60349]]],[[[120.9523,14.60367],[120.9522,14.60358],[120.9522,14.60367],[120.9523,14.60367]]],[[[120.95248,14.60367],[120.95239,14.60358],[120.95239,14.60367],[120.95248,14.60367]]],[[[120.97967,14.60373],[120.97958,14.60364],[120.97958,14.60373],[120.97967,14.60373]]],[[[120.95285,14.60376],[120.95276,14.60367],[120.95276,14.60376],[120.95285,14.60376]]],[[[120.95202,14.60385],[120.95192,14.60376],[120.95192,14.60385],[120.95202,14.60385]]],[[[120.95229,14.60385],[120.9522,14.60376],[120.9522,14.60385],[120.95229,14.60385]]],[[[120.95239,14.60394],[120.95257,14.60403],[120.95257,14.60394],[120.95239,14.60394]]],[[[120.95276,14.60404],[120.95266,14.60394],[120.95266,14.60403],[120.95276,14.60404]]],[[[120.98561,14.6036],[120.98598,14.60342],[120.98599,14.60315],[120.98534,14.60323],[120.98588,14.60405],[120.98561,14.6036]]],[[[120.95238,14.60412],[120.95229,14.60403],[120.95229,14.60412],[120.95238,14.60412]]],[[[120.98589,14.60369],[120.98663,14.60397],[120.98682,14.60361],[120.98589,14.60369]]],[[[120.95266,14.60422],[120.95285,14.60413],[120.95266,14.60412],[120.95266,14.60422]]],[[[120.95229,14.6043],[120.9522,14.60421],[120.9522,14.6043],[120.95229,14.6043]]],[[[120.95294,14.60422],[120.95285,14.6044],[120.95294,14.6044],[120.95294,14.60422]]],[[[120.95238,14.60448],[120.9522,14.60439],[120.9522,14.60448],[120.95238,14.60448]]],[[[120.95266,14.60431],[120.95247,14.60439],[120.95266,14.60449],[120.95266,14.60431]]],[[[120.9869,14.60451],[120.98764,14.60443],[120.98755,14.60407],[120.98663,14.60406],[120.9869,14.60451]]],[[[120.98273,14.60393],[120.9831,14.6043],[120.98301,14.60385],[120.98273,14.60393]]],[[[120.98337,14.60466],[120.98319,14.60457],[120.98319,14.60466],[120.98337,14.60466]]],[[[120.98161,14.60474],[120.98161,14.6042],[120.98087,14.60401],[120.98115,14.60464],[120.98161,14.60474]]],[[[120.98309,14.60493],[120.98291,14.60484],[120.98291,14.60493],[120.98309,14.60493]]],[[[120.97864,14.6048],[120.97836,14.60489],[120.97864,14.60498],[120.97864,14.6048]]],[[[120.988,14.60561],[120.98773,14.60533],[120.98763,14.6056],[120.988,14.60561]]],[[[120.98281,14.60574],[120.98272,14.6052],[120.98207,14.60537],[120.98216,14.60565],[120.98281,14.60574]]],[[[120.98457,14.60594],[120.98476,14.60576],[120.98457,14.60576],[120.98457,14.60594]]],[[[120.98754,14.60578],[120.98735,14.60587],[120.98754,14.60596],[120.98754,14.60578]]],[[[120.98178,14.60601],[120.98197,14.60546],[120.9816,14.60537],[120.98132,14.60582],[120.98178,14.60601]]],[[[120.98549,14.60631],[120.9854,14.60622],[120.9854,14.60631],[120.98549,14.60631]]],[[[120.98252,14.60646],[120.98271,14.60619],[120.98281,14.60592],[120.98225,14.6061],[120.98252,14.60646]]],[[[120.98336,14.60647],[120.98317,14.60629],[120.98317,14.60647],[120.98336,14.60647]]],[[[120.98864,14.6067],[120.98874,14.60661],[120.98865,14.60661],[120.98864,14.6067]]],[[[120.98837,14.60669],[120.98847,14.60588],[120.98763,14.60587],[120.98772,14.6066],[120.98837,14.60669]]],[[[120.98651,14.60659],[120.98755,14.60479],[120.98588,14.60432],[120.98542,14.60468],[120.9845,14.60341],[120.98366,14.60385],[120.98393,14.60485],[120.98448,14.60494],[120.98503,14.60612],[120.98438,14.6063],[120.98457,14.6054],[120.98402,14.60539],[120.98345,14.60629],[120.98419,14.60621],[120.9841,14.60675],[120.98475,14.60684],[120.98559,14.60595],[120.98595,14.60676],[120.98651,14.60659]]],[[[120.9855,14.60568],[120.98569,14.60541],[120.98568,14.60568],[120.9855,14.60568]]],[[[120.98541,14.60522],[120.9856,14.60486],[120.9856,14.60522],[120.98541,14.60522]]],[[[120.9843,14.60476],[120.98412,14.60467],[120.9843,14.60458],[120.9843,14.60476]]],[[[120.98994,14.60662],[120.98967,14.60671],[120.98994,14.60689],[120.98994,14.60662]]],[[[120.9814,14.607],[120.98122,14.60672],[120.98122,14.60699],[120.9814,14.607]]],[[[120.98344,14.60701],[120.98335,14.60683],[120.98335,14.60701],[120.98344,14.60701]]],[[[120.98595,14.60704],[120.98586,14.60685],[120.98576,14.60703],[120.98595,14.60704]]],[[[120.98679,14.60677],[120.98651,14.60677],[120.98623,14.60704],[120.98679,14.60677]]],[[[120.94818,14.60716],[120.94818,14.6071],[120.94814,14.60716],[120.94818,14.60716]]],[[[120.94837,14.60716],[120.94827,14.60707],[120.94827,14.60716],[120.94837,14.60716]]],[[[120.94855,14.60716],[120.94846,14.60707],[120.94846,14.60716],[120.94855,14.60716]]],[[[120.98196,14.60718],[120.98187,14.607],[120.98187,14.60718],[120.98196,14.60718]]],[[[120.98623,14.60731],[120.98604,14.60722],[120.98604,14.60731],[120.98623,14.60731]]],[[[120.98567,14.60739],[120.98558,14.60721],[120.98548,14.60739],[120.98567,14.60739]]],[[[120.98344,14.60747],[120.98316,14.60719],[120.98316,14.60737],[120.98344,14.60747]]],[[[120.98585,14.60758],[120.98567,14.60748],[120.98567,14.60757],[120.98585,14.60758]]],[[[120.98855,14.60742],[120.98827,14.60751],[120.98854,14.6076],[120.98855,14.60742]]],[[[120.98158,14.60763],[120.98149,14.60754],[120.98149,14.60763],[120.98158,14.60763]]],[[[120.99913,14.60643],[120.99858,14.6066],[120.99838,14.60768],[120.99913,14.60733],[120.99913,14.60643]]],[[[120.99949,14.60769],[120.99931,14.60742],[120.99931,14.60769],[120.99949,14.60769]]],[[[120.94864,14.6077],[120.94855,14.60725],[120.94855,14.6077],[120.94864,14.6077]]],[[[120.98437,14.60783],[120.98418,14.60765],[120.98418,14.60783],[120.98437,14.60783]]],[[[120.94845,14.60788],[120.94854,14.60797],[120.94854,14.60788],[120.94845,14.60788]]],[[[120.99003,14.6077],[120.99021,14.60798],[120.99021,14.60779],[120.99003,14.6077]]],[[[120.94845,14.60806],[120.94836,14.60797],[120.94836,14.60806],[120.94845,14.60806]]],[[[120.98613,14.60821],[120.9865,14.60794],[120.98613,14.60803],[120.98613,14.60821]]],[[[120.94817,14.60824],[120.94808,14.60815],[120.94808,14.60824],[120.94817,14.60824]]],[[[120.94836,14.60824],[120.94826,14.60815],[120.94826,14.60824],[120.94836,14.60824]]],[[[120.98343,14.60819],[120.98353,14.60828],[120.98353,14.60819],[120.98343,14.60819]]],[[[120.99884,14.60805],[120.99902,14.60823],[120.99903,14.60805],[120.99884,14.60805]]],[[[120.98334,14.60846],[120.98316,14.60828],[120.98315,14.60837],[120.98334,14.60846]]],[[[120.98734,14.60777],[120.98707,14.60677],[120.98632,14.60731],[120.98705,14.60849],[120.98779,14.60832],[120.9878,14.60768],[120.98734,14.60777]]],[[[120.98678,14.6074],[120.98669,14.60731],[120.98678,14.60731],[120.98678,14.6074]]],[[[120.98501,14.60856],[120.98529,14.6082],[120.98501,14.60811],[120.98501,14.60856]]],[[[120.98733,14.60867],[120.98724,14.60858],[120.98723,14.60867],[120.98733,14.60867]]],[[[120.99011,14.60843],[120.98938,14.60752],[120.98976,14.60698],[120.9893,14.60652],[120.98874,14.6067],[120.98845,14.60814],[120.98955,14.60869],[120.99011,14.60843]]],[[[120.98928,14.60815],[120.98901,14.60787],[120.98928,14.60788],[120.98928,14.60815]]],[[[120.98947,14.60788],[120.98929,14.6077],[120.98956,14.6077],[120.98947,14.60788]]],[[[120.99865,14.60859],[120.99828,14.60877],[120.99865,14.60886],[120.99865,14.60859]]],[[[120.99883,14.60913],[120.99865,14.60895],[120.99864,14.60913],[120.99883,14.60913]]],[[[120.98881,14.60914],[120.98788,14.60886],[120.98881,14.60923],[120.98881,14.60914]]],[[[120.97999,14.60951],[120.9799,14.60942],[120.9799,14.60951],[120.97999,14.60951]]],[[[120.98351,14.60954],[120.98333,14.60927],[120.98324,14.60954],[120.98351,14.60954]]],[[[120.94927,14.60952],[120.94936,14.60961],[120.94936,14.60952],[120.94927,14.60952]]],[[[120.94955,14.60961],[120.94946,14.60952],[120.94946,14.60961],[120.94955,14.60961]]],[[[120.9489,14.60915],[120.94863,14.60906],[120.94862,14.60933],[120.94918,14.60979],[120.9489,14.60915]]],[[[120.94946,14.6097],[120.94955,14.60979],[120.94955,14.6097],[120.94946,14.6097]]],[[[120.94945,14.60988],[120.94936,14.60979],[120.94936,14.60988],[120.94945,14.60988]]],[[[120.94936,14.60997],[120.94927,14.60988],[120.94927,14.60997],[120.94936,14.60997]]],[[[120.94927,14.61015],[120.94908,14.60988],[120.94908,14.61006],[120.94927,14.61015]]],[[[120.98407,14.61],[120.98425,14.61009],[120.98425,14.61],[120.98407,14.61]]],[[[120.97368,14.60973],[120.97404,14.61028],[120.97395,14.60973],[120.97368,14.60973]]],[[[120.98434,14.61046],[120.98462,14.61019],[120.98425,14.61018],[120.98434,14.61046]]],[[[120.9978,14.61039],[120.99798,14.61048],[120.99798,14.6103],[120.9978,14.61039]]],[[[120.98462,14.61037],[120.98499,14.61064],[120.98509,14.61028],[120.9849,14.61019],[120.98462,14.61037]]],[[[120.98555,14.61065],[120.98536,14.61055],[120.98536,14.61064],[120.98555,14.61065]]],[[[120.98332,14.61081],[120.98379,14.61027],[120.98332,14.61027],[120.98332,14.61081]]],[[[120.98007,14.61096],[120.9797,14.6106],[120.97961,14.61078],[120.98007,14.61096]]],[[[120.97283,14.6109],[120.97329,14.61108],[120.97339,14.61081],[120.97283,14.6109]]],[[[120.98526,14.61101],[120.98545,14.6111],[120.98545,14.61101],[120.98526,14.61101]]],[[[120.98304,14.61126],[120.98322,14.61117],[120.98304,14.61108],[120.98304,14.61126]]],[[[120.98053,14.61142],[120.98081,14.61106],[120.98053,14.61105],[120.98053,14.61142]]],[[[120.97404,14.611],[120.97375,14.61127],[120.97412,14.61145],[120.97404,14.611]]],[[[120.97997,14.6115],[120.97979,14.61132],[120.97978,14.6115],[120.97997,14.6115]]],[[[120.98303,14.61162],[120.98266,14.61134],[120.98266,14.61162],[120.98303,14.61162]]],[[[120.98145,14.61197],[120.98127,14.61178],[120.98127,14.61196],[120.98145,14.61197]]],[[[120.98321,14.61198],[120.98312,14.6118],[120.98312,14.61198],[120.98321,14.61198]]],[[[120.98173,14.61206],[120.98164,14.61188],[120.98164,14.61206],[120.98173,14.61206]]],[[[120.99788,14.61184],[120.9976,14.61202],[120.99788,14.61211],[120.99788,14.61184]]],[[[120.97792,14.61212],[120.97765,14.61184],[120.97727,14.61202],[120.97792,14.61212]]],[[[120.9602,14.61223],[120.96048,14.61187],[120.96048,14.61142],[120.9602,14.61223]]],[[[120.99703,14.613],[120.99685,14.61291],[120.99685,14.613],[120.99703,14.613]]],[[[120.98125,14.61314],[120.98145,14.61233],[120.98061,14.61223],[120.98042,14.61304],[120.98125,14.61314]]],[[[120.99619,14.61345],[120.9961,14.61336],[120.9961,14.61345],[120.99619,14.61345]]],[[[120.98004,14.61367],[120.97995,14.61358],[120.97995,14.61367],[120.98004,14.61367]]],[[[120.99489,14.61416],[120.9948,14.61407],[120.99479,14.61416],[120.99489,14.61416]]],[[[120.98078,14.61422],[120.98125,14.61395],[120.98107,14.61341],[120.98023,14.61358],[120.98078,14.61422]]],[[[120.99507,14.61434],[120.99498,14.61425],[120.99498,14.61434],[120.99507,14.61434]]],[[[120.97604,14.6149],[120.97558,14.61499],[120.97604,14.61508],[120.97604,14.6149]]],[[[120.99469,14.61515],[120.9946,14.61488],[120.9946,14.61515],[120.99469,14.61515]]],[[[120.99525,14.61498],[120.99544,14.61516],[120.99562,14.61489],[120.99525,14.61498]]],[[[120.99515,14.61543],[120.99497,14.61525],[120.99497,14.61552],[120.99515,14.61543]]],[[[120.99338,14.61704],[120.99319,14.61686],[120.99319,14.61704],[120.99338,14.61704]]],[[[120.9944,14.61705],[120.99421,14.61714],[120.9944,14.61714],[120.9944,14.61705]]],[[[120.99253,14.61821],[120.99244,14.61812],[120.99244,14.61821],[120.99253,14.61821]]],[[[120.9568,14.61871],[120.9567,14.61862],[120.9567,14.61871],[120.9568,14.61871]]],[[[120.95698,14.61871],[120.95689,14.61862],[120.95689,14.61871],[120.95698,14.61871]]],[[[120.9916,14.61856],[120.99179,14.61829],[120.99235,14.61811],[120.9916,14.61811],[120.9916,14.61856]]],[[[120.95707,14.61898],[120.95698,14.6188],[120.95698,14.61898],[120.95707,14.61898]]],[[[120.9567,14.61916],[120.95661,14.6188],[120.95661,14.61916],[120.9567,14.61916]]],[[[120.95689,14.61907],[120.95698,14.61916],[120.95698,14.61907],[120.95689,14.61907]]],[[[120.95688,14.61925],[120.95679,14.61916],[120.95679,14.61925],[120.95688,14.61925]]],[[[120.97432,14.6204],[120.97553,14.61978],[120.97265,14.61993],[120.97414,14.62013],[120.97432,14.6204]]],[[[120.9746,14.6204],[120.97451,14.62031],[120.97451,14.6204],[120.9746,14.6204]]],[[[120.97543,14.62041],[120.97525,14.62032],[120.97525,14.62041],[120.97543,14.62041]]],[[[120.96921,14.62081],[120.96894,14.62053],[120.96893,14.6208],[120.96921,14.62081]]],[[[120.97469,14.62094],[120.9745,14.62076],[120.9745,14.62094],[120.97469,14.62094]]],[[[120.96717,14.6207],[120.96689,14.62097],[120.96726,14.62097],[120.96717,14.6207]]],[[[120.97571,14.62104],[120.97562,14.62068],[120.97543,14.62095],[120.97571,14.62104]]],[[[120.97589,14.62141],[120.9758,14.62122],[120.9758,14.62141],[120.97589,14.62141]]],[[[120.96846,14.62161],[120.96847,14.6208],[120.96763,14.62088],[120.96772,14.62143],[120.96846,14.62161]]],[[[120.97552,14.62167],[120.97533,14.62176],[120.97551,14.62186],[120.97552,14.62167]]],[[[120.97783,14.62242],[120.97756,14.62151],[120.97728,14.62151],[120.97718,14.62214],[120.97783,14.62242]]],[[[120.97903,14.62261],[120.97941,14.62234],[120.97904,14.62225],[120.97903,14.62261]]],[[[120.97764,14.62278],[120.97746,14.62269],[120.97745,14.62278],[120.97764,14.62278]]],[[[120.98516,14.62257],[120.98534,14.62284],[120.98544,14.62257],[120.98516,14.62257]]],[[[120.97569,14.62276],[120.9756,14.62285],[120.97597,14.62285],[120.97569,14.62276]]],[[[120.97792,14.62278],[120.97773,14.62287],[120.97792,14.62296],[120.97792,14.62278]]],[[[120.9794,14.62315],[120.97922,14.62306],[120.97921,14.62315],[120.9794,14.62315]]],[[[120.97494,14.62339],[120.97485,14.6233],[120.97485,14.62339],[120.97494,14.62339]]],[[[120.97819,14.62405],[120.97791,14.62377],[120.97781,14.62404],[120.97819,14.62405]]],[[[120.97493,14.62429],[120.97484,14.6242],[120.97484,14.62429],[120.97493,14.62429]]],[[[120.97716,14.62431],[120.97744,14.62404],[120.97707,14.62395],[120.97716,14.62431]]],[[[120.97512,14.62447],[120.97503,14.62438],[120.97503,14.62447],[120.97512,14.62447]]],[[[120.95517,14.62439],[120.95489,14.62448],[120.95517,14.62448],[120.95517,14.62439]]],[[[120.95563,14.62448],[120.95554,14.62439],[120.95554,14.62448],[120.95563,14.62448]]],[[[120.97818,14.6245],[120.97809,14.62441],[120.97809,14.6245],[120.97818,14.6245]]],[[[120.9547,14.62456],[120.95461,14.62447],[120.95461,14.62456],[120.9547,14.62456]]],[[[120.95563,14.62466],[120.95554,14.62457],[120.95554,14.62466],[120.95563,14.62466]]],[[[120.9547,14.62475],[120.95479,14.62466],[120.9547,14.62466],[120.9547,14.62475]]],[[[120.95544,14.62475],[120.95535,14.62466],[120.95535,14.62475],[120.95544,14.62475]]],[[[120.97753,14.62476],[120.97744,14.62449],[120.97734,14.62467],[120.97753,14.62476]]],[[[120.96491,14.62484],[120.96481,14.62474],[120.96481,14.62483],[120.96491,14.62484]]],[[[120.95488,14.62475],[120.95479,14.62484],[120.95488,14.62484],[120.95488,14.62475]]],[[[120.98737,14.62485],[120.98765,14.62467],[120.98727,14.62467],[120.98737,14.62485]]],[[[120.96464,14.62375],[120.96509,14.62493],[120.96584,14.62403],[120.96464,14.62375]]],[[[120.96537,14.62448],[120.96538,14.62412],[120.96566,14.62412],[120.96537,14.62448]]],[[[120.96481,14.62501],[120.96472,14.62483],[120.96472,14.62501],[120.96481,14.62501]]],[[[120.965,14.62502],[120.96491,14.62493],[120.96491,14.62502],[120.965,14.62502]]],[[[120.95553,14.62502],[120.95544,14.62484],[120.95544,14.62502],[120.95553,14.62502]]],[[[120.95516,14.62511],[120.95497,14.62502],[120.95497,14.62511],[120.95516,14.62511]]],[[[120.97521,14.62483],[120.97465,14.6251],[120.9752,14.62556],[120.97521,14.62483]]],[[[120.95506,14.62565],[120.95497,14.62556],[120.95497,14.62565],[120.95506,14.62565]]],[[[120.95497,14.62574],[120.95488,14.62565],[120.95488,14.62574],[120.95497,14.62574]]],[[[120.95487,14.62583],[120.95478,14.62574],[120.95478,14.62583],[120.95487,14.62583]]],[[[120.97696,14.62584],[120.97687,14.6253],[120.97641,14.62503],[120.9765,14.62566],[120.97696,14.62584]]],[[[120.96508,14.62592],[120.9649,14.62574],[120.9649,14.62592],[120.96508,14.62592]]],[[[120.97622,14.62602],[120.97603,14.62593],[120.97603,14.62602],[120.97622,14.62602]]],[[[120.95441,14.62637],[120.95422,14.62628],[120.95422,14.62637],[120.95441,14.62637]]],[[[120.95478,14.62628],[120.95469,14.6261],[120.95441,14.62628],[120.95478,14.62628]]],[[[120.97742,14.62639],[120.97761,14.62594],[120.97854,14.62613],[120.97818,14.62459],[120.9778,14.62567],[120.97715,14.62521],[120.97742,14.62639]]],[[[120.95422,14.62646],[120.95413,14.62637],[120.95413,14.62646],[120.95422,14.62646]]],[[[120.97826,14.62649],[120.97807,14.62631],[120.97807,14.62649],[120.97826,14.62649]]],[[[120.95412,14.62673],[120.95403,14.62646],[120.95403,14.62673],[120.95412,14.62673]]],[[[120.95422,14.62673],[120.95412,14.62682],[120.95422,14.62682],[120.95422,14.62673]]],[[[120.97853,14.62667],[120.97825,14.62685],[120.97853,14.62685],[120.97853,14.62667]]],[[[120.96349,14.62699],[120.96425,14.62582],[120.96398,14.62456],[120.96342,14.62473],[120.96295,14.62581],[120.96349,14.62699]]],[[[120.9634,14.62672],[120.96331,14.62645],[120.9635,14.62645],[120.9634,14.62672]]],[[[120.96313,14.62627],[120.96341,14.62573],[120.96379,14.62555],[120.96369,14.62618],[120.96313,14.62627]]],[[[120.96303,14.62726],[120.96294,14.62717],[120.96294,14.62726],[120.96303,14.62726]]],[[[120.97389,14.62735],[120.9737,14.62726],[120.9737,14.62735],[120.97389,14.62735]]],[[[120.9776,14.62684],[120.97806,14.62748],[120.97816,14.62721],[120.9776,14.62684]]],[[[120.95422,14.62682],[120.9543,14.62754],[120.95458,14.62764],[120.95477,14.62682],[120.95422,14.62682]]],[[[120.9556,14.62765],[120.95729,14.62522],[120.95627,14.6253],[120.95608,14.62602],[120.95553,14.62539],[120.95506,14.62547],[120.95598,14.62638],[120.9556,14.62765]]],[[[120.95664,14.62585],[120.95627,14.62593],[120.95618,14.62566],[120.95646,14.62548],[120.95664,14.62585]]],[[[120.95495,14.62773],[120.95477,14.62764],[120.95476,14.62773],[120.95495,14.62773]]],[[[120.97815,14.62784],[120.9776,14.6273],[120.97787,14.62793],[120.97815,14.62784]]],[[[120.97416,14.62826],[120.97407,14.62799],[120.97397,14.62826],[120.97416,14.62826]]],[[[120.9761,14.62837],[120.97592,14.62818],[120.97592,14.62836],[120.9761,14.62837]]],[[[120.97675,14.62846],[120.97666,14.62837],[120.97666,14.62846],[120.97675,14.62846]]],[[[120.9775,14.62847],[120.97796,14.62838],[120.97759,14.6282],[120.9775,14.62847]]],[[[120.97518,14.62836],[120.97573,14.62872],[120.97564,14.62818],[120.97518,14.62836]]],[[[120.95949,14.62894],[120.95995,14.6285],[120.95986,14.62813],[120.95949,14.62894]]],[[[120.97666,14.62891],[120.97703,14.62883],[120.97675,14.62864],[120.97666,14.62891]]],[[[120.9774,14.62892],[120.97712,14.62901],[120.9774,14.6291],[120.9774,14.62892]]],[[[120.9761,14.62873],[120.97591,14.62918],[120.97647,14.62918],[120.97647,14.629],[120.9761,14.62873]]],[[[120.97814,14.62884],[120.97777,14.62892],[120.97776,14.62947],[120.97814,14.62929],[120.97814,14.62884]]],[[[120.97814,14.62884],[120.97906,14.62957],[120.97944,14.62939],[120.97862,14.62703],[120.97814,14.62884]]],[[[120.97889,14.62821],[120.97843,14.62784],[120.97889,14.62785],[120.97889,14.62821]]],[[[120.9787,14.6283],[120.97861,14.62884],[120.97861,14.6283],[120.9787,14.6283]]],[[[120.95967,14.62967],[120.95976,14.62958],[120.95967,14.62958],[120.95967,14.62967]]],[[[120.97897,14.62984],[120.97879,14.62947],[120.97878,14.62975],[120.97897,14.62984]]],[[[120.97377,14.62997],[120.97358,14.62988],[120.97358,14.62997],[120.97377,14.62997]]],[[[120.97405,14.63016],[120.97395,14.62997],[120.97395,14.63016],[120.97405,14.63016]]],[[[120.97646,14.63018],[120.97628,14.6299],[120.97618,14.63008],[120.97646,14.63018]]],[[[120.97386,14.63034],[120.97367,14.63015],[120.97367,14.63033],[120.97386,14.63034]]],[[[120.94398,14.63025],[120.94407,14.63035],[120.94407,14.63025],[120.94398,14.63025]]],[[[120.94435,14.63035],[120.94425,14.63017],[120.94425,14.63035],[120.94435,14.63035]]],[[[120.95976,14.62967],[120.96022,14.63031],[120.96059,14.6304],[120.96041,14.62977],[120.95976,14.62967]]],[[[120.94397,14.63043],[120.94388,14.63034],[120.94388,14.63043],[120.94397,14.63043]]],[[[120.97636,14.63045],[120.97627,14.63036],[120.97627,14.63045],[120.97636,14.63045]]],[[[120.96068,14.6304],[120.96059,14.63049],[120.96068,14.63049],[120.96068,14.6304]]],[[[120.94388,14.63052],[120.94379,14.63043],[120.94379,14.63052],[120.94388,14.63052]]],[[[120.94369,14.63061],[120.94366,14.63052],[120.9436,14.63061],[120.94369,14.63061]]],[[[120.97813,14.62974],[120.97831,14.63064],[120.97868,14.63074],[120.97868,14.63038],[120.97813,14.62974]]],[[[120.97348,14.63069],[120.97367,14.63079],[120.97367,14.63069],[120.97348,14.63069]]],[[[120.94397,14.6308],[120.94388,14.6307],[120.94388,14.6308],[120.94397,14.6308]]],[[[120.97339,14.63096],[120.9733,14.63078],[120.9732,14.63096],[120.97339,14.63096]]],[[[120.94378,14.63088],[120.94388,14.63098],[120.94388,14.63089],[120.94378,14.63088]]],[[[120.94462,14.63098],[120.94453,14.6308],[120.94453,14.63098],[120.94462,14.63098]]],[[[120.94378,14.63107],[120.94369,14.63097],[120.94369,14.63106],[120.94378,14.63107]]],[[[120.94434,14.63107],[120.94425,14.63098],[120.94425,14.63107],[120.94434,14.63107]]],[[[120.94341,14.63124],[120.94322,14.63115],[120.94322,14.63124],[120.94341,14.63124]]],[[[120.94369,14.63125],[120.9436,14.63115],[120.94359,14.63124],[120.94369,14.63125]]],[[[120.97849,14.63128],[120.97886,14.63101],[120.97859,14.63092],[120.97849,14.63128]]],[[[120.9591,14.63102],[120.95929,14.62994],[120.95948,14.62958],[120.95911,14.62966],[120.9591,14.63102]]],[[[120.94396,14.63143],[120.94406,14.63134],[120.94397,14.63134],[120.94396,14.63143]]],[[[120.94452,14.63143],[120.94434,14.63134],[120.94434,14.63143],[120.94452,14.63143]]],[[[120.94573,14.63144],[120.94564,14.63126],[120.94563,14.63144],[120.94573,14.63144]]],[[[120.97793,14.63145],[120.97775,14.63127],[120.97775,14.63145],[120.97793,14.63145]]],[[[120.94285,14.63151],[120.94285,14.63146],[120.94278,14.63151],[120.94285,14.63151]]],[[[120.94415,14.63143],[120.94406,14.63152],[120.94415,14.63152],[120.94415,14.63143]]],[[[120.959,14.63156],[120.95891,14.63138],[120.95891,14.63156],[120.959,14.63156]]],[[[120.94406,14.63161],[120.94396,14.63152],[120.94396,14.63161],[120.94406,14.63161]]],[[[120.94517,14.63144],[120.94536,14.63153],[120.94536,14.63144],[120.94517,14.63144]]],[[[120.94303,14.63169],[120.94294,14.6316],[120.94294,14.63169],[120.94303,14.63169]]],[[[120.94535,14.63162],[120.94526,14.63171],[120.94535,14.63171],[120.94535,14.63162]]],[[[120.97811,14.63173],[120.97849,14.63146],[120.97821,14.63137],[120.97811,14.63173]]],[[[120.94526,14.6318],[120.94517,14.63171],[120.94517,14.6318],[120.94526,14.6318]]],[[[120.9589,14.63183],[120.95881,14.63174],[120.95881,14.63183],[120.9589,14.63183]]],[[[120.94285,14.63187],[120.94294,14.63196],[120.94294,14.63187],[120.94285,14.63187]]],[[[120.94284,14.63205],[120.94275,14.63196],[120.94275,14.63205],[120.94284,14.63205]]],[[[120.95881,14.6321],[120.95872,14.63201],[120.95871,14.6321],[120.95881,14.6321]]],[[[120.94349,14.63224],[120.9434,14.63197],[120.9434,14.63224],[120.94349,14.63224]]],[[[120.94321,14.63233],[120.94331,14.63242],[120.94331,14.63233],[120.94321,14.63233]]],[[[120.94321,14.63251],[120.94293,14.63241],[120.94293,14.6325],[120.94321,14.63251]]],[[[120.97545,14.62872],[120.97443,14.62826],[120.97434,14.62889],[120.9749,14.62863],[120.97499,14.62881],[120.97489,14.62926],[120.97424,14.62925],[120.97423,14.62989],[120.97497,14.63034],[120.9746,14.63061],[120.97487,14.63125],[120.97543,14.63134],[120.97477,14.63224],[120.97588,14.63252],[120.97599,14.63062],[120.97553,14.63053],[120.97591,14.62945],[120.97545,14.62872]]],[[[120.97498,14.62989],[120.97507,14.62998],[120.97498,14.62998],[120.97498,14.62989]]],[[[120.97579,14.63171],[120.97551,14.63198],[120.97552,14.63161],[120.97579,14.63171]]],[[[120.97729,14.63009],[120.97767,14.62974],[120.97665,14.62991],[120.97627,14.63054],[120.97644,14.63216],[120.977,14.63226],[120.97699,14.63271],[120.97811,14.63263],[120.97783,14.63209],[120.97737,14.63217],[120.97728,14.63136],[120.97748,14.63055],[120.97794,14.63091],[120.97813,14.63055],[120.97729,14.63009]]],[[[120.94414,14.63279],[120.94395,14.63269],[120.94395,14.63278],[120.94414,14.63279]]],[[[120.94507,14.6327],[120.94469,14.63279],[120.94507,14.63279],[120.94507,14.6327]]],[[[120.94553,14.63271],[120.94525,14.6328],[120.94553,14.6328],[120.94553,14.63271]]],[[[120.97244,14.63294],[120.97216,14.63285],[120.97216,14.63294],[120.97244,14.63294]]],[[[120.97513,14.63297],[120.97495,14.63287],[120.97495,14.63297],[120.97513,14.63297]]],[[[120.97189,14.63294],[120.97207,14.63303],[120.97207,14.63294],[120.97189,14.63294]]],[[[120.94386,14.63305],[120.94376,14.63296],[120.94376,14.63305],[120.94386,14.63305]]],[[[120.94562,14.63307],[120.94553,14.63298],[120.94553,14.63307],[120.94562,14.63307]]],[[[120.97764,14.63281],[120.97736,14.63299],[120.97764,14.63308],[120.97764,14.63281]]],[[[120.97188,14.63312],[120.9717,14.63303],[120.9717,14.63312],[120.97188,14.63312]]],[[[120.94469,14.63306],[120.94404,14.63315],[120.94469,14.63315],[120.94469,14.63306]]],[[[120.94515,14.63316],[120.94506,14.63306],[120.94506,14.63316],[120.94515,14.63316]]],[[[120.97225,14.6333],[120.97235,14.63339],[120.97235,14.6333],[120.97225,14.6333]]],[[[120.9717,14.63312],[120.97133,14.6323],[120.9718,14.63176],[120.97255,14.63186],[120.97244,14.63285],[120.973,14.63277],[120.97301,14.63223],[120.97246,14.6305],[120.97145,14.63013],[120.97086,14.63329],[120.9717,14.63312]]],[[[120.96121,14.63348],[120.9613,14.63339],[120.96121,14.63339],[120.96121,14.63348]]],[[[120.97225,14.63348],[120.97216,14.63339],[120.97216,14.63348],[120.97225,14.63348]]],[[[120.94237,14.63331],[120.94247,14.63214],[120.942,14.63349],[120.94237,14.63331]]],[[[120.97197,14.63357],[120.97179,14.63348],[120.97179,14.63357],[120.97197,14.63357]]],[[[120.94181,14.63358],[120.94175,14.63349],[120.94172,14.63358],[120.94181,14.63358]]],[[[120.94227,14.63349],[120.94218,14.63358],[120.94227,14.63358],[120.94227,14.63349]]],[[[120.97568,14.6336],[120.9755,14.63342],[120.9755,14.6336],[120.97568,14.6336]]],[[[120.95787,14.63318],[120.95805,14.63336],[120.95871,14.63219],[120.95787,14.63318]]],[[[120.97624,14.6337],[120.97634,14.63253],[120.97523,14.6327],[120.97606,14.63307],[120.97624,14.6337]]],[[[120.95814,14.63363],[120.95805,14.63372],[120.95814,14.63372],[120.95814,14.63363]]],[[[120.9432,14.63377],[120.94329,14.63368],[120.9432,14.63368],[120.9432,14.63377]]],[[[120.95851,14.63382],[120.95842,14.63372],[120.95842,14.63381],[120.95851,14.63382]]],[[[120.94162,14.63385],[120.94172,14.63367],[120.94164,14.63367],[120.94162,14.63385]]],[[[120.94218,14.63385],[120.94209,14.63376],[120.94209,14.63385],[120.94218,14.63385]]],[[[120.9587,14.63391],[120.95861,14.63382],[120.9586,14.63391],[120.9587,14.63391]]],[[[120.94181,14.63385],[120.94171,14.63394],[120.94181,14.63394],[120.94181,14.63385]]],[[[120.94292,14.63395],[120.94302,14.63368],[120.94292,14.63368],[120.94292,14.63395]]],[[[120.94339,14.63377],[120.94329,14.63395],[120.94338,14.63395],[120.94339,14.63377]]],[[[120.97902,14.63399],[120.97893,14.6339],[120.97893,14.63399],[120.97902,14.63399]]],[[[120.94311,14.63395],[120.94301,14.63404],[120.9431,14.63404],[120.94311,14.63395]]],[[[120.97874,14.63399],[120.97884,14.63408],[120.97884,14.63399],[120.97874,14.63399]]],[[[120.95897,14.63409],[120.95888,14.634],[120.95888,14.63409],[120.95897,14.63409]]],[[[120.97531,14.63414],[120.97512,14.63396],[120.97512,14.63414],[120.97531,14.63414]]],[[[120.97874,14.63417],[120.97856,14.63408],[120.97856,14.63417],[120.97874,14.63417]]],[[[120.95916,14.63418],[120.95925,14.63409],[120.95916,14.63409],[120.95916,14.63418]]],[[[120.97564,14.61797],[120.97499,14.61815],[120.97472,14.61724],[120.97593,14.61671],[120.97576,14.61562],[120.9765,14.61581],[120.97612,14.61662],[120.97696,14.61599],[120.97696,14.61545],[120.97715,14.61545],[120.97742,14.61645],[120.97863,14.61637],[120.9788,14.61727],[120.97918,14.61683],[120.97992,14.61719],[120.97954,14.61773],[120.97862,14.61736],[120.97852,14.61772],[120.97807,14.61682],[120.9776,14.6169],[120.97848,14.62251],[120.97932,14.62216],[120.97923,14.62125],[120.97858,14.62107],[120.97914,14.62089],[120.9796,14.62117],[120.97968,14.62261],[120.98025,14.62199],[120.98033,14.62262],[120.98098,14.62272],[120.97949,14.62306],[120.97948,14.62406],[120.98041,14.62425],[120.97939,14.6246],[120.97912,14.62315],[120.97875,14.62324],[120.97902,14.62405],[120.97865,14.62387],[120.97855,14.62432],[120.97911,14.6246],[120.97864,14.62486],[120.97863,14.62613],[120.9789,14.62704],[120.97983,14.6274],[120.97926,14.62839],[120.98008,14.62949],[120.97887,14.63002],[120.97896,14.63056],[120.97952,14.63056],[120.97905,14.63083],[120.97941,14.63264],[120.97913,14.63201],[120.9783,14.63182],[120.97912,14.63291],[120.97792,14.63299],[120.97736,14.63353],[120.97847,14.63318],[120.97875,14.63381],[120.98032,14.63419],[120.98079,14.63401],[120.98015,14.63256],[120.98054,14.63066],[120.98184,14.6304],[120.98343,14.62861],[120.98417,14.62907],[120.9852,14.62872],[120.98595,14.62764],[120.98559,14.62673],[120.98633,14.62683],[120.9868,14.62575],[120.98662,14.62493],[120.98718,14.62512],[120.987,14.62467],[120.98597,14.62484],[120.98542,14.62438],[120.98534,14.62311],[120.98488,14.62275],[120.98535,14.62212],[120.98489,14.62185],[120.98482,14.61932],[120.98519,14.61896],[120.98483,14.61832],[120.98586,14.61716],[120.9879,14.61708],[120.98808,14.61781],[120.98845,14.61754],[120.98818,14.61708],[120.98883,14.61718],[120.98891,14.6179],[120.98798,14.61808],[120.98807,14.61871],[120.98844,14.61898],[120.98863,14.61835],[120.98919,14.61845],[120.98909,14.61908],[120.98992,14.61936],[120.99039,14.61873],[120.98993,14.61818],[120.99095,14.61801],[120.99067,14.61837],[120.99104,14.61837],[120.99198,14.61748],[120.99263,14.61767],[120.99254,14.61694],[120.99329,14.61632],[120.99347,14.61704],[120.99393,14.61713],[120.99449,14.61651],[120.99384,14.61668],[120.99375,14.61623],[120.99515,14.61606],[120.99497,14.61552],[120.99413,14.6156],[120.99432,14.61479],[120.99386,14.61469],[120.9946,14.6147],[120.99461,14.6138],[120.99498,14.61398],[120.99601,14.61281],[120.99647,14.61336],[120.99572,14.61426],[120.99721,14.61373],[120.9962,14.61218],[120.99742,14.61138],[120.99743,14.61039],[120.99855,14.60958],[120.99827,14.60922],[120.9979,14.60967],[120.99818,14.60895],[120.99763,14.60885],[120.99829,14.6075],[120.99783,14.6066],[120.9983,14.60606],[120.9995,14.60661],[120.99923,14.6057],[120.99997,14.60625],[120.99998,14.60553],[121.00035,14.60571],[121.001,14.60472],[121.00083,14.60391],[121.00186,14.60247],[121.00131,14.60138],[121.00187,14.60085],[121.00113,14.60093],[121.00114,14.60012],[121.00197,14.6004],[121.00215,14.60094],[121.00373,14.60086],[121.0028,14.60067],[121.00198,14.59949],[121.00217,14.59904],[121.00254,14.59932],[121.00274,14.59778],[121.00172,14.59696],[121.00107,14.59704],[121.00108,14.59632],[121.00006,14.59676],[121.00126,14.59723],[121.0006,14.59785],[120.99987,14.59694],[120.99893,14.59775],[120.99847,14.59729],[120.9981,14.59756],[120.99617,14.59574],[120.99495,14.59672],[120.99505,14.596],[120.99432,14.59536],[120.99412,14.59608],[120.99449,14.59608],[120.99495,14.59753],[120.99606,14.59772],[120.99587,14.59826],[120.99688,14.59873],[120.99595,14.59908],[120.99623,14.59872],[120.99577,14.59853],[120.99355,14.59833],[120.99374,14.59752],[120.99225,14.59769],[120.99198,14.59733],[120.99151,14.59805],[120.9917,14.59742],[120.99068,14.59695],[120.99076,14.59822],[120.9902,14.59858],[120.98974,14.59794],[120.98973,14.59939],[120.9888,14.59947],[120.9887,14.6001],[120.98824,14.6001],[120.98869,14.60128],[120.98945,14.60002],[120.99,14.60038],[120.9899,14.60092],[120.99055,14.60075],[120.98823,14.60181],[120.98905,14.60254],[120.98923,14.6039],[120.98886,14.60336],[120.98839,14.60362],[120.98868,14.60263],[120.98804,14.60208],[120.98803,14.60263],[120.98719,14.60289],[120.98801,14.6047],[120.98876,14.60408],[120.98913,14.60426],[120.98801,14.60516],[120.98903,14.60498],[120.98856,14.6057],[120.98967,14.6058],[120.98921,14.60625],[120.98995,14.60626],[120.99031,14.6068],[120.99021,14.60761],[120.99067,14.60798],[120.98993,14.6087],[120.99001,14.60924],[120.98973,14.6096],[120.98815,14.60958],[120.98861,14.61004],[120.98806,14.61004],[120.98797,14.60949],[120.98741,14.60994],[120.98676,14.60957],[120.98714,14.60894],[120.98668,14.60831],[120.98557,14.60812],[120.98556,14.60938],[120.98621,14.60921],[120.98657,14.60993],[120.98611,14.61029],[120.98602,14.60966],[120.98556,14.60965],[120.98582,14.61146],[120.98489,14.61163],[120.98469,14.61254],[120.98414,14.61208],[120.98461,14.61208],[120.98508,14.61118],[120.98387,14.61135],[120.98406,14.61099],[120.98341,14.61099],[120.98386,14.61208],[120.98265,14.61243],[120.9831,14.61406],[120.9821,14.61215],[120.98153,14.61386],[120.98208,14.61414],[120.98246,14.61369],[120.98245,14.61478],[120.98004,14.6143],[120.97994,14.61484],[120.98059,14.61521],[120.97938,14.61493],[120.97773,14.61248],[120.97616,14.61264],[120.97587,14.61336],[120.9755,14.61309],[120.97429,14.61389],[120.97473,14.61643],[120.9751,14.61643],[120.97407,14.6175],[120.9747,14.61941],[120.97572,14.61969],[120.97571,14.6205],[120.97646,14.61988],[120.97619,14.61951],[120.97637,14.61906],[120.97674,14.61961],[120.97646,14.62006],[120.97692,14.62033],[120.97645,14.6206],[120.97701,14.62096],[120.9772,14.62042],[120.97775,14.62088],[120.97766,14.62016],[120.97692,14.61979],[120.97757,14.61988],[120.97723,14.61699],[120.97537,14.61706],[120.97564,14.61797]]],[[[120.98177,14.62733],[120.98205,14.62779],[120.98205,14.62715],[120.98177,14.62733]]],[[[120.98177,14.62778],[120.98121,14.62769],[120.98112,14.62805],[120.98195,14.62842],[120.98177,14.62778]]],[[[120.98343,14.62852],[120.98334,14.62825],[120.98353,14.62825],[120.98343,14.62852]]],[[[120.98436,14.62835],[120.98427,14.62817],[120.98437,14.62817],[120.98436,14.62835]]],[[[120.98122,14.62715],[120.9815,14.62733],[120.98122,14.62733],[120.98122,14.62715]]],[[[120.98447,14.62699],[120.98429,14.62681],[120.98447,14.62681],[120.98447,14.62699]]],[[[120.98122,14.62678],[120.98057,14.62687],[120.9803,14.62614],[120.98076,14.62624],[120.98122,14.62678]]],[[[120.98151,14.62633],[120.98141,14.62615],[120.98151,14.62615],[120.98151,14.62633]]],[[[120.98188,14.62616],[120.9817,14.62579],[120.98235,14.62544],[120.98234,14.62589],[120.98188,14.62616]]],[[[120.98652,14.62593],[120.98643,14.62584],[120.98652,14.62584],[120.98652,14.62593]]],[[[120.98291,14.62535],[120.98254,14.62517],[120.98282,14.62499],[120.98291,14.62535]]],[[[120.98653,14.62502],[120.98625,14.62484],[120.98644,14.62475],[120.98653,14.62502]]],[[[120.98133,14.62471],[120.98143,14.62489],[120.98133,14.62489],[120.98133,14.62471]]],[[[120.97929,14.62478],[120.97947,14.62523],[120.97901,14.62523],[120.97929,14.62478]]],[[[120.98077,14.6257],[120.98086,14.62588],[120.98077,14.62588],[120.98077,14.6257]]],[[[120.98486,14.62456],[120.98449,14.62428],[120.98487,14.6242],[120.98486,14.62456]]],[[[120.98097,14.62425],[120.98115,14.62434],[120.98097,14.62434],[120.98097,14.62425]]],[[[120.9818,14.62444],[120.98189,14.62453],[120.9818,14.62453],[120.9818,14.62444]]],[[[120.98097,14.62389],[120.98088,14.6238],[120.98097,14.6238],[120.98097,14.62389]]],[[[120.98478,14.62338],[120.9845,14.6232],[120.98478,14.62311],[120.98478,14.62338]]],[[[120.98461,14.62211],[120.98452,14.62193],[120.9847,14.62193],[120.98461,14.62211]]],[[[120.98406,14.62103],[120.98415,14.62076],[120.98425,14.62103],[120.98406,14.62103]]],[[[120.97905,14.62062],[120.97878,14.61953],[120.97961,14.62017],[120.97999,14.61991],[120.97905,14.62062]]],[[[120.9823,14.62011],[120.98221,14.62002],[120.98231,14.62002],[120.9823,14.62011]]],[[[120.98314,14.61975],[120.98305,14.61957],[120.98314,14.61957],[120.98314,14.61975]]],[[[120.97971,14.61945],[120.97999,14.61963],[120.97971,14.61963],[120.97971,14.61945]]],[[[120.97832,14.61998],[120.97841,14.62007],[120.97831,14.62007],[120.97832,14.61998]]],[[[120.97869,14.61935],[120.97823,14.61926],[120.9787,14.61899],[120.97871,14.61782],[120.97991,14.61774],[120.97898,14.61827],[120.97869,14.61935]]],[[[120.97963,14.61855],[120.97935,14.61845],[120.97963,14.61837],[120.97963,14.61855]]],[[[120.9826,14.61857],[120.98241,14.6183],[120.98269,14.61839],[120.9826,14.61857]]],[[[120.98306,14.61849],[120.98297,14.6184],[120.98306,14.6184],[120.98306,14.61849]]],[[[120.98511,14.61769],[120.98502,14.6176],[120.98511,14.6176],[120.98511,14.61769]]],[[[120.98001,14.61701],[120.98011,14.61683],[120.9802,14.61702],[120.98001,14.61701]]],[[[120.98623,14.61689],[120.98642,14.61653],[120.98698,14.61635],[120.98688,14.6168],[120.98623,14.61689]]],[[[120.99283,14.6164],[120.99301,14.61658],[120.99301,14.6164],[120.99283,14.6164]]],[[[120.99282,14.61676],[120.99273,14.61658],[120.99273,14.61676],[120.99282,14.61676]]],[[[120.98818,14.61654],[120.98772,14.61663],[120.98819,14.61636],[120.98818,14.61654]]],[[[120.99032,14.61647],[120.99023,14.61638],[120.99032,14.61638],[120.99032,14.61647]]],[[[120.99153,14.61639],[120.99143,14.6163],[120.99153,14.6163],[120.99153,14.61639]]],[[[120.98744,14.61636],[120.98689,14.61608],[120.98754,14.61572],[120.98763,14.616],[120.98744,14.61636]]],[[[120.99311,14.61613],[120.99301,14.61604],[120.99311,14.61604],[120.99311,14.61613]]],[[[120.99394,14.61605],[120.99367,14.61587],[120.99404,14.61569],[120.99394,14.61605]]],[[[120.98355,14.61542],[120.98337,14.61569],[120.98328,14.61542],[120.98355,14.61542]]],[[[120.98801,14.61564],[120.98773,14.61527],[120.9881,14.61537],[120.98801,14.61564]]],[[[120.99191,14.61549],[120.99182,14.61522],[120.992,14.61522],[120.99191,14.61549]]],[[[120.98857,14.6151],[120.9882,14.61465],[120.98848,14.61465],[120.98857,14.6151]]],[[[120.99117,14.61521],[120.99098,14.61512],[120.99117,14.61512],[120.99117,14.61521]]],[[[120.99367,14.61496],[120.99358,14.61487],[120.99367,14.61487],[120.99367,14.61496]]],[[[120.99238,14.61468],[120.99247,14.61495],[120.99228,14.61495],[120.99238,14.61468]]],[[[120.983,14.61514],[120.98309,14.61523],[120.983,14.61523],[120.983,14.61514]]],[[[120.9791,14.6152],[120.97891,14.61574],[120.97826,14.61564],[120.97827,14.61528],[120.97863,14.61556],[120.97864,14.61483],[120.9791,14.6152]]],[[[120.97661,14.61418],[120.97678,14.61527],[120.9765,14.615],[120.97661,14.61418]]],[[[120.97503,14.61435],[120.97623,14.61454],[120.97622,14.61517],[120.9752,14.61562],[120.97549,14.61472],[120.97503,14.61435]]],[[[120.97641,14.61563],[120.97659,14.61536],[120.97669,14.61554],[120.97641,14.61563]]],[[[120.97937,14.61638],[120.97928,14.61556],[120.97974,14.61656],[120.979,14.61655],[120.97937,14.61638]]],[[[120.98002,14.61674],[120.9802,14.61647],[120.98039,14.61666],[120.98002,14.61674]]],[[[120.98094,14.61684],[120.98067,14.61657],[120.98104,14.61657],[120.98094,14.61684]]],[[[120.98235,14.61559],[120.98216,14.6155],[120.98235,14.6155],[120.98235,14.61559]]],[[[120.98578,14.61526],[120.9856,14.61516],[120.98578,14.61517],[120.98578,14.61526]]],[[[120.98383,14.61542],[120.98392,14.6156],[120.98383,14.6156],[120.98383,14.61542]]],[[[120.988,14.616],[120.9881,14.61609],[120.988,14.61609],[120.988,14.616]]],[[[120.97619,14.61861],[120.9761,14.61888],[120.9761,14.61861],[120.97619,14.61861]]],[[[120.97591,14.6196],[120.976,14.61978],[120.9759,14.61978],[120.97591,14.6196]]],[[[120.97679,14.61409],[120.97643,14.61355],[120.9767,14.61355],[120.97679,14.61409]]],[[[120.98894,14.61456],[120.98904,14.61438],[120.98913,14.61456],[120.98894,14.61456]]],[[[120.99211,14.61387],[120.99238,14.61432],[120.99238,14.61387],[120.99211,14.61387]]],[[[120.99219,14.6145],[120.99192,14.61414],[120.99201,14.6145],[120.99219,14.6145]]],[[[120.98505,14.61408],[120.98514,14.61417],[120.98505,14.61417],[120.98505,14.61408]]],[[[120.98412,14.61416],[120.98449,14.61434],[120.98459,14.61407],[120.98412,14.61416]]],[[[120.98393,14.61443],[120.98375,14.61425],[120.98375,14.61434],[120.98393,14.61443]]],[[[120.98292,14.61424],[120.98328,14.61442],[120.98291,14.61442],[120.98292,14.61424]]],[[[120.99414,14.61443],[120.99387,14.61406],[120.99433,14.61388],[120.99414,14.61443]]],[[[120.98914,14.61384],[120.98932,14.61402],[120.98904,14.61402],[120.98914,14.61384]]],[[[120.98237,14.61324],[120.98228,14.61315],[120.98237,14.61315],[120.98237,14.61324]]],[[[120.98988,14.61376],[120.9897,14.61357],[120.98988,14.61367],[120.98988,14.61376]]],[[[120.99359,14.61361],[120.99406,14.61289],[120.99453,14.61307],[120.99452,14.61325],[120.99359,14.61361]]],[[[120.99481,14.61289],[120.99471,14.6128],[120.99481,14.6128],[120.99481,14.61289]]],[[[120.99249,14.61278],[120.99212,14.61278],[120.99249,14.61251],[120.99249,14.61278]]],[[[120.99193,14.61251],[120.99202,14.61269],[120.99193,14.61269],[120.99193,14.61251]]],[[[120.9911,14.61232],[120.99091,14.61259],[120.99082,14.61232],[120.9911,14.61232]]],[[[120.99416,14.61244],[120.99407,14.61235],[120.99416,14.61235],[120.99416,14.61244]]],[[[120.98729,14.61229],[120.98739,14.61238],[120.98729,14.61238],[120.98729,14.61229]]],[[[120.98711,14.61238],[120.98656,14.61192],[120.9873,14.61166],[120.98739,14.61202],[120.98711,14.61238]]],[[[120.98869,14.61221],[120.98841,14.61203],[120.98869,14.61212],[120.98869,14.61221]]],[[[120.98989,14.61213],[120.98971,14.61195],[120.9899,14.61195],[120.98989,14.61213]]],[[[120.9925,14.61179],[120.99222,14.61161],[120.9925,14.61152],[120.9925,14.61179]]],[[[120.99417,14.61126],[120.99398,14.61153],[120.99408,14.61153],[120.99417,14.61126]]],[[[120.99389,14.61126],[120.99399,14.61108],[120.9938,14.61108],[120.99389,14.61126]]],[[[120.98963,14.61095],[120.98906,14.61176],[120.98879,14.61113],[120.98963,14.61095]]],[[[120.99213,14.61134],[120.99204,14.61124],[120.99213,14.61125],[120.99213,14.61134]]],[[[120.99232,14.61125],[120.99223,14.61061],[120.99279,14.61035],[120.99288,14.61089],[120.99232,14.61125]]],[[[120.99715,14.61048],[120.99706,14.61029],[120.99715,14.61029],[120.99715,14.61048]]],[[[120.98601,14.61074],[120.98666,14.61084],[120.98619,14.61165],[120.98601,14.61074]]],[[[120.98758,14.6113],[120.98767,14.61139],[120.98767,14.6113],[120.98758,14.6113]]],[[[120.98758,14.61157],[120.98739,14.61148],[120.98739,14.61157],[120.98758,14.61157]]],[[[120.98731,14.61084],[120.98721,14.61093],[120.98731,14.61093],[120.98731,14.61084]]],[[[120.98712,14.61084],[120.98722,14.61075],[120.98712,14.61075],[120.98712,14.61084]]],[[[120.9874,14.61093],[120.98731,14.61102],[120.9874,14.61102],[120.9874,14.61093]]],[[[120.98618,14.61201],[120.98646,14.6121],[120.98618,14.6121],[120.98618,14.61201]]],[[[120.98729,14.61283],[120.98748,14.61274],[120.98775,14.61301],[120.98729,14.61283]]],[[[120.98451,14.61263],[120.9846,14.61272],[120.98451,14.61272],[120.98451,14.61263]]],[[[120.98636,14.61273],[120.98645,14.61291],[120.98636,14.61291],[120.98636,14.61273]]],[[[120.98339,14.6128],[120.98348,14.61298],[120.98321,14.61298],[120.98339,14.6128]]],[[[120.98859,14.61302],[120.98877,14.6132],[120.98859,14.6132],[120.98859,14.61302]]],[[[120.99053,14.61322],[120.99035,14.61295],[120.99054,14.61295],[120.99053,14.61322]]],[[[120.99192,14.61341],[120.99174,14.61314],[120.99202,14.61314],[120.99192,14.61341]]],[[[120.98951,14.6133],[120.9896,14.61348],[120.98951,14.61348],[120.98951,14.6133]]],[[[120.99341,14.61333],[120.99313,14.61324],[120.99332,14.61315],[120.99341,14.61333]]],[[[120.9936,14.61297],[120.99351,14.61288],[120.9936,14.61288],[120.9936,14.61297]]],[[[120.99165,14.61296],[120.99156,14.61287],[120.99165,14.61287],[120.99165,14.61296]]],[[[120.99294,14.61351],[120.99304,14.6136],[120.99294,14.6136],[120.99294,14.61351]]],[[[120.98932,14.61366],[120.98942,14.61375],[120.98932,14.61375],[120.98932,14.61366]]],[[[120.98433,14.6119],[120.98424,14.61172],[120.98433,14.61172],[120.98433,14.6119]]],[[[120.99158,14.61016],[120.99131,14.60997],[120.99159,14.60989],[120.99158,14.61016]]],[[[120.99418,14.61018],[120.994,14.60991],[120.99418,14.60991],[120.99418,14.61018]]],[[[120.99641,14.61011],[120.99622,14.61002],[120.99641,14.61002],[120.99641,14.61011]]],[[[120.99688,14.60984],[120.99651,14.60957],[120.99678,14.60957],[120.99688,14.60984]]],[[[120.98983,14.60951],[120.99001,14.60978],[120.98982,14.60978],[120.98983,14.60951]]],[[[120.98713,14.61012],[120.98704,14.61021],[120.98713,14.61021],[120.98713,14.61012]]],[[[120.98694,14.61012],[120.98704,14.61003],[120.98694,14.61003],[120.98694,14.61012]]],[[[120.99019,14.61023],[120.9901,14.61014],[120.99019,14.61014],[120.99019,14.61023]]],[[[120.98603,14.60902],[120.98612,14.60875],[120.98621,14.60903],[120.98603,14.60902]]],[[[120.9967,14.60921],[120.9966,14.60911],[120.9967,14.60912],[120.9967,14.60921]]],[[[120.99299,14.6089],[120.9928,14.60917],[120.9928,14.60881],[120.99299,14.6089]]],[[[120.99716,14.60885],[120.99698,14.60876],[120.99716,14.60876],[120.99716,14.60885]]],[[[120.99642,14.60866],[120.99633,14.60857],[120.99642,14.60857],[120.99642,14.60866]]],[[[120.99587,14.60857],[120.99596,14.60866],[120.99587,14.60866],[120.99587,14.60857]]],[[[120.99086,14.60852],[120.99076,14.60834],[120.99086,14.60834],[120.99086,14.60852]]],[[[120.99707,14.6084],[120.99698,14.60821],[120.99708,14.60822],[120.99707,14.6084]]],[[[120.99392,14.6081],[120.99383,14.60792],[120.99392,14.60792],[120.99392,14.6081]]],[[[120.99745,14.60804],[120.99726,14.60786],[120.99745,14.60786],[120.99745,14.60804]]],[[[120.99773,14.60777],[120.99764,14.60759],[120.99773,14.60759],[120.99773,14.60777]]],[[[120.99086,14.60753],[120.99077,14.60735],[120.99087,14.60735],[120.99086,14.60753]]],[[[120.99783,14.60732],[120.99764,14.60723],[120.99783,14.60714],[120.99783,14.60732]]],[[[120.99709,14.60713],[120.99727,14.6074],[120.99708,14.6074],[120.99709,14.60713]]],[[[120.99078,14.6069],[120.99059,14.6068],[120.99078,14.60672],[120.99078,14.6069]]],[[[120.99496,14.60666],[120.99486,14.60657],[120.99496,14.60657],[120.99496,14.60666]]],[[[120.99162,14.60654],[120.99152,14.60645],[120.99162,14.60645],[120.99162,14.60654]]],[[[120.99774,14.6065],[120.99756,14.60632],[120.99784,14.60632],[120.99774,14.6065]]],[[[120.99746,14.60632],[120.99737,14.60623],[120.99746,14.60623],[120.99746,14.60632]]],[[[120.99245,14.60619],[120.99227,14.6061],[120.99245,14.6061],[120.99245,14.60619]]],[[[120.9984,14.60597],[120.9983,14.6057],[120.99849,14.60579],[120.9984,14.60597]]],[[[120.99895,14.60588],[120.99868,14.6057],[120.99895,14.60579],[120.99895,14.60588]]],[[[120.99766,14.60551],[120.99793,14.60587],[120.99756,14.60578],[120.99766,14.60551]]],[[[120.99061,14.60536],[120.99042,14.60581],[120.99014,14.60535],[120.99061,14.60536]]],[[[120.99961,14.6048],[120.99961,14.60516],[120.99988,14.60544],[120.99998,14.60499],[120.99961,14.6048]]],[[[120.99952,14.6048],[120.99961,14.60462],[120.99952,14.60462],[120.99952,14.6048]]],[[[121.00035,14.6049],[121.00017,14.60445],[121.00045,14.60436],[121.00035,14.6049]]],[[[120.9998,14.60444],[120.99925,14.60408],[120.99934,14.60363],[121.00009,14.60381],[120.9998,14.60444]]],[[[121.00055,14.60373],[120.99971,14.60372],[120.99953,14.60318],[121.00046,14.60355],[121.00083,14.6031],[121.00055,14.60373]]],[[[120.99722,14.60307],[120.9973,14.60343],[120.99721,14.60343],[120.99722,14.60307]]],[[[120.99991,14.60309],[120.99972,14.603],[120.99991,14.60291],[120.99991,14.60309]]],[[[121.00065,14.60291],[121.00047,14.60264],[121.00075,14.60264],[121.00065,14.60291]]],[[[120.99991,14.60264],[121.00009,14.60273],[120.99991,14.60273],[120.99991,14.60264]]],[[[120.99425,14.60268],[120.99387,14.60331],[120.9935,14.60321],[120.99369,14.6024],[120.99425,14.60268]]],[[[120.98998,14.60291],[120.99026,14.60301],[120.99007,14.60309],[120.98998,14.60291]]],[[[120.99842,14.60308],[120.99833,14.60289],[120.99842,14.6029],[120.99842,14.60308]]],[[[120.99406,14.60331],[120.99424,14.60358],[120.99406,14.60358],[120.99406,14.60331]]],[[[120.98997,14.60336],[120.99007,14.60346],[120.98997,14.60346],[120.98997,14.60336]]],[[[120.99229,14.60348],[120.99238,14.60366],[120.99229,14.60366],[120.99229,14.60348]]],[[[120.99591,14.6036],[120.99582,14.60351],[120.99591,14.60351],[120.99591,14.6036]]],[[[120.99368,14.60394],[120.99377,14.60412],[120.99368,14.60412],[120.99368,14.60394]]],[[[120.99006,14.60418],[120.99024,14.60427],[120.99006,14.60427],[120.99006,14.60418]]],[[[120.99479,14.60458],[120.99516,14.60458],[120.99516,14.60486],[120.99479,14.60458]]],[[[120.99822,14.60488],[120.99813,14.60479],[120.99822,14.60479],[120.99822,14.60488]]],[[[120.99971,14.60462],[120.9998,14.60471],[120.99971,14.60471],[120.99971,14.60462]]],[[[120.9971,14.60587],[120.997,14.60577],[120.9971,14.60578],[120.9971,14.60587]]],[[[120.98811,14.60389],[120.98802,14.6038],[120.98811,14.6038],[120.98811,14.60389]]],[[[120.9897,14.60237],[120.98961,14.60228],[120.98971,14.60228],[120.9897,14.60237]]],[[[121.0001,14.60237],[120.99991,14.60219],[121.0001,14.60219],[121.0001,14.60237]]],[[[120.98961,14.6021],[120.98934,14.60164],[120.9898,14.60156],[120.98961,14.6021]]],[[[121.00131,14.60193],[121.00122,14.60174],[121.00131,14.60175],[121.00131,14.60193]]],[[[120.99816,14.60172],[120.99806,14.60154],[120.99816,14.60154],[120.99816,14.60172]]],[[[120.99271,14.59887],[120.99327,14.5986],[120.99382,14.59915],[120.99335,14.59915],[120.99344,14.59978],[120.99279,14.60005],[120.99325,14.60068],[120.99223,14.60049],[120.99203,14.60139],[120.99129,14.60148],[120.99139,14.60103],[120.99074,14.60048],[120.9913,14.60057],[120.99177,14.59977],[120.99112,14.59958],[120.99103,14.59895],[120.99075,14.5993],[120.99076,14.59885],[120.99197,14.59832],[120.99271,14.59887]]],[[[120.99084,14.59985],[120.99103,14.60003],[120.99084,14.60003],[120.99084,14.59985]]],[[[120.99083,14.60111],[120.99092,14.6012],[120.99083,14.6012],[120.99083,14.60111]]],[[[120.99872,14.60091],[120.99891,14.60046],[120.99928,14.60064],[120.99918,14.60091],[120.99872,14.60091]]],[[[121.00086,14.60057],[121.00039,14.60047],[121.00086,14.60048],[121.00086,14.60057]]],[[[120.99826,14.60036],[120.99835,14.60064],[120.99798,14.60063],[120.99826,14.60036]]],[[[120.99529,14.60025],[120.9952,14.60016],[120.99529,14.60016],[120.99529,14.60025]]],[[[120.99483,14.60006],[120.99464,14.60024],[120.99492,14.60024],[120.99483,14.60006]]],[[[120.99464,14.60006],[120.99585,14.59989],[120.99567,14.59926],[120.99493,14.59943],[120.99475,14.59898],[120.99437,14.59943],[120.99464,14.60006]]],[[[121.0017,14.60003],[121.0016,14.59994],[121.0017,14.59994],[121.0017,14.60003]]],[[[121.00096,14.59984],[121.00077,14.59975],[121.00096,14.59975],[121.00096,14.59984]]],[[[121.00142,14.59931],[121.00143,14.59876],[121.0005,14.59876],[121.00079,14.59776],[121.00171,14.59804],[121.00162,14.5984],[121.00097,14.59822],[121.00162,14.59858],[121.00142,14.59931]]],[[[120.99912,14.59784],[120.99939,14.5982],[120.99967,14.59839],[120.99856,14.5982],[120.99912,14.59784]]],[[[120.99846,14.59838],[120.99846,14.59883],[120.99818,14.59847],[120.99846,14.59838]]],[[[120.99772,14.59855],[120.99781,14.59864],[120.99772,14.59864],[120.99772,14.59855]]],[[[120.99809,14.59865],[120.998,14.59855],[120.99809,14.59855],[120.99809,14.59865]]],[[[120.99642,14.59899],[120.9966,14.59917],[120.99642,14.59917],[120.99642,14.59899]]],[[[120.99846,14.59901],[120.99864,14.5991],[120.99864,14.59901],[120.99846,14.59901]]],[[[120.99846,14.59919],[120.99827,14.5991],[120.99827,14.59919],[120.99846,14.59919]]],[[[120.99994,14.59911],[120.99976,14.59902],[120.99994,14.59902],[120.99994,14.59911]]],[[[120.99391,14.59942],[120.99409,14.5996],[120.99391,14.5996],[120.99391,14.59942]]],[[[120.99447,14.59889],[120.99438,14.59879],[120.99447,14.59879],[120.99447,14.59889]]],[[[120.99225,14.59796],[120.99207,14.59778],[120.99225,14.59778],[120.99225,14.59796]]],[[[120.99727,14.59728],[120.99736,14.59746],[120.99736,14.59728],[120.99727,14.59728]]],[[[120.99726,14.59755],[120.99708,14.59746],[120.99708,14.59755],[120.99726,14.59755]]],[[[120.9968,14.59728],[120.99578,14.59745],[120.9956,14.59709],[120.99607,14.59682],[120.9968,14.59728]]],[[[120.9944,14.59599],[120.99431,14.5959],[120.9944,14.5959],[120.9944,14.59599]]],[[[121.00172,14.59732],[121.00181,14.59741],[121.00181,14.59732],[121.00172,14.59732]]],[[[121.00163,14.59768],[121.00135,14.59741],[121.00135,14.59759],[121.00163,14.59768]]],[[[120.99013,14.61701],[120.99022,14.6171],[120.99013,14.6171],[120.99013,14.61701]]],[[[120.9891,14.618],[120.98928,14.61818],[120.9891,14.61818],[120.9891,14.618]]],[[[120.98956,14.61845],[120.98956,14.618],[120.98984,14.618],[120.98956,14.61845]]],[[[120.97856,14.63426],[120.97846,14.63417],[120.97846,14.63426],[120.97856,14.63426]]],[[[120.95934,14.63418],[120.95925,14.63427],[120.95934,14.63427],[120.95934,14.63418]]],[[[120.97781,14.63416],[120.97753,14.63425],[120.97781,14.63435],[120.97781,14.63416]]],[[[120.95944,14.63428],[120.95934,14.63437],[120.95944,14.63437],[120.95944,14.63428]]],[[[120.95814,14.63435],[120.95804,14.63444],[120.95814,14.63444],[120.95814,14.63435]]],[[[120.95953,14.63437],[120.95944,14.63446],[120.95953,14.63446],[120.95953,14.63437]]],[[[120.95971,14.63455],[120.95962,14.63446],[120.95962,14.63455],[120.95971,14.63455]]],[[[120.97809,14.63453],[120.97828,14.63363],[120.97782,14.63362],[120.97809,14.63453]]],[[[120.95804,14.63453],[120.95823,14.63463],[120.95823,14.63454],[120.95804,14.63453]]],[[[120.9598,14.63464],[120.9599,14.63455],[120.95981,14.63455],[120.9598,14.63464]]],[[[120.95804,14.63472],[120.95795,14.63462],[120.95795,14.63471],[120.95804,14.63472]]],[[[120.95999,14.63464],[120.9599,14.63473],[120.95999,14.63473],[120.95999,14.63464]]],[[[120.97335,14.63476],[120.97326,14.63467],[120.97326,14.63476],[120.97335,14.63476]]],[[[120.97818,14.63471],[120.97827,14.6348],[120.97827,14.63471],[120.97818,14.63471]]],[[[120.96027,14.63482],[120.96008,14.63473],[120.96008,14.63482],[120.96027,14.63482]]],[[[120.97818,14.63489],[120.97809,14.6348],[120.97809,14.63489],[120.97818,14.63489]]],[[[120.96036,14.63492],[120.96045,14.63483],[120.96036,14.63483],[120.96036,14.63492]]],[[[120.95795,14.63471],[120.95767,14.63444],[120.95804,14.63426],[120.95767,14.63426],[120.95757,14.63489],[120.95795,14.63471]]],[[[120.96064,14.63492],[120.96045,14.63501],[120.96064,14.63501],[120.96064,14.63492]]],[[[120.97799,14.63498],[120.97808,14.63507],[120.97809,14.63498],[120.97799,14.63498]]],[[[120.97799,14.63516],[120.9779,14.63507],[120.9779,14.63516],[120.97799,14.63516]]],[[[120.96073,14.63501],[120.96063,14.63519],[120.96073,14.63519],[120.96073,14.63501]]],[[[120.9779,14.63534],[120.97781,14.63516],[120.9778,14.63534],[120.9779,14.63534]]],[[[120.96091,14.63528],[120.96073,14.63537],[120.96091,14.63537],[120.96091,14.63528]]],[[[120.9613,14.63348],[120.9611,14.63537],[120.96139,14.6342],[120.9626,14.63331],[120.96197,14.63177],[120.96225,14.63078],[120.96161,14.63023],[120.96105,14.63049],[120.96188,14.63086],[120.96178,14.63204],[120.96205,14.6324],[120.96176,14.63348],[120.9613,14.63348]]],[[[120.9611,14.63546],[120.96091,14.63537],[120.96091,14.63546],[120.9611,14.63546]]],[[[120.96183,14.63619],[120.96165,14.63601],[120.96155,14.63619],[120.96183,14.63619]]],[[[120.97565,14.63695],[120.97537,14.63722],[120.97565,14.63731],[120.97565,14.63695]]],[[[120.97611,14.6374],[120.97602,14.63722],[120.97602,14.6374],[120.97611,14.6374]]],[[[120.96943,14.63744],[120.97138,14.63727],[120.97083,14.63709],[120.97048,14.63473],[120.96909,14.63463],[120.96943,14.63744]]],[[[120.96962,14.63735],[120.96972,14.63662],[120.97045,14.63717],[120.96962,14.63735]]],[[[120.97064,14.6369],[120.97018,14.63636],[120.97028,14.63618],[120.97064,14.6369]]],[[[120.96972,14.63617],[120.97,14.63636],[120.96972,14.63635],[120.96972,14.63617]]],[[[120.96918,14.63499],[120.97029,14.63491],[120.97037,14.63591],[120.96926,14.63599],[120.96918,14.63499]]],[[[120.97592,14.63821],[120.97583,14.63812],[120.97583,14.63821],[120.97592,14.63821]]],[[[120.97693,14.63958],[120.97683,14.63985],[120.97693,14.63985],[120.97693,14.63958]]],[[[120.97674,14.64012],[120.97665,14.63994],[120.97655,14.64012],[120.97674,14.64012]]],[[[120.9578,14.64041],[120.95771,14.64031],[120.95771,14.64041],[120.9578,14.64041]]],[[[120.96179,14.64053],[120.96198,14.64062],[120.96198,14.64053],[120.96179,14.64053]]],[[[120.96179,14.64071],[120.9617,14.64062],[120.9617,14.64071],[120.96179,14.64071]]],[[[120.96216,14.6409],[120.96207,14.64071],[120.96207,14.6409],[120.96216,14.6409]]],[[[120.96188,14.64107],[120.96179,14.64098],[120.96179,14.64107],[120.96188,14.64107]]],[[[120.96207,14.64108],[120.96197,14.64098],[120.96197,14.64108],[120.96207,14.64108]]],[[[120.9778,14.63534],[120.97779,14.6366],[120.97834,14.63769],[120.97712,14.6385],[120.97683,14.64075],[120.97609,14.63993],[120.97628,14.63912],[120.97684,14.63958],[120.97666,14.63894],[120.97536,14.63866],[120.97524,14.64146],[120.97554,14.63921],[120.976,14.6393],[120.97581,14.63993],[120.97691,14.64157],[120.9771,14.64112],[120.97775,14.64139],[120.9784,14.64131],[120.97775,14.64121],[120.9773,14.63967],[120.9774,14.63886],[120.97871,14.63788],[120.9778,14.63534]]],[[[120.97524,14.64173],[120.97515,14.64146],[120.97515,14.64173],[120.97524,14.64173]]],[[[120.97514,14.64218],[120.97505,14.64173],[120.97505,14.64218],[120.97514,14.64218]]],[[[120.97505,14.64236],[120.97496,14.64218],[120.97495,14.64236],[120.97505,14.64236]]],[[[120.97495,14.64272],[120.97486,14.64245],[120.97486,14.64272],[120.97495,14.64272]]],[[[120.97476,14.64281],[120.97486,14.64299],[120.97486,14.64281],[120.97476,14.64281]]],[[[120.96019,14.64314],[120.96047,14.64287],[120.96001,14.64287],[120.96019,14.64314]]],[[[120.96102,14.64342],[120.96111,14.64351],[120.96112,14.64342],[120.96102,14.64342]]],[[[120.96102,14.6436],[120.96093,14.64351],[120.96093,14.6436],[120.96102,14.6436]]],[[[120.96139,14.64369],[120.96083,14.64378],[120.9613,14.64396],[120.96139,14.64369]]],[[[120.97476,14.64299],[120.97448,14.64353],[120.97447,14.64408],[120.97476,14.64345],[120.97476,14.64299]]],[[[120.97428,14.64462],[120.97429,14.64416],[120.9741,14.64461],[120.97428,14.64462]]],[[[120.97391,14.64461],[120.97363,14.6447],[120.97391,14.6447],[120.97391,14.64461]]],[[[120.97326,14.6447],[120.97354,14.64479],[120.97354,14.6447],[120.97326,14.6447]]],[[[120.97335,14.64515],[120.97298,14.64479],[120.97289,14.64497],[120.97335,14.64515]]],[[[120.97344,14.64524],[120.97372,14.64515],[120.97344,14.64515],[120.97344,14.64524]]],[[[120.97391,14.64525],[120.97381,14.64543],[120.97391,14.64543],[120.97391,14.64525]]],[[[120.97381,14.64552],[120.97372,14.64542],[120.97372,14.64552],[120.97381,14.64552]]],[[[120.97372,14.64561],[120.97363,14.64551],[120.97363,14.6456],[120.97372,14.64561]]],[[[120.97362,14.6457],[120.97353,14.6456],[120.97353,14.64569],[120.97362,14.6457]]],[[[120.97344,14.64578],[120.97353,14.64597],[120.97353,14.64578],[120.97344,14.64578]]],[[[120.97343,14.64624],[120.97334,14.64596],[120.97334,14.64623],[120.97343,14.64624]]],[[[120.97334,14.64651],[120.97325,14.64623],[120.97325,14.64651],[120.97334,14.64651]]],[[[120.97324,14.64669],[120.97315,14.6465],[120.97315,14.64669],[120.97324,14.64669]]],[[[120.97315,14.64687],[120.97306,14.64668],[120.97306,14.64686],[120.97315,14.64687]]],[[[120.97306,14.64705],[120.97296,14.64695],[120.97296,14.64704],[120.97306,14.64705]]],[[[120.97287,14.64713],[120.97296,14.64732],[120.97296,14.64714],[120.97287,14.64713]]],[[[120.97287,14.64741],[120.97277,14.64731],[120.97277,14.6474],[120.97287,14.64741]]],[[[120.97277,14.64759],[120.97268,14.64749],[120.97268,14.64758],[120.97277,14.64759]]],[[[120.97268,14.64777],[120.97259,14.64767],[120.97258,14.64776],[120.97268,14.64777]]],[[[120.97258,14.64795],[120.97249,14.64785],[120.97249,14.64794],[120.97258,14.64795]]],[[[120.97249,14.64822],[120.9724,14.64803],[120.97239,14.64821],[120.97249,14.64822]]],[[[120.9723,14.6483],[120.97239,14.6484],[120.97239,14.64831],[120.9723,14.6483]]],[[[120.9723,14.64848],[120.97221,14.64839],[120.97221,14.64848],[120.9723,14.64848]]],[[[120.97211,14.64884],[120.97202,14.64866],[120.97202,14.64884],[120.97211,14.64884]]],[[[120.97192,14.64902],[120.97202,14.64911],[120.97202,14.64902],[120.97192,14.64902]]],[[[120.97192,14.6492],[120.97183,14.64911],[120.97183,14.64925],[120.97192,14.6492]]],[[[120.97173,14.64947],[120.97183,14.64957],[120.97183,14.64947],[120.97173,14.64947]]],[[[120.97173,14.64965],[120.97164,14.64956],[120.97164,14.64965],[120.97173,14.64965]]],[[[120.97164,14.64983],[120.97155,14.64974],[120.97154,14.64983],[120.97164,14.64983]]],[[[120.97154,14.6502],[120.97145,14.65001],[120.97145,14.65019],[120.97154,14.6502]]],[[[120.97135,14.65037],[120.97145,14.65056],[120.97145,14.65038],[120.97135,14.65037]]],[[[120.97135,14.65074],[120.97126,14.65055],[120.97126,14.65073],[120.97135,14.65074]]],[[[120.97126,14.65092],[120.97117,14.65073],[120.97116,14.65091],[120.97126,14.65092]]],[[[120.97116,14.65128],[120.97107,14.65091],[120.97107,14.65128],[120.97116,14.65128]]],[[[120.97107,14.65146],[120.97097,14.65137],[120.97097,14.65146],[120.97107,14.65146]]],[[[120.97097,14.65164],[120.97088,14.65154],[120.97088,14.65164],[120.97097,14.65164]]],[[[120.97088,14.65182],[120.97078,14.65172],[120.97078,14.65182],[120.97088,14.65182]]],[[[120.97078,14.65209],[120.97069,14.6519],[120.97069,14.65209],[120.97078,14.65209]]],[[[120.97069,14.65236],[120.97059,14.65218],[120.97059,14.65236],[120.97069,14.65236]]],[[[120.97059,14.65263],[120.9705,14.65245],[120.9705,14.65263],[120.97059,14.65263]]],[[[120.9704,14.65299],[120.97031,14.65281],[120.97031,14.65299],[120.9704,14.65299]]],[[[120.97021,14.65317],[120.97031,14.65326],[120.97031,14.65317],[120.97021,14.65317]]],[[[120.97021,14.65335],[120.97012,14.65326],[120.97012,14.65335],[120.97021,14.65335]]],[[[120.97012,14.65344],[120.97003,14.65334],[120.97003,14.65344],[120.97012,14.65344]]],[[[120.97003,14.65353],[120.96993,14.65343],[120.96993,14.65352],[120.97003,14.65353]]],[[[120.96974,14.65379],[120.96988,14.65384],[120.96993,14.65362],[120.96974,14.65379]]],[[[120.96965,14.65397],[120.96974,14.65407],[120.96974,14.65397],[120.96965,14.65397]]],[[[120.96844,14.65478],[120.96834,14.65469],[120.96834,14.65478],[120.96844,14.65478]]],[[[120.96843,14.65505],[120.96853,14.65496],[120.96843,14.65496],[120.96843,14.65505]]],[[[120.96862,14.65505],[120.96853,14.65514],[120.96862,14.65514],[120.96862,14.65505]]],[[[120.96965,14.65406],[120.96946,14.65433],[120.96936,14.65515],[120.96992,14.6547],[120.96965,14.65406]]],[[[120.9689,14.65514],[120.96862,14.65523],[120.9689,14.65523],[120.9689,14.65514]]],[[[120.9675,14.65522],[120.96765,14.65468],[120.96825,14.65459],[120.9676,14.65459],[120.9675,14.65522]]],[[[120.96899,14.65523],[120.9689,14.65532],[120.96899,14.65532],[120.96899,14.65523]]],[[[120.96927,14.65542],[120.96899,14.65532],[120.96899,14.65541],[120.96927,14.65542]]],[[[120.96879,14.65632],[120.9687,14.65604],[120.96861,14.65631],[120.96879,14.65632]]],[[[120.96861,14.6565],[120.96851,14.65631],[120.96851,14.65649],[120.96861,14.6565]]],[[[120.96731,14.65657],[120.96736,14.65594],[120.96741,14.65576],[120.96722,14.65603],[120.96731,14.65657]]],[[[120.96851,14.65658],[120.96842,14.65649],[120.96842,14.65658],[120.96851,14.65658]]],[[[120.96842,14.65667],[120.96833,14.65658],[120.96833,14.65667],[120.96842,14.65667]]],[[[120.9674,14.65685],[120.96749,14.65667],[120.9674,14.65667],[120.9674,14.65685]]],[[[120.96833,14.65667],[120.96795,14.65703],[120.96749,14.65703],[120.96804,14.65712],[120.96833,14.65667]]],[[[120.96367,14.66327],[120.96339,14.663],[120.96339,14.66327],[120.96367,14.66327]]],[[[120.96367,14.663],[120.964,14.66287],[120.96534,14.66333],[120.96428,14.66274],[120.96367,14.663]]],[[[120.96366,14.66436],[120.96338,14.66409],[120.96338,14.66436],[120.96366,14.66436]]],[[[120.96366,14.6649],[120.96394,14.66463],[120.96366,14.66463],[120.96366,14.6649]]],[[[120.9656,14.66496],[120.96556,14.66487],[120.96556,14.66496],[120.9656,14.66496]]],[[[120.96421,14.66491],[120.96393,14.66517],[120.96421,14.66518],[120.96421,14.66491]]],[[[120.96449,14.66518],[120.96421,14.66545],[120.96449,14.66545],[120.96449,14.66518]]],[[[120.9607,14.6679],[120.96033,14.66785],[120.96033,14.6679],[120.9607,14.6679]]],[[[120.96293,14.66792],[120.96321,14.66765],[120.96312,14.66711],[120.9628,14.66711],[120.96293,14.66792]]],[[[120.96014,14.66853],[120.96005,14.66844],[120.96005,14.66853],[120.96014,14.66853]]],[[[120.98784,14.66918],[120.98729,14.6689],[120.98729,14.66917],[120.98784,14.66918]]],[[[120.96561,14.66921],[120.96552,14.66912],[120.96552,14.66921],[120.96561,14.66921]]],[[[120.95985,14.66988],[120.95949,14.66916],[120.95916,14.6692],[120.95948,14.66997],[120.95976,14.66997],[120.95985,14.66988]]],[[[120.95958,14.66947],[120.95948,14.66943],[120.95958,14.66943],[120.95958,14.66947]]],[[[120.98282,14.67022],[120.98198,14.67048],[120.98282,14.67049],[120.98282,14.67022]]],[[[120.98421,14.67077],[120.9859,14.66889],[120.98701,14.66863],[120.98562,14.66862],[120.98393,14.6705],[120.9831,14.67049],[120.98421,14.67077]]],[[[120.98003,14.67074],[120.98031,14.67101],[120.98031,14.67074],[120.98003,14.67074]]],[[[120.98086,14.67102],[120.9817,14.67102],[120.9817,14.67075],[120.98059,14.67047],[120.98086,14.67102]]],[[[120.98003,14.67128],[120.97975,14.67101],[120.97975,14.67128],[120.98003,14.67128]]],[[[120.98086,14.67129],[120.98031,14.67101],[120.9803,14.67128],[120.98086,14.67129]]],[[[120.97975,14.67155],[120.97947,14.67127],[120.97947,14.67155],[120.97975,14.67155]]],[[[120.9803,14.67155],[120.98003,14.67128],[120.98002,14.67155],[120.9803,14.67155]]],[[[120.97946,14.67182],[120.97919,14.67154],[120.97919,14.67181],[120.97946,14.67182]]],[[[120.98002,14.67182],[120.97975,14.67155],[120.97974,14.67182],[120.98002,14.67182]]],[[[120.97918,14.67209],[120.97891,14.67181],[120.97891,14.67208],[120.97918,14.67209]]],[[[120.97974,14.67209],[120.97946,14.67182],[120.97946,14.67209],[120.97974,14.67209]]],[[[120.96744,14.67225],[120.96726,14.67212],[120.96725,14.67225],[120.96744,14.67225]]],[[[120.97588,14.67246],[120.97607,14.67237],[120.97589,14.67237],[120.97588,14.67246]]],[[[120.97616,14.67247],[120.97607,14.67255],[120.97616,14.67256],[120.97616,14.67247]]],[[[120.96832,14.6728],[120.96855,14.67267],[120.96832,14.67258],[120.96832,14.6728]]],[[[120.97918,14.67236],[120.97945,14.6729],[120.97946,14.67236],[120.97918,14.67236]]],[[[120.96497,14.67291],[120.96493,14.67277],[120.96493,14.67291],[120.96497,14.67291]]],[[[120.97588,14.67301],[120.97625,14.67283],[120.97588,14.67291],[120.97588,14.67301]]],[[[120.95712,14.67352],[120.95732,14.67212],[120.95696,14.67135],[120.95661,14.67351],[120.95712,14.67352]]],[[[120.97638,14.67369],[120.97583,14.67314],[120.97583,14.67368],[120.97638,14.67369]]],[[[120.97945,14.67317],[120.97972,14.67426],[120.97973,14.67317],[120.97945,14.67317]]],[[[120.96371,14.67453],[120.96408,14.67399],[120.96315,14.67416],[120.96315,14.67443],[120.96371,14.67453]]],[[[120.97944,14.67453],[120.97916,14.67425],[120.97916,14.67452],[120.97944,14.67453]]],[[[120.96259,14.67461],[120.96296,14.67443],[120.96259,14.67443],[120.96259,14.67461]]],[[[120.97749,14.67478],[120.97693,14.67451],[120.97693,14.67478],[120.97749,14.67478]]],[[[120.97888,14.67452],[120.97918,14.6729],[120.97886,14.67213],[120.97884,14.67421],[120.97753,14.67478],[120.97888,14.67452]]],[[[120.97846,14.67456],[120.97856,14.67466],[120.97846,14.67465],[120.97846,14.67456]]],[[[120.97916,14.6748],[120.97888,14.67452],[120.97888,14.67479],[120.97916,14.6748]]],[[[120.9637,14.67462],[120.96389,14.67471],[120.96389,14.67462],[120.9637,14.67462]]],[[[120.97665,14.67477],[120.97633,14.67482],[120.97665,14.67482],[120.97665,14.67477]]],[[[120.97526,14.67476],[120.97554,14.67481],[120.97609,14.67504],[120.97665,14.67491],[120.97526,14.67476]]],[[[120.97888,14.67506],[120.9786,14.67479],[120.9786,14.67506],[120.97888,14.67506]]],[[[120.978,14.67506],[120.97697,14.67509],[120.978,14.6751],[120.978,14.67506]]],[[[120.97526,14.6753],[120.97498,14.67503],[120.97498,14.6753],[120.97526,14.6753]]],[[[120.96217,14.67546],[120.96189,14.67519],[120.96189,14.67546],[120.96217,14.67546]]],[[[120.96161,14.6755],[120.96156,14.67546],[120.96156,14.6755],[120.96161,14.6755]]],[[[120.96634,14.6755],[120.96718,14.67496],[120.96635,14.67496],[120.96634,14.6755]]],[[[120.97469,14.67584],[120.97442,14.67557],[120.97441,14.67584],[120.97469,14.67584]]],[[[120.96661,14.67631],[120.96634,14.67604],[120.96633,14.67631],[120.96661,14.67631]]],[[[120.96202,14.67641],[120.96267,14.6765],[120.96258,14.67574],[120.96188,14.67573],[120.96202,14.67641]]],[[[120.96591,14.67689],[120.96577,14.67712],[120.966,14.67712],[120.96591,14.67689]]],[[[120.97385,14.67692],[120.97371,14.67696],[120.97385,14.67714],[120.97385,14.67692]]],[[[120.97412,14.67733],[120.97389,14.67719],[120.97389,14.67723],[120.97412,14.67733]]],[[[120.96609,14.67735],[120.966,14.67726],[120.966,14.67735],[120.96609,14.67735]]],[[[120.96618,14.67753],[120.96609,14.67744],[120.96609,14.67753],[120.96618,14.67753]]],[[[120.96577,14.67766],[120.96549,14.67739],[120.96549,14.67766],[120.96577,14.67766]]],[[[120.97607,14.67775],[120.97719,14.67668],[120.9772,14.67613],[120.97553,14.67558],[120.97497,14.67584],[120.97496,14.67666],[120.97441,14.67665],[120.97413,14.67611],[120.97412,14.67719],[120.97524,14.6772],[120.97551,14.67775],[120.97607,14.67775]]],[[[120.96627,14.6778],[120.96618,14.67771],[120.96618,14.6778],[120.96627,14.6778]]],[[[120.97495,14.67801],[120.97468,14.67747],[120.97467,14.67801],[120.97495,14.67801]]],[[[120.96655,14.67807],[120.96646,14.67798],[120.96646,14.67807],[120.96655,14.67807]]],[[[120.96655,14.67826],[120.96664,14.67817],[120.96655,14.67816],[120.96655,14.67826]]],[[[120.96673,14.67826],[120.96664,14.67835],[120.96673,14.67835],[120.96673,14.67826]]],[[[120.96683,14.67835],[120.96673,14.67844],[120.96683,14.67844],[120.96683,14.67835]]],[[[120.96692,14.67844],[120.96682,14.67853],[120.96692,14.67853],[120.96692,14.67844]]],[[[120.96348,14.67859],[120.96367,14.67814],[120.96302,14.67795],[120.96293,14.67813],[120.96348,14.67859]]],[[[120.96701,14.67862],[120.9671,14.67853],[120.96701,14.67853],[120.96701,14.67862]]],[[[120.95876,14.67783],[120.95904,14.67765],[120.95932,14.67657],[120.95825,14.67728],[120.95852,14.67841],[120.95921,14.67869],[120.95876,14.67783]]],[[[120.9672,14.67862],[120.9671,14.67871],[120.96719,14.67871],[120.9672,14.67862]]],[[[120.96079,14.67875],[120.96098,14.67857],[120.96079,14.67848],[120.96079,14.67875]]],[[[120.96743,14.67822],[120.96854,14.67877],[120.96887,14.67846],[120.96804,14.67745],[120.96828,14.67714],[120.96999,14.67747],[120.96911,14.67769],[120.9691,14.67877],[120.96961,14.67878],[120.96952,14.67846],[120.96994,14.67838],[120.96994,14.67797],[120.97101,14.67739],[120.97102,14.67667],[120.97129,14.67748],[120.97054,14.67797],[120.97189,14.67744],[120.973,14.678],[120.97407,14.67787],[120.97343,14.67696],[120.97354,14.67542],[120.97307,14.6756],[120.97259,14.6774],[120.9727,14.67533],[120.97335,14.67506],[120.97374,14.67308],[120.97486,14.673],[120.97532,14.67354],[120.97494,14.67381],[120.97512,14.67449],[120.97624,14.6745],[120.97541,14.67354],[120.97533,14.67246],[120.97347,14.67244],[120.97244,14.67365],[120.97235,14.67316],[120.97138,14.67324],[120.97124,14.67269],[120.97004,14.67228],[120.97051,14.67133],[120.96884,14.67096],[120.96894,14.67041],[120.96839,14.67032],[120.96895,14.66978],[120.96835,14.66932],[120.96867,14.66915],[120.96836,14.6682],[120.96738,14.66819],[120.96758,14.66715],[120.96657,14.66606],[120.96706,14.66326],[120.96901,14.66273],[120.96902,14.66183],[120.96837,14.66169],[120.96898,14.66169],[120.96898,14.66115],[120.9693,14.66156],[120.96996,14.66112],[120.97144,14.6614],[120.97071,14.66013],[120.97038,14.66022],[120.97067,14.659],[120.96984,14.65872],[120.97027,14.65723],[120.96935,14.65677],[120.96908,14.65578],[120.96897,14.65695],[120.96989,14.65786],[120.96868,14.6583],[120.96849,14.65911],[120.97024,14.66067],[120.9694,14.66075],[120.96941,14.66021],[120.96885,14.66011],[120.96764,14.66087],[120.96827,14.66264],[120.96753,14.66254],[120.9665,14.66357],[120.96586,14.66709],[120.96517,14.66668],[120.96559,14.66596],[120.96562,14.66356],[120.9652,14.66351],[120.96508,14.66649],[120.96475,14.66681],[120.96448,14.66626],[120.96447,14.66735],[120.96414,14.66735],[120.96442,14.66766],[120.96498,14.66713],[120.96534,14.66794],[120.9659,14.66786],[120.96487,14.66857],[120.96562,14.6684],[120.96589,14.66921],[120.96617,14.66867],[120.96752,14.669],[120.96723,14.67031],[120.96755,14.67076],[120.96698,14.67157],[120.96772,14.67194],[120.96772,14.67239],[120.96809,14.67249],[120.96828,14.67167],[120.96865,14.67231],[120.96875,14.67159],[120.97023,14.67142],[120.96995,14.67232],[120.9704,14.67305],[120.97003,14.67336],[120.97123,14.67405],[120.97164,14.675],[120.97135,14.67581],[120.97028,14.67639],[120.9694,14.67634],[120.96899,14.67552],[120.96801,14.67605],[120.96743,14.67822]]],[[[120.9714,14.67604],[120.97158,14.67577],[120.97158,14.67604],[120.9714,14.67604]]],[[[120.97271,14.67501],[120.9722,14.67406],[120.97299,14.67393],[120.97271,14.67501]]],[[[120.9716,14.67369],[120.97151,14.6736],[120.9716,14.6736],[120.9716,14.67369]]],[[[120.97105,14.67283],[120.97087,14.67278],[120.97105,14.67278],[120.97105,14.67283]]],[[[120.9672,14.66769],[120.96702,14.66751],[120.9672,14.66751],[120.9672,14.66769]]],[[[120.96873,14.66273],[120.96864,14.66237],[120.96883,14.66246],[120.96873,14.66273]]],[[[120.97559,14.67382],[120.97527,14.67408],[120.97532,14.67372],[120.97559,14.67382]]],[[[120.96729,14.67871],[120.96719,14.6788],[120.96729,14.6788],[120.96729,14.67871]]],[[[120.96747,14.6789],[120.96738,14.6788],[120.96738,14.67889],[120.96747,14.6789]]],[[[120.96032,14.67892],[120.96042,14.67856],[120.96079,14.6782],[120.95987,14.6782],[120.95968,14.67865],[120.96032,14.67892]]],[[[120.96766,14.67899],[120.96756,14.6789],[120.96756,14.67899],[120.96766,14.67899]]],[[[120.96492,14.67901],[120.9652,14.67874],[120.96497,14.67874],[120.96492,14.67901]]],[[[120.96775,14.67908],[120.96784,14.67899],[120.9677,14.67899],[120.96775,14.67908]]],[[[120.9619,14.67925],[120.96171,14.67903],[120.96162,14.67925],[120.9619,14.67925]]],[[[120.97378,14.6794],[120.97397,14.67886],[120.97378,14.67886],[120.97378,14.6794]]],[[[120.96274,14.67899],[120.96301,14.67949],[120.96301,14.67895],[120.96274,14.67899]]],[[[120.96366,14.67981],[120.9638,14.67959],[120.96375,14.67959],[120.96366,14.67981]]],[[[120.96602,14.67983],[120.96575,14.67956],[120.96575,14.67983],[120.96602,14.67983]]],[[[120.97405,14.68004],[120.97396,14.67995],[120.97396,14.68004],[120.97405,14.68004]]],[[[120.9663,14.68011],[120.96658,14.67984],[120.9663,14.67983],[120.9663,14.68011]]],[[[120.95725,14.68025],[120.95656,14.67975],[120.95628,14.67975],[120.95627,14.68029],[120.95725,14.68025]]],[[[120.95743,14.68057],[120.95738,14.68043],[120.95738,14.68057],[120.95743,14.68057]]],[[[120.97255,14.68156],[120.97246,14.68147],[120.97246,14.68156],[120.97255,14.68156]]],[[[120.96327,14.6813],[120.96299,14.68143],[120.96327,14.68157],[120.96327,14.6813]]],[[[120.96364,14.68157],[120.96355,14.68148],[120.96355,14.68157],[120.96364,14.68157]]],[[[120.96364,14.68198],[120.96354,14.68193],[120.96354,14.68198],[120.96364,14.68198]]],[[[120.96433,14.68199],[120.96457,14.6814],[120.96401,14.68131],[120.96373,14.68198],[120.96433,14.68199]]],[[[120.95825,14.68247],[120.95904,14.6818],[120.95905,14.68086],[120.95767,14.67976],[120.95711,14.67975],[120.95882,14.68117],[120.95825,14.68247]]],[[[120.95903,14.68316],[120.95898,14.68307],[120.95898,14.68316],[120.95903,14.68316]]],[[[120.95739,14.6845],[120.95759,14.68387],[120.95749,14.6836],[120.95707,14.68382],[120.95739,14.6845]]],[[[120.96193,14.68608],[120.96184,14.68603],[120.96183,14.68608],[120.96193,14.68608]]],[[[120.96994,14.68335],[120.97073,14.68231],[120.97171,14.68246],[120.97153,14.68137],[120.97097,14.68204],[120.97088,14.68155],[120.9699,14.68176],[120.96997,14.67982],[120.9702,14.68041],[120.97075,14.68042],[120.9708,14.68001],[120.9719,14.68156],[120.97256,14.68102],[120.9733,14.68139],[120.97386,14.68067],[120.97326,14.67976],[120.97327,14.67908],[120.97299,14.67908],[120.973,14.67876],[120.9735,14.67913],[120.97341,14.67868],[120.97411,14.67882],[120.97439,14.67828],[120.97189,14.67812],[120.96993,14.67932],[120.96784,14.67908],[120.96741,14.68012],[120.96658,14.68011],[120.96685,14.68092],[120.96768,14.68147],[120.9694,14.68144],[120.96907,14.68203],[120.96962,14.68203],[120.96962,14.68285],[120.969,14.6837],[120.96937,14.68452],[120.96797,14.685],[120.96768,14.68622],[120.96652,14.68603],[120.96623,14.68715],[120.9668,14.68639],[120.96824,14.68631],[120.9682,14.68527],[120.96932,14.68528],[120.97012,14.68389],[120.96994,14.68335]]],[[[120.96969,14.67991],[120.96913,14.67999],[120.96914,14.67959],[120.96969,14.67991]]],[[[120.96793,14.6798],[120.96783,14.67985],[120.96783,14.67971],[120.96793,14.6798]]],[[[120.96848,14.67999],[120.9683,14.67981],[120.96848,14.67981],[120.96848,14.67999]]],[[[120.96797,14.68012],[120.96802,14.68008],[120.96811,14.68012],[120.96797,14.68012]]],[[[120.96876,14.68013],[120.96867,14.68008],[120.96876,14.68008],[120.96876,14.68013]]],[[[120.9702,14.67946],[120.97007,14.67937],[120.97021,14.67937],[120.9702,14.67946]]],[[[120.97076,14.67974],[120.9708,14.67983],[120.97076,14.67983],[120.97076,14.67974]]],[[[120.97321,14.68039],[120.9733,14.68048],[120.97321,14.68048],[120.97321,14.68039]]],[[[120.97312,14.68066],[120.9733,14.68103],[120.97302,14.68093],[120.97312,14.68066]]],[[[120.97358,14.68103],[120.97349,14.68094],[120.97358,14.68094],[120.97358,14.68103]]],[[[120.96568,14.68737],[120.96563,14.68719],[120.96563,14.68737],[120.96568,14.68737]]],[[[120.95206,14.68951],[120.95187,14.68933],[120.95187,14.68951],[120.95206,14.68951]]],[[[120.96623,14.68715],[120.96567,14.68823],[120.96567,14.68765],[120.96498,14.68746],[120.96535,14.6871],[120.96461,14.68709],[120.96431,14.68483],[120.96319,14.68469],[120.96291,14.6855],[120.96207,14.68576],[120.96229,14.68671],[120.96094,14.68769],[120.96036,14.68954],[120.96092,14.68928],[120.96126,14.68806],[120.96294,14.68663],[120.96291,14.68577],[120.96416,14.68578],[120.9651,14.68904],[120.96566,14.68932],[120.9665,14.68878],[120.96623,14.68715]]],[[[120.95038,14.68977],[120.95113,14.68951],[120.95034,14.68945],[120.95038,14.68977]]],[[[120.95252,14.68979],[120.95233,14.68961],[120.95233,14.68979],[120.95252,14.68979]]],[[[120.96036,14.69008],[120.96009,14.68954],[120.96008,14.69008],[120.96036,14.69008]]],[[[120.96008,14.69035],[120.9598,14.69008],[120.9598,14.69035],[120.96008,14.69035]]],[[[120.9598,14.69062],[120.95952,14.69035],[120.95952,14.69062],[120.9598,14.69062]]],[[[120.9531,14.69165],[120.95311,14.69061],[120.95269,14.69087],[120.9531,14.69165]]],[[[120.95952,14.69062],[120.95896,14.69088],[120.95895,14.69224],[120.95922,14.69224],[120.95952,14.69062]]],[[[120.95866,14.69278],[120.95893,14.6936],[120.95894,14.69278],[120.95866,14.69278]]],[[[120.95392,14.69409],[120.95391,14.69464],[120.95475,14.69464],[120.95475,14.6941],[120.95392,14.69409]]],[[[120.95144,14.69556],[120.95163,14.69547],[120.95144,14.69547],[120.95144,14.69556]]],[[[120.95172,14.69557],[120.95163,14.69565],[120.95172,14.69566],[120.95172,14.69557]]],[[[120.9519,14.6962],[120.95218,14.69584],[120.95181,14.69566],[120.9519,14.6962]]],[[[120.91245,14.69698],[120.91239,14.69698],[120.91239,14.69702],[120.91245,14.69698]]],[[[120.95275,14.69521],[120.95166,14.69706],[120.95221,14.69733],[120.95361,14.6968],[120.95335,14.69544],[120.95275,14.69521]]],[[[120.95222,14.69625],[120.9525,14.69652],[120.95222,14.69652],[120.95222,14.69625]]],[[[120.91178,14.69783],[120.91215,14.69756],[120.9128,14.69784],[120.91299,14.69775],[120.91216,14.69738],[120.91178,14.69783]]],[[[120.91178,14.69792],[120.91169,14.69783],[120.91169,14.69792],[120.91178,14.69792]]],[[[120.91308,14.69784],[120.91299,14.69793],[120.91308,14.69793],[120.91308,14.69784]]],[[[120.91169,14.69801],[120.91159,14.69792],[120.91159,14.69801],[120.91169,14.69801]]],[[[120.91317,14.69793],[120.91308,14.69802],[120.91317,14.69802],[120.91317,14.69793]]],[[[120.91326,14.69802],[120.91317,14.69811],[120.91326,14.69811],[120.91326,14.69802]]],[[[120.91354,14.69821],[120.91335,14.6983],[120.91354,14.69839],[120.91354,14.69821]]],[[[120.91159,14.69801],[120.91103,14.69855],[120.91103,14.69873],[120.91154,14.69832],[120.91159,14.69801]]],[[[120.91103,14.69873],[120.91075,14.69899],[120.91075,14.69918],[120.91093,14.69909],[120.91103,14.69873]]],[[[120.91418,14.69894],[120.91363,14.69866],[120.91409,14.69921],[120.91418,14.69894]]],[[[120.91399,14.69939],[120.9139,14.6992],[120.9139,14.69938],[120.91399,14.69939]]],[[[120.91074,14.69936],[120.91065,14.69917],[120.91056,14.69944],[120.91074,14.69936]]],[[[120.9139,14.69957],[120.91381,14.69938],[120.91381,14.69956],[120.9139,14.69957]]],[[[120.91056,14.69963],[120.91047,14.69944],[120.91046,14.69962],[120.91056,14.69963]]],[[[120.91381,14.69965],[120.91371,14.69956],[120.91371,14.69965],[120.91381,14.69965]]],[[[120.91046,14.69972],[120.91037,14.69967],[120.91037,14.69971],[120.91046,14.69972]]],[[[120.91037,14.6998],[120.91028,14.69971],[120.91028,14.6998],[120.91037,14.6998]]],[[[120.91362,14.69983],[120.91348,14.6997],[120.91348,14.69983],[120.91362,14.69983]]],[[[120.91028,14.69989],[120.91018,14.6998],[120.91018,14.69989],[120.91028,14.69989]]],[[[120.91343,14.69992],[120.91334,14.69983],[120.91334,14.69992],[120.91343,14.69992]]],[[[120.91018,14.69998],[120.91009,14.69989],[120.91009,14.69998],[120.91018,14.69998]]],[[[120.91315,14.69992],[120.91325,14.69997],[120.91325,14.69992],[120.91315,14.69992]]],[[[120.9099,14.69998],[120.91,14.70007],[120.91,14.69998],[120.9099,14.69998]]],[[[120.91287,14.7001],[120.91297,14.70019],[120.91297,14.7001],[120.91287,14.7001]]],[[[120.91278,14.70037],[120.91264,14.70023],[120.91259,14.70037],[120.91278,14.70037]]],[[[120.91259,14.70046],[120.91241,14.70037],[120.91241,14.70046],[120.91259,14.70046]]],[[[120.91129,14.70054],[120.91148,14.70045],[120.91129,14.70045],[120.91129,14.70054]]],[[[120.91236,14.70055],[120.91231,14.70045],[120.91231,14.70055],[120.91236,14.70055]]],[[[120.95637,14.69954],[120.95608,14.70062],[120.9572,14.70063],[120.9572,14.70009],[120.95637,14.69954]]],[[[120.91194,14.70054],[120.91148,14.70063],[120.91194,14.70063],[120.91194,14.70054]]],[[[120.91222,14.70054],[120.91203,14.70063],[120.91222,14.70063],[120.91222,14.70054]]],[[[120.91129,14.70072],[120.9112,14.70063],[120.9112,14.70072],[120.91129,14.70072]]],[[[120.9111,14.70081],[120.91119,14.7009],[120.9112,14.70081],[120.9111,14.70081]]],[[[120.9111,14.70099],[120.91101,14.70089],[120.91101,14.70099],[120.9111,14.70099]]],[[[120.95274,14.70113],[120.95357,14.70087],[120.95359,14.69924],[120.95274,14.70032],[120.95274,14.70113]]],[[[120.91054,14.70107],[120.91063,14.70116],[120.91064,14.70107],[120.91054,14.70107]]],[[[120.91054,14.70134],[120.91045,14.70116],[120.91045,14.70134],[120.91054,14.70134]]],[[[120.91045,14.70143],[120.91035,14.70134],[120.91035,14.70143],[120.91045,14.70143]]],[[[120.91035,14.70152],[120.91026,14.70143],[120.91026,14.70152],[120.91035,14.70152]]],[[[120.91026,14.70161],[120.91017,14.70152],[120.91017,14.70161],[120.91026,14.70161]]],[[[120.95078,14.7022],[120.95022,14.70192],[120.95022,14.70219],[120.95078,14.7022]]],[[[120.91017,14.70161],[120.90933,14.70133],[120.9099,14.70007],[120.9085,14.70141],[120.90914,14.7025],[120.91017,14.70161]]],[[[120.90933,14.70187],[120.90961,14.70206],[120.90933,14.70214],[120.90933,14.70187]]],[[[120.95077,14.70328],[120.95133,14.70247],[120.95049,14.70274],[120.95077,14.70328]]],[[[120.95382,14.70467],[120.95354,14.70439],[120.95354,14.70466],[120.95382,14.70467]]],[[[120.94852,14.70516],[120.94797,14.70488],[120.94796,14.70516],[120.94852,14.70516]]],[[[120.9513,14.70627],[120.95102,14.706],[120.95102,14.70627],[120.9513,14.70627]]],[[[120.94349,14.70701],[120.94322,14.70647],[120.94321,14.70701],[120.94349,14.70701]]],[[[120.95379,14.7071],[120.95298,14.7052],[120.95214,14.70573],[120.95186,14.70519],[120.95131,14.70519],[120.95213,14.70655],[120.95324,14.7071],[120.95379,14.7071]]],[[[120.92153,14.70736],[120.92126,14.70623],[120.919,14.70548],[120.91982,14.7068],[120.92153,14.70736]]],[[[120.95769,14.70741],[120.95686,14.70659],[120.95575,14.70685],[120.95602,14.70767],[120.95769,14.70741]]],[[[120.95016,14.70897],[120.95044,14.7087],[120.95016,14.7087],[120.95016,14.70897]]],[[[120.95572,14.7101],[120.95545,14.70929],[120.95488,14.70983],[120.95572,14.7101]]],[[[120.95706,14.71554],[120.95678,14.71526],[120.95678,14.71553],[120.95706,14.71554]]],[[[120.95148,14.71657],[120.9512,14.7163],[120.9512,14.71657],[120.95148,14.71657]]],[[[120.96261,14.71748],[120.96234,14.71694],[120.96205,14.71748],[120.96261,14.71748]]],[[[120.94924,14.71764],[120.95119,14.71738],[120.9512,14.71684],[120.95008,14.7171],[120.94981,14.71574],[120.94842,14.71573],[120.94841,14.71709],[120.94924,14.71764]]],[[[120.94923,14.71818],[120.94868,14.7179],[120.94868,14.71817],[120.94923,14.71818]]],[[[120.93584,14.72036],[120.93641,14.72001],[120.93585,14.71969],[120.93584,14.72036]]],[[[120.93221,14.72155],[120.9321,14.72128],[120.93193,14.72155],[120.93221,14.72155]]],[[[120.94724,14.72277],[120.94697,14.7225],[120.94696,14.72277],[120.94724,14.72277]]],[[[120.94613,14.72276],[120.94557,14.72303],[120.94612,14.7233],[120.94613,14.72276]]],[[[120.9315,14.7234],[120.93136,14.72344],[120.93164,14.72344],[120.9315,14.7234]]],[[[120.94945,14.72496],[120.94917,14.72468],[120.94917,14.72496],[120.94945,14.72496]]],[[[120.9383,14.72567],[120.93803,14.7254],[120.93802,14.72567],[120.9383,14.72567]]],[[[120.95027,14.72659],[120.94999,14.72632],[120.94999,14.72659],[120.95027,14.72659]]],[[[120.93416,14.72695],[120.93411,14.72672],[120.93411,14.72695],[120.93416,14.72695]]],[[[120.93481,14.72722],[120.93467,14.72727],[120.93481,14.72727],[120.93481,14.72722]]],[[[120.94386,14.72735],[120.94415,14.72627],[120.94554,14.72628],[120.94445,14.72329],[120.94334,14.72355],[120.94332,14.7249],[120.94415,14.72545],[120.94415,14.726],[120.94303,14.72599],[120.94247,14.72652],[120.94246,14.72761],[120.94386,14.72735]]],[[[120.94444,14.72437],[120.94417,14.7241],[120.94444,14.7241],[120.94444,14.72437]]],[[[120.94943,14.7274],[120.95026,14.72741],[120.95027,14.72686],[120.94971,14.72686],[120.94943,14.7274]]],[[[120.95332,14.7277],[120.95277,14.72716],[120.95249,14.7277],[120.95332,14.7277]]],[[[120.94468,14.72817],[120.94413,14.72762],[120.94413,14.72816],[120.94468,14.72817]]],[[[120.95248,14.72824],[120.95221,14.72769],[120.9522,14.72824],[120.95248,14.72824]]],[[[120.94328,14.72924],[120.94273,14.72869],[120.94273,14.72924],[120.94328,14.72924]]],[[[120.94858,14.72902],[120.94885,14.72929],[120.94886,14.72902],[120.94858,14.72902]]],[[[120.95239,14.70845],[120.95044,14.70897],[120.95126,14.70979],[120.95125,14.71169],[120.95068,14.71223],[120.95124,14.7125],[120.9504,14.7125],[120.94983,14.71385],[120.95037,14.71548],[120.9526,14.71577],[120.95204,14.71631],[120.95229,14.71956],[120.95368,14.71985],[120.95366,14.7212],[120.95197,14.72335],[120.95224,14.72498],[120.95139,14.72552],[120.95194,14.72634],[120.95333,14.72689],[120.95359,14.72879],[120.95276,14.72824],[120.95248,14.72905],[120.95344,14.72933],[120.95425,14.72855],[120.95528,14.72582],[120.95654,14.72463],[120.95583,14.72396],[120.95684,14.72261],[120.95872,14.72096],[120.95897,14.72016],[120.96119,14.7201],[120.96123,14.71666],[120.96039,14.71665],[120.96012,14.71584],[120.96095,14.71639],[120.96207,14.71612],[120.96262,14.71667],[120.96263,14.71559],[120.96375,14.71533],[120.9632,14.71396],[120.96376,14.71397],[120.96404,14.71343],[120.96321,14.71315],[120.96292,14.71369],[120.96209,14.71368],[120.96126,14.71313],[120.96127,14.71205],[120.96238,14.71206],[120.96293,14.71288],[120.96349,14.71288],[120.96353,14.70882],[120.96298,14.70827],[120.96326,14.70773],[120.96243,14.70691],[120.96222,14.70013],[120.96166,14.69985],[120.96057,14.69768],[120.95973,14.6974],[120.95975,14.69577],[120.95892,14.69522],[120.95866,14.69359],[120.95862,14.69685],[120.95807,14.69711],[120.95807,14.69657],[120.95751,14.69656],[120.95751,14.69738],[120.95889,14.6982],[120.96029,14.69794],[120.95999,14.69957],[120.96053,14.70201],[120.95941,14.70227],[120.95914,14.70173],[120.95775,14.70118],[120.95663,14.70171],[120.95662,14.70252],[120.95718,14.70253],[120.95687,14.70632],[120.95881,14.70661],[120.9588,14.70769],[120.95852,14.70823],[120.95602,14.70794],[120.95545,14.70847],[120.95573,14.70902],[120.95684,14.7093],[120.95682,14.71147],[120.9582,14.71229],[120.9582,14.71284],[120.95681,14.71282],[120.95681,14.71228],[120.9557,14.71173],[120.95543,14.71091],[120.95487,14.71091],[120.95461,14.70928],[120.95405,14.70928],[120.95378,14.70819],[120.95323,14.70818],[120.9535,14.70927],[120.95266,14.70926],[120.95239,14.70845]]],[[[120.96264,14.71423],[120.96291,14.71478],[120.96264,14.71477],[120.96264,14.71423]]],[[[120.95789,14.71554],[120.95845,14.71582],[120.95844,14.71636],[120.95733,14.71662],[120.95648,14.71743],[120.95481,14.71742],[120.95371,14.71659],[120.95344,14.71551],[120.95288,14.7155],[120.95289,14.71442],[120.95374,14.71334],[120.95456,14.71497],[120.95372,14.71469],[120.95372,14.71551],[120.95427,14.71551],[120.95623,14.71499],[120.95512,14.71471],[120.95512,14.71416],[120.95624,14.7139],[120.95652,14.71336],[120.95903,14.71312],[120.96014,14.71367],[120.96013,14.71475],[120.95818,14.71473],[120.95789,14.71554]]],[[[120.95513,14.71308],[120.95485,14.71362],[120.95429,14.71362],[120.9543,14.71307],[120.95513,14.71308]]],[[[120.95927,14.71745],[120.95899,14.71718],[120.95927,14.71718],[120.95927,14.71745]]],[[[120.95536,14.71878],[120.95591,14.71932],[120.95535,14.71932],[120.95536,14.71878]]],[[[120.95451,14.71958],[120.95507,14.71986],[120.95507,14.71959],[120.95451,14.71958]]],[[[120.95451,14.72012],[120.95423,14.71985],[120.95423,14.72012],[120.95451,14.72012]]],[[[120.95507,14.71986],[120.95506,14.7204],[120.95562,14.72013],[120.95563,14.71986],[120.95507,14.71986]]],[[[120.95563,14.71959],[120.9559,14.71986],[120.95591,14.71959],[120.95563,14.71959]]],[[[120.95952,14.7199],[120.95897,14.71962],[120.95953,14.71963],[120.95952,14.7199]]],[[[120.95506,14.72094],[120.95477,14.72148],[120.95422,14.72148],[120.95423,14.72066],[120.95506,14.72094]]],[[[120.95533,14.72176],[120.95588,14.72285],[120.95532,14.72284],[120.95533,14.72176]]],[[[120.957,14.72231],[120.95672,14.72177],[120.957,14.72177],[120.957,14.72231]]],[[[120.95334,14.72554],[120.95278,14.7258],[120.95251,14.72526],[120.95307,14.72526],[120.95334,14.72554]]],[[[120.95306,14.72607],[120.95362,14.72635],[120.95306,14.72635],[120.95306,14.72607]]],[[[120.95265,14.71008],[120.95238,14.70953],[120.95266,14.70953],[120.95265,14.71008]]],[[[120.96184,14.7107],[120.96156,14.71043],[120.96184,14.71043],[120.96184,14.7107]]],[[[120.95771,14.70497],[120.95856,14.70416],[120.95911,14.70417],[120.9591,14.70525],[120.95771,14.70497]]],[[[120.96083,14.69903],[120.96056,14.69876],[120.96084,14.69876],[120.96083,14.69903]]],[[[120.94857,14.72983],[120.9483,14.72929],[120.94829,14.72983],[120.94857,14.72983]]],[[[120.9522,14.72824],[120.95165,14.7285],[120.95137,14.72796],[120.95054,14.72795],[120.95052,14.72985],[120.95233,14.73041],[120.95247,14.72905],[120.95192,14.72905],[120.9522,14.72824]]],[[[120.95219,14.72986],[120.95191,14.73013],[120.95219,14.73013],[120.95219,14.72986]]],[[[120.95135,14.72985],[120.95191,14.72959],[120.95136,14.72958],[120.95135,14.72985]]],[[[120.92911,14.73047],[120.92907,14.73042],[120.92906,14.73047],[120.92911,14.73047]]],[[[120.9319,14.73036],[120.93208,14.73045],[120.93213,14.73027],[120.9319,14.73036]]],[[[120.94801,14.7301],[120.94828,14.73064],[120.94829,14.7301],[120.94801,14.7301]]],[[[120.948,14.73118],[120.94773,14.73064],[120.94772,14.73118],[120.948,14.73118]]],[[[120.93245,14.73118],[120.9324,14.73131],[120.93268,14.73132],[120.93245,14.73118]]],[[[120.93323,14.73137],[120.93295,14.73154],[120.93323,14.73159],[120.93323,14.73137]]],[[[120.93351,14.73159],[120.93379,14.73128],[120.93365,14.73119],[120.93351,14.73159]]],[[[120.94187,14.73167],[120.94243,14.7314],[120.94187,14.7314],[120.94187,14.73167]]],[[[120.94772,14.73118],[120.94716,14.73144],[120.94716,14.73172],[120.94772,14.73172],[120.94772,14.73118]]],[[[120.9427,14.73195],[120.94242,14.73167],[120.94242,14.73194],[120.9427,14.73195]]],[[[120.9427,14.7314],[120.94354,14.73195],[120.94382,14.73114],[120.9427,14.7314]]],[[[120.93379,14.7316],[120.93434,14.73214],[120.93546,14.73215],[120.93462,14.73187],[120.93463,14.73106],[120.93407,14.73106],[120.93435,14.7316],[120.93379,14.7316]]],[[[120.93532,14.73193],[120.93541,14.73202],[120.93532,14.73202],[120.93532,14.73193]]],[[[120.94214,14.73248],[120.94186,14.73221],[120.94186,14.73248],[120.94214,14.73248]]],[[[120.94716,14.73172],[120.9466,14.73198],[120.94687,14.73253],[120.94715,14.73253],[120.94716,14.73172]]],[[[120.94938,14.73255],[120.94911,14.73173],[120.94882,14.73254],[120.94938,14.73255]]],[[[120.94158,14.73275],[120.9413,14.73248],[120.9413,14.73275],[120.94158,14.73275]]],[[[120.92848,14.73318],[120.92821,14.73263],[120.9282,14.73317],[120.92848,14.73318]]],[[[120.94715,14.73253],[120.94715,14.73307],[120.9477,14.73335],[120.94771,14.7328],[120.94715,14.73253]]],[[[120.94826,14.73308],[120.94854,14.73335],[120.94854,14.73308],[120.94826,14.73308]]],[[[120.94519,14.73332],[120.94547,14.7336],[120.94547,14.73333],[120.94519,14.73332]]],[[[120.94658,14.73357],[120.94686,14.73334],[120.94659,14.73334],[120.94658,14.73357]]],[[[120.94742,14.73362],[120.94714,14.73334],[120.94714,14.73361],[120.94742,14.73362]]],[[[120.94575,14.7336],[120.94547,14.73364],[120.94575,14.73362],[120.94575,14.7336]]],[[[120.94519,14.73366],[120.94491,14.73359],[120.94491,14.73368],[120.94519,14.73366]]],[[[120.94491,14.73359],[120.94408,14.73331],[120.94352,14.73385],[120.94436,14.73359],[120.94491,14.73359]]],[[[120.94826,14.73335],[120.9477,14.73335],[120.9477,14.73362],[120.94825,14.73389],[120.94826,14.73335]]],[[[120.94937,14.7339],[120.94825,14.73416],[120.94936,14.73415],[120.94937,14.7339]]],[[[120.93697,14.73429],[120.93683,14.73433],[120.93711,14.73434],[120.93697,14.73429]]],[[[120.94314,14.73412],[120.94268,14.73412],[120.94267,14.73483],[120.94314,14.73412]]],[[[120.93599,14.73487],[120.93571,14.7346],[120.93572,14.73487],[120.93599,14.73487]]],[[[120.92735,14.73493],[120.92763,14.73479],[120.92735,14.73479],[120.92735,14.73493]]],[[[120.93682,14.73515],[120.93683,14.73461],[120.93655,14.7346],[120.93654,14.73515],[120.93659,14.73483],[120.93682,14.73515]]],[[[120.93961,14.7349],[120.94017,14.73464],[120.94046,14.73355],[120.94101,14.73383],[120.94129,14.73329],[120.94075,14.73166],[120.9416,14.73085],[120.94161,14.7295],[120.94021,14.73003],[120.9402,14.73165],[120.93936,14.73192],[120.93933,14.73463],[120.93849,14.73516],[120.93988,14.73545],[120.93961,14.7349]]],[[[120.94048,14.73084],[120.9402,14.73111],[120.9402,14.73084],[120.94048,14.73084]]],[[[120.92707,14.73538],[120.92734,14.73561],[120.92735,14.73533],[120.92707,14.73538]]],[[[120.92688,14.73587],[120.92679,14.7356],[120.92656,14.7356],[120.92688,14.73587]]],[[[120.94155,14.736],[120.94183,14.73546],[120.94211,14.73587],[120.94262,14.73493],[120.94045,14.73464],[120.94016,14.73572],[120.94155,14.736]]],[[[120.94187,14.73628],[120.94183,14.73601],[120.94182,14.73628],[120.94187,14.73628]]],[[[120.93764,14.73678],[120.93682,14.73542],[120.93654,14.73542],[120.93653,14.73623],[120.93764,14.73678]]],[[[120.94156,14.73682],[120.94154,14.73655],[120.94154,14.73682],[120.94156,14.73682]]],[[[120.93653,14.73677],[120.93632,14.73677],[120.93653,14.73683],[120.93653,14.73677]]],[[[120.93848,14.73683],[120.93764,14.73699],[120.93847,14.73706],[120.93848,14.73683]]],[[[120.93959,14.7368],[120.94126,14.73681],[120.94127,14.73627],[120.93959,14.7368]]]]}},{"type":"Feature","properties":{"hazard":"storm-surge","level":"high","advisory":"SSA4"},"geometry":{"type":"MultiPolygon","coordinates":[[[[120.96996,14.44722],[120.96988,14.44713],[120.96989,14.44722],[120.96996,14.44722]]],[[[120.96996,14.44749],[120.9699,14.44731],[120.9699,14.44749],[120.96996,14.44749]]],[[[120.97005,14.44957],[120.97004,14.44876],[120.96988,14.44857],[120.97005,14.44957]]],[[[120.97003,14.44975],[120.97002,14.44966],[120.96997,14.44975],[120.97003,14.44975]]],[[[120.96984,14.45011],[120.96982,14.45002],[120.96976,14.45011],[120.96984,14.45011]]],[[[120.96965,14.4506],[120.96975,14.45074],[120.96975,14.45013],[120.96965,14.4506]]],[[[120.98355,14.46252],[120.98327,14.46233],[120.98299,14.46251],[120.98355,14.46252]]],[[[120.98391,14.46342],[120.98373,14.46342],[120.9841,14.4637],[120.98391,14.46342]]],[[[120.98419,14.46397],[120.98437,14.46415],[120.98437,14.46397],[120.98419,14.46397]]],[[[120.98233,14.46431],[120.98224,14.46422],[120.98224,14.46431],[120.98233,14.46431]]],[[[120.97333,14.46442],[120.97324,14.46433],[120.97324,14.46442],[120.97333,14.46442]]],[[[120.98446,14.46433],[120.9839,14.46433],[120.98446,14.46479],[120.98446,14.46433]]],[[[120.98213,14.46603],[120.98204,14.46594],[120.98203,14.46603],[120.98213,14.46603]]],[[[120.98445,14.46605],[120.98482,14.46587],[120.98418,14.46514],[120.98454,14.46569],[120.98445,14.46605]]],[[[120.9824,14.4663],[120.98249,14.46639],[120.9825,14.4663],[120.9824,14.4663]]],[[[120.9824,14.46648],[120.98231,14.46639],[120.98231,14.46648],[120.9824,14.46648]]],[[[120.98222,14.46648],[120.98194,14.46657],[120.98221,14.46657],[120.98222,14.46648]]],[[[120.98184,14.46675],[120.98166,14.46648],[120.98156,14.46666],[120.98184,14.46675]]],[[[120.98203,14.46684],[120.98194,14.46666],[120.98193,14.46684],[120.98203,14.46684]]],[[[120.98445,14.46605],[120.98333,14.46622],[120.98305,14.46676],[120.98332,14.46694],[120.98333,14.4664],[120.98445,14.46605]]],[[[120.98434,14.4674],[120.98471,14.46723],[120.98425,14.46713],[120.98434,14.4674]]],[[[120.98108,14.46855],[120.98099,14.46846],[120.98099,14.46855],[120.98108,14.46855]]],[[[120.98137,14.46801],[120.98127,14.46837],[120.98173,14.46856],[120.98174,14.4682],[120.98137,14.46801]]],[[[120.98275,14.46866],[120.98248,14.46847],[120.98238,14.46865],[120.98275,14.46866]]],[[[120.98182,14.46874],[120.98201,14.46883],[120.98201,14.46874],[120.98182,14.46874]]],[[[120.98674,14.46905],[120.98664,14.46896],[120.98664,14.46905],[120.98674,14.46905]]],[[[120.98544,14.46931],[120.98525,14.46895],[120.9847,14.46903],[120.98488,14.4694],[120.98544,14.46931]]],[[[120.98581,14.46941],[120.986,14.46896],[120.98572,14.4685],[120.98581,14.46941]]],[[[120.99109,14.47008],[120.991,14.4699],[120.99099,14.47008],[120.99109,14.47008]]],[[[120.98589,14.47049],[120.9858,14.4704],[120.9858,14.47049],[120.98589,14.47049]]],[[[120.9857,14.47094],[120.98561,14.47076],[120.98561,14.47094],[120.9857,14.47094]]],[[[120.98523,14.47175],[120.98514,14.47166],[120.98514,14.47175],[120.98523,14.47175]]],[[[120.98569,14.47175],[120.9856,14.47148],[120.9856,14.47175],[120.98569,14.47175]]],[[[120.98485,14.47238],[120.98467,14.4722],[120.98467,14.47238],[120.98485,14.47238]]],[[[120.99699,14.47411],[120.99689,14.47393],[120.99689,14.47411],[120.99699,14.47411]]],[[[120.99374,14.47426],[120.99383,14.47417],[120.99374,14.47417],[120.99374,14.47426]]],[[[120.99624,14.47437],[120.99615,14.47419],[120.99606,14.47437],[120.99624,14.47437]]],[[[120.98372,14.47499],[120.98362,14.4749],[120.98362,14.47499],[120.98372,14.47499]]],[[[120.98371,14.47535],[120.98362,14.47526],[120.98362,14.47535],[120.98371,14.47535]]],[[[120.99548,14.47599],[120.99539,14.4759],[120.99539,14.47599],[120.99548,14.47599]]],[[[120.98844,14.47602],[120.98881,14.47576],[120.98844,14.47557],[120.98844,14.47602]]],[[[120.97128,14.47633],[120.97117,14.47633],[120.97127,14.47642],[120.97128,14.47633]]],[[[120.99455,14.47662],[120.99437,14.47671],[120.99455,14.4768],[120.99455,14.47662]]],[[[120.99297,14.47679],[120.99316,14.47652],[120.99288,14.4766],[120.99297,14.47679]]],[[[120.97358,14.4777],[120.97368,14.47761],[120.97358,14.47761],[120.97358,14.4777]]],[[[120.99185,14.47795],[120.99166,14.47804],[120.99185,14.47804],[120.99185,14.47795]]],[[[120.99444,14.47879],[120.99472,14.47861],[120.99491,14.47834],[120.99435,14.47833],[120.99444,14.47879]]],[[[120.97524,14.47898],[120.97515,14.47907],[120.97524,14.47907],[120.97524,14.47898]]],[[[120.97533,14.47907],[120.97524,14.47916],[120.97533,14.47917],[120.97533,14.47907]]],[[[120.99703,14.47989],[120.99693,14.4798],[120.99693,14.47989],[120.99703,14.47989]]],[[[120.99215,14.48564],[120.99225,14.48555],[120.99215,14.48554],[120.99215,14.48564]]],[[[120.99195,14.48762],[120.99186,14.48753],[120.99186,14.48762],[120.99195,14.48762]]],[[[120.99222,14.48862],[120.99213,14.48808],[120.99213,14.48862],[120.99222,14.48862]]],[[[120.99231,14.48862],[120.99222,14.4888],[120.99231,14.4888],[120.99231,14.48862]]],[[[120.99231,14.4888],[120.99277,14.48962],[120.99248,14.49061],[120.99266,14.49097],[120.99295,14.48962],[120.99231,14.4888]]],[[[120.99711,14.49155],[120.99738,14.49164],[120.99739,14.49155],[120.99711,14.49155]]],[[[120.99776,14.49147],[120.99831,14.49138],[120.99832,14.4912],[120.99776,14.49147]]],[[[120.99256,14.49133],[120.99238,14.49106],[120.99238,14.49169],[120.99256,14.49133]]],[[[120.99711,14.49173],[120.99701,14.49164],[120.99701,14.49173],[120.99711,14.49173]]],[[[120.99701,14.49182],[120.99692,14.49173],[120.99692,14.49182],[120.99701,14.49182]]],[[[120.99023,14.49258],[120.99005,14.49249],[120.99005,14.49258],[120.99023,14.49258]]],[[[121.00127,14.49312],[121.00108,14.49303],[121.00108,14.49312],[121.00127,14.49312]]],[[[120.99607,14.49317],[120.99682,14.49309],[120.997,14.49291],[120.99701,14.492],[120.99672,14.49299],[120.99515,14.49298],[120.9958,14.49299],[120.99588,14.4938],[120.99607,14.49317]]],[[[121.00098,14.49393],[121.00163,14.49394],[121.00209,14.4944],[121.00163,14.49376],[121.00098,14.49393]]],[[[121.00098,14.49393],[121.00014,14.49447],[120.99987,14.49392],[120.99922,14.49401],[120.99986,14.49456],[120.99939,14.49519],[120.99957,14.49573],[121.00032,14.49546],[120.99995,14.49492],[121.00098,14.49393]]],[[[120.99131,14.49674],[120.99206,14.49567],[120.99197,14.49539],[120.99113,14.49584],[120.99131,14.49674]]],[[[120.99038,14.49737],[120.99028,14.49746],[120.99038,14.49746],[120.99038,14.49737]]],[[[120.98889,14.49754],[120.98898,14.49772],[120.98898,14.49754],[120.98889,14.49754]]],[[[120.98916,14.49817],[120.98907,14.49799],[120.98907,14.49817],[120.98916,14.49817]]],[[[120.99825,14.49879],[120.99909,14.49835],[120.99844,14.49762],[120.99825,14.49879]]],[[[120.9961,14.50031],[120.99592,14.50013],[120.99592,14.50031],[120.9961,14.50031]]],[[[120.9897,14.50062],[120.98961,14.50052],[120.98961,14.50061],[120.9897,14.50062]]],[[[120.9948,14.50093],[120.99471,14.50084],[120.9947,14.50093],[120.9948,14.50093]]],[[[120.98986,14.50297],[120.98977,14.50306],[120.98986,14.50306],[120.98986,14.50297]]],[[[120.99319,14.50453],[120.99291,14.50453],[120.99319,14.50462],[120.99319,14.50453]]],[[[120.98975,14.50495],[120.98966,14.50486],[120.98966,14.50495],[120.98975,14.50495]]],[[[120.98548,14.5051],[120.9852,14.50519],[120.98548,14.50519],[120.98548,14.5051]]],[[[120.99031,14.50496],[120.98994,14.50505],[120.99049,14.50523],[120.99031,14.50496]]],[[[120.99067,14.50559],[120.99049,14.50532],[120.99049,14.50559],[120.99067,14.50559]]],[[[120.98724,14.5062],[120.98705,14.50611],[120.98705,14.5062],[120.98724,14.5062]]],[[[120.98946,14.5064],[120.98955,14.50622],[120.98946,14.50622],[120.98946,14.5064]]],[[[120.98594,14.50646],[120.98557,14.506],[120.98556,14.50645],[120.98594,14.50646]]],[[[120.98231,14.50715],[120.98222,14.50706],[120.98213,14.50715],[120.98231,14.50715]]],[[[120.9824,14.50715],[120.98231,14.50724],[120.9824,14.50724],[120.9824,14.50715]]],[[[120.98249,14.50751],[120.9824,14.50733],[120.9824,14.50751],[120.98249,14.50751]]],[[[120.99742,14.50809],[120.99715,14.50773],[120.99724,14.50809],[120.99742,14.50809]]],[[[120.99789,14.5081],[120.99779,14.508],[120.99779,14.50809],[120.99789,14.5081]]],[[[120.97971,14.50794],[120.97943,14.50812],[120.97971,14.50812],[120.97971,14.50794]]],[[[120.98035,14.50813],[120.98026,14.50803],[120.98026,14.50813],[120.98035,14.50813]]],[[[120.97859,14.50811],[120.97832,14.50775],[120.97795,14.50783],[120.97803,14.50838],[120.97859,14.50811]]],[[[120.9901,14.50803],[120.9913,14.50804],[120.9913,14.50777],[120.99038,14.50767],[120.9901,14.50803]]],[[[120.97794,14.50847],[120.97785,14.50838],[120.97785,14.50847],[120.97794,14.50847]]],[[[120.98768,14.50855],[120.98759,14.50846],[120.98759,14.50855],[120.98768,14.50855]]],[[[120.98554,14.50871],[120.98545,14.50862],[120.98545,14.50871],[120.98554,14.50871]]],[[[120.98777,14.50873],[120.98768,14.50864],[120.98768,14.50873],[120.98777,14.50873]]],[[[120.98554,14.50889],[120.98564,14.5088],[120.98554,14.5088],[120.98554,14.50889]]],[[[120.98331,14.50906],[120.98322,14.50896],[120.98322,14.50905],[120.98331,14.50906]]],[[[120.98955,14.5064],[120.98917,14.50739],[120.98852,14.50747],[120.98825,14.50666],[120.98872,14.5063],[120.98761,14.50602],[120.98833,14.50783],[120.98814,14.50837],[120.98907,14.5091],[120.98889,14.50802],[120.98982,14.50739],[120.98955,14.5064]]],[[[120.98573,14.5089],[120.98563,14.50917],[120.98573,14.50917],[120.98573,14.5089]]],[[[120.98331,14.50924],[120.98341,14.50915],[120.98331,14.50915],[120.98331,14.50924]]],[[[120.98563,14.50926],[120.98554,14.50916],[120.98554,14.50925],[120.98563,14.50926]]],[[[120.98359,14.50942],[120.9834,14.50951],[120.98359,14.5096],[120.98359,14.50942]]],[[[120.9809,14.50985],[120.98081,14.50949],[120.98062,14.50985],[120.9809,14.50985]]],[[[120.97913,14.5101],[120.97904,14.51001],[120.97904,14.5101],[120.97913,14.5101]]],[[[121.00139,14.51038],[121.00196,14.50949],[121.00028,14.5101],[121.00111,14.51011],[121.00139,14.51038]]],[[[120.97746,14.51054],[120.97737,14.51045],[120.97736,14.51054],[120.97746,14.51054]]],[[[120.99675,14.51062],[120.99712,14.51035],[120.99675,14.51016],[120.99675,14.51062]]],[[[120.98766,14.51063],[120.98748,14.51036],[120.98747,14.51063],[120.98766,14.51063]]],[[[120.99962,14.51073],[120.99944,14.51028],[120.99925,14.51073],[120.99962,14.51073]]],[[[120.9794,14.51074],[120.97922,14.51083],[120.9794,14.51092],[120.9794,14.51074]]],[[[120.99934,14.511],[120.99925,14.51091],[120.99925,14.511],[120.99934,14.511]]],[[[120.99916,14.51109],[120.99907,14.51082],[120.99897,14.51109],[120.99916,14.51109]]],[[[120.97829,14.51109],[120.9781,14.51082],[120.97801,14.511],[120.97829,14.51109]]],[[[120.99971,14.51109],[120.99962,14.511],[120.99962,14.51109],[120.99971,14.51109]]],[[[120.98923,14.511],[120.9897,14.51101],[120.98942,14.51046],[120.98923,14.511]]],[[[120.98357,14.51114],[120.98385,14.51123],[120.98385,14.51105],[120.98357,14.51114]]],[[[120.99433,14.51132],[120.99442,14.51141],[120.99443,14.51132],[120.99433,14.51132]]],[[[120.9998,14.51146],[120.99971,14.51136],[120.99971,14.51145],[120.9998,14.51146]]],[[[120.99433,14.5115],[120.99405,14.51141],[120.99405,14.5115],[120.99433,14.5115]]],[[[120.99841,14.51162],[120.99832,14.51144],[120.99832,14.51162],[120.99841,14.51162]]],[[[120.99952,14.51163],[120.99934,14.51136],[120.99934,14.51163],[120.99952,14.51163]]],[[[120.99275,14.51176],[120.99285,14.51158],[120.99266,14.51158],[120.99275,14.51176]]],[[[120.98255,14.51194],[120.98329,14.5114],[120.98321,14.51086],[120.98209,14.51139],[120.98255,14.51194]]],[[[120.99442,14.51168],[120.9946,14.51195],[120.99461,14.51168],[120.99442,14.51168]]],[[[120.99878,14.51217],[120.99869,14.51208],[120.99868,14.51217],[120.99878,14.51217]]],[[[120.99896,14.51226],[120.99924,14.51208],[120.99925,14.51145],[120.99896,14.51226]]],[[[120.99877,14.51262],[120.99915,14.51244],[120.99887,14.51235],[120.99877,14.51262]]],[[[120.99859,14.51289],[120.99831,14.51226],[120.99812,14.51262],[120.99859,14.51289]]],[[[120.99821,14.51298],[120.99812,14.51289],[120.99812,14.51298],[120.99821,14.51298]]],[[[120.99662,14.51441],[120.99653,14.51432],[120.99653,14.51441],[120.99662,14.51441]]],[[[120.99294,14.51131],[120.99284,14.51194],[120.99349,14.51194],[120.99284,14.51248],[120.99354,14.51691],[120.99447,14.51692],[120.99476,14.51512],[120.9943,14.51484],[120.99404,14.51321],[120.99488,14.5125],[120.99359,14.51185],[120.99396,14.51141],[120.99312,14.51185],[120.99294,14.51131]]],[[[120.99321,14.51239],[120.9933,14.51248],[120.99321,14.51248],[120.99321,14.51239]]],[[[120.99411,14.51529],[120.99429,14.51547],[120.99411,14.51547],[120.99411,14.51529]]],[[[120.9942,14.5162],[120.99429,14.51638],[120.99419,14.51638],[120.9942,14.5162]]],[[[120.99455,14.51855],[120.99445,14.51846],[120.99445,14.51855],[120.99455,14.51855]]],[[[120.99306,14.51881],[120.9925,14.51889],[120.99305,14.51926],[120.99306,14.51881]]],[[[120.9912,14.51933],[120.99111,14.51915],[120.99111,14.51933],[120.9912,14.51933]]],[[[120.99342,14.51999],[120.99333,14.5198],[120.99333,14.51998],[120.99342,14.51999]]],[[[120.98776,14.52012],[120.98739,14.51984],[120.9873,14.52002],[120.98776,14.52012]]],[[[120.99805,14.52138],[120.99814,14.52102],[120.99787,14.52029],[120.9974,14.52128],[120.99805,14.52138]]],[[[120.98756,14.52129],[120.98766,14.52084],[120.98738,14.52066],[120.9871,14.52111],[120.98756,14.52129]]],[[[120.99229,14.52233],[120.99219,14.52223],[120.99219,14.52232],[120.99229,14.52233]]],[[[120.99154,14.52268],[120.99145,14.52286],[120.99154,14.52286],[120.99154,14.52268]]],[[[120.99209,14.52314],[120.992,14.52305],[120.992,14.52314],[120.99209,14.52314]]],[[[120.99478,14.5237],[120.99469,14.52361],[120.99468,14.5237],[120.99478,14.5237]]],[[[120.99839,14.52382],[120.99821,14.52373],[120.99821,14.52382],[120.99839,14.52382]]],[[[120.98994,14.52502],[120.99022,14.52529],[120.99022,14.52484],[120.98994,14.52502]]],[[[120.99012,14.52574],[120.99003,14.52565],[120.99003,14.52574],[120.99012,14.52574]]],[[[120.98882,14.52582],[120.98864,14.52573],[120.98864,14.52582],[120.98882,14.52582]]],[[[120.99429,14.52659],[120.99438,14.52668],[120.99438,14.52659],[120.99429,14.52659]]],[[[120.99095,14.52683],[120.99066,14.52719],[120.99103,14.52729],[120.99095,14.52683]]],[[[120.99132,14.52693],[120.99141,14.52729],[120.99215,14.5272],[120.99132,14.52693]]],[[[120.9927,14.52811],[120.99252,14.52757],[120.99233,14.52802],[120.9927,14.52811]]],[[[120.9926,14.52874],[120.99279,14.52829],[120.99242,14.5282],[120.9926,14.52874]]],[[[120.99036,14.5299],[120.99092,14.52972],[120.99027,14.52972],[120.99036,14.5299]]],[[[120.99444,14.53012],[120.99435,14.53002],[120.99435,14.53011],[120.99444,14.53012]]],[[[120.99848,14.53467],[120.99839,14.53485],[120.99876,14.53485],[120.99848,14.53467]]],[[[120.99504,14.53572],[120.99513,14.53563],[120.99504,14.53563],[120.99504,14.53572]]],[[[120.99875,14.53576],[120.99866,14.53566],[120.99866,14.53575],[120.99875,14.53576]]],[[[120.98326,14.53598],[120.98317,14.53544],[120.98316,14.53598],[120.98326,14.53598]]],[[[120.99763,14.53602],[120.99773,14.53548],[120.99736,14.53601],[120.99763,14.53602]]],[[[120.99726,14.5361],[120.99708,14.53601],[120.99708,14.5361],[120.99726,14.5361]]],[[[120.9827,14.53616],[120.98233,14.53625],[120.9827,14.53625],[120.9827,14.53616]]],[[[120.99847,14.5362],[120.99865,14.53648],[120.99865,14.53621],[120.99847,14.5362]]],[[[120.99484,14.53699],[120.99512,14.53726],[120.99522,14.5369],[120.99484,14.53699]]],[[[120.9954,14.53744],[120.9953,14.53726],[120.9953,14.53744],[120.9954,14.53744]]],[[[120.9952,14.53862],[120.99705,14.53863],[120.99734,14.53818],[120.99631,14.53845],[120.99567,14.53799],[120.9952,14.53862]]],[[[120.99696,14.53854],[120.99687,14.53845],[120.99696,14.53845],[120.99696,14.53854]]],[[[120.99111,14.53912],[120.99093,14.53903],[120.99093,14.53912],[120.99111,14.53912]]],[[[120.99538,14.53916],[120.99547,14.53907],[120.99538,14.53907],[120.99538,14.53916]]],[[[120.99714,14.53918],[120.99705,14.53899],[120.99705,14.53917],[120.99714,14.53918]]],[[[120.99668,14.53926],[120.99696,14.53899],[120.99668,14.5389],[120.99668,14.53926]]],[[[120.99788,14.53936],[120.99761,14.53891],[120.99798,14.53855],[120.99743,14.53855],[120.99733,14.53927],[120.99788,14.53936]]],[[[120.99556,14.53943],[120.99547,14.53934],[120.99538,14.53943],[120.99556,14.53943]]],[[[120.99556,14.53979],[120.99538,14.5397],[120.99537,14.53979],[120.99556,14.53979]]],[[[120.99463,14.54042],[120.99453,14.54033],[120.99453,14.54042],[120.99463,14.54042]]],[[[120.99528,14.54042],[120.99556,14.54034],[120.99528,14.54033],[120.99528,14.54042]]],[[[120.99565,14.54043],[120.99555,14.54052],[120.99565,14.54052],[120.99565,14.54043]]],[[[120.9962,14.54052],[120.99611,14.54034],[120.99592,14.54052],[120.9962,14.54052]]],[[[120.99611,14.54088],[120.99546,14.54088],[120.9962,14.54116],[120.99611,14.54088]]],[[[120.99453,14.54123],[120.99425,14.54078],[120.99416,14.54123],[120.99453,14.54123]]],[[[120.99563,14.54205],[120.99591,14.54224],[120.996,14.54197],[120.99563,14.54205]]],[[[120.9998,14.54272],[120.99961,14.54308],[120.9998,14.54317],[120.9998,14.54272]]],[[[120.9996,14.5439],[120.99951,14.5438],[120.99951,14.54389],[120.9996,14.5439]]],[[[120.9931,14.54483],[120.99292,14.54474],[120.99292,14.54483],[120.9931,14.54483]]],[[[120.99914,14.54452],[120.9995,14.54471],[120.99951,14.54417],[120.99914,14.54452]]],[[[120.99411,14.5462],[120.99402,14.54629],[120.99448,14.54629],[120.99411,14.5462]]],[[[120.99874,14.54687],[120.99893,14.54696],[120.99893,14.54678],[120.99874,14.54687]]],[[[120.99845,14.54849],[120.99854,14.54868],[120.99854,14.5485],[120.99845,14.54849]]],[[[120.98137,14.55006],[120.98164,14.55016],[120.98165,14.54989],[120.98137,14.55006]]],[[[120.98219,14.55107],[120.98275,14.55107],[120.98275,14.55062],[120.98219,14.55107]]],[[[120.99845,14.54868],[120.99769,14.55057],[120.99565,14.55019],[120.99565,14.55055],[120.99759,14.55093],[120.99787,14.55147],[120.99845,14.54868]]],[[[121.00371,14.55152],[121.00353,14.55143],[121.00353,14.55152],[121.00371,14.55152]]],[[[120.99666,14.55146],[120.99638,14.55173],[120.99666,14.55182],[120.99666,14.55146]]],[[[121.00491,14.55189],[121.00473,14.5518],[121.00473,14.55189],[121.00491,14.55189]]],[[[120.99712,14.55192],[120.99684,14.55201],[120.99712,14.5521],[120.99712,14.55192]]],[[[121.00241,14.55214],[121.00222,14.55196],[121.00222,14.55214],[121.00241,14.55214]]],[[[121.00268,14.55233],[121.00259,14.55223],[121.00259,14.55233],[121.00268,14.55233]]],[[[121.00315,14.55215],[121.00278,14.55224],[121.00315,14.55242],[121.00315,14.55215]]],[[[120.99164,14.55232],[120.99127,14.55241],[120.99164,14.5525],[120.99164,14.55232]]],[[[121.00324,14.55269],[121.00315,14.55251],[121.00305,14.55269],[121.00324,14.55269]]],[[[120.99071,14.55286],[120.99062,14.55276],[120.99062,14.55286],[120.99071,14.55286]]],[[[120.9934,14.55288],[120.99331,14.55279],[120.99331,14.55288],[120.9934,14.55288]]],[[[121.00222,14.55277],[121.00203,14.55277],[121.0024,14.55296],[121.00222,14.55277]]],[[[121.00081,14.55394],[121.00072,14.55385],[121.00072,14.55394],[121.00081,14.55394]]],[[[121.00063,14.55403],[121.00044,14.55393],[121.00044,14.55402],[121.00063,14.55403]]],[[[120.99228,14.55404],[120.99219,14.55386],[120.99218,14.55404],[120.99228,14.55404]]],[[[120.99432,14.55397],[120.99404,14.55406],[120.99432,14.55406],[120.99432,14.55397]]],[[[120.99144,14.55422],[120.99135,14.55413],[120.99135,14.55422],[120.99144,14.55422]]],[[[121.00211,14.55422],[121.00202,14.55413],[121.00202,14.55422],[121.00211,14.55422]]],[[[120.99237,14.55432],[120.99218,14.55422],[120.99218,14.55431],[120.99237,14.55432]]],[[[121.00285,14.55459],[121.00294,14.55468],[121.00294,14.55459],[121.00285,14.55459]]],[[[120.98448,14.5547],[120.98439,14.55461],[120.98438,14.5547],[120.98448,14.5547]]],[[[121.00285,14.55495],[121.00248,14.55458],[121.00248,14.55485],[121.00285,14.55495]]],[[[121.0034,14.55504],[121.00322,14.55495],[121.00322,14.55504],[121.0034,14.55504]]],[[[120.98429,14.55515],[120.9842,14.55497],[120.9842,14.55515],[120.98429,14.55515]]],[[[120.99802,14.55518],[120.99793,14.55509],[120.99793,14.55518],[120.99802,14.55518]]],[[[121.00377,14.55523],[121.00359,14.55504],[121.00359,14.55523],[121.00377,14.55523]]],[[[120.99848,14.55518],[120.99811,14.55527],[120.99848,14.55527],[120.99848,14.55518]]],[[[121.00405,14.55541],[121.00396,14.55532],[121.00395,14.55541],[121.00405,14.55541]]],[[[120.9841,14.55542],[120.98401,14.55533],[120.98401,14.55542],[120.9841,14.55542]]],[[[120.99941,14.55546],[120.9996,14.55528],[120.99941,14.55528],[120.99941,14.55546]]],[[[121.0046,14.5556],[121.00451,14.5555],[121.00451,14.55559],[121.0046,14.5556]]],[[[121.0021,14.55548],[121.00247,14.55567],[121.00247,14.55549],[121.0021,14.55548]]],[[[120.99978,14.55583],[120.99959,14.55573],[120.9995,14.55591],[120.99978,14.55583]]],[[[120.99458,14.55605],[120.99439,14.55596],[120.99439,14.55605],[120.99458,14.55605]]],[[[121.00135,14.55611],[121.00117,14.55593],[121.00107,14.55611],[121.00135,14.55611]]],[[[120.99189,14.55603],[120.9917,14.55612],[120.99189,14.55621],[120.99189,14.55603]]],[[[120.99996,14.55646],[120.99986,14.55637],[120.99986,14.55646],[120.99996,14.55646]]],[[[121.00339,14.55649],[121.0033,14.55631],[121.0033,14.55649],[121.00339,14.55649]]],[[[120.99791,14.55644],[120.9982,14.55617],[120.99782,14.55626],[120.99791,14.55644]]],[[[120.99151,14.55648],[120.99114,14.55629],[120.99105,14.55611],[120.99096,14.55656],[120.99151,14.55648]]],[[[120.9994,14.55682],[120.99931,14.55645],[120.9993,14.55682],[120.9994,14.55682]]],[[[120.99179,14.55693],[120.99197,14.55684],[120.99179,14.55684],[120.99179,14.55693]]],[[[120.99299,14.55676],[120.99271,14.55694],[120.99299,14.55694],[120.99299,14.55676]]],[[[120.99225,14.55694],[120.99197,14.55702],[120.99225,14.55703],[120.99225,14.55694]]],[[[120.99253,14.55712],[120.99244,14.55703],[120.99243,14.55712],[120.99253,14.55712]]],[[[120.99123,14.55729],[120.9916,14.55693],[120.99132,14.55684],[120.99123,14.55729]]],[[[120.99893,14.55744],[120.99883,14.55735],[120.99883,14.55744],[120.99893,14.55744]]],[[[121.00208,14.55774],[121.00189,14.55756],[121.00189,14.55774],[121.00208,14.55774]]],[[[121.00124,14.55774],[121.0007,14.55674],[121.00098,14.55584],[121.00005,14.55574],[121.00014,14.55664],[120.99967,14.55727],[121.00041,14.55755],[121.00069,14.55692],[121.00069,14.55773],[121.00124,14.55774]]],[[[121.00032,14.55719],[121.00023,14.55637],[121.00051,14.55628],[121.0006,14.55674],[121.00032,14.55719]]],[[[120.99048,14.55764],[120.99066,14.55792],[120.99076,14.55765],[120.99048,14.55764]]],[[[121.00245,14.55793],[121.00273,14.55784],[121.00245,14.55766],[121.00245,14.55793]]],[[[121.00365,14.55803],[121.00356,14.55785],[121.00347,14.55803],[121.00365,14.55803]]],[[[120.99038,14.55818],[120.9902,14.558],[120.9902,14.55827],[120.99038,14.55818]]],[[[120.9979,14.55834],[120.99762,14.55816],[120.99762,14.55834],[120.9979,14.55834]]],[[[121.00179,14.55855],[121.00189,14.55846],[121.00179,14.55846],[121.00179,14.55855]]],[[[120.9901,14.55882],[120.99001,14.55863],[120.99001,14.55881],[120.9901,14.55882]]],[[[121.00096,14.55882],[121.00077,14.55864],[121.00077,14.55882],[121.00096,14.55882]]],[[[121.0029,14.55883],[121.00318,14.55866],[121.00291,14.55856],[121.0029,14.55883]]],[[[120.99028,14.559],[120.98991,14.55908],[120.99037,14.55918],[120.99028,14.559]]],[[[120.98648,14.55933],[120.98629,14.55923],[120.98629,14.55932],[120.98648,14.55933]]],[[[121.00243,14.55946],[121.00253,14.55955],[121.00253,14.55946],[121.00243,14.55946]]],[[[121.00243,14.55964],[121.00234,14.55955],[121.00234,14.55964],[121.00243,14.55964]]],[[[121.00299,14.55965],[121.0028,14.55956],[121.0028,14.55965],[121.00299,14.55965]]],[[[121.00373,14.55975],[121.00336,14.55956],[121.00336,14.55974],[121.00373,14.55975]]],[[[121.00189,14.55855],[121.00179,14.55928],[121.00132,14.55936],[121.0015,14.55991],[121.0016,14.55946],[121.00206,14.55964],[121.00207,14.55892],[121.00244,14.55928],[121.00244,14.55856],[121.00189,14.55855]]],[[[121.00438,14.55993],[121.00401,14.55975],[121.00401,14.55993],[121.00438,14.55993]]],[[[121.0015,14.56027],[121.00141,14.56009],[121.00141,14.56027],[121.0015,14.56027]]],[[[121.00196,14.56054],[121.00187,14.56045],[121.00187,14.56054],[121.00196,14.56054]]],[[[121.00373,14.56029],[121.00345,14.56038],[121.00372,14.56056],[121.00373,14.56029]]],[[[121.0028,14.56046],[121.00252,14.56064],[121.00279,14.56064],[121.0028,14.56046]]],[[[121.0015,14.56036],[121.00131,14.56054],[121.00149,14.56081],[121.0015,14.56036]]],[[[121.00065,14.56126],[121.00112,14.56108],[121.00066,14.56107],[121.00065,14.56126]]],[[[121.00176,14.5619],[121.00186,14.56181],[121.00176,14.56181],[121.00176,14.5619]]],[[[120.99805,14.56168],[120.99759,14.56186],[120.99805,14.56196],[120.99805,14.56168]]],[[[121.00037,14.56189],[121.00046,14.56198],[121.00046,14.56189],[121.00037,14.56189]]],[[[121.0013,14.56207],[121.00112,14.56144],[121.00047,14.56152],[121.00084,14.56162],[121.0013,14.56207]]],[[[121.00214,14.56172],[121.00213,14.56226],[121.00251,14.56145],[121.0013,14.56144],[121.00214,14.56172]]],[[[121.00092,14.56234],[121.00083,14.56225],[121.00083,14.56234],[121.00092,14.56234]]],[[[121.00148,14.56217],[121.00129,14.56234],[121.00148,14.56235],[121.00148,14.56217]]],[[[121.00037,14.56198],[120.99981,14.56197],[121.00009,14.56252],[121.00037,14.56252],[121.00037,14.56198]]],[[[121.0012,14.56234],[121.00101,14.56252],[121.0012,14.56262],[121.0012,14.56234]]],[[[121.00055,14.5627],[121.00046,14.56261],[121.00046,14.5627],[121.00055,14.5627]]],[[[121.00092,14.56288],[121.00083,14.56279],[121.00083,14.56288],[121.00092,14.56288]]],[[[121.00101,14.56316],[121.00082,14.56306],[121.00082,14.56315],[121.00101,14.56316]]],[[[121.00129,14.56271],[121.00175,14.56325],[121.00176,14.56244],[121.00129,14.56271]]],[[[121.00138,14.56334],[121.00119,14.56316],[121.00119,14.56343],[121.00138,14.56334]]],[[[121.00231,14.56344],[121.00203,14.56353],[121.0023,14.56362],[121.00231,14.56344]]],[[[121.00156,14.5637],[121.00147,14.56352],[121.00147,14.5637],[121.00156,14.5637]]],[[[121.00211,14.56425],[121.00202,14.56407],[121.00202,14.56425],[121.00211,14.56425]]],[[[121.00257,14.56462],[121.00248,14.56443],[121.00239,14.56461],[121.00257,14.56462]]],[[[121.00219,14.56588],[121.0021,14.56579],[121.0021,14.56588],[121.00219,14.56588]]],[[[121.00191,14.56587],[121.00163,14.56614],[121.00163,14.56641],[121.002,14.56642],[121.00191,14.56587]]],[[[121.00135,14.56668],[121.00163,14.56669],[121.00163,14.5666],[121.00135,14.56668]]],[[[121.00134,14.56741],[121.00162,14.56759],[121.00153,14.56741],[121.00134,14.56741]]],[[[121.00059,14.56794],[121.0005,14.56776],[121.0005,14.56794],[121.00059,14.56794]]],[[[121.00152,14.56786],[121.00125,14.56777],[121.00124,14.56795],[121.00152,14.56786]]],[[[121.00319,14.56851],[121.0031,14.56841],[121.00309,14.56851],[121.00319,14.56851]]],[[[121.00049,14.56884],[121.00031,14.56848],[120.99994,14.56866],[120.99994,14.56884],[121.00049,14.56884]]],[[[121.00096,14.56885],[121.00115,14.56849],[121.00124,14.56804],[121.00077,14.56858],[121.00096,14.56885]]],[[[121.00226,14.5685],[121.00282,14.56823],[121.00273,14.56805],[121.00226,14.5685]]],[[[121.00235,14.56922],[121.00225,14.56913],[121.00225,14.56922],[121.00235,14.56922]]],[[[121.00216,14.56931],[121.00225,14.5694],[121.00225,14.56931],[121.00216,14.56931]]],[[[121.00216,14.5694],[121.00169,14.56949],[121.00169,14.56985],[121.00215,14.56985],[121.00216,14.5694]]],[[[121.0028,14.57004],[121.00243,14.57013],[121.0028,14.57031],[121.0028,14.57004]]],[[[120.99973,14.57128],[120.99964,14.57119],[120.99964,14.57128],[120.99973,14.57128]]],[[[121.00103,14.57093],[121.00094,14.57129],[121.0013,14.57147],[121.00131,14.5712],[121.00103,14.57093]]],[[[121.00056,14.57174],[121.00084,14.57156],[121.00056,14.57165],[121.00056,14.57174]]],[[[121.00157,14.57247],[121.00139,14.57229],[121.00139,14.57247],[121.00157,14.57247]]],[[[121.00045,14.57336],[121.00083,14.57291],[121.00036,14.573],[121.00045,14.57336]]],[[[120.99933,14.57435],[120.99924,14.57408],[120.99915,14.57426],[120.99933,14.57435]]],[[[120.99931,14.57606],[120.99894,14.57624],[120.99941,14.57625],[120.99931,14.57606]]],[[[121.00098,14.57635],[121.00034,14.57535],[120.99942,14.57525],[120.99933,14.57453],[120.99858,14.57524],[120.99886,14.57561],[120.99839,14.5756],[120.99848,14.57633],[120.99923,14.57534],[121.00098,14.57635]]],[[[121.00191,14.57645],[121.00182,14.57627],[121.00182,14.57645],[121.00191,14.57645]]],[[[121.00246,14.57708],[121.00237,14.57699],[121.00237,14.57708],[121.00246,14.57708]]],[[[121.0031,14.57854],[121.003,14.57844],[121.003,14.57854],[121.0031,14.57854]]],[[[120.99973,14.58113],[120.99964,14.58122],[120.99973,14.58122],[120.99973,14.58113]]],[[[121.00029,14.58122],[121.00011,14.58095],[120.99983,14.58122],[121.00029,14.58122]]],[[[121.00066,14.58141],[121.00038,14.5814],[121.00066,14.58159],[121.00066,14.58141]]],[[[120.97185,14.58141],[120.97228,14.5817],[120.97196,14.5813],[120.97185,14.58141]]],[[[120.99972,14.5823],[120.99963,14.58221],[120.99963,14.5823],[120.99972,14.5823]]],[[[121.00241,14.58242],[121.00232,14.58223],[121.00232,14.58242],[121.00241,14.58242]]],[[[121.00306,14.58242],[121.00269,14.58197],[121.00251,14.58224],[121.00306,14.58242]]],[[[120.99823,14.58283],[120.99833,14.58274],[120.99823,14.58274],[120.99823,14.58283]]],[[[121.00099,14.58557],[121.00137,14.5853],[121.001,14.58521],[121.00099,14.58557]]],[[[120.99691,14.58571],[120.99672,14.58544],[120.99663,14.58571],[120.99691,14.58571]]],[[[120.99607,14.58598],[120.99598,14.58589],[120.99598,14.58598],[120.99607,14.58598]]],[[[120.99727,14.58626],[120.99737,14.58635],[120.99737,14.58626],[120.99727,14.58626]]],[[[121.00441,14.5874],[121.00432,14.58731],[121.00432,14.5874],[121.00441,14.5874]]],[[[120.9762,14.58779],[120.97638,14.5877],[120.9762,14.58761],[120.9762,14.58779]]],[[[120.97332,14.58822],[120.97322,14.58813],[120.97322,14.58822],[120.97332,14.58822]]],[[[121.00151,14.58991],[121.00114,14.58936],[121.00105,14.58963],[121.00151,14.58991]]],[[[121.00448,14.58993],[121.00439,14.58966],[121.00439,14.58993],[121.00448,14.58993]]],[[[120.99687,14.58996],[120.99668,14.58987],[120.99668,14.58996],[120.99687,14.58996]]],[[[121.00021,14.58963],[121.0003,14.58999],[121.00067,14.59008],[121.00068,14.58981],[121.00021,14.58963]]],[[[120.97831,14.59043],[120.97812,14.59016],[120.97794,14.59043],[120.97831,14.59043]]],[[[120.99501,14.59049],[120.99566,14.59022],[120.99501,14.5904],[120.99501,14.59049]]],[[[121.00262,14.59064],[121.00253,14.59001],[121.00225,14.59001],[121.00215,14.59055],[121.00262,14.59064]]],[[[120.99918,14.59097],[121.0002,14.59071],[120.99984,14.5898],[120.99881,14.59043],[120.99918,14.59097]]],[[[120.99491,14.59076],[120.995,14.59103],[120.9951,14.59085],[120.99491,14.59076]]],[[[120.99435,14.59102],[120.99408,14.59111],[120.99435,14.59111],[120.99435,14.59102]]],[[[120.97357,14.59102],[120.97375,14.5913],[120.97385,14.59112],[120.97357,14.59102]]],[[[121.00279,14.59146],[121.00289,14.59128],[121.0028,14.59128],[121.00279,14.59146]]],[[[120.97347,14.59147],[120.97329,14.59138],[120.97329,14.59147],[120.97347,14.59147]]],[[[120.99491,14.59139],[120.99463,14.59111],[120.99454,14.59148],[120.99491,14.59139]]],[[[120.99574,14.59158],[120.99556,14.59167],[120.99574,14.59176],[120.99574,14.59158]]],[[[120.97226,14.59183],[120.97264,14.59165],[120.97227,14.59155],[120.97226,14.59183]]],[[[121.00307,14.59155],[121.00298,14.59191],[121.00307,14.59191],[121.00307,14.59155]]],[[[121.00316,14.59227],[121.00307,14.59218],[121.00307,14.59227],[121.00316,14.59227]]],[[[120.97133,14.59245],[120.97115,14.59227],[120.97114,14.59245],[120.97133,14.59245]]],[[[120.99601,14.59257],[120.99592,14.59221],[120.99555,14.5923],[120.99555,14.59248],[120.99601,14.59257]]],[[[120.9961,14.59257],[120.99601,14.59266],[120.9961,14.59266],[120.9961,14.59257]]],[[[120.9973,14.59358],[120.99777,14.5934],[120.9974,14.59331],[120.9973,14.59358]]],[[[121.00351,14.59399],[121.00342,14.59372],[121.00342,14.59399],[121.00351,14.59399]]],[[[121.01298,14.59443],[121.01596,14.59292],[121.01625,14.59121],[121.01551,14.5912],[121.01596,14.59229],[121.01549,14.59292],[121.01233,14.5938],[121.01298,14.59443]]],[[[120.9944,14.59599],[120.99431,14.5959],[120.99431,14.59599],[120.9944,14.59599]]],[[[120.99699,14.59701],[120.9969,14.59692],[120.9969,14.59701],[120.99699,14.59701]]],[[[120.9956,14.59709],[120.9968,14.59719],[120.99607,14.59682],[120.9956,14.59709]]],[[[120.99727,14.59728],[120.99736,14.59746],[120.99736,14.59728],[120.99727,14.59728]]],[[[120.99726,14.59755],[120.99708,14.59746],[120.99708,14.59755],[120.99726,14.59755]]],[[[120.99225,14.59778],[120.99207,14.59787],[120.99225,14.59796],[120.99225,14.59778]]],[[[120.99856,14.59811],[120.99967,14.59839],[120.9993,14.59793],[120.99856,14.59811]]],[[[120.99781,14.59864],[120.99772,14.59855],[120.99772,14.59864],[120.99781,14.59864]]],[[[120.99809,14.59865],[120.998,14.59855],[120.998,14.59864],[120.99809,14.59865]]],[[[120.99855,14.59883],[120.99865,14.59847],[120.99828,14.59838],[120.99818,14.59856],[120.99855,14.59883]]],[[[120.99271,14.59878],[120.99289,14.59887],[120.99289,14.59869],[120.99271,14.59878]]],[[[120.99447,14.59889],[120.99438,14.59879],[120.99438,14.59888],[120.99447,14.59889]]],[[[120.99846,14.59901],[120.99864,14.5991],[120.99864,14.59901],[120.99846,14.59901]]],[[[120.99846,14.59919],[120.99827,14.5991],[120.99827,14.59919],[120.99846,14.59919]]],[[[120.9876,14.59928],[120.98751,14.59919],[120.98751,14.59928],[120.9876,14.59928]]],[[[120.99084,14.60003],[120.99112,14.59985],[120.99084,14.59985],[120.99084,14.60003]]],[[[120.99464,14.60006],[120.99585,14.59989],[120.99567,14.59926],[120.99493,14.59943],[120.99475,14.59898],[120.99437,14.59943],[120.99464,14.60006]]],[[[120.99483,14.60006],[120.99464,14.60024],[120.99492,14.60024],[120.99483,14.60006]]],[[[120.99529,14.60025],[120.9952,14.60016],[120.9952,14.60025],[120.99529,14.60025]]],[[[120.98861,14.60037],[120.98852,14.6001],[120.98842,14.60037],[120.98861,14.60037]]],[[[120.99092,14.6012],[120.99083,14.60111],[120.99083,14.6012],[120.99092,14.6012]]],[[[120.99327,14.5986],[120.99261,14.59923],[120.99197,14.59832],[120.99076,14.59885],[120.99075,14.5993],[120.99103,14.59895],[120.99112,14.59958],[120.99177,14.59977],[120.9913,14.60057],[120.99074,14.60048],[120.99139,14.60103],[120.99129,14.60148],[120.99203,14.60139],[120.99223,14.60049],[120.99325,14.60068],[120.99279,14.60005],[120.99344,14.59978],[120.99335,14.59915],[120.99372,14.59933],[120.99382,14.59915],[120.99327,14.5986]]],[[[120.99186,14.60058],[120.99195,14.60067],[120.99185,14.60067],[120.99186,14.60058]]],[[[120.99166,14.60121],[120.99176,14.6013],[120.99166,14.6013],[120.99166,14.60121]]],[[[120.98998,14.603],[120.99026,14.60292],[120.99007,14.60282],[120.98998,14.603]]],[[[120.99007,14.60346],[120.98997,14.60336],[120.98997,14.60346],[120.99007,14.60346]]],[[[120.98811,14.60389],[120.98802,14.6038],[120.98802,14.60389],[120.98811,14.60389]]],[[[120.99024,14.60427],[120.99006,14.60418],[120.99006,14.60427],[120.99024,14.60427]]],[[[120.98923,14.6039],[120.98922,14.60444],[120.98968,14.60463],[120.98978,14.60409],[120.98923,14.6039]]],[[[120.9843,14.60476],[120.98421,14.60458],[120.98412,14.60476],[120.9843,14.60476]]],[[[120.98931,14.6048],[120.98912,14.60507],[120.9894,14.60508],[120.98931,14.6048]]],[[[120.9856,14.60522],[120.98541,14.60486],[120.98541,14.60522],[120.9856,14.60522]]],[[[120.98568,14.60568],[120.9855,14.6054],[120.9855,14.60568],[120.98568,14.60568]]],[[[120.9868,14.60569],[120.98689,14.6056],[120.9868,14.6056],[120.9868,14.60569]]],[[[120.99061,14.60536],[120.99042,14.60581],[120.99069,14.60581],[120.99061,14.60536]]],[[[120.99162,14.60654],[120.99152,14.60645],[120.99152,14.60654],[120.99162,14.60654]]],[[[120.98678,14.6074],[120.98669,14.60731],[120.98669,14.6074],[120.98678,14.6074]]],[[[120.99086,14.60753],[120.99077,14.60735],[120.99077,14.60753],[120.99086,14.60753]]],[[[120.98687,14.60786],[120.98696,14.60777],[120.98687,14.60777],[120.98687,14.60786]]],[[[120.98938,14.60788],[120.98956,14.6077],[120.98929,14.6077],[120.98938,14.60788]]],[[[120.98734,14.60777],[120.98696,14.60786],[120.98696,14.60804],[120.98715,14.60813],[120.98734,14.60777]]],[[[120.99086,14.60852],[120.99076,14.60834],[120.99076,14.60852],[120.99086,14.60852]]],[[[120.99596,14.60866],[120.99587,14.60857],[120.99587,14.60866],[120.99596,14.60866]]],[[[120.98621,14.60903],[120.98603,14.60875],[120.98603,14.60902],[120.98621,14.60903]]],[[[120.98982,14.60978],[120.9901,14.60951],[120.98983,14.60951],[120.98982,14.60978]]],[[[120.99019,14.61023],[120.9901,14.61014],[120.9901,14.61023],[120.99019,14.61023]]],[[[120.99131,14.60997],[120.99158,14.61016],[120.99159,14.60989],[120.99131,14.60997]]],[[[120.98657,14.60993],[120.98657,14.61038],[120.98675,14.61048],[120.98676,14.6102],[120.98657,14.60993]]],[[[120.98712,14.61084],[120.98722,14.61075],[120.98712,14.61075],[120.98712,14.61084]]],[[[120.98731,14.61084],[120.98721,14.61093],[120.98731,14.61093],[120.98731,14.61084]]],[[[120.9874,14.61093],[120.98731,14.61102],[120.9874,14.61102],[120.9874,14.61093]]],[[[120.98758,14.6113],[120.98767,14.61139],[120.98767,14.6113],[120.98758,14.6113]]],[[[120.98443,14.61136],[120.98433,14.61145],[120.98443,14.61145],[120.98443,14.61136]]],[[[120.98758,14.61157],[120.98739,14.61148],[120.98739,14.61157],[120.98758,14.61157]]],[[[120.98637,14.61156],[120.98666,14.61075],[120.9862,14.61047],[120.98601,14.61101],[120.98637,14.61156]]],[[[120.98953,14.61176],[120.98981,14.61113],[120.98879,14.61113],[120.98906,14.61176],[120.98953,14.61176]]],[[[120.98433,14.6119],[120.98424,14.61172],[120.98424,14.6119],[120.98433,14.6119]]],[[[120.98646,14.61201],[120.98618,14.6121],[120.98646,14.6121],[120.98646,14.61201]]],[[[120.98989,14.61213],[120.98971,14.61195],[120.98971,14.61213],[120.98989,14.61213]]],[[[120.98869,14.61212],[120.98841,14.61221],[120.98869,14.61221],[120.98869,14.61212]]],[[[120.98711,14.61229],[120.9873,14.61166],[120.98656,14.61192],[120.98664,14.61228],[120.98711,14.61229]]],[[[120.9846,14.61272],[120.98451,14.61263],[120.98451,14.61272],[120.9846,14.61272]]],[[[120.98645,14.61291],[120.98636,14.61273],[120.98636,14.61291],[120.98645,14.61291]]],[[[120.98348,14.61298],[120.98339,14.6128],[120.98321,14.61298],[120.98348,14.61298]]],[[[120.98775,14.61283],[120.98729,14.61283],[120.98775,14.61301],[120.98775,14.61283]]],[[[120.98237,14.61324],[120.98228,14.61315],[120.98227,14.61324],[120.98237,14.61324]]],[[[120.98942,14.61375],[120.98932,14.61366],[120.98932,14.61375],[120.98942,14.61375]]],[[[120.98932,14.61402],[120.98914,14.61384],[120.98904,14.61402],[120.98932,14.61402]]],[[[120.98514,14.61417],[120.98505,14.61408],[120.98505,14.61417],[120.98514,14.61417]]],[[[120.98412,14.61416],[120.98449,14.61434],[120.98459,14.61407],[120.98412,14.61416]]],[[[120.98329,14.61424],[120.98291,14.61442],[120.98328,14.61442],[120.98329,14.61424]]],[[[120.98393,14.61443],[120.98375,14.61425],[120.98375,14.61434],[120.98393,14.61443]]],[[[120.97697,14.61527],[120.97679,14.61428],[120.97661,14.61418],[120.9765,14.615],[120.97697,14.61527]]],[[[120.98235,14.61559],[120.98216,14.6155],[120.98216,14.61559],[120.98235,14.61559]]],[[[120.98392,14.6156],[120.98383,14.61542],[120.98383,14.6156],[120.98392,14.6156]]],[[[120.98365,14.61551],[120.98337,14.61569],[120.98364,14.61569],[120.98365,14.61551]]],[[[120.98095,14.61576],[120.98085,14.6163],[120.98122,14.61648],[120.98095,14.61576]]],[[[120.98159,14.61658],[120.9815,14.61649],[120.9815,14.61658],[120.98159,14.61658]]],[[[120.98002,14.61674],[120.98039,14.61657],[120.98002,14.61647],[120.98002,14.61674]]],[[[120.98076,14.61675],[120.98104,14.61657],[120.98067,14.61657],[120.98076,14.61675]]],[[[120.9802,14.61702],[120.98001,14.61683],[120.98001,14.61701],[120.9802,14.61702]]],[[[120.97592,14.61788],[120.97611,14.61806],[120.97593,14.61734],[120.97592,14.61788]]],[[[120.9762,14.61825],[120.9761,14.61852],[120.97619,14.61852],[120.9762,14.61825]]],[[[120.97935,14.61845],[120.97963,14.61855],[120.97963,14.61837],[120.97935,14.61845]]],[[[120.97619,14.61888],[120.9761,14.61861],[120.9761,14.61888],[120.97619,14.61888]]],[[[120.97897,14.61926],[120.97879,14.61854],[120.97991,14.61774],[120.97871,14.61782],[120.9787,14.61899],[120.97823,14.61926],[120.97897,14.61926]]],[[[120.97999,14.61945],[120.97971,14.61963],[120.97999,14.61963],[120.97999,14.61945]]],[[[120.976,14.6196],[120.9759,14.61978],[120.976,14.61978],[120.976,14.6196]]],[[[120.97841,14.62007],[120.97832,14.61998],[120.97831,14.62007],[120.97841,14.62007]]],[[[120.97905,14.62062],[120.9798,14.62027],[120.97999,14.61991],[120.97961,14.62017],[120.97878,14.61953],[120.97905,14.62062]]],[[[120.98115,14.62434],[120.98097,14.62425],[120.98097,14.62434],[120.98115,14.62434]]],[[[120.97947,14.62523],[120.97948,14.62478],[120.97901,14.62505],[120.97901,14.62523],[120.97947,14.62523]]],[[[120.95683,14.62549],[120.95692,14.6254],[120.95683,14.6254],[120.95683,14.62549]]],[[[120.9787,14.62884],[120.97861,14.6283],[120.97861,14.62884],[120.9787,14.62884]]],[[[120.97906,14.62948],[120.97897,14.62957],[120.97906,14.62957],[120.97906,14.62948]]],[[[120.97507,14.62998],[120.97498,14.62989],[120.97498,14.62998],[120.97507,14.62998]]],[[[120.97729,14.63046],[120.97702,14.63009],[120.97692,14.63036],[120.97729,14.63046]]],[[[120.97589,14.6318],[120.97551,14.63198],[120.97589,14.63198],[120.97589,14.6318]]],[[[120.94175,14.63349],[120.94247,14.63214],[120.94303,14.63187],[120.94285,14.63151],[120.94246,14.63191],[120.94175,14.63349]]],[[[120.94172,14.63367],[120.94172,14.63355],[120.94164,14.63367],[120.94172,14.63367]]],[[[120.97856,14.63327],[120.97884,14.63363],[120.9794,14.63373],[120.97894,14.63309],[120.97856,14.63327]]],[[[120.97846,14.63435],[120.97828,14.63426],[120.97828,14.63435],[120.97846,14.63435]]],[[[120.96926,14.63599],[120.97037,14.63591],[120.97029,14.63491],[120.96918,14.6349],[120.96926,14.63599]]],[[[120.97,14.63627],[120.96972,14.63635],[120.97,14.63636],[120.97,14.63627]]],[[[120.97064,14.6369],[120.97018,14.63627],[120.97046,14.6369],[120.97064,14.6369]]],[[[120.96962,14.63735],[120.97046,14.63708],[120.96962,14.63662],[120.96962,14.63735]]],[[[120.98729,14.6689],[120.98701,14.66863],[120.98701,14.6689],[120.98729,14.6689]]],[[[120.9831,14.67049],[120.98115,14.67075],[120.98309,14.67076],[120.9831,14.67049]]],[[[120.98031,14.67074],[120.98086,14.67102],[120.98087,14.67074],[120.98031,14.67074]]],[[[120.9803,14.67128],[120.98003,14.67101],[120.98003,14.67128],[120.9803,14.67128]]],[[[120.98002,14.67155],[120.97975,14.67128],[120.97975,14.67155],[120.98002,14.67155]]],[[[120.97974,14.67182],[120.97947,14.67155],[120.97946,14.67182],[120.97974,14.67182]]],[[[120.97946,14.67182],[120.97891,14.67208],[120.9789,14.6729],[120.97946,14.67236],[120.97946,14.67182]]],[[[120.9716,14.67369],[120.97151,14.6736],[120.97151,14.67369],[120.9716,14.67369]]],[[[120.97918,14.6729],[120.97917,14.67398],[120.97888,14.67452],[120.97944,14.67426],[120.97918,14.6729]]],[[[120.97856,14.67466],[120.97846,14.67456],[120.97846,14.67465],[120.97856,14.67466]]],[[[120.97888,14.67479],[120.9786,14.67452],[120.9786,14.67479],[120.97888,14.67479]]],[[[120.97158,14.67604],[120.9714,14.67577],[120.9714,14.67604],[120.97158,14.67604]]],[[[120.97635,14.67721],[120.9758,14.67666],[120.97579,14.67721],[120.97635,14.67721]]],[[[120.97352,14.67777],[120.97379,14.67769],[120.97342,14.6775],[120.97352,14.67777]]],[[[120.96961,14.67801],[120.96989,14.6781],[120.96989,14.67801],[120.96961,14.67801]]],[[[120.96083,14.69903],[120.96056,14.69876],[120.96055,14.69903],[120.96083,14.69903]]],[[[120.9591,14.70525],[120.95911,14.70417],[120.95856,14.70416],[120.95827,14.7047],[120.95772,14.7047],[120.95771,14.70524],[120.9591,14.70525]]],[[[120.95183,14.70871],[120.95155,14.70898],[120.95183,14.70899],[120.95183,14.70871]]],[[[120.95265,14.71008],[120.95238,14.70953],[120.95237,14.71007],[120.95265,14.71008]]],[[[120.96184,14.7107],[120.96156,14.71043],[120.96156,14.7107],[120.96184,14.7107]]],[[[120.96321,14.71261],[120.96294,14.71234],[120.96293,14.71261],[120.96321,14.71261]]],[[[120.95485,14.71362],[120.95513,14.71308],[120.9543,14.71307],[120.95429,14.71362],[120.95485,14.71362]]],[[[120.96291,14.71478],[120.96264,14.71423],[120.96264,14.71477],[120.96291,14.71478]]],[[[120.96207,14.71531],[120.96237,14.71396],[120.96181,14.71368],[120.96151,14.71558],[120.96207,14.71531]]],[[[120.95648,14.71743],[120.95733,14.71662],[120.95844,14.71636],[120.95845,14.71582],[120.95789,14.71582],[120.95818,14.71473],[120.96013,14.71475],[120.95986,14.71339],[120.95652,14.71336],[120.95624,14.7139],[120.95512,14.71416],[120.95512,14.71471],[120.95623,14.71499],[120.95427,14.71551],[120.95372,14.71551],[120.95372,14.71469],[120.95456,14.71497],[120.95456,14.71443],[120.95401,14.71443],[120.95401,14.71361],[120.95346,14.71334],[120.95288,14.7155],[120.95371,14.71578],[120.95371,14.71659],[120.95426,14.71714],[120.95648,14.71743]]],[[[120.95706,14.71554],[120.95678,14.71526],[120.95706,14.71527],[120.95706,14.71554]]],[[[120.95952,14.7199],[120.95897,14.71962],[120.95897,14.71989],[120.95952,14.7199]]],[[[120.95924,14.72036],[120.95897,14.72016],[120.95896,14.72043],[120.95924,14.72036]]],[[[120.95506,14.72663],[120.95501,14.72663],[120.955,14.72676],[120.95506,14.72663]]],[[[120.93541,14.73202],[120.93532,14.73193],[120.93532,14.73202],[120.93541,14.73202]]],[[[120.94491,14.73368],[120.94436,14.73359],[120.94435,14.73371],[120.94491,14.73368]]],[[[120.94909,14.73421],[120.9477,14.73335],[120.94688,14.73361],[120.94748,14.73417],[120.94909,14.73421]]],[[[120.92707,14.7356],[120.92702,14.73608],[120.92774,14.73589],[120.93407,14.73315],[120.93491,14.73328],[120.93571,14.73482],[120.93599,14.7346],[120.93572,14.73487],[120.93632,14.73677],[120.93916,14.73717],[120.94127,14.73627],[120.94126,14.73681],[120.94042,14.73706],[120.9414,14.73711],[120.94211,14.73547],[120.94155,14.736],[120.94043,14.73599],[120.94045,14.73464],[120.94262,14.73493],[120.94268,14.73412],[120.94408,14.73331],[120.94742,14.73334],[120.94715,14.73253],[120.94771,14.7328],[120.9477,14.73335],[120.94826,14.73335],[120.94825,14.73389],[120.94936,14.73415],[120.95137,14.7324],[120.95233,14.73041],[120.95052,14.72985],[120.9508,14.72904],[120.95025,14.72849],[120.95054,14.72795],[120.95137,14.72796],[120.95192,14.7285],[120.95221,14.72769],[120.95305,14.72716],[120.95306,14.72662],[120.95194,14.72634],[120.95139,14.72552],[120.95224,14.72498],[120.95197,14.72335],[120.95366,14.7212],[120.95368,14.71985],[120.95229,14.71956],[120.95204,14.71631],[120.9526,14.71577],[120.95037,14.71548],[120.9501,14.71493],[120.94984,14.7133],[120.9504,14.7125],[120.95124,14.7125],[120.95068,14.71223],[120.95125,14.71169],[120.95126,14.70979],[120.95044,14.70897],[120.95239,14.70845],[120.95266,14.70926],[120.9535,14.70927],[120.95323,14.70818],[120.95378,14.70819],[120.95405,14.70928],[120.95461,14.70928],[120.95487,14.71091],[120.95543,14.71091],[120.9557,14.71173],[120.95681,14.71228],[120.95681,14.71282],[120.9582,14.71284],[120.9582,14.71229],[120.95682,14.71147],[120.95684,14.7093],[120.95573,14.70902],[120.95545,14.70847],[120.95602,14.70794],[120.95852,14.70823],[120.9588,14.70769],[120.95881,14.70661],[120.95687,14.70632],[120.95718,14.70253],[120.95662,14.70252],[120.95663,14.70171],[120.95775,14.70118],[120.95914,14.70173],[120.95941,14.70227],[120.96053,14.70201],[120.95999,14.69957],[120.96029,14.69794],[120.95889,14.6982],[120.95751,14.69738],[120.95751,14.69656],[120.95807,14.69657],[120.95807,14.69711],[120.95862,14.69685],[120.95838,14.69359],[120.95894,14.69278],[120.95896,14.69088],[120.96008,14.69008],[120.96094,14.68769],[120.96229,14.68671],[120.96207,14.68576],[120.96291,14.6855],[120.96319,14.68469],[120.96431,14.68483],[120.96461,14.68709],[120.96526,14.68701],[120.96507,14.68764],[120.96567,14.68765],[120.96595,14.68824],[120.96652,14.68603],[120.96768,14.68622],[120.96797,14.685],[120.96937,14.68452],[120.969,14.68379],[120.96962,14.68285],[120.96962,14.68203],[120.96907,14.68203],[120.9694,14.68144],[120.96852,14.68121],[120.968,14.68161],[120.96712,14.6812],[120.96685,14.68038],[120.96492,14.67901],[120.96577,14.67689],[120.96692,14.67853],[120.96914,14.67945],[120.97189,14.67812],[120.97467,14.67828],[120.97413,14.67611],[120.97526,14.67476],[120.9786,14.67506],[120.97512,14.67449],[120.97523,14.67336],[120.97393,14.67299],[120.97337,14.67362],[120.97335,14.67506],[120.9727,14.67533],[120.97259,14.6774],[120.97307,14.6756],[120.97354,14.67542],[120.97343,14.67696],[120.97407,14.67787],[120.973,14.678],[120.97189,14.67744],[120.97189,14.67767],[120.97054,14.67797],[120.97129,14.67748],[120.97102,14.67667],[120.97101,14.67739],[120.96994,14.67797],[120.9697,14.67873],[120.96771,14.67849],[120.96772,14.67659],[120.96857,14.67552],[120.9694,14.67634],[120.97028,14.67639],[120.97135,14.67581],[120.97164,14.675],[120.97123,14.67405],[120.97003,14.67336],[120.9704,14.67305],[120.96995,14.67232],[120.97014,14.67133],[120.96875,14.67159],[120.96865,14.67231],[120.96828,14.67167],[120.96809,14.67249],[120.96698,14.67157],[120.96755,14.67076],[120.96723,14.67031],[120.96752,14.669],[120.96617,14.66867],[120.96589,14.66921],[120.96562,14.6684],[120.96487,14.66857],[120.9659,14.66786],[120.96534,14.66794],[120.96498,14.66713],[120.96433,14.66766],[120.96449,14.66545],[120.96338,14.66436],[120.96368,14.66273],[120.96534,14.66302],[120.96559,14.66596],[120.96517,14.66668],[120.96586,14.66709],[120.9665,14.66357],[120.96753,14.66254],[120.96827,14.66264],[120.96764,14.66087],[120.96885,14.66011],[120.96941,14.66021],[120.9694,14.66075],[120.97024,14.66067],[120.96849,14.65911],[120.96868,14.6583],[120.96989,14.65786],[120.96897,14.65695],[120.96907,14.65596],[120.96758,14.65712],[120.96741,14.65504],[120.9676,14.65459],[120.96844,14.65469],[120.96899,14.65532],[120.96945,14.65506],[120.96956,14.65406],[120.97381,14.64543],[120.97289,14.64488],[120.9741,14.64461],[120.97447,14.64408],[120.97534,14.64101],[120.97536,14.63866],[120.97666,14.63894],[120.97684,14.63958],[120.97628,14.63912],[120.97609,14.63993],[120.97683,14.64075],[120.97712,14.6385],[120.97834,14.63769],[120.97779,14.6366],[120.97771,14.63534],[120.97827,14.63471],[120.97782,14.63362],[120.97846,14.63417],[120.97893,14.63399],[120.97902,14.63372],[120.97847,14.63318],[120.97754,14.63353],[120.97736,14.63326],[120.97912,14.63291],[120.9782,14.63209],[120.9783,14.63182],[120.97913,14.63201],[120.97941,14.63264],[120.97905,14.63083],[120.97952,14.63056],[120.97896,14.63056],[120.97887,14.63002],[120.98008,14.62949],[120.97926,14.62839],[120.97983,14.6274],[120.9789,14.62704],[120.97863,14.62613],[120.97864,14.62486],[120.97911,14.62451],[120.97856,14.62396],[120.97902,14.62405],[120.97875,14.62324],[120.97912,14.62315],[120.97929,14.6246],[120.98032,14.62434],[120.97958,14.62415],[120.9793,14.62342],[120.98098,14.62263],[120.98033,14.62262],[120.98015,14.62199],[120.97968,14.62261],[120.9796,14.62117],[120.97914,14.62089],[120.97858,14.62098],[120.97932,14.62171],[120.97885,14.62261],[120.97811,14.6217],[120.9784,14.62071],[120.97776,14.61943],[120.9776,14.6169],[120.97807,14.61682],[120.97861,14.61773],[120.97862,14.61736],[120.97973,14.61764],[120.97974,14.61692],[120.9788,14.61727],[120.97863,14.61637],[120.97733,14.61636],[120.97715,14.61545],[120.9763,14.61662],[120.97603,14.61635],[120.9765,14.61581],[120.97576,14.61562],[120.97593,14.61671],[120.97556,14.61679],[120.97548,14.61526],[120.97622,14.61517],[120.97623,14.61454],[120.9754,14.61435],[120.97633,14.61364],[120.97651,14.614],[120.97679,14.61409],[120.9767,14.61355],[120.97726,14.61338],[120.97808,14.6151],[120.97809,14.61411],[120.97938,14.61466],[120.979,14.61619],[120.97937,14.61638],[120.979,14.61655],[120.97974,14.61656],[120.97928,14.61583],[120.98011,14.61611],[120.97994,14.6153],[120.98058,14.61566],[120.98004,14.6143],[120.98245,14.61478],[120.98246,14.61369],[120.98208,14.61414],[120.98153,14.61386],[120.9821,14.61215],[120.98264,14.61378],[120.9831,14.61406],[120.98265,14.61243],[120.98386,14.61208],[120.98341,14.61099],[120.98406,14.61099],[120.98387,14.61135],[120.98508,14.61118],[120.98461,14.61208],[120.98414,14.61208],[120.98442,14.61253],[120.98489,14.61163],[120.98582,14.61146],[120.98546,14.60983],[120.98602,14.60966],[120.98611,14.61029],[120.98657,14.60984],[120.98621,14.60921],[120.98556,14.60938],[120.98557,14.60812],[120.98668,14.60831],[120.98714,14.60894],[120.98676,14.60957],[120.98741,14.60994],[120.98788,14.60949],[120.98806,14.61004],[120.98871,14.60995],[120.98815,14.60977],[120.98853,14.60941],[120.98973,14.6096],[120.99067,14.60798],[120.99021,14.60761],[120.99031,14.6068],[120.98995,14.60626],[120.98921,14.60625],[120.98967,14.6058],[120.98856,14.6057],[120.98903,14.60498],[120.98801,14.60516],[120.98913,14.60426],[120.98876,14.60408],[120.98801,14.6047],[120.98719,14.60289],[120.98803,14.60263],[120.98804,14.60208],[120.98868,14.60263],[120.98839,14.60362],[120.98886,14.60336],[120.98923,14.6039],[120.98905,14.60254],[120.98823,14.60181],[120.98953,14.6011],[120.98999,14.60129],[120.99055,14.60075],[120.9899,14.60092],[120.99,14.60038],[120.98945,14.60002],[120.98869,14.60128],[120.98824,14.6001],[120.9887,14.6001],[120.9888,14.59947],[120.98973,14.59939],[120.98974,14.59794],[120.9902,14.59858],[120.99076,14.59822],[120.99068,14.59695],[120.9917,14.59742],[120.99151,14.59805],[120.99198,14.59733],[120.99225,14.59769],[120.99374,14.59752],[120.99355,14.59833],[120.99651,14.5989],[120.99698,14.59855],[120.99605,14.59845],[120.99606,14.59772],[120.99495,14.59753],[120.99449,14.59608],[120.99412,14.59608],[120.99422,14.59536],[120.99505,14.596],[120.99495,14.59672],[120.99617,14.59574],[120.99699,14.59692],[120.99884,14.59775],[121.00127,14.59614],[121.00413,14.59761],[121.00626,14.59781],[121.01064,14.59613],[121.01214,14.59488],[121.01159,14.59424],[121.00562,14.59672],[121.00396,14.59653],[121.00304,14.59552],[121.00183,14.59533],[120.99941,14.59613],[120.9983,14.59603],[120.99618,14.59429],[120.99537,14.59193],[120.99324,14.59083],[120.99325,14.59047],[120.9938,14.59093],[120.99482,14.59066],[120.99464,14.59012],[120.99288,14.59029],[120.99223,14.58974],[120.99233,14.5892],[120.99344,14.58957],[120.99354,14.58903],[120.99262,14.58839],[120.99354,14.58867],[120.99364,14.58758],[120.99494,14.58786],[120.99532,14.58651],[120.99449,14.58651],[120.99505,14.58615],[120.9944,14.58596],[120.99441,14.58533],[120.99543,14.58543],[120.9956,14.58642],[120.9958,14.58525],[120.99645,14.5849],[120.99692,14.5849],[120.99709,14.58599],[120.99765,14.58608],[120.99717,14.58698],[120.99792,14.58717],[120.99791,14.58753],[120.99726,14.58743],[120.99762,14.58879],[120.99707,14.58861],[120.99697,14.58897],[120.99532,14.58733],[120.99568,14.58787],[120.99522,14.58787],[120.99559,14.58823],[120.99511,14.58913],[120.99567,14.58877],[120.99613,14.58968],[120.99659,14.58969],[120.99856,14.58817],[120.99892,14.58853],[120.99818,14.58871],[120.99845,14.58916],[120.99948,14.5889],[121.00077,14.58954],[121.00031,14.58872],[120.99957,14.58863],[120.99921,14.58772],[121.00099,14.58575],[121.00053,14.58538],[121.0009,14.58511],[121.00007,14.58511],[120.99896,14.58428],[120.99989,14.58456],[121.00092,14.58376],[121.00175,14.5844],[121.00111,14.58268],[121.00056,14.58231],[120.99981,14.58239],[121.00018,14.5833],[120.99962,14.58366],[120.99879,14.58275],[120.99888,14.5832],[120.99823,14.58328],[120.99824,14.58184],[120.99964,14.58104],[120.9977,14.58075],[120.99807,14.58012],[120.99752,14.58011],[120.99752,14.57984],[120.99863,14.57985],[120.99873,14.57868],[120.99818,14.57822],[120.99753,14.57849],[120.99542,14.57549],[120.99561,14.57513],[120.99607,14.57567],[120.99672,14.5755],[120.9969,14.5764],[120.99755,14.57578],[120.99813,14.57398],[120.99748,14.57379],[120.99869,14.57344],[120.99907,14.57263],[120.99805,14.57262],[120.99777,14.57198],[120.99731,14.57198],[120.99732,14.57135],[120.99805,14.57208],[120.99944,14.57209],[120.99954,14.57137],[120.99899,14.57109],[121.00001,14.57092],[121.00077,14.56939],[121.00049,14.56884],[120.99983,14.57038],[120.99984,14.56965],[120.9991,14.56956],[120.99882,14.5691],[120.99919,14.56929],[120.99947,14.56911],[120.99855,14.56856],[120.99855,14.56801],[120.99902,14.56802],[120.9993,14.56703],[120.99977,14.56712],[120.99967,14.56757],[121.00088,14.56749],[121.00201,14.56533],[121.00146,14.56461],[121.00109,14.56469],[121.00091,14.56397],[120.99879,14.56187],[120.99954,14.5617],[121.00001,14.56098],[121.00038,14.56116],[121.00104,14.55954],[121.00039,14.55972],[121.00068,14.559],[121.00003,14.55881],[121.00022,14.55836],[121.00058,14.55872],[121.00068,14.55818],[121.00105,14.55846],[121.00069,14.55782],[120.99966,14.5579],[121.00003,14.55836],[120.99911,14.55799],[120.99965,14.55899],[120.99891,14.5588],[120.99855,14.55789],[120.99799,14.55825],[120.99873,14.55871],[120.99812,14.56431],[120.99692,14.56402],[120.99711,14.56357],[120.99637,14.56303],[120.99647,14.56257],[120.99711,14.56303],[120.99721,14.56276],[120.99619,14.56212],[120.99611,14.56149],[120.99657,14.56149],[120.9963,14.56068],[120.99685,14.56095],[120.99667,14.56059],[120.99826,14.55961],[120.9978,14.55906],[120.99752,14.55942],[120.99743,14.55852],[120.99669,14.55842],[120.99707,14.55734],[120.9968,14.55679],[120.99772,14.55698],[120.99753,14.55798],[120.99799,14.55807],[120.99818,14.55762],[120.998,14.5568],[120.99708,14.5568],[120.99699,14.55634],[120.99803,14.55446],[120.99747,14.55382],[120.99757,14.55337],[120.99813,14.55337],[120.99757,14.5531],[120.99777,14.5521],[120.99563,14.55245],[120.99665,14.55282],[120.99645,14.55417],[120.99562,14.55407],[120.99487,14.55479],[120.99385,14.55478],[120.99293,14.55414],[120.99283,14.55486],[120.99199,14.55476],[120.99264,14.55522],[120.9918,14.55531],[120.99235,14.55603],[120.99151,14.55657],[120.9929,14.55649],[120.99347,14.55496],[120.99421,14.55542],[120.99347,14.55577],[120.99374,14.5565],[120.99317,14.55767],[120.9928,14.5573],[120.99169,14.55765],[120.99289,14.55785],[120.99232,14.55956],[120.99093,14.55927],[120.99065,14.55954],[120.9912,14.55991],[120.99055,14.55981],[120.99064,14.56018],[120.99046,14.55972],[120.98926,14.55971],[120.98983,14.55782],[120.99095,14.55683],[120.9904,14.55665],[120.99059,14.55557],[120.99106,14.55539],[120.99032,14.55511],[120.99097,14.55494],[120.98996,14.55421],[120.99117,14.55367],[120.99034,14.5533],[120.99099,14.55322],[120.99099,14.55286],[120.99015,14.55294],[120.99035,14.55204],[120.99118,14.55169],[120.9922,14.55197],[120.99202,14.55133],[120.99156,14.5516],[120.99147,14.55087],[120.99203,14.55079],[120.99166,14.55042],[120.99204,14.5498],[120.99148,14.54934],[120.99138,14.55015],[120.99139,14.54961],[120.99065,14.54951],[120.99065,14.54915],[120.9913,14.54925],[120.99084,14.54861],[120.99167,14.5488],[120.99176,14.54925],[120.99242,14.54898],[120.99215,14.54799],[120.9927,14.54817],[120.99289,14.54772],[120.99243,14.54727],[120.9929,14.54628],[120.99208,14.54555],[120.99245,14.54546],[120.99246,14.5442],[120.99376,14.54439],[120.9934,14.5424],[120.99424,14.54249],[120.99377,14.54285],[120.99385,14.54376],[120.99442,14.54322],[120.99452,14.54232],[120.99341,14.54122],[120.99287,14.53986],[120.99445,14.53978],[120.99445,14.53915],[120.99511,14.5388],[120.99456,14.53789],[120.99363,14.53806],[120.99335,14.53752],[120.99494,14.53645],[120.99586,14.53736],[120.99791,14.53692],[120.99874,14.5372],[120.99856,14.53675],[120.99744,14.53683],[120.99754,14.5362],[120.9967,14.53655],[120.99689,14.53592],[120.99643,14.53574],[120.99717,14.53583],[120.99653,14.53501],[120.99755,14.53466],[120.99729,14.53348],[120.9983,14.5344],[120.99784,14.5334],[120.99627,14.53302],[120.99645,14.53411],[120.99487,14.53419],[120.99552,14.53365],[120.99432,14.53364],[120.9947,14.53238],[120.99619,14.53212],[120.99554,14.53211],[120.99555,14.53103],[120.99397,14.53083],[120.9936,14.53038],[120.99407,14.52966],[120.9938,14.5293],[120.99445,14.52912],[120.99381,14.52848],[120.99436,14.5284],[120.9939,14.52803],[120.99428,14.5274],[120.99401,14.52695],[120.99438,14.52695],[120.99392,14.52623],[120.99448,14.52605],[120.99392,14.52568],[120.99467,14.52533],[120.9943,14.52487],[120.99477,14.52488],[120.99413,14.52325],[120.99515,14.52316],[120.99508,14.52127],[120.99471,14.52144],[120.99489,14.52199],[120.99396,14.52198],[120.99443,14.52099],[120.99518,14.52063],[120.99462,14.52054],[120.99472,14.51955],[120.99381,14.51782],[120.99455,14.51801],[120.99493,14.51756],[120.99038,14.51707],[120.99056,14.51797],[120.99009,14.51842],[120.98917,14.51778],[120.9901,14.51752],[120.98964,14.51724],[120.98992,14.51706],[120.98909,14.51697],[120.98891,14.51642],[120.98779,14.51677],[120.98771,14.51506],[120.98994,14.51471],[120.98929,14.51453],[120.98931,14.51299],[120.98804,14.50928],[120.98812,14.5109],[120.98738,14.51081],[120.98747,14.51126],[120.98664,14.51035],[120.98636,14.51062],[120.98673,14.51107],[120.98636,14.51116],[120.98535,14.50925],[120.98359,14.50969],[120.98368,14.51014],[120.98331,14.50987],[120.98284,14.51041],[120.98321,14.51068],[120.98386,14.51032],[120.98468,14.51214],[120.98403,14.5115],[120.98198,14.51284],[120.98153,14.51166],[120.98061,14.51093],[120.97875,14.51164],[120.97791,14.51145],[120.978,14.51244],[120.97688,14.51243],[120.97625,14.51107],[120.97654,14.5099],[120.97561,14.51007],[120.97561,14.50962],[120.97644,14.50981],[120.97691,14.50909],[120.97709,14.50981],[120.9783,14.51001],[120.97849,14.50947],[120.97979,14.50939],[120.97897,14.50739],[120.97971,14.50722],[120.97971,14.50749],[120.98017,14.50776],[120.97999,14.50731],[120.98045,14.50758],[120.98074,14.50686],[120.9811,14.50732],[120.98093,14.5065],[120.98139,14.50606],[120.98213,14.50697],[120.98195,14.50597],[120.98287,14.50706],[120.98288,14.50616],[120.98389,14.50707],[120.98353,14.50571],[120.98549,14.50465],[120.98613,14.50501],[120.98587,14.50384],[120.98753,14.50403],[120.98828,14.50331],[120.98929,14.50486],[120.98911,14.50422],[120.99004,14.5036],[120.98903,14.50323],[120.99024,14.50252],[120.9923,14.51013],[120.99305,14.50995],[120.99285,14.51094],[120.9935,14.51068],[120.99341,14.51023],[120.99415,14.51077],[120.99407,14.50978],[120.99323,14.50959],[120.99398,14.50906],[120.9925,14.50931],[120.99231,14.50895],[120.99427,14.50834],[120.9939,14.50806],[120.99409,14.50743],[120.99362,14.50761],[120.99364,14.50625],[120.99289,14.50634],[120.99281,14.5057],[120.99243,14.50579],[120.99272,14.50462],[120.99189,14.50461],[120.99245,14.50434],[120.99227,14.50389],[120.99152,14.50434],[120.99125,14.50307],[120.99209,14.50271],[120.99208,14.50371],[120.99283,14.50344],[120.99245,14.50407],[120.9932,14.50354],[120.99391,14.50662],[120.99492,14.50753],[120.99446,14.50798],[120.9951,14.50843],[120.99491,14.50906],[120.99564,14.51043],[120.99572,14.51178],[120.99636,14.51233],[120.99635,14.51341],[120.99737,14.51378],[120.99672,14.51423],[120.99726,14.51622],[120.99917,14.51958],[120.99808,14.52753],[120.99901,14.52799],[120.99964,14.5298],[121.00019,14.53035],[121.00389,14.53182],[121.0013,14.53054],[121.00048,14.52962],[120.99983,14.52971],[120.99938,14.52772],[120.99855,14.52744],[120.99964,14.51959],[120.99808,14.51695],[120.99811,14.51361],[120.99729,14.51216],[120.99749,14.51135],[120.99656,14.51143],[120.99602,14.50953],[120.99611,14.50916],[120.99667,14.50971],[120.99723,14.50908],[120.99723,14.50854],[120.99622,14.50826],[120.9965,14.50754],[120.99836,14.50665],[120.99688,14.50664],[120.99653,14.50393],[120.99607,14.50374],[120.99635,14.50329],[120.99552,14.50301],[120.99553,14.50202],[120.9959,14.5022],[120.99554,14.50094],[120.99443,14.50075],[120.99434,14.49966],[120.9949,14.49994],[120.99527,14.49967],[120.99407,14.49912],[120.99436,14.49785],[120.99538,14.49768],[120.99686,14.49842],[120.99854,14.49681],[120.99975,14.49636],[120.99957,14.49573],[120.99734,14.49661],[120.99624,14.49561],[120.99381,14.49667],[120.99505,14.49325],[120.99449,14.4937],[120.99273,14.49368],[120.99237,14.49241],[120.99245,14.49368],[120.99383,14.49496],[120.99307,14.49676],[120.99343,14.49875],[120.99324,14.49911],[120.99194,14.49883],[120.99204,14.49829],[120.99075,14.49674],[120.99001,14.497],[120.99056,14.49737],[120.99037,14.49773],[120.99129,14.49945],[120.99221,14.49973],[120.99239,14.50064],[120.99155,14.50063],[120.99127,14.50108],[120.99062,14.50089],[120.99026,14.49972],[120.9898,14.49998],[120.98999,14.49944],[120.98944,14.49826],[120.98898,14.49826],[120.98762,14.49436],[120.98827,14.49437],[120.98883,14.49356],[120.98866,14.49229],[120.99033,14.49176],[120.99071,14.49086],[120.98979,14.49022],[120.98943,14.48932],[120.98823,14.48885],[120.98879,14.48787],[120.99083,14.48815],[120.99065,14.48725],[120.99205,14.48717],[120.99222,14.48808],[120.99269,14.48763],[120.99306,14.48817],[120.99306,14.48736],[120.99362,14.48709],[120.99335,14.48619],[120.99261,14.48654],[120.99298,14.486],[120.99243,14.48564],[120.99121,14.4868],[120.98983,14.48652],[120.98992,14.48589],[120.99049,14.48508],[120.99142,14.48482],[120.99133,14.484],[120.99236,14.48365],[120.99235,14.48401],[120.99254,14.48401],[120.99292,14.48275],[120.99477,14.48313],[120.9958,14.48259],[120.99637,14.48061],[120.99684,14.48043],[120.99675,14.47998],[120.99628,14.48025],[120.99582,14.47988],[120.99526,14.48051],[120.99517,14.48006],[120.99582,14.4797],[120.99546,14.47907],[120.99434,14.48005],[120.99323,14.47977],[120.99313,14.48031],[120.9922,14.47976],[120.99285,14.47995],[120.99268,14.47904],[120.9937,14.47905],[120.99416,14.47842],[120.99352,14.47751],[120.99288,14.47742],[120.99261,14.47642],[120.99335,14.47589],[120.99502,14.47635],[120.99549,14.47527],[120.99596,14.47519],[120.99597,14.4741],[120.99346,14.47426],[120.99281,14.47471],[120.99235,14.47425],[120.99151,14.4747],[120.9904,14.47441],[120.9907,14.47153],[120.99127,14.47072],[120.99044,14.46935],[120.98905,14.46979],[120.9884,14.46979],[120.9884,14.46925],[120.98785,14.46915],[120.98664,14.46986],[120.98423,14.46957],[120.98377,14.46921],[120.98378,14.4683],[120.98267,14.46775],[120.98332,14.46703],[120.9822,14.46784],[120.98377,14.46948],[120.98348,14.47011],[120.98209,14.46983],[120.98173,14.46919],[120.98126,14.47],[120.98024,14.4699],[120.97978,14.46899],[120.98007,14.46827],[120.97951,14.46782],[120.97971,14.46709],[120.97833,14.46509],[120.97844,14.46365],[120.97761,14.46355],[120.97761,14.46256],[120.97696,14.463],[120.97714,14.46346],[120.97528,14.46407],[120.97482,14.46371],[120.975,14.46461],[120.97444,14.4647],[120.97417,14.46424],[120.97407,14.46488],[120.97352,14.46442],[120.97193,14.46513],[120.97231,14.46477],[120.97204,14.46377],[120.97287,14.46441],[120.97288,14.4636],[120.97343,14.4637],[120.97352,14.46433],[120.97446,14.46298],[120.97354,14.46198],[120.97288,14.46261],[120.97316,14.46306],[120.97241,14.46342],[120.97279,14.4627],[120.97252,14.46215],[120.97308,14.46161],[120.97141,14.46115],[120.97133,14.45961],[120.96993,14.4615],[120.96816,14.46202],[120.96817,14.46112],[120.9691,14.46095],[120.96864,14.46067],[120.9691,14.46059],[120.96902,14.45932],[120.96827,14.46004],[120.96845,14.46067],[120.96799,14.46022],[120.96828,14.45886],[120.96978,14.45689],[120.97054,14.455],[120.97046,14.45373],[120.96982,14.45309],[120.97011,14.45201],[120.96993,14.45101],[120.9697,14.45282],[120.96984,14.45326],[120.97029,14.45372],[120.97035,14.45511],[120.96816,14.45888],[120.96758,14.46045],[120.96758,14.4623],[120.96613,14.46439],[120.966,14.46572],[120.96766,14.46645],[120.96785,14.466],[120.96793,14.4667],[120.96957,14.46839],[120.96935,14.4693],[120.96752,14.4699],[120.96811,14.47122],[120.96915,14.47196],[120.97063,14.47098],[120.97158,14.47162],[120.96993,14.47545],[120.97035,14.47569],[120.97082,14.47497],[120.97166,14.47525],[120.97202,14.47652],[120.97128,14.47642],[120.97253,14.47777],[120.97174,14.47797],[120.97132,14.47693],[120.97119,14.47762],[120.97183,14.47815],[120.97346,14.47825],[120.97775,14.48196],[120.97827,14.48352],[120.97963,14.4849],[120.98018,14.48667],[120.98133,14.48792],[120.98198,14.49142],[120.98252,14.49163],[120.98063,14.49277],[120.97911,14.49223],[120.97886,14.4919],[120.97928,14.49133],[120.97887,14.49105],[120.97922,14.49058],[120.97825,14.49113],[120.97811,14.49095],[120.97906,14.49031],[120.97894,14.48947],[120.97867,14.49028],[120.97827,14.49004],[120.97881,14.48901],[120.97815,14.48933],[120.97771,14.48865],[120.97835,14.48832],[120.97859,14.48873],[120.97855,14.48826],[120.97799,14.48833],[120.97613,14.4867],[120.97551,14.48555],[120.97485,14.48549],[120.97458,14.48462],[120.97202,14.4814],[120.97366,14.48652],[120.97672,14.49096],[120.97676,14.49232],[120.97565,14.49232],[120.97561,14.49269],[120.97831,14.49268],[120.98107,14.49328],[120.98218,14.49975],[120.98174,14.50195],[120.9828,14.50204],[120.98483,14.50332],[120.98806,14.50183],[120.98738,14.50157],[120.98745,14.50064],[120.98652,14.49996],[120.98608,14.50023],[120.98527,14.49942],[120.98543,14.49893],[120.98422,14.49787],[120.98482,14.49746],[120.98399,14.49762],[120.98351,14.49652],[120.98479,14.49678],[120.98479,14.49634],[120.98323,14.49614],[120.98327,14.49663],[120.98278,14.49658],[120.98117,14.49291],[120.98285,14.49175],[120.98534,14.49201],[120.98759,14.49554],[120.98886,14.49965],[120.98889,14.50154],[120.98974,14.50259],[120.97788,14.50609],[120.97421,14.50811],[120.97783,14.51433],[120.97933,14.51882],[120.98072,14.51861],[120.98061,14.51914],[120.97937,14.51922],[120.97912,14.52956],[120.98015,14.52966],[120.98015,14.53011],[120.97912,14.53002],[120.97866,14.54144],[120.98036,14.54187],[120.9798,14.54254],[120.98046,14.54191],[120.98227,14.54235],[120.9828,14.54276],[120.9826,14.54357],[120.983,14.54357],[120.98189,14.54422],[120.98205,14.54357],[120.98199,14.54352],[120.98052,14.54897],[120.98024,14.55096],[120.98061,14.55141],[120.98099,14.55042],[120.98154,14.55088],[120.98053,14.54997],[120.98081,14.54952],[120.98331,14.55008],[120.98349,14.55072],[120.98256,14.5517],[120.98173,14.55124],[120.98126,14.55187],[120.98051,14.55177],[120.98023,14.5524],[120.97993,14.5515],[120.97849,14.55584],[120.97759,14.55553],[120.97861,14.55606],[120.97841,14.55654],[120.97848,14.55743],[120.97893,14.55801],[120.97932,14.55828],[120.97852,14.5574],[120.97866,14.55611],[120.98228,14.5581],[120.97978,14.56242],[120.9802,14.56371],[120.97991,14.56242],[120.98236,14.55816],[120.9859,14.56011],[120.98571,14.56055],[120.98511,14.56027],[120.98565,14.56068],[120.98507,14.56164],[120.98464,14.56145],[120.98537,14.56186],[120.98363,14.56114],[120.98272,14.56176],[120.98302,14.56218],[120.98388,14.56145],[120.98546,14.56242],[120.97942,14.57529],[120.97708,14.57585],[120.97558,14.57845],[120.97437,14.57738],[120.97397,14.57836],[120.97356,14.57864],[120.97303,14.5781],[120.97215,14.57907],[120.9718,14.58023],[120.97253,14.58043],[120.97216,14.58144],[120.97338,14.58218],[120.97317,14.58254],[120.97254,14.58198],[120.97306,14.58259],[120.97276,14.58315],[120.96887,14.57959],[120.96819,14.58026],[120.97073,14.58278],[120.96947,14.58363],[120.96681,14.58105],[120.96627,14.58158],[120.96904,14.58428],[120.9681,14.58527],[120.96558,14.58289],[120.9649,14.58353],[120.96731,14.58585],[120.96638,14.5868],[120.96228,14.58288],[120.96195,14.58323],[120.96574,14.58751],[120.96471,14.58857],[120.96225,14.58623],[120.96195,14.58656],[120.96403,14.58925],[120.96406,14.59011],[120.96483,14.5911],[120.96495,14.59201],[120.96298,14.5928],[120.96306,14.59382],[120.9629,14.59302],[120.96243,14.59293],[120.96281,14.59024],[120.96189,14.59052],[120.96206,14.59222],[120.96161,14.59223],[120.96128,14.58891],[120.95579,14.5782],[120.95571,14.57253],[120.95566,14.57251],[120.95575,14.57823],[120.95904,14.58465],[120.95649,14.58731],[120.95578,14.58886],[120.95388,14.5903],[120.95387,14.59112],[120.95584,14.59292],[120.95869,14.59446],[120.95949,14.59434],[120.9597,14.59491],[120.96267,14.59507],[120.96275,14.59435],[120.96319,14.59424],[120.96339,14.59511],[120.96753,14.59532],[120.96678,14.59642],[120.96022,14.59647],[120.95932,14.59603],[120.95814,14.59647],[120.95606,14.59638],[120.94337,14.59477],[120.94261,14.59819],[120.93511,14.6028],[120.9328,14.6029],[120.93516,14.60286],[120.94251,14.59855],[120.95421,14.60111],[120.95371,14.60258],[120.95191,14.60316],[120.95087,14.60456],[120.95012,14.60434],[120.94818,14.6071],[120.94864,14.60725],[120.94854,14.60797],[120.94799,14.60811],[120.94688,14.60981],[120.94826,14.61114],[120.94807,14.61205],[120.94392,14.61778],[120.94399,14.61786],[120.95633,14.60072],[120.96047,14.60085],[120.9603,14.602],[120.95781,14.60181],[120.95774,14.60269],[120.96024,14.60288],[120.96014,14.60404],[120.95815,14.60389],[120.9581,14.60463],[120.9601,14.60479],[120.95999,14.60601],[120.95798,14.60587],[120.95792,14.60662],[120.95993,14.60675],[120.95983,14.60799],[120.95782,14.60786],[120.95776,14.60859],[120.95976,14.60873],[120.95967,14.60997],[120.95761,14.60984],[120.95757,14.61056],[120.95957,14.61071],[120.95948,14.61195],[120.95745,14.61179],[120.95741,14.61253],[120.95945,14.61269],[120.95937,14.61359],[120.95687,14.6134],[120.95657,14.61955],[120.95545,14.61922],[120.95802,14.62037],[120.95511,14.62082],[120.95423,14.62516],[120.95363,14.62552],[120.9541,14.62568],[120.9536,14.62583],[120.95404,14.62593],[120.95386,14.62816],[120.95715,14.62824],[120.95922,14.62601],[120.95965,14.62656],[120.95929,14.62937],[120.95861,14.62977],[120.9462,14.62983],[120.94509,14.62939],[120.94556,14.62982],[120.94451,14.62985],[120.94399,14.6302],[120.94367,14.63051],[120.94435,14.63017],[120.94332,14.63124],[120.94349,14.63224],[120.94256,14.63232],[120.94227,14.63376],[120.94162,14.63368],[120.9414,14.63424],[120.95322,14.63439],[120.95705,14.63333],[120.95788,14.63365],[120.95746,14.63438],[120.95699,14.63396],[120.95686,14.63556],[120.95626,14.63592],[120.95543,14.63598],[120.95527,14.63539],[120.95512,14.63591],[120.95281,14.6361],[120.95266,14.63521],[120.95357,14.63518],[120.95266,14.635],[120.95185,14.63519],[120.95263,14.63541],[120.95269,14.63614],[120.94915,14.6365],[120.94902,14.63528],[120.9508,14.63519],[120.95002,14.63506],[120.94898,14.63526],[120.94904,14.63655],[120.94716,14.63682],[120.95379,14.63609],[120.95458,14.63683],[120.95391,14.63701],[120.95262,14.63892],[120.95186,14.63843],[120.95255,14.63899],[120.94916,14.64381],[120.94763,14.6429],[120.94904,14.64399],[120.9484,14.64492],[120.9468,14.64397],[120.94832,14.64501],[120.94766,14.64603],[120.94826,14.64646],[120.94747,14.6476],[120.94863,14.64882],[120.9479,14.65028],[120.94688,14.65108],[120.94788,14.65208],[120.94705,14.65325],[120.94718,14.65319],[120.94783,14.65226],[120.94796,14.65222],[120.948,14.65274],[120.94081,14.66169],[120.93968,14.66239],[120.93926,14.66181],[120.93896,14.66257],[120.93784,14.66181],[120.93963,14.66326],[120.93873,14.66365],[120.93886,14.6649],[120.93622,14.66803],[120.93191,14.67194],[120.9305,14.67409],[120.93056,14.67525],[120.93128,14.67604],[120.92971,14.67664],[120.92787,14.67833],[120.92658,14.68038],[120.92651,14.68155],[120.9251,14.68433],[120.91695,14.69193],[120.91676,14.69167],[120.91266,14.69503],[120.91214,14.69564],[120.91285,14.69653],[120.91293,14.69685],[120.91225,14.6961],[120.91224,14.6967],[120.9116,14.69598],[120.91105,14.69628],[120.9064,14.70069],[120.90911,14.70297],[120.91142,14.70415],[120.91416,14.70731],[120.91487,14.70872],[120.91431,14.71103],[120.91459,14.71207],[120.91598,14.7126],[120.91765,14.71215],[120.91841,14.71296],[120.92356,14.70849],[120.92638,14.70535],[120.92713,14.70427],[120.92733,14.70265],[120.93012,14.70222],[120.93398,14.69784],[120.93768,14.69499],[120.94316,14.68961],[120.94534,14.68849],[120.95313,14.69424],[120.95225,14.6953],[120.95183,14.69505],[120.9514,14.69546],[120.94951,14.69856],[120.94926,14.69837],[120.9473,14.7006],[120.94207,14.70772],[120.93571,14.71487],[120.9355,14.71654],[120.93458,14.71823],[120.93221,14.72155],[120.93124,14.72241],[120.93084,14.72208],[120.92938,14.72431],[120.93058,14.72495],[120.92928,14.72681],[120.92664,14.73295],[120.92575,14.73264],[120.92596,14.7343],[120.92656,14.7356],[120.92707,14.7356]]],[[[120.9413,14.73302],[120.94018,14.73382],[120.94017,14.73464],[120.93961,14.73463],[120.93988,14.73545],[120.93849,14.73516],[120.93933,14.73463],[120.93936,14.73192],[120.9402,14.73165],[120.94021,14.73003],[120.94161,14.7295],[120.9416,14.73085],[120.94075,14.73166],[120.9413,14.73302]]],[[[120.94158,14.73275],[120.9413,14.73248],[120.94158,14.73248],[120.94158,14.73275]]],[[[120.94214,14.73248],[120.94186,14.73221],[120.94214,14.73221],[120.94214,14.73248]]],[[[120.9427,14.73168],[120.94242,14.73194],[120.9427,14.73195],[120.9427,14.73168]]],[[[120.94187,14.73167],[120.94243,14.7314],[120.94187,14.7314],[120.94187,14.73167]]],[[[120.9427,14.73168],[120.94354,14.73195],[120.94382,14.73114],[120.9427,14.7314],[120.9427,14.73168]]],[[[120.94858,14.72902],[120.94885,14.72929],[120.94886,14.72902],[120.94858,14.72902]]],[[[120.94857,14.72983],[120.9483,14.72929],[120.94829,14.72983],[120.94857,14.72983]]],[[[120.94273,14.72869],[120.94328,14.72924],[120.94273,14.72924],[120.94273,14.72869]]],[[[120.93199,14.73027],[120.93208,14.73045],[120.93185,14.73049],[120.93199,14.73027]]],[[[120.92907,14.73042],[120.92911,14.73047],[120.92906,14.73047],[120.92907,14.73042]]],[[[120.9324,14.73131],[120.93245,14.73118],[120.93268,14.73132],[120.9324,14.73131]]],[[[120.93379,14.7316],[120.93434,14.73214],[120.93546,14.73215],[120.93462,14.73187],[120.93463,14.73106],[120.93407,14.73106],[120.93435,14.7316],[120.93379,14.7316]]],[[[120.93351,14.73159],[120.93379,14.73128],[120.93365,14.73119],[120.93351,14.73159]]],[[[120.93296,14.73132],[120.93323,14.73159],[120.93295,14.73154],[120.93296,14.73132]]],[[[120.92821,14.73263],[120.92848,14.73318],[120.9282,14.73317],[120.92821,14.73263]]],[[[120.93697,14.73429],[120.93683,14.73433],[120.93683,14.73406],[120.93697,14.73429]]],[[[120.93655,14.7346],[120.93682,14.73515],[120.93659,14.73483],[120.93654,14.73515],[120.93655,14.7346]]],[[[120.92735,14.73479],[120.92763,14.73507],[120.92735,14.73493],[120.92735,14.73479]]],[[[120.94468,14.72817],[120.94413,14.72762],[120.94469,14.72763],[120.94468,14.72817]]],[[[120.94942,14.72767],[120.94971,14.72686],[120.95027,14.72686],[120.94998,14.72767],[120.94942,14.72767]]],[[[120.94415,14.72627],[120.94385,14.72762],[120.94246,14.72761],[120.94247,14.72652],[120.94303,14.72599],[120.94415,14.726],[120.94415,14.72545],[120.94332,14.7249],[120.94362,14.72328],[120.94473,14.72356],[120.94499,14.72546],[120.94554,14.72601],[120.94415,14.72627]]],[[[120.95027,14.72659],[120.94999,14.72632],[120.95027,14.72632],[120.95027,14.72659]]],[[[120.94945,14.72496],[120.94917,14.72468],[120.94945,14.72469],[120.94945,14.72496]]],[[[120.94612,14.7233],[120.94557,14.72276],[120.94613,14.72276],[120.94612,14.7233]]],[[[120.94724,14.72277],[120.94697,14.7225],[120.94724,14.7225],[120.94724,14.72277]]],[[[120.93136,14.72344],[120.9315,14.7234],[120.93164,14.72344],[120.93136,14.72344]]],[[[120.93803,14.7254],[120.9383,14.72567],[120.93802,14.72567],[120.93803,14.7254]]],[[[120.93416,14.72672],[120.93411,14.72695],[120.93411,14.72672],[120.93416,14.72672]]],[[[120.93467,14.72722],[120.93481,14.72727],[120.93467,14.72727],[120.93467,14.72722]]],[[[120.93589,14.72046],[120.93613,14.71969],[120.9364,14.72028],[120.93589,14.72046]]],[[[120.94923,14.71818],[120.94868,14.7179],[120.94924,14.71791],[120.94923,14.71818]]],[[[120.94841,14.71682],[120.94842,14.71573],[120.94981,14.71574],[120.95008,14.7171],[120.9512,14.71684],[120.95119,14.71738],[120.94896,14.71763],[120.94841,14.71682]]],[[[120.95148,14.71657],[120.9512,14.7163],[120.95148,14.7163],[120.95148,14.71657]]],[[[120.95769,14.70768],[120.95602,14.70767],[120.95575,14.70685],[120.95742,14.70687],[120.95769,14.70768]]],[[[120.9538,14.70683],[120.95324,14.7071],[120.95213,14.70655],[120.95131,14.70519],[120.95186,14.70519],[120.95214,14.70573],[120.9527,14.7052],[120.95353,14.70548],[120.9538,14.70683]]],[[[120.95102,14.706],[120.9513,14.70627],[120.95102,14.70627],[120.95102,14.706]]],[[[120.9435,14.70647],[120.94335,14.70701],[120.94345,14.70647],[120.9435,14.70647]]],[[[120.94852,14.70516],[120.94797,14.70488],[120.94852,14.70489],[120.94852,14.70516]]],[[[120.95382,14.70467],[120.95354,14.70439],[120.95382,14.70439],[120.95382,14.70467]]],[[[120.95105,14.70329],[120.95049,14.70274],[120.95133,14.70247],[120.95105,14.70329]]],[[[120.95078,14.7022],[120.95022,14.70192],[120.95078,14.70193],[120.95078,14.7022]]],[[[120.95274,14.70086],[120.95303,14.69951],[120.95359,14.69924],[120.95357,14.70087],[120.95274,14.70086]]],[[[120.95608,14.70062],[120.95609,14.69953],[120.95665,14.69954],[120.9572,14.70063],[120.95608,14.70062]]],[[[120.95275,14.69521],[120.95166,14.69706],[120.95221,14.69733],[120.95361,14.6968],[120.95335,14.69544],[120.95275,14.69521]]],[[[120.9519,14.6962],[120.95218,14.69584],[120.95181,14.69566],[120.9519,14.6962]]],[[[120.95475,14.69464],[120.95364,14.69409],[120.95475,14.6941],[120.95475,14.69464]]],[[[120.95338,14.69165],[120.95269,14.69087],[120.95311,14.69061],[120.95338,14.69165]]],[[[120.95252,14.68979],[120.95233,14.68961],[120.95252,14.6897],[120.95252,14.68979]]],[[[120.95113,14.68951],[120.95038,14.68977],[120.95034,14.68945],[120.95113,14.68951]]],[[[120.95206,14.68951],[120.95187,14.68933],[120.95206,14.68933],[120.95206,14.68951]]],[[[120.91245,14.69698],[120.91239,14.69702],[120.91239,14.69698],[120.91245,14.69698]]],[[[120.91418,14.69894],[120.91278,14.70037],[120.91129,14.70054],[120.90942,14.70251],[120.90859,14.70196],[120.9085,14.70141],[120.90915,14.70115],[120.91216,14.69738],[120.91418,14.69894]]],[[[120.91899,14.70567],[120.91923,14.70571],[120.91899,14.70571],[120.91899,14.70567]]],[[[120.92117,14.7065],[120.92144,14.7074],[120.91982,14.7068],[120.91927,14.70576],[120.92117,14.7065]]],[[[120.96193,14.68608],[120.96184,14.68603],[120.96193,14.68603],[120.96193,14.68608]]],[[[120.95749,14.68441],[120.95707,14.68382],[120.95749,14.6836],[120.95749,14.68441]]],[[[120.95903,14.68316],[120.95898,14.68307],[120.95903,14.68307],[120.95903,14.68316]]],[[[120.9582,14.6822],[120.95882,14.68117],[120.95711,14.67975],[120.95905,14.68086],[120.95904,14.6818],[120.9582,14.6822]]],[[[120.96373,14.68198],[120.96401,14.68131],[120.96457,14.6814],[120.96433,14.68199],[120.96373,14.68198]]],[[[120.96327,14.6813],[120.96322,14.68157],[120.96299,14.6813],[120.96327,14.6813]]],[[[120.96364,14.68157],[120.96355,14.68148],[120.96364,14.68148],[120.96364,14.68157]]],[[[120.96354,14.68193],[120.96364,14.68198],[120.96354,14.68198],[120.96354,14.68193]]],[[[120.9638,14.67981],[120.96366,14.67968],[120.9638,14.67959],[120.9638,14.67981]]],[[[120.95627,14.68029],[120.95655,14.68002],[120.95734,14.6803],[120.95627,14.68029]]],[[[120.95743,14.68043],[120.95738,14.68057],[120.95738,14.68043],[120.95743,14.68043]]],[[[120.96301,14.67949],[120.96274,14.67899],[120.96301,14.67895],[120.96301,14.67949]]],[[[120.96171,14.67903],[120.9619,14.67925],[120.96162,14.67925],[120.96171,14.67903]]],[[[120.95977,14.67874],[120.95987,14.6782],[120.96079,14.6782],[120.96032,14.67892],[120.95977,14.67874]]],[[[120.96079,14.67875],[120.96088,14.67848],[120.96098,14.67866],[120.96079,14.67875]]],[[[120.96325,14.6785],[120.96293,14.67813],[120.96302,14.67795],[120.96367,14.67814],[120.96325,14.6785]]],[[[120.95885,14.67801],[120.95921,14.67869],[120.95852,14.67841],[120.95825,14.67728],[120.95932,14.67657],[120.95885,14.67801]]],[[[120.96188,14.67627],[120.96188,14.67573],[120.96258,14.67574],[120.96267,14.6765],[120.96188,14.67627]]],[[[120.96633,14.67631],[120.96662,14.67604],[120.96661,14.67631],[120.96633,14.67631]]],[[[120.9669,14.6755],[120.96634,14.6755],[120.96635,14.67496],[120.96718,14.67496],[120.9669,14.6755]]],[[[120.96189,14.67519],[120.96217,14.67546],[120.96189,14.67546],[120.96189,14.67519]]],[[[120.96156,14.67546],[120.96161,14.6755],[120.96156,14.6755],[120.96156,14.67546]]],[[[120.9638,14.6748],[120.9637,14.67462],[120.96389,14.67462],[120.9638,14.6748]]],[[[120.96296,14.67443],[120.96273,14.6747],[120.96259,14.67443],[120.96296,14.67443]]],[[[120.96315,14.67434],[120.96362,14.67398],[120.96417,14.67408],[120.96371,14.67453],[120.96315,14.67434]]],[[[120.95661,14.67351],[120.95677,14.67175],[120.95705,14.67135],[120.95712,14.67352],[120.95661,14.67351]]],[[[120.96493,14.67291],[120.96497,14.67277],[120.96497,14.67291],[120.96493,14.67291]]],[[[120.96855,14.67276],[120.96832,14.67258],[120.96855,14.67267],[120.96855,14.67276]]],[[[120.96744,14.67225],[120.96726,14.67212],[120.96744,14.67212],[120.96744,14.67225]]],[[[120.95916,14.66947],[120.95949,14.66916],[120.95985,14.66988],[120.95948,14.66997],[120.95916,14.66947]]],[[[120.96561,14.66921],[120.96552,14.66912],[120.96561,14.66912],[120.96561,14.66921]]],[[[120.96014,14.66853],[120.96005,14.66844],[120.96014,14.66844],[120.96014,14.66853]]],[[[120.96279,14.66801],[120.9628,14.66711],[120.96312,14.66711],[120.96321,14.66765],[120.96279,14.66801]]],[[[120.96033,14.66785],[120.9607,14.6679],[120.96033,14.6679],[120.96033,14.66785]]],[[[120.9613,14.64396],[120.96102,14.64342],[120.96139,14.64369],[120.9613,14.64396]]],[[[120.96038,14.64314],[120.96001,14.64287],[120.96047,14.64287],[120.96038,14.64314]]],[[[120.9617,14.64071],[120.96216,14.64072],[120.96207,14.64108],[120.96179,14.64107],[120.9617,14.64071]]],[[[120.9578,14.64041],[120.95771,14.64031],[120.9578,14.64032],[120.9578,14.64041]]],[[[120.97592,14.63821],[120.97583,14.63812],[120.97592,14.63812],[120.97592,14.63821]]],[[[120.96952,14.63753],[120.9689,14.63481],[120.97029,14.63464],[120.97083,14.63709],[120.97138,14.63736],[120.96952,14.63753]]],[[[120.97611,14.6374],[120.97602,14.63722],[120.97612,14.63722],[120.97611,14.6374]]],[[[120.97565,14.63695],[120.97537,14.63722],[120.97538,14.63685],[120.97565,14.63695]]],[[[120.97335,14.63476],[120.97326,14.63467],[120.97335,14.63467],[120.97335,14.63476]]],[[[120.9626,14.63331],[120.96091,14.63546],[120.95787,14.63354],[120.9589,14.63174],[120.9592,14.62957],[120.96041,14.62977],[120.96068,14.63049],[120.96161,14.63023],[120.96225,14.63078],[120.96197,14.63177],[120.9626,14.63331]]],[[[120.97781,14.63435],[120.97754,14.63398],[120.97781,14.63416],[120.97781,14.63435]]],[[[120.97512,14.63396],[120.97531,14.63414],[120.97512,14.63414],[120.97512,14.63396]]],[[[120.97615,14.6337],[120.97606,14.63307],[120.97523,14.6327],[120.97634,14.63253],[120.97615,14.6337]]],[[[120.97764,14.63308],[120.97736,14.63281],[120.97764,14.63281],[120.97764,14.63308]]],[[[120.97729,14.63009],[120.97813,14.63055],[120.97794,14.63091],[120.97748,14.63055],[120.97728,14.63136],[120.97737,14.63217],[120.97783,14.63209],[120.97811,14.63263],[120.97699,14.63271],[120.977,14.63226],[120.97644,14.63216],[120.97627,14.63054],[120.97665,14.62991],[120.97767,14.62974],[120.97729,14.63009]]],[[[120.97795,14.62983],[120.97832,14.62983],[120.97868,14.63074],[120.97831,14.63064],[120.97795,14.62983]]],[[[120.97814,14.62884],[120.97888,14.62911],[120.97887,14.62984],[120.97944,14.62939],[120.97862,14.62703],[120.97814,14.62884]]],[[[120.97814,14.62884],[120.97777,14.62892],[120.97776,14.62947],[120.97814,14.62929],[120.97814,14.62884]]],[[[120.97518,14.62836],[120.97573,14.62872],[120.97564,14.62818],[120.97518,14.62836]]],[[[120.97545,14.62872],[120.97443,14.62826],[120.97434,14.62889],[120.9749,14.62863],[120.97499,14.62881],[120.97489,14.62926],[120.97424,14.62925],[120.97423,14.62989],[120.97497,14.63034],[120.9746,14.63061],[120.97487,14.63125],[120.97543,14.63134],[120.97477,14.63224],[120.97588,14.63252],[120.97599,14.63062],[120.97553,14.63053],[120.97591,14.62945],[120.97545,14.62872]]],[[[120.95977,14.62813],[120.95986,14.62895],[120.95949,14.62894],[120.95977,14.62813]]],[[[120.97416,14.62826],[120.97397,14.62808],[120.97416,14.62799],[120.97416,14.62826]]],[[[120.97358,14.62988],[120.97377,14.62997],[120.97358,14.62997],[120.97358,14.62988]]],[[[120.97395,14.62997],[120.97405,14.63016],[120.97395,14.63016],[120.97395,14.62997]]],[[[120.97182,14.63014],[120.97246,14.6305],[120.973,14.63277],[120.97095,14.63347],[120.97153,14.63131],[120.97117,14.63049],[120.97182,14.63014]]],[[[120.97225,14.6333],[120.97235,14.63339],[120.97235,14.6333],[120.97225,14.6333]]],[[[120.97225,14.63348],[120.97216,14.63339],[120.97216,14.63348],[120.97225,14.63348]]],[[[120.97179,14.63348],[120.97197,14.63357],[120.97179,14.63357],[120.97179,14.63348]]],[[[120.97568,14.6336],[120.9755,14.63342],[120.97569,14.63342],[120.97568,14.6336]]],[[[120.97513,14.63297],[120.97495,14.63287],[120.97513,14.63288],[120.97513,14.63297]]],[[[120.97348,14.63069],[120.97367,14.63079],[120.97367,14.63069],[120.97348,14.63069]]],[[[120.97339,14.63096],[120.9733,14.63078],[120.9732,14.63096],[120.97339,14.63096]]],[[[120.97386,14.63034],[120.97367,14.63015],[120.97386,14.63015],[120.97386,14.63034]]],[[[120.97636,14.63045],[120.97627,14.63036],[120.97636,14.63036],[120.97636,14.63045]]],[[[120.97646,14.63018],[120.97628,14.6299],[120.97646,14.62991],[120.97646,14.63018]]],[[[120.97591,14.62918],[120.97601,14.62864],[120.97647,14.629],[120.97647,14.62918],[120.97591,14.62918]]],[[[120.9774,14.6291],[120.97712,14.62874],[120.9774,14.62892],[120.9774,14.6291]]],[[[120.97675,14.62864],[120.97693,14.62901],[120.97666,14.62891],[120.97675,14.62864]]],[[[120.97787,14.62856],[120.97759,14.6282],[120.97796,14.62838],[120.97787,14.62856]]],[[[120.97592,14.62818],[120.9761,14.62837],[120.97592,14.62836],[120.97592,14.62818]]],[[[120.97666,14.62837],[120.97675,14.62846],[120.97666,14.62846],[120.97666,14.62837]]],[[[120.97816,14.62721],[120.97815,14.62784],[120.97787,14.62793],[120.97751,14.62693],[120.97816,14.62721]]],[[[120.97853,14.62685],[120.97825,14.62658],[120.97853,14.62667],[120.97853,14.62685]]],[[[120.96425,14.62582],[120.96322,14.62699],[120.96295,14.62581],[120.96342,14.62473],[120.96398,14.62456],[120.96425,14.62582]]],[[[120.97826,14.62649],[120.97807,14.62631],[120.97826,14.6264],[120.97826,14.62649]]],[[[120.97742,14.6263],[120.97715,14.62521],[120.9778,14.62567],[120.97818,14.62459],[120.97854,14.62613],[120.97761,14.62594],[120.97742,14.6263]]],[[[120.97753,14.62449],[120.97744,14.62476],[120.97735,14.62458],[120.97753,14.62449]]],[[[120.97818,14.6245],[120.97809,14.62441],[120.97818,14.62441],[120.97818,14.6245]]],[[[120.97503,14.62438],[120.97512,14.62447],[120.97503,14.62447],[120.97503,14.62438]]],[[[120.96575,14.62394],[120.965,14.62502],[120.96472,14.62501],[120.96509,14.62457],[120.96463,14.62438],[120.96464,14.62375],[120.96575,14.62394]]],[[[120.97744,14.62422],[120.97707,14.62395],[120.97735,14.62395],[120.97744,14.62422]]],[[[120.97819,14.62405],[120.97791,14.62377],[120.97819,14.62387],[120.97819,14.62405]]],[[[120.97484,14.6242],[120.97493,14.62429],[120.97484,14.62429],[120.97484,14.6242]]],[[[120.95563,14.62448],[120.95516,14.62511],[120.95461,14.62465],[120.95489,14.62439],[120.95563,14.62448]]],[[[120.97474,14.62528],[120.97503,14.62456],[120.9752,14.62556],[120.97474,14.62528]]],[[[120.97641,14.62512],[120.97687,14.6253],[120.97696,14.62584],[120.9765,14.62566],[120.97641,14.62512]]],[[[120.9649,14.62574],[120.96508,14.62592],[120.9649,14.62592],[120.9649,14.62574]]],[[[120.97603,14.62593],[120.97622,14.62602],[120.97603,14.62602],[120.97603,14.62593]]],[[[120.95729,14.62522],[120.95579,14.62765],[120.9543,14.62754],[120.95403,14.62646],[120.95516,14.62538],[120.95589,14.62602],[120.95627,14.6253],[120.95729,14.62522]]],[[[120.96294,14.62717],[120.96303,14.62726],[120.96294,14.62726],[120.96294,14.62717]]],[[[120.9737,14.62726],[120.97389,14.62735],[120.9737,14.62735],[120.9737,14.62726]]],[[[120.97839,14.63173],[120.97821,14.63137],[120.97849,14.63146],[120.97839,14.63173]]],[[[120.97775,14.63127],[120.97793,14.63145],[120.97775,14.63145],[120.97775,14.63127]]],[[[120.97877,14.63128],[120.97859,14.63092],[120.97886,14.63101],[120.97877,14.63128]]],[[[120.94453,14.63071],[120.94461,14.63134],[120.94434,14.63143],[120.94425,14.63098],[120.94453,14.63071]]],[[[120.94397,14.63134],[120.94406,14.63161],[120.94396,14.63161],[120.94397,14.63134]]],[[[120.94526,14.6318],[120.94517,14.63126],[120.94573,14.63126],[120.94526,14.6318]]],[[[120.94376,14.63305],[120.94553,14.63271],[120.94562,14.63307],[120.94376,14.63305]]],[[[120.95823,14.63454],[120.95785,14.63498],[120.95757,14.63489],[120.95767,14.63426],[120.95823,14.63454]]],[[[120.96165,14.63601],[120.96183,14.63619],[120.96155,14.63619],[120.96165,14.63601]]],[[[120.94329,14.63368],[120.94301,14.63404],[120.94292,14.63368],[120.94329,14.63368]]],[[[120.97494,14.62339],[120.97485,14.6233],[120.97494,14.6233],[120.97494,14.62339]]],[[[120.9794,14.62315],[120.97922,14.62306],[120.9794,14.62306],[120.9794,14.62315]]],[[[120.97792,14.62296],[120.97773,14.62278],[120.97792,14.62278],[120.97792,14.62296]]],[[[120.9756,14.62267],[120.97597,14.62285],[120.9756,14.62285],[120.9756,14.62267]]],[[[120.97764,14.62278],[120.97746,14.62269],[120.97764,14.62269],[120.97764,14.62278]]],[[[120.97922,14.62261],[120.97904,14.62225],[120.97941,14.62234],[120.97922,14.62261]]],[[[120.97783,14.62242],[120.97718,14.62214],[120.97728,14.62151],[120.97783,14.62242]]],[[[120.96856,14.62143],[120.968,14.62161],[120.96773,14.62088],[120.96819,14.62089],[120.96856,14.62143]]],[[[120.97589,14.62141],[120.9758,14.62122],[120.97589,14.62123],[120.97589,14.62141]]],[[[120.97571,14.62104],[120.97543,14.62068],[120.97562,14.62068],[120.97571,14.62104]]],[[[120.97571,14.6205],[120.97573,14.61869],[120.97508,14.61824],[120.97564,14.61797],[120.97537,14.61706],[120.97723,14.61699],[120.97757,14.61988],[120.9773,14.61961],[120.97692,14.61979],[120.97766,14.62016],[120.97775,14.62088],[120.9772,14.62042],[120.97701,14.62096],[120.97645,14.6206],[120.97692,14.62033],[120.97646,14.62006],[120.97674,14.61961],[120.97637,14.61906],[120.97646,14.61988],[120.97571,14.6205]]],[[[120.97525,14.62032],[120.97543,14.62041],[120.97525,14.62041],[120.97525,14.62032]]],[[[120.9567,14.61862],[120.95688,14.61925],[120.95661,14.61916],[120.9567,14.61862]]],[[[120.9745,14.62076],[120.97469,14.62094],[120.9745,14.62094],[120.9745,14.62076]]],[[[120.96699,14.62079],[120.96717,14.62097],[120.96698,14.62097],[120.96699,14.62079]]],[[[120.97552,14.62167],[120.97542,14.62185],[120.97533,14.62167],[120.97552,14.62167]]],[[[120.97604,14.61508],[120.97558,14.61472],[120.97604,14.6149],[120.97604,14.61508]]],[[[120.97549,14.61472],[120.97539,14.61499],[120.97548,14.61499],[120.97549,14.61472]]],[[[120.9753,14.61471],[120.9754,14.61453],[120.9753,14.61453],[120.9753,14.61471]]],[[[120.98042,14.61304],[120.98061,14.61223],[120.98145,14.61233],[120.98125,14.61314],[120.98042,14.61304]]],[[[120.96048,14.61187],[120.96019,14.61259],[120.96048,14.61142],[120.96048,14.61187]]],[[[120.97727,14.61202],[120.97765,14.61184],[120.97792,14.61194],[120.97792,14.61212],[120.97727,14.61202]]],[[[120.98173,14.61206],[120.98164,14.61188],[120.98173,14.61188],[120.98173,14.61206]]],[[[120.98321,14.61198],[120.98312,14.6118],[120.98322,14.6118],[120.98321,14.61198]]],[[[120.98127,14.61178],[120.98145,14.61197],[120.98127,14.61196],[120.98127,14.61178]]],[[[120.98304,14.61126],[120.98322,14.61117],[120.98304,14.61108],[120.98304,14.61126]]],[[[120.98303,14.61162],[120.98266,14.61134],[120.98266,14.61162],[120.98303,14.61162]]],[[[120.98081,14.61106],[120.98053,14.61142],[120.98053,14.61105],[120.98081,14.61106]]],[[[120.97404,14.611],[120.97385,14.61145],[120.97385,14.61091],[120.97404,14.611]]],[[[120.98007,14.61069],[120.97961,14.61078],[120.9797,14.6106],[120.98007,14.61069]]],[[[120.9836,14.6109],[120.98332,14.61027],[120.98379,14.61027],[120.9836,14.6109]]],[[[120.98555,14.61065],[120.98536,14.61055],[120.98555,14.61056],[120.98555,14.61065]]],[[[120.98462,14.61037],[120.98499,14.61064],[120.98509,14.61028],[120.9849,14.61019],[120.98462,14.61037]]],[[[120.98434,14.61046],[120.98462,14.61019],[120.98425,14.61018],[120.98434,14.61046]]],[[[120.97404,14.61019],[120.97358,14.61036],[120.97368,14.60973],[120.97395,14.60973],[120.97404,14.61019]]],[[[120.98416,14.61018],[120.98407,14.61],[120.98425,14.61],[120.98416,14.61018]]],[[[120.97302,14.61081],[120.97329,14.61108],[120.97283,14.61108],[120.97302,14.61081]]],[[[120.97997,14.6115],[120.97979,14.61132],[120.97997,14.61132],[120.97997,14.6115]]],[[[120.97662,14.61301],[120.97681,14.61256],[120.97689,14.61301],[120.97662,14.61301]]],[[[120.98351,14.60954],[120.98324,14.60936],[120.98352,14.60927],[120.98351,14.60954]]],[[[120.9799,14.60942],[120.97999,14.60951],[120.9799,14.60951],[120.9799,14.60942]]],[[[120.98529,14.60857],[120.98501,14.60811],[120.9852,14.60811],[120.98529,14.60857]]],[[[120.98343,14.60819],[120.98353,14.60828],[120.98353,14.60819],[120.98343,14.60819]]],[[[120.98334,14.60846],[120.98316,14.60828],[120.98315,14.60837],[120.98334,14.60846]]],[[[120.9864,14.60821],[120.98622,14.60794],[120.9865,14.60794],[120.9864,14.60821]]],[[[120.98345,14.60629],[120.98419,14.60621],[120.9841,14.60675],[120.98475,14.60684],[120.98559,14.60595],[120.98623,14.60677],[120.98764,14.60488],[120.98588,14.60432],[120.98542,14.60468],[120.98496,14.60359],[120.98422,14.60341],[120.98366,14.60412],[120.98494,14.60549],[120.98503,14.60612],[120.98438,14.6063],[120.98457,14.6054],[120.98402,14.60539],[120.98345,14.60629]]],[[[120.98336,14.60647],[120.98317,14.60629],[120.98317,14.60647],[120.98336,14.60647]]],[[[120.98457,14.60594],[120.98476,14.60576],[120.98457,14.60576],[120.98457,14.60594]]],[[[120.9869,14.60451],[120.98764,14.60443],[120.98755,14.60407],[120.98663,14.60406],[120.9869,14.60451]]],[[[120.98679,14.60677],[120.98651,14.60677],[120.98623,14.60704],[120.98679,14.60677]]],[[[120.98707,14.60677],[120.98632,14.60758],[120.98669,14.60749],[120.98668,14.60822],[120.98761,14.6085],[120.9878,14.60768],[120.98706,14.60759],[120.98743,14.60714],[120.98707,14.60677]]],[[[120.98316,14.60719],[120.98344,14.60747],[120.98316,14.60737],[120.98316,14.60719]]],[[[120.98187,14.607],[120.98196,14.60718],[120.98187,14.60718],[120.98187,14.607]]],[[[120.98595,14.60704],[120.98577,14.60694],[120.98595,14.60685],[120.98595,14.60704]]],[[[120.98335,14.60683],[120.98344,14.60701],[120.98335,14.60701],[120.98335,14.60683]]],[[[120.98141,14.60672],[120.98122,14.60699],[120.98122,14.60672],[120.98141,14.60672]]],[[[120.98567,14.60739],[120.98548,14.6073],[120.98567,14.60721],[120.98567,14.60739]]],[[[120.98623,14.60731],[120.98604,14.60722],[120.98623,14.60722],[120.98623,14.60731]]],[[[120.98567,14.60748],[120.98585,14.60758],[120.98567,14.60757],[120.98567,14.60748]]],[[[120.98149,14.60754],[120.98158,14.60763],[120.98149,14.60763],[120.98149,14.60754]]],[[[120.98418,14.60765],[120.98437,14.60783],[120.98418,14.60783],[120.98418,14.60765]]],[[[120.98854,14.6076],[120.98827,14.60742],[120.98855,14.60742],[120.98854,14.6076]]],[[[120.98818,14.60678],[120.98753,14.60633],[120.98763,14.60587],[120.98847,14.60588],[120.98818,14.60678]]],[[[120.98754,14.60578],[120.98744,14.60596],[120.98735,14.60578],[120.98754,14.60578]]],[[[120.988,14.60561],[120.98773,14.60533],[120.98801,14.60543],[120.988,14.60561]]],[[[120.98663,14.60397],[120.98598,14.6036],[120.98682,14.60361],[120.98663,14.60397]]],[[[120.98599,14.60315],[120.9857,14.60405],[120.98534,14.60323],[120.98599,14.60315]]],[[[120.98469,14.60287],[120.98487,14.60341],[120.98459,14.60341],[120.98469,14.60287]]],[[[120.98506,14.60314],[120.98525,14.60287],[120.98534,14.60314],[120.98506,14.60314]]],[[[120.98107,14.60302],[120.98125,14.60338],[120.98107,14.60338],[120.98107,14.60302]]],[[[120.97958,14.60364],[120.97967,14.60373],[120.97958,14.60373],[120.97958,14.60364]]],[[[120.98273,14.60393],[120.9831,14.6043],[120.98282,14.60457],[120.98273,14.60393]]],[[[120.9817,14.60456],[120.98115,14.60464],[120.98087,14.60401],[120.98152,14.60411],[120.9817,14.60456]]],[[[120.98337,14.60466],[120.98319,14.60457],[120.98337,14.60457],[120.98337,14.60466]]],[[[120.97836,14.6048],[120.97864,14.60498],[120.97836,14.60489],[120.97836,14.6048]]],[[[120.98309,14.60493],[120.98291,14.60484],[120.98309,14.60484],[120.98309,14.60493]]],[[[120.98263,14.6052],[120.98281,14.60583],[120.98207,14.60556],[120.98263,14.6052]]],[[[120.98188,14.60537],[120.98197,14.60592],[120.98141,14.606],[120.98132,14.60564],[120.98188,14.60537]]],[[[120.98225,14.6061],[120.98281,14.60592],[120.98234,14.60646],[120.98225,14.6061]]],[[[120.98549,14.60631],[120.9854,14.60622],[120.98549,14.60622],[120.98549,14.60631]]],[[[120.98534,14.60242],[120.98525,14.60233],[120.98534,14.60233],[120.98534,14.60242]]],[[[120.97746,14.60226],[120.97746,14.6019],[120.97774,14.60181],[120.97783,14.60199],[120.97746,14.60226]]],[[[120.98414,14.60232],[120.98378,14.60123],[120.98396,14.60123],[120.98414,14.60232]]],[[[120.98451,14.60196],[120.98423,14.60187],[120.98451,14.60178],[120.98451,14.60196]]],[[[120.98637,14.60198],[120.98601,14.60089],[120.98684,14.6009],[120.98693,14.60162],[120.98637,14.60198]]],[[[120.98758,14.60172],[120.98749,14.60108],[120.98777,14.60109],[120.98804,14.60163],[120.98758,14.60172]]],[[[120.98814,14.60118],[120.98796,14.60064],[120.98814,14.60064],[120.98814,14.60118]]],[[[120.98536,14.60061],[120.98582,14.60098],[120.98536,14.60098],[120.98536,14.60061]]],[[[120.96169,14.60131],[120.96178,14.6014],[120.96178,14.60131],[120.96169,14.60131]]],[[[120.96169,14.60158],[120.9615,14.6014],[120.9615,14.60149],[120.96169,14.60158]]],[[[120.96178,14.60113],[120.96188,14.60131],[120.96188,14.60113],[120.96178,14.60113]]],[[[120.96188,14.60095],[120.96216,14.60095],[120.96216,14.60077],[120.96188,14.60095]]],[[[120.96216,14.60068],[120.96225,14.60077],[120.96225,14.60068],[120.96216,14.60068]]],[[[120.97394,14.60169],[120.97375,14.60151],[120.97394,14.60151],[120.97394,14.60169]]],[[[120.98284,14.60204],[120.98312,14.60159],[120.98312,14.60195],[120.98284,14.60204]]],[[[120.9833,14.60204],[120.9834,14.60186],[120.98349,14.60204],[120.9833,14.60204]]],[[[120.98535,14.60134],[120.98517,14.60115],[120.98535,14.60116],[120.98535,14.60134]]],[[[120.98266,14.60104],[120.98257,14.60122],[120.98248,14.60104],[120.98266,14.60104]]],[[[120.98758,14.6009],[120.98731,14.60072],[120.98759,14.60072],[120.98758,14.6009]]],[[[120.98712,14.60099],[120.98721,14.60108],[120.98712,14.60108],[120.98712,14.60099]]],[[[120.96131,14.60185],[120.96141,14.60194],[120.96131,14.60194],[120.96131,14.60185]]],[[[120.97402,14.60205],[120.97393,14.60187],[120.97403,14.60187],[120.97402,14.60205]]],[[[120.98796,14.60055],[120.98768,14.60027],[120.98796,14.60018],[120.98796,14.60055]]],[[[120.98694,14.60027],[120.98629,14.59981],[120.9876,14.59892],[120.98724,14.59819],[120.98826,14.59847],[120.98826,14.59802],[120.98807,14.59811],[120.9878,14.59801],[120.98808,14.59747],[120.98854,14.59757],[120.98863,14.59838],[120.98946,14.59866],[120.98881,14.5992],[120.98769,14.59892],[120.98825,14.59919],[120.98815,14.59992],[120.98685,14.59963],[120.98694,14.60027]]],[[[120.98722,14.6],[120.98704,14.59982],[120.98722,14.59982],[120.98722,14.6]]],[[[120.98843,14.59965],[120.98834,14.59946],[120.98843,14.59947],[120.98843,14.59965]]],[[[120.98936,14.59893],[120.98927,14.59884],[120.98937,14.59884],[120.98936,14.59893]]],[[[120.99058,14.59795],[120.9904,14.59777],[120.99058,14.59777],[120.99058,14.59795]]],[[[120.98956,14.59758],[120.98937,14.59785],[120.98928,14.59767],[120.98956,14.59758]]],[[[120.98873,14.59757],[120.98864,14.59748],[120.98873,14.59748],[120.98873,14.59757]]],[[[120.98993,14.59749],[120.98984,14.5974],[120.98994,14.5974],[120.98993,14.59749]]],[[[120.96989,14.59723],[120.96971,14.5975],[120.96962,14.59722],[120.96989,14.59723]]],[[[120.96683,14.59738],[120.96646,14.59774],[120.96609,14.59765],[120.96637,14.59711],[120.96683,14.59738]]],[[[120.98975,14.59722],[120.98976,14.59677],[120.98957,14.59722],[120.98892,14.59703],[120.98892,14.59658],[120.99013,14.59641],[120.98976,14.59577],[120.99124,14.59642],[120.99115,14.59678],[120.98994,14.59659],[120.9904,14.59713],[120.98975,14.59722]]],[[[120.99189,14.59697],[120.9917,14.59678],[120.99189,14.59678],[120.99189,14.59697]]],[[[120.99244,14.59706],[120.99254,14.5967],[120.99263,14.59697],[120.99244,14.59706]]],[[[120.993,14.59707],[120.99273,14.5967],[120.99328,14.59671],[120.993,14.59707]]],[[[120.9943,14.59662],[120.99421,14.59635],[120.99431,14.59635],[120.9943,14.59662]]],[[[120.99393,14.59644],[120.99347,14.59671],[120.99273,14.59607],[120.99357,14.59599],[120.99393,14.59644]]],[[[120.99385,14.59599],[120.99357,14.5958],[120.99357,14.59535],[120.99394,14.59536],[120.99385,14.59599]]],[[[120.99505,14.59591],[120.99488,14.59473],[120.99542,14.59591],[120.99505,14.59591]]],[[[120.99543,14.59555],[120.99552,14.5951],[120.99589,14.59564],[120.99543,14.59555]]],[[[120.99414,14.59464],[120.99386,14.59481],[120.99377,14.59454],[120.99414,14.59464]]],[[[120.99349,14.59454],[120.99367,14.59472],[120.99339,14.59481],[120.99349,14.59454]]],[[[120.99321,14.59454],[120.99265,14.59444],[120.99284,14.5939],[120.9934,14.59409],[120.99321,14.59454]]],[[[120.99266,14.59372],[120.99237,14.59462],[120.99163,14.59479],[120.99192,14.5938],[120.99266,14.59372]]],[[[120.99331,14.59372],[120.99267,14.59282],[120.99258,14.592],[120.99406,14.59292],[120.99331,14.59372]]],[[[120.99193,14.59181],[120.99221,14.59245],[120.99184,14.59236],[120.99193,14.59181]]],[[[120.98887,14.59179],[120.98868,14.59206],[120.98859,14.59188],[120.98887,14.59179]]],[[[120.99119,14.59172],[120.99101,14.59154],[120.9911,14.59154],[120.99119,14.59172]]],[[[120.97412,14.59148],[120.97496,14.59158],[120.9744,14.5913],[120.97459,14.59067],[120.97534,14.59032],[120.97471,14.5885],[120.97572,14.58878],[120.97732,14.58681],[120.97594,14.58544],[120.97538,14.58562],[120.97378,14.58822],[120.97405,14.58886],[120.97284,14.58921],[120.97246,14.59038],[120.97337,14.59202],[120.97412,14.59148]]],[[[120.97449,14.59175],[120.97402,14.59202],[120.97402,14.5922],[120.97439,14.59221],[120.97449,14.59175]]],[[[120.97534,14.58986],[120.976,14.58942],[120.9758,14.59014],[120.97663,14.59087],[120.97701,14.5906],[120.97692,14.58979],[120.97664,14.59024],[120.97627,14.59014],[120.97683,14.58924],[120.97618,14.58933],[120.97703,14.58816],[120.97619,14.58824],[120.97516,14.5895],[120.97534,14.58986]]],[[[120.98368,14.59183],[120.98358,14.59174],[120.98368,14.59174],[120.98368,14.59183]]],[[[120.98832,14.59169],[120.98822,14.59178],[120.98832,14.59178],[120.98832,14.59169]]],[[[120.98776,14.59178],[120.98823,14.5916],[120.98758,14.5916],[120.98776,14.59178]]],[[[120.98841,14.59178],[120.98832,14.59187],[120.98841,14.59187],[120.98841,14.59178]]],[[[120.97653,14.59177],[120.97662,14.59186],[120.97653,14.59186],[120.97653,14.59177]]],[[[120.97542,14.59185],[120.9756,14.59204],[120.97542,14.59203],[120.97542,14.59185]]],[[[120.97857,14.59206],[120.97922,14.59198],[120.97931,14.59234],[120.97828,14.59287],[120.97857,14.59206]]],[[[120.97579,14.59213],[120.97588,14.59222],[120.97579,14.59222],[120.97579,14.59213]]],[[[120.97346,14.59229],[120.97392,14.59274],[120.97346,14.59274],[120.97346,14.59229]]],[[[120.973,14.59201],[120.97309,14.59237],[120.97291,14.59237],[120.973,14.59201]]],[[[120.97301,14.59156],[120.97235,14.59219],[120.97355,14.59319],[120.97364,14.59383],[120.97215,14.59408],[120.97206,14.59372],[120.97122,14.59426],[120.97039,14.59353],[120.97145,14.58983],[120.97209,14.59038],[120.9719,14.59083],[120.97301,14.59156]]],[[[120.97116,14.59028],[120.97126,14.59037],[120.97116,14.59037],[120.97116,14.59028]]],[[[120.9707,14.59064],[120.97106,14.591],[120.97069,14.591],[120.9707,14.59064]]],[[[120.97051,14.59118],[120.9706,14.59136],[120.97041,14.59136],[120.97051,14.59118]]],[[[120.97031,14.59208],[120.97031,14.59262],[120.97003,14.59253],[120.97031,14.59208]]],[[[120.97827,14.5945],[120.97855,14.59423],[120.97846,14.5945],[120.97827,14.5945]]],[[[120.96825,14.59432],[120.96871,14.5946],[120.96759,14.59513],[120.9675,14.59468],[120.96825,14.59432]]],[[[120.9688,14.59514],[120.96927,14.59469],[120.96973,14.59497],[120.96963,14.59533],[120.9688,14.59514]]],[[[120.97882,14.59532],[120.97919,14.59505],[120.97975,14.59541],[120.97937,14.59559],[120.97882,14.59532]]],[[[120.98132,14.5957],[120.98096,14.59506],[120.9816,14.59525],[120.98132,14.5957]]],[[[120.98021,14.5956],[120.98057,14.59614],[120.98011,14.59605],[120.98021,14.5956]]],[[[120.98252,14.59607],[120.98253,14.59562],[120.98327,14.5959],[120.98317,14.59635],[120.98252,14.59607]]],[[[120.98864,14.59658],[120.98846,14.5963],[120.98874,14.59631],[120.98864,14.59658]]],[[[120.98929,14.5964],[120.98902,14.59622],[120.9893,14.59622],[120.98929,14.5964]]],[[[120.98884,14.59594],[120.98809,14.59594],[120.988,14.59567],[120.98875,14.59531],[120.98884,14.59594]]],[[[120.98949,14.59586],[120.9893,14.59559],[120.98949,14.5955],[120.98949,14.59586]]],[[[120.99162,14.59615],[120.99209,14.5957],[120.99245,14.59616],[120.99162,14.59615]]],[[[120.99209,14.59534],[120.99218,14.59543],[120.99218,14.59534],[120.99209,14.59534]]],[[[120.99209,14.59561],[120.99199,14.59543],[120.99199,14.59561],[120.99209,14.59561]]],[[[120.99218,14.59525],[120.99227,14.59534],[120.99227,14.59525],[120.99218,14.59525]]],[[[120.99329,14.59535],[120.9932,14.59517],[120.9933,14.59517],[120.99329,14.59535]]],[[[120.98717,14.59521],[120.98791,14.59567],[120.98726,14.59593],[120.98717,14.59521]]],[[[120.9843,14.59509],[120.98392,14.59563],[120.98327,14.59545],[120.98346,14.59509],[120.9843,14.59509]]],[[[120.99339,14.59508],[120.9933,14.59499],[120.99339,14.59499],[120.99339,14.59508]]],[[[120.99265,14.5948],[120.99246,14.59507],[120.99237,14.59471],[120.99265,14.5948]]],[[[120.98857,14.59468],[120.98838,14.59459],[120.98857,14.59459],[120.98857,14.59468]]],[[[120.98607,14.59411],[120.98708,14.59485],[120.98849,14.59359],[120.98802,14.59332],[120.98821,14.59368],[120.98774,14.59404],[120.98756,14.59322],[120.98682,14.59276],[120.98728,14.59358],[120.98672,14.59358],[120.98699,14.59439],[120.98607,14.59411]]],[[[120.98643,14.59475],[120.98625,14.59466],[120.98625,14.59475],[120.98643,14.59475]]],[[[120.98003,14.59487],[120.98031,14.59515],[120.98012,14.59515],[120.98003,14.59487]]],[[[120.97752,14.59503],[120.97789,14.59522],[120.97761,14.59531],[120.97752,14.59503]]],[[[120.9855,14.59501],[120.98569,14.59483],[120.98587,14.59502],[120.9855,14.59501]]],[[[120.99098,14.59434],[120.99071,14.5937],[120.99118,14.59362],[120.99136,14.59389],[120.99098,14.59434]]],[[[120.99294,14.59372],[120.99275,14.59363],[120.99294,14.59363],[120.99294,14.59372]]],[[[120.99285,14.59345],[120.99248,14.59336],[120.99285,14.59327],[120.99285,14.59345]]],[[[120.99053,14.59325],[120.98969,14.59324],[120.9897,14.59297],[120.99054,14.59262],[120.99053,14.59325]]],[[[120.98868,14.59305],[120.98886,14.59351],[120.98867,14.5935],[120.98868,14.59305]]],[[[120.97949,14.59333],[120.97995,14.59379],[120.97939,14.59369],[120.97949,14.59333]]],[[[120.9856,14.59447],[120.98569,14.59456],[120.9856,14.59456],[120.9856,14.59447]]],[[[120.97606,14.59258],[120.97588,14.59249],[120.97606,14.59249],[120.97606,14.59258]]],[[[120.97541,14.59249],[120.9755,14.59258],[120.97541,14.59258],[120.97541,14.59249]]],[[[120.98803,14.59259],[120.98785,14.59241],[120.98803,14.59241],[120.98803,14.59259]]],[[[120.9872,14.59232],[120.98683,14.59204],[120.9872,14.59195],[120.9872,14.59232]]],[[[120.98414,14.59202],[120.98395,14.59238],[120.98386,14.59238],[120.98377,14.59193],[120.98414,14.59202]]],[[[120.97616,14.59186],[120.97625,14.59195],[120.97616,14.59195],[120.97616,14.59186]]],[[[120.97913,14.59161],[120.97922,14.59171],[120.97913,14.5917],[120.97913,14.59161]]],[[[120.97886,14.59134],[120.97876,14.59125],[120.97886,14.59125],[120.97886,14.59134]]],[[[120.97626,14.59096],[120.97589,14.59131],[120.97608,14.59086],[120.97626,14.59096]]],[[[120.98415,14.59121],[120.98396,14.59111],[120.98415,14.59112],[120.98415,14.59121]]],[[[120.98962,14.59098],[120.9899,14.59062],[120.99018,14.59062],[120.99018,14.59099],[120.98962,14.59098]]],[[[120.97785,14.58989],[120.97756,14.59052],[120.97802,14.59088],[120.97886,14.59035],[120.97914,14.59089],[120.9797,14.59008],[120.97933,14.58972],[120.97887,14.59026],[120.97878,14.58989],[120.97785,14.58989]]],[[[120.97785,14.58989],[120.97776,14.58934],[120.9772,14.58961],[120.97738,14.59006],[120.97785,14.58989]]],[[[120.98026,14.59045],[120.98016,14.59036],[120.98026,14.59036],[120.98026,14.59045]]],[[[120.98592,14.59041],[120.98582,14.59023],[120.98601,14.59023],[120.98592,14.59041]]],[[[120.98518,14.59004],[120.9849,14.58986],[120.98518,14.58986],[120.98518,14.59004]]],[[[120.98035,14.58982],[120.98008,14.58963],[120.98008,14.58945],[120.98035,14.58982]]],[[[120.99195,14.58974],[120.99177,14.58946],[120.99196,14.58947],[120.99195,14.58974]]],[[[120.97533,14.59077],[120.97542,14.59104],[120.97524,14.59104],[120.97533,14.59077]]],[[[120.99131,14.58928],[120.99103,14.5891],[120.99131,14.58919],[120.99131,14.58928]]],[[[120.99215,14.58911],[120.99196,14.58892],[120.99215,14.58892],[120.99215,14.58911]]],[[[120.99048,14.58828],[120.99001,14.58891],[120.99021,14.588],[120.99048,14.58828]]],[[[120.99169,14.58856],[120.99187,14.58829],[120.99187,14.58856],[120.99169,14.58856]]],[[[120.97852,14.58781],[120.97814,14.58808],[120.97805,14.5879],[120.97852,14.58781]]],[[[120.98668,14.58797],[120.9865,14.5877],[120.98687,14.5877],[120.98668,14.58797]]],[[[120.98956,14.58782],[120.98928,14.58764],[120.98956,14.58764],[120.98956,14.58782]]],[[[120.97749,14.58808],[120.97777,14.58835],[120.97749,14.58835],[120.97749,14.58808]]],[[[120.9786,14.58836],[120.9787,14.58845],[120.9786,14.58845],[120.9786,14.58836]]],[[[120.97805,14.58844],[120.97814,14.58871],[120.97786,14.58871],[120.97805,14.58844]]],[[[120.98983,14.5889],[120.98964,14.58863],[120.98983,14.58854],[120.98983,14.5889]]],[[[120.98742,14.58852],[120.9876,14.58861],[120.98742,14.58861],[120.98742,14.58852]]],[[[120.98157,14.5891],[120.98175,14.5892],[120.98157,14.5892],[120.98157,14.5891]]],[[[120.98743,14.58762],[120.98733,14.58753],[120.98743,14.58753],[120.98743,14.58762]]],[[[120.98093,14.58747],[120.98075,14.58711],[120.98076,14.58648],[120.98122,14.58693],[120.98093,14.58747]]],[[[120.99365,14.58722],[120.99374,14.58668],[120.99411,14.58686],[120.99402,14.58731],[120.99365,14.58722]]],[[[120.99161,14.58711],[120.9917,14.5872],[120.99161,14.5872],[120.99161,14.58711]]],[[[120.97908,14.5871],[120.97862,14.58718],[120.97834,14.58673],[120.97899,14.58664],[120.97908,14.5871]]],[[[120.97834,14.58628],[120.97807,14.58618],[120.97835,14.586],[120.97834,14.58628]]],[[[120.98577,14.58625],[120.98568,14.58616],[120.98577,14.58616],[120.98577,14.58625]]],[[[120.97853,14.58592],[120.97844,14.58582],[120.97853,14.58583],[120.97853,14.58592]]],[[[120.98485,14.58561],[120.9842,14.58488],[120.98476,14.58452],[120.98504,14.58498],[120.98485,14.58561]]],[[[120.99515,14.58488],[120.99478,14.58479],[120.99506,14.5847],[120.99515,14.58488]]],[[[120.99628,14.58372],[120.99637,14.58381],[120.99637,14.58372],[120.99628,14.58372]]],[[[120.99628,14.58381],[120.99581,14.5839],[120.99609,14.58426],[120.99562,14.58426],[120.99552,14.5848],[120.99627,14.58453],[120.99628,14.58381]]],[[[120.99637,14.58354],[120.99655,14.58372],[120.99656,14.58354],[120.99637,14.58354]]],[[[120.99498,14.58371],[120.99507,14.58407],[120.99488,14.58407],[120.99498,14.58371]]],[[[120.99572,14.58371],[120.99554,14.58353],[120.99572,14.58353],[120.99572,14.58371]]],[[[120.99674,14.58354],[120.99665,14.58336],[120.99674,14.58336],[120.99674,14.58354]]],[[[120.9973,14.58364],[120.99749,14.58301],[120.99785,14.58373],[120.9973,14.58364]]],[[[120.97828,14.58293],[120.978,14.58311],[120.97754,14.58274],[120.97782,14.58266],[120.97828,14.58293]]],[[[120.99666,14.58291],[120.99647,14.583],[120.99665,14.583],[120.99666,14.58291]]],[[[120.99638,14.583],[120.9961,14.58281],[120.9961,14.58299],[120.99638,14.583]]],[[[120.99666,14.58291],[120.99675,14.58291],[120.99675,14.58282],[120.99666,14.58282],[120.99666,14.58291]]],[[[120.99053,14.58286],[120.99062,14.58295],[120.99053,14.58295],[120.99053,14.58286]]],[[[120.99786,14.58274],[120.99768,14.58247],[120.99796,14.58247],[120.99786,14.58274]]],[[[120.97652,14.58274],[120.97689,14.58292],[120.97708,14.58256],[120.97689,14.58274],[120.97652,14.58274]]],[[[120.97652,14.58274],[120.97652,14.58237],[120.9768,14.5822],[120.97634,14.58237],[120.97652,14.58274]]],[[[120.97698,14.58346],[120.97717,14.58328],[120.97753,14.58365],[120.97698,14.58346]]],[[[120.97809,14.58383],[120.97781,14.58356],[120.97828,14.58356],[120.97809,14.58383]]],[[[120.97846,14.58429],[120.97837,14.58311],[120.97893,14.58366],[120.97846,14.58429]]],[[[120.97902,14.58393],[120.97957,14.58403],[120.97994,14.58385],[120.97966,14.58448],[120.97892,14.58465],[120.97938,14.5843],[120.97902,14.58393]]],[[[120.98012,14.58466],[120.97994,14.58457],[120.98012,14.58457],[120.98012,14.58466]]],[[[120.98894,14.58456],[120.98922,14.58429],[120.9895,14.58438],[120.98931,14.58483],[120.98894,14.58456]]],[[[120.9882,14.58464],[120.98828,14.58501],[120.9881,14.585],[120.9882,14.58464]]],[[[120.9869,14.58427],[120.98681,14.58409],[120.9869,14.58409],[120.9869,14.58427]]],[[[120.98124,14.58413],[120.98133,14.58422],[120.98124,14.58422],[120.98124,14.58413]]],[[[120.9946,14.58407],[120.99405,14.58379],[120.99461,14.58361],[120.9946,14.58407]]],[[[120.98672,14.58346],[120.98626,14.58372],[120.98644,14.58382],[120.98672,14.58346]]],[[[120.98626,14.58336],[120.98635,14.58327],[120.98626,14.58327],[120.98626,14.58336]]],[[[120.98653,14.58382],[120.98644,14.58391],[120.98653,14.58391],[120.98653,14.58382]]],[[[120.99563,14.58335],[120.99554,14.58308],[120.99591,14.58308],[120.99563,14.58335]]],[[[120.9818,14.58341],[120.98208,14.5836],[120.9818,14.58359],[120.9818,14.58341]]],[[[120.99766,14.58454],[120.99748,14.58445],[120.99766,14.58436],[120.99766,14.58454]]],[[[120.99776,14.58409],[120.99785,14.58418],[120.99785,14.58409],[120.99776,14.58409]]],[[[120.99776,14.58427],[120.99766,14.58418],[120.99766,14.58427],[120.99776,14.58427]]],[[[120.9972,14.58409],[120.99748,14.58427],[120.9972,14.58427],[120.9972,14.58409]]],[[[120.98096,14.58494],[120.98123,14.58504],[120.98095,14.58503],[120.98096,14.58494]]],[[[120.97771,14.58519],[120.97798,14.58537],[120.9777,14.58537],[120.97771,14.58519]]],[[[120.9675,14.5851],[120.96731,14.58519],[120.96731,14.585],[120.9675,14.5851]]],[[[120.97351,14.5875],[120.9735,14.58858],[120.97295,14.58813],[120.97351,14.5875]]],[[[120.97145,14.58893],[120.97257,14.58839],[120.97275,14.58912],[120.97173,14.58974],[120.97145,14.58893]]],[[[120.98539,14.597],[120.98548,14.59718],[120.9853,14.59718],[120.98539,14.597]]],[[[120.98576,14.59718],[120.98567,14.59709],[120.98576,14.59709],[120.98576,14.59718]]],[[[120.98817,14.5972],[120.98808,14.59711],[120.98817,14.59711],[120.98817,14.5972]]],[[[120.98371,14.5978],[120.98353,14.59753],[120.98372,14.59762],[120.98371,14.5978]]],[[[120.98269,14.59788],[120.98297,14.59797],[120.98269,14.59797],[120.98269,14.59788]]],[[[120.98362,14.59834],[120.98427,14.5978],[120.98427,14.59826],[120.98362,14.59834]]],[[[120.98557,14.59836],[120.98547,14.59827],[120.98557,14.59827],[120.98557,14.59836]]],[[[120.98686,14.59846],[120.98631,14.59809],[120.98668,14.59791],[120.98686,14.59846]]],[[[120.98585,14.59755],[120.98557,14.598],[120.98567,14.59754],[120.98585,14.59755]]],[[[120.98177,14.59742],[120.98186,14.5976],[120.98177,14.5976],[120.98177,14.59742]]],[[[120.98668,14.59873],[120.98677,14.599],[120.98667,14.599],[120.98668,14.59873]]],[[[120.98583,14.59953],[120.98602,14.59963],[120.98583,14.59962],[120.98583,14.59953]]],[[[120.9849,14.59971],[120.98509,14.59989],[120.9849,14.59989],[120.9849,14.59971]]],[[[120.95239,14.60358],[120.9522,14.60448],[120.95285,14.60449],[120.95285,14.60367],[120.95239,14.60358]]],[[[120.95229,14.60385],[120.95193,14.60349],[120.95192,14.60385],[120.95229,14.60385]]],[[[120.94862,14.60933],[120.94955,14.60952],[120.94927,14.61015],[120.94862,14.60933]]],[[[120.97495,14.58209],[120.97515,14.58101],[120.97636,14.57984],[120.9756,14.58182],[120.97495,14.58209]]],[[[120.98989,14.58213],[120.9898,14.58195],[120.98989,14.58195],[120.98989,14.58213]]],[[[120.99768,14.5821],[120.99731,14.58183],[120.99768,14.58192],[120.99768,14.5821]]],[[[120.9873,14.58147],[120.98711,14.58192],[120.98702,14.58156],[120.9873,14.58147]]],[[[120.98897,14.58158],[120.98869,14.58103],[120.98915,14.58122],[120.98897,14.58158]]],[[[120.99332,14.5818],[120.99351,14.58153],[120.9937,14.58171],[120.99332,14.5818]]],[[[120.99797,14.58156],[120.99769,14.58129],[120.99806,14.58138],[120.99797,14.58156]]],[[[120.99444,14.58108],[120.99426,14.58126],[120.99426,14.58108],[120.99444,14.58108]]],[[[120.99389,14.58099],[120.9937,14.58117],[120.99361,14.58099],[120.99389,14.58099]]],[[[120.98879,14.58076],[120.98832,14.58112],[120.98851,14.58076],[120.98879,14.58076]]],[[[120.98795,14.5813],[120.98813,14.58148],[120.98795,14.58148],[120.98795,14.5813]]],[[[120.99705,14.58056],[120.99686,14.58047],[120.99705,14.58047],[120.99705,14.58056]]],[[[120.9874,14.5803],[120.98722,14.58012],[120.9875,14.58003],[120.9874,14.5803]]],[[[120.98963,14.57987],[120.98954,14.57932],[120.98983,14.57887],[120.99028,14.5796],[120.98963,14.57987]]],[[[120.99827,14.57913],[120.99808,14.57885],[120.99836,14.57895],[120.99827,14.57913]]],[[[120.99493,14.57874],[120.99465,14.5791],[120.99419,14.57873],[120.99493,14.57874]]],[[[120.99372,14.57891],[120.99326,14.5789],[120.99354,14.57809],[120.99419,14.57819],[120.99354,14.57863],[120.99372,14.57891]]],[[[120.99707,14.57821],[120.99698,14.57812],[120.99707,14.57812],[120.99707,14.57821]]],[[[120.99066,14.57852],[120.99076,14.57861],[120.99066,14.57861],[120.99066,14.57852]]],[[[120.98881,14.57877],[120.98927,14.57905],[120.98899,14.57923],[120.98881,14.57877]]],[[[120.98936,14.57932],[120.98945,14.57941],[120.98936,14.57941],[120.98936,14.57932]]],[[[120.98585,14.57776],[120.98566,14.57766],[120.98594,14.57758],[120.98585,14.57776]]],[[[120.99271,14.57772],[120.99262,14.57727],[120.99346,14.57728],[120.99327,14.57764],[120.99271,14.57772]]],[[[120.9917,14.57708],[120.99216,14.57754],[120.9916,14.57735],[120.9917,14.57708]]],[[[120.99374,14.57692],[120.99365,14.57674],[120.99374,14.57674],[120.99374,14.57692]]],[[[120.98706,14.57659],[120.98687,14.57686],[120.98669,14.57659],[120.98706,14.57659]]],[[[120.99458,14.57666],[120.99439,14.57647],[120.99458,14.57648],[120.99458,14.57666]]],[[[120.98632,14.57631],[120.98651,14.5765],[120.98623,14.57649],[120.98632,14.57631]]],[[[120.98809,14.57615],[120.98772,14.57596],[120.988,14.57597],[120.98809,14.57615]]],[[[120.99133,14.57645],[120.99124,14.57618],[120.99152,14.57618],[120.99133,14.57645]]],[[[120.99356,14.57638],[120.99375,14.57584],[120.99412,14.57584],[120.99393,14.57647],[120.99356,14.57638]]],[[[120.99449,14.5762],[120.9944,14.57611],[120.99449,14.57611],[120.99449,14.5762]]],[[[120.98679,14.57587],[120.98688,14.57614],[120.9867,14.57614],[120.98679,14.57587]]],[[[120.98623,14.57604],[120.98632,14.57622],[120.98623,14.57622],[120.98623,14.57604]]],[[[120.98976,14.57607],[120.98985,14.57616],[120.98976,14.57616],[120.98976,14.57607]]],[[[120.99115,14.57654],[120.99124,14.57663],[120.99114,14.57663],[120.99115,14.57654]]],[[[120.99199,14.57564],[120.9919,14.57546],[120.99199,14.57546],[120.99199,14.57564]]],[[[120.99468,14.57548],[120.9945,14.57539],[120.99468,14.57539],[120.99468,14.57548]]],[[[120.99505,14.57539],[120.99487,14.57503],[120.99506,14.57503],[120.99505,14.57539]]],[[[120.99469,14.57431],[120.99394,14.57529],[120.99413,14.57439],[120.99469,14.57431]]],[[[120.99627,14.5745],[120.9958,14.57432],[120.99627,14.57423],[120.99627,14.5745]]],[[[120.99701,14.57415],[120.9959,14.57387],[120.99693,14.57252],[120.99712,14.57306],[120.99665,14.57369],[120.99701,14.57415]]],[[[120.99814,14.57307],[120.99804,14.57298],[120.99814,14.57298],[120.99814,14.57307]]],[[[120.99768,14.57262],[120.99749,14.57243],[120.99768,14.57244],[120.99768,14.57262]]],[[[120.98237,14.57212],[120.982,14.57239],[120.982,14.57212],[120.98237,14.57212]]],[[[120.98839,14.57335],[120.98857,14.57353],[120.98839,14.57353],[120.98839,14.57335]]],[[[120.98264,14.57348],[120.98273,14.57357],[120.98264,14.57357],[120.98264,14.57348]]],[[[120.99479,14.57349],[120.99488,14.57368],[120.99488,14.5735],[120.99479,14.57349]]],[[[120.99479,14.57377],[120.9947,14.57367],[120.9947,14.57377],[120.99479,14.57377]]],[[[120.99283,14.57483],[120.99292,14.57492],[120.99283,14.57492],[120.99283,14.57483]]],[[[120.99107,14.57491],[120.99134,14.57518],[120.99106,14.57518],[120.99107,14.57491]]],[[[120.99246,14.57537],[120.99255,14.57546],[120.99245,14.57546],[120.99246,14.57537]]],[[[120.99694,14.57153],[120.99685,14.57125],[120.99704,14.57125],[120.99694,14.57153]]],[[[120.99769,14.57081],[120.99714,14.57053],[120.9977,14.57036],[120.99769,14.57081]]],[[[120.99992,14.57074],[120.99974,14.57056],[120.99992,14.57056],[120.99992,14.57074]]],[[[120.99454,14.57006],[120.99426,14.57051],[120.99389,14.57014],[120.99454,14.57006]]],[[[120.98276,14.57041],[120.98294,14.57059],[120.98276,14.57059],[120.98276,14.57041]]],[[[120.99389,14.57069],[120.99407,14.57087],[120.99389,14.57087],[120.99389,14.57069]]],[[[120.99695,14.57089],[120.99686,14.5708],[120.99695,14.5708],[120.99695,14.57089]]],[[[120.99501,14.56997],[120.99473,14.5697],[120.99501,14.56961],[120.99501,14.56997]]],[[[120.99585,14.56962],[120.99566,14.56944],[120.99585,14.56944],[120.99585,14.56962]]],[[[120.99493,14.56871],[120.99521,14.56862],[120.99502,14.56853],[120.99493,14.56871]]],[[[120.99511,14.5688],[120.99446,14.5687],[120.99427,14.56933],[120.99483,14.56952],[120.99511,14.5688]]],[[[120.99103,14.56867],[120.99121,14.56904],[120.99094,14.56903],[120.99103,14.56867]]],[[[120.99372,14.56897],[120.99354,14.56878],[120.99381,14.56879],[120.99372,14.56897]]],[[[120.99604,14.56908],[120.99623,14.56881],[120.99622,14.56908],[120.99604,14.56908]]],[[[120.99845,14.56865],[120.99836,14.56856],[120.99845,14.56856],[120.99845,14.56865]]],[[[120.99408,14.56978],[120.99427,14.56969],[120.99455,14.56988],[120.99408,14.56978]]],[[[120.9953,14.56817],[120.9954,14.56781],[120.99493,14.56816],[120.99429,14.56771],[120.99522,14.56672],[120.99486,14.56618],[120.99625,14.5661],[120.99652,14.56673],[120.99605,14.56736],[120.99615,14.56673],[120.9956,14.56663],[120.99577,14.56781],[120.9953,14.56817]]],[[[121.00098,14.56686],[121.00042,14.56649],[121.00079,14.56632],[121.00098,14.56686]]],[[[121.00024,14.56622],[121.00042,14.5664],[121.00024,14.5664],[121.00024,14.56622]]],[[[120.99977,14.56649],[121.00014,14.56676],[120.99977,14.56667],[120.99977,14.56649]]],[[[121.00052,14.56595],[121.00024,14.56577],[121.00043,14.56577],[121.00052,14.56595]]],[[[121.00117,14.56596],[121.00099,14.56569],[121.00126,14.56578],[121.00117,14.56596]]],[[[120.99681,14.56574],[120.99625,14.56592],[120.99598,14.56555],[120.99635,14.56538],[120.99681,14.56574]]],[[[121.00052,14.56568],[121.00043,14.56541],[121.00062,14.5655],[121.00052,14.56568]]],[[[120.9957,14.56537],[120.99579,14.56573],[120.9956,14.56564],[120.9957,14.56537]]],[[[120.99542,14.56519],[120.99514,14.56546],[120.99515,14.56518],[120.99542,14.56519]]],[[[120.99654,14.5652],[120.99607,14.56501],[120.99617,14.56456],[120.99645,14.56456],[120.99654,14.5652]]],[[[120.99941,14.56504],[120.99932,14.56495],[120.99942,14.56495],[120.99941,14.56504]]],[[[121.00081,14.56478],[121.00072,14.5646],[121.00081,14.5646],[121.00081,14.56478]]],[[[120.99729,14.56448],[120.99692,14.56439],[120.99729,14.56421],[120.99729,14.56448]]],[[[120.99756,14.56439],[120.99747,14.5643],[120.99757,14.5643],[120.99756,14.56439]]],[[[121.00026,14.56432],[121.00016,14.56423],[121.00026,14.56423],[121.00026,14.56432]]],[[[120.99237,14.56408],[120.99163,14.56425],[120.99135,14.56389],[120.99219,14.56407],[120.99257,14.56281],[120.99192,14.56245],[120.99239,14.56209],[120.99313,14.56273],[120.99285,14.56272],[120.99275,14.56345],[120.99237,14.56408]]],[[[120.99265,14.56408],[120.99284,14.56345],[120.99321,14.56336],[120.99302,14.56399],[120.99265,14.56408]]],[[[120.99645,14.56402],[120.99618,14.56393],[120.99646,14.56384],[120.99645,14.56402]]],[[[120.99534,14.56383],[120.99525,14.56365],[120.99534,14.56365],[120.99534,14.56383]]],[[[120.99646,14.56375],[120.99609,14.56357],[120.99646,14.56357],[120.99646,14.56375]]],[[[120.99535,14.5632],[120.99516,14.56311],[120.99535,14.56311],[120.99535,14.5632]]],[[[120.99573,14.56239],[120.99555,14.56193],[120.99573,14.56194],[120.99573,14.56239]]],[[[120.99518,14.56175],[120.99499,14.56211],[120.99499,14.56175],[120.99518,14.56175]]],[[[120.99156,14.56172],[120.99026,14.56144],[120.99036,14.56062],[120.99194,14.56091],[120.99156,14.56172]]],[[[120.9962,14.56131],[120.99602,14.56103],[120.9963,14.56113],[120.9962,14.56131]]],[[[120.99231,14.56064],[120.99194,14.56028],[120.99241,14.56037],[120.99231,14.56064]]],[[[120.99333,14.56047],[120.99297,14.56001],[120.99334,14.55984],[120.99333,14.56047]]],[[[120.99621,14.56049],[120.99602,14.56031],[120.99621,14.5604],[120.99621,14.56049]]],[[[120.9913,14.55991],[120.99139,14.56],[120.9913,14.56],[120.9913,14.55991]]],[[[120.98833,14.55988],[120.98785,14.56151],[120.98729,14.56195],[120.98664,14.56168],[120.9874,14.55979],[120.98833,14.55988]]],[[[120.98647,14.55978],[120.98573,14.55941],[120.98667,14.55851],[120.98555,14.55878],[120.985,14.55832],[120.98529,14.55751],[120.98704,14.55816],[120.98647,14.55978]]],[[[120.98843,14.55907],[120.98824,14.55889],[120.98843,14.55889],[120.98843,14.55907]]],[[[120.98936,14.55872],[120.98918,14.55763],[120.98974,14.55773],[120.98936,14.55872]]],[[[120.98742,14.5578],[120.98732,14.55798],[120.98723,14.5578],[120.98742,14.5578]]],[[[120.98454,14.55804],[120.98445,14.55813],[120.98454,14.55813],[120.98454,14.55804]]],[[[120.98417,14.55804],[120.98436,14.55786],[120.98408,14.55786],[120.98417,14.55804]]],[[[120.98655,14.56204],[120.98682,14.5624],[120.98645,14.56267],[120.98655,14.56204]]],[[[120.98719,14.56268],[120.98747,14.56241],[120.98784,14.5625],[120.98756,14.56304],[120.98719,14.56268]]],[[[120.98971,14.56071],[120.98953,14.56035],[120.98971,14.56035],[120.98971,14.56071]]],[[[120.9886,14.56052],[120.98869,14.56061],[120.9886,14.56061],[120.9886,14.56052]]],[[[120.98913,14.56378],[120.98903,14.56396],[120.98894,14.56378],[120.98913,14.56378]]],[[[120.98968,14.56414],[120.98977,14.56423],[120.98968,14.56423],[120.98968,14.56414]]],[[[120.99478,14.56428],[120.99497,14.56446],[120.99478,14.56446],[120.99478,14.56428]]],[[[120.99431,14.565],[120.99431,14.56545],[120.99412,14.56536],[120.99431,14.565]]],[[[120.98549,14.56546],[120.98568,14.56564],[120.98549,14.56573],[120.98549,14.56546]]],[[[120.98484,14.56564],[120.98493,14.56582],[120.98484,14.56582],[120.98484,14.56564]]],[[[120.99468,14.56572],[120.9944,14.56545],[120.99459,14.56545],[120.99468,14.56572]]],[[[120.99477,14.56536],[120.99459,14.56509],[120.99477,14.56509],[120.99477,14.56536]]],[[[120.9854,14.56582],[120.9853,14.56627],[120.98511,14.56627],[120.98502,14.56609],[120.9854,14.56582]]],[[[120.99161,14.56678],[120.99208,14.56606],[120.99254,14.56652],[120.99161,14.56678]]],[[[120.99355,14.56671],[120.99393,14.56599],[120.99439,14.56617],[120.99392,14.56689],[120.99355,14.56671]]],[[[120.99774,14.56602],[120.99764,14.56584],[120.99774,14.56584],[120.99774,14.56602]]],[[[120.99978,14.56604],[120.99959,14.56585],[120.99987,14.56586],[120.99978,14.56604]]],[[[120.99262,14.56724],[120.99271,14.5676],[120.99253,14.5676],[120.99262,14.56724]]],[[[120.99317,14.56779],[120.99308,14.56743],[120.99355,14.56734],[120.99317,14.56779]]],[[[120.99225,14.56778],[120.99243,14.56787],[120.99224,14.56787],[120.99225,14.56778]]],[[[120.98612,14.55743],[120.9852,14.55688],[120.98502,14.55615],[120.98418,14.55632],[120.98531,14.55453],[120.98568,14.55471],[120.98521,14.5557],[120.98615,14.55444],[120.98763,14.55491],[120.98762,14.55581],[120.98612,14.55743]]],[[[120.98901,14.55673],[120.98864,14.55645],[120.98901,14.55664],[120.98901,14.55673]]],[[[120.98901,14.55628],[120.9891,14.5561],[120.9892,14.55628],[120.98901,14.55628]]],[[[120.99013,14.55601],[120.98994,14.55583],[120.99013,14.55574],[120.99013,14.55601]]],[[[120.98976,14.55565],[120.98966,14.55583],[120.98957,14.55565],[120.98976,14.55565]]],[[[120.98995,14.55538],[120.98985,14.55529],[120.98995,14.55529],[120.98995,14.55538]]],[[[120.98911,14.55528],[120.98902,14.55519],[120.98911,14.55519],[120.98911,14.55528]]],[[[120.98939,14.55474],[120.9893,14.55465],[120.9894,14.55465],[120.98939,14.55474]]],[[[120.98689,14.55445],[120.98708,14.55436],[120.98708,14.55463],[120.98689,14.55445]]],[[[120.98208,14.55278],[120.98179,14.55386],[120.98151,14.55449],[120.98252,14.5555],[120.98363,14.55596],[120.98447,14.55542],[120.98467,14.55398],[120.98226,14.55324],[120.98208,14.55278]]],[[[120.9817,14.55368],[120.98143,14.55359],[120.98143,14.55368],[120.9817,14.55368]]],[[[120.98115,14.55368],[120.98012,14.55385],[120.98069,14.5525],[120.98152,14.55305],[120.98115,14.55368]]],[[[120.9792,14.55393],[120.97956,14.55439],[120.97938,14.55439],[120.9792,14.55393]]],[[[120.98003,14.55457],[120.98021,14.55475],[120.98002,14.55475],[120.98003,14.55457]]],[[[120.98012,14.55484],[120.98002,14.55511],[120.97993,14.55484],[120.98012,14.55484]]],[[[120.97983,14.55529],[120.97993,14.55538],[120.97983,14.55538],[120.97983,14.55529]]],[[[120.98048,14.55539],[120.98039,14.5553],[120.98048,14.5553],[120.98048,14.55539]]],[[[120.98076,14.55593],[120.98186,14.55639],[120.98148,14.55739],[120.98103,14.55675],[120.98038,14.55692],[120.98076,14.55593]]],[[[120.98214,14.55721],[120.98186,14.55703],[120.98214,14.55694],[120.98214,14.55721]]],[[[120.9863,14.54839],[120.98463,14.5482],[120.98406,14.54909],[120.98405,14.55063],[120.98507,14.551],[120.98526,14.55037],[120.98629,14.54975],[120.98646,14.5511],[120.98803,14.55148],[120.98833,14.54985],[120.98647,14.54975],[120.9863,14.54839]]],[[[120.98537,14.54802],[120.98538,14.54721],[120.98474,14.54666],[120.98251,14.54628],[120.98242,14.54673],[120.98361,14.5481],[120.98537,14.54802]]],[[[120.9813,14.54654],[120.98221,14.54899],[120.98101,14.54853],[120.98138,14.54826],[120.98139,14.54781],[120.98101,14.54789],[120.9813,14.54654]]],[[[120.98425,14.54873],[120.98407,14.54855],[120.98426,14.54855],[120.98425,14.54873]]],[[[120.98351,14.54846],[120.98388,14.54864],[120.98351,14.54864],[120.98351,14.54846]]],[[[120.98183,14.54953],[120.98202,14.54962],[120.98183,14.54962],[120.98183,14.54953]]],[[[120.98535,14.551],[120.98554,14.55064],[120.98581,14.55074],[120.98581,14.5511],[120.98535,14.551]]],[[[120.99083,14.55033],[120.99073,14.55024],[120.99083,14.55024],[120.99083,14.55033]]],[[[120.98935,14.54923],[120.98926,14.54905],[120.98945,14.54905],[120.98935,14.54923]]],[[[120.98713,14.54849],[120.98704,14.54804],[120.98741,14.54813],[120.98713,14.54849]]],[[[120.98667,14.54821],[120.98676,14.54839],[120.98667,14.54839],[120.98667,14.54821]]],[[[120.99178,14.54799],[120.99122,14.5478],[120.99178,14.5478],[120.99178,14.54799]]],[[[120.98658,14.54749],[120.98621,14.54794],[120.98621,14.54749],[120.98658,14.54749]]],[[[120.98751,14.54759],[120.98724,14.54731],[120.98751,14.54732],[120.98751,14.54759]]],[[[120.98965,14.54706],[120.98771,14.54632],[120.988,14.54506],[120.99078,14.54563],[120.99059,14.54617],[120.98994,14.5458],[120.98965,14.54706]]],[[[120.9916,14.54699],[120.99151,14.5469],[120.9916,14.5469],[120.9916,14.54699]]],[[[120.99188,14.54672],[120.99152,14.5459],[120.99235,14.54591],[120.99244,14.54655],[120.99188,14.54672]]],[[[120.99151,14.54654],[120.9916,14.54672],[120.99151,14.54672],[120.99151,14.54654]]],[[[120.98781,14.54479],[120.98744,14.54533],[120.98735,14.54478],[120.98781,14.54479]]],[[[120.98206,14.54501],[120.98206,14.54537],[120.98187,14.54537],[120.98178,14.54519],[120.98206,14.54501]]],[[[120.98558,14.54558],[120.98539,14.54667],[120.98437,14.5463],[120.98428,14.54575],[120.98558,14.54558]]],[[[120.9919,14.54455],[120.99172,14.54437],[120.9919,14.54437],[120.9919,14.54455]]],[[[120.99061,14.54391],[120.99079,14.54436],[120.99097,14.54445],[120.99116,14.54391],[120.99061,14.54391]]],[[[120.99042,14.54427],[120.99042,14.54364],[120.98986,14.54399],[120.99042,14.54427]]],[[[120.99228,14.54392],[120.99218,14.54374],[120.99228,14.54374],[120.99228,14.54392]]],[[[120.9932,14.54384],[120.99293,14.54366],[120.99321,14.54366],[120.9932,14.54384]]],[[[120.98941,14.54309],[120.98968,14.54381],[120.9894,14.54372],[120.98941,14.54309]]],[[[120.99247,14.5432],[120.99238,14.54221],[120.99266,14.54203],[120.99303,14.54303],[120.99247,14.5432]]],[[[120.99175,14.54039],[120.99099,14.54256],[120.99118,14.54156],[120.98998,14.54146],[120.99112,14.53804],[120.99195,14.53868],[120.99166,14.54003],[120.99102,14.53948],[120.9911,14.54075],[120.99175,14.54039]]],[[[120.99267,14.54131],[120.99286,14.54068],[120.99286,14.54131],[120.99267,14.54131]]],[[[120.99417,14.53924],[120.99408,14.53915],[120.99417,14.53915],[120.99417,14.53924]]],[[[120.99381,14.5387],[120.99436,14.53861],[120.99418,14.53897],[120.99381,14.5387]]],[[[120.99048,14.53785],[120.99075,14.53849],[120.99038,14.53848],[120.99048,14.53785]]],[[[120.98194,14.53769],[120.98203,14.53814],[120.98194,14.53814],[120.98194,14.53769]]],[[[120.98918,14.53775],[120.98928,14.53685],[120.98956,14.53667],[120.98955,14.53785],[120.98918,14.53775]]],[[[120.99187,14.53777],[120.99178,14.53768],[120.99187,14.53768],[120.99187,14.53777]]],[[[120.9902,14.53758],[120.9901,14.53776],[120.98992,14.53758],[120.9902,14.53758]]],[[[120.99345,14.53679],[120.99318,14.53625],[120.99364,14.53643],[120.99345,14.53679]]],[[[120.99188,14.53624],[120.99197,14.53633],[120.99188,14.53633],[120.99188,14.53624]]],[[[120.99142,14.53605],[120.99077,14.53632],[120.99068,14.53614],[120.99142,14.53605]]],[[[120.99513,14.53572],[120.99457,14.53599],[120.99458,14.535],[120.99514,14.53518],[120.99524,14.53446],[120.99616,14.53456],[120.99597,14.53519],[120.99551,14.53509],[120.99569,14.53609],[120.99513,14.53572]]],[[[120.99624,14.53591],[120.99615,14.53573],[120.99625,14.53573],[120.99624,14.53591]]],[[[120.99616,14.53546],[120.99606,14.53555],[120.99615,14.53555],[120.99616,14.53546]]],[[[120.99597,14.53546],[120.99606,14.53537],[120.99597,14.53537],[120.99597,14.53546]]],[[[120.99366,14.53436],[120.99384,14.53463],[120.99357,14.53463],[120.99366,14.53436]]],[[[120.99514,14.53446],[120.99487,14.53428],[120.99515,14.53428],[120.99514,14.53446]]],[[[120.98979,14.53134],[120.99044,14.53198],[120.99051,14.53352],[120.98977,14.53405],[120.99097,14.53406],[120.99115,14.53461],[120.99041,14.53451],[120.9905,14.53496],[120.99105,14.53533],[120.99097,14.53497],[120.99152,14.53497],[120.99217,14.53552],[120.9919,14.53461],[120.99237,14.53299],[120.99163,14.53307],[120.99109,14.53171],[120.98979,14.53134]]],[[[120.9897,14.53134],[120.98979,14.53125],[120.9897,14.53125],[120.9897,14.53134]]],[[[120.99207,14.53597],[120.99189,14.53552],[120.99188,14.53597],[120.99207,14.53597]]],[[[120.99375,14.53508],[120.9943,14.53499],[120.99421,14.53563],[120.99402,14.53562],[120.99375,14.53508]]],[[[120.99208,14.53479],[120.99199,14.5347],[120.99208,14.5347],[120.99208,14.53479]]],[[[120.9944,14.53427],[120.99422,14.53409],[120.99441,14.53409],[120.9944,14.53427]]],[[[120.99367,14.53336],[120.99386,14.53255],[120.99433,14.53255],[120.99423,14.53319],[120.99367,14.53336]]],[[[120.99535,14.53202],[120.99526,14.53193],[120.99535,14.53193],[120.99535,14.53202]]],[[[120.99517,14.53166],[120.99453,14.53111],[120.99527,14.53121],[120.99517,14.53166]]],[[[120.98673,14.53086],[120.98645,14.53122],[120.98636,14.53086],[120.98673,14.53086]]],[[[120.982,14.53082],[120.98219,14.531],[120.982,14.53091],[120.982,14.53082]]],[[[120.98432,14.53156],[120.98421,14.53292],[120.9831,14.53291],[120.98348,14.53147],[120.98432,14.53156]]],[[[120.98199,14.53272],[120.98217,14.53281],[120.98199,14.53281],[120.98199,14.53272]]],[[[120.98254,14.53309],[120.98291,14.53318],[120.98245,14.53327],[120.98254,14.53309]]],[[[120.98068,14.53352],[120.98076,14.53461],[120.98039,14.53469],[120.98012,14.53406],[120.98068,14.53352]]],[[[120.98233,14.53616],[120.98149,14.53606],[120.98113,14.53551],[120.9816,14.53416],[120.98206,14.5348],[120.98253,14.53417],[120.98318,14.53427],[120.98335,14.53626],[120.98278,14.53752],[120.98102,14.53705],[120.98094,14.53614],[120.98233,14.53616]]],[[[120.98066,14.53614],[120.98001,14.53614],[120.98002,14.53505],[120.98085,14.53506],[120.98066,14.53614]]],[[[120.98714,14.53728],[120.98696,14.53692],[120.98705,14.53692],[120.98714,14.53728]]],[[[120.98714,14.53683],[120.98705,14.53674],[120.98715,14.53674],[120.98714,14.53683]]],[[[120.98724,14.53665],[120.98706,14.5362],[120.98743,14.53629],[120.98724,14.53665]]],[[[120.99179,14.53651],[120.99169,14.53642],[120.99179,14.53642],[120.99179,14.53651]]],[[[120.98613,14.53628],[120.98622,14.53637],[120.98613,14.53637],[120.98613,14.53628]]],[[[120.99013,14.53469],[120.98986,14.5345],[120.99013,14.53451],[120.99013,14.53469]]],[[[120.98624,14.53429],[120.98606,14.53393],[120.98615,14.53393],[120.98624,14.53429]]],[[[120.983,14.53372],[120.98309,14.53408],[120.98281,14.53408],[120.983,14.53372]]],[[[120.98945,14.53866],[120.98906,14.54019],[120.98878,14.54019],[120.98889,14.53874],[120.98945,14.53866]]],[[[120.98694,14.53873],[120.98713,14.539],[120.98694,14.539],[120.98694,14.53873]]],[[[120.9875,14.53909],[120.98731,14.53891],[120.9875,14.53891],[120.9875,14.53909]]],[[[120.98777,14.5391],[120.98805,14.53955],[120.98767,14.53991],[120.98749,14.53936],[120.98777,14.5391]]],[[[120.98527,14.53944],[120.98581,14.54034],[120.98507,14.54043],[120.98527,14.53944]]],[[[120.98535,14.54079],[120.98524,14.54206],[120.98478,14.54214],[120.98488,14.54088],[120.98535,14.54079]]],[[[120.98571,14.54206],[120.98534,14.54188],[120.98562,14.5417],[120.98571,14.54206]]],[[[120.98654,14.54207],[120.98775,14.54208],[120.98774,14.54244],[120.98626,14.54252],[120.98654,14.54207]]],[[[120.98283,14.5424],[120.98329,14.54276],[120.98282,14.54276],[120.98283,14.5424]]],[[[120.9881,14.54353],[120.98887,14.54118],[120.98923,14.54218],[120.98886,14.54209],[120.98903,14.54362],[120.98866,14.54398],[120.98616,14.54342],[120.98626,14.54279],[120.98672,14.54279],[120.9881,14.54353]]],[[[120.98913,14.54326],[120.98894,14.54299],[120.98913,14.54308],[120.98913,14.54326]]],[[[120.98922,14.54281],[120.98913,14.54254],[120.98932,14.54254],[120.98922,14.54281]]],[[[120.98997,14.54273],[120.98988,14.54246],[120.99016,14.54246],[120.98997,14.54273]]],[[[120.98636,14.54179],[120.98645,14.54207],[120.98636,14.54207],[120.98636,14.54179]]],[[[120.98785,14.54099],[120.98767,14.54081],[120.98785,14.54081],[120.98785,14.54099]]],[[[120.98006,14.53044],[120.98052,14.53036],[120.98052,14.53072],[120.98015,14.53081],[120.98006,14.53044]]],[[[120.98469,14.53075],[120.9846,14.53066],[120.9847,14.53066],[120.98469,14.53075]]],[[[120.99001,14.52764],[120.99123,14.52602],[120.9916,14.52657],[120.99179,14.52585],[120.99318,14.52604],[120.99215,14.52648],[120.99308,14.52685],[120.99271,14.52703],[120.99307,14.52766],[120.99259,14.52965],[120.99315,14.52974],[120.99314,14.53029],[120.99166,14.52946],[120.99128,14.53045],[120.98998,14.53053],[120.99009,14.52945],[120.99064,14.52954],[120.99037,14.52909],[120.99195,14.52901],[120.99195,14.52847],[120.99102,14.52855],[120.99057,14.52746],[120.99001,14.52764]]],[[[120.98983,14.52664],[120.98983,14.52746],[120.98927,14.52736],[120.98983,14.52664]]],[[[120.99048,14.52665],[120.99039,14.52674],[120.99048,14.52674],[120.99048,14.52665]]],[[[120.99039,14.52665],[120.9904,14.52538],[120.99096,14.52521],[120.99041,14.52493],[120.99051,14.52403],[120.98976,14.52501],[120.98744,14.52481],[120.98799,14.525],[120.98826,14.52663],[120.98937,14.52682],[120.98956,14.52628],[120.98929,14.52564],[120.98827,14.52554],[120.98818,14.52509],[120.98994,14.5252],[120.98938,14.52564],[120.99039,14.52665]]],[[[120.99365,14.52568],[120.99358,14.52324],[120.99376,14.52315],[120.99383,14.52541],[120.99365,14.52568]]],[[[120.99228,14.52305],[120.99181,14.52313],[120.99228,14.52278],[120.99228,14.52305]]],[[[120.99432,14.52298],[120.99423,14.52288],[120.99432,14.52289],[120.99432,14.52298]]],[[[120.9933,14.52288],[120.99321,14.52279],[120.9933,14.52279],[120.9933,14.52288]]],[[[120.99126,14.52331],[120.99154,14.52241],[120.99182,14.52286],[120.99126,14.52331]]],[[[120.98811,14.52265],[120.98755,14.52256],[120.98737,14.52192],[120.98551,14.52245],[120.98589,14.52119],[120.98701,14.52092],[120.98646,14.5202],[120.98711,14.51984],[120.98675,14.51939],[120.98915,14.51995],[120.98867,14.52193],[120.98784,14.52202],[120.98811,14.52265]]],[[[120.99173,14.52214],[120.99155,14.52123],[120.99145,14.52214],[120.99099,14.52195],[120.99137,14.5206],[120.99332,14.52071],[120.99321,14.52215],[120.99238,14.52215],[120.99256,14.52251],[120.99173,14.52214]]],[[[120.99359,14.52152],[120.99369,14.52116],[120.99368,14.52152],[120.99359,14.52152]]],[[[120.99424,14.52117],[120.99415,14.52108],[120.99424,14.52108],[120.99424,14.52117]]],[[[120.99298,14.51763],[120.99361,14.51981],[120.9936,14.52107],[120.99351,14.52026],[120.99045,14.5196],[120.99055,14.51897],[120.99102,14.51888],[120.99066,14.51743],[120.99298,14.51763]]],[[[120.9938,14.51845],[120.99371,14.51836],[120.99381,14.51836],[120.9938,14.51845]]],[[[120.98592,14.51829],[120.98601,14.51848],[120.98583,14.51847],[120.98592,14.51829]]],[[[120.98453,14.51828],[120.98471,14.51847],[120.98453,14.51846],[120.98453,14.51828]]],[[[120.97971,14.51815],[120.97952,14.51842],[120.97952,14.51815],[120.97971,14.51815]]],[[[120.9874,14.51876],[120.98759,14.51885],[120.9874,14.51885],[120.9874,14.51876]]],[[[120.98833,14.51913],[120.98796,14.51876],[120.98851,14.51904],[120.98833,14.51913]]],[[[120.98564,14.51911],[120.9861,14.51929],[120.98545,14.51956],[120.98564,14.51911]]],[[[120.97997,14.51933],[120.98192,14.51944],[120.97997,14.5196],[120.97997,14.51933]]],[[[120.98609,14.51983],[120.98637,14.51956],[120.98656,14.51975],[120.98609,14.51983]]],[[[120.98554,14.51965],[120.98563,14.51974],[120.98554,14.51974],[120.98554,14.51965]]],[[[120.97951,14.51978],[120.9796,14.51987],[120.97951,14.51987],[120.97951,14.51978]]],[[[120.98117,14.51997],[120.9809,14.51979],[120.98118,14.51979],[120.98117,14.51997]]],[[[120.99009,14.51941],[120.98953,14.51923],[120.99009,14.51932],[120.99009,14.51941]]],[[[120.98656,14.5192],[120.98637,14.51938],[120.98628,14.5192],[120.98656,14.5192]]],[[[120.98934,14.51923],[120.98907,14.51914],[120.98935,14.51914],[120.98934,14.51923]]],[[[120.98925,14.51995],[120.98961,14.52022],[120.98924,14.52013],[120.98925,14.51995]]],[[[120.99045,14.52014],[120.9911,14.52015],[120.99091,14.52078],[120.99054,14.5205],[120.99045,14.52014]]],[[[120.99434,14.52045],[120.99425,14.52035],[120.99434,14.52036],[120.99434,14.52045]]],[[[120.99435,14.51981],[120.99426,14.51972],[120.99435,14.51972],[120.99435,14.51981]]],[[[120.98061,14.52123],[120.98163,14.52124],[120.98227,14.52233],[120.97976,14.52276],[120.98061,14.52123]]],[[[120.98681,14.52282],[120.98699,14.52355],[120.98661,14.52372],[120.98643,14.52345],[120.98681,14.52282]]],[[[120.98486,14.52289],[120.98514,14.52308],[120.98486,14.52308],[120.98486,14.52289]]],[[[120.98615,14.52327],[120.98634,14.52336],[120.98615,14.52336],[120.98615,14.52327]]],[[[120.99218,14.52386],[120.99227,14.52395],[120.99208,14.52395],[120.99218,14.52386]]],[[[120.9931,14.52486],[120.99329,14.52378],[120.99319,14.52486],[120.9931,14.52486]]],[[[120.99208,14.52431],[120.99226,14.52504],[120.99207,14.52513],[120.99208,14.52431]]],[[[120.99254,14.52513],[120.99245,14.52504],[120.99254,14.52504],[120.99254,14.52513]]],[[[120.99329,14.5236],[120.9932,14.52342],[120.9933,14.52342],[120.99329,14.5236]]],[[[120.99051,14.52339],[120.9906,14.52358],[120.99051,14.52358],[120.99051,14.52339]]],[[[120.98847,14.5232],[120.98856,14.52347],[120.98838,14.52347],[120.98847,14.5232]]],[[[120.98449,14.52262],[120.9844,14.52253],[120.98449,14.52253],[120.98449,14.52262]]],[[[120.987,14.52255],[120.98681,14.52237],[120.987,14.52237],[120.987,14.52255]]],[[[120.98319,14.52234],[120.98311,14.52189],[120.98366,14.52207],[120.98366,14.52225],[120.98319,14.52234]]],[[[120.98339,14.52162],[120.9833,14.52144],[120.98339,14.52144],[120.98339,14.52162]]],[[[120.99124,14.52521],[120.9917,14.5253],[120.99124,14.5253],[120.99124,14.52521]]],[[[120.99179,14.52557],[120.99188,14.52567],[120.99179,14.52566],[120.99179,14.52557]]],[[[120.98752,14.52662],[120.9877,14.52699],[120.98751,14.52698],[120.98752,14.52662]]],[[[120.98825,14.5269],[120.98835,14.52699],[120.98835,14.5269],[120.98825,14.5269]]],[[[120.98816,14.52726],[120.98798,14.52699],[120.98797,14.52726],[120.98816,14.52726]]],[[[120.98686,14.52716],[120.98705,14.52734],[120.98686,14.52743],[120.98686,14.52716]]],[[[120.98779,14.52735],[120.9876,14.52717],[120.98779,14.52726],[120.98779,14.52735]]],[[[120.98816,14.52681],[120.98789,14.52663],[120.98816,14.52663],[120.98816,14.52681]]],[[[120.98973,14.52754],[120.98992,14.52764],[120.98973,14.52764],[120.98973,14.52754]]],[[[120.99148,14.52883],[120.99158,14.52892],[120.99148,14.52892],[120.99148,14.52883]]],[[[120.9847,14.52967],[120.98479,14.53003],[120.9847,14.53003],[120.9847,14.52967]]],[[[120.98971,14.53008],[120.9898,14.53044],[120.98971,14.53044],[120.98971,14.53008]]],[[[120.98971,14.53053],[120.9898,14.53062],[120.98971,14.53062],[120.98971,14.53053]]],[[[120.99342,14.53038],[120.99324,14.52956],[120.99343,14.5292],[120.99342,14.53038]]],[[[120.99306,14.5292],[120.99315,14.52929],[120.99306,14.52929],[120.99306,14.5292]]],[[[120.99352,14.52902],[120.99334,14.52884],[120.99353,14.52884],[120.99352,14.52902]]],[[[120.99353,14.52866],[120.99354,14.52758],[120.99363,14.52758],[120.99353,14.52866]]],[[[120.99373,14.52704],[120.99364,14.52649],[120.99373,14.52649],[120.99373,14.52704]]],[[[120.99373,14.52631],[120.99364,14.52613],[120.99374,14.52613],[120.99373,14.52631]]],[[[120.97943,14.51797],[120.97934,14.51788],[120.97943,14.51788],[120.97943,14.51797]]],[[[120.97934,14.51733],[120.97925,14.51715],[120.97935,14.51715],[120.97934,14.51733]]],[[[120.98102,14.51608],[120.98093,14.51599],[120.98103,14.51599],[120.98102,14.51608]]],[[[120.9813,14.51591],[120.98121,14.51581],[120.98131,14.51582],[120.9813,14.51591]]],[[[120.98149,14.51573],[120.98196,14.51555],[120.98196,14.51537],[120.98168,14.51546],[120.98149,14.51573]]],[[[120.98149,14.51582],[120.9814,14.51573],[120.9814,14.51582],[120.98149,14.51582]]],[[[120.97992,14.51535],[120.97928,14.51462],[120.98021,14.51409],[120.97992,14.51535]]],[[[120.98243,14.51492],[120.98252,14.51519],[120.98261,14.51492],[120.98243,14.51492]]],[[[120.98233,14.51528],[120.98215,14.51519],[120.98215,14.51528],[120.98233,14.51528]]],[[[120.98289,14.51483],[120.98308,14.51448],[120.98383,14.51412],[120.98568,14.51386],[120.98289,14.51483]]],[[[120.98216,14.51356],[120.98262,14.51411],[120.98262,14.51438],[120.98216,14.51356]]],[[[120.98207,14.51338],[120.98189,14.5132],[120.98207,14.5132],[120.98207,14.51338]]],[[[120.97771,14.51325],[120.9778,14.51335],[120.97771,14.51334],[120.97771,14.51325]]],[[[120.98875,14.51308],[120.98866,14.51299],[120.98875,14.51299],[120.98875,14.51308]]],[[[120.98115,14.51292],[120.98078,14.51238],[120.98134,14.51202],[120.98161,14.51266],[120.98115,14.51292]]],[[[120.98885,14.5129],[120.98838,14.51262],[120.98885,14.51281],[120.98885,14.5129]]],[[[120.9856,14.51278],[120.98404,14.51042],[120.98479,14.5097],[120.98516,14.5097],[120.98488,14.51042],[120.98525,14.51034],[120.98525,14.5107],[120.98478,14.51078],[120.9856,14.51278]]],[[[120.98849,14.51163],[120.9883,14.5119],[120.98839,14.5119],[120.98849,14.51163]]],[[[120.98821,14.51163],[120.9883,14.51154],[120.98821,14.51154],[120.98821,14.51163]]],[[[120.98672,14.51152],[120.98663,14.51125],[120.98691,14.51135],[120.98672,14.51152]]],[[[120.98571,14.51106],[120.98524,14.51133],[120.98571,14.51133],[120.98571,14.51106]]],[[[120.98515,14.51106],[120.98525,14.51088],[120.98515,14.51088],[120.98515,14.51106]]],[[[120.97607,14.51062],[120.97588,14.51053],[120.97607,14.51053],[120.97607,14.51062]]],[[[120.97859,14.50811],[120.97821,14.5091],[120.97793,14.50919],[120.97786,14.50711],[120.97869,14.50748],[120.97914,14.50866],[120.97859,14.50811]]],[[[120.97609,14.508],[120.9759,14.50845],[120.97562,14.50863],[120.97553,14.50799],[120.97609,14.508]]],[[[120.97553,14.50872],[120.97534,14.50899],[120.97534,14.50872],[120.97553,14.50872]]],[[[120.97923,14.50911],[120.97905,14.50893],[120.97923,14.50893],[120.97923,14.50911]]],[[[120.9799,14.50704],[120.97981,14.50686],[120.9799,14.50686],[120.9799,14.50704]]],[[[120.97795,14.50693],[120.97749,14.50693],[120.9774,14.50647],[120.97787,14.5063],[120.97795,14.50693]]],[[[120.97833,14.50648],[120.97842,14.50621],[120.97842,14.50648],[120.97833,14.50648]]],[[[120.98093,14.50632],[120.98084,14.50623],[120.98093,14.50623],[120.98093,14.50632]]],[[[120.9801,14.50605],[120.97991,14.50586],[120.98,14.50586],[120.9801,14.50605]]],[[[120.99302,14.50254],[120.99284,14.50236],[120.99302,14.50245],[120.99302,14.50254]]],[[[120.99414,14.50219],[120.99405,14.50192],[120.99423,14.50192],[120.99414,14.50219]]],[[[120.98961,14.50052],[120.99007,14.50107],[120.98978,14.50197],[120.98932,14.50088],[120.98961,14.50052]]],[[[120.99145,14.50153],[120.99155,14.50126],[120.99164,14.50154],[120.99145,14.50153]]],[[[120.99043,14.50125],[120.99025,14.50098],[120.99053,14.50098],[120.99043,14.50125]]],[[[120.99026,14.50053],[120.99007,14.50035],[120.99026,14.50035],[120.99026,14.50053]]],[[[120.98961,14.50016],[120.98952,14.50007],[120.98961,14.50007],[120.98961,14.50016]]],[[[120.98809,14.4941],[120.988,14.494],[120.98809,14.494],[120.98809,14.4941]]],[[[120.9758,14.48884],[120.97608,14.48848],[120.97626,14.48884],[120.9758,14.48884]]],[[[120.98283,14.49116],[120.98264,14.49107],[120.98283,14.49107],[120.98283,14.49116]]],[[[120.98954,14.48769],[120.98944,14.4876],[120.98954,14.4876],[120.98954,14.48769]]],[[[120.98966,14.48381],[120.98855,14.4838],[120.98856,14.48253],[120.98958,14.48317],[120.98966,14.48381]]],[[[120.99459,14.48276],[120.99469,14.48231],[120.99487,14.48277],[120.99459,14.48276]]],[[[120.97864,14.48254],[120.97845,14.48263],[120.97864,14.48272],[120.97864,14.48254]]],[[[120.97836,14.48244],[120.97846,14.48236],[120.97836,14.48235],[120.97836,14.48244]]],[[[120.97873,14.48272],[120.97864,14.48281],[120.97873,14.48281],[120.97873,14.48272]]],[[[120.97882,14.48281],[120.97873,14.4829],[120.97882,14.4829],[120.97882,14.48281]]],[[[120.98717,14.48288],[120.98708,14.4827],[120.98717,14.4827],[120.98717,14.48288]]],[[[120.98763,14.4827],[120.98745,14.48261],[120.98763,14.48261],[120.98763,14.4827]]],[[[120.98717,14.48324],[120.98744,14.4837],[120.98735,14.4837],[120.98717,14.48324]]],[[[120.97736,14.4809],[120.97755,14.48036],[120.97819,14.48127],[120.97781,14.48136],[120.97736,14.4809]]],[[[120.99562,14.48133],[120.99544,14.48087],[120.99544,14.4806],[120.99581,14.48106],[120.99562,14.48133]]],[[[120.97542,14.47926],[120.97533,14.47935],[120.97542,14.47935],[120.97542,14.47926]]],[[[120.97505,14.47907],[120.97589,14.4789],[120.97506,14.47835],[120.97505,14.47907]]],[[[120.99147,14.47912],[120.99204,14.47759],[120.99185,14.47813],[120.99249,14.47859],[120.99147,14.47912]]],[[[120.98332,14.47788],[120.98165,14.47759],[120.9824,14.47633],[120.98342,14.47743],[120.98332,14.47788]]],[[[120.9887,14.47774],[120.98852,14.47729],[120.98916,14.47748],[120.98916,14.47766],[120.9887,14.47774]]],[[[120.98703,14.47728],[120.98667,14.47628],[120.98695,14.4761],[120.98732,14.47674],[120.98703,14.47728]]],[[[120.98768,14.4771],[120.98798,14.47521],[120.98853,14.47548],[120.98965,14.47513],[120.9902,14.47559],[120.98861,14.47702],[120.98768,14.4771]]],[[[120.99121,14.47659],[120.99047,14.4764],[120.99048,14.47613],[120.99121,14.47659]]],[[[120.99252,14.47597],[120.99243,14.47588],[120.99252,14.47588],[120.99252,14.47597]]],[[[120.99215,14.47588],[120.99206,14.47578],[120.99215,14.47579],[120.99215,14.47588]]],[[[120.99308,14.47579],[120.99298,14.47561],[120.99308,14.47561],[120.99308,14.47579]]],[[[120.99428,14.47553],[120.99419,14.47535],[120.99428,14.47535],[120.99428,14.47553]]],[[[120.99457,14.47508],[120.99475,14.47527],[120.99484,14.47499],[120.99457,14.47508]]],[[[120.99456,14.47535],[120.99447,14.47526],[120.99447,14.47535],[120.99456,14.47535]]],[[[120.99206,14.47524],[120.99234,14.47534],[120.99206,14.47542],[120.99206,14.47524]]],[[[120.99531,14.47518],[120.99512,14.47509],[120.99531,14.47509],[120.99531,14.47518]]],[[[120.98919,14.47495],[120.98863,14.47521],[120.98808,14.47467],[120.98901,14.47431],[120.98919,14.47495]]],[[[120.99438,14.4749],[120.99485,14.47436],[120.99503,14.47445],[120.99503,14.47491],[120.99438,14.4749]]],[[[120.9955,14.47482],[120.99541,14.47455],[120.99559,14.47446],[120.9955,14.47482]]],[[[120.99336,14.47462],[120.99346,14.4748],[120.99336,14.4748],[120.99336,14.47462]]],[[[120.98827,14.47394],[120.98789,14.47439],[120.9878,14.47403],[120.98827,14.47394]]],[[[120.98651,14.47402],[120.98632,14.47465],[120.98548,14.47437],[120.98549,14.47401],[120.98651,14.47402]]],[[[120.9841,14.47391],[120.98437,14.47436],[120.984,14.47445],[120.9841,14.47391]]],[[[120.98373,14.47373],[120.98344,14.47426],[120.98336,14.47372],[120.98373,14.47373]]],[[[120.98855,14.47386],[120.98846,14.47377],[120.98855,14.47377],[120.98855,14.47386]]],[[[120.98531,14.47347],[120.98521,14.47356],[120.98475,14.47346],[120.98466,14.47328],[120.98531,14.47347]]],[[[120.98596,14.47329],[120.98624,14.47266],[120.98679,14.47294],[120.9867,14.47321],[120.98596,14.47329]]],[[[120.9868,14.47285],[120.98661,14.47267],[120.9868,14.47267],[120.9868,14.47285]]],[[[120.98504,14.47202],[120.9842,14.47292],[120.98506,14.4703],[120.98617,14.46995],[120.98578,14.47203],[120.98541,14.47238],[120.98504,14.47202]]],[[[120.9908,14.47135],[120.9907,14.47125],[120.9908,14.47126],[120.9908,14.47135]]],[[[120.98218,14.4701],[120.98246,14.47028],[120.98209,14.47028],[120.98218,14.4701]]],[[[120.97829,14.47015],[120.9781,14.47051],[120.97736,14.47033],[120.977,14.46888],[120.97829,14.47015]]],[[[120.97847,14.47052],[120.97865,14.47097],[120.97791,14.47124],[120.97791,14.47087],[120.97847,14.47052]]],[[[120.98274,14.47055],[120.98255,14.47037],[120.98274,14.47037],[120.98274,14.47055]]],[[[120.98292,14.47037],[120.98283,14.47028],[120.98292,14.47028],[120.98292,14.47037]]],[[[120.98329,14.47029],[120.9832,14.4702],[120.98329,14.4702],[120.98329,14.47029]]],[[[120.9792,14.47179],[120.97929,14.47233],[120.9791,14.47251],[120.97864,14.47196],[120.9792,14.47179]]],[[[120.98448,14.47301],[120.98457,14.47319],[120.98447,14.47319],[120.98448,14.47301]]],[[[120.97149,14.47317],[120.97213,14.47381],[120.97203,14.47444],[120.97399,14.47346],[120.97445,14.47446],[120.97258,14.47553],[120.97193,14.47543],[120.97074,14.47407],[120.97149,14.47317]]],[[[120.97444,14.47545],[120.97463,14.47464],[120.97528,14.47474],[120.97637,14.47701],[120.97535,14.477],[120.97444,14.47545]]],[[[120.97487,14.47835],[120.97284,14.47752],[120.9722,14.4767],[120.97312,14.47716],[120.97368,14.4768],[120.97497,14.4779],[120.97487,14.47835]]],[[[120.98214,14.47498],[120.98343,14.47553],[120.98455,14.47518],[120.98381,14.47499],[120.98372,14.47454],[120.98316,14.47471],[120.98308,14.47399],[120.98224,14.47434],[120.98214,14.47498]]],[[[120.98214,14.47498],[120.98075,14.47487],[120.98046,14.47623],[120.98148,14.47633],[120.98176,14.47543],[120.98259,14.47588],[120.98214,14.47498]]],[[[120.98455,14.475],[120.98464,14.47509],[120.98464,14.475],[120.98455,14.475]]],[[[120.97676,14.47502],[120.97694,14.4752],[120.97676,14.47529],[120.97676,14.47502]]],[[[120.9877,14.47539],[120.98715,14.47493],[120.98789,14.47494],[120.9877,14.47539]]],[[[120.9776,14.47431],[120.97778,14.47449],[120.9776,14.47458],[120.9776,14.47431]]],[[[120.97602,14.47447],[120.97556,14.47465],[120.97519,14.47456],[120.97519,14.47437],[120.97602,14.47447]]],[[[120.97872,14.47386],[120.97844,14.47377],[120.97872,14.47359],[120.97872,14.47386]]],[[[120.96987,14.46764],[120.97006,14.46728],[120.97006,14.46755],[120.96987,14.46764]]],[[[120.97284,14.46713],[120.97163,14.46757],[120.97183,14.46648],[120.97284,14.46713]]],[[[120.97303,14.46695],[120.97294,14.46685],[120.97303,14.46686],[120.97303,14.46695]]],[[[120.96934,14.46502],[120.9698,14.46484],[120.96989,14.4652],[120.96952,14.46529],[120.96934,14.46502]]],[[[120.96647,14.46436],[120.96675,14.464],[120.96702,14.46445],[120.96647,14.46436]]],[[[120.96777,14.46437],[120.96758,14.4641],[120.96777,14.4641],[120.96777,14.46437]]],[[[120.96879,14.46429],[120.9686,14.4642],[120.96879,14.46411],[120.96879,14.46429]]],[[[120.96925,14.46402],[120.96898,14.46339],[120.96907,14.46339],[120.96925,14.46402]]],[[[120.97139,14.46395],[120.97129,14.46404],[120.97139,14.46404],[120.97139,14.46395]]],[[[120.9713,14.46395],[120.97185,14.46368],[120.97093,14.46304],[120.97074,14.46349],[120.9713,14.46395]]],[[[120.96833,14.46347],[120.96852,14.46356],[120.96833,14.46356],[120.96833,14.46347]]],[[[120.96899,14.46294],[120.96889,14.46284],[120.96899,14.46284],[120.96899,14.46294]]],[[[120.96964,14.4624],[120.96946,14.46204],[120.96974,14.46213],[120.96964,14.4624]]],[[[120.9702,14.46222],[120.97011,14.46213],[120.9702,14.46213],[120.9702,14.46222]]],[[[120.96799,14.46067],[120.96789,14.46058],[120.96799,14.46058],[120.96799,14.46067]]],[[[120.96864,14.46013],[120.96855,14.46004],[120.96864,14.46004],[120.96864,14.46013]]],[[[120.97105,14.4606],[120.97096,14.46042],[120.97105,14.46042],[120.97105,14.4606]]],[[[120.97408,14.46316],[120.97399,14.46307],[120.97409,14.46307],[120.97408,14.46316]]],[[[120.97824,14.46491],[120.97806,14.46482],[120.97824,14.46473],[120.97824,14.46491]]],[[[120.99369,14.47996],[120.9936,14.47986],[120.99369,14.47986],[120.99369,14.47996]]],[[[120.99305,14.49965],[120.99286,14.49947],[120.99305,14.49947],[120.99305,14.49965]]],[[[120.99194,14.49937],[120.99212,14.49955],[120.99193,14.49955],[120.99194,14.49937]]],[[[120.99157,14.49919],[120.99148,14.49882],[120.99166,14.49892],[120.99157,14.49919]]],[[[120.99237,14.50281],[120.99274,14.50317],[120.99246,14.50326],[120.99237,14.50281]]],[[[120.99292,14.50317],[120.99283,14.50308],[120.99292,14.50308],[120.99292,14.50317]]],[[[120.99486,14.50391],[120.99467,14.50427],[120.99449,14.50382],[120.99486,14.50391]]],[[[120.9956,14.50455],[120.99577,14.50573],[120.99513,14.50473],[120.9956,14.50455]]],[[[120.99512,14.50572],[120.99558,14.50618],[120.99549,14.50645],[120.99512,14.50635],[120.99512,14.50572]]],[[[120.99678,14.507],[120.99715,14.50719],[120.99678,14.50709],[120.99678,14.507]]],[[[120.99743,14.50719],[120.99734,14.5071],[120.99743,14.5071],[120.99743,14.50719]]],[[[120.99576,14.50781],[120.99612,14.50826],[120.99575,14.50817],[120.99576,14.50781]]],[[[120.99711,14.51161],[120.99693,14.51143],[120.99711,14.51143],[120.99711,14.51161]]],[[[120.99179,14.50506],[120.99188,14.50524],[120.99179,14.50524],[120.99179,14.50506]]],[[[120.99207,14.50543],[120.99225,14.50516],[120.99234,14.50543],[120.99207,14.50543]]],[[[120.99197,14.5056],[120.99206,14.50588],[120.99197,14.50588],[120.99197,14.5056]]],[[[120.99316,14.50706],[120.99335,14.50715],[120.99316,14.50715],[120.99316,14.50706]]],[[[120.99325,14.50751],[120.99353,14.50788],[120.99316,14.50778],[120.99325,14.50751]]],[[[120.99381,14.50788],[120.99371,14.50779],[120.99381,14.50779],[120.99381,14.50788]]],[[[120.99316,14.50805],[120.99288,14.50832],[120.99288,14.50805],[120.99316,14.50805]]],[[[120.98893,14.50359],[120.98902,14.50377],[120.98893,14.50377],[120.98893,14.50359]]],[[[120.98023,14.51138],[120.98014,14.51129],[120.98023,14.51129],[120.98023,14.51138]]],[[[120.99728,14.53457],[120.99709,14.53448],[120.99728,14.53439],[120.99728,14.53457]]],[[[120.99615,14.53655],[120.99642,14.53682],[120.99624,14.53691],[120.99615,14.53655]]],[[[120.9964,14.55959],[120.99613,14.55941],[120.9964,14.55941],[120.9964,14.55959]]],[[[120.99475,14.55714],[120.99439,14.55686],[120.99429,14.55668],[120.99467,14.55669],[120.99475,14.55714]]],[[[120.99559,14.55678],[120.99597,14.55597],[120.99625,14.55598],[120.99643,14.55679],[120.99559,14.55678]]],[[[120.99643,14.55607],[120.99653,14.55589],[120.99662,14.55607],[120.99643,14.55607]]],[[[120.99412,14.55569],[120.99476,14.55623],[120.9942,14.5565],[120.99412,14.55569]]],[[[120.99374,14.55595],[120.99384,14.55614],[120.99374,14.55614],[120.99374,14.55595]]],[[[120.99672,14.55553],[120.99653,14.55535],[120.99663,14.55535],[120.99672,14.55553]]],[[[120.99746,14.55535],[120.99718,14.55508],[120.99746,14.55517],[120.99746,14.55535]]],[[[120.99486,14.55515],[120.99505,14.55551],[120.99468,14.55542],[120.99486,14.55515]]],[[[120.99672,14.55499],[120.99654,14.55471],[120.99663,14.55471],[120.99672,14.55499]]],[[[120.99756,14.55481],[120.99737,14.55463],[120.99756,14.55463],[120.99756,14.55481]]],[[[120.99338,14.55487],[120.99319,14.55514],[120.99311,14.55477],[120.99338,14.55487]]],[[[120.99282,14.55549],[120.99273,14.55577],[120.99226,14.55558],[120.99282,14.55549]]],[[[120.99945,14.56143],[120.99935,14.56152],[120.99945,14.56152],[120.99945,14.56143]]],[[[120.99917,14.56142],[120.99936,14.56115],[120.99926,14.56115],[120.99917,14.56142]]],[[[120.99843,14.56087],[120.99872,14.56024],[120.9989,14.56025],[120.99917,14.56097],[120.99843,14.56087]]],[[[121.00019,14.5608],[121.00029,14.56053],[121.00038,14.56071],[121.00019,14.5608]]],[[[120.99992,14.56053],[120.99974,14.56025],[120.99992,14.56016],[120.99992,14.56053]]],[[[121.00038,14.56035],[121.0002,14.56017],[121.00039,14.56017],[121.00038,14.56035]]],[[[120.999,14.55989],[120.99891,14.55898],[120.99956,14.55926],[120.999,14.55989]]],[[[120.99815,14.57163],[120.99824,14.57181],[120.99815,14.57181],[120.99815,14.57163]]],[[[121.00025,14.5861],[121.00034,14.58628],[121.00015,14.58628],[121.00025,14.5861]]],[[[120.99772,14.58798],[120.99781,14.58807],[120.99772,14.58807],[120.99772,14.58798]]],[[[120.99865,14.58817],[120.99883,14.58826],[120.99865,14.58826],[120.99865,14.58817]]],[[[120.99911,14.58826],[120.9992,14.58844],[120.99902,14.58844],[120.99911,14.58826]]],[[[120.99605,14.58869],[120.99586,14.58841],[120.99605,14.58842],[120.99605,14.58869]]],[[[120.99439,14.59717],[120.99448,14.59744],[120.99439,14.59744],[120.99439,14.59717]]],[[[120.99411,14.59744],[120.99448,14.59789],[120.99401,14.59789],[120.99411,14.59744]]],[[[120.99466,14.59825],[120.99485,14.59835],[120.99466,14.59834],[120.99466,14.59825]]],[[[120.98985,14.60653],[120.98985,14.60689],[120.98967,14.60662],[120.98985,14.60653]]],[[[120.98724,14.60858],[120.98733,14.60867],[120.98723,14.60867],[120.98724,14.60858]]],[[[120.98788,14.60886],[120.98835,14.60877],[120.98881,14.60923],[120.98788,14.60886]]],[[[120.98526,14.61101],[120.98536,14.61119],[120.98526,14.61119],[120.98526,14.61101]]],[[[120.98116,14.61368],[120.98078,14.61422],[120.98023,14.61376],[120.98088,14.61341],[120.98116,14.61368]]],[[[120.97995,14.61358],[120.98004,14.61367],[120.97995,14.61367],[120.97995,14.61358]]],[[[120.97947,14.61556],[120.97956,14.61565],[120.97947,14.61565],[120.97947,14.61556]]],[[[120.97665,14.63994],[120.97674,14.64012],[120.97655,14.64012],[120.97665,14.63994]]],[[[120.96556,14.66487],[120.9656,14.66496],[120.96556,14.66496],[120.96556,14.66487]]],[[[120.9738,14.67696],[120.97385,14.67692],[120.97385,14.67714],[120.9738,14.67696]]],[[[120.97633,14.67477],[120.97665,14.67482],[120.97633,14.67482],[120.97633,14.67477]]],[[[120.96563,14.68719],[120.96568,14.68737],[120.96563,14.68737],[120.96563,14.68719]]],[[[120.95572,14.70983],[120.95516,14.7101],[120.95489,14.70955],[120.95572,14.70929],[120.95572,14.70983]]],[[[120.94911,14.73173],[120.94938,14.73255],[120.94882,14.73254],[120.94911,14.73173]]]]}}],"properties":{"source":"Project NOAH (DOST)","hazard":"storm-surge","advisory":"SSA4"}}