{"type":"FeatureCollection","features":[{"type":"Feature","properties":{"hazard":"storm-surge","level":"low","advisory":"SSA1"},"geometry":{"type":"MultiPolygon","coordinates":[[[[120.97267,14.47571],[120.97258,14.47562],[120.97258,14.47571],[120.97267,14.47571]]],[[[120.97665,14.47647],[120.97647,14.47637],[120.97647,14.47646],[120.97665,14.47647]]],[[[120.97183,14.47679],[120.97174,14.47669],[120.97174,14.47678],[120.97183,14.47679]]],[[[120.9722,14.47679],[120.97211,14.4767],[120.97211,14.47679],[120.9722,14.47679]]],[[[120.97479,14.47708],[120.9747,14.47699],[120.9747,14.47708],[120.97479,14.47708]]],[[[120.97656,14.4771],[120.97647,14.47664],[120.97646,14.4771],[120.97656,14.4771]]],[[[120.97461,14.47717],[120.97451,14.47708],[120.97451,14.47717],[120.97461,14.47717]]],[[[120.97553,14.47718],[120.97544,14.47709],[120.97544,14.47718],[120.97553,14.47718]]],[[[120.97572,14.47727],[120.97563,14.47718],[120.97563,14.47727],[120.97572,14.47727]]],[[[120.97516,14.47736],[120.97535,14.47727],[120.97516,14.47727],[120.97516,14.47736]]],[[[120.97479,14.47726],[120.9747,14.47744],[120.97498,14.47745],[120.97498,14.47717],[120.97479,14.47726]]],[[[120.97544,14.47736],[120.97535,14.47745],[120.97544,14.47745],[120.97544,14.47736]]],[[[120.97562,14.47745],[120.97544,14.47754],[120.97562,14.47754],[120.97562,14.47745]]],[[[120.9759,14.47754],[120.97562,14.47763],[120.9759,14.47763],[120.9759,14.47754]]],[[[120.97701,14.47764],[120.97692,14.47755],[120.97692,14.47764],[120.97701,14.47764]]],[[[120.97599,14.47782],[120.9759,14.47772],[120.9759,14.47781],[120.97599,14.47782]]],[[[120.97636,14.478],[120.97627,14.47791],[120.97627,14.478],[120.97636,14.478]]],[[[120.9768,14.49056],[120.97671,14.49047],[120.97671,14.49056],[120.9768,14.49056]]],[[[120.98208,14.49206],[120.98198,14.49199],[120.98198,14.49205],[120.98208,14.49206]]],[[[120.98142,14.49241],[120.98152,14.49232],[120.98143,14.49237],[120.98142,14.49241]]],[[[120.97753,14.49238],[120.9779,14.49229],[120.9779,14.49211],[120.97753,14.49238]]],[[[120.97957,14.49249],[120.97929,14.49257],[120.97957,14.49267],[120.97957,14.49249]]],[[[120.97994,14.49267],[120.97985,14.49258],[120.97985,14.49267],[120.97994,14.49267]]],[[[120.99429,14.49514],[120.9942,14.49505],[120.9942,14.49514],[120.99429,14.49514]]],[[[120.99382,14.49622],[120.99373,14.49604],[120.99363,14.49622],[120.99382,14.49622]]],[[[120.99622,14.49751],[120.99604,14.49733],[120.99594,14.49751],[120.99622,14.49751]]],[[[120.99585,14.49769],[120.99575,14.49759],[120.99575,14.49768],[120.99585,14.49769]]],[[[120.98405,14.49921],[120.98396,14.49912],[120.98396,14.49921],[120.98405,14.49921]]],[[[120.99388,14.49975],[120.99379,14.49966],[120.99379,14.49975],[120.99388,14.49975]]],[[[120.99425,14.49975],[120.99416,14.49966],[120.99416,14.49975],[120.99425,14.49975]]],[[[120.99397,14.5002],[120.99388,14.50011],[120.99388,14.5002],[120.99397,14.5002]]],[[[120.99396,14.50065],[120.99387,14.50056],[120.99387,14.50065],[120.99396,14.50065]]],[[[120.99387,14.50083],[120.99378,14.50074],[120.99378,14.50083],[120.99387,14.50083]]],[[[120.99359,14.50128],[120.99368,14.50137],[120.99368,14.50128],[120.99359,14.50128]]],[[[120.99359,14.50146],[120.99349,14.50137],[120.99349,14.50146],[120.99359,14.50146]]],[[[120.9934,14.50155],[120.99349,14.50164],[120.99349,14.50155],[120.9934,14.50155]]],[[[120.9934,14.50173],[120.99331,14.50164],[120.99331,14.50173],[120.9934,14.50173]]],[[[120.98459,14.50175],[120.98449,14.50166],[120.98449,14.50175],[120.98459,14.50175]]],[[[120.99312,14.50182],[120.99303,14.50173],[120.99303,14.50182],[120.99312,14.50182]]],[[[120.99405,14.50183],[120.99395,14.50174],[120.99395,14.50183],[120.99405,14.50183]]],[[[120.98922,14.50188],[120.98941,14.50179],[120.98922,14.5017],[120.98922,14.50188]]],[[[120.99089,14.50189],[120.9908,14.5018],[120.9908,14.50189],[120.99089,14.50189]]],[[[120.99247,14.5019],[120.99238,14.50181],[120.99238,14.5019],[120.99247,14.5019]]],[[[120.99275,14.50191],[120.99266,14.50182],[120.99265,14.50191],[120.99275,14.50191]]],[[[120.9895,14.50188],[120.98941,14.50197],[120.9895,14.50197],[120.9895,14.50188]]],[[[120.99052,14.50189],[120.99015,14.50197],[120.99052,14.50198],[120.99052,14.50189]]],[[[120.99136,14.50198],[120.99126,14.50189],[120.99126,14.50198],[120.99136,14.50198]]],[[[120.9921,14.5019],[120.99145,14.50199],[120.9921,14.50199],[120.9921,14.5019]]],[[[120.98978,14.50206],[120.98969,14.50197],[120.98969,14.50206],[120.98978,14.50206]]],[[[120.99284,14.50227],[120.99293,14.50218],[120.99284,14.50218],[120.99284,14.50227]]],[[[120.99302,14.50227],[120.99293,14.50236],[120.99302,14.50236],[120.99302,14.50227]]],[[[120.99246,14.50245],[120.99237,14.50236],[120.99237,14.50245],[120.99246,14.50245]]],[[[120.99321,14.50245],[120.99311,14.50236],[120.99311,14.50245],[120.99321,14.50245]]],[[[120.99181,14.50253],[120.99163,14.50244],[120.99163,14.50253],[120.99181,14.50253]]],[[[120.9907,14.50261],[120.99052,14.50252],[120.99052,14.50261],[120.9907,14.50261]]],[[[120.99339,14.50263],[120.99348,14.50255],[120.99339,14.50254],[120.99339,14.50263]]],[[[120.99358,14.50264],[120.99348,14.50273],[120.99357,14.50273],[120.99358,14.50264]]],[[[120.99413,14.50273],[120.99404,14.50264],[120.99404,14.50273],[120.99413,14.50273]]],[[[120.9944,14.50364],[120.99431,14.50355],[120.99431,14.50364],[120.9944,14.50364]]],[[[120.99394,14.50372],[120.99385,14.50363],[120.99384,14.50372],[120.99394,14.50372]]],[[[120.99421,14.50436],[120.99412,14.50427],[120.99412,14.50436],[120.99421,14.50436]]],[[[120.9943,14.50463],[120.99421,14.50454],[120.99421,14.50463],[120.9943,14.50463]]],[[[120.99457,14.50563],[120.99448,14.50554],[120.99448,14.50563],[120.99457,14.50563]]],[[[120.99521,14.50672],[120.99512,14.50663],[120.99512,14.50672],[120.99521,14.50672]]],[[[120.9953,14.50726],[120.99521,14.5069],[120.9952,14.50726],[120.9953,14.50726]]],[[[120.99539,14.50753],[120.99529,14.50744],[120.99529,14.50753],[120.99539,14.50753]]],[[[120.9952,14.50798],[120.99529,14.50789],[120.9952,14.50789],[120.9952,14.50798]]],[[[120.99548,14.50798],[120.99529,14.50807],[120.99547,14.50807],[120.99548,14.50798]]],[[[120.99566,14.50844],[120.99557,14.50835],[120.99556,14.50844],[120.99566,14.50844]]],[[[120.99575,14.5088],[120.99565,14.50871],[120.99565,14.5088],[120.99575,14.5088]]],[[[120.99574,14.50988],[120.99565,14.5097],[120.99564,14.50988],[120.99574,14.50988]]],[[[120.99583,14.51034],[120.99573,14.51025],[120.99573,14.51034],[120.99583,14.51034]]],[[[120.98462,14.51874],[120.98471,14.51865],[120.98462,14.51865],[120.98462,14.51874]]],[[[120.98527,14.51874],[120.98536,14.51865],[120.98527,14.51865],[120.98527,14.51874]]],[[[120.97933,14.51869],[120.97932,14.51878],[120.97942,14.51878],[120.97933,14.51869]]],[[[120.9849,14.51874],[120.98499,14.51883],[120.98499,14.51865],[120.9849,14.51874]]],[[[120.98555,14.51874],[120.98536,14.51883],[120.98555,14.51883],[120.98555,14.51874]]],[[[120.98081,14.51888],[120.98072,14.51879],[120.98072,14.51888],[120.98081,14.51888]]],[[[120.98285,14.51899],[120.98276,14.5189],[120.98276,14.51899],[120.98285,14.51899]]],[[[120.98332,14.519],[120.98313,14.5189],[120.98313,14.51899],[120.98332,14.519]]],[[[120.9822,14.51899],[120.98267,14.51899],[120.98267,14.5189],[120.9822,14.51899]]],[[[120.98072,14.51915],[120.981,14.51907],[120.98052,14.51915],[120.98072,14.51915]]],[[[120.98137,14.51907],[120.98109,14.51916],[120.98137,14.51916],[120.98137,14.51907]]],[[[120.97942,14.51923],[120.97961,14.51917],[120.97942,14.51918],[120.97942,14.51923]]],[[[120.97998,14.51924],[120.97988,14.51916],[120.97988,14.51924],[120.97998,14.51924]]],[[[120.98002,14.52466],[120.97993,14.52457],[120.97993,14.52466],[120.98002,14.52466]]],[[[120.98048,14.52457],[120.9803,14.52466],[120.98048,14.52484],[120.98048,14.52457]]],[[[120.98066,14.52521],[120.98085,14.52512],[120.98067,14.52503],[120.98066,14.52521]]],[[[120.97983,14.52538],[120.97974,14.52529],[120.97973,14.52538],[120.97983,14.52538]]],[[[120.98094,14.5253],[120.98085,14.52539],[120.98094,14.52539],[120.98094,14.5253]]],[[[120.97964,14.5261],[120.97935,14.52637],[120.97963,14.52637],[120.97964,14.5261]]],[[[120.98073,14.52855],[120.98045,14.52864],[120.98073,14.52864],[120.98073,14.52855]]],[[[120.98035,14.52891],[120.98026,14.52873],[120.98026,14.52891],[120.98035,14.52891]]],[[[120.97998,14.52936],[120.97979,14.52927],[120.97979,14.52936],[120.97998,14.52936]]],[[[120.98016,14.52963],[120.98007,14.52954],[120.98007,14.52963],[120.98016,14.52963]]],[[[120.98136,14.52973],[120.98109,14.52982],[120.98136,14.52982],[120.98136,14.52973]]],[[[120.98248,14.52983],[120.98192,14.52992],[120.98248,14.52992],[120.98248,14.52983]]],[[[120.98331,14.52993],[120.98294,14.53002],[120.98331,14.53002],[120.98331,14.52993]]],[[[120.98034,14.53018],[120.98025,14.53008],[120.98025,14.53017],[120.98034,14.53018]]],[[[120.9821,14.53037],[120.98201,14.53028],[120.98201,14.53037],[120.9821,14.53037]]],[[[120.98395,14.53057],[120.98386,14.53048],[120.98386,14.53057],[120.98395,14.53057]]],[[[120.99284,14.53263],[120.99275,14.53254],[120.99275,14.53263],[120.99284,14.53263]]],[[[120.99275,14.5329],[120.99265,14.53281],[120.99265,14.5329],[120.99275,14.5329]]],[[[120.98292,14.54285],[120.98301,14.54303],[120.9831,14.54285],[120.98292,14.54285]]],[[[120.98282,14.54312],[120.98273,14.54303],[120.98273,14.54312],[120.98282,14.54312]]],[[[120.98467,14.54323],[120.98458,14.54313],[120.98458,14.54322],[120.98467,14.54323]]],[[[120.98504,14.54332],[120.98495,14.54323],[120.98495,14.54332],[120.98504,14.54332]]],[[[120.98588,14.54351],[120.98579,14.54342],[120.98579,14.54351],[120.98588,14.54351]]],[[[120.98625,14.5436],[120.98616,14.54351],[120.98616,14.5436],[120.98625,14.5436]]],[[[120.983,14.54384],[120.98309,14.54393],[120.98309,14.54384],[120.983,14.54384]]],[[[120.983,14.54402],[120.98291,14.54393],[120.9829,14.54402],[120.983,14.54402]]],[[[120.98182,14.54419],[120.98188,14.54401],[120.98187,14.54401],[120.98182,14.54419]]],[[[120.98476,14.54413],[120.98448,14.54422],[120.98476,14.54422],[120.98476,14.54413]]],[[[120.98235,14.54429],[120.98244,14.5442],[120.98235,14.5442],[120.98235,14.54429]]],[[[120.98559,14.54432],[120.9855,14.54423],[120.9855,14.54432],[120.98559,14.54432]]],[[[120.98578,14.54432],[120.98569,14.54423],[120.98569,14.54432],[120.98578,14.54432]]],[[[120.98893,14.54435],[120.98884,14.54426],[120.98884,14.54435],[120.98893,14.54435]]],[[[120.98272,14.54429],[120.98244,14.54438],[120.98272,14.54438],[120.98272,14.54429]]],[[[120.98633,14.54441],[120.98624,14.54432],[120.98624,14.54441],[120.98633,14.54441]]],[[[120.98207,14.5442],[120.98188,14.54447],[120.98197,14.54447],[120.98207,14.5442]]],[[[120.9829,14.54448],[120.98281,14.54438],[120.98281,14.54447],[120.9829,14.54448]]],[[[120.98346,14.54448],[120.98337,14.54439],[120.98336,14.54448],[120.98346,14.54448]]],[[[120.98383,14.54448],[120.98374,14.54439],[120.98374,14.54448],[120.98383,14.54448]]],[[[120.9868,14.54451],[120.9867,14.54442],[120.9867,14.54451],[120.9868,14.54451]]],[[[120.98318,14.54457],[120.98309,14.54448],[120.98309,14.54457],[120.98318,14.54457]]],[[[120.98364,14.5452],[120.98373,14.54511],[120.98364,14.54511],[120.98364,14.5452]]],[[[120.98382,14.54521],[120.98373,14.5453],[120.98382,14.5453],[120.98382,14.54521]]],[[[120.98391,14.5453],[120.98382,14.54539],[120.98391,14.54539],[120.98391,14.5453]]],[[[120.98041,14.57364],[120.98036,14.57355],[120.98032,14.57364],[120.98041,14.57364]]],[[[120.98059,14.57373],[120.9805,14.57364],[120.9805,14.57373],[120.98059,14.57373]]],[[[120.98115,14.57383],[120.98134,14.57365],[120.98115,14.57374],[120.98115,14.57383]]],[[[120.98031,14.57409],[120.98049,14.57437],[120.9805,14.574],[120.98031,14.57409]]],[[[120.98143,14.57392],[120.98142,14.57437],[120.98133,14.57446],[120.98151,14.57446],[120.98161,14.57419],[120.98143,14.57392]]],[[[120.98021,14.57454],[120.98012,14.57445],[120.98012,14.57454],[120.98021,14.57454]]],[[[120.97965,14.57526],[120.97974,14.57535],[120.97974,14.57526],[120.97965,14.57526]]],[[[120.97965,14.57553],[120.97944,14.57526],[120.97928,14.57553],[120.97965,14.57553]]],[[[120.97676,14.57713],[120.97667,14.57704],[120.97667,14.57713],[120.97676,14.57713]]],[[[120.97889,14.57733],[120.9788,14.57724],[120.9788,14.57733],[120.97889,14.57733]]],[[[120.97657,14.57758],[120.97648,14.57749],[120.97648,14.57758],[120.97657,14.57758]]],[[[120.9788,14.5776],[120.9787,14.57751],[120.9787,14.5776],[120.9788,14.5776]]],[[[120.97666,14.57786],[120.97675,14.57777],[120.97666,14.57777],[120.97666,14.57786]]],[[[120.97684,14.57786],[120.97675,14.57795],[120.97684,14.57795],[120.97684,14.57786]]],[[[120.97434,14.57793],[120.9748,14.57811],[120.9748,14.57796],[120.97434,14.57793]]],[[[120.97628,14.57822],[120.97638,14.57813],[120.97629,14.57812],[120.97628,14.57822]]],[[[120.97897,14.57833],[120.97888,14.57824],[120.97888,14.57833],[120.97897,14.57833]]],[[[120.97415,14.57811],[120.97433,14.57838],[120.97424,14.57811],[120.97415,14.57811]]],[[[120.97406,14.57847],[120.97396,14.57838],[120.97396,14.57847],[120.97406,14.57847]]],[[[120.97498,14.57847],[120.97489,14.57838],[120.97489,14.57847],[120.97498,14.57847]]],[[[120.97647,14.57849],[120.97619,14.5783],[120.97628,14.57849],[120.97647,14.57849]]],[[[120.97517,14.57857],[120.97508,14.57848],[120.97507,14.57857],[120.97517,14.57857]]],[[[120.97665,14.57858],[120.97656,14.57849],[120.97656,14.57858],[120.97665,14.57858]]],[[[120.97368,14.57864],[120.97359,14.57861],[120.97359,14.57864],[120.97368,14.57864]]],[[[120.97702,14.57903],[120.97721,14.57886],[120.97693,14.57885],[120.97702,14.57903]]],[[[120.97748,14.57922],[120.97739,14.57913],[120.97739,14.57922],[120.97748,14.57922]]],[[[120.97395,14.57928],[120.97386,14.5791],[120.97386,14.57928],[120.97395,14.57928]]],[[[120.97303,14.57945],[120.97312,14.57927],[120.97303,14.57927],[120.97303,14.57945]]],[[[120.97442,14.57964],[120.97432,14.57946],[120.97432,14.57964],[120.97442,14.57964]]],[[[120.97284,14.57972],[120.97275,14.57963],[120.97274,14.57972],[120.97284,14.57972]]],[[[120.97646,14.57984],[120.97655,14.57975],[120.97646,14.57975],[120.97646,14.57984]]],[[[120.97349,14.57955],[120.97312,14.57981],[120.97339,14.58],[120.97349,14.57955]]],[[[120.97395,14.58],[120.97386,14.57991],[120.97386,14.58],[120.97395,14.58]]],[[[120.9771,14.57994],[120.97701,14.58003],[120.9771,14.58003],[120.9771,14.57994]]],[[[120.97682,14.58012],[120.97683,14.57967],[120.97655,14.57984],[120.97682,14.58012]]],[[[120.97376,14.58036],[120.97367,14.58027],[120.97367,14.58036],[120.97376,14.58036]]],[[[120.97395,14.58036],[120.97385,14.58018],[120.97385,14.58036],[120.97395,14.58036]]],[[[120.97339,14.58054],[120.9733,14.58009],[120.97329,14.58054],[120.97339,14.58054]]],[[[120.97376,14.58063],[120.97357,14.58045],[120.97357,14.58063],[120.97376,14.58063]]],[[[120.97663,14.58084],[120.97654,14.58066],[120.97654,14.58084],[120.97663,14.58084]]],[[[120.9732,14.58108],[120.9731,14.58099],[120.9731,14.58108],[120.9732,14.58108]]],[[[120.97403,14.58127],[120.97394,14.58118],[120.97394,14.58127],[120.97403,14.58127]]],[[[120.97338,14.58153],[120.97329,14.58144],[120.97328,14.58153],[120.97338,14.58153]]],[[[120.97384,14.58163],[120.97394,14.58136],[120.97384,14.58136],[120.97384,14.58163]]],[[[120.97199,14.58154],[120.97217,14.5816],[120.97199,14.58152],[120.97199,14.58154]]],[[[120.97403,14.58163],[120.97393,14.58172],[120.97403,14.58172],[120.97403,14.58163]]],[[[120.97588,14.58192],[120.97579,14.58183],[120.97579,14.58192],[120.97588,14.58192]]],[[[120.97356,14.58199],[120.97347,14.5819],[120.97347,14.58199],[120.97356,14.58199]]],[[[120.9717,14.58233],[120.97179,14.58219],[120.9717,14.58215],[120.9717,14.58233]]],[[[120.97495,14.58245],[120.97485,14.58236],[120.97485,14.58245],[120.97495,14.58245]]],[[[120.97466,14.5829],[120.97457,14.58281],[120.97457,14.5829],[120.97466,14.5829]]],[[[120.97476,14.58299],[120.97485,14.5829],[120.97476,14.5829],[120.97476,14.58299]]],[[[120.97197,14.58297],[120.97169,14.58315],[120.97206,14.58324],[120.97197,14.58297]]],[[[120.97243,14.58324],[120.97234,14.58315],[120.97234,14.58324],[120.97243,14.58324]]],[[[120.97513,14.58299],[120.97475,14.58326],[120.97503,14.58336],[120.97513,14.58299]]],[[[120.97243,14.58342],[120.97234,14.58333],[120.97234,14.58342],[120.97243,14.58342]]],[[[120.97197,14.58378],[120.97187,14.58369],[120.97187,14.58378],[120.97197,14.58378]]],[[[120.97206,14.58351],[120.97215,14.58378],[120.97225,14.58351],[120.97206,14.58351]]],[[[120.97261,14.58379],[120.97252,14.58369],[120.97252,14.58379],[120.97261,14.58379]]],[[[120.97002,14.58385],[120.96992,14.58376],[120.96992,14.58385],[120.97002,14.58385]]],[[[120.97159,14.58387],[120.97141,14.58369],[120.97141,14.58387],[120.97159,14.58387]]],[[[120.97196,14.58405],[120.97187,14.58396],[120.97187,14.58405],[120.97196,14.58405]]],[[[120.97066,14.58422],[120.97057,14.58413],[120.97057,14.58422],[120.97066,14.58422]]],[[[120.97168,14.58423],[120.97159,14.58405],[120.9715,14.58423],[120.97168,14.58423]]],[[[120.96955,14.58421],[120.96964,14.5843],[120.96964,14.58421],[120.96955,14.58421]]],[[[120.96955,14.58439],[120.96946,14.5843],[120.96945,14.58439],[120.96955,14.58439]]],[[[120.96917,14.58457],[120.96908,14.58448],[120.96908,14.58457],[120.96917,14.58457]]],[[[120.97094,14.58467],[120.97084,14.58458],[120.97084,14.58467],[120.97094,14.58467]]],[[[120.96973,14.58512],[120.9701,14.58467],[120.96964,14.58439],[120.96973,14.58512]]],[[[120.97,14.58548],[120.96991,14.5853],[120.96991,14.58548],[120.97,14.58548]]],[[[120.97019,14.58548],[120.97009,14.58539],[120.97009,14.58548],[120.97019,14.58548]]],[[[120.97019,14.58503],[120.97047,14.58548],[120.97038,14.58494],[120.97019,14.58503]]],[[[120.96805,14.58564],[120.96796,14.58555],[120.96796,14.58564],[120.96805,14.58564]]],[[[120.96907,14.58556],[120.96972,14.58566],[120.96972,14.58557],[120.96907,14.58556]]],[[[120.96981,14.58593],[120.97018,14.58593],[120.97009,14.58575],[120.96981,14.58593]]],[[[120.96786,14.58609],[120.96795,14.58619],[120.96795,14.58609],[120.96786,14.58609]]],[[[120.96842,14.58619],[120.96851,14.5861],[120.96842,14.5861],[120.96842,14.58619]]],[[[120.96786,14.58627],[120.96777,14.58618],[120.96777,14.58627],[120.96786,14.58627]]],[[[120.9686,14.58619],[120.96851,14.58628],[120.9686,14.58628],[120.9686,14.58619]]],[[[120.96916,14.58629],[120.96897,14.58619],[120.96897,14.58628],[120.96916,14.58629]]],[[[120.96897,14.58637],[120.96888,14.58628],[120.96888,14.58637],[120.96897,14.58637]]],[[[120.96712,14.58645],[120.96721,14.58654],[120.96721,14.58645],[120.96712,14.58645]]],[[[120.96749,14.58645],[120.96758,14.58654],[120.96758,14.58645],[120.96749,14.58645]]],[[[120.96888,14.58655],[120.96879,14.58637],[120.96879,14.58655],[120.96888,14.58655]]],[[[120.96916,14.58656],[120.96906,14.58647],[120.96906,14.58656],[120.96916,14.58656]]],[[[120.96926,14.58584],[120.96925,14.58656],[120.96972,14.58629],[120.96926,14.58584]]],[[[120.96711,14.58663],[120.96702,14.58654],[120.96702,14.58663],[120.96711,14.58663]]],[[[120.96749,14.58663],[120.96739,14.58654],[120.96739,14.58663],[120.96749,14.58663]]],[[[120.96906,14.58665],[120.96888,14.58655],[120.96888,14.58665],[120.96906,14.58665]]],[[[120.96925,14.58665],[120.96916,14.58656],[120.96916,14.58665],[120.96925,14.58665]]],[[[120.96656,14.58672],[120.96654,14.58662],[120.96646,14.58671],[120.96656,14.58672]]],[[[120.96693,14.58672],[120.96684,14.58663],[120.96683,14.58672],[120.96693,14.58672]]],[[[120.96915,14.58674],[120.96906,14.58665],[120.96906,14.58674],[120.96915,14.58674]]],[[[120.96823,14.58682],[120.96813,14.58673],[120.96813,14.58682],[120.96823,14.58682]]],[[[120.96906,14.58683],[120.96897,14.58674],[120.96897,14.58683],[120.96906,14.58683]]],[[[120.96637,14.58689],[120.96628,14.5868],[120.96628,14.58689],[120.96637,14.58689]]],[[[120.96665,14.58681],[120.96674,14.5869],[120.96674,14.58681],[120.96665,14.58681]]],[[[120.96739,14.58681],[120.96748,14.5869],[120.96748,14.58681],[120.96739,14.58681]]],[[[120.96665,14.58699],[120.96655,14.5869],[120.96655,14.58699],[120.96665,14.58699]]],[[[120.96739,14.58699],[120.9672,14.5869],[120.9672,14.58699],[120.96739,14.58699]]],[[[120.966,14.58698],[120.96618,14.58707],[120.96618,14.58698],[120.966,14.58698]]],[[[120.96646,14.58708],[120.96637,14.58698],[120.96637,14.58708],[120.96646,14.58708]]],[[[120.9672,14.58708],[120.96711,14.58699],[120.96711,14.58708],[120.9672,14.58708]]],[[[120.96748,14.58708],[120.96757,14.587],[120.96748,14.58699],[120.96748,14.58708]]],[[[120.966,14.58716],[120.9659,14.58707],[120.9659,14.58716],[120.966,14.58716]]],[[[120.96767,14.58709],[120.96757,14.58718],[120.96767,14.58718],[120.96767,14.58709]]],[[[120.96822,14.58718],[120.96832,14.58709],[120.96822,14.58709],[120.96822,14.58718]]],[[[120.96627,14.58716],[120.96637,14.58726],[120.96637,14.58717],[120.96627,14.58716]]],[[[120.9672,14.58726],[120.96711,14.58717],[120.96711,14.58726],[120.9672,14.58726]]],[[[120.96841,14.58718],[120.96831,14.58727],[120.96841,14.58727],[120.96841,14.58718]]],[[[120.96627,14.58735],[120.96618,14.58725],[120.96618,14.58734],[120.96627,14.58735]]],[[[120.96868,14.58737],[120.96859,14.58718],[120.96859,14.58737],[120.96868,14.58737]]],[[[120.96831,14.58745],[120.96822,14.58736],[120.96822,14.58745],[120.96831,14.58745]]],[[[120.96599,14.58743],[120.96609,14.58752],[120.96609,14.58743],[120.96599,14.58743]]],[[[120.96748,14.58763],[120.96738,14.58754],[120.96738,14.58763],[120.96748,14.58763]]],[[[120.96803,14.58763],[120.96794,14.58727],[120.96776,14.58754],[120.96803,14.58763]]],[[[120.96766,14.58772],[120.96775,14.58763],[120.96766,14.58763],[120.96766,14.58772]]],[[[120.9658,14.58779],[120.96572,14.58734],[120.96562,14.5877],[120.9658,14.58779]]],[[[120.96785,14.58772],[120.96775,14.58781],[120.96785,14.58781],[120.96785,14.58772]]],[[[120.96738,14.5879],[120.96729,14.58781],[120.96729,14.5879],[120.96738,14.5879]]],[[[120.96692,14.58798],[120.96701,14.58789],[120.96692,14.58789],[120.96692,14.58798]]],[[[120.9671,14.58789],[120.96719,14.58799],[120.9672,14.5879],[120.9671,14.58789]]],[[[120.99067,14.58801],[120.99058,14.58792],[120.99058,14.58801],[120.99067,14.58801]]],[[[120.96627,14.58807],[120.96692,14.58744],[120.96655,14.58744],[120.96627,14.58807]]],[[[120.96673,14.5878],[120.96664,14.58807],[120.96673,14.58807],[120.96673,14.5878]]],[[[120.9671,14.58808],[120.96701,14.58798],[120.96701,14.58807],[120.9671,14.58808]]],[[[120.96543,14.58824],[120.96534,14.58815],[120.96534,14.58824],[120.96543,14.58824]]],[[[120.9671,14.58835],[120.96719,14.58844],[120.96719,14.58835],[120.9671,14.58835]]],[[[120.96756,14.58844],[120.96738,14.58835],[120.96738,14.58844],[120.96756,14.58844]]],[[[120.96608,14.58861],[120.96635,14.58852],[120.96608,14.58852],[120.96608,14.58861]]],[[[120.96812,14.58863],[120.96802,14.58854],[120.96802,14.58863],[120.96812,14.58863]]],[[[120.96645,14.58861],[120.96635,14.5887],[120.96645,14.5887],[120.96645,14.58861]]],[[[120.96691,14.58871],[120.96682,14.58843],[120.96645,14.58816],[120.96691,14.58871]]],[[[120.96654,14.5887],[120.96644,14.58879],[120.96654,14.58879],[120.96654,14.5887]]],[[[120.96115,14.58893],[120.96106,14.58884],[120.96106,14.58893],[120.96115,14.58893]]],[[[120.96644,14.58897],[120.96635,14.58888],[120.96635,14.58897],[120.96644,14.58897]]],[[[120.96598,14.58924],[120.96589,14.58906],[120.96588,14.58924],[120.96598,14.58924]]],[[[120.96626,14.58924],[120.96616,14.58915],[120.96616,14.58924],[120.96626,14.58924]]],[[[120.98824,14.58961],[120.98815,14.58952],[120.98815,14.58961],[120.98824,14.58961]]],[[[120.98749,14.59033],[120.9874,14.59024],[120.9874,14.59033],[120.98749,14.59033]]],[[[120.98629,14.59059],[120.98638,14.59068],[120.98638,14.59059],[120.98629,14.59059]]],[[[120.98628,14.59077],[120.98619,14.59068],[120.98619,14.59077],[120.98628,14.59077]]],[[[120.98684,14.59078],[120.98675,14.59069],[120.98675,14.59078],[120.98684,14.59078]]],[[[120.98573,14.59095],[120.98582,14.59104],[120.98582,14.59095],[120.98573,14.59095]]],[[[120.98656,14.59105],[120.98647,14.59095],[120.98647,14.59104],[120.98656,14.59105]]],[[[120.98572,14.59113],[120.98563,14.59104],[120.98563,14.59113],[120.98572,14.59113]]],[[[120.98999,14.59117],[120.9899,14.59107],[120.9899,14.59116],[120.98999,14.59117]]],[[[120.98563,14.59122],[120.98554,14.59113],[120.98554,14.59122],[120.98563,14.59122]]],[[[120.98721,14.59123],[120.98712,14.59114],[120.98711,14.59123],[120.98721,14.59123]]],[[[120.98823,14.59124],[120.98814,14.59115],[120.98814,14.59124],[120.98823,14.59124]]],[[[120.96113,14.59137],[120.96104,14.59128],[120.96104,14.59137],[120.96113,14.59137]]],[[[120.98665,14.59141],[120.98656,14.59123],[120.98656,14.59141],[120.98665,14.59141]]],[[[120.96141,14.59146],[120.96132,14.59137],[120.96132,14.59146],[120.96141,14.59146]]],[[[120.98813,14.59151],[120.98795,14.59142],[120.98795,14.59151],[120.98813,14.59151]]],[[[120.98962,14.59152],[120.98953,14.59143],[120.98952,14.59152],[120.98962,14.59152]]],[[[120.98516,14.59158],[120.98507,14.59148],[120.98507,14.59157],[120.98516,14.59158]]],[[[120.96076,14.59163],[120.96057,14.59145],[120.96057,14.59163],[120.96076,14.59163]]],[[[120.98572,14.59203],[120.98581,14.59212],[120.98581,14.59203],[120.98572,14.59203]]],[[[120.98571,14.59221],[120.98562,14.59212],[120.98562,14.59221],[120.98571,14.59221]]],[[[120.98543,14.59239],[120.98534,14.5923],[120.98534,14.59239],[120.98543,14.59239]]],[[[120.96483,14.59239],[120.96474,14.59221],[120.96474,14.59239],[120.96483,14.59239]]],[[[120.96149,14.59309],[120.96177,14.593],[120.96149,14.593],[120.96149,14.59309]]],[[[120.98348,14.5931],[120.98339,14.59301],[120.98339,14.5931],[120.98348,14.5931]]],[[[120.96473,14.59321],[120.96483,14.59266],[120.96474,14.59266],[120.96473,14.59321]]],[[[120.96186,14.59309],[120.96176,14.59345],[120.96186,14.59345],[120.96186,14.59309]]],[[[120.98422,14.59347],[120.98413,14.59337],[120.98413,14.59346],[120.98422,14.59347]]],[[[120.96454,14.59366],[120.96445,14.59356],[120.96445,14.59366],[120.96454,14.59366]]],[[[120.96483,14.59321],[120.96455,14.59348],[120.96473,14.59366],[120.96492,14.59357],[120.96483,14.59321]]],[[[120.98301,14.59373],[120.98292,14.59363],[120.98292,14.59373],[120.98301,14.59373]]],[[[120.96324,14.59373],[120.96343,14.59392],[120.96343,14.59374],[120.96324,14.59373]]],[[[120.96408,14.59374],[120.9638,14.59383],[120.96408,14.59392],[120.96408,14.59374]]],[[[120.96445,14.59393],[120.96436,14.59365],[120.96426,14.59392],[120.96445,14.59393]]],[[[120.98375,14.594],[120.98366,14.59391],[120.98366,14.594],[120.98375,14.594]]],[[[120.96333,14.59401],[120.96324,14.59392],[120.96324,14.59401],[120.96333,14.59401]]],[[[120.96454,14.59393],[120.96445,14.59402],[120.96454,14.59402],[120.96454,14.59393]]],[[[120.96296,14.594],[120.96306,14.59409],[120.96306,14.594],[120.96296,14.594]]],[[[120.96491,14.59411],[120.96473,14.59402],[120.96473,14.59411],[120.96491,14.59411]]],[[[120.96296,14.59418],[120.96287,14.59409],[120.96287,14.59418],[120.96296,14.59418]]],[[[120.965,14.5942],[120.96538,14.59411],[120.965,14.59411],[120.965,14.5942]]],[[[120.96268,14.59418],[120.96278,14.59427],[120.96278,14.59418],[120.96268,14.59418]]],[[[120.96547,14.59421],[120.96537,14.5943],[120.96547,14.5943],[120.96547,14.59421]]],[[[120.9599,14.59434],[120.95981,14.59407],[120.95981,14.59434],[120.9599,14.59434]]],[[[120.96083,14.59435],[120.96055,14.59416],[120.96046,14.59434],[120.96083,14.59435]]],[[[120.98254,14.59444],[120.98245,14.59435],[120.98245,14.59444],[120.98254,14.59444]]],[[[120.98347,14.59445],[120.98337,14.59436],[120.98337,14.59445],[120.98347,14.59445]]],[[[120.96268,14.59445],[120.96259,14.59427],[120.96259,14.59445],[120.96268,14.59445]]],[[[120.96519,14.59438],[120.96537,14.59448],[120.96537,14.59439],[120.96519,14.59438]]],[[[120.96741,14.59449],[120.96732,14.5944],[120.96732,14.59449],[120.96741,14.59449]]],[[[120.96519,14.59457],[120.96509,14.59447],[120.96509,14.59456],[120.96519,14.59457]]],[[[120.98337,14.59463],[120.98328,14.59454],[120.98328,14.59463],[120.98337,14.59463]]],[[[120.96593,14.59448],[120.96518,14.59466],[120.96593,14.59466],[120.96593,14.59448]]],[[[120.96676,14.59458],[120.96713,14.59467],[120.96713,14.59458],[120.96676,14.59458]]],[[[120.96648,14.59476],[120.96657,14.59485],[120.96658,14.59476],[120.96648,14.59476]]],[[[120.96537,14.59502],[120.96546,14.59493],[120.96537,14.59493],[120.96537,14.59502]]],[[[120.96723,14.59467],[120.96732,14.59504],[120.96732,14.59467],[120.96723,14.59467]]],[[[120.96555,14.59502],[120.96546,14.59511],[120.96555,14.59511],[120.96555,14.59502]]],[[[120.96629,14.59512],[120.96592,14.59502],[120.96592,14.59511],[120.96629,14.59512]]],[[[120.96667,14.59494],[120.96629,14.59503],[120.96666,14.59512],[120.96667,14.59494]]],[[[120.96676,14.59512],[120.96685,14.59494],[120.96676,14.59494],[120.96676,14.59512]]],[[[120.96713,14.59512],[120.96704,14.59503],[120.96704,14.59512],[120.96713,14.59512]]],[[[120.96741,14.59504],[120.96731,14.59513],[120.96741,14.59513],[120.96741,14.59504]]],[[[120.94532,14.5952],[120.9456,14.59506],[120.94523,14.59502],[120.94532,14.5952]]],[[[120.96694,14.59512],[120.96685,14.59521],[120.96694,14.59521],[120.96694,14.59512]]],[[[120.9675,14.59513],[120.96741,14.59522],[120.9675,14.59522],[120.9675,14.59513]]],[[[120.96815,14.59531],[120.96806,14.59522],[120.96806,14.59531],[120.96815,14.59531]]],[[[120.98188,14.59534],[120.98179,14.59525],[120.98179,14.59534],[120.98188,14.59534]]],[[[120.98272,14.59535],[120.98262,14.59526],[120.98262,14.59535],[120.98272,14.59535]]],[[[120.97789,14.59549],[120.9778,14.5954],[120.9778,14.59549],[120.97789,14.59549]]],[[[120.97807,14.59558],[120.97798,14.59549],[120.97798,14.59558],[120.97807,14.59558]]],[[[120.97844,14.59576],[120.97835,14.59567],[120.97835,14.59576],[120.97844,14.59576]]],[[[120.97863,14.59577],[120.97854,14.59568],[120.97854,14.59577],[120.97863,14.59577]]],[[[120.979,14.59577],[120.97882,14.59568],[120.97882,14.59577],[120.979,14.59577]]],[[[120.98234,14.5958],[120.98225,14.59571],[120.98225,14.5958],[120.98234,14.5958]]],[[[120.97455,14.59591],[120.97445,14.59582],[120.97445,14.59591],[120.97455,14.59591]]],[[[120.97519,14.59592],[120.9751,14.59583],[120.9751,14.59592],[120.97519,14.59592]]],[[[120.97937,14.59595],[120.97928,14.59586],[120.97928,14.59595],[120.97937,14.59595]]],[[[120.97427,14.596],[120.97417,14.59591],[120.97417,14.596],[120.97427,14.596]]],[[[121.00118,14.59614],[121.00155,14.5956],[121.00118,14.59569],[121.00118,14.59614]]],[[[120.97334,14.59617],[120.97315,14.59608],[120.97315,14.59617],[120.97334,14.59617]]],[[[120.97278,14.59626],[120.97269,14.59617],[120.97269,14.59626],[120.97278,14.59626]]],[[[120.97463,14.59627],[120.97454,14.59609],[120.97454,14.59627],[120.97463,14.59627]]],[[[120.98002,14.59632],[120.97983,14.59623],[120.97983,14.59632],[120.98002,14.59632]]],[[[120.9802,14.59632],[120.98011,14.59623],[120.98011,14.59632],[120.9802,14.59632]]],[[[120.98048,14.59632],[120.98039,14.59623],[120.98039,14.59632],[120.98048,14.59632]]],[[[120.97742,14.59639],[120.97751,14.5963],[120.97742,14.5963],[120.97742,14.59639]]],[[[120.9454,14.59647],[120.94606,14.59539],[120.94541,14.59539],[120.94467,14.59565],[120.94494,14.59638],[120.9454,14.59647]]],[[[120.9776,14.59639],[120.97751,14.59648],[120.9776,14.59648],[120.9776,14.59639]]],[[[120.96981,14.5965],[120.96972,14.59641],[120.96971,14.5965],[120.96981,14.5965]]],[[[120.97166,14.59652],[120.97148,14.59643],[120.97148,14.59652],[120.97166,14.59652]]],[[[120.97491,14.59655],[120.97482,14.59646],[120.97482,14.59655],[120.97491,14.59655]]],[[[120.97714,14.59657],[120.97705,14.59648],[120.97704,14.59657],[120.97714,14.59657]]],[[[120.97779,14.59657],[120.97769,14.59648],[120.97769,14.59657],[120.97779,14.59657]]],[[[120.96804,14.59649],[120.96758,14.59657],[120.96804,14.59658],[120.96804,14.59649]]],[[[120.96851,14.59649],[120.96814,14.59658],[120.96851,14.59658],[120.96851,14.59649]]],[[[120.95867,14.59659],[120.95858,14.5965],[120.95858,14.59659],[120.95867,14.59659]]],[[[120.96962,14.59659],[120.96944,14.5965],[120.96944,14.59659],[120.96962,14.59659]]],[[[120.9712,14.59661],[120.97101,14.59651],[120.97101,14.5966],[120.9712,14.59661]]],[[[120.9763,14.59665],[120.97621,14.59656],[120.97621,14.59665],[120.9763,14.59665]]],[[[120.96591,14.59656],[120.96628,14.59665],[120.96628,14.59656],[120.96591,14.59656]]],[[[120.96934,14.59659],[120.96869,14.59667],[120.96934,14.59668],[120.96934,14.59659]]],[[[120.95923,14.59668],[120.95904,14.59659],[120.95904,14.59668],[120.95923,14.59668]]],[[[120.96591,14.59674],[120.96582,14.59665],[120.96581,14.59674],[120.96591,14.59674]]],[[[120.96637,14.59665],[120.96628,14.59674],[120.96637,14.59674],[120.96637,14.59665]]],[[[120.97806,14.59676],[120.97797,14.59666],[120.97797,14.59675],[120.97806,14.59676]]],[[[120.94559,14.59683],[120.94522,14.59647],[120.94512,14.59674],[120.94559,14.59683]]],[[[120.96739,14.59684],[120.9673,14.59648],[120.96647,14.59656],[120.96739,14.59684]]],[[[120.96776,14.59676],[120.96767,14.59685],[120.96776,14.59685],[120.96776,14.59676]]],[[[120.97463,14.59691],[120.97454,14.59672],[120.97454,14.59691],[120.97463,14.59691]]],[[[120.9595,14.59696],[120.9596,14.59687],[120.9595,14.59687],[120.9595,14.59696]]],[[[120.96581,14.59701],[120.96572,14.59683],[120.96572,14.59701],[120.96581,14.59701]]],[[[120.95969,14.59696],[120.95959,14.59705],[120.95969,14.59705],[120.95969,14.59696]]],[[[120.97453,14.59709],[120.97444,14.597],[120.97444,14.59709],[120.97453,14.59709]]],[[[120.97472,14.59709],[120.97463,14.597],[120.97463,14.59709],[120.97472,14.59709]]],[[[120.96015,14.59714],[120.96006,14.59705],[120.96006,14.59714],[120.96015,14.59714]]],[[[120.97648,14.5971],[120.97686,14.59684],[120.97677,14.59665],[120.9763,14.59674],[120.97648,14.5971]]],[[[120.97648,14.59692],[120.97639,14.59683],[120.97649,14.59683],[120.97648,14.59692]]],[[[120.97667,14.5972],[120.97658,14.5971],[120.97657,14.59719],[120.97667,14.5972]]],[[[120.97899,14.59722],[120.9789,14.59712],[120.97889,14.59721],[120.97899,14.59722]]],[[[120.97621,14.59665],[120.97584,14.59656],[120.97584,14.5961],[120.9764,14.59656],[120.97621,14.59602],[120.97538,14.59592],[120.97575,14.5961],[120.97546,14.59728],[120.97621,14.59665]]],[[[120.96043,14.59732],[120.96034,14.59723],[120.96033,14.59732],[120.96043,14.59732]]],[[[120.98056,14.59741],[120.98038,14.59732],[120.98038,14.59741],[120.98056,14.59741]]],[[[120.96173,14.59743],[120.96163,14.59734],[120.96163,14.59743],[120.96173,14.59743]]],[[[120.97574,14.59746],[120.97565,14.59737],[120.97564,14.59746],[120.97574,14.59746]]],[[[120.96219,14.59752],[120.9621,14.59743],[120.9621,14.59752],[120.96219,14.59752]]],[[[120.95736,14.59757],[120.95755,14.59739],[120.95727,14.59739],[120.95736,14.59757]]],[[[120.97954,14.59758],[120.97963,14.59749],[120.97954,14.59749],[120.97954,14.59758]]],[[[120.96256,14.59752],[120.96274,14.59762],[120.96275,14.59753],[120.96256,14.59752]]],[[[120.97973,14.59758],[120.97963,14.59767],[120.97973,14.59767],[120.97973,14.59758]]],[[[120.96256,14.59771],[120.96247,14.59761],[120.96247,14.5977],[120.96256,14.59771]]],[[[120.96284,14.59762],[120.96274,14.59771],[120.96284,14.59771],[120.96284,14.59762]]],[[[120.97462,14.59772],[120.97453,14.59745],[120.97453,14.59772],[120.97462,14.59772]]],[[[120.97536,14.59773],[120.97546,14.59764],[120.97536,14.59764],[120.97536,14.59773]]],[[[120.97555,14.59764],[120.97564,14.59773],[120.97564,14.59764],[120.97555,14.59764]]],[[[120.97694,14.59774],[120.97685,14.59765],[120.97685,14.59774],[120.97694,14.59774]]],[[[120.97555,14.59782],[120.97546,14.59773],[120.97546,14.59782],[120.97555,14.59782]]],[[[120.98,14.59786],[120.97991,14.59777],[120.97991,14.59786],[120.98,14.59786]]],[[[120.95671,14.59792],[120.95662,14.59783],[120.95662,14.59792],[120.95671,14.59792]]],[[[120.9761,14.59809],[120.97657,14.59783],[120.97639,14.59728],[120.97583,14.59737],[120.9761,14.59809]]],[[[120.9633,14.59816],[120.96321,14.59798],[120.9632,14.59816],[120.9633,14.59816]]],[[[120.96348,14.59816],[120.96339,14.59807],[120.96339,14.59816],[120.96348,14.59816]]],[[[120.97573,14.59818],[120.97583,14.59791],[120.97564,14.59791],[120.97573,14.59818]]],[[[120.97629,14.59819],[120.9762,14.59809],[120.97619,14.59819],[120.97629,14.59819]]],[[[120.97592,14.59818],[120.97582,14.59827],[120.97592,14.59827],[120.97592,14.59818]]],[[[120.96571,14.59818],[120.96617,14.5981],[120.96571,14.59809],[120.96571,14.59818]]],[[[120.97943,14.59912],[120.97934,14.59903],[120.97934,14.59912],[120.97943,14.59912]]],[[[120.96524,14.59917],[120.96514,14.59899],[120.96514,14.59917],[120.96524,14.59917]]],[[[120.97702,14.59955],[120.97685,14.59783],[120.97647,14.59819],[120.97646,14.59927],[120.97702,14.59955]]],[[[120.97739,14.59982],[120.97729,14.59964],[120.97729,14.59982],[120.97739,14.59982]]],[[[120.97618,14.59999],[120.97609,14.59972],[120.97599,14.59999],[120.97618,14.59999]]],[[[120.97655,14.60027],[120.97646,14.60009],[120.97645,14.60027],[120.97655,14.60027]]],[[[120.97682,14.60054],[120.97673,14.60045],[120.97673,14.60054],[120.97682,14.60054]]],[[[120.97543,14.6008],[120.97562,14.60062],[120.97543,14.60044],[120.97543,14.6008]]],[[[120.97654,14.60099],[120.97645,14.6009],[120.97645,14.60099],[120.97654,14.60099]]],[[[120.97644,14.60126],[120.97635,14.60117],[120.97635,14.60126],[120.97644,14.60126]]],[[[120.97644,14.6018],[120.97635,14.60162],[120.97635,14.6018],[120.97644,14.6018]]],[[[120.97477,14.60197],[120.97467,14.60206],[120.97495,14.60206],[120.97477,14.60197]]],[[[120.97523,14.60224],[120.97514,14.60206],[120.97514,14.60224],[120.97523,14.60224]]],[[[120.97569,14.60279],[120.9756,14.6027],[120.9756,14.60279],[120.97569,14.60279]]],[[[120.97587,14.60324],[120.97578,14.60297],[120.97578,14.60324],[120.97587,14.60324]]],[[[120.97587,14.60351],[120.97578,14.60342],[120.97577,14.60351],[120.97587,14.60351]]],[[[120.95951,14.60635],[120.95942,14.60626],[120.95942,14.60635],[120.95951,14.60635]]],[[[120.96006,14.60654],[120.95997,14.60636],[120.95997,14.60654],[120.96006,14.60654]]],[[[120.96015,14.60681],[120.96006,14.60663],[120.96006,14.60681],[120.96015,14.60681]]],[[[120.9609,14.60682],[120.96081,14.60664],[120.9608,14.60682],[120.9609,14.60682]]],[[[120.96089,14.60709],[120.9608,14.60691],[120.9608,14.60709],[120.96089,14.60709]]],[[[120.96015,14.60726],[120.96024,14.60708],[120.96015,14.60708],[120.96015,14.60726]]],[[[120.96034,14.60726],[120.96024,14.60753],[120.96033,14.60754],[120.96034,14.60726]]],[[[120.96191,14.60755],[120.962,14.60746],[120.96191,14.60746],[120.96191,14.60755]]],[[[120.96228,14.60755],[120.96219,14.60728],[120.96219,14.60755],[120.96228,14.60755]]],[[[120.9621,14.60755],[120.962,14.60764],[120.9621,14.60764],[120.9621,14.60755]]],[[[120.96024,14.60772],[120.96015,14.60753],[120.96015,14.60771],[120.96024,14.60772]]],[[[120.96256,14.60765],[120.96265,14.60774],[120.96265,14.60765],[120.96256,14.60765]]],[[[120.96098,14.60781],[120.96089,14.60772],[120.96089,14.60781],[120.96098,14.60781]]],[[[120.96182,14.60782],[120.96172,14.60764],[120.96172,14.60782],[120.96182,14.60782]]],[[[120.96256,14.60783],[120.96247,14.60773],[120.96247,14.60783],[120.96256,14.60783]]],[[[120.96014,14.60799],[120.96005,14.6078],[120.96005,14.60798],[120.96014,14.60799]]],[[[120.96089,14.60808],[120.96098,14.6079],[120.96089,14.6079],[120.96089,14.60808]]],[[[120.96107,14.60817],[120.96098,14.60808],[120.96098,14.60817],[120.96107,14.60817]]],[[[120.95996,14.60816],[120.96005,14.60826],[120.96005,14.60817],[120.95996,14.60816]]],[[[120.96163,14.60809],[120.96172,14.60827],[120.96172,14.60809],[120.96163,14.60809]]],[[[120.962,14.60818],[120.96218,14.60827],[120.96218,14.60809],[120.962,14.60818]]],[[[120.96385,14.60829],[120.96367,14.6082],[120.96367,14.60829],[120.96385,14.60829]]],[[[120.96079,14.60835],[120.9607,14.60817],[120.9607,14.60835],[120.96079,14.60835]]],[[[120.96246,14.6081],[120.96265,14.60819],[120.96265,14.6081],[120.96246,14.6081]]],[[[120.96469,14.60839],[120.9646,14.6083],[120.96459,14.60839],[120.96469,14.60839]]],[[[120.96172,14.60836],[120.96181,14.60845],[120.96181,14.60836],[120.96172,14.60836]]],[[[120.95995,14.60853],[120.95986,14.60825],[120.95986,14.60853],[120.95995,14.60853]]],[[[120.96079,14.60853],[120.9607,14.60844],[120.9607,14.60853],[120.96079,14.60853]]],[[[120.96209,14.60836],[120.9619,14.60845],[120.96209,14.60854],[120.96209,14.60836]]],[[[120.96264,14.60855],[120.96255,14.60846],[120.96255,14.60855],[120.96264,14.60855]]],[[[120.96543,14.60857],[120.96534,14.60848],[120.96533,14.60857],[120.96543,14.60857]]],[[[120.96311,14.60828],[120.96292,14.60855],[120.96311,14.60864],[120.96311,14.60828]]],[[[120.96172,14.60845],[120.96144,14.60782],[120.96107,14.60799],[120.96106,14.60872],[120.96172,14.60845]]],[[[120.96246,14.60864],[120.96218,14.60873],[120.96246,14.60873],[120.96246,14.60864]]],[[[120.96097,14.60881],[120.96088,14.60817],[120.96088,14.60881],[120.96097,14.60881]]],[[[120.96069,14.60889],[120.9606,14.60862],[120.9606,14.60889],[120.96069,14.60889]]],[[[120.96031,14.60961],[120.9606,14.60898],[120.95995,14.60862],[120.95995,14.60898],[120.96031,14.60961]]],[[[120.96013,14.60988],[120.96004,14.6097],[120.95994,14.60988],[120.96013,14.60988]]],[[[120.95985,14.60997],[120.95994,14.61015],[120.95994,14.60997],[120.95985,14.60997]]],[[[120.95984,14.61024],[120.95975,14.61015],[120.95975,14.61024],[120.95984,14.61024]]],[[[120.95938,14.61033],[120.95947,14.61024],[120.95938,14.61024],[120.95938,14.61033]]],[[[120.95975,14.61042],[120.95966,14.61024],[120.95966,14.61042],[120.95975,14.61042]]],[[[120.95957,14.61033],[120.95947,14.61051],[120.95956,14.61051],[120.95957,14.61033]]],[[[120.95984,14.61042],[120.95975,14.61069],[120.95984,14.61069],[120.95984,14.61042]]],[[[120.95984,14.61096],[120.96011,14.6116],[120.95993,14.61097],[120.95984,14.61096]]],[[[120.95983,14.61178],[120.95974,14.61169],[120.95974,14.61178],[120.95983,14.61178]]],[[[120.95973,14.61214],[120.95964,14.61205],[120.95964,14.61214],[120.95973,14.61214]]],[[[120.95899,14.61222],[120.9589,14.61213],[120.9589,14.61222],[120.95899,14.61222]]],[[[120.95871,14.61231],[120.95862,14.61222],[120.95862,14.61231],[120.95871,14.61231]]],[[[120.95899,14.6124],[120.95927,14.61223],[120.95899,14.61231],[120.95899,14.6124]]],[[[120.9585,14.61475],[120.95822,14.61484],[120.9585,14.61493],[120.9585,14.61475]]],[[[120.95692,14.61519],[120.95683,14.6151],[120.95683,14.61519],[120.95692,14.61519]]],[[[120.9572,14.6151],[120.95701,14.61519],[120.9572,14.61528],[120.9572,14.6151]]],[[[120.95692,14.61591],[120.95682,14.61582],[120.95682,14.61591],[120.95692,14.61591]]],[[[120.95812,14.61628],[120.95803,14.6161],[120.95803,14.61628],[120.95812,14.61628]]],[[[120.9584,14.61628],[120.95831,14.6161],[120.9583,14.61628],[120.9584,14.61628]]],[[[120.95895,14.61638],[120.95858,14.61647],[120.95895,14.61647],[120.95895,14.61638]]],[[[120.95682,14.61654],[120.95672,14.61645],[120.95672,14.61654],[120.95682,14.61654]]],[[[120.95904,14.61656],[120.95914,14.61647],[120.95904,14.61647],[120.95904,14.61656]]],[[[120.95802,14.61655],[120.95774,14.61664],[120.95802,14.61664],[120.95802,14.61655]]],[[[120.95867,14.61665],[120.95858,14.61656],[120.95858,14.61665],[120.95867,14.61665]]],[[[120.95728,14.61673],[120.95719,14.61663],[120.95719,14.61673],[120.95728,14.61673]]],[[[120.95904,14.61674],[120.95886,14.61665],[120.95886,14.61674],[120.95904,14.61674]]],[[[120.95941,14.61656],[120.95913,14.61674],[120.95951,14.61675],[120.95941,14.61656]]],[[[120.95922,14.6171],[120.95913,14.61701],[120.95913,14.6171],[120.95922,14.6171]]],[[[120.9595,14.61711],[120.95941,14.61702],[120.95941,14.61711],[120.9595,14.61711]]],[[[120.95873,14.62035],[120.95864,14.62026],[120.95864,14.62035],[120.95873,14.62035]]],[[[120.95799,14.62053],[120.95827,14.62044],[120.95802,14.62035],[120.95799,14.62053]]],[[[120.95676,14.62287],[120.95667,14.62277],[120.95667,14.62287],[120.95676,14.62287]]],[[[120.95611,14.62322],[120.95601,14.62313],[120.95601,14.62322],[120.95611,14.62322]]],[[[120.9563,14.62268],[120.95629,14.62322],[120.95639,14.62268],[120.9563,14.62268]]],[[[120.9562,14.62349],[120.9561,14.6234],[120.9561,14.62349],[120.9562,14.62349]]],[[[120.95601,14.62376],[120.95592,14.62349],[120.95591,14.62376],[120.95601,14.62376]]],[[[120.95591,14.62412],[120.95582,14.62403],[120.95582,14.62412],[120.95591,14.62412]]],[[[120.9548,14.6242],[120.95471,14.62402],[120.9547,14.6242],[120.9548,14.6242]]],[[[120.95822,14.62496],[120.95757,14.62504],[120.95822,14.62505],[120.95822,14.62496]]],[[[120.9597,14.62596],[120.95961,14.62587],[120.95961,14.62596],[120.9597,14.62596]]],[[[120.96117,14.62706],[120.96127,14.62652],[120.96081,14.62652],[120.96117,14.62706]]],[[[120.9596,14.62714],[120.95987,14.62741],[120.95997,14.62723],[120.9596,14.62714]]],[[[120.95968,14.62759],[120.95959,14.6275],[120.95959,14.62759],[120.95968,14.62759]]],[[[120.9502,14.62981],[120.95029,14.62986],[120.95029,14.62981],[120.9502,14.62981]]],[[[120.95075,14.62981],[120.95057,14.62986],[120.95075,14.62986],[120.95075,14.62981]]],[[[120.95103,14.62986],[120.95085,14.6298],[120.95085,14.62986],[120.95103,14.62986]]],[[[120.95122,14.62982],[120.95112,14.62987],[120.95122,14.62987],[120.95122,14.62982]]],[[[120.95168,14.62987],[120.9515,14.62981],[120.9515,14.62987],[120.95168,14.62987]]],[[[120.94918,14.62994],[120.9489,14.63003],[120.94917,14.63003],[120.94918,14.62994]]],[[[120.95353,14.63025],[120.95428,14.63016],[120.95428,14.62982],[120.95354,14.6298],[120.95353,14.63025]]],[[[120.94973,14.6303],[120.94954,14.63021],[120.94954,14.6303],[120.94973,14.6303]]],[[[120.95057,14.63004],[120.95001,14.62995],[120.9501,14.63031],[120.95057,14.63004]]],[[[120.95298,14.63024],[120.95252,14.62982],[120.95177,14.62987],[120.95168,14.63032],[120.95224,14.62997],[120.95298,14.63024]]],[[[120.95307,14.63024],[120.95298,14.63033],[120.95307,14.63033],[120.95307,14.63024]]],[[[120.95595,14.63027],[120.95577,14.62982],[120.95549,14.6299],[120.95558,14.63036],[120.95595,14.63027]]],[[[120.95604,14.63027],[120.95595,14.63036],[120.95604,14.63036],[120.95604,14.63027]]],[[[120.95613,14.63036],[120.95604,14.63045],[120.95613,14.63045],[120.95613,14.63036]]],[[[120.95715,14.63046],[120.95706,14.63037],[120.95706,14.63046],[120.95715,14.63046]]],[[[120.94973,14.63049],[120.94964,14.63039],[120.94963,14.63048],[120.94973,14.63049]]],[[[120.9514,14.63068],[120.9514,14.63005],[120.95122,14.63005],[120.9514,14.63068]]],[[[120.95186,14.6305],[120.95168,14.63059],[120.95186,14.63068],[120.95186,14.6305]]],[[[120.9513,14.63077],[120.95121,14.63068],[120.95121,14.63077],[120.9513,14.63077]]],[[[120.95177,14.63077],[120.95167,14.63068],[120.95167,14.63077],[120.95177,14.63077]]],[[[120.95455,14.6308],[120.95446,14.63071],[120.95446,14.6308],[120.95455,14.6308]]],[[[120.95167,14.63086],[120.95149,14.63077],[120.95149,14.63086],[120.95167,14.63086]]],[[[120.95622,14.63099],[120.95659,14.63091],[120.95622,14.6309],[120.95622,14.63099]]],[[[120.95232,14.63105],[120.95223,14.63096],[120.95223,14.63105],[120.95232,14.63105]]],[[[120.95343,14.63106],[120.95353,14.63097],[120.95343,14.63097],[120.95343,14.63106]]],[[[120.95269,14.63105],[120.95278,14.63114],[120.95278,14.63105],[120.95269,14.63105]]],[[[120.95362,14.63106],[120.95353,14.63115],[120.95362,14.63115],[120.95362,14.63106]]],[[[120.95455,14.63116],[120.95446,14.63098],[120.95427,14.63116],[120.95455,14.63116]]],[[[120.95269,14.63123],[120.9526,14.63114],[120.9526,14.63123],[120.95269,14.63123]]],[[[120.95288,14.63115],[120.95278,14.63124],[120.95288,14.63124],[120.95288,14.63115]]],[[[120.95334,14.63124],[120.95325,14.63106],[120.95325,14.63124],[120.95334,14.63124]]],[[[120.95343,14.63142],[120.95334,14.63133],[120.95334,14.63142],[120.95343,14.63142]]],[[[120.95473,14.63143],[120.95464,14.63134],[120.95464,14.63143],[120.95473,14.63143]]],[[[120.95194,14.63168],[120.95185,14.63159],[120.95185,14.63168],[120.95194,14.63168]]],[[[120.95547,14.63162],[120.95556,14.63171],[120.95556,14.63162],[120.95547,14.63162]]],[[[120.95528,14.63189],[120.95491,14.63171],[120.95491,14.6318],[120.95528,14.63189]]],[[[120.95659,14.631],[120.95668,14.63136],[120.9563,14.6319],[120.95696,14.63154],[120.95659,14.631]]],[[[120.95315,14.63196],[120.95306,14.63187],[120.95305,14.63196],[120.95315,14.63196]]],[[[120.9563,14.63208],[120.95621,14.6319],[120.95621,14.63208],[120.9563,14.63208]]],[[[120.95398,14.63215],[120.95389,14.63206],[120.95389,14.63215],[120.95398,14.63215]]],[[[120.95036,14.63221],[120.95027,14.63194],[120.95027,14.63221],[120.95036,14.63221]]],[[[120.95212,14.63222],[120.95203,14.63213],[120.95203,14.63222],[120.95212,14.63222]]],[[[120.95649,14.63226],[120.95658,14.63217],[120.95649,14.63217],[120.95649,14.63226]]],[[[120.9498,14.63229],[120.94971,14.6322],[120.94971,14.63229],[120.9498,14.63229]]],[[[120.95175,14.63231],[120.95166,14.63222],[120.95166,14.63231],[120.95175,14.63231]]],[[[120.95491,14.63234],[120.95482,14.63225],[120.95481,14.63234],[120.95491,14.63234]]],[[[120.95667,14.63226],[120.95658,14.63235],[120.95667,14.63235],[120.95667,14.63226]]],[[[120.95342,14.63242],[120.95333,14.63214],[120.95333,14.63241],[120.95342,14.63242]]],[[[120.9485,14.63237],[120.94813,14.63246],[120.9485,14.63246],[120.9485,14.63237]]],[[[120.95017,14.63248],[120.95008,14.63211],[120.9499,14.63238],[120.95017,14.63248]]],[[[120.95166,14.63249],[120.95157,14.6324],[120.95156,14.63249],[120.95166,14.63249]]],[[[120.94962,14.63256],[120.94952,14.63247],[120.94952,14.63256],[120.94962,14.63256]]],[[[120.9498,14.63256],[120.94971,14.63247],[120.94971,14.63256],[120.9498,14.63256]]],[[[120.95537,14.63261],[120.95528,14.63252],[120.95528,14.63261],[120.95537,14.63261]]],[[[120.95556,14.63252],[120.95584,14.63235],[120.95556,14.63234],[120.95556,14.63252]]],[[[120.9549,14.63261],[120.95518,14.6327],[120.95518,14.63261],[120.9549,14.63261]]],[[[120.95333,14.63269],[120.95342,14.63278],[120.95342,14.63269],[120.95333,14.63269]]],[[[120.9549,14.63279],[120.95472,14.6327],[120.95472,14.63279],[120.9549,14.63279]]],[[[120.95546,14.63279],[120.95537,14.6327],[120.95537,14.63279],[120.95546,14.63279]]],[[[120.95221,14.63277],[120.95175,14.63276],[120.95221,14.63304],[120.95221,14.63277]]],[[[120.95425,14.63287],[120.95444,14.63306],[120.95453,14.63288],[120.95425,14.63287]]],[[[120.95425,14.63315],[120.95416,14.63296],[120.95416,14.63314],[120.95425,14.63315]]],[[[120.95453,14.63306],[120.95444,14.63315],[120.95453,14.63315],[120.95453,14.63306]]],[[[120.95332,14.63323],[120.95314,14.63259],[120.95314,14.63323],[120.95332,14.63323]]],[[[120.95416,14.63324],[120.95406,14.63314],[120.95406,14.63323],[120.95416,14.63324]]],[[[120.95434,14.63315],[120.95425,14.63324],[120.95434,14.63324],[120.95434,14.63315]]],[[[120.95546,14.63325],[120.95536,14.63316],[120.95536,14.63325],[120.95546,14.63325]]],[[[120.95388,14.63323],[120.95397,14.63332],[120.95397,14.63323],[120.95388,14.63323]]],[[[120.95425,14.63333],[120.95416,14.63324],[120.95416,14.63333],[120.95425,14.63333]]],[[[120.95388,14.63341],[120.95378,14.63332],[120.95378,14.63341],[120.95388,14.63341]]],[[[120.9562,14.63352],[120.95629,14.63343],[120.9562,14.63343],[120.9562,14.63352]]],[[[120.9536,14.63359],[120.9535,14.6335],[120.9535,14.63359],[120.9536,14.63359]]],[[[120.94274,14.63386],[120.94255,14.63349],[120.94255,14.63386],[120.94274,14.63386]]],[[[120.95795,14.63408],[120.95777,14.63399],[120.95777,14.63408],[120.95795,14.63408]]],[[[120.95721,14.63417],[120.95712,14.63407],[120.95712,14.63416],[120.95721,14.63417]]],[[[120.95683,14.63552],[120.9571,14.6357],[120.95711,14.63552],[120.95683,14.63552]]],[[[120.95729,14.6357],[120.95757,14.63561],[120.95729,14.63561],[120.95729,14.6357]]],[[[120.95664,14.63579],[120.95655,14.63561],[120.95655,14.63579],[120.95664,14.63579]]],[[[120.95692,14.63579],[120.95673,14.63561],[120.95673,14.63579],[120.95692,14.63579]]],[[[120.95785,14.63571],[120.95766,14.63598],[120.95794,14.63589],[120.95785,14.63571]]],[[[120.95821,14.63607],[120.95812,14.63598],[120.95812,14.63607],[120.95821,14.63607]]],[[[120.95459,14.63604],[120.9545,14.63613],[120.95459,14.63613],[120.95459,14.63604]]],[[[120.95766,14.63616],[120.95775,14.63607],[120.95766,14.63607],[120.95766,14.63616]]],[[[120.9584,14.63571],[120.95821,14.63616],[120.95896,14.63608],[120.95877,14.63563],[120.95794,14.63562],[120.9584,14.63571]]],[[[120.95431,14.63622],[120.9545,14.63597],[120.95404,14.63602],[120.95431,14.63622]]],[[[120.95914,14.63626],[120.95905,14.63617],[120.95905,14.63626],[120.95914,14.63626]]],[[[120.9596,14.63636],[120.95951,14.63626],[120.95951,14.63635],[120.9596,14.63636]]],[[[120.95635,14.63642],[120.95645,14.63624],[120.95636,14.63624],[120.95635,14.63642]]],[[[120.95608,14.63651],[120.95635,14.6366],[120.95635,14.63651],[120.95608,14.63651]]],[[[120.9583,14.63643],[120.95849,14.63662],[120.95849,14.63644],[120.9583,14.63643]]],[[[120.95552,14.63641],[120.95561,14.63668],[120.95561,14.63641],[120.95552,14.63641]]],[[[120.95858,14.63671],[120.95867,14.63662],[120.95858,14.63662],[120.95858,14.63671]]],[[[120.95607,14.63678],[120.95598,14.63659],[120.95598,14.63678],[120.95607,14.63678]]],[[[120.95876,14.63671],[120.95867,14.6368],[120.95876,14.6368],[120.95876,14.63671]]],[[[120.95997,14.63681],[120.95988,14.63672],[120.95988,14.63681],[120.95997,14.63681]]],[[[120.95561,14.63686],[120.95542,14.63668],[120.95542,14.63686],[120.95561,14.63686]]],[[[120.95617,14.63678],[120.95607,14.63687],[120.95616,14.63687],[120.95617,14.63678]]],[[[120.95673,14.63624],[120.95635,14.63678],[120.95654,14.63687],[120.95673,14.63624]]],[[[120.95839,14.63698],[120.9583,14.63689],[120.9583,14.63698],[120.95839,14.63698]]],[[[120.95895,14.63698],[120.95886,14.63689],[120.95885,14.63698],[120.95895,14.63698]]],[[[120.95978,14.63699],[120.95969,14.6369],[120.95969,14.63699],[120.95978,14.63699]]],[[[120.95839,14.63662],[120.95775,14.63616],[120.95728,14.63706],[120.95747,14.6367],[120.95802,14.63706],[120.95839,14.63662]]],[[[120.95728,14.63715],[120.95718,14.63706],[120.95718,14.63715],[120.95728,14.63715]]],[[[120.95663,14.63714],[120.95616,14.63687],[120.95616,14.63723],[120.95663,14.63714]]],[[[120.95718,14.63724],[120.95709,14.63715],[120.95709,14.63724],[120.95718,14.63724]]],[[[120.95895,14.63725],[120.95885,14.63716],[120.95885,14.63725],[120.95895,14.63725]]],[[[120.95709,14.63733],[120.957,14.63724],[120.957,14.63733],[120.95709,14.63733]]],[[[120.95802,14.63734],[120.95792,14.63724],[120.95792,14.63733],[120.95802,14.63734]]],[[[120.95588,14.6375],[120.95616,14.63741],[120.95588,14.63741],[120.95588,14.6375]]],[[[120.95885,14.63752],[120.95876,14.63734],[120.95876,14.63752],[120.95885,14.63752]]],[[[120.95625,14.6375],[120.95616,14.63759],[120.95625,14.63759],[120.95625,14.6375]]],[[[120.95996,14.63753],[120.96006,14.63762],[120.96006,14.63753],[120.95996,14.63753]]],[[[120.95597,14.63768],[120.95588,14.63759],[120.95588,14.63768],[120.95597,14.63768]]],[[[120.95894,14.63771],[120.95885,14.63761],[120.95885,14.6377],[120.95894,14.63771]]],[[[120.95922,14.63753],[120.95941,14.63762],[120.95941,14.63753],[120.95922,14.63753]]],[[[120.95996,14.63771],[120.95987,14.63762],[120.95987,14.63771],[120.95996,14.63771]]],[[[120.95588,14.63786],[120.95578,14.63777],[120.95578,14.63786],[120.95588,14.63786]]],[[[120.95987,14.63789],[120.95996,14.6378],[120.95987,14.6378],[120.95987,14.63789]]],[[[120.96005,14.6379],[120.95996,14.63799],[120.96005,14.63799],[120.96005,14.6379]]],[[[120.96219,14.638],[120.96209,14.63791],[120.96209,14.638],[120.96219,14.638]]],[[[120.95374,14.63802],[120.95356,14.63784],[120.95356,14.63802],[120.95374,14.63802]]],[[[120.9556,14.63804],[120.95569,14.63786],[120.9556,14.63786],[120.9556,14.63804]]],[[[120.95615,14.63804],[120.95606,14.63795],[120.95606,14.63804],[120.95615,14.63804]]],[[[120.96302,14.63801],[120.96311,14.6381],[120.96311,14.63801],[120.96302,14.63801]]],[[[120.95578,14.63804],[120.95569,14.63813],[120.95578,14.63813],[120.95578,14.63804]]],[[[120.9568,14.63814],[120.95671,14.63805],[120.95671,14.63814],[120.9568,14.63814]]],[[[120.95903,14.63816],[120.95894,14.63807],[120.95894,14.63816],[120.95903,14.63816]]],[[[120.96302,14.63819],[120.96293,14.6381],[120.96293,14.63819],[120.96302,14.63819]]],[[[120.95615,14.63822],[120.95606,14.63813],[120.95606,14.63822],[120.95615,14.63822]]],[[[120.95652,14.63814],[120.95662,14.63823],[120.95662,14.63814],[120.95652,14.63814]]],[[[120.95727,14.63823],[120.95708,14.63814],[120.95708,14.63823],[120.95727,14.63823]]],[[[120.96283,14.63828],[120.96274,14.6381],[120.96274,14.63828],[120.96283,14.63828]]],[[[120.95652,14.63832],[120.95643,14.63823],[120.95643,14.63832],[120.95652,14.63832]]],[[[120.95847,14.63833],[120.95856,14.63824],[120.95847,14.63824],[120.95847,14.63833]]],[[[120.95866,14.63834],[120.95856,14.63842],[120.95866,14.63843],[120.95866,14.63834]]],[[[120.96014,14.6388],[120.96005,14.63862],[120.96004,14.6388],[120.96014,14.6388]]],[[[120.95735,14.63887],[120.95745,14.63878],[120.95735,14.63878],[120.95735,14.63887]]],[[[120.95847,14.63869],[120.95819,14.63878],[120.95847,14.63888],[120.95847,14.63869]]],[[[120.95754,14.63887],[120.95744,14.63896],[120.95754,14.63896],[120.95754,14.63887]]],[[[120.9619,14.639],[120.96181,14.6389],[120.96181,14.639],[120.9619,14.639]]],[[[120.95698,14.63895],[120.95707,14.63904],[120.95707,14.63895],[120.95698,14.63895]]],[[[120.95763,14.63905],[120.95772,14.63896],[120.95763,14.63896],[120.95763,14.63905]]],[[[120.95791,14.63896],[120.958,14.63905],[120.958,14.63896],[120.95791,14.63896]]],[[[120.95828,14.63896],[120.95837,14.63906],[120.95837,14.63897],[120.95828,14.63896]]],[[[120.95698,14.63913],[120.95689,14.63904],[120.95689,14.63913],[120.95698,14.63913]]],[[[120.95791,14.63914],[120.95772,14.63905],[120.95772,14.63914],[120.95791,14.63914]]],[[[120.95846,14.63906],[120.95837,14.63915],[120.95846,14.63915],[120.95846,14.63906]]],[[[120.95689,14.63922],[120.95679,14.63913],[120.95679,14.63922],[120.95689,14.63922]]],[[[120.95856,14.63915],[120.95846,14.63924],[120.95856,14.63924],[120.95856,14.63915]]],[[[120.96041,14.63925],[120.96032,14.63907],[120.96032,14.63925],[120.96041,14.63925]]],[[[120.95865,14.63924],[120.95855,14.63933],[120.95865,14.63933],[120.95865,14.63924]]],[[[120.96023,14.63934],[120.96032,14.63943],[120.96032,14.63934],[120.96023,14.63934]]],[[[120.95828,14.63933],[120.958,14.63914],[120.95772,14.6395],[120.95828,14.63933]]],[[[120.96022,14.63952],[120.96013,14.63943],[120.96013,14.63952],[120.96022,14.63952]]],[[[120.95753,14.6395],[120.95762,14.63959],[120.95763,14.6395],[120.95753,14.6395]]],[[[120.958,14.6395],[120.9579,14.63959],[120.958,14.63959],[120.958,14.6395]]],[[[120.96013,14.63961],[120.96004,14.63952],[120.96004,14.63961],[120.96013,14.63961]]],[[[120.95624,14.63859],[120.95559,14.63858],[120.95577,14.63957],[120.9567,14.63967],[120.95596,14.63912],[120.95624,14.63859]]],[[[120.95577,14.63885],[120.95605,14.63894],[120.95577,14.63894],[120.95577,14.63885]]],[[[120.95577,14.63903],[120.95587,14.63912],[120.95577,14.63912],[120.95577,14.63903]]],[[[120.95697,14.63968],[120.95688,14.63958],[120.95688,14.63967],[120.95697,14.63968]]],[[[120.95753,14.63968],[120.95744,14.63959],[120.95744,14.63968],[120.95753,14.63968]]],[[[120.95864,14.63969],[120.95874,14.6396],[120.95865,14.6396],[120.95864,14.63969]]],[[[120.95929,14.6397],[120.95939,14.63961],[120.95929,14.63961],[120.95929,14.6397]]],[[[120.95493,14.63975],[120.95512,14.63957],[120.95493,14.63966],[120.95493,14.63975]]],[[[120.95567,14.63966],[120.95577,14.63976],[120.95577,14.63967],[120.95567,14.63966]]],[[[120.95948,14.6397],[120.95939,14.63979],[120.95948,14.63979],[120.95948,14.6397]]],[[[120.9553,14.63975],[120.95521,14.63984],[120.9553,14.63984],[120.9553,14.63975]]],[[[120.95883,14.63969],[120.95874,14.63987],[120.95883,14.63987],[120.95883,14.63969]]],[[[120.96003,14.63988],[120.96041,14.6398],[120.96004,14.63979],[120.96003,14.63988]]],[[[120.95484,14.63993],[120.95474,14.63984],[120.95474,14.63993],[120.95484,14.63993]]],[[[120.95558,14.63993],[120.95549,14.63975],[120.95549,14.63993],[120.95558,14.63993]]],[[[120.95892,14.63987],[120.95883,14.63996],[120.95892,14.63996],[120.95892,14.63987]]],[[[120.9605,14.63989],[120.96041,14.63998],[120.9605,14.63998],[120.9605,14.63989]]],[[[120.95725,14.63968],[120.95707,14.63977],[120.95725,14.64004],[120.95725,14.63968]]],[[[120.96059,14.63998],[120.9605,14.64007],[120.96059,14.64007],[120.96059,14.63998]]],[[[120.96347,14.63991],[120.96375,14.64001],[120.96375,14.63992],[120.96347,14.63991]]],[[[120.95623,14.64012],[120.95595,14.63967],[120.95604,14.64012],[120.95623,14.64012]]],[[[120.9592,14.64015],[120.9591,14.64006],[120.9591,14.64015],[120.9592,14.64015]]],[[[120.96068,14.64007],[120.96059,14.64025],[120.96068,14.64025],[120.96068,14.64007]]],[[[120.95984,14.64033],[120.95975,14.64024],[120.95975,14.64033],[120.95984,14.64033]]],[[[120.96077,14.64025],[120.96068,14.64034],[120.96077,14.64034],[120.96077,14.64025]]],[[[120.96087,14.64034],[120.96077,14.64043],[120.96086,14.64043],[120.96087,14.64034]]],[[[120.96133,14.64035],[120.96151,14.64044],[120.96152,14.64035],[120.96133,14.64035]]],[[[120.96272,14.64045],[120.96263,14.64036],[120.96263,14.64045],[120.96272,14.64045]]],[[[120.95641,14.64048],[120.95632,14.64039],[120.95632,14.64048],[120.95641,14.64048]]],[[[120.95845,14.6405],[120.95854,14.64041],[120.95845,14.64041],[120.95845,14.6405]]],[[[120.96346,14.64055],[120.96337,14.64036],[120.96337,14.64055],[120.96346,14.64055]]],[[[120.95669,14.6404],[120.95706,14.6404],[120.95706,14.64013],[120.95669,14.6404]]],[[[120.95864,14.6405],[120.95854,14.64059],[120.95864,14.64059],[120.95864,14.6405]]],[[[120.95956,14.6406],[120.95947,14.64051],[120.95947,14.6406],[120.95956,14.6406]]],[[[120.9565,14.64058],[120.95659,14.64067],[120.95659,14.64058],[120.9565,14.64058]]],[[[120.96328,14.64063],[120.96337,14.64073],[120.96337,14.64064],[120.96328,14.64063]]],[[[120.95669,14.64067],[120.95678,14.64076],[120.95678,14.64067],[120.95669,14.64067]]],[[[120.95733,14.64076],[120.95724,14.64067],[120.95724,14.64076],[120.95733,14.64076]]],[[[120.96077,14.64079],[120.96068,14.6407],[120.96068,14.64079],[120.96077,14.64079]]],[[[120.96327,14.64082],[120.96318,14.64072],[120.96318,14.64081],[120.96327,14.64082]]],[[[120.9565,14.64085],[120.95641,14.64066],[120.95641,14.64085],[120.9565,14.64085]]],[[[120.95668,14.64085],[120.95659,14.64076],[120.95659,14.64085],[120.95668,14.64085]]],[[[120.95993,14.64088],[120.95984,14.64079],[120.95984,14.64088],[120.95993,14.64088]]],[[[120.96068,14.64088],[120.96058,14.64079],[120.96058,14.64088],[120.96068,14.64088]]],[[[120.96058,14.64097],[120.96049,14.64088],[120.96049,14.64097],[120.96058,14.64097]]],[[[120.96077,14.64088],[120.96067,14.64097],[120.96077,14.64097],[120.96077,14.64088]]],[[[120.96095,14.64098],[120.96086,14.64088],[120.96086,14.64097],[120.96095,14.64098]]],[[[120.96327,14.641],[120.96318,14.6409],[120.96318,14.641],[120.96327,14.641]]],[[[120.9564,14.64103],[120.95631,14.64084],[120.95631,14.64103],[120.9564,14.64103]]],[[[120.95733,14.64103],[120.95743,14.64094],[120.95733,14.64094],[120.95733,14.64103]]],[[[120.95752,14.64104],[120.95742,14.64122],[120.95752,14.64122],[120.95752,14.64104]]],[[[120.96151,14.64125],[120.96115,14.64016],[120.96152,14.64026],[120.96152,14.63972],[120.96105,14.64007],[120.96077,14.6407],[120.96151,14.64125]]],[[[120.96327,14.64127],[120.96318,14.64118],[120.96318,14.64127],[120.96327,14.64127]]],[[[120.96197,14.64126],[120.96206,14.64135],[120.96206,14.64126],[120.96197,14.64126]]],[[[120.95278,14.64118],[120.95297,14.64127],[120.95297,14.64118],[120.95278,14.64118]]],[[[120.96197,14.64144],[120.96188,14.64135],[120.96188,14.64144],[120.96197,14.64144]]],[[[120.95241,14.64126],[120.9526,14.64135],[120.9526,14.64117],[120.95241,14.64126]]],[[[120.96188,14.64153],[120.96178,14.64143],[120.96178,14.64153],[120.96188,14.64153]]],[[[120.96308,14.64163],[120.96299,14.64145],[120.96299,14.64163],[120.96308,14.64163]]],[[[120.95742,14.64167],[120.9577,14.64158],[120.95742,14.64158],[120.95742,14.64167]]],[[[120.9616,14.6417],[120.96123,14.64125],[120.96113,14.6417],[120.9616,14.6417]]],[[[120.95603,14.64175],[120.95593,14.64165],[120.95593,14.64175],[120.95603,14.64175]]],[[[120.95621,14.64166],[120.95696,14.64148],[120.9565,14.64094],[120.95621,14.64166]]],[[[120.95788,14.64167],[120.9577,14.64176],[120.95788,14.64176],[120.95788,14.64167]]],[[[120.95798,14.64176],[120.95788,14.64185],[120.95797,14.64185],[120.95798,14.64176]]],[[[120.95677,14.64175],[120.95667,14.64193],[120.95677,14.64193],[120.95677,14.64175]]],[[[120.95807,14.64185],[120.95797,14.64194],[120.95807,14.64194],[120.95807,14.64185]]],[[[120.96131,14.64197],[120.96122,14.64188],[120.96122,14.64197],[120.96131,14.64197]]],[[[120.95816,14.64204],[120.95825,14.64195],[120.95816,14.64195],[120.95816,14.64204]]],[[[120.95834,14.64204],[120.95825,14.64213],[120.95834,14.64213],[120.95834,14.64204]]],[[[120.95315,14.64199],[120.95352,14.64209],[120.95352,14.64199],[120.95315,14.64199]]],[[[120.95547,14.64219],[120.95537,14.6421],[120.95537,14.64219],[120.95547,14.64219]]],[[[120.95222,14.64225],[120.95213,14.64207],[120.95212,14.64225],[120.95222,14.64225]]],[[[120.95333,14.64217],[120.95324,14.64226],[120.95333,14.64226],[120.95333,14.64217]]],[[[120.9576,14.6423],[120.95788,14.64212],[120.9576,14.64212],[120.9576,14.6423]]],[[[120.95871,14.6424],[120.95862,14.64231],[120.95862,14.6424],[120.95871,14.6424]]],[[[120.96112,14.64242],[120.96103,14.64233],[120.96103,14.64242],[120.96112,14.64242]]],[[[120.96456,14.64245],[120.96447,14.64236],[120.96447,14.64245],[120.96456,14.64245]]],[[[120.95834,14.64249],[120.95853,14.64231],[120.95834,14.64222],[120.95834,14.64249]]],[[[120.9589,14.64249],[120.9588,14.6424],[120.9588,14.64249],[120.9589,14.64249]]],[[[120.95741,14.64257],[120.95732,14.64248],[120.95732,14.64257],[120.95741,14.64257]]],[[[120.96446,14.64263],[120.96437,14.64254],[120.96437,14.64263],[120.96446,14.64263]]],[[[120.95509,14.64264],[120.955,14.64255],[120.955,14.64264],[120.95509,14.64264]]],[[[120.95806,14.64258],[120.95825,14.64267],[120.95825,14.64258],[120.95806,14.64258]]],[[[120.95147,14.64252],[120.95193,14.64261],[120.95157,14.64234],[120.95147,14.64252]]],[[[120.95927,14.64277],[120.95908,14.64268],[120.95908,14.64277],[120.95927,14.64277]]],[[[120.96437,14.64281],[120.96428,14.64272],[120.96428,14.64281],[120.96437,14.64281]]],[[[120.95444,14.64273],[120.95453,14.64282],[120.95453,14.64273],[120.95444,14.64273]]],[[[120.95834,14.64285],[120.95797,14.64267],[120.95787,14.64285],[120.95834,14.64285]]],[[[120.96409,14.6429],[120.964,14.64281],[120.964,14.6429],[120.96409,14.6429]]],[[[120.95444,14.64291],[120.95425,14.64281],[120.95425,14.64291],[120.95444,14.64291]]],[[[120.95472,14.64282],[120.95453,14.64291],[120.95472,14.64291],[120.95472,14.64282]]],[[[120.95676,14.64302],[120.95694,14.64284],[120.95667,14.64284],[120.95676,14.64302]]],[[[120.95945,14.64304],[120.95954,14.64295],[120.95945,14.64295],[120.95945,14.64304]]],[[[120.95286,14.64298],[120.95295,14.64307],[120.95295,14.64298],[120.95286,14.64298]]],[[[120.95425,14.64291],[120.95361,14.64227],[120.95314,14.64262],[120.95397,14.64308],[120.95425,14.64291]]],[[[120.95796,14.64312],[120.95806,14.64303],[120.95796,14.64303],[120.95796,14.64312]]],[[[120.95862,14.64285],[120.95861,14.64312],[120.95871,14.64267],[120.95862,14.64285]]],[[[120.95973,14.64304],[120.95991,14.64314],[120.95991,14.64305],[120.95973,14.64304]]],[[[120.96177,14.64315],[120.96168,14.64306],[120.96168,14.64315],[120.96177,14.64315]]],[[[120.95175,14.6427],[120.95119,14.64297],[120.95193,14.64316],[120.95175,14.6427]]],[[[120.95286,14.64316],[120.95277,14.64307],[120.95276,14.64316],[120.95286,14.64316]]],[[[120.95574,14.6431],[120.95583,14.64319],[120.95583,14.6431],[120.95574,14.6431]]],[[[120.95815,14.64312],[120.95805,14.64321],[120.95815,14.64321],[120.95815,14.64312]]],[[[120.95973,14.64322],[120.95954,14.64304],[120.95954,14.64322],[120.95973,14.64322]]],[[[120.95573,14.64328],[120.95564,14.64319],[120.95564,14.64328],[120.95573,14.64328]]],[[[120.96242,14.64334],[120.96232,14.64325],[120.96232,14.64334],[120.96242,14.64334]]],[[[120.95564,14.64337],[120.95555,14.64328],[120.95555,14.64337],[120.95564,14.64337]]],[[[120.95276,14.64343],[120.95267,14.64316],[120.95267,14.64343],[120.95276,14.64343]]],[[[120.95378,14.64335],[120.95388,14.64344],[120.95388,14.64335],[120.95378,14.64335]]],[[[120.96269,14.64352],[120.9626,14.64343],[120.9626,14.64352],[120.96269,14.64352]]],[[[120.95378,14.64353],[120.95369,14.64344],[120.95369,14.64353],[120.95378,14.64353]]],[[[120.95499,14.64354],[120.95508,14.64345],[120.95499,14.64345],[120.95499,14.64354]]],[[[120.95517,14.64355],[120.95508,14.64364],[120.95517,14.64364],[120.95517,14.64355]]],[[[120.95545,14.64364],[120.95536,14.64355],[120.95536,14.64364],[120.95545,14.64364]]],[[[120.95796,14.64366],[120.95777,14.64357],[120.95777,14.64366],[120.95796,14.64366]]],[[[120.96232,14.6437],[120.96223,14.64361],[120.96223,14.6437],[120.96232,14.6437]]],[[[120.95796,14.64384],[120.95777,14.64375],[120.95777,14.64384],[120.95796,14.64384]]],[[[120.95267,14.64343],[120.95257,14.64388],[120.95285,14.64389],[120.95295,14.64362],[120.95267,14.64343]]],[[[120.95257,14.64397],[120.95248,14.64388],[120.95248,14.64397],[120.95257,14.64397]]],[[[120.95229,14.64406],[120.95248,14.64415],[120.95248,14.64406],[120.95229,14.64406]]],[[[120.96148,14.6445],[120.96138,14.64441],[120.96138,14.6445],[120.96148,14.6445]]],[[[120.95795,14.64438],[120.95832,14.64457],[120.95832,14.6443],[120.95795,14.64438]]],[[[120.95804,14.64466],[120.95795,14.64456],[120.95795,14.64465],[120.95804,14.64466]]],[[[120.95795,14.64474],[120.95786,14.64465],[120.95786,14.64474],[120.95795,14.64474]]],[[[120.94876,14.64466],[120.94894,14.64476],[120.94895,14.64467],[120.94876,14.64466]]],[[[120.96092,14.64468],[120.96101,14.64477],[120.96101,14.64468],[120.96092,14.64468]]],[[[120.96166,14.64478],[120.96175,14.64469],[120.96166,14.64469],[120.96166,14.64478]]],[[[120.94876,14.64484],[120.94867,14.64475],[120.94867,14.64484],[120.94876,14.64484]]],[[[120.95191,14.64487],[120.95182,14.64478],[120.95182,14.64487],[120.95191,14.64487]]],[[[120.95822,14.64493],[120.95814,14.64457],[120.95813,14.64493],[120.95822,14.64493]]],[[[120.96194,14.64487],[120.96175,14.64496],[120.96194,14.64496],[120.96194,14.64487]]],[[[120.95369,14.64353],[120.95304,14.64362],[120.95303,14.64461],[120.9522,14.64415],[120.95219,14.64469],[120.95312,14.64497],[120.95322,14.64389],[120.95369,14.64353]]],[[[120.96092,14.64504],[120.96073,14.64477],[120.96082,14.64504],[120.96092,14.64504]]],[[[120.9611,14.64486],[120.96129,14.64495],[120.96129,14.64486],[120.9611,14.64486]]],[[[120.95108,14.64505],[120.95089,14.64495],[120.95089,14.64504],[120.95108,14.64505]]],[[[120.96138,14.64505],[120.96147,14.64496],[120.96138,14.64496],[120.96138,14.64505]]],[[[120.9624,14.64496],[120.96194,14.64505],[120.9624,14.64505],[120.9624,14.64496]]],[[[120.95692,14.6451],[120.9572,14.64483],[120.95693,14.64492],[120.95692,14.6451]]],[[[120.96129,14.64505],[120.96119,14.64513],[120.96129,14.64514],[120.96129,14.64505]]],[[[120.96166,14.64505],[120.96147,14.64514],[120.96166,14.64514],[120.96166,14.64505]]],[[[120.95145,14.64505],[120.95154,14.64514],[120.95154,14.64505],[120.95145,14.64505]]],[[[120.95804,14.6452],[120.95795,14.64493],[120.95776,14.6451],[120.95804,14.6452]]],[[[120.94857,14.64511],[120.94876,14.64521],[120.94876,14.64512],[120.94857,14.64511]]],[[[120.95024,14.64495],[120.95052,14.64522],[120.95043,14.64486],[120.95024,14.64495]]],[[[120.95145,14.64523],[120.95135,14.64514],[120.95135,14.64523],[120.95145,14.64523]]],[[[120.95163,14.64505],[120.95172,14.64523],[120.95173,14.64505],[120.95163,14.64505]]],[[[120.95042,14.64531],[120.95033,14.64522],[120.95033,14.64531],[120.95042,14.64531]]],[[[120.95163,14.64532],[120.95145,14.64523],[120.95145,14.64532],[120.95163,14.64532]]],[[[120.96268,14.64533],[120.96258,14.64524],[120.96258,14.64533],[120.96268,14.64533]]],[[[120.96128,14.64541],[120.96119,14.64532],[120.96119,14.64541],[120.96128,14.64541]]],[[[120.96203,14.64523],[120.9623,14.64533],[120.96231,14.64523],[120.96203,14.64523]]],[[[120.94866,14.64548],[120.94848,14.6452],[120.94838,14.64547],[120.94866,14.64548]]],[[[120.96202,14.6455],[120.96184,14.64541],[120.96184,14.6455],[120.96202,14.6455]]],[[[120.95135,14.64559],[120.95126,14.64541],[120.95116,14.64559],[120.95135,14.64559]]],[[[120.96184,14.64559],[120.96175,14.6455],[120.96175,14.64559],[120.96184,14.64559]]],[[[120.96304,14.6456],[120.96295,14.64551],[120.96295,14.6456],[120.96304,14.6456]]],[[[120.95358,14.64579],[120.95348,14.64561],[120.95348,14.64579],[120.95358,14.64579]]],[[[120.96072,14.64585],[120.96081,14.64594],[120.96081,14.64585],[120.96072,14.64585]]],[[[120.95293,14.64588],[120.95311,14.64597],[120.95311,14.64588],[120.95293,14.64588]]],[[[120.96072,14.64603],[120.96063,14.64594],[120.96063,14.64603],[120.96072,14.64603]]],[[[120.95292,14.64606],[120.95283,14.64596],[120.95283,14.64606],[120.95292,14.64606]]],[[[120.95329,14.64606],[120.95339,14.64597],[120.9533,14.64597],[120.95329,14.64606]]],[[[120.94967,14.64612],[120.94958,14.64603],[120.94958,14.64612],[120.94967,14.64612]]],[[[120.94968,14.64594],[120.94986,14.64612],[120.94986,14.64594],[120.94968,14.64594]]],[[[120.96137,14.64613],[120.96156,14.64595],[120.96137,14.64604],[120.96137,14.64613]]],[[[120.95283,14.64615],[120.95274,14.64605],[120.95274,14.64614],[120.95283,14.64615]]],[[[120.95348,14.64606],[120.95339,14.64615],[120.95348,14.64615],[120.95348,14.64606]]],[[[120.95274,14.64624],[120.95264,14.64614],[120.95264,14.64623],[120.95274,14.64624]]],[[[120.96378,14.64624],[120.96369,14.64615],[120.96369,14.64624],[120.96378,14.64624]]],[[[120.96174,14.64613],[120.96155,14.64631],[120.96174,14.64622],[120.96174,14.64613]]],[[[120.95144,14.64631],[120.95125,14.64604],[120.95116,14.64631],[120.95144,14.64631]]],[[[120.96257,14.64632],[120.96239,14.64623],[120.96239,14.64632],[120.96257,14.64632]]],[[[120.96118,14.6464],[120.96109,14.64631],[120.96109,14.6464],[120.96118,14.6464]]],[[[120.96341,14.64624],[120.96332,14.64642],[120.96341,14.64642],[120.96341,14.64624]]],[[[120.96211,14.6465],[120.96202,14.64641],[120.96202,14.6465],[120.96211,14.6465]]],[[[120.96155,14.64658],[120.96146,14.64649],[120.96146,14.64658],[120.96155,14.64658]]],[[[120.94976,14.64666],[120.94967,14.64657],[120.94967,14.64666],[120.94976,14.64666]]],[[[120.95004,14.64666],[120.94995,14.64657],[120.94995,14.64666],[120.95004,14.64666]]],[[[120.96136,14.64667],[120.96127,14.6464],[120.96127,14.64667],[120.96136,14.64667]]],[[[120.96238,14.64668],[120.96276,14.64659],[120.96239,14.64659],[120.96238,14.64668]]],[[[120.96006,14.64684],[120.95997,14.64675],[120.95997,14.64684],[120.96006,14.64684]]],[[[120.96424,14.6467],[120.96461,14.64688],[120.96461,14.64679],[120.96424,14.6467]]],[[[120.95988,14.64693],[120.95979,14.64666],[120.95978,14.64693],[120.95988,14.64693]]],[[[120.96108,14.64694],[120.96099,14.64685],[120.96099,14.64694],[120.96108,14.64694]]],[[[120.96332,14.64624],[120.96258,14.64614],[120.96295,14.64623],[120.96285,14.64687],[120.96332,14.64624]]],[[[120.96424,14.64697],[120.96415,14.64688],[120.96415,14.64697],[120.96424,14.64697]]],[[[120.9647,14.64688],[120.96461,14.64697],[120.9647,14.64697],[120.9647,14.64688]]],[[[120.94958,14.64684],[120.94967,14.64702],[120.94967,14.64684],[120.94958,14.64684]]],[[[120.9609,14.64703],[120.96071,14.64694],[120.96071,14.64703],[120.9609,14.64703]]],[[[120.95208,14.64704],[120.95217,14.64695],[120.95208,14.64695],[120.95208,14.64704]]],[[[120.96331,14.64696],[120.96312,14.64705],[120.96331,14.64705],[120.96331,14.64696]]],[[[120.96396,14.64706],[120.96387,14.64651],[120.96341,14.64678],[120.9634,14.64687],[120.96396,14.64706]]],[[[120.96489,14.64706],[120.96498,14.64698],[120.96489,14.64697],[120.96489,14.64706]]],[[[120.94957,14.64711],[120.94948,14.64702],[120.94948,14.64711],[120.94957,14.64711]]],[[[120.95226,14.64704],[120.95217,14.64713],[120.95226,14.64713],[120.95226,14.64704]]],[[[120.96507,14.64707],[120.96498,14.64716],[120.96507,14.64716],[120.96507,14.64707]]],[[[120.94846,14.64701],[120.94827,14.6471],[120.94846,14.64719],[120.94846,14.64701]]],[[[120.94883,14.6471],[120.94901,14.6472],[120.94902,14.64711],[120.94883,14.6471]]],[[[120.94948,14.6472],[120.94939,14.64711],[120.94939,14.6472],[120.94948,14.6472]]],[[[120.96451,14.64724],[120.9647,14.64715],[120.96452,14.64715],[120.96451,14.64724]]],[[[120.94883,14.64729],[120.94874,14.64719],[120.94874,14.64728],[120.94883,14.64729]]],[[[120.9492,14.64729],[120.94929,14.6472],[120.9492,14.6472],[120.9492,14.64729]]],[[[120.96127,14.6473],[120.96117,14.64721],[120.96117,14.6473],[120.96127,14.6473]]],[[[120.96424,14.64706],[120.96414,14.64733],[120.96424,14.64733],[120.96424,14.64706]]],[[[120.96507,14.64734],[120.96516,14.64725],[120.96507,14.64725],[120.96507,14.64734]]],[[[120.94939,14.64729],[120.94929,14.64738],[120.94938,14.64738],[120.94939,14.64729]]],[[[120.94985,14.64738],[120.95013,14.64712],[120.94985,14.64711],[120.94985,14.64738]]],[[[120.96071,14.64739],[120.96062,14.64712],[120.96052,14.6473],[120.96071,14.64739]]],[[[120.96442,14.64733],[120.96423,14.64742],[120.96442,14.64742],[120.96442,14.64733]]],[[[120.96479,14.64724],[120.9647,14.64742],[120.96479,14.64743],[120.96479,14.64724]]],[[[120.96526,14.64734],[120.96516,14.64743],[120.96526,14.64743],[120.96526,14.64734]]],[[[120.95245,14.64745],[120.95235,14.64741],[120.95235,14.64745],[120.95245,14.64745]]],[[[120.95524,14.6468],[120.95542,14.64748],[120.95607,14.64748],[120.95524,14.6468]]],[[[120.96535,14.64743],[120.96525,14.64752],[120.96535,14.64752],[120.96535,14.64743]]],[[[120.96126,14.64758],[120.96108,14.64748],[120.96108,14.64757],[120.96126,14.64758]]],[[[120.96488,14.64761],[120.96507,14.64752],[120.96488,14.64752],[120.96488,14.64761]]],[[[120.96544,14.64752],[120.96535,14.64761],[120.96544,14.64761],[120.96544,14.64752]]],[[[120.94855,14.64764],[120.94864,14.64746],[120.94855,14.64746],[120.94855,14.64764]]],[[[120.96247,14.64759],[120.96265,14.64768],[120.96266,14.64759],[120.96247,14.64759]]],[[[120.95439,14.64761],[120.95412,14.64769],[120.95439,14.6477],[120.95439,14.64761]]],[[[120.96516,14.64761],[120.96507,14.6477],[120.96516,14.6477],[120.96516,14.64761]]],[[[120.96553,14.64761],[120.96544,14.6477],[120.96553,14.6477],[120.96553,14.64761]]],[[[120.94929,14.64774],[120.9492,14.64765],[120.9492,14.64774],[120.94929,14.64774]]],[[[120.9607,14.64775],[120.96061,14.64766],[120.96061,14.64775],[120.9607,14.64775]]],[[[120.94882,14.64774],[120.94873,14.64783],[120.94882,14.64783],[120.94882,14.64774]]],[[[120.94919,14.64783],[120.94901,14.64774],[120.94901,14.64783],[120.94919,14.64783]]],[[[120.94938,14.64747],[120.94984,14.64784],[120.94994,14.64748],[120.94938,14.64747]]],[[[120.96247,14.64786],[120.96238,14.64768],[120.96237,14.64786],[120.96247,14.64786]]],[[[120.95272,14.64777],[120.9544,14.64733],[120.95353,14.64615],[120.95272,14.64777]]],[[[120.95393,14.64778],[120.95384,14.64787],[120.95393,14.64787],[120.95393,14.64778]]],[[[120.96581,14.64789],[120.96572,14.64779],[120.96572,14.64789],[120.96581,14.64789]]],[[[120.96637,14.6478],[120.96609,14.64789],[120.96636,14.64789],[120.96637,14.6478]]],[[[120.94901,14.64792],[120.94882,14.64783],[120.94882,14.64792],[120.94901,14.64792]]],[[[120.96033,14.64775],[120.96042,14.64793],[120.96043,14.64775],[120.96033,14.64775]]],[[[120.9608,14.64793],[120.96089,14.64784],[120.9608,14.64784],[120.9608,14.64793]]],[[[120.96553,14.64797],[120.96544,14.64788],[120.96544,14.64797],[120.96553,14.64797]]],[[[120.96033,14.64802],[120.96024,14.64793],[120.96024,14.64802],[120.96033,14.64802]]],[[[120.96497,14.64788],[120.96516,14.64797],[120.96516,14.64788],[120.96497,14.64788]]],[[[120.96562,14.64807],[120.96571,14.64798],[120.96562,14.64797],[120.96562,14.64807]]],[[[120.96098,14.64793],[120.96089,14.64811],[120.96098,14.64811],[120.96098,14.64793]]],[[[120.96581,14.64807],[120.96571,14.64816],[120.96581,14.64816],[120.96581,14.64807]]],[[[120.9555,14.64816],[120.95541,14.64807],[120.95541,14.64816],[120.9555,14.64816]]],[[[120.95587,14.64816],[120.95578,14.64807],[120.95578,14.64816],[120.95587,14.64816]]],[[[120.9569,14.64817],[120.95685,14.64808],[120.95685,14.64817],[120.9569,14.64817]]],[[[120.95699,14.64826],[120.95708,14.64817],[120.95699,14.64817],[120.95699,14.64826]]],[[[120.95986,14.6482],[120.95959,14.64828],[120.95986,14.64829],[120.95986,14.6482]]],[[[120.95717,14.64826],[120.95708,14.64835],[120.95717,14.64835],[120.95717,14.64826]]],[[[120.95931,14.64846],[120.95921,14.64837],[120.95921,14.64846],[120.95931,14.64846]]],[[[120.9606,14.64856],[120.96051,14.64847],[120.96051,14.64856],[120.9606,14.64856]]],[[[120.95968,14.64865],[120.95958,14.64837],[120.95958,14.64864],[120.95968,14.64865]]],[[[120.95624,14.64889],[120.95633,14.6488],[120.95624,14.64884],[120.95624,14.64889]]],[[[120.95754,14.6489],[120.95745,14.64881],[120.95745,14.6489],[120.95754,14.6489]]],[[[120.95642,14.64889],[120.95633,14.64898],[120.95642,14.64898],[120.95642,14.64889]]],[[[120.95717,14.64899],[120.95707,14.64889],[120.95707,14.64898],[120.95717,14.64899]]],[[[120.95652,14.64898],[120.95642,14.64907],[120.95652,14.64907],[120.95652,14.64898]]],[[[120.949,14.64909],[120.94877,14.64905],[120.94877,14.64909],[120.949,14.64909]]],[[[120.94876,14.64959],[120.94853,14.64932],[120.94853,14.64959],[120.94876,14.64959]]],[[[120.9489,14.64954],[120.94899,14.64964],[120.94899,14.64955],[120.9489,14.64954]]],[[[120.95818,14.64972],[120.95827,14.64963],[120.95818,14.64963],[120.95818,14.64972]]],[[[120.9489,14.64973],[120.94881,14.64963],[120.94881,14.64972],[120.9489,14.64973]]],[[[120.95698,14.64907],[120.95632,14.64961],[120.95669,14.64979],[120.95698,14.64907]]],[[[120.95837,14.64972],[120.95827,14.64981],[120.95837,14.64981],[120.95837,14.64972]]],[[[120.95669,14.65007],[120.95651,14.64997],[120.95651,14.65006],[120.95669,14.65007]]],[[[120.95734,14.65016],[120.95725,14.65007],[120.95725,14.65016],[120.95734,14.65016]]],[[[120.95669,14.65025],[120.9566,14.65015],[120.9566,14.65025],[120.95669,14.65025]]],[[[120.95957,14.65036],[120.95947,14.65027],[120.95947,14.65036],[120.95957,14.65036]]],[[[120.95734,14.65043],[120.95725,14.65034],[120.95725,14.65043],[120.95734,14.65043]]],[[[120.94787,14.65039],[120.94796,14.65044],[120.94796,14.65035],[120.94787,14.65039]]],[[[120.95613,14.65051],[120.95632,14.64997],[120.95586,14.64979],[120.95567,14.65024],[120.95613,14.65051]]],[[[120.94787,14.65053],[120.94778,14.65044],[120.94778,14.65053],[120.94787,14.65053]]],[[[120.95836,14.65053],[120.95827,14.65044],[120.95827,14.65053],[120.95836,14.65053]]],[[[120.95864,14.65053],[120.95873,14.65063],[120.95873,14.65053],[120.95864,14.65053]]],[[[120.95882,14.65063],[120.95873,14.65072],[120.95882,14.65072],[120.95882,14.65063]]],[[[120.95938,14.65072],[120.95929,14.65063],[120.95928,14.65072],[120.95938,14.65072]]],[[[120.95863,14.65081],[120.95854,14.65062],[120.95854,14.6508],[120.95863,14.65081]]],[[[120.95882,14.65081],[120.95863,14.6509],[120.95882,14.6509],[120.95882,14.65081]]],[[[120.95576,14.65096],[120.95585,14.65087],[120.95576,14.65087],[120.95576,14.65096]]],[[[120.94805,14.65107],[120.94796,14.65098],[120.94796,14.65107],[120.94805,14.65107]]],[[[120.95603,14.65114],[120.95594,14.65078],[120.95585,14.65105],[120.95603,14.65114]]],[[[120.95928,14.65117],[120.95919,14.6509],[120.95919,14.65117],[120.95928,14.65117]]],[[[120.96077,14.65119],[120.96067,14.65109],[120.96067,14.65118],[120.96077,14.65119]]],[[[120.95641,14.65097],[120.95603,14.65123],[120.9564,14.65115],[120.95641,14.65097]]],[[[120.94749,14.6512],[120.94768,14.65089],[120.94759,14.65089],[120.94749,14.6512]]],[[[120.96002,14.65136],[120.95993,14.65127],[120.95993,14.65136],[120.96002,14.65136]]],[[[120.96058,14.65145],[120.96039,14.65136],[120.96039,14.65145],[120.96058,14.65145]]],[[[120.96076,14.65164],[120.96067,14.65155],[120.96067,14.65164],[120.96076,14.65164]]],[[[120.94795,14.65171],[120.94791,14.65175],[120.94804,14.65175],[120.94795,14.65171]]],[[[120.96085,14.65182],[120.96076,14.65173],[120.96076,14.65182],[120.96085,14.65182]]],[[[120.9577,14.65188],[120.95751,14.6517],[120.95751,14.65188],[120.9577,14.65188]]],[[[120.95946,14.6519],[120.95937,14.65181],[120.95937,14.6519],[120.95946,14.6519]]],[[[120.96215,14.65165],[120.96197,14.65192],[120.96224,14.65201],[120.96215,14.65165]]],[[[120.96243,14.65201],[120.96234,14.65192],[120.96234,14.65201],[120.96243,14.65201]]],[[[120.95899,14.65198],[120.95918,14.65208],[120.95918,14.65198],[120.95899,14.65198]]],[[[120.95806,14.65216],[120.95797,14.65206],[120.95797,14.65215],[120.95806,14.65216]]],[[[120.95899,14.65216],[120.9589,14.65207],[120.9589,14.65216],[120.95899,14.65216]]],[[[120.9615,14.65228],[120.96168,14.65219],[120.9615,14.65219],[120.9615,14.65228]]],[[[120.95862,14.65234],[120.95871,14.65225],[120.95862,14.65225],[120.95862,14.65234]]],[[[120.95881,14.65225],[120.9589,14.65234],[120.9589,14.65225],[120.95881,14.65225]]],[[[120.95964,14.65235],[120.95955,14.65217],[120.95955,14.65235],[120.95964,14.65235]]],[[[120.96178,14.65228],[120.96168,14.65237],[120.96178,14.65237],[120.96178,14.65228]]],[[[120.9588,14.65243],[120.95871,14.65234],[120.95871,14.65243],[120.9588,14.65243]]],[[[120.9615,14.65246],[120.9614,14.65237],[120.9614,14.65246],[120.9615,14.65246]]],[[[120.95156,14.65246],[120.95147,14.65237],[120.95147,14.65246],[120.95156,14.65246]]],[[[120.94823,14.65198],[120.94818,14.65234],[120.94873,14.65253],[120.94869,14.65225],[120.94823,14.65198]]],[[[120.95964,14.65262],[120.95973,14.65253],[120.95964,14.65253],[120.95964,14.65262]]],[[[120.95982,14.65262],[120.95973,14.65271],[120.95982,14.65271],[120.95982,14.65262]]],[[[120.95973,14.6528],[120.95964,14.65271],[120.95964,14.6528],[120.95973,14.6528]]],[[[120.95096,14.65273],[120.95129,14.65237],[120.95101,14.65236],[120.95096,14.65273]]],[[[120.95926,14.65289],[120.95917,14.6528],[120.95917,14.65289],[120.95926,14.65289]]],[[[120.95147,14.65291],[120.95128,14.65282],[120.95128,14.65291],[120.95147,14.65291]]],[[[120.95304,14.65302],[120.95323,14.65293],[120.95305,14.65292],[120.95304,14.65302]]],[[[120.96223,14.6531],[120.96214,14.653],[120.96214,14.6531],[120.96223,14.6531]]],[[[120.95072,14.65318],[120.9511,14.65291],[120.95068,14.6529],[120.95072,14.65318]]],[[[120.96205,14.65318],[120.96195,14.65309],[120.96195,14.65318],[120.96205,14.65318]]],[[[120.95351,14.65302],[120.9536,14.65329],[120.95388,14.65329],[120.95351,14.65302]]],[[[120.95397,14.65329],[120.95406,14.65339],[120.95406,14.6533],[120.95397,14.65329]]],[[[120.95907,14.65343],[120.95898,14.65334],[120.95898,14.65343],[120.95907,14.65343]]],[[[120.95397,14.65348],[120.95388,14.65338],[120.95388,14.65347],[120.95397,14.65348]]],[[[120.94933,14.65334],[120.94914,14.65339],[120.94933,14.65352],[120.94933,14.65334]]],[[[120.95026,14.65353],[120.95012,14.65312],[120.9497,14.65353],[120.95026,14.65353]]],[[[120.96149,14.65354],[120.96139,14.65345],[120.96139,14.65354],[120.96149,14.65354]]],[[[120.95406,14.65348],[120.95397,14.65357],[120.95406,14.65357],[120.95406,14.65348]]],[[[120.95425,14.65357],[120.95434,14.65348],[120.95425,14.65348],[120.95425,14.65357]]],[[[120.96204,14.65364],[120.96186,14.65354],[120.96186,14.65363],[120.96204,14.65364]]],[[[120.95443,14.65357],[120.95434,14.65366],[120.95443,14.65366],[120.95443,14.65357]]],[[[120.95712,14.65368],[120.95694,14.65359],[120.95694,14.65368],[120.95712,14.65368]]],[[[120.96241,14.65382],[120.96232,14.65373],[120.96232,14.65382],[120.96241,14.65382]]],[[[120.96297,14.65383],[120.96288,14.65373],[120.96288,14.65382],[120.96297,14.65383]]],[[[120.95443,14.65384],[120.95462,14.65375],[120.95443,14.65375],[120.95443,14.65384]]],[[[120.95703,14.65386],[120.95694,14.65377],[120.95694,14.65386],[120.95703,14.65386]]],[[[120.96055,14.65389],[120.96046,14.6538],[120.96046,14.65389],[120.96055,14.65389]]],[[[120.96176,14.65391],[120.96195,14.65382],[120.96176,14.65372],[120.96176,14.65391]]],[[[120.9548,14.65384],[120.95461,14.65393],[120.9548,14.65393],[120.9548,14.65384]]],[[[120.96037,14.65398],[120.96028,14.65389],[120.96028,14.65398],[120.96037,14.65398]]],[[[120.96074,14.65399],[120.96083,14.6539],[120.96074,14.6539],[120.96074,14.65399]]],[[[120.96204,14.65391],[120.96213,14.654],[120.96213,14.65382],[120.96204,14.65391]]],[[[120.95489,14.65403],[120.95499,14.65394],[120.95489,14.65394],[120.95489,14.65403]]],[[[120.96093,14.65399],[120.96083,14.65408],[120.96092,14.65408],[120.96093,14.65399]]],[[[120.96102,14.65399],[120.96111,14.65408],[120.96111,14.65399],[120.96102,14.65399]]],[[[120.9613,14.65408],[120.9612,14.65399],[120.9612,14.65408],[120.9613,14.65408]]],[[[120.96278,14.65409],[120.9626,14.654],[120.96259,14.65409],[120.96278,14.65409]]],[[[120.9548,14.65412],[120.95471,14.65402],[120.95471,14.65411],[120.9548,14.65412]]],[[[120.95508,14.65403],[120.95498,14.65412],[120.95508,14.65412],[120.95508,14.65403]]],[[[120.96009,14.65407],[120.96018,14.65416],[120.96018,14.65407],[120.96009,14.65407]]],[[[120.96102,14.65417],[120.96092,14.65408],[120.96092,14.65417],[120.96102,14.65417]]],[[[120.96241,14.65418],[120.96232,14.65409],[120.96232,14.65418],[120.96241,14.65418]]],[[[120.95526,14.65421],[120.95517,14.65412],[120.95517,14.65421],[120.95526,14.65421]]],[[[120.96148,14.65426],[120.96139,14.65417],[120.96139,14.65426],[120.96148,14.65426]]],[[[120.95545,14.6543],[120.95535,14.65421],[120.95535,14.6543],[120.95545,14.6543]]],[[[120.96315,14.65437],[120.96306,14.65428],[120.96306,14.65437],[120.96315,14.65437]]],[[[120.95795,14.65441],[120.95786,14.65432],[120.95786,14.65441],[120.95795,14.65441]]],[[[120.96027,14.65434],[120.95999,14.65452],[120.96027,14.65452],[120.96027,14.65434]]],[[[120.96213,14.65454],[120.96222,14.65445],[120.96213,14.65445],[120.96213,14.65454]]],[[[120.96231,14.65445],[120.96241,14.65454],[120.96241,14.65445],[120.96231,14.65445]]],[[[120.95832,14.6546],[120.95823,14.65442],[120.95823,14.6546],[120.95832,14.6546]]],[[[120.95999,14.65461],[120.9599,14.65452],[120.9599,14.65461],[120.95999,14.65461]]],[[[120.96231,14.65463],[120.96222,14.65454],[120.96222,14.65463],[120.96231,14.65463]]],[[[120.96036,14.65471],[120.96027,14.65461],[120.96027,14.65471],[120.96036,14.65471]]],[[[120.96175,14.65472],[120.96166,14.65463],[120.96166,14.65472],[120.96175,14.65472]]],[[[120.96417,14.65474],[120.96407,14.65465],[120.96407,14.65474],[120.96417,14.65474]]],[[[120.95544,14.65475],[120.95535,14.65466],[120.95535,14.65475],[120.95544,14.65475]]],[[[120.9612,14.6548],[120.9611,14.65471],[120.9611,14.6548],[120.9612,14.6548]]],[[[120.96277,14.65482],[120.96268,14.65473],[120.96268,14.65482],[120.96277,14.65482]]],[[[120.95823,14.65487],[120.95813,14.65469],[120.95813,14.65487],[120.95823,14.65487]]],[[[120.96027,14.65489],[120.96018,14.65479],[120.96017,14.65489],[120.96027,14.65489]]],[[[120.96203,14.6549],[120.96194,14.65481],[120.96194,14.6549],[120.96203,14.6549]]],[[[120.96305,14.65491],[120.96296,14.65482],[120.96296,14.65491],[120.96305,14.65491]]],[[[120.96008,14.65497],[120.9598,14.6547],[120.95971,14.65497],[120.96008,14.65497]]],[[[120.96064,14.65489],[120.96054,14.65498],[120.96064,14.65498],[120.96064,14.65489]]],[[[120.9624,14.655],[120.96231,14.65481],[120.96231,14.65499],[120.9624,14.655]]],[[[120.96259,14.655],[120.96268,14.65491],[120.96259,14.65491],[120.96259,14.655]]],[[[120.96036,14.65507],[120.96055,14.6548],[120.96036,14.6548],[120.96036,14.65507]]],[[[120.96092,14.65507],[120.96082,14.65498],[120.96082,14.65507],[120.96092,14.65507]]],[[[120.96277,14.655],[120.96268,14.65509],[120.96277,14.65509],[120.96277,14.655]]],[[[120.95887,14.65514],[120.95878,14.65505],[120.95878,14.65514],[120.95887,14.65514]]],[[[120.95906,14.65515],[120.95897,14.65506],[120.95897,14.65515],[120.95906,14.65515]]],[[[120.96221,14.65517],[120.96203,14.65508],[120.96203,14.65517],[120.96221,14.65517]]],[[[120.95924,14.65524],[120.95915,14.65515],[120.95915,14.65524],[120.95924,14.65524]]],[[[120.95952,14.65515],[120.95961,14.65524],[120.95961,14.65515],[120.95952,14.65515]]],[[[120.96128,14.65526],[120.96119,14.65517],[120.96119,14.65526],[120.96128,14.65526]]],[[[120.96268,14.65527],[120.9624,14.65509],[120.9624,14.65527],[120.96268,14.65527]]],[[[120.94755,14.65532],[120.94746,14.65523],[120.94745,14.65532],[120.94755,14.65532]]],[[[120.95952,14.65533],[120.95943,14.65524],[120.95943,14.65533],[120.95952,14.65533]]],[[[120.96026,14.65534],[120.96017,14.65525],[120.96017,14.65534],[120.96026,14.65534]]],[[[120.9611,14.65535],[120.96101,14.65525],[120.96101,14.65534],[120.9611,14.65535]]],[[[120.96138,14.65535],[120.96156,14.65526],[120.96138,14.65526],[120.96138,14.65535]]],[[[120.95655,14.6554],[120.9565,14.65535],[120.9565,14.6554],[120.95655,14.6554]]],[[[120.94708,14.6554],[120.94718,14.65531],[120.94708,14.65531],[120.94708,14.6554]]],[[[120.94931,14.65542],[120.94912,14.65533],[120.94912,14.65542],[120.94931,14.65542]]],[[[120.95989,14.65542],[120.9598,14.65524],[120.9598,14.65542],[120.95989,14.65542]]],[[[120.96045,14.65543],[120.96054,14.65534],[120.96045,14.65534],[120.96045,14.65543]]],[[[120.94745,14.65541],[120.94717,14.65549],[120.94745,14.6555],[120.94745,14.65541]]],[[[120.96073,14.65543],[120.96054,14.65552],[120.96073,14.65552],[120.96073,14.65543]]],[[[120.96091,14.65552],[120.96082,14.65543],[120.96082,14.65552],[120.96091,14.65552]]],[[[120.96166,14.65535],[120.96156,14.65553],[120.96165,14.65553],[120.96166,14.65535]]],[[[120.96258,14.65545],[120.96267,14.65554],[120.96268,14.65545],[120.96258,14.65545]]],[[[120.94931,14.6556],[120.94912,14.65551],[120.94912,14.6556],[120.94931,14.6556]]],[[[120.96258,14.65563],[120.96249,14.65554],[120.96249,14.65563],[120.96258,14.65563]]],[[[120.96527,14.65565],[120.96518,14.65556],[120.96518,14.65565],[120.96527,14.65565]]],[[[120.96156,14.65571],[120.96147,14.65562],[120.96147,14.65571],[120.96156,14.65571]]],[[[120.96249,14.65572],[120.9624,14.65563],[120.96239,14.65572],[120.96249,14.65572]]],[[[120.95683,14.65558],[120.95664,14.65576],[120.95682,14.65576],[120.95683,14.65558]]],[[[120.95812,14.65577],[120.95822,14.65568],[120.95812,14.65568],[120.95812,14.65577]]],[[[120.96323,14.65582],[120.96332,14.65573],[120.96323,14.65573],[120.96323,14.65582]]],[[[120.95552,14.65584],[120.95543,14.65575],[120.95543,14.65584],[120.95552,14.65584]]],[[[120.96648,14.65584],[120.96639,14.65575],[120.96638,14.65584],[120.96648,14.65584]]],[[[120.95831,14.65577],[120.95822,14.65586],[120.95831,14.65586],[120.95831,14.65577]]],[[[120.94931,14.65587],[120.94921,14.65578],[120.94921,14.65587],[120.94931,14.65587]]],[[[120.9584,14.65595],[120.95849,14.65605],[120.95849,14.65595],[120.9584,14.65595]]],[[[120.9636,14.65609],[120.96351,14.656],[120.9635,14.65609],[120.9636,14.65609]]],[[[120.94773,14.65613],[120.94754,14.65586],[120.94745,14.65604],[120.94773,14.65613]]],[[[120.9584,14.65613],[120.95831,14.65604],[120.95831,14.65613],[120.9584,14.65613]]],[[[120.96341,14.65582],[120.96332,14.65618],[120.96341,14.65618],[120.96341,14.65582]]],[[[120.9635,14.65618],[120.96341,14.65627],[120.9635,14.65627],[120.9635,14.65618]]],[[[120.9636,14.65627],[120.9635,14.65636],[120.96359,14.65636],[120.9636,14.65627]]],[[[120.9622,14.65644],[120.96211,14.65635],[120.96211,14.65644],[120.9622,14.65644]]],[[[120.9487,14.6565],[120.94865,14.65641],[120.94865,14.6565],[120.9487,14.6565]]],[[[120.95626,14.65657],[120.95621,14.65648],[120.95621,14.65657],[120.95626,14.65657]]],[[[120.94512,14.65674],[120.94535,14.65661],[120.94512,14.65662],[120.94512,14.65674]]],[[[120.94549,14.65661],[120.94568,14.65675],[120.94568,14.65656],[120.94549,14.65661]]],[[[120.95626,14.65675],[120.95635,14.65666],[120.95626,14.65666],[120.95626,14.65675]]],[[[120.94558,14.65684],[120.94549,14.65674],[120.94549,14.65683],[120.94558,14.65684]]],[[[120.9583,14.65686],[120.95811,14.65676],[120.95811,14.65686],[120.9583,14.65686]]],[[[120.95524,14.65692],[120.95514,14.65674],[120.95514,14.65692],[120.95524,14.65692]]],[[[120.95858,14.65695],[120.95849,14.65686],[120.95848,14.65695],[120.95858,14.65695]]],[[[120.95644,14.65675],[120.95635,14.65702],[120.95644,14.65702],[120.95644,14.65675]]],[[[120.95078,14.65706],[120.9506,14.65688],[120.95059,14.65706],[120.95078,14.65706]]],[[[120.96183,14.6568],[120.96201,14.65689],[120.96201,14.6568],[120.96183,14.6568]]],[[[120.95625,14.6572],[120.95621,14.65711],[120.95621,14.6572],[120.95625,14.6572]]],[[[120.95133,14.65725],[120.95152,14.65707],[120.95134,14.65698],[120.95133,14.65725]]],[[[120.95885,14.65731],[120.95876,14.65722],[120.95876,14.65731],[120.95885,14.65731]]],[[[120.96127,14.65715],[120.96108,14.65724],[120.96127,14.65733],[120.96127,14.65715]]],[[[120.94549,14.65738],[120.94539,14.65729],[120.94539,14.65738],[120.94549,14.65738]]],[[[120.95644,14.65738],[120.95635,14.65729],[120.95635,14.65738],[120.95644,14.65738]]],[[[120.95644,14.6572],[120.95662,14.65738],[120.95663,14.6572],[120.95644,14.6572]]],[[[120.96154,14.65743],[120.96145,14.65734],[120.96145,14.65743],[120.96154,14.65743]]],[[[120.95505,14.65746],[120.95495,14.65737],[120.95495,14.65746],[120.95505,14.65746]]],[[[120.94725,14.65748],[120.94716,14.65739],[120.94716,14.65748],[120.94725,14.65748]]],[[[120.95922,14.65759],[120.95913,14.6575],[120.95913,14.65759],[120.95922,14.65759]]],[[[120.95152,14.65761],[120.95133,14.65743],[120.95133,14.65761],[120.95152,14.65761]]],[[[120.95634,14.65765],[120.95644,14.65756],[120.95634,14.65756],[120.95634,14.65765]]],[[[120.94734,14.65766],[120.94725,14.65757],[120.94725,14.65766],[120.94734,14.65766]]],[[[120.9505,14.65769],[120.9504,14.6576],[120.9504,14.65769],[120.9505,14.65769]]],[[[120.95402,14.65772],[120.95393,14.65763],[120.95393,14.65772],[120.95402,14.65772]]],[[[120.95458,14.65773],[120.95476,14.65782],[120.95476,14.65773],[120.95458,14.65773]]],[[[120.95495,14.65782],[120.95486,14.65773],[120.95486,14.65782],[120.95495,14.65782]]],[[[120.95671,14.65766],[120.95644,14.65774],[120.95671,14.65784],[120.95671,14.65766]]],[[[120.94595,14.65774],[120.94576,14.65783],[120.94594,14.65792],[120.94595,14.65774]]],[[[120.95356,14.65799],[120.95346,14.65781],[120.95346,14.65799],[120.95356,14.65799]]],[[[120.95458,14.658],[120.95449,14.65782],[120.95448,14.658],[120.95458,14.658]]],[[[120.95035,14.65801],[120.95008,14.65773],[120.95007,14.658],[120.95035,14.65801]]],[[[120.95653,14.65802],[120.95643,14.65792],[120.95643,14.65802],[120.95653,14.65802]]],[[[120.95718,14.65802],[120.95708,14.65793],[120.95708,14.65802],[120.95718,14.65802]]],[[[120.95068,14.65805],[120.95059,14.65787],[120.95058,14.65805],[120.95068,14.65805]]],[[[120.95467,14.658],[120.95458,14.65809],[120.95467,14.65809],[120.95467,14.658]]],[[[120.94757,14.6583],[120.94827,14.65785],[120.94781,14.65749],[120.94757,14.6583]]],[[[120.95327,14.65844],[120.95318,14.65835],[120.95318,14.65844],[120.95327,14.65844]]],[[[120.95383,14.65844],[120.95355,14.65808],[120.95346,14.65826],[120.95383,14.65844]]],[[[120.95411,14.65854],[120.95402,14.65845],[120.95401,14.65854],[120.95411,14.65854]]],[[[120.95606,14.6586],[120.95592,14.65833],[120.95592,14.6586],[120.95606,14.6586]]],[[[120.96163,14.6586],[120.96153,14.65842],[120.96153,14.6586],[120.96163,14.6586]]],[[[120.95429,14.65863],[120.9542,14.65854],[120.9542,14.65863],[120.95429,14.65863]]],[[[120.95021,14.6585],[120.95039,14.65859],[120.95039,14.6585],[120.95021,14.6585]]],[[[120.9439,14.65872],[120.94399,14.65854],[120.94381,14.65836],[120.94399,14.65827],[120.944,14.65782],[120.94367,14.65817],[120.9439,14.65872]]],[[[120.9439,14.65872],[120.94367,14.65849],[120.94339,14.65853],[120.94338,14.65876],[120.9439,14.65872]]],[[[120.95513,14.65882],[120.95475,14.6589],[120.95512,14.65891],[120.95513,14.65882]]],[[[120.94584,14.65892],[120.94594,14.65883],[120.94584,14.65883],[120.94584,14.65892]]],[[[120.95624,14.65892],[120.95619,14.65883],[120.95619,14.65892],[120.95624,14.65892]]],[[[120.95643,14.65874],[120.95652,14.65892],[120.95652,14.65874],[120.95643,14.65874]]],[[[120.94742,14.65893],[120.94733,14.65884],[120.94733,14.65893],[120.94742,14.65893]]],[[[120.94612,14.65892],[120.94593,14.65901],[120.94612,14.65901],[120.94612,14.65892]]],[[[120.95642,14.65901],[120.95633,14.65892],[120.95633,14.65901],[120.95642,14.65901]]],[[[120.95744,14.65902],[120.95735,14.65893],[120.95735,14.65902],[120.95744,14.65902]]],[[[120.958,14.65902],[120.95791,14.65893],[120.95791,14.65902],[120.958,14.65902]]],[[[120.9503,14.65905],[120.95021,14.65886],[120.9502,14.65904],[120.9503,14.65905]]],[[[120.95512,14.65909],[120.95503,14.659],[120.95503,14.65909],[120.95512,14.65909]]],[[[120.95624,14.6591],[120.95619,14.65901],[120.95619,14.6591],[120.95624,14.6591]]],[[[120.95243,14.65897],[120.95252,14.65916],[120.95262,14.65898],[120.95243,14.65897]]],[[[120.94547,14.65918],[120.94556,14.65909],[120.94547,14.65909],[120.94547,14.65918]]],[[[120.95726,14.6592],[120.95717,14.65911],[120.95716,14.6592],[120.95726,14.6592]]],[[[120.96125,14.65923],[120.96116,14.65914],[120.96116,14.65923],[120.96125,14.65923]]],[[[120.95243,14.65924],[120.95234,14.65915],[120.95234,14.65924],[120.95243,14.65924]]],[[[120.94565,14.65919],[120.94556,14.65927],[120.94565,14.65928],[120.94565,14.65919]]],[[[120.94528,14.65936],[120.94538,14.65927],[120.94528,14.65927],[120.94528,14.65936]]],[[[120.95967,14.6594],[120.95958,14.65931],[120.95958,14.6594],[120.95967,14.6594]]],[[[120.96088,14.65941],[120.96078,14.65932],[120.96078,14.65941],[120.96088,14.65941]]],[[[120.94343,14.65935],[120.94338,14.65926],[120.94338,14.65944],[120.94343,14.65935]]],[[[120.94417,14.65944],[120.94408,14.65935],[120.94407,14.65944],[120.94417,14.65944]]],[[[120.94593,14.65937],[120.94602,14.65946],[120.94602,14.65937],[120.94593,14.65937]]],[[[120.95772,14.65947],[120.95763,14.65929],[120.95763,14.65947],[120.95772,14.65947]]],[[[120.95781,14.65947],[120.95791,14.65938],[120.95781,14.65938],[120.95781,14.65947]]],[[[120.9605,14.6595],[120.96041,14.65941],[120.96041,14.6595],[120.9605,14.6595]]],[[[120.94547,14.65954],[120.94575,14.65928],[120.94537,14.65936],[120.94547,14.65954]]],[[[120.94593,14.65955],[120.94584,14.65946],[120.94584,14.65955],[120.94593,14.65955]]],[[[120.958,14.65947],[120.9579,14.65956],[120.958,14.65956],[120.958,14.65947]]],[[[120.94398,14.65953],[120.94407,14.65962],[120.94407,14.65953],[120.94398,14.65953]]],[[[120.9463,14.65964],[120.94612,14.65946],[120.94602,14.65964],[120.9463,14.65964]]],[[[120.95772,14.65965],[120.95781,14.65956],[120.95772,14.65956],[120.95772,14.65965]]],[[[120.95827,14.65966],[120.95809,14.65957],[120.95809,14.65966],[120.95827,14.65966]]],[[[120.94379,14.65971],[120.9437,14.65935],[120.94352,14.65935],[120.94379,14.65971]]],[[[120.95623,14.65964],[120.95642,14.65973],[120.95642,14.65964],[120.95623,14.65964]]],[[[120.9566,14.65973],[120.95651,14.65964],[120.95651,14.65973],[120.9566,14.65973]]],[[[120.94723,14.65974],[120.94714,14.65947],[120.94713,14.65974],[120.94723,14.65974]]],[[[120.9579,14.65965],[120.95781,14.65974],[120.9579,14.65974],[120.9579,14.65965]]],[[[120.94426,14.65971],[120.94407,14.6598],[120.94426,14.65981],[120.94426,14.65971]]],[[[120.95623,14.65982],[120.95618,14.65973],[120.95618,14.65982],[120.95623,14.65982]]],[[[120.94751,14.65983],[120.94788,14.65966],[120.94826,14.65903],[120.94756,14.65884],[120.94751,14.65983]]],[[[120.95066,14.65986],[120.95057,14.65977],[120.95057,14.65986],[120.95066,14.65986]]],[[[120.95799,14.65993],[120.9579,14.65984],[120.9579,14.65993],[120.95799,14.65993]]],[[[120.94388,14.65998],[120.94416,14.65989],[120.94388,14.65989],[120.94388,14.65998]]],[[[120.95614,14.66],[120.95632,14.65991],[120.95614,14.65996],[120.95614,14.66]]],[[[120.96013,14.66004],[120.96003,14.65994],[120.96003,14.66003],[120.96013,14.66004]]],[[[120.96152,14.66005],[120.96143,14.65996],[120.96143,14.66005],[120.96152,14.66005]]],[[[120.95641,14.66],[120.95632,14.66009],[120.95641,14.66009],[120.95641,14.66]]],[[[120.94648,14.6601],[120.9463,14.66],[120.9463,14.66009],[120.94648,14.6601]]],[[[120.94425,14.66017],[120.94416,14.66008],[120.94407,14.66017],[120.94425,14.66017]]],[[[120.95948,14.66012],[120.95957,14.66021],[120.95957,14.66012],[120.95948,14.66012]]],[[[120.95177,14.66023],[120.95168,14.66014],[120.95168,14.66023],[120.95177,14.66023]]],[[[120.94574,14.66027],[120.94565,14.66018],[120.94564,14.66027],[120.94574,14.66027]]],[[[120.95947,14.6603],[120.95938,14.66021],[120.95938,14.6603],[120.95947,14.6603]]],[[[120.96031,14.66031],[120.96022,14.66022],[120.96022,14.66031],[120.96031,14.66031]]],[[[120.95752,14.66037],[120.95743,14.66028],[120.95743,14.66037],[120.95752,14.66037]]],[[[120.94954,14.66039],[120.9495,14.66021],[120.9495,14.66039],[120.94954,14.66039]]],[[[120.94546,14.66045],[120.94537,14.66036],[120.94536,14.66045],[120.94546,14.66045]]],[[[120.94592,14.66045],[120.94583,14.66036],[120.94583,14.66045],[120.94592,14.66045]]],[[[120.9591,14.66048],[120.95892,14.66039],[120.95892,14.66048],[120.9591,14.66048]]],[[[120.94573,14.66063],[120.94564,14.66054],[120.94564,14.66063],[120.94573,14.66063]]],[[[120.94601,14.66045],[120.9462,14.66064],[120.9462,14.66046],[120.94601,14.66045]]],[[[120.95919,14.66057],[120.95929,14.66066],[120.95929,14.66057],[120.95919,14.66057]]],[[[120.9461,14.66073],[120.94583,14.66063],[120.94583,14.66072],[120.9461,14.66073]]],[[[120.95919,14.66075],[120.9591,14.66066],[120.9591,14.66075],[120.95919,14.66075]]],[[[120.96021,14.66076],[120.96012,14.66067],[120.96012,14.66076],[120.96021,14.66076]]],[[[120.95845,14.66092],[120.95836,14.66083],[120.95835,14.66092],[120.95845,14.66092]]],[[[120.9513,14.66095],[120.95149,14.66086],[120.9513,14.66086],[120.9513,14.66095]]],[[[120.94694,14.661],[120.9475,14.66056],[120.94685,14.66064],[120.94694,14.661]]],[[[120.95808,14.66101],[120.95798,14.66083],[120.95798,14.66101],[120.95808,14.66101]]],[[[120.96002,14.66103],[120.95993,14.66094],[120.95993,14.66103],[120.96002,14.66103]]],[[[120.95158,14.66095],[120.95149,14.66104],[120.95158,14.66104],[120.95158,14.66095]]],[[[120.94545,14.66108],[120.94573,14.6609],[120.94545,14.6609],[120.94545,14.66108]]],[[[120.95845,14.66111],[120.95835,14.66101],[120.95835,14.6611],[120.95845,14.66111]]],[[[120.95882,14.6612],[120.95873,14.66102],[120.95872,14.6612],[120.95882,14.6612]]],[[[120.95158,14.66132],[120.95139,14.66122],[120.95139,14.66131],[120.95158,14.66132]]],[[[120.94977,14.66112],[120.94953,14.6613],[120.94976,14.66139],[120.94977,14.66112]]],[[[120.9499,14.66139],[120.94981,14.6613],[120.94981,14.66139],[120.9499,14.66139]]],[[[120.95027,14.66158],[120.95018,14.66139],[120.95009,14.66157],[120.95027,14.66158]]],[[[120.95612,14.66163],[120.95603,14.66154],[120.95603,14.66163],[120.95612,14.66163]]],[[[120.95993,14.66166],[120.95983,14.66157],[120.95983,14.66166],[120.95993,14.66166]]],[[[120.95565,14.6618],[120.95561,14.66171],[120.95561,14.6618],[120.95565,14.6618]]],[[[120.95695,14.66181],[120.95686,14.66172],[120.95686,14.66181],[120.95695,14.66181]]],[[[120.9589,14.66183],[120.95881,14.66165],[120.95881,14.66183],[120.9589,14.66183]]],[[[120.93922,14.66193],[120.93918,14.66187],[120.93918,14.66193],[120.93922,14.66193]]],[[[120.9512,14.66176],[120.95138,14.66186],[120.95139,14.66177],[120.9512,14.66176]]],[[[120.95575,14.66189],[120.95561,14.66198],[120.95575,14.66199],[120.95575,14.66189]]],[[[120.95398,14.66188],[120.9538,14.66197],[120.95398,14.66206],[120.95398,14.66188]]],[[[120.95584,14.66208],[120.95593,14.66199],[120.95584,14.66199],[120.95584,14.66208]]],[[[120.95361,14.66206],[120.95333,14.66214],[120.95361,14.66215],[120.95361,14.66206]]],[[[120.95602,14.66208],[120.95593,14.66217],[120.95602,14.66217],[120.95602,14.66208]]],[[[120.94925,14.6622],[120.9492,14.66206],[120.9492,14.6622],[120.94925,14.6622]]],[[[120.95194,14.66213],[120.95212,14.66222],[120.95213,14.66204],[120.95194,14.66213]]],[[[120.9537,14.66224],[120.9538,14.66215],[120.9537,14.66215],[120.9537,14.66224]]],[[[120.95389,14.66215],[120.95407,14.66224],[120.95407,14.66215],[120.95389,14.66215]]],[[[120.93913,14.66224],[120.93908,14.66224],[120.93913,14.66229],[120.93913,14.66224]]],[[[120.95194,14.66231],[120.95185,14.66222],[120.95184,14.66231],[120.95194,14.66231]]],[[[120.95222,14.66223],[120.95212,14.66231],[120.95222,14.66232],[120.95222,14.66223]]],[[[120.94358,14.66233],[120.94349,14.66224],[120.94349,14.66233],[120.94358,14.66233]]],[[[120.95389,14.66233],[120.95379,14.66224],[120.95379,14.66233],[120.95389,14.66233]]],[[[120.95584,14.66235],[120.95574,14.66226],[120.95574,14.66235],[120.95584,14.66235]]],[[[120.94924,14.66238],[120.9492,14.66229],[120.9492,14.66238],[120.94924,14.66238]]],[[[120.95008,14.66239],[120.94999,14.6623],[120.94999,14.66239],[120.95008,14.66239]]],[[[120.94656,14.66208],[120.94693,14.66227],[120.94693,14.662],[120.94656,14.66208]]],[[[120.9395,14.66233],[120.93945,14.66247],[120.9395,14.66247],[120.9395,14.66233]]],[[[120.95212,14.6625],[120.95203,14.6624],[120.95203,14.66249],[120.95212,14.6625]]],[[[120.93875,14.66245],[120.93862,14.66251],[120.93885,14.66251],[120.93875,14.66245]]],[[[120.95407,14.6626],[120.95398,14.66251],[120.95398,14.6626],[120.95407,14.6626]]],[[[120.94497,14.66252],[120.94507,14.66261],[120.94507,14.66252],[120.94497,14.66252]]],[[[120.93931,14.66265],[120.93959,14.66257],[120.93931,14.66256],[120.93931,14.66265]]],[[[120.95333,14.66269],[120.95323,14.6626],[120.95323,14.66269],[120.95333,14.66269]]],[[[120.94497,14.6627],[120.94488,14.66261],[120.94488,14.6627],[120.94497,14.6627]]],[[[120.95583,14.66271],[120.95621,14.66235],[120.95565,14.66244],[120.95583,14.66271]]],[[[120.93968,14.66266],[120.93959,14.66275],[120.93968,14.66275],[120.93968,14.66266]]],[[[120.95342,14.66278],[120.9536,14.66269],[120.95342,14.66269],[120.95342,14.66278]]],[[[120.95388,14.66269],[120.95398,14.66278],[120.95398,14.66269],[120.95388,14.66269]]],[[[120.93977,14.66275],[120.93968,14.66284],[120.93977,14.66284],[120.93977,14.66275]]],[[[120.93987,14.66284],[120.93977,14.66293],[120.93986,14.66293],[120.93987,14.66284]]],[[[120.94107,14.66285],[120.94098,14.66294],[120.94107,14.66294],[120.94107,14.66285]]],[[[120.94645,14.66299],[120.94627,14.6629],[120.94627,14.66299],[120.94645,14.66299]]],[[[120.94283,14.66305],[120.94274,14.66295],[120.94274,14.66305],[120.94283,14.66305]]],[[[120.94014,14.66311],[120.94005,14.66302],[120.94005,14.66311],[120.94014,14.66311]]],[[[120.94098,14.66303],[120.94107,14.66312],[120.94107,14.66303],[120.94098,14.66303]]],[[[120.94265,14.66313],[120.94256,14.66295],[120.94255,14.66313],[120.94265,14.66313]]],[[[120.94079,14.66285],[120.94061,14.66266],[120.9407,14.66321],[120.94079,14.66285]]],[[[120.94098,14.66321],[120.94088,14.66312],[120.94088,14.66321],[120.94098,14.66321]]],[[[120.95351,14.66323],[120.95341,14.66314],[120.95341,14.66323],[120.95351,14.66323]]],[[[120.95379,14.66305],[120.95388,14.66278],[120.9537,14.66269],[120.95351,14.66314],[120.95379,14.66305]]],[[[120.94599,14.66325],[120.9459,14.66307],[120.9458,14.66325],[120.94599,14.66325]]],[[[120.94014,14.66329],[120.94005,14.6632],[120.94005,14.66329],[120.94014,14.66329]]],[[[120.95341,14.66332],[120.95332,14.66323],[120.95332,14.66332],[120.95341,14.66332]]],[[[120.94571,14.66343],[120.94562,14.66334],[120.94562,14.66343],[120.94571,14.66343]]],[[[120.9407,14.66348],[120.94051,14.66339],[120.94051,14.66348],[120.9407,14.66348]]],[[[120.94599,14.66353],[120.94589,14.66343],[120.94589,14.66352],[120.94599,14.66353]]],[[[120.94561,14.66352],[120.94571,14.66361],[120.94571,14.66352],[120.94561,14.66352]]],[[[120.94051,14.66366],[120.9406,14.66357],[120.94051,14.66357],[120.94051,14.66366]]],[[[120.94431,14.66369],[120.94441,14.6636],[120.94431,14.6636],[120.94431,14.66369]]],[[[120.94079,14.66366],[120.94088,14.66375],[120.94088,14.66357],[120.94079,14.66366]]],[[[120.94227,14.66367],[120.94255,14.66368],[120.94255,14.6635],[120.94227,14.66367]]],[[[120.9445,14.66369],[120.94441,14.66378],[120.9445,14.66378],[120.9445,14.66369]]],[[[120.94561,14.66379],[120.94534,14.66343],[120.94524,14.6637],[120.94561,14.66379]]],[[[120.93967,14.66374],[120.93976,14.66383],[120.93976,14.66374],[120.93967,14.66374]]],[[[120.94032,14.66393],[120.94041,14.66384],[120.94032,14.66384],[120.94032,14.66393]]],[[[120.94413,14.66396],[120.94413,14.66351],[120.94376,14.66378],[120.94413,14.66396]]],[[[120.95452,14.66396],[120.95448,14.66387],[120.95447,14.66396],[120.95452,14.66396]]],[[[120.94477,14.66397],[120.94487,14.66388],[120.94478,14.66388],[120.94477,14.66397]]],[[[120.95499,14.66397],[120.95517,14.66388],[120.95499,14.66388],[120.95499,14.66397]]],[[[120.94552,14.66388],[120.94561,14.66397],[120.94561,14.66388],[120.94552,14.66388]]],[[[120.93958,14.66401],[120.93949,14.66374],[120.93921,14.66392],[120.93958,14.66401]]],[[[120.93995,14.66401],[120.93986,14.66383],[120.93985,14.66401],[120.93995,14.66401]]],[[[120.9406,14.66393],[120.94041,14.66402],[120.9406,14.66402],[120.9406,14.66393]]],[[[120.94431,14.66405],[120.9444,14.66396],[120.94431,14.66396],[120.94431,14.66405]]],[[[120.94069,14.66402],[120.9406,14.66411],[120.94069,14.66411],[120.94069,14.66402]]],[[[120.95322,14.66404],[120.95331,14.66413],[120.95331,14.66404],[120.95322,14.66404]]],[[[120.94394,14.66414],[120.94403,14.66405],[120.94394,14.66405],[120.94394,14.66414]]],[[[120.95573,14.66406],[120.95554,14.66415],[120.95573,14.66415],[120.95573,14.66406]]],[[[120.94004,14.6642],[120.94013,14.66411],[120.94004,14.66411],[120.94004,14.6642]]],[[[120.95303,14.66422],[120.95313,14.66413],[120.95304,14.66377],[120.95303,14.66422]]],[[[120.9444,14.66414],[120.94459,14.66406],[120.9445,14.66378],[120.9444,14.66414]]],[[[120.95535,14.66424],[120.95554,14.66397],[120.95517,14.66397],[120.95535,14.66424]]],[[[120.94524,14.66424],[120.94514,14.66415],[120.94514,14.66424],[120.94524,14.66424]]],[[[120.94032,14.6642],[120.94013,14.66429],[120.94032,14.66429],[120.94032,14.6642]]],[[[120.94422,14.66414],[120.94412,14.66432],[120.94421,14.66432],[120.94422,14.66414]]],[[[120.9405,14.66429],[120.94032,14.66438],[120.9405,14.66438],[120.9405,14.66429]]],[[[120.94031,14.66447],[120.94022,14.66438],[120.94022,14.66447],[120.94031,14.66447]]],[[[120.95535,14.66451],[120.95545,14.66433],[120.95535,14.66433],[120.95535,14.66451]]],[[[120.94143,14.66457],[120.94161,14.66448],[120.94143,14.66448],[120.94143,14.66457]]],[[[120.95554,14.66451],[120.95544,14.6646],[120.95554,14.6646],[120.95554,14.66451]]],[[[120.9392,14.66464],[120.93915,14.66455],[120.93915,14.66464],[120.9392,14.66464]]],[[[120.94171,14.66457],[120.94161,14.66466],[120.94171,14.66466],[120.94171,14.66457]]],[[[120.93948,14.66473],[120.93938,14.66464],[120.93938,14.66473],[120.93948,14.66473]]],[[[120.93994,14.66474],[120.93985,14.66465],[120.93985,14.66474],[120.93994,14.66474]]],[[[120.94096,14.66475],[120.94134,14.66448],[120.94106,14.66448],[120.94096,14.66475]]],[[[120.94124,14.66466],[120.94115,14.66457],[120.94124,14.66457],[120.94124,14.66466]]],[[[120.94551,14.66433],[120.9469,14.66475],[120.9471,14.66399],[120.94682,14.66344],[120.94613,14.66344],[120.94635,14.66434],[120.9457,14.66397],[120.94477,14.66406],[120.94551,14.66433]]],[[[120.94143,14.66475],[120.94133,14.66484],[120.94143,14.66484],[120.94143,14.66475]]],[[[120.94356,14.66486],[120.94365,14.66468],[120.94338,14.66468],[120.94356,14.66486]]],[[[120.9553,14.66456],[120.95424,14.66459],[120.95535,14.66487],[120.9553,14.66456]]],[[[120.94523,14.66487],[120.94505,14.66469],[120.94495,14.66487],[120.94523,14.66487]]],[[[120.94959,14.66491],[120.9495,14.66482],[120.9495,14.66491],[120.94959,14.66491]]],[[[120.94087,14.66484],[120.94077,14.66493],[120.94105,14.66493],[120.94087,14.66484]]],[[[120.94384,14.66486],[120.94374,14.66495],[120.94384,14.66495],[120.94384,14.66486]]],[[[120.943,14.66513],[120.94282,14.66503],[120.94281,14.66512],[120.943,14.66513]]],[[[120.94411,14.66514],[120.9443,14.66505],[120.94411,14.66505],[120.94411,14.66514]]],[[[120.95395,14.66522],[120.95391,14.66513],[120.95391,14.66522],[120.95395,14.66522]]],[[[120.94439,14.66514],[120.9443,14.66523],[120.94439,14.66523],[120.94439,14.66514]]],[[[120.94421,14.66532],[120.94411,14.66523],[120.94411,14.66532],[120.94421,14.66532]]],[[[120.95609,14.66533],[120.956,14.66515],[120.9559,14.66533],[120.95609,14.66533]]],[[[120.94611,14.66533],[120.94606,14.66515],[120.94606,14.66533],[120.94611,14.66533]]],[[[120.94476,14.66523],[120.94458,14.66541],[120.94476,14.66532],[120.94476,14.66523]]],[[[120.94253,14.66548],[120.94263,14.66521],[120.94254,14.66521],[120.94253,14.66548]]],[[[120.94318,14.66549],[120.94309,14.6654],[120.94309,14.66549],[120.94318,14.66549]]],[[[120.93947,14.66555],[120.93938,14.66546],[120.93938,14.66555],[120.93947,14.66555]]],[[[120.94225,14.66557],[120.94216,14.66548],[120.94216,14.66557],[120.94225,14.66557]]],[[[120.94272,14.66548],[120.94262,14.66557],[120.94272,14.66558],[120.94272,14.66548]]],[[[120.94912,14.66563],[120.94903,14.66554],[120.94903,14.66563],[120.94912,14.66563]]],[[[120.94541,14.66569],[120.94532,14.66551],[120.94532,14.66569],[120.94541,14.66569]]],[[[120.94931,14.66572],[120.94921,14.66563],[120.94921,14.66572],[120.94931,14.66572]]],[[[120.9416,14.66575],[120.94151,14.66565],[120.94151,14.66575],[120.9416,14.66575]]],[[[120.94281,14.66558],[120.94299,14.66576],[120.943,14.66558],[120.94281,14.66558]]],[[[120.94838,14.66581],[120.94819,14.66562],[120.94819,14.6658],[120.94838,14.66581]]],[[[120.94309,14.66576],[120.94299,14.66585],[120.94309,14.66585],[120.94309,14.66576]]],[[[120.94392,14.66586],[120.94383,14.66577],[120.94383,14.66586],[120.94392,14.66586]]],[[[120.96054,14.66591],[120.96063,14.66582],[120.96054,14.66582],[120.96054,14.66591]]],[[[120.9429,14.66594],[120.94281,14.66576],[120.94281,14.66594],[120.9429,14.66594]]],[[[120.94318,14.66585],[120.94309,14.66594],[120.94318,14.66594],[120.94318,14.66585]]],[[[120.95367,14.66594],[120.95386,14.66563],[120.95367,14.66563],[120.95367,14.66594]]],[[[120.94917,14.66586],[120.94884,14.66599],[120.94916,14.66599],[120.94917,14.66586]]],[[[120.93946,14.66609],[120.93928,14.666],[120.93928,14.66609],[120.93946,14.66609]]],[[[120.96072,14.66591],[120.96063,14.66609],[120.96072,14.6661],[120.96072,14.66591]]],[[[120.961,14.66601],[120.96109,14.6661],[120.96109,14.66601],[120.961,14.66601]]],[[[120.95246,14.66611],[120.95237,14.66602],[120.95237,14.66611],[120.95246,14.66611]]],[[[120.94401,14.66613],[120.94392,14.66604],[120.94392,14.66613],[120.94401,14.66613]]],[[[120.93965,14.66618],[120.93993,14.666],[120.93965,14.66591],[120.93965,14.66618]]],[[[120.94021,14.66619],[120.94002,14.66609],[120.94002,14.66618],[120.94021,14.66619]]],[[[120.961,14.66619],[120.96091,14.6661],[120.96091,14.66619],[120.961,14.66619]]],[[[120.9429,14.66603],[120.94318,14.66621],[120.94318,14.66603],[120.9429,14.66603]]],[[[120.95366,14.66621],[120.95362,14.66612],[120.95362,14.66621],[120.95366,14.66621]]],[[[120.95803,14.66625],[120.95794,14.66616],[120.95793,14.66625],[120.95803,14.66625]]],[[[120.95849,14.66626],[120.9584,14.66617],[120.9584,14.66626],[120.95849,14.66626]]],[[[120.95246,14.6662],[120.95255,14.66629],[120.95255,14.6662],[120.95246,14.6662]]],[[[120.94308,14.6663],[120.94299,14.66621],[120.94299,14.6663],[120.94308,14.6663]]],[[[120.94327,14.66621],[120.94317,14.6663],[120.94327,14.6663],[120.94327,14.66621]]],[[[120.94355,14.66631],[120.94364,14.66613],[120.94355,14.66612],[120.94355,14.66631]]],[[[120.96165,14.66619],[120.96146,14.66628],[120.96165,14.66637],[120.96165,14.66619]]],[[[120.96183,14.66638],[120.96174,14.66583],[120.96174,14.66638],[120.96183,14.66638]]],[[[120.94373,14.66631],[120.94364,14.6664],[120.94373,14.6664],[120.94373,14.66631]]],[[[120.94819,14.66644],[120.948,14.66634],[120.948,14.66644],[120.94819,14.66644]]],[[[120.94392,14.66649],[120.94382,14.6664],[120.94382,14.66649],[120.94392,14.66649]]],[[[120.94401,14.66631],[120.94429,14.6664],[120.9442,14.66613],[120.94401,14.66631]]],[[[120.94094,14.66655],[120.94085,14.66646],[120.94085,14.66655],[120.94094,14.66655]]],[[[120.94113,14.66655],[120.94104,14.66637],[120.94104,14.66655],[120.94113,14.66655]]],[[[120.95245,14.66656],[120.95236,14.66629],[120.95236,14.66656],[120.95245,14.66656]]],[[[120.9441,14.66658],[120.94401,14.66649],[120.94401,14.66658],[120.9441,14.66658]]],[[[120.94429,14.66649],[120.94419,14.66658],[120.94429,14.66658],[120.94429,14.66649]]],[[[120.94447,14.66658],[120.94438,14.6664],[120.94438,14.66658],[120.94447,14.66658]]],[[[120.94753,14.66661],[120.94749,14.66643],[120.94749,14.66661],[120.94753,14.66661]]],[[[120.93862,14.66662],[120.93853,14.66644],[120.93853,14.66662],[120.93862,14.66662]]],[[[120.94605,14.66664],[120.94586,14.66651],[120.94586,14.66664],[120.94605,14.66664]]],[[[120.96192,14.66665],[120.96183,14.66656],[120.96183,14.66665],[120.96192,14.66665]]],[[[120.94187,14.66674],[120.94178,14.66656],[120.94178,14.66674],[120.94187,14.66674]]],[[[120.9428,14.66675],[120.94308,14.66657],[120.9428,14.66657],[120.9428,14.66675]]],[[[120.94336,14.66676],[120.94326,14.66666],[120.94326,14.66675],[120.94336,14.66676]]],[[[120.94168,14.66683],[120.94159,14.66674],[120.94159,14.66683],[120.94168,14.66683]]],[[[120.94317,14.66684],[120.94308,14.66675],[120.94308,14.66684],[120.94317,14.66684]]],[[[120.94721,14.66688],[120.94744,14.66666],[120.94721,14.66665],[120.94721,14.66688]]],[[[120.95784,14.66688],[120.95774,14.66679],[120.95774,14.66688],[120.95784,14.66688]]],[[[120.94772,14.66688],[120.94763,14.66679],[120.94763,14.66688],[120.94772,14.66688]]],[[[120.94809,14.66689],[120.94791,14.66671],[120.9479,14.66689],[120.94809,14.66689]]],[[[120.94582,14.66669],[120.94558,14.66687],[120.94581,14.66691],[120.94582,14.66669]]],[[[120.94233,14.66693],[120.94224,14.66675],[120.94224,14.66693],[120.94233,14.66693]]],[[[120.94261,14.66693],[120.94252,14.66684],[120.94252,14.66693],[120.94261,14.66693]]],[[[120.94531,14.66677],[120.94503,14.66686],[120.9453,14.66695],[120.94531,14.66677]]],[[[120.9608,14.667],[120.96062,14.66682],[120.96062,14.667],[120.9608,14.667]]],[[[120.94317,14.66702],[120.94308,14.66693],[120.94308,14.66702],[120.94317,14.66702]]],[[[120.94716,14.66706],[120.94707,14.66697],[120.94707,14.66706],[120.94716,14.66706]]],[[[120.96201,14.6671],[120.96192,14.66683],[120.96192,14.6671],[120.96201,14.6671]]],[[[120.95264,14.66711],[120.95254,14.66702],[120.95254,14.66711],[120.95264,14.66711]]],[[[120.94372,14.66712],[120.94354,14.66694],[120.94354,14.66712],[120.94372,14.66712]]],[[[120.93843,14.66716],[120.93825,14.66707],[120.93825,14.66716],[120.93843,14.66716]]],[[[120.9595,14.66717],[120.95941,14.66708],[120.95941,14.66717],[120.9595,14.66717]]],[[[120.94447,14.66722],[120.94437,14.66704],[120.94437,14.66722],[120.94447,14.66722]]],[[[120.93852,14.66725],[120.93862,14.66717],[120.93853,14.66716],[120.93852,14.66725]]],[[[120.96052,14.66727],[120.96043,14.66718],[120.96043,14.66727],[120.96052,14.66727]]],[[[120.94094,14.6671],[120.94076,14.667],[120.94075,14.66727],[120.94103,14.66728],[120.94094,14.6671]]],[[[120.94734,14.66733],[120.94725,14.66724],[120.94725,14.66733],[120.94734,14.66733]]],[[[120.93871,14.66726],[120.93862,14.66735],[120.93871,14.66735],[120.93871,14.66726]]],[[[120.94001,14.66736],[120.93982,14.66727],[120.93982,14.66736],[120.94001,14.66736]]],[[[120.93815,14.66734],[120.93824,14.66743],[120.93825,14.66734],[120.93815,14.66734]]],[[[120.94131,14.66746],[120.94122,14.66737],[120.94121,14.66746],[120.94131,14.66746]]],[[[120.94363,14.66748],[120.94335,14.66721],[120.94316,14.66739],[120.94363,14.66748]]],[[[120.95588,14.66727],[120.9557,14.66741],[120.95588,14.6675],[120.95588,14.66727]]],[[[120.93722,14.66751],[120.93718,14.66733],[120.93713,14.66751],[120.93722,14.66751]]],[[[120.94149,14.66746],[120.94159,14.66755],[120.94159,14.66746],[120.94149,14.66746]]],[[[120.94771,14.66761],[120.94753,14.66733],[120.94734,14.6676],[120.94771,14.66761]]],[[[120.96126,14.66764],[120.96136,14.66746],[120.96126,14.66746],[120.96126,14.66764]]],[[[120.94149,14.66764],[120.9414,14.66755],[120.9414,14.66764],[120.94149,14.66764]]],[[[120.95458,14.66767],[120.95449,14.66758],[120.95449,14.66767],[120.95458,14.66767]]],[[[120.95922,14.66762],[120.95931,14.66771],[120.95931,14.66762],[120.95922,14.66762]]],[[[120.96145,14.66764],[120.96135,14.66773],[120.96145,14.66773],[120.96145,14.66764]]],[[[120.94316,14.66775],[120.94307,14.66757],[120.94307,14.66775],[120.94316,14.66775]]],[[[120.93843,14.66762],[120.93806,14.66761],[120.93833,14.6678],[120.93843,14.66762]]],[[[120.95922,14.6678],[120.95913,14.66771],[120.95913,14.6678],[120.95922,14.6678]]],[[[120.93899,14.66762],[120.93908,14.66753],[120.93871,14.66753],[120.93899,14.66762]]],[[[120.96108,14.66782],[120.96098,14.66772],[120.96098,14.66781],[120.96108,14.66782]]],[[[120.94251,14.66765],[120.9427,14.66774],[120.9427,14.66765],[120.94251,14.66765]]],[[[120.93843,14.6678],[120.93833,14.66789],[120.93843,14.66789],[120.93843,14.6678]]],[[[120.93917,14.6678],[120.93908,14.66789],[120.93917,14.66789],[120.93917,14.6678]]],[[[120.95346,14.66793],[120.95337,14.66775],[120.95337,14.66793],[120.95346,14.66793]]],[[[120.95383,14.66793],[120.95374,14.66784],[120.95374,14.66793],[120.95383,14.66793]]],[[[120.94771,14.66797],[120.94808,14.66752],[120.9478,14.66752],[120.94771,14.66797]]],[[[120.94223,14.66801],[120.94214,14.66792],[120.94214,14.66801],[120.94223,14.66801]]],[[[120.94307,14.66802],[120.94288,14.66793],[120.94288,14.66802],[120.94307,14.66802]]],[[[120.95764,14.66788],[120.95773,14.66806],[120.95773,14.66788],[120.95764,14.66788]]],[[[120.94177,14.6681],[120.94167,14.66801],[120.94167,14.6681],[120.94177,14.6681]]],[[[120.94659,14.66814],[120.94669,14.66796],[120.94664,14.66796],[120.94659,14.66814]]],[[[120.95866,14.66816],[120.95838,14.66788],[120.95847,14.66815],[120.95866,14.66816]]],[[[120.93852,14.66816],[120.93861,14.66807],[120.93852,14.66807],[120.93852,14.66816]]],[[[120.96163,14.66773],[120.96135,14.668],[120.96163,14.66818],[120.96163,14.66773]]],[[[120.94678,14.66814],[120.94668,14.66823],[120.94678,14.66823],[120.94678,14.66814]]],[[[120.95727,14.66823],[120.95708,14.66814],[120.95708,14.66823],[120.95727,14.66823]]],[[[120.95754,14.66824],[120.95736,14.66805],[120.95736,14.66814],[120.95754,14.66824]]],[[[120.95792,14.66824],[120.95782,14.66815],[120.95782,14.66824],[120.95792,14.66824]]],[[[120.93879,14.66816],[120.93861,14.66825],[120.93879,14.66825],[120.93879,14.66816]]],[[[120.93926,14.66826],[120.93917,14.66807],[120.9388,14.66807],[120.93926,14.66826]]],[[[120.9608,14.66799],[120.96098,14.66809],[120.96098,14.6679],[120.9608,14.66799]]],[[[120.96154,14.66827],[120.96144,14.66818],[120.96144,14.66827],[120.96154,14.66827]]],[[[120.96172,14.66818],[120.96163,14.66827],[120.96172,14.66827],[120.96172,14.66818]]],[[[120.94835,14.66834],[120.94817,14.66806],[120.94817,14.66833],[120.94835,14.66834]]],[[[120.93935,14.66826],[120.93926,14.66835],[120.93935,14.66835],[120.93935,14.66826]]],[[[120.96116,14.66836],[120.96126,14.66827],[120.96117,14.668],[120.96116,14.66836]]],[[[120.94334,14.66847],[120.94436,14.66826],[120.94418,14.66785],[120.94493,14.66758],[120.94363,14.66757],[120.94334,14.66847]]],[[[120.95401,14.66848],[120.95392,14.66838],[120.95392,14.66848],[120.95401,14.66848]]],[[[120.94385,14.66852],[120.9438,14.66848],[120.9438,14.66852],[120.94385,14.66852]]],[[[120.93935,14.66853],[120.93926,14.66844],[120.93926,14.66853],[120.93935,14.66853]]],[[[120.96107,14.66854],[120.96098,14.66845],[120.96098,14.66854],[120.96107,14.66854]]],[[[120.94139,14.66855],[120.9413,14.66845],[120.9413,14.66854],[120.94139,14.66855]]],[[[120.96265,14.66864],[120.96255,14.66855],[120.96255,14.66864],[120.96265,14.66864]]],[[[120.95336,14.66856],[120.95346,14.66865],[120.95346,14.66856],[120.95336,14.66856]]],[[[120.95708,14.66868],[120.95698,14.66859],[120.95698,14.66868],[120.95708,14.66868]]],[[[120.95949,14.66852],[120.95977,14.66862],[120.95977,14.66835],[120.95949,14.66852]]],[[[120.94046,14.66872],[120.94037,14.66863],[120.94037,14.66872],[120.94046,14.66872]]],[[[120.94065,14.66872],[120.94056,14.66854],[120.94055,14.66872],[120.94065,14.66872]]],[[[120.96181,14.66863],[120.9619,14.66873],[120.9619,14.66864],[120.96181,14.66863]]],[[[120.9426,14.66856],[120.94287,14.66865],[120.94288,14.66847],[120.9426,14.66856]]],[[[120.96051,14.6688],[120.9606,14.66871],[120.96051,14.66871],[120.96051,14.6688]]],[[[120.96237,14.66864],[120.96246,14.66882],[120.96246,14.66864],[120.96237,14.66864]]],[[[120.9529,14.66874],[120.95276,14.66887],[120.9529,14.66887],[120.9529,14.66874]]],[[[120.9607,14.66881],[120.9606,14.6689],[120.96069,14.6689],[120.9607,14.66881]]],[[[120.96079,14.6689],[120.96088,14.66881],[120.96079,14.66881],[120.96079,14.6689]]],[[[120.96237,14.66891],[120.96227,14.66882],[120.96227,14.66891],[120.96237,14.66891]]],[[[120.95392,14.66884],[120.95383,14.66893],[120.95392,14.66893],[120.95392,14.66884]]],[[[120.96097,14.6689],[120.96088,14.66899],[120.96097,14.66899],[120.96097,14.6689]]],[[[120.94092,14.66899],[120.94083,14.66872],[120.94074,14.66899],[120.94092,14.66899]]],[[[120.96181,14.669],[120.96163,14.66863],[120.96162,14.66899],[120.96181,14.669]]],[[[120.95345,14.66892],[120.95332,14.66865],[120.95331,14.66901],[120.95345,14.66892]]],[[[120.95345,14.66883],[120.95383,14.66838],[120.95364,14.66838],[120.95345,14.66883]]],[[[120.95002,14.66907],[120.95011,14.66889],[120.95002,14.66889],[120.95002,14.66907]]],[[[120.9502,14.66908],[120.95011,14.66916],[120.9502,14.66917],[120.9502,14.66908]]],[[[120.96134,14.66917],[120.96116,14.66872],[120.96125,14.66917],[120.96134,14.66917]]],[[[120.96209,14.669],[120.9619,14.66918],[120.96208,14.66909],[120.96209,14.669]]],[[[120.95976,14.66925],[120.95967,14.66916],[120.95967,14.66925],[120.95976,14.66925]]],[[[120.95995,14.66934],[120.95986,14.66907],[120.95985,14.66934],[120.95995,14.66934]]],[[[120.9503,14.66917],[120.9502,14.66935],[120.95029,14.66935],[120.9503,14.66917]]],[[[120.96088,14.66935],[120.96069,14.66899],[120.96078,14.66935],[120.96088,14.66935]]],[[[120.95276,14.66914],[120.9528,14.66919],[120.95289,14.66914],[120.95276,14.66914]]],[[[120.95392,14.6692],[120.95419,14.66929],[120.9542,14.66893],[120.95392,14.6692]]],[[[120.94603,14.66895],[120.94552,14.66912],[120.94551,14.6694],[120.94649,14.6694],[120.9464,14.6685],[120.9458,14.66854],[120.94603,14.66895]]],[[[120.93776,14.66951],[120.93767,14.66942],[120.93767,14.66951],[120.93776,14.66951]]],[[[120.93776,14.66924],[120.93823,14.66951],[120.93832,14.66924],[120.93776,14.66924]]],[[[120.93999,14.66953],[120.9399,14.66935],[120.9399,14.66953],[120.93999,14.66953]]],[[[120.94055,14.66953],[120.94083,14.66926],[120.94055,14.66926],[120.94055,14.66953]]],[[[120.93851,14.66933],[120.93869,14.66952],[120.93869,14.66933],[120.93851,14.66933]]],[[[120.9605,14.66962],[120.96041,14.66953],[120.96041,14.66962],[120.9605,14.66962]]],[[[120.96115,14.66962],[120.96125,14.66953],[120.96115,14.66953],[120.96115,14.66962]]],[[[120.94161,14.66959],[120.94213,14.66882],[120.94139,14.66864],[120.94185,14.669],[120.94129,14.66909],[120.94161,14.66959]]],[[[120.94718,14.66964],[120.94723,14.66896],[120.94751,14.66932],[120.94733,14.66815],[120.94668,14.66859],[120.94667,14.66931],[120.94718,14.66964]]],[[[120.94528,14.66966],[120.94523,14.66962],[120.94523,14.66966],[120.94528,14.66966]]],[[[120.93767,14.66969],[120.93758,14.66951],[120.93757,14.66969],[120.93767,14.66969]]],[[[120.96134,14.66962],[120.96124,14.66971],[120.96134,14.66972],[120.96134,14.66962]]],[[[120.96143,14.66972],[120.96152,14.66963],[120.96143,14.66963],[120.96143,14.66972]]],[[[120.96161,14.66972],[120.96152,14.66981],[120.96161,14.66981],[120.96161,14.66972]]],[[[120.95465,14.66984],[120.95456,14.66975],[120.95456,14.66984],[120.95465,14.66984]]],[[[120.94964,14.66988],[120.94992,14.6698],[120.94964,14.66979],[120.94964,14.66988]]],[[[120.96041,14.66989],[120.96031,14.6698],[120.96031,14.66989],[120.96041,14.66989]]],[[[120.93906,14.66997],[120.93897,14.66979],[120.93896,14.66997],[120.93906,14.66997]]],[[[120.93943,14.66997],[120.93934,14.66988],[120.93933,14.66997],[120.93943,14.66997]]],[[[120.95001,14.66989],[120.94992,14.66998],[120.95001,14.66998],[120.95001,14.66989]]],[[[120.9502,14.66989],[120.95048,14.66971],[120.9502,14.66971],[120.9502,14.66989]]],[[[120.96161,14.66999],[120.96171,14.6699],[120.96161,14.6699],[120.96161,14.66999]]],[[[120.9462,14.67003],[120.94648,14.66986],[120.94611,14.66985],[120.9462,14.67003]]],[[[120.9618,14.66999],[120.9617,14.67008],[120.9618,14.67008],[120.9618,14.66999]]],[[[120.9501,14.67016],[120.95019,14.67007],[120.9501,14.67007],[120.9501,14.67016]]],[[[120.96068,14.67016],[120.96078,14.67007],[120.96068,14.67007],[120.96068,14.67016]]],[[[120.9514,14.67017],[120.95131,14.67008],[120.95131,14.67017],[120.9514,14.67017]]],[[[120.945,14.67002],[120.94546,14.67003],[120.94537,14.66976],[120.945,14.67002]]],[[[120.95883,14.67024],[120.95874,14.66996],[120.95873,14.67023],[120.95883,14.67024]]],[[[120.94973,14.67025],[120.95001,14.67007],[120.94973,14.66997],[120.94973,14.67025]]],[[[120.95029,14.67016],[120.95019,14.67025],[120.95029,14.67025],[120.95029,14.67016]]],[[[120.96087,14.67016],[120.96077,14.67025],[120.96087,14.67025],[120.96087,14.67016]]],[[[120.95103,14.67026],[120.95094,14.67017],[120.95094,14.67026],[120.95103,14.67026]]],[[[120.95112,14.67026],[120.95121,14.67017],[120.95112,14.67017],[120.95112,14.67026]]],[[[120.95391,14.67019],[120.954,14.67028],[120.954,14.67019],[120.95391,14.67019]]],[[[120.95302,14.67036],[120.95298,14.67009],[120.95298,14.67036],[120.95302,14.67036]]],[[[120.93877,14.67042],[120.93859,14.67024],[120.93859,14.67042],[120.93877,14.67042]]],[[[120.9539,14.67046],[120.95372,14.67028],[120.95372,14.67046],[120.9539,14.67046]]],[[[120.95409,14.67037],[120.95418,14.67047],[120.95418,14.67038],[120.95409,14.67037]]],[[[120.94462,14.67047],[120.94453,14.67043],[120.94453,14.67047],[120.94462,14.67047]]],[[[120.94518,14.67048],[120.94499,14.67038],[120.94499,14.67047],[120.94518,14.67048]]],[[[120.96115,14.67035],[120.96096,14.67043],[120.96114,14.67053],[120.96115,14.67035]]],[[[120.95121,14.67053],[120.95103,14.67044],[120.95103,14.67053],[120.95121,14.67053]]],[[[120.95409,14.67056],[120.954,14.67046],[120.954,14.67055],[120.95409,14.67056]]],[[[120.95427,14.67047],[120.95418,14.67056],[120.95427,14.67056],[120.95427,14.67047]]],[[[120.96012,14.67061],[120.96003,14.67052],[120.96003,14.67061],[120.96012,14.67061]]],[[[120.94054,14.67062],[120.94044,14.67043],[120.94044,14.67062],[120.94054,14.67062]]],[[[120.96114,14.67071],[120.96105,14.67062],[120.96105,14.67071],[120.96114,14.67071]]],[[[120.95149,14.67026],[120.9513,14.67062],[120.95149,14.67071],[120.95149,14.67026]]],[[[120.94132,14.67071],[120.94128,14.67053],[120.94118,14.67071],[120.94132,14.67071]]],[[[120.93961,14.67079],[120.93951,14.67061],[120.93951,14.67079],[120.93961,14.67079]]],[[[120.94991,14.6707],[120.95,14.67079],[120.95,14.6707],[120.94991,14.6707]]],[[[120.95158,14.67071],[120.95149,14.6708],[120.95158,14.6708],[120.95158,14.67071]]],[[[120.95919,14.67087],[120.9591,14.67078],[120.9591,14.67087],[120.95919,14.67087]]],[[[120.95065,14.67089],[120.95056,14.6708],[120.95056,14.67089],[120.95065,14.67089]]],[[[120.95176,14.6709],[120.95167,14.6708],[120.95167,14.6709],[120.95176,14.6709]]],[[[120.9461,14.67085],[120.94611,14.67048],[120.94536,14.67039],[120.94545,14.67075],[120.9461,14.67085]]],[[[120.95,14.67097],[120.94982,14.67079],[120.94981,14.67097],[120.95,14.67097]]],[[[120.93988,14.67097],[120.9397,14.67079],[120.9397,14.67097],[120.93988,14.67097]]],[[[120.96226,14.67072],[120.96244,14.6709],[120.96244,14.67063],[120.96226,14.67072]]],[[[120.94118,14.67107],[120.941,14.6708],[120.941,14.67107],[120.94118,14.67107]]],[[[120.95176,14.67108],[120.95167,14.67099],[120.95167,14.67108],[120.95176,14.67108]]],[[[120.93812,14.67096],[120.9383,14.67105],[120.9383,14.67096],[120.93812,14.67096]]],[[[120.94034,14.67116],[120.94025,14.67098],[120.94016,14.67115],[120.94034,14.67116]]],[[[120.94638,14.67085],[120.9461,14.67121],[120.94647,14.67112],[120.94638,14.67085]]],[[[120.94633,14.67098],[120.94638,14.67103],[120.94633,14.67103],[120.94633,14.67098]]],[[[120.95835,14.67123],[120.95817,14.67104],[120.95817,14.67122],[120.95835,14.67123]]],[[[120.93858,14.67123],[120.93849,14.67114],[120.93849,14.67119],[120.93858,14.67123]]],[[[120.93988,14.67142],[120.93979,14.67115],[120.93969,14.67142],[120.93988,14.67142]]],[[[120.96151,14.67143],[120.96141,14.67134],[120.96141,14.67143],[120.96151,14.67143]]],[[[120.94396,14.67128],[120.94415,14.67137],[120.94415,14.67128],[120.94396,14.67128]]],[[[120.94016,14.67125],[120.94043,14.67152],[120.94044,14.67134],[120.94016,14.67125]]],[[[120.95167,14.67153],[120.95176,14.67144],[120.95167,14.67144],[120.95167,14.67153]]],[[[120.96262,14.67153],[120.96253,14.67144],[120.96253,14.67153],[120.96262,14.67153]]],[[[120.95269,14.67154],[120.9526,14.67117],[120.95259,14.67154],[120.95269,14.67154]]],[[[120.94572,14.67157],[120.94563,14.67147],[120.94563,14.67156],[120.94572,14.67157]]],[[[120.95111,14.67161],[120.95102,14.67152],[120.95102,14.67161],[120.95111,14.67161]]],[[[120.96141,14.67161],[120.96151,14.67152],[120.96141,14.67152],[120.96141,14.67161]]],[[[120.95185,14.67153],[120.95176,14.67162],[120.95185,14.67162],[120.95185,14.67153]]],[[[120.95427,14.67092],[120.95381,14.67064],[120.95426,14.67164],[120.95427,14.67092]]],[[[120.94006,14.6717],[120.93988,14.67151],[120.93988,14.67169],[120.94006,14.6717]]],[[[120.9409,14.6717],[120.94071,14.67161],[120.94071,14.6717],[120.9409,14.6717]]],[[[120.9616,14.67162],[120.9615,14.6717],[120.9616,14.67171],[120.9616,14.67162]]],[[[120.95194,14.67162],[120.95185,14.67171],[120.95194,14.67171],[120.95194,14.67162]]],[[[120.95352,14.67172],[120.95362,14.67145],[120.95352,14.67145],[120.95352,14.67172]]],[[[120.95835,14.67177],[120.95826,14.67141],[120.95825,14.67177],[120.95835,14.67177]]],[[[120.95799,14.67059],[120.95872,14.67177],[120.95891,14.67132],[120.95955,14.67169],[120.95882,14.67123],[120.95882,14.67033],[120.95799,14.67059]]],[[[120.95863,14.67096],[120.95854,14.67105],[120.95863,14.67105],[120.95863,14.67096]]],[[[120.95845,14.67095],[120.95854,14.67087],[120.95845,14.67086],[120.95845,14.67095]]],[[[120.95139,14.6718],[120.95157,14.67135],[120.9512,14.67125],[120.95139,14.6718]]],[[[120.95185,14.67189],[120.95176,14.6718],[120.95176,14.67189],[120.95185,14.67189]]],[[[120.95203,14.67189],[120.95194,14.6718],[120.95194,14.67189],[120.95203,14.67189]]],[[[120.96252,14.67189],[120.96243,14.6718],[120.96243,14.67189],[120.96252,14.67189]]],[[[120.95324,14.6719],[120.95315,14.67186],[120.95315,14.6719],[120.95324,14.6719]]],[[[120.95825,14.67195],[120.95816,14.67186],[120.95816,14.67195],[120.95825,14.67195]]],[[[120.94034,14.67197],[120.94025,14.67179],[120.94024,14.67197],[120.94034,14.67197]]],[[[120.95157,14.67198],[120.95148,14.67189],[120.95148,14.67198],[120.95157,14.67198]]],[[[120.95426,14.672],[120.95417,14.67209],[120.95426,14.67209],[120.95426,14.672]]],[[[120.94359,14.672],[120.94442,14.67183],[120.94354,14.6715],[120.94359,14.672]]],[[[120.94488,14.6721],[120.94526,14.67183],[120.9447,14.67165],[120.94488,14.6721]]],[[[120.95825,14.67213],[120.95816,14.67204],[120.95816,14.67213],[120.95825,14.67213]]],[[[120.94693,14.67221],[120.94683,14.67212],[120.94683,14.67221],[120.94693,14.67221]]],[[[120.95862,14.67222],[120.95853,14.67213],[120.95853,14.67222],[120.95862,14.67222]]],[[[120.95361,14.67173],[120.95454,14.67228],[120.95482,14.67201],[120.9538,14.67173],[120.9538,14.67119],[120.95361,14.67173]]],[[[120.95834,14.67231],[120.95825,14.67222],[120.95825,14.67231],[120.95834,14.67231]]],[[[120.95231,14.67235],[120.95213,14.67207],[120.95194,14.67225],[120.95231,14.67235]]],[[[120.95296,14.67235],[120.95287,14.67226],[120.95287,14.67235],[120.95296,14.67235]]],[[[120.95426,14.67245],[120.95416,14.67236],[120.95416,14.67245],[120.95426,14.67245]]],[[[120.94321,14.67254],[120.94312,14.67236],[120.94302,14.67254],[120.94321,14.67254]]],[[[120.95138,14.67261],[120.95147,14.67243],[120.95138,14.67243],[120.95138,14.67261]]],[[[120.95342,14.67263],[120.95333,14.67254],[120.95333,14.67263],[120.95342,14.67263]]],[[[120.94414,14.67264],[120.94404,14.67254],[120.94404,14.67264],[120.94414,14.67264]]],[[[120.95973,14.67268],[120.95964,14.67259],[120.95964,14.67268],[120.95973,14.67268]]],[[[120.95156,14.67261],[120.95147,14.6727],[120.95156,14.6727],[120.95156,14.67261]]],[[[120.94377,14.67254],[120.94358,14.67263],[120.94376,14.67272],[120.94377,14.67254]]],[[[120.96131,14.67279],[120.96122,14.6727],[120.96122,14.67279],[120.96131,14.67279]]],[[[120.94525,14.67283],[120.94516,14.67264],[120.94516,14.67283],[120.94525,14.67283]]],[[[120.96001,14.67287],[120.9601,14.67278],[120.96001,14.67278],[120.96001,14.67287]]],[[[120.95314,14.6729],[120.95305,14.67281],[120.95305,14.6729],[120.95314,14.6729]]],[[[120.96019,14.67287],[120.9601,14.67296],[120.96019,14.67296],[120.96019,14.67287]]],[[[120.95156,14.67306],[120.95184,14.67288],[120.95156,14.67279],[120.95156,14.67306]]],[[[120.95295,14.67317],[120.95286,14.67307],[120.95286,14.67316],[120.95295,14.67317]]],[[[120.96047,14.67314],[120.9601,14.67323],[120.96047,14.67323],[120.96047,14.67314]]],[[[120.94794,14.6733],[120.94784,14.67321],[120.94784,14.6733],[120.94794,14.6733]]],[[[120.95397,14.67336],[120.95388,14.67326],[120.95388,14.67335],[120.95397,14.67336]]],[[[120.9445,14.67345],[120.94506,14.6731],[120.94478,14.673],[120.9445,14.67345]]],[[[120.96418,14.67372],[120.96409,14.67362],[120.96408,14.67372],[120.96418,14.67372]]],[[[120.95499,14.67373],[120.9549,14.67363],[120.95489,14.67372],[120.95499,14.67373]]],[[[120.9458,14.67374],[120.94598,14.67365],[120.9458,14.67364],[120.9458,14.67374]]],[[[120.94385,14.67363],[120.94339,14.67299],[120.94302,14.67317],[120.94329,14.6738],[120.94385,14.67363]]],[[[120.94394,14.67363],[120.94385,14.67381],[120.94394,14.67381],[120.94394,14.67363]]],[[[120.95545,14.67382],[120.95536,14.67373],[120.95536,14.67382],[120.95545,14.67382]]],[[[120.94608,14.67374],[120.94598,14.67383],[120.94608,14.67383],[120.94608,14.67374]]],[[[120.96121,14.67387],[120.96111,14.67378],[120.96111,14.67387],[120.96121,14.67387]]],[[[120.96306,14.67389],[120.96297,14.6738],[120.96297,14.67389],[120.96306,14.67389]]],[[[120.96352,14.67398],[120.96343,14.67389],[120.96343,14.67398],[120.96352,14.67398]]],[[[120.96176,14.67406],[120.96167,14.67397],[120.96167,14.67406],[120.96176,14.67406]]],[[[120.94236,14.67407],[120.94218,14.6737],[120.94217,14.67406],[120.94236,14.67407]]],[[[120.96306,14.67407],[120.96297,14.67398],[120.96297,14.67407],[120.96306,14.67407]]],[[[120.94542,14.67418],[120.94571,14.67364],[120.94506,14.67364],[120.94505,14.67391],[120.94542,14.67418]]],[[[120.94589,14.67419],[120.94579,14.6741],[120.94579,14.67419],[120.94589,14.67419]]],[[[120.95415,14.67426],[120.95405,14.67417],[120.95405,14.67426],[120.95415,14.67426]]],[[[120.94635,14.67428],[120.94626,14.67419],[120.94626,14.67428],[120.94635,14.67428]]],[[[120.96445,14.67444],[120.96436,14.67426],[120.96436,14.67444],[120.96445,14.67444]]],[[[120.94459,14.67409],[120.94394,14.6739],[120.94393,14.67444],[120.9444,14.67408],[120.94468,14.67445],[120.94459,14.67409]]],[[[120.95294,14.67452],[120.95285,14.67443],[120.95284,14.67452],[120.95294,14.67452]]],[[[120.95489,14.67454],[120.95479,14.67445],[120.95479,14.67454],[120.95489,14.67454]]],[[[120.94477,14.67445],[120.94505,14.6745],[120.94505,14.67436],[120.94477,14.67445]]],[[[120.94523,14.67463],[120.94505,14.67454],[120.94505,14.67463],[120.94523,14.67463]]],[[[120.94532,14.67463],[120.94523,14.67472],[120.94532,14.67472],[120.94532,14.67463]]],[[[120.94542,14.67418],[120.94523,14.67454],[120.94551,14.67473],[120.9456,14.67455],[120.94542,14.67418]]],[[[120.95294,14.67479],[120.95303,14.6747],[120.95294,14.6747],[120.95294,14.67479]]],[[[120.94402,14.67471],[120.94365,14.6748],[120.94402,14.6748],[120.94402,14.67471]]],[[[120.94542,14.67482],[120.94532,14.67472],[120.94532,14.67482],[120.94542,14.67482]]],[[[120.95312,14.67479],[120.95303,14.67488],[120.95312,14.67488],[120.95312,14.67479]]],[[[120.94421,14.6749],[120.94412,14.6748],[120.94412,14.67489],[120.94421,14.6749]]],[[[120.96454,14.67498],[120.96444,14.67489],[120.96444,14.67498],[120.96454,14.67498]]],[[[120.94532,14.67509],[120.94523,14.675],[120.94523,14.67509],[120.94532,14.67509]]],[[[120.94532,14.675],[120.94579,14.675],[120.94588,14.67518],[120.94588,14.67491],[120.94532,14.675]]],[[[120.94254,14.67443],[120.94235,14.67461],[120.94263,14.67497],[120.94365,14.67516],[120.94319,14.67471],[120.94348,14.6739],[120.94254,14.67443]]],[[[120.94523,14.67527],[120.94532,14.67518],[120.94523,14.67518],[120.94523,14.67527]]],[[[120.94207,14.67515],[120.94179,14.67533],[120.94207,14.67533],[120.94207,14.67515]]],[[[120.94309,14.67525],[120.943,14.67534],[120.94309,14.67534],[120.94309,14.67525]]],[[[120.94569,14.67527],[120.94532,14.67536],[120.94569,14.67536],[120.94569,14.67527]]],[[[120.95998,14.6754],[120.96008,14.67531],[120.95999,14.67531],[120.95998,14.6754]]],[[[120.96054,14.67522],[120.96073,14.67531],[120.96073,14.67522],[120.96054,14.67522]]],[[[120.94476,14.67535],[120.94448,14.67544],[120.94476,14.67544],[120.94476,14.67535]]],[[[120.96017,14.6754],[120.96008,14.67549],[120.96017,14.67549],[120.96017,14.6754]]],[[[120.95859,14.67556],[120.95878,14.67548],[120.95859,14.67547],[120.95859,14.67556]]],[[[120.9597,14.67557],[120.95961,14.67548],[120.95961,14.67557],[120.9597,14.67557]]],[[[120.95989,14.67558],[120.9598,14.67548],[120.9598,14.67558],[120.95989,14.67558]]],[[[120.943,14.67525],[120.94226,14.67497],[120.94216,14.67533],[120.94244,14.6756],[120.943,14.67561],[120.94267,14.67551],[120.943,14.67525]]],[[[120.95024,14.67567],[120.95014,14.67558],[120.95014,14.67567],[120.95024,14.67567]]],[[[120.94337,14.6757],[120.94327,14.67561],[120.94327,14.6757],[120.94337,14.6757]]],[[[120.95878,14.67557],[120.95896,14.67584],[120.95952,14.67575],[120.95943,14.67557],[120.95878,14.67557]]],[[[120.94076,14.67595],[120.94105,14.67568],[120.94105,14.6755],[120.94072,14.67554],[120.94076,14.67595]]],[[[120.94234,14.67578],[120.94206,14.67587],[120.94271,14.67588],[120.94234,14.67578]]],[[[120.95905,14.67611],[120.95924,14.67602],[120.95905,14.67593],[120.95905,14.67611]]],[[[120.95005,14.67612],[120.94995,14.67603],[120.94995,14.67612],[120.95005,14.67612]]],[[[120.94373,14.67616],[120.94364,14.67607],[120.94364,14.67616],[120.94373,14.67616]]],[[[120.95933,14.67611],[120.95923,14.6762],[120.95933,14.6762],[120.95933,14.67611]]],[[[120.95107,14.67622],[120.95088,14.67604],[120.95088,14.67622],[120.95107,14.67622]]],[[[120.96536,14.67626],[120.96527,14.67617],[120.96527,14.67626],[120.96536,14.67626]]],[[[120.95942,14.6762],[120.95933,14.67629],[120.95942,14.67629],[120.95942,14.6762]]],[[[120.94382,14.67634],[120.94392,14.67598],[120.94383,14.67598],[120.94382,14.67634]]],[[[120.94401,14.67616],[120.9441,14.67634],[120.9441,14.67616],[120.94401,14.67616]]],[[[120.94401,14.67643],[120.94392,14.67634],[120.94392,14.67643],[120.94401,14.67643]]],[[[120.94169,14.6765],[120.9416,14.67632],[120.94159,14.6765],[120.94169,14.6765]]],[[[120.96573,14.67671],[120.96554,14.67662],[120.96554,14.67671],[120.96573,14.67671]]],[[[120.96526,14.6768],[120.96517,14.67671],[120.96517,14.6768],[120.96526,14.6768]]],[[[120.94911,14.67693],[120.94892,14.67684],[120.94892,14.67693],[120.94911,14.67693]]],[[[120.9492,14.67693],[120.94911,14.67702],[120.9492,14.67702],[120.9492,14.67693]]],[[[120.94948,14.67657],[120.94929,14.67702],[120.94994,14.67702],[120.94948,14.67657]]],[[[120.94372,14.67706],[120.94363,14.67697],[120.94363,14.67706],[120.94372,14.67706]]],[[[120.94855,14.67692],[120.94874,14.6771],[120.94874,14.67692],[120.94855,14.67692]]],[[[120.94911,14.67711],[120.94902,14.67702],[120.94901,14.67711],[120.94911,14.67711]]],[[[120.94354,14.67715],[120.94345,14.67706],[120.94344,14.67715],[120.94354,14.67715]]],[[[120.94409,14.67715],[120.944,14.67706],[120.944,14.67715],[120.94409,14.67715]]],[[[120.96489,14.67725],[120.9648,14.67716],[120.96479,14.67725],[120.96489,14.67725]]],[[[120.94864,14.67719],[120.94846,14.67701],[120.94836,14.67728],[120.94864,14.67719]]],[[[120.94901,14.67729],[120.94883,14.67701],[120.94883,14.6772],[120.94901,14.67729]]],[[[120.94985,14.6773],[120.94994,14.67721],[120.94985,14.6772],[120.94985,14.6773]]],[[[120.94409,14.67733],[120.944,14.67724],[120.944,14.67733],[120.94409,14.67733]]],[[[120.96498,14.67689],[120.96507,14.67734],[120.96517,14.67689],[120.96498,14.67689]]],[[[120.94456,14.67734],[120.94447,14.67725],[120.94446,14.67734],[120.94456,14.67734]]],[[[120.9505,14.67739],[120.95041,14.6773],[120.9504,14.67739],[120.9505,14.67739]]],[[[120.9414,14.6774],[120.94196,14.67723],[120.94215,14.6765],[120.9415,14.67659],[120.9414,14.6774]]],[[[120.97408,14.67742],[120.97398,14.67733],[120.97398,14.67742],[120.97408,14.67742]]],[[[120.94855,14.67746],[120.94846,14.67737],[120.94845,14.67746],[120.94855,14.67746]]],[[[120.94883,14.67747],[120.94873,14.67738],[120.94873,14.67747],[120.94883,14.67747]]],[[[120.94957,14.67747],[120.94948,14.67738],[120.94948,14.67747],[120.94957,14.67747]]],[[[120.94428,14.67752],[120.94418,14.67743],[120.94418,14.67752],[120.94428,14.67752]]],[[[120.9491,14.67756],[120.94901,14.67747],[120.94901,14.67756],[120.9491,14.67756]]],[[[120.95022,14.6773],[120.95012,14.67757],[120.95022,14.67757],[120.95022,14.6773]]],[[[120.94242,14.67759],[120.94233,14.6775],[120.94233,14.67759],[120.94242,14.67759]]],[[[120.94864,14.67765],[120.94855,14.67755],[120.94855,14.67764],[120.94864,14.67765]]],[[[120.94994,14.67766],[120.94985,14.67757],[120.94985,14.67766],[120.94994,14.67766]]],[[[120.9504,14.67766],[120.95031,14.67757],[120.95031,14.67766],[120.9504,14.67766]]],[[[120.944,14.6777],[120.9439,14.6776],[120.9439,14.67769],[120.944,14.6777]]],[[[120.94919,14.67774],[120.9491,14.67765],[120.9491,14.67774],[120.94919,14.67774]]],[[[120.95012,14.67775],[120.95022,14.67766],[120.95012,14.67766],[120.95012,14.67775]]],[[[120.94149,14.67776],[120.94112,14.67758],[120.94121,14.67776],[120.94149,14.67776]]],[[[120.94233,14.67777],[120.94223,14.67768],[120.94223,14.67777],[120.94233,14.67777]]],[[[120.94873,14.67783],[120.94864,14.67774],[120.94864,14.67783],[120.94873,14.67783]]],[[[120.95031,14.67775],[120.95021,14.67784],[120.95031,14.67784],[120.95031,14.67775]]],[[[120.96479,14.67788],[120.9647,14.67779],[120.9647,14.67788],[120.96479,14.67788]]],[[[120.94316,14.67796],[120.94307,14.67787],[120.94307,14.67796],[120.94316,14.67796]]],[[[120.94204,14.67831],[120.94214,14.67822],[120.94204,14.67822],[120.94204,14.67831]]],[[[120.94223,14.67822],[120.94232,14.67831],[120.94232,14.67822],[120.94223,14.67822]]],[[[120.94111,14.67839],[120.94102,14.6783],[120.94102,14.67839],[120.94111,14.67839]]],[[[120.94223,14.6784],[120.94213,14.67831],[120.94213,14.6784],[120.94223,14.6784]]],[[[120.94056,14.67821],[120.94037,14.67839],[120.94055,14.67848],[120.94056,14.67821]]],[[[120.94158,14.67849],[120.94139,14.67839],[120.94139,14.67849],[120.94158,14.67849]]],[[[120.96479,14.67797],[120.96497,14.67842],[120.96488,14.67797],[120.96479,14.67797]]],[[[120.94167,14.67858],[120.94176,14.67867],[120.94176,14.67858],[120.94167,14.67858]]],[[[120.94129,14.67876],[120.94139,14.67867],[120.9413,14.67867],[120.94129,14.67876]]],[[[120.94232,14.67867],[120.9425,14.67877],[120.9425,14.67868],[120.94232,14.67867]]],[[[120.96478,14.67878],[120.9646,14.67869],[120.96459,14.67887],[120.96478,14.67878]]],[[[120.94157,14.67894],[120.94139,14.67876],[120.94139,14.67894],[120.94157,14.67894]]],[[[120.94194,14.67894],[120.94185,14.67885],[120.94185,14.67894],[120.94194,14.67894]]],[[[120.94213,14.67894],[120.94204,14.67885],[120.94204,14.67894],[120.94213,14.67894]]],[[[120.94222,14.67894],[120.94222,14.67867],[120.94204,14.67867],[120.94222,14.67894]]],[[[120.94259,14.67877],[120.9425,14.67895],[120.94259,14.67895],[120.94259,14.67877]]],[[[120.95485,14.67897],[120.95475,14.67887],[120.95475,14.67896],[120.95485,14.67897]]],[[[120.94083,14.67911],[120.94111,14.67893],[120.94083,14.67902],[120.94083,14.67911]]],[[[120.95494,14.67915],[120.95484,14.67906],[120.95484,14.67915],[120.95494,14.67915]]],[[[120.94148,14.67903],[120.94129,14.67921],[120.94148,14.67921],[120.94148,14.67903]]],[[[120.94268,14.6794],[120.94259,14.67931],[120.94259,14.6794],[120.94268,14.6794]]],[[[120.95484,14.67924],[120.95493,14.67942],[120.95494,14.67924],[120.95484,14.67924]]],[[[120.95484,14.67951],[120.95475,14.67942],[120.95475,14.67951],[120.95484,14.67951]]],[[[120.95475,14.6796],[120.95466,14.67951],[120.95465,14.6796],[120.95475,14.6796]]],[[[120.94695,14.6798],[120.94686,14.67971],[120.94685,14.6798],[120.94695,14.6798]]],[[[120.94138,14.67993],[120.94129,14.67975],[120.94128,14.67993],[120.94138,14.67993]]],[[[120.94611,14.68006],[120.94602,14.67997],[120.94602,14.68006],[120.94611,14.68006]]],[[[120.94165,14.68011],[120.94147,14.68002],[120.94147,14.68011],[120.94165,14.68011]]],[[[120.95595,14.68015],[120.95586,14.68006],[120.95586,14.68015],[120.95595,14.68015]]],[[[120.94119,14.68016],[120.9411,14.68011],[120.9411,14.68015],[120.94119,14.68016]]],[[[120.94648,14.68016],[120.9462,14.68024],[120.94648,14.68025],[120.94648,14.68016]]],[[[120.94583,14.68024],[120.94592,14.68033],[120.94592,14.68024],[120.94583,14.68024]]],[[[120.94583,14.68042],[120.94574,14.68033],[120.94574,14.68042],[120.94583,14.68042]]],[[[120.94555,14.68078],[120.94545,14.6806],[120.94545,14.68078],[120.94555,14.68078]]],[[[120.94193,14.68084],[120.94207,14.68075],[120.94193,14.68057],[120.94193,14.68084]]],[[[120.95436,14.68095],[120.95446,14.68086],[120.95436,14.68086],[120.95436,14.68095]]],[[[120.95418,14.68104],[120.95427,14.68077],[120.9539,14.68104],[120.95418,14.68104]]],[[[120.95455,14.68095],[120.95446,14.68104],[120.95455,14.68104],[120.95455,14.68095]]],[[[120.95464,14.68104],[120.95455,14.68113],[120.95464,14.68113],[120.95464,14.68104]]],[[[120.94508,14.68123],[120.94499,14.68114],[120.94498,14.68123],[120.94508,14.68123]]],[[[120.9538,14.6814],[120.9539,14.68122],[120.9538,14.68122],[120.9538,14.6814]]],[[[120.94498,14.68141],[120.94489,14.68132],[120.94489,14.68141],[120.94498,14.68141]]],[[[120.95482,14.6815],[120.95427,14.68113],[120.95427,14.68131],[120.95482,14.6815]]],[[[120.94373,14.6814],[120.94387,14.68149],[120.94387,14.6814],[120.94373,14.6814]]],[[[120.94517,14.68159],[120.94508,14.6815],[120.94507,14.68159],[120.94517,14.68159]]],[[[120.94396,14.68167],[120.94387,14.68158],[120.94387,14.68167],[120.94396,14.68167]]],[[[120.94405,14.68176],[120.94452,14.68159],[120.94405,14.68149],[120.94405,14.68176]]],[[[120.95454,14.68185],[120.95445,14.68176],[120.95445,14.68185],[120.95454,14.68185]]],[[[120.95352,14.68194],[120.9537,14.68185],[120.95352,14.68185],[120.95352,14.68194]]],[[[120.9538,14.68167],[120.95408,14.68167],[120.95408,14.6814],[120.9538,14.68167]]],[[[120.94507,14.68195],[120.94489,14.68177],[120.94489,14.68195],[120.94507,14.68195]]],[[[120.9538,14.68203],[120.9537,14.68194],[120.9537,14.68203],[120.9538,14.68203]]],[[[120.95417,14.68185],[120.95407,14.68203],[120.95417,14.68203],[120.95417,14.68185]]],[[[120.94396,14.68185],[120.94405,14.68203],[120.94405,14.68185],[120.94396,14.68185]]],[[[120.94423,14.68203],[120.94414,14.68194],[120.94414,14.68203],[120.94423,14.68203]]],[[[120.94238,14.68211],[120.94256,14.68202],[120.94238,14.68202],[120.94238,14.68211]]],[[[120.95426,14.68203],[120.95417,14.68212],[120.95426,14.68212],[120.95426,14.68203]]],[[[120.94266,14.68211],[120.94256,14.6822],[120.94266,14.6822],[120.94266,14.68211]]],[[[120.94395,14.68221],[120.94386,14.68203],[120.94386,14.68221],[120.94395,14.68221]]],[[[120.94256,14.68229],[120.94247,14.6822],[120.94247,14.68229],[120.94256,14.68229]]],[[[120.95277,14.6822],[120.95287,14.68229],[120.95287,14.6822],[120.95277,14.6822]]],[[[120.95416,14.6823],[120.95407,14.68221],[120.95407,14.6823],[120.95416,14.6823]]],[[[120.94145,14.68237],[120.94126,14.68232],[120.94126,14.68237],[120.94145,14.68237]]],[[[120.95277,14.68238],[120.95268,14.68229],[120.95268,14.68238],[120.95277,14.68238]]],[[[120.942,14.68238],[120.9421,14.68247],[120.9421,14.68238],[120.942,14.68238]]],[[[120.95268,14.68247],[120.95259,14.68238],[120.95259,14.68247],[120.95268,14.68247]]],[[[120.95407,14.68248],[120.95398,14.68239],[120.95398,14.68248],[120.95407,14.68248]]],[[[120.94414,14.68249],[120.94442,14.6824],[120.94414,14.6824],[120.94414,14.68249]]],[[[120.9433,14.68239],[120.94377,14.6823],[120.94368,14.68212],[120.9433,14.68239]]],[[[120.94451,14.68249],[120.94442,14.68258],[120.94451,14.68258],[120.94451,14.68249]]],[[[120.94423,14.68267],[120.94414,14.68258],[120.94414,14.68267],[120.94423,14.68267]]],[[[120.942,14.68247],[120.94163,14.68228],[120.94154,14.68273],[120.94172,14.68274],[120.942,14.68247]]],[[[120.94488,14.68258],[120.94469,14.68267],[120.94488,14.68276],[120.94488,14.68258]]],[[[120.95388,14.68284],[120.95379,14.68275],[120.95379,14.68284],[120.95388,14.68284]]],[[[120.94302,14.68302],[120.94293,14.68284],[120.94283,14.68302],[120.94302,14.68302]]],[[[120.94204,14.68314],[120.9419,14.6831],[120.9419,14.68314],[120.94204,14.68314]]],[[[120.94218,14.68319],[120.94209,14.6831],[120.94209,14.68319],[120.94218,14.68319]]],[[[120.94227,14.68337],[120.94209,14.68328],[120.94209,14.68337],[120.94227,14.68337]]],[[[120.93587,14.68341],[120.93596,14.68314],[120.93568,14.68309],[120.93587,14.68341]]],[[[120.93615,14.68341],[120.93605,14.6835],[120.93614,14.6835],[120.93615,14.68341]]],[[[120.94134,14.68364],[120.94144,14.68355],[120.94134,14.68355],[120.94134,14.68364]]],[[[120.94171,14.68364],[120.94162,14.68355],[120.94162,14.68364],[120.94171,14.68364]]],[[[120.94812,14.68361],[120.9483,14.6837],[120.9483,14.68361],[120.94812,14.68361]]],[[[120.94153,14.68364],[120.94143,14.68373],[120.94153,14.68373],[120.94153,14.68364]]],[[[120.94208,14.68364],[120.94227,14.68346],[120.94218,14.68346],[120.94208,14.68364]]],[[[120.94812,14.68379],[120.94803,14.68369],[120.94802,14.68379],[120.94812,14.68379]]],[[[120.94236,14.68373],[120.94227,14.68382],[120.94236,14.68383],[120.94236,14.68373]]],[[[120.94802,14.68388],[120.94793,14.68378],[120.94793,14.68387],[120.94802,14.68388]]],[[[120.94143,14.68391],[120.94134,14.68373],[120.94134,14.68391],[120.94143,14.68391]]],[[[120.93624,14.6835],[120.93614,14.68395],[120.93619,14.68395],[120.93624,14.6835]]],[[[120.94115,14.684],[120.94106,14.6839],[120.94106,14.68399],[120.94115,14.684]]],[[[120.94255,14.68401],[120.94245,14.68392],[120.94245,14.68401],[120.94255,14.68401]]],[[[120.94347,14.68411],[120.94338,14.68402],[120.94338,14.68411],[120.94347,14.68411]]],[[[120.93619,14.68413],[120.93614,14.68404],[120.93614,14.68413],[120.93619,14.68413]]],[[[120.94036,14.68394],[120.94069,14.68399],[120.94069,14.68381],[120.94036,14.68394]]],[[[120.94152,14.68409],[120.94162,14.68418],[120.94162,14.68409],[120.94152,14.68409]]],[[[120.94152,14.68427],[120.94134,14.68409],[120.94134,14.68427],[120.94152,14.68427]]],[[[120.94087,14.68435],[120.94078,14.68426],[120.94078,14.68435],[120.94087,14.68435]]],[[[120.9431,14.68446],[120.94319,14.68437],[120.9431,14.68437],[120.9431,14.68446]]],[[[120.94329,14.68429],[120.94347,14.68447],[120.94347,14.68429],[120.94329,14.68429]]],[[[120.94338,14.68456],[120.94319,14.68447],[120.94319,14.68456],[120.94338,14.68456]]],[[[120.94282,14.68464],[120.94301,14.68428],[120.94273,14.68437],[120.94282,14.68464]]],[[[120.94152,14.68463],[120.9418,14.68472],[120.9418,14.68463],[120.94152,14.68463]]],[[[120.9431,14.68465],[120.943,14.68473],[120.9431,14.68474],[120.9431,14.68465]]],[[[120.93646,14.68477],[120.93641,14.68472],[120.93641,14.68477],[120.93646,14.68477]]],[[[120.94152,14.68481],[120.94142,14.68472],[120.94142,14.68481],[120.94152,14.68481]]],[[[120.94198,14.68473],[120.9418,14.68481],[120.94198,14.68482],[120.94198,14.68473]]],[[[120.94226,14.68482],[120.94217,14.68473],[120.94217,14.68482],[120.94226,14.68482]]],[[[120.94319,14.68474],[120.94309,14.68483],[120.94319,14.68483],[120.94319,14.68474]]],[[[120.94347,14.68474],[120.94356,14.68483],[120.94356,14.68474],[120.94347,14.68474]]],[[[120.94328,14.68483],[120.94319,14.68492],[120.94328,14.68492],[120.94328,14.68483]]],[[[120.94347,14.68492],[120.94337,14.68483],[120.94337,14.68492],[120.94347,14.68492]]],[[[120.94365,14.68483],[120.94356,14.68492],[120.94365,14.68492],[120.94365,14.68483]]],[[[120.94467,14.68493],[120.94458,14.68484],[120.94458,14.68493],[120.94467,14.68493]]],[[[120.94281,14.685],[120.94291,14.68491],[120.94282,14.68491],[120.94281,14.685]]],[[[120.95423,14.68501],[120.95414,14.68492],[120.95414,14.68501],[120.95423,14.68501]]],[[[120.943,14.68501],[120.94291,14.6851],[120.943,14.6851],[120.943,14.68501]]],[[[120.94885,14.68515],[120.94894,14.68506],[120.94885,14.68506],[120.94885,14.68515]]],[[[120.94903,14.68506],[120.94913,14.68515],[120.94913,14.68506],[120.94903,14.68506]]],[[[120.94356,14.68519],[120.94346,14.6851],[120.94346,14.68519],[120.94356,14.68519]]],[[[120.95414,14.68519],[120.95405,14.6851],[120.95405,14.68519],[120.95414,14.68519]]],[[[120.94755,14.68523],[120.94745,14.68514],[120.94745,14.68523],[120.94755,14.68523]]],[[[120.94903,14.68524],[120.94894,14.68515],[120.94894,14.68524],[120.94903,14.68524]]],[[[120.94114,14.68526],[120.94105,14.68517],[120.94105,14.68526],[120.94114,14.68526]]],[[[120.93641,14.68526],[120.93669,14.68499],[120.93641,14.68522],[120.93641,14.68526]]],[[[120.94198,14.68527],[120.94179,14.68518],[120.94179,14.68527],[120.94198,14.68527]]],[[[120.94226,14.68518],[120.94235,14.68527],[120.94235,14.68518],[120.94226,14.68518]]],[[[120.94513,14.6853],[120.94523,14.68521],[120.94513,14.68521],[120.94513,14.6853]]],[[[120.94912,14.68524],[120.94903,14.68533],[120.94912,14.68533],[120.94912,14.68524]]],[[[120.94225,14.68536],[120.94216,14.68527],[120.94216,14.68536],[120.94225,14.68536]]],[[[120.94532,14.6853],[120.94522,14.68539],[120.94532,14.68539],[120.94532,14.6853]]],[[[120.95005,14.68543],[120.94996,14.68534],[120.94996,14.68543],[120.95005,14.68543]]],[[[120.95237,14.68545],[120.95228,14.68536],[120.95228,14.68545],[120.95237,14.68545]]],[[[120.94179,14.68554],[120.9417,14.68545],[120.9417,14.68554],[120.94179,14.68554]]],[[[120.95219,14.68554],[120.95209,14.68545],[120.95209,14.68554],[120.95219,14.68554]]],[[[120.94634,14.68558],[120.94625,14.6854],[120.94624,14.68558],[120.94634,14.68558]]],[[[120.94522,14.68584],[120.94513,14.68566],[120.94513,14.68584],[120.94522,14.68584]]],[[[120.93983,14.68633],[120.93979,14.68624],[120.93979,14.68633],[120.93983,14.68633]]],[[[120.94252,14.68636],[120.94243,14.68627],[120.94243,14.68636],[120.94252,14.68636]]],[[[120.94327,14.68645],[120.94317,14.68636],[120.94317,14.68645],[120.94327,14.68645]]],[[[120.94029,14.6867],[120.9402,14.68661],[120.9402,14.6867],[120.94029,14.6867]]],[[[120.94215,14.68662],[120.94243,14.68672],[120.94243,14.68663],[120.94215,14.68662]]],[[[120.94215,14.68681],[120.94206,14.68671],[120.94206,14.6868],[120.94215,14.68681]]],[[[120.94261,14.68726],[120.94252,14.68717],[120.94251,14.68726],[120.94261,14.68726]]],[[[120.93927,14.68732],[120.93917,14.68723],[120.93917,14.68732],[120.93927,14.68732]]],[[[120.94242,14.68717],[120.94214,14.68726],[120.94242,14.68735],[120.94242,14.68717]]],[[[120.94344,14.68745],[120.94326,14.68727],[120.94326,14.68745],[120.94344,14.68745]]],[[[120.93917,14.6875],[120.93908,14.68741],[120.93908,14.6875],[120.93917,14.6875]]],[[[120.94455,14.68791],[120.94464,14.688],[120.94464,14.68791],[120.94455,14.68791]]],[[[120.94455,14.68818],[120.94446,14.688],[120.94446,14.68818],[120.94455,14.68818]]],[[[120.94455,14.68845],[120.94436,14.68836],[120.94436,14.68845],[120.94455,14.68845]]],[[[120.94575,14.68883],[120.94566,14.68873],[120.94566,14.68882],[120.94575,14.68883]]],[[[120.94436,14.6889],[120.94426,14.68881],[120.94426,14.6889],[120.94436,14.6889]]],[[[120.94408,14.68899],[120.94398,14.6889],[120.94398,14.68899],[120.94408,14.68899]]],[[[120.94584,14.68892],[120.94573,14.68892],[120.94584,14.68902],[120.94584,14.68892]]],[[[120.94361,14.68899],[120.9437,14.68908],[120.94371,14.68899],[120.94361,14.68899]]],[[[120.94389,14.68908],[120.9438,14.6889],[120.9438,14.68908],[120.94389,14.68908]]],[[[120.94361,14.68917],[120.94352,14.68908],[120.94352,14.68917],[120.94361,14.68917]]],[[[120.94612,14.6891],[120.94593,14.6891],[120.94612,14.68924],[120.94612,14.6891]]],[[[120.94324,14.68935],[120.94315,14.68925],[120.94315,14.68934],[120.94324,14.68935]]],[[[120.94639,14.68937],[120.9463,14.68938],[120.94649,14.68946],[120.94639,14.68937]]],[[[120.94862,14.68948],[120.94853,14.68939],[120.94853,14.68948],[120.94862,14.68948]]],[[[120.94834,14.68957],[120.94825,14.68948],[120.94825,14.68957],[120.94834,14.68957]]],[[[120.94277,14.68952],[120.94286,14.68961],[120.94287,14.68952],[120.94277,14.68952]]],[[[120.94806,14.68966],[120.94797,14.68957],[120.94797,14.68966],[120.94806,14.68966]]],[[[120.94277,14.6897],[120.94268,14.68961],[120.94268,14.6897],[120.94277,14.6897]]],[[[120.94908,14.68976],[120.94899,14.68967],[120.94899,14.68976],[120.94908,14.68976]]],[[[120.94268,14.68979],[120.94258,14.6897],[120.94258,14.68979],[120.94268,14.68979]]],[[[120.94927,14.68985],[120.94918,14.68976],[120.94917,14.68985],[120.94927,14.68985]]],[[[120.94258,14.68988],[120.94249,14.68979],[120.94249,14.68988],[120.94258,14.68988]]],[[[120.94964,14.68994],[120.94945,14.68985],[120.94945,14.68994],[120.94964,14.68994]]],[[[120.94852,14.69002],[120.94843,14.68993],[120.94843,14.69002],[120.94852,14.69002]]],[[[120.9424,14.69015],[120.9423,14.69006],[120.9423,14.69015],[120.9424,14.69015]]],[[[120.94963,14.69058],[120.94954,14.69049],[120.94954,14.69058],[120.94963,14.69058]]],[[[120.94862,14.68966],[120.94907,14.69075],[120.94945,14.69048],[120.94862,14.68966]]],[[[120.94963,14.69067],[120.94972,14.69076],[120.94972,14.69067],[120.94963,14.69067]]],[[[120.94963,14.69085],[120.94954,14.69076],[120.94954,14.69085],[120.94963,14.69085]]],[[[120.94982,14.69076],[120.94972,14.69085],[120.94982,14.69085],[120.94982,14.69076]]],[[[120.94907,14.69093],[120.94926,14.69103],[120.94926,14.69084],[120.94907,14.69093]]],[[[120.94907,14.69111],[120.94898,14.69102],[120.94898,14.69111],[120.94907,14.69111]]],[[[120.95018,14.69112],[120.95009,14.69103],[120.95009,14.69112],[120.95018,14.69112]]],[[[120.94113,14.69122],[120.94155,14.69114],[120.94155,14.691],[120.94113,14.69122]]],[[[120.94141,14.69127],[120.94141,14.69139],[120.94146,14.69134],[120.94141,14.69127]]],[[[120.94935,14.69139],[120.94925,14.6913],[120.94925,14.69139],[120.94935,14.69139]]],[[[120.94118,14.69141],[120.94108,14.69131],[120.94108,14.6914],[120.94118,14.69141]]],[[[120.9409,14.6914],[120.94099,14.69149],[120.94099,14.6914],[120.9409,14.6914]]],[[[120.9409,14.69158],[120.9408,14.69149],[120.9408,14.69158],[120.9409,14.69158]]],[[[120.95064,14.69185],[120.95055,14.69176],[120.95055,14.69185],[120.95064,14.69185]]],[[[120.95036,14.69185],[120.95045,14.69194],[120.95046,14.69185],[120.95036,14.69185]]],[[[120.95036,14.69203],[120.95027,14.69194],[120.95027,14.69203],[120.95036,14.69203]]],[[[120.95027,14.69212],[120.95018,14.69203],[120.95017,14.69212],[120.95027,14.69212]]],[[[120.93996,14.69234],[120.94001,14.69239],[120.94001,14.69234],[120.93996,14.69234]]],[[[120.93996,14.69248],[120.93987,14.69239],[120.93987,14.69248],[120.93996,14.69248]]],[[[120.93987,14.69257],[120.93977,14.69248],[120.93977,14.69257],[120.93987,14.69257]]],[[[120.93959,14.69266],[120.93958,14.69293],[120.93968,14.69266],[120.93959,14.69266]]],[[[120.9394,14.69302],[120.93931,14.69292],[120.9393,14.69302],[120.9394,14.69302]]],[[[120.9393,14.6932],[120.93921,14.69301],[120.93921,14.6932],[120.9393,14.6932]]],[[[120.93884,14.69319],[120.93902,14.69328],[120.93902,14.69319],[120.93884,14.69319]]],[[[120.93884,14.69337],[120.93875,14.69328],[120.93874,14.69337],[120.93884,14.69337]]],[[[120.93743,14.6949],[120.93734,14.69481],[120.93734,14.6949],[120.93743,14.6949]]],[[[120.93743,14.69476],[120.93752,14.6949],[120.93762,14.69476],[120.93743,14.69476]]],[[[120.93734,14.69499],[120.93724,14.69489],[120.93724,14.69498],[120.93734,14.69499]]],[[[120.93724,14.69508],[120.9372,14.69498],[120.9372,14.69507],[120.93724,14.69508]]],[[[120.91436,14.69537],[120.91723,14.69314],[120.91693,14.69187],[120.91689,14.69268],[120.91605,14.69349],[120.91521,14.69321],[120.9152,14.69429],[120.91436,14.69455],[120.91436,14.69537]]],[[[120.93556,14.69642],[120.93547,14.69637],[120.93547,14.69641],[120.93556,14.69642]]],[[[120.91291,14.69666],[120.91295,14.69644],[120.91278,14.69644],[120.91291,14.69666]]],[[[120.91283,14.69667],[120.91267,14.69671],[120.91281,14.69671],[120.91283,14.69667]]],[[[120.9349,14.69695],[120.93481,14.69691],[120.93481,14.69695],[120.9349,14.69695]]],[[[120.91281,14.69703],[120.91272,14.69676],[120.91272,14.69702],[120.91281,14.69703]]],[[[120.93416,14.69713],[120.93435,14.69722],[120.93435,14.69713],[120.93416,14.69713]]],[[[120.93425,14.69731],[120.93416,14.69722],[120.93416,14.69731],[120.93425,14.69731]]],[[[120.93397,14.69744],[120.93383,14.69748],[120.93397,14.69749],[120.93397,14.69744]]],[[[120.91318,14.69757],[120.91308,14.69748],[120.91308,14.69757],[120.91318,14.69757]]],[[[120.9335,14.69771],[120.9336,14.69775],[120.9336,14.69771],[120.9335,14.69771]]],[[[120.91127,14.69751],[120.91155,14.69778],[120.91155,14.69751],[120.91127,14.69751]]],[[[120.9335,14.69784],[120.93341,14.69775],[120.93341,14.69784],[120.9335,14.69784]]],[[[120.93341,14.69793],[120.93332,14.69784],[120.93332,14.69793],[120.93341,14.69793]]],[[[120.91127,14.69792],[120.91099,14.69778],[120.91099,14.69805],[120.91127,14.69792]]],[[[120.91127,14.69805],[120.91122,14.69801],[120.91122,14.69805],[120.91127,14.69805]]],[[[120.93332,14.69811],[120.93327,14.69793],[120.93327,14.69811],[120.93332,14.69811]]],[[[120.93304,14.69825],[120.93313,14.69829],[120.93313,14.69825],[120.93304,14.69825]]],[[[120.90918,14.69811],[120.90932,14.6983],[120.90932,14.6981],[120.90918,14.69811]]],[[[120.91099,14.69815],[120.91071,14.69805],[120.91071,14.69832],[120.91099,14.69815]]],[[[120.93303,14.69838],[120.93299,14.69829],[120.93299,14.69838],[120.93303,14.69838]]],[[[120.90903,14.69857],[120.90881,14.69837],[120.90876,14.69857],[120.90903,14.69857]]],[[[120.90959,14.69831],[120.90931,14.69858],[120.90959,14.69858],[120.90959,14.69831]]],[[[120.91071,14.69837],[120.91043,14.69831],[120.91043,14.69859],[120.91071,14.69837]]],[[[120.93275,14.69851],[120.93285,14.69865],[120.93285,14.69852],[120.93275,14.69851]]],[[[120.91419,14.69866],[120.91409,14.69857],[120.91409,14.69866],[120.91419,14.69866]]],[[[120.93275,14.69874],[120.93271,14.69865],[120.93271,14.69874],[120.93275,14.69874]]],[[[120.91446,14.69903],[120.91437,14.69894],[120.91437,14.69903],[120.91446,14.69903]]],[[[120.91043,14.69859],[120.90959,14.69858],[120.90959,14.69885],[120.90987,14.69905],[120.91043,14.69859]]],[[[120.93247,14.69919],[120.93242,14.6991],[120.93242,14.69919],[120.93247,14.69919]]],[[[120.91437,14.69939],[120.91427,14.6993],[120.91427,14.69939],[120.91437,14.69939]]],[[[120.91418,14.69966],[120.91408,14.69957],[120.91408,14.69966],[120.91418,14.69966]]],[[[120.93172,14.69991],[120.93163,14.69986],[120.93163,14.6999],[120.93172,14.69991]]],[[[120.93135,14.70013],[120.93144,14.70017],[120.93144,14.70013],[120.93135,14.70013]]],[[[120.93135,14.70026],[120.93116,14.70017],[120.93116,14.70026],[120.93135,14.70026]]],[[[120.93116,14.70035],[120.93107,14.70026],[120.93107,14.70035],[120.93116,14.70035]]],[[[120.90727,14.70113],[120.90978,14.69912],[120.90819,14.69911],[120.90651,14.70072],[120.90727,14.70113]]],[[[120.90831,14.70141],[120.90822,14.70132],[120.90822,14.70141],[120.90831,14.70141]]],[[[120.90803,14.70186],[120.90817,14.7015],[120.90813,14.7015],[120.90803,14.70186]]],[[[120.90831,14.70205],[120.90821,14.70209],[120.90831,14.70209],[120.90831,14.70205]]],[[[120.90858,14.70232],[120.90849,14.70223],[120.90849,14.70232],[120.90858,14.70232]]],[[[120.90877,14.7025],[120.90886,14.70241],[120.90877,14.70241],[120.90877,14.7025]]],[[[120.90895,14.7025],[120.90886,14.70259],[120.90895,14.70259],[120.90895,14.7025]]],[[[120.92092,14.70333],[120.92073,14.70329],[120.92073,14.70333],[120.92092,14.70333]]],[[[120.91886,14.7053],[120.91877,14.70521],[120.91877,14.7053],[120.91886,14.7053]]],[[[120.91904,14.70539],[120.91895,14.7053],[120.91895,14.70539],[120.91904,14.70539]]],[[[120.91788,14.70597],[120.91783,14.70575],[120.91783,14.70597],[120.91788,14.70597]]],[[[120.92219,14.7066],[120.9221,14.70651],[120.9221,14.7066],[120.92219,14.7066]]],[[[120.92237,14.70678],[120.92228,14.7066],[120.92228,14.70678],[120.92237,14.70678]]],[[[120.91982,14.70707],[120.91954,14.7068],[120.91958,14.70703],[120.91982,14.70707]]],[[[120.92037,14.70735],[120.92009,14.70708],[120.92014,14.7073],[120.92037,14.70735]]],[[[120.92237,14.70741],[120.92255,14.70732],[120.92237,14.70732],[120.92237,14.70741]]],[[[120.92292,14.70742],[120.92283,14.70733],[120.92283,14.70742],[120.92292,14.70742]]],[[[120.92199,14.7075],[120.92209,14.70741],[120.92199,14.70741],[120.92199,14.7075]]],[[[120.92218,14.7075],[120.92209,14.70759],[120.92218,14.70759],[120.92218,14.7075]]],[[[120.92227,14.70759],[120.92218,14.70768],[120.92227,14.70768],[120.92227,14.70759]]],[[[120.92264,14.70742],[120.92255,14.70769],[120.92264,14.70769],[120.92264,14.70742]]],[[[120.92311,14.70751],[120.92367,14.70733],[120.9233,14.70706],[120.92311,14.70751]]],[[[120.92348,14.70751],[120.92339,14.70742],[120.92348,14.70742],[120.92348,14.70751]]],[[[120.92181,14.70777],[120.92171,14.70768],[120.92171,14.70777],[120.92181,14.70777]]],[[[120.92246,14.70777],[120.92236,14.70768],[120.92236,14.70777],[120.92246,14.70777]]],[[[120.92315,14.70778],[120.92311,14.70769],[120.92311,14.70778],[120.92315,14.70778]]],[[[120.92125,14.70785],[120.92092,14.70763],[120.92092,14.70767],[120.92125,14.70785]]],[[[120.92162,14.7079],[120.92153,14.70786],[120.92153,14.7079],[120.92162,14.7079]]],[[[120.92226,14.70899],[120.92217,14.70895],[120.92217,14.70899],[120.92226,14.70899]]],[[[120.92198,14.70926],[120.92207,14.70931],[120.92207,14.70926],[120.92198,14.70926]]],[[[120.92198,14.7094],[120.92188,14.70931],[120.92188,14.7094],[120.92198,14.7094]]],[[[120.92188,14.70949],[120.92179,14.7094],[120.92179,14.70949],[120.92188,14.70949]]],[[[120.92123,14.70984],[120.92132,14.70993],[120.92132,14.70984],[120.92123,14.70984]]],[[[120.92123,14.71002],[120.92118,14.70993],[120.92118,14.71002],[120.92123,14.71002]]],[[[120.92095,14.71011],[120.92104,14.7102],[120.92104,14.71011],[120.92095,14.71011]]],[[[120.92095,14.71029],[120.9209,14.7102],[120.9209,14.71029],[120.92095,14.71029]]],[[[120.92067,14.71033],[120.92076,14.71038],[120.92076,14.71033],[120.92067,14.71033]]],[[[120.92066,14.71056],[120.92048,14.71047],[120.92048,14.71056],[120.92066,14.71056]]],[[[120.92048,14.71065],[120.92039,14.71056],[120.92039,14.71065],[120.92048,14.71065]]],[[[120.93839,14.7118],[120.93829,14.71171],[120.93829,14.7118],[120.93839,14.7118]]],[[[120.93857,14.71199],[120.93848,14.71189],[120.93848,14.71198],[120.93857,14.71199]]],[[[120.91898,14.71199],[120.91893,14.7119],[120.91889,14.71199],[120.91898,14.71199]]],[[[120.93782,14.71243],[120.93791,14.71252],[120.93792,14.71243],[120.93782,14.71243]]],[[[120.93782,14.71261],[120.93773,14.71252],[120.93773,14.71261],[120.93782,14.71261]]],[[[120.93809,14.71325],[120.93791,14.71333],[120.93809,14.71343],[120.93809,14.71325]]],[[[120.93828,14.71343],[120.93819,14.71334],[120.93818,14.71343],[120.93828,14.71343]]],[[[120.93983,14.71642],[120.93974,14.71633],[120.93973,14.71642],[120.93983,14.71642]]],[[[120.93546,14.71675],[120.93546,14.71666],[120.93543,14.71675],[120.93546,14.71675]]],[[[120.93546,14.71702],[120.93537,14.71693],[120.93531,14.71702],[120.93546,14.71702]]],[[[120.93657,14.71721],[120.93648,14.71712],[120.93648,14.71721],[120.93657,14.71721]]],[[[120.93536,14.71738],[120.93545,14.71747],[120.93546,14.71738],[120.93536,14.71738]]],[[[120.93889,14.7175],[120.9388,14.71741],[120.9388,14.7175],[120.93889,14.7175]]],[[[120.93536,14.71756],[120.93527,14.71747],[120.93527,14.71756],[120.93536,14.71756]]],[[[120.93527,14.71774],[120.93545,14.71765],[120.93527,14.71765],[120.93527,14.71774]]],[[[120.93601,14.71775],[120.93592,14.71765],[120.93592,14.71774],[120.93601,14.71775]]],[[[120.93564,14.71774],[120.93545,14.71783],[120.93564,14.71783],[120.93564,14.71774]]],[[[120.93629,14.71748],[120.93629,14.71766],[120.93656,14.71784],[120.93629,14.71748]]],[[[120.93851,14.71795],[120.93842,14.71786],[120.93842,14.71795],[120.93851,14.71795]]],[[[120.93666,14.71784],[120.93656,14.71802],[120.93666,14.71802],[120.93666,14.71784]]],[[[120.93675,14.71802],[120.93666,14.71811],[120.93675,14.71811],[120.93675,14.71802]]],[[[120.93712,14.71821],[120.93703,14.71812],[120.93703,14.71821],[120.93712,14.71821]]],[[[120.93721,14.71866],[120.93712,14.71857],[120.93711,14.71866],[120.93721,14.71866]]],[[[120.93664,14.71947],[120.93655,14.71938],[120.93655,14.71947],[120.93664,14.71947]]],[[[120.93701,14.71947],[120.93683,14.7192],[120.93674,14.71947],[120.93701,14.71947]]],[[[120.93729,14.71984],[120.9372,14.71974],[120.9372,14.71983],[120.93729,14.71984]]],[[[120.93739,14.71938],[120.93766,14.71984],[120.93775,14.71966],[120.93739,14.71938]]],[[[120.93682,14.72001],[120.93673,14.71992],[120.93673,14.72001],[120.93682,14.72001]]],[[[120.9371,14.7202],[120.93701,14.7201],[120.93701,14.72019],[120.9371,14.7202]]],[[[120.93663,14.72028],[120.93654,14.72019],[120.93654,14.72028],[120.93663,14.72028]]],[[[120.93626,14.72037],[120.93636,14.72028],[120.93626,14.72028],[120.93626,14.72037]]],[[[120.93654,14.72037],[120.93635,14.72046],[120.93654,14.72046],[120.93654,14.72037]]],[[[120.937,14.72047],[120.93691,14.72037],[120.93691,14.72046],[120.937,14.72047]]],[[[120.93654,14.72064],[120.93645,14.72055],[120.93645,14.72064],[120.93654,14.72064]]],[[[120.93672,14.72128],[120.93663,14.72118],[120.93663,14.72128],[120.93672,14.72128]]],[[[120.93551,14.72136],[120.9356,14.72145],[120.9356,14.72136],[120.93551,14.72136]]],[[[120.93551,14.72154],[120.93542,14.72145],[120.93542,14.72154],[120.93551,14.72154]]],[[[120.93616,14.72172],[120.93607,14.72163],[120.93606,14.72172],[120.93616,14.72172]]],[[[120.93337,14.72179],[120.93328,14.7217],[120.93328,14.72179],[120.93337,14.72179]]],[[[120.93532,14.72199],[120.93523,14.7218],[120.93523,14.72199],[120.93532,14.72199]]],[[[120.9316,14.72213],[120.93153,14.72204],[120.93151,14.72213],[120.9316,14.72213]]],[[[120.93485,14.72234],[120.93476,14.72225],[120.93476,14.72234],[120.93485,14.72234]]],[[[120.93048,14.72285],[120.93041,14.72276],[120.93039,14.72285],[120.93048,14.72285]]],[[[120.93085,14.72285],[120.93076,14.72276],[120.93076,14.72285],[120.93085,14.72285]]],[[[120.9328,14.72332],[120.93271,14.72323],[120.93271,14.72332],[120.9328,14.72332]]],[[[120.93037,14.72456],[120.93028,14.72447],[120.93028,14.72456],[120.93037,14.72456]]],[[[120.93121,14.72457],[120.93112,14.72439],[120.93112,14.72457],[120.93121,14.72457]]],[[[120.93214,14.72458],[120.93205,14.72449],[120.93204,14.72458],[120.93214,14.72458]]],[[[120.93548,14.72461],[120.93539,14.72452],[120.93539,14.72461],[120.93548,14.72461]]],[[[120.93334,14.72468],[120.93325,14.72459],[120.93325,14.72468],[120.93334,14.72468]]],[[[120.93111,14.72475],[120.93102,14.72466],[120.93102,14.72475],[120.93111,14.72475]]],[[[120.93195,14.72476],[120.93177,14.72467],[120.93176,14.72476],[120.93195,14.72476]]],[[[120.93529,14.72497],[120.9352,14.72488],[120.9352,14.72497],[120.93529,14.72497]]],[[[120.93139,14.72511],[120.9313,14.72493],[120.9313,14.72511],[120.93139,14.72511]]],[[[120.93055,14.72529],[120.93064,14.72547],[120.93065,14.72529],[120.93055,14.72529]]],[[[120.93055,14.72556],[120.93037,14.72547],[120.93036,14.72556],[120.93055,14.72556]]],[[[120.93074,14.72565],[120.93064,14.72556],[120.93064,14.72565],[120.93074,14.72565]]],[[[120.93007,14.72754],[120.93016,14.72763],[120.93016,14.72754],[120.93007,14.72754]]],[[[120.93007,14.72772],[120.92988,14.72754],[120.92988,14.72772],[120.93007,14.72772]]],[[[120.92978,14.72826],[120.92969,14.72817],[120.92969,14.72826],[120.92978,14.72826]]],[[[120.92978,14.72799],[120.92997,14.72826],[120.93006,14.72808],[120.92978,14.72799]]],[[[120.93025,14.72827],[120.93015,14.72818],[120.93015,14.72827],[120.93025,14.72827]]],[[[120.93386,14.72902],[120.93377,14.72893],[120.93377,14.72902],[120.93386,14.72902]]],[[[120.92866,14.72907],[120.92857,14.72897],[120.92857,14.72906],[120.92866,14.72907]]],[[[120.92922,14.72907],[120.92931,14.72898],[120.92922,14.72898],[120.92922,14.72907]]],[[[120.92987,14.72908],[120.92968,14.72898],[120.92968,14.72907],[120.92987,14.72908]]],[[[120.93024,14.72917],[120.93015,14.72908],[120.93014,14.72917],[120.93024,14.72917]]],[[[120.9307,14.72917],[120.93061,14.72908],[120.93061,14.72917],[120.9307,14.72917]]],[[[120.92829,14.72924],[120.92827,14.72915],[120.92823,14.72924],[120.92829,14.72924]]],[[[120.9294,14.72907],[120.92931,14.72925],[120.9294,14.72925],[120.9294,14.72907]]],[[[120.93367,14.72938],[120.93358,14.72929],[120.93358,14.72938],[120.93367,14.72938]]],[[[120.9294,14.72952],[120.92931,14.72934],[120.92921,14.72952],[120.9294,14.72952]]],[[[120.93358,14.72956],[120.93348,14.72947],[120.93348,14.72956],[120.93358,14.72956]]],[[[120.93376,14.72965],[120.93367,14.72956],[120.93367,14.72965],[120.93376,14.72965]]],[[[120.9294,14.72989],[120.9293,14.7297],[120.9293,14.72988],[120.9294,14.72989]]],[[[120.92902,14.72988],[120.92921,14.73006],[120.92921,14.72988],[120.92902,14.72988]]],[[[120.93311,14.73019],[120.93301,14.7301],[120.93301,14.73019],[120.93311,14.73019]]],[[[120.92921,14.73015],[120.92893,14.73024],[120.92911,14.73033],[120.92921,14.73015]]],[[[120.92883,14.73069],[120.92911,14.73052],[120.92883,14.73042],[120.92883,14.73069]]],[[[120.92957,14.73115],[120.92948,14.73106],[120.92948,14.73115],[120.92957,14.73115]]],[[[120.9305,14.73107],[120.93059,14.73116],[120.93059,14.73107],[120.9305,14.73107]]],[[[120.9305,14.73125],[120.9304,14.73116],[120.9304,14.73125],[120.9305,14.73125]]],[[[120.93124,14.73153],[120.93133,14.73126],[120.93124,14.73126],[120.93124,14.73153]]],[[[120.93003,14.73161],[120.9305,14.73134],[120.93003,14.73125],[120.93003,14.73161]]],[[[120.93142,14.73153],[120.93133,14.73162],[120.93142,14.73162],[120.93142,14.73153]]],[[[120.93161,14.73162],[120.93142,14.73171],[120.93161,14.73171],[120.93161,14.73162]]],[[[120.92966,14.73179],[120.92994,14.73152],[120.92994,14.73125],[120.92966,14.73179]]],[[[120.9316,14.73207],[120.93151,14.7318],[120.93142,14.73207],[120.9316,14.73207]]],[[[120.92843,14.73403],[120.92834,14.73394],[120.92833,14.73403],[120.92843,14.73403]]],[[[120.92721,14.73475],[120.92731,14.73484],[120.92731,14.73475],[120.92721,14.73475]]],[[[120.92721,14.73484],[120.92721,14.73529],[120.92758,14.73547],[120.92767,14.7352],[120.92721,14.73484]]]]}},{"type":"Feature","properties":{"hazard":"storm-surge","level":"moderate","advisory":"SSA1"},"geometry":{"type":"MultiPolygon","coordinates":[[[[120.96822,14.46969],[120.96759,14.46978],[120.9675,14.47008],[120.96796,14.46997],[120.96822,14.46969]]],[[[120.97041,14.47431],[120.97041,14.4741],[120.97039,14.47436],[120.97041,14.47431]]],[[[120.97333,14.47499],[120.97361,14.47508],[120.97361,14.47499],[120.97333,14.47499]]],[[[120.97684,14.47647],[120.97749,14.47638],[120.97684,14.47629],[120.97684,14.47647]]],[[[120.97229,14.47652],[120.9722,14.47661],[120.97229,14.47661],[120.97229,14.47652]]],[[[120.97155,14.4766],[120.9715,14.4766],[120.97155,14.47669],[120.97155,14.4766]]],[[[120.9722,14.47661],[120.97183,14.47679],[120.97155,14.47669],[120.97211,14.4769],[120.9722,14.47661]]],[[[120.97127,14.47705],[120.97127,14.47697],[120.97123,14.47705],[120.97127,14.47705]]],[[[120.97229,14.47733],[120.97238,14.47715],[120.97224,14.47715],[120.97229,14.47733]]],[[[120.97256,14.47733],[120.97247,14.47742],[120.97256,14.47742],[120.97256,14.47733]]],[[[120.97266,14.47743],[120.97256,14.47751],[120.97266,14.47752],[120.97266,14.47743]]],[[[120.97284,14.47752],[120.97266,14.47761],[120.97284,14.47761],[120.97284,14.47752]]],[[[120.97497,14.47763],[120.97479,14.47744],[120.97479,14.47753],[120.97497,14.47763]]],[[[120.97293,14.47761],[120.97284,14.4777],[120.97293,14.4777],[120.97293,14.47761]]],[[[120.97303,14.4777],[120.97293,14.47779],[120.97302,14.47779],[120.97303,14.4777]]],[[[120.97312,14.47779],[120.97302,14.47788],[120.97312,14.47788],[120.97312,14.47779]]],[[[120.97163,14.47805],[120.97168,14.47751],[120.97115,14.47732],[120.97119,14.47762],[120.97163,14.47805]]],[[[120.9733,14.47788],[120.97321,14.47806],[120.97339,14.47806],[120.9733,14.47788]]],[[[120.97349,14.47807],[120.97339,14.47815],[120.97348,14.47816],[120.97349,14.47807]]],[[[120.97358,14.47816],[120.97348,14.47825],[120.97358,14.47825],[120.97358,14.47816]]],[[[120.97376,14.47825],[120.97367,14.47843],[120.97385,14.47843],[120.97376,14.47825]]],[[[120.97562,14.47844],[120.97552,14.47835],[120.97552,14.47844],[120.97562,14.47844]]],[[[120.97395,14.47843],[120.97385,14.47852],[120.97395,14.47852],[120.97395,14.47843]]],[[[120.97404,14.47852],[120.97394,14.47861],[120.97404,14.47861],[120.97404,14.47852]]],[[[120.97413,14.47861],[120.97404,14.4787],[120.97413,14.4787],[120.97413,14.47861]]],[[[120.97431,14.4787],[120.97422,14.47888],[120.97441,14.47889],[120.97431,14.4787]]],[[[120.9745,14.47889],[120.9744,14.47898],[120.9745,14.47898],[120.9745,14.47889]]],[[[120.97459,14.47898],[120.9745,14.47907],[120.97459,14.47907],[120.97459,14.47898]]],[[[120.97468,14.47907],[120.97459,14.47916],[120.97468,14.47916],[120.97468,14.47907]]],[[[120.97477,14.47916],[120.97468,14.47925],[120.97477,14.47925],[120.97477,14.47916]]],[[[120.97487,14.47925],[120.97477,14.47934],[120.97487,14.47934],[120.97487,14.47925]]],[[[120.97775,14.47855],[120.97748,14.47783],[120.97646,14.47701],[120.97563,14.47727],[120.97498,14.47681],[120.97416,14.47518],[120.97444,14.47464],[120.97267,14.47571],[120.97212,14.47561],[120.97211,14.47652],[120.97332,14.47544],[120.97425,14.47572],[120.97443,14.47654],[120.97313,14.47616],[120.97331,14.4768],[120.97276,14.47643],[120.97248,14.47652],[120.97312,14.47698],[120.97479,14.47699],[120.97645,14.47827],[120.97683,14.47773],[120.97682,14.47855],[120.9782,14.47937],[120.97831,14.47829],[120.97775,14.47855]]],[[[120.97416,14.47527],[120.97407,14.47536],[120.97416,14.47536],[120.97416,14.47527]]],[[[120.97388,14.47527],[120.97407,14.47518],[120.97388,14.47518],[120.97388,14.47527]]],[[[120.97496,14.47934],[120.97486,14.47943],[120.97496,14.47943],[120.97496,14.47934]]],[[[120.97867,14.47937],[120.97895,14.47911],[120.97867,14.4791],[120.97867,14.47937]]],[[[120.97653,14.47945],[120.97672,14.47927],[120.97644,14.47927],[120.97653,14.47945]]],[[[120.97922,14.47965],[120.97904,14.47938],[120.97904,14.47965],[120.97922,14.47965]]],[[[120.97514,14.47943],[120.97514,14.47971],[120.97533,14.47971],[120.97514,14.47943]]],[[[120.977,14.47963],[120.97681,14.47972],[120.97699,14.47972],[120.977,14.47963]]],[[[120.97727,14.47972],[120.97718,14.47963],[120.97718,14.47972],[120.97727,14.47972]]],[[[120.9782,14.47973],[120.97839,14.47964],[120.9782,14.47964],[120.9782,14.47973]]],[[[120.97848,14.47973],[120.97839,14.47982],[120.97848,14.47982],[120.97848,14.47973]]],[[[120.97551,14.47971],[120.97542,14.47989],[120.9756,14.47989],[120.97551,14.47971]]],[[[120.9757,14.47989],[120.9756,14.47998],[120.97569,14.47998],[120.9757,14.47989]]],[[[120.97866,14.47992],[120.97848,14.48001],[120.97866,14.48001],[120.97866,14.47992]]],[[[120.97579,14.47998],[120.97569,14.48007],[120.97579,14.48007],[120.97579,14.47998]]],[[[120.97588,14.48007],[120.97579,14.48016],[120.97588,14.48016],[120.97588,14.48007]]],[[[120.97597,14.48016],[120.97588,14.48025],[120.97597,14.48026],[120.97597,14.48016]]],[[[120.97606,14.48026],[120.97597,14.48035],[120.97606,14.48035],[120.97606,14.48026]]],[[[120.97912,14.48019],[120.97894,14.48028],[120.97912,14.48037],[120.97912,14.48019]]],[[[120.97615,14.48035],[120.97606,14.48044],[120.97615,14.48044],[120.97615,14.48035]]],[[[120.97857,14.48028],[120.97884,14.48037],[120.97885,14.4801],[120.97857,14.48028]]],[[[120.97634,14.48044],[120.97624,14.48062],[120.97643,14.48062],[120.97634,14.48044]]],[[[120.97652,14.48062],[120.97643,14.48071],[120.97652,14.48071],[120.97652,14.48062]]],[[[120.97662,14.48071],[120.97652,14.4808],[120.97661,14.4808],[120.97662,14.48071]]],[[[120.97829,14.48064],[120.97791,14.48063],[120.97828,14.48082],[120.97829,14.48064]]],[[[120.97671,14.4808],[120.97661,14.48089],[120.97671,14.48089],[120.97671,14.4808]]],[[[120.9768,14.48089],[120.97671,14.48098],[120.9768,14.48099],[120.9768,14.48089]]],[[[120.97689,14.48099],[120.9768,14.48108],[120.97689,14.48108],[120.97689,14.48099]]],[[[120.97698,14.48108],[120.97689,14.48117],[120.97698,14.48117],[120.97698,14.48108]]],[[[120.97707,14.48117],[120.97698,14.48126],[120.97707,14.48126],[120.97707,14.48117]]],[[[120.97717,14.48126],[120.97707,14.48144],[120.97716,14.48144],[120.97717,14.48126]]],[[[120.97202,14.48146],[120.97206,14.4814],[120.97202,14.4814],[120.97202,14.48146]]],[[[120.97726,14.48144],[120.97716,14.48153],[120.97726,14.48153],[120.97726,14.48144]]],[[[120.97744,14.48162],[120.97726,14.48171],[120.97744,14.48171],[120.97744,14.48162]]],[[[120.97772,14.4819],[120.97762,14.48198],[120.97772,14.48195],[120.97772,14.4819]]],[[[120.97735,14.48198],[120.97753,14.48171],[120.97735,14.4818],[120.97735,14.48198]]],[[[120.97768,14.48206],[120.97781,14.48199],[120.97777,14.48199],[120.97768,14.48206]]],[[[120.97799,14.48226],[120.97781,14.48235],[120.97799,14.48244],[120.97799,14.48226]]],[[[120.97808,14.48244],[120.97799,14.48253],[120.97808,14.48253],[120.97808,14.48244]]],[[[120.97224,14.48237],[120.97216,14.48158],[120.97208,14.48158],[120.97224,14.48237]]],[[[120.97818,14.48253],[120.9781,14.48262],[120.97817,14.48262],[120.97818,14.48253]]],[[[120.97827,14.48262],[120.97817,14.48269],[120.97827,14.48271],[120.97827,14.48262]]],[[[120.97836,14.48272],[120.97826,14.4829],[120.97836,14.4829],[120.97836,14.48272]]],[[[120.97845,14.4829],[120.97836,14.48299],[120.97845,14.48299],[120.97845,14.4829]]],[[[120.97854,14.48299],[120.97845,14.48317],[120.97854,14.48317],[120.97854,14.48299]]],[[[120.97863,14.48317],[120.97854,14.48326],[120.97863,14.48326],[120.97863,14.48317]]],[[[120.97891,14.48353],[120.97863,14.48353],[120.97891,14.48371],[120.97891,14.48353]]],[[[120.97927,14.48408],[120.9789,14.48399],[120.97927,14.48426],[120.97927,14.48408]]],[[[120.97937,14.48426],[120.97927,14.48435],[120.97936,14.48435],[120.97937,14.48426]]],[[[120.97946,14.48435],[120.97936,14.48453],[120.97946,14.48453],[120.97946,14.48435]]],[[[120.97955,14.48453],[120.97945,14.48462],[120.97955,14.48462],[120.97955,14.48453]]],[[[120.97389,14.48476],[120.97315,14.4843],[120.97242,14.48266],[120.97324,14.48475],[120.97389,14.48476]]],[[[120.97964,14.48462],[120.97955,14.48478],[120.97964,14.48481],[120.97964,14.48462]]],[[[120.97398,14.48476],[120.97389,14.48485],[120.97398,14.48485],[120.97398,14.48476]]],[[[120.97973,14.48481],[120.97964,14.4849],[120.97973,14.4849],[120.97973,14.48481]]],[[[120.97407,14.48485],[120.97398,14.48494],[120.97407,14.48494],[120.97407,14.48485]]],[[[120.97982,14.4849],[120.97973,14.48499],[120.97982,14.48499],[120.97982,14.4849]]],[[[120.97417,14.48494],[120.97407,14.48512],[120.97416,14.48512],[120.97417,14.48494]]],[[[120.97992,14.48499],[120.97982,14.48517],[120.97991,14.48517],[120.97992,14.48499]]],[[[120.97426,14.48512],[120.97416,14.48521],[120.97426,14.48521],[120.97426,14.48512]]],[[[120.98001,14.48517],[120.97991,14.48526],[120.98001,14.48526],[120.98001,14.48517]]],[[[120.97435,14.48521],[120.97425,14.48539],[120.97435,14.48539],[120.97435,14.48521]]],[[[120.9801,14.48526],[120.98,14.48544],[120.9801,14.48544],[120.9801,14.48526]]],[[[120.97444,14.48539],[120.97435,14.48548],[120.97444,14.48548],[120.97444,14.48539]]],[[[120.98019,14.48544],[120.9801,14.48553],[120.98019,14.48553],[120.98019,14.48544]]],[[[120.97453,14.48548],[120.97444,14.48557],[120.97453,14.48557],[120.97453,14.48548]]],[[[120.97537,14.48558],[120.97546,14.48552],[120.97537,14.48549],[120.97537,14.48558]]],[[[120.97555,14.48559],[120.97546,14.48567],[120.97555,14.48567],[120.97555,14.48559]]],[[[120.98019,14.48571],[120.98028,14.48562],[120.98019,14.48562],[120.98019,14.48571]]],[[[120.97559,14.48567],[120.97555,14.48576],[120.97564,14.48576],[120.97559,14.48567]]],[[[120.98037,14.48572],[120.98028,14.4858],[120.98037,14.48581],[120.98037,14.48572]]],[[[120.97453,14.48557],[120.9749,14.48585],[120.97527,14.48549],[120.9749,14.48567],[120.97453,14.48557]]],[[[120.97564,14.48595],[120.97573,14.48586],[120.97564,14.48586],[120.97564,14.48595]]],[[[120.98046,14.48581],[120.98037,14.48599],[120.98046,14.48599],[120.98046,14.48581]]],[[[120.97581,14.48595],[120.97573,14.48604],[120.97582,14.48604],[120.97581,14.48595]]],[[[120.97592,14.48607],[120.97582,14.48613],[120.97592,14.48613],[120.97592,14.48607]]],[[[120.98046,14.48626],[120.98055,14.48608],[120.98046,14.48608],[120.98046,14.48626]]],[[[120.97601,14.48631],[120.97592,14.48622],[120.97592,14.48631],[120.97601,14.48631]]],[[[120.98065,14.48626],[120.98055,14.48635],[120.98064,14.48635],[120.98065,14.48626]]],[[[120.98074,14.48635],[120.98064,14.48653],[120.98074,14.48653],[120.98074,14.48635]]],[[[120.98083,14.48653],[120.98074,14.48662],[120.98083,14.48662],[120.98083,14.48653]]],[[[120.97573,14.48658],[120.97591,14.48667],[120.97601,14.4864],[120.97573,14.48658]]],[[[120.97572,14.48685],[120.97563,14.48667],[120.97563,14.48685],[120.97572,14.48685]]],[[[120.97582,14.48685],[120.97572,14.48694],[120.97582,14.48694],[120.97582,14.48685]]],[[[120.98092,14.48662],[120.98092,14.48708],[120.9811,14.48708],[120.98092,14.48662]]],[[[120.98119,14.48708],[120.9811,14.48717],[120.98119,14.48717],[120.98119,14.48708]]],[[[120.976,14.48703],[120.97581,14.48712],[120.976,14.48721],[120.976,14.48703]]],[[[120.97609,14.48721],[120.976,14.48739],[120.97609,14.4874],[120.97609,14.48721]]],[[[120.97618,14.4874],[120.97609,14.48749],[120.97618,14.48749],[120.97618,14.4874]]],[[[120.97628,14.48749],[120.97618,14.48767],[120.97627,14.48767],[120.97628,14.48749]]],[[[120.97637,14.48767],[120.97627,14.48776],[120.97637,14.48776],[120.97637,14.48767]]],[[[120.97646,14.48776],[120.97636,14.48785],[120.97646,14.48785],[120.97646,14.48776]]],[[[120.97655,14.48785],[120.97646,14.48794],[120.97655,14.48794],[120.97655,14.48785]]],[[[120.98119,14.48717],[120.98119,14.48771],[120.98164,14.48871],[120.98165,14.48789],[120.98119,14.48717]]],[[[120.98146,14.48898],[120.98155,14.4888],[120.98152,14.4888],[120.98146,14.48898]]],[[[120.98173,14.48907],[120.98155,14.48916],[120.98173,14.48925],[120.98173,14.48907]]],[[[120.98182,14.48925],[120.98172,14.49006],[120.98182,14.49007],[120.98182,14.48925]]],[[[120.97655,14.48794],[120.97635,14.48902],[120.97682,14.48912],[120.97625,14.48984],[120.97671,14.49029],[120.97644,14.48975],[120.97737,14.49003],[120.97765,14.48967],[120.97655,14.48794]]],[[[120.98191,14.49007],[120.98181,14.49034],[120.98191,14.49034],[120.98191,14.49007]]],[[[120.97681,14.49029],[120.97671,14.49047],[120.9768,14.49047],[120.97681,14.49029]]],[[[120.982,14.49034],[120.9819,14.49061],[120.982,14.49061],[120.982,14.49034]]],[[[120.97699,14.49057],[120.9768,14.49065],[120.97699,14.49075],[120.97699,14.49057]]],[[[120.97708,14.49075],[120.97699,14.49084],[120.97708,14.49084],[120.97708,14.49075]]],[[[120.98227,14.4907],[120.98209,14.49097],[120.98218,14.49097],[120.98227,14.4907]]],[[[120.98208,14.49124],[120.98199,14.49101],[120.98199,14.49124],[120.98208,14.49124]]],[[[120.97708,14.49084],[120.97717,14.4912],[120.97745,14.49138],[120.97745,14.4912],[120.97708,14.49084]]],[[[120.97754,14.49138],[120.97744,14.49147],[120.97754,14.49147],[120.97754,14.49138]]],[[[120.98203,14.49151],[120.98208,14.49142],[120.98199,14.49142],[120.98203,14.49151]]],[[[120.98255,14.49152],[120.98212,14.4916],[120.98254,14.4917],[120.98255,14.49152]]],[[[120.98394,14.49171],[120.98412,14.4918],[120.98412,14.49171],[120.98394,14.49171]]],[[[120.9844,14.4918],[120.98421,14.49171],[120.98421,14.4918],[120.9844,14.4918]]],[[[120.98226,14.49188],[120.98226,14.49183],[120.98219,14.49188],[120.98226,14.49188]]],[[[120.98393,14.49189],[120.98375,14.4918],[120.98375,14.49189],[120.98393,14.49189]]],[[[120.9846,14.4919],[120.98523,14.49172],[120.98458,14.49181],[120.9846,14.4919]]],[[[120.98208,14.49197],[120.98217,14.49188],[120.98204,14.49196],[120.98208,14.49197]]],[[[120.98375,14.4918],[120.98273,14.4917],[120.98236,14.49197],[120.98286,14.49175],[120.98375,14.4918]]],[[[120.98542,14.4919],[120.98532,14.49199],[120.98542,14.49199],[120.98542,14.4919]]],[[[120.98198,14.49205],[120.98198,14.49199],[120.9819,14.49205],[120.98198,14.49205]]],[[[120.98236,14.49206],[120.98226,14.49197],[120.98226,14.49206],[120.98236,14.49206]]],[[[120.9818,14.49212],[120.98189,14.49214],[120.98189,14.49206],[120.9818,14.49212]]],[[[120.98221,14.49215],[120.98208,14.49206],[120.98208,14.49215],[120.98221,14.49215]]],[[[120.98551,14.49199],[120.98542,14.49214],[120.98551,14.49216],[120.98551,14.49199]]],[[[120.9818,14.49223],[120.98176,14.49214],[120.98163,14.49223],[120.9818,14.49223]]],[[[120.98208,14.49224],[120.98198,14.49214],[120.98198,14.49224],[120.98208,14.49224]]],[[[120.9856,14.49218],[120.98552,14.49218],[120.9856,14.49225],[120.9856,14.49218]]],[[[120.98152,14.49232],[120.98161,14.49224],[120.98152,14.4923],[120.98152,14.49232]]],[[[120.98198,14.49231],[120.98189,14.49223],[120.98189,14.49232],[120.98198,14.49231]]],[[[120.98569,14.49227],[120.98562,14.49227],[120.98569,14.49233],[120.98569,14.49227]]],[[[120.97762,14.49238],[120.97772,14.49202],[120.97682,14.49138],[120.97679,14.49228],[120.97762,14.49238]]],[[[120.98142,14.49241],[120.98143,14.49237],[120.98136,14.49241],[120.98142,14.49241]]],[[[120.9817,14.49232],[120.9818,14.49241],[120.9818,14.49232],[120.9817,14.49232]]],[[[120.98578,14.49236],[120.98571,14.49236],[120.98578,14.49244],[120.98578,14.49236]]],[[[120.98124,14.4925],[120.98133,14.49242],[120.9812,14.4925],[120.98124,14.4925]]],[[[120.98169,14.49247],[120.98161,14.49241],[120.98161,14.4925],[120.98169,14.49247]]],[[[120.97754,14.49147],[120.978,14.49202],[120.97994,14.49258],[120.97846,14.49202],[120.97754,14.49147]]],[[[120.98106,14.49257],[120.98114,14.49259],[120.98115,14.49254],[120.98106,14.49257]]],[[[120.98158,14.49258],[120.98152,14.4925],[120.98152,14.49259],[120.98158,14.49258]]],[[[120.98014,14.49262],[120.97994,14.49267],[120.98022,14.49267],[120.98014,14.49262]]],[[[120.98105,14.49268],[120.98087,14.49266],[120.98087,14.49268],[120.98105,14.49268]]],[[[120.98037,14.49267],[120.98022,14.49276],[120.98049,14.49276],[120.98037,14.49267]]],[[[120.98068,14.49277],[120.98077,14.4927],[120.98064,14.49277],[120.98068,14.49277]]],[[[120.98137,14.49277],[120.98133,14.49259],[120.98124,14.49277],[120.98137,14.49277]]],[[[120.98606,14.49272],[120.986,14.49272],[120.98606,14.49278],[120.98606,14.49272]]],[[[120.98059,14.49277],[120.98049,14.49286],[120.98059,14.49286],[120.98059,14.49277]]],[[[120.98124,14.49283],[120.98114,14.49277],[120.98114,14.49286],[120.98124,14.49283]]],[[[120.97957,14.49293],[120.97948,14.49258],[120.97771,14.49238],[120.97771,14.49256],[120.97957,14.49293]]],[[[120.98624,14.49299],[120.98618,14.49299],[120.98624,14.49308],[120.98624,14.49299]]],[[[120.98631,14.49317],[120.98633,14.49309],[120.98624,14.49309],[120.98631,14.49317]]],[[[120.98643,14.49318],[120.98634,14.49322],[120.98642,14.49332],[120.98643,14.49318]]],[[[120.98652,14.49345],[120.98645,14.49336],[120.98652,14.49349],[120.98652,14.49345]]],[[[120.98658,14.49361],[120.98661,14.49354],[120.98654,14.49354],[120.98658,14.49361]]],[[[120.9867,14.49363],[120.98661,14.49365],[120.9867,14.49379],[120.9867,14.49363]]],[[[120.98679,14.4939],[120.98671,14.49381],[120.98679,14.49394],[120.98679,14.4939]]],[[[120.99328,14.49396],[120.99319,14.49387],[120.99319,14.49396],[120.99328,14.49396]]],[[[120.98697,14.49418],[120.98692,14.49418],[120.98697,14.49424],[120.98697,14.49418]]],[[[120.9871,14.49462],[120.98716,14.49454],[120.98712,14.49454],[120.9871,14.49462]]],[[[120.98725,14.49472],[120.9872,14.49472],[120.98725,14.4948],[120.98725,14.49472]]],[[[120.98734,14.4949],[120.98729,14.4949],[120.98734,14.49498],[120.98734,14.4949]]],[[[120.98752,14.49536],[120.98747,14.49526],[120.98752,14.49543],[120.98752,14.49536]]],[[[120.98761,14.49563],[120.98753,14.49545],[120.98753,14.49563],[120.98761,14.49563]]],[[[120.98762,14.49588],[120.9877,14.49572],[120.98764,14.49572],[120.98762,14.49588]]],[[[120.99391,14.49604],[120.99458,14.49379],[120.99329,14.4936],[120.99411,14.49505],[120.99391,14.49604]]],[[[120.98774,14.49608],[120.98779,14.4959],[120.9877,14.4959],[120.98774,14.49608]]],[[[120.98779,14.49635],[120.98788,14.49617],[120.98783,14.49617],[120.98779,14.49635]]],[[[120.98436,14.49641],[120.98426,14.49632],[120.98426,14.49641],[120.98436,14.49641]]],[[[120.98788,14.49657],[120.98797,14.49644],[120.98788,14.49644],[120.98788,14.49657]]],[[[120.98806,14.49685],[120.98806,14.49672],[120.98797,14.49671],[120.98806,14.49685]]],[[[120.98806,14.49716],[120.98815,14.4972],[120.98815,14.49699],[120.98806,14.49716]]],[[[120.99724,14.49725],[120.9979,14.49662],[120.99725,14.4967],[120.99633,14.49579],[120.99409,14.49668],[120.99437,14.49722],[120.99474,14.49659],[120.99595,14.49624],[120.99492,14.49705],[120.99724,14.49725]]],[[[120.98824,14.49753],[120.98815,14.49735],[120.98822,14.49753],[120.98824,14.49753]]],[[[120.98824,14.49787],[120.98833,14.49762],[120.98828,14.49762],[120.98824,14.49787]]],[[[120.99436,14.49776],[120.99724,14.4977],[120.9978,14.49725],[120.99399,14.49758],[120.99363,14.49622],[120.99334,14.49794],[120.99344,14.49739],[120.99436,14.49776]]],[[[120.99427,14.49794],[120.99408,14.49785],[120.99408,14.49803],[120.99427,14.49794]]],[[[120.98267,14.49812],[120.98258,14.49802],[120.98249,14.49811],[120.98267,14.49812]]],[[[120.98842,14.49789],[120.98833,14.49816],[120.98842,14.49816],[120.98842,14.49789]]],[[[120.98851,14.49844],[120.98842,14.49825],[120.98842,14.49844],[120.98851,14.49844]]],[[[120.98851,14.4988],[120.9886,14.49853],[120.98851,14.49853],[120.98851,14.4988]]],[[[120.98869,14.4988],[120.9886,14.49907],[120.98869,14.49907],[120.98869,14.4988]]],[[[120.98387,14.49939],[120.98378,14.49912],[120.98368,14.49939],[120.98387,14.49939]]],[[[120.98878,14.49907],[120.9887,14.49941],[120.98878,14.49943],[120.98878,14.49907]]],[[[120.98887,14.49952],[120.9888,14.49992],[120.98882,14.50016],[120.98887,14.50016],[120.98887,14.49952]]],[[[120.98525,14.50049],[120.98516,14.5004],[120.98515,14.50049],[120.98525,14.50049]]],[[[120.98887,14.50043],[120.98877,14.50056],[120.98886,14.50068],[120.98887,14.50043]]],[[[120.99434,14.49993],[120.99408,14.49803],[120.9938,14.49866],[120.99343,14.49794],[120.99397,14.50011],[120.99377,14.50119],[120.99416,14.49984],[120.99433,14.50129],[120.99434,14.49993]]],[[[120.99377,14.50137],[120.99368,14.50119],[120.99368,14.50137],[120.99377,14.50137]]],[[[120.99368,14.50164],[120.99349,14.50146],[120.9934,14.50173],[120.99368,14.50164]]],[[[120.99247,14.50181],[120.99265,14.50191],[120.99266,14.50182],[120.99247,14.50181]]],[[[120.99247,14.5019],[120.99062,14.5018],[120.98978,14.50206],[120.99219,14.50208],[120.99247,14.5019]]],[[[120.98895,14.50166],[120.98969,14.50197],[120.98887,14.5007],[120.98895,14.50166]]],[[[120.99265,14.50191],[120.99293,14.50191],[120.9934,14.50173],[120.99265,14.50191]]],[[[120.99302,14.50218],[120.99293,14.50227],[120.99302,14.50227],[120.99302,14.50218]]],[[[120.99423,14.50156],[120.99368,14.50182],[120.99376,14.50228],[120.99423,14.50156]]],[[[120.99265,14.50236],[120.99237,14.50226],[120.99237,14.50236],[120.99265,14.50236]]],[[[120.99321,14.50227],[120.99302,14.50236],[120.99321,14.50236],[120.99321,14.50227]]],[[[120.99237,14.50245],[120.99172,14.50235],[120.99172,14.50244],[120.99237,14.50245]]],[[[120.99395,14.50228],[120.99386,14.50246],[120.99395,14.50246],[120.99395,14.50228]]],[[[120.98977,14.50242],[120.99033,14.50252],[120.99033,14.50243],[120.98977,14.50242]]],[[[120.99144,14.50244],[120.99089,14.50252],[120.99144,14.50253],[120.99144,14.50244]]],[[[120.98977,14.5026],[120.98972,14.50251],[120.98971,14.5026],[120.98977,14.5026]]],[[[120.98949,14.50269],[120.98933,14.50265],[120.98929,14.50269],[120.98949,14.50269]]],[[[120.99404,14.50246],[120.99395,14.50273],[120.99404,14.50273],[120.99404,14.50246]]],[[[120.98847,14.50295],[120.98846,14.50293],[120.98831,14.50295],[120.98847,14.50295]]],[[[120.99321,14.50236],[120.99358,14.50264],[120.99376,14.50309],[120.99367,14.50255],[120.99321,14.50236]]],[[[120.98425,14.49813],[120.98342,14.49785],[120.98305,14.49758],[120.98324,14.49704],[120.98105,14.49286],[120.98169,14.49693],[120.98222,14.49703],[120.98202,14.49793],[120.98249,14.4982],[120.98249,14.49766],[120.9836,14.4983],[120.9846,14.50039],[120.98449,14.50193],[120.98375,14.50174],[120.9834,14.49993],[120.98228,14.49992],[120.98176,14.50198],[120.9828,14.50204],[120.98471,14.50328],[120.988,14.50205],[120.98728,14.50177],[120.98551,14.50239],[120.98461,14.49904],[120.98415,14.49885],[120.98425,14.49813]]],[[[120.98467,14.50238],[120.98458,14.50247],[120.98467,14.50247],[120.98467,14.50238]]],[[[120.98393,14.50255],[120.98458,14.50229],[120.98384,14.50228],[120.98393,14.50255]]],[[[120.98504,14.50256],[120.98495,14.50238],[120.98514,14.50238],[120.98504,14.50256]]],[[[120.9819,14.5019],[120.98199,14.50172],[120.98245,14.50191],[120.9819,14.5019]]],[[[120.98265,14.50046],[120.98312,14.50011],[120.98321,14.50047],[120.98265,14.50046]]],[[[120.98258,14.49757],[120.98249,14.49748],[120.98258,14.49748],[120.98258,14.49757]]],[[[120.98223,14.49603],[120.9825,14.49622],[120.98241,14.49594],[120.98223,14.49603]]],[[[120.98222,14.49639],[120.98213,14.4963],[120.98213,14.49639],[120.98222,14.49639]]],[[[120.98176,14.49621],[120.98195,14.49639],[120.98176,14.49639],[120.98176,14.49621]]],[[[120.98176,14.49594],[120.98186,14.49558],[120.98186,14.49594],[120.98176,14.49594]]],[[[120.98223,14.49549],[120.98214,14.49531],[120.98223,14.49531],[120.98223,14.49549]]],[[[120.98214,14.49522],[120.98205,14.49513],[120.98214,14.49513],[120.98214,14.49522]]],[[[120.98205,14.49504],[120.98196,14.49495],[120.98205,14.49495],[120.98205,14.49504]]],[[[120.98196,14.49486],[120.98187,14.49476],[120.98196,14.49477],[120.98196,14.49486]]],[[[120.98159,14.49422],[120.98169,14.49395],[120.98169,14.49422],[120.98159,14.49422]]],[[[120.99385,14.50309],[120.99375,14.50336],[120.99385,14.50336],[120.99385,14.50309]]],[[[120.98661,14.50348],[120.98658,14.50345],[120.98654,14.50348],[120.98661,14.50348]]],[[[120.99394,14.50336],[120.99385,14.50363],[120.99394,14.50363],[120.99394,14.50336]]],[[[120.98596,14.50366],[120.98615,14.50358],[120.98596,14.50362],[120.98596,14.50366]]],[[[120.9854,14.50383],[120.9855,14.50379],[120.98532,14.50383],[120.9854,14.50383]]],[[[120.99403,14.50363],[120.99394,14.5039],[120.99403,14.50391],[120.99403,14.50363]]],[[[120.98512,14.50392],[120.98512,14.50388],[120.98505,14.50392],[120.98512,14.50392]]],[[[120.99412,14.50391],[120.99403,14.504],[120.99412,14.504],[120.99412,14.50391]]],[[[120.98429,14.50418],[120.98447,14.50411],[120.98429,14.50415],[120.98429,14.50418]]],[[[120.98419,14.50427],[120.98419,14.50419],[120.98411,14.50427],[120.98419,14.50427]]],[[[120.98391,14.50436],[120.9838,14.50431],[120.98373,14.50436],[120.98391,14.50436]]],[[[120.99458,14.50418],[120.99449,14.50436],[120.99458,14.50436],[120.99458,14.50418]]],[[[120.98354,14.50445],[120.98363,14.5044],[120.98347,14.50445],[120.98354,14.50445]]],[[[120.99421,14.50454],[120.99431,14.50319],[120.99404,14.50273],[120.99421,14.50454]]],[[[120.99458,14.50472],[120.99467,14.50454],[120.99458,14.50454],[120.99458,14.50472]]],[[[120.99476,14.50473],[120.99467,14.50518],[120.99476,14.50518],[120.99476,14.50473]]],[[[120.9943,14.50454],[120.9943,14.50499],[120.99457,14.50554],[120.99457,14.50518],[120.9943,14.50454]]],[[[120.99485,14.50563],[120.99476,14.50527],[120.99475,14.50563],[120.99485,14.50563]]],[[[120.99466,14.50554],[120.99457,14.50599],[120.99466,14.50599],[120.99466,14.50554]]],[[[120.99484,14.50608],[120.99494,14.50572],[120.99485,14.50572],[120.99484,14.50608]]],[[[120.99475,14.50599],[120.99466,14.50635],[120.99475,14.50635],[120.99475,14.50599]]],[[[120.99503,14.50608],[120.99493,14.50644],[120.99503,14.50644],[120.99503,14.50608]]],[[[120.99521,14.50672],[120.99474,14.50671],[120.99538,14.50798],[120.99521,14.50672]]],[[[120.97852,14.51588],[120.97848,14.51588],[120.97852,14.51597],[120.97852,14.51588]]],[[[120.97861,14.51606],[120.97857,14.51606],[120.97861,14.51614],[120.97861,14.51606]]],[[[120.97916,14.51661],[120.97889,14.51643],[120.97879,14.51657],[120.97916,14.51661]]],[[[120.98527,14.51865],[120.98499,14.51874],[120.98527,14.51874],[120.98527,14.51865]]],[[[120.97932,14.51878],[120.97998,14.51882],[120.97998,14.51879],[120.97932,14.51878]]],[[[120.98258,14.51881],[120.98452,14.51892],[120.98471,14.51874],[120.98258,14.51881]]],[[[120.98183,14.51889],[120.9823,14.51881],[120.98081,14.51879],[120.98183,14.51889]]],[[[120.98146,14.51916],[120.98137,14.51907],[120.98137,14.51916],[120.98146,14.51916]]],[[[120.9796,14.51923],[120.97988,14.51916],[120.97961,14.51917],[120.9796,14.51923]]],[[[120.97958,14.5224],[120.97948,14.52231],[120.97948,14.5224],[120.97958,14.5224]]],[[[120.98002,14.52439],[120.9803,14.52457],[120.9803,14.52448],[120.98002,14.52439]]],[[[120.98076,14.52485],[120.98048,14.52494],[120.98076,14.52503],[120.98076,14.52485]]],[[[120.98029,14.52557],[120.9802,14.52547],[120.9802,14.52557],[120.98029,14.52557]]],[[[120.97993,14.52457],[120.97946,14.52456],[120.97946,14.52529],[120.97983,14.52538],[120.97945,14.5261],[120.9801,14.52547],[120.97993,14.52457]]],[[[120.97972,14.52701],[120.97963,14.52683],[120.97963,14.52701],[120.97972,14.52701]]],[[[120.99846,14.52717],[120.99955,14.51959],[120.99799,14.51704],[120.99775,14.51297],[120.99637,14.51134],[120.99529,14.50807],[120.99609,14.51142],[120.99765,14.51352],[120.99736,14.51487],[120.99772,14.51677],[120.99927,14.51958],[120.99846,14.52717]]],[[[120.99938,14.5279],[120.99827,14.52753],[120.99965,14.52871],[120.99938,14.5279]]],[[[120.981,14.52883],[120.98073,14.52855],[120.98063,14.52882],[120.981,14.52883]]],[[[120.97989,14.52891],[120.98026,14.529],[120.98026,14.52882],[120.97989,14.52891]]],[[[120.99983,14.52926],[120.99965,14.52889],[120.99964,14.52926],[120.99983,14.52926]]],[[[120.98025,14.52936],[120.98016,14.52927],[120.98016,14.52936],[120.98025,14.52936]]],[[[120.98081,14.52964],[120.97912,14.52953],[120.98109,14.52982],[120.98081,14.52964]]],[[[120.98192,14.52983],[120.98146,14.52991],[120.98192,14.52992],[120.98192,14.52983]]],[[[120.98294,14.52993],[120.98248,14.53001],[120.98294,14.53002],[120.98294,14.52993]]],[[[120.98331,14.53002],[120.9835,14.52993],[120.98331,14.52993],[120.98331,14.53002]]],[[[120.98424,14.53003],[120.98349,14.53011],[120.98424,14.53012],[120.98424,14.53003]]],[[[120.98461,14.53012],[120.98433,14.53021],[120.98461,14.53021],[120.98461,14.53012]]],[[[120.9821,14.53028],[120.9809,14.52991],[120.98016,14.5299],[120.98034,14.53018],[120.9821,14.53028]]],[[[120.98572,14.53022],[120.98544,14.53031],[120.98572,14.53031],[120.98572,14.53022]]],[[[120.98665,14.53032],[120.98637,14.53041],[120.98665,14.53041],[120.98665,14.53032]]],[[[120.9821,14.53028],[120.98284,14.53047],[120.98386,14.53048],[120.98303,14.53029],[120.9821,14.53028]]],[[[120.98748,14.53042],[120.9872,14.53051],[120.98748,14.53051],[120.98748,14.53042]]],[[[120.98488,14.53049],[120.98395,14.53057],[120.98488,14.53058],[120.98488,14.53049]]],[[[120.98841,14.53052],[120.98813,14.5306],[120.98841,14.53061],[120.98841,14.53052]]],[[[120.98525,14.53058],[120.98497,14.53067],[120.98525,14.53067],[120.98525,14.53058]]],[[[120.98933,14.53061],[120.98896,14.5307],[120.98933,14.5307],[120.98933,14.53061]]],[[[120.98637,14.53068],[120.98572,14.53076],[120.98636,14.53077],[120.98637,14.53068]]],[[[120.9872,14.53078],[120.98673,14.53086],[120.9872,14.53087],[120.9872,14.53078]]],[[[120.99109,14.5309],[120.99091,14.53081],[120.99091,14.5309],[120.99109,14.5309]]],[[[120.98803,14.53087],[120.98757,14.53096],[120.98803,14.53096],[120.98803,14.53087]]],[[[120.99202,14.53091],[120.99174,14.531],[120.99202,14.531],[120.99202,14.53091]]],[[[120.98915,14.53097],[120.9885,14.53106],[120.98914,14.53106],[120.98915,14.53097]]],[[[120.99276,14.5311],[120.99286,14.53101],[120.99276,14.531],[120.99276,14.5311]]],[[[120.99007,14.53116],[120.9898,14.5308],[120.99026,14.53071],[120.98943,14.53071],[120.98933,14.53107],[120.99007,14.53116]]],[[[120.991,14.53117],[120.99035,14.53126],[120.991,14.53126],[120.991,14.53117]]],[[[120.99183,14.53127],[120.99118,14.53135],[120.99183,14.53136],[120.99183,14.53127]]],[[[120.9922,14.53145],[120.99276,14.53137],[120.9922,14.53136],[120.9922,14.53145]]],[[[120.97913,14.53016],[120.97982,14.53008],[120.97913,14.52999],[120.97906,14.53178],[120.9793,14.53206],[120.97913,14.53016]]],[[[120.99286,14.5311],[120.99276,14.53146],[120.99275,14.53254],[120.99294,14.53182],[120.99286,14.5311]]],[[[120.99275,14.53299],[120.99265,14.5329],[120.99265,14.53299],[120.99275,14.53299]]],[[[120.98264,14.54267],[120.98246,14.54266],[120.98264,14.54269],[120.98264,14.54267]]],[[[120.98273,14.54303],[120.98292,14.54285],[120.9828,14.54276],[120.98273,14.54303]]],[[[120.98384,14.54295],[120.98356,14.54304],[120.98384,14.54304],[120.98384,14.54295]]],[[[120.98431,14.54304],[120.98393,14.54313],[120.9843,14.54313],[120.98431,14.54304]]],[[[120.98273,14.54321],[120.98273,14.54305],[120.98269,14.54321],[120.98273,14.54321]]],[[[120.98458,14.54322],[120.9844,14.54313],[120.9844,14.54322],[120.98458,14.54322]]],[[[120.98495,14.54332],[120.98477,14.54323],[120.98477,14.54332],[120.98495,14.54332]]],[[[120.98551,14.54332],[120.98523,14.54341],[120.98551,14.54341],[120.98551,14.54332]]],[[[120.98579,14.54351],[120.9856,14.54341],[120.9856,14.5435],[120.98579,14.54351]]],[[[120.98301,14.54294],[120.98328,14.54357],[120.98319,14.54294],[120.98347,14.54285],[120.98301,14.54294]]],[[[120.98616,14.5436],[120.98597,14.54351],[120.98597,14.5436],[120.98616,14.5436]]],[[[120.98662,14.54369],[120.98643,14.5436],[120.98643,14.54369],[120.98662,14.54369]]],[[[120.98319,14.54375],[120.98309,14.54357],[120.98309,14.54375],[120.98319,14.54375]]],[[[120.9868,14.54379],[120.98699,14.5437],[120.9868,14.5437],[120.9868,14.54379]]],[[[120.98745,14.54379],[120.98699,14.54388],[120.98745,14.54388],[120.98745,14.54379]]],[[[120.98773,14.54397],[120.98754,14.54388],[120.98754,14.54397],[120.98773,14.54397]]],[[[120.98801,14.54407],[120.98782,14.54398],[120.98782,14.54407],[120.98801,14.54407]]],[[[120.98828,14.54416],[120.98819,14.54407],[120.98819,14.54416],[120.98828,14.54416]]],[[[120.98847,14.54416],[120.98866,14.54407],[120.98847,14.54407],[120.98847,14.54416]]],[[[120.98187,14.54401],[120.982,14.54379],[120.98198,14.54362],[120.98187,14.54401]]],[[[120.98875,14.54416],[120.98865,14.54425],[120.98875,14.54425],[120.98875,14.54416]]],[[[120.98587,14.54414],[120.98476,14.54422],[120.98633,14.54432],[120.98587,14.54414]]],[[[120.98884,14.54426],[120.98875,14.54434],[120.98884,14.54435],[120.98884,14.54426]]],[[[120.9829,14.54438],[120.98254,14.54384],[120.98192,14.5442],[120.98244,14.5442],[120.9829,14.54438]]],[[[120.98337,14.5443],[120.98346,14.54439],[120.98346,14.5443],[120.98337,14.5443]]],[[[120.9868,14.54433],[120.98633,14.54441],[120.9868,14.54442],[120.9868,14.54433]]],[[[120.9894,14.54435],[120.98884,14.54444],[120.9894,14.54444],[120.9894,14.54435]]],[[[120.98958,14.54444],[120.99023,14.54436],[120.98958,14.54435],[120.98958,14.54444]]],[[[120.98336,14.54448],[120.9829,14.54438],[120.9829,14.54448],[120.98336,14.54448]]],[[[120.98457,14.54431],[120.98411,14.54403],[120.98346,14.54448],[120.98457,14.54431]]],[[[120.98726,14.54442],[120.9868,14.54451],[120.98726,14.54451],[120.98726,14.54442]]],[[[120.99042,14.54445],[120.99023,14.54454],[120.99041,14.54454],[120.99042,14.54445]]],[[[120.98745,14.54451],[120.98726,14.5446],[120.98745,14.5446],[120.98745,14.54451]]],[[[120.9906,14.54463],[120.99069,14.54454],[120.9906,14.54454],[120.9906,14.54463]]],[[[120.98763,14.5447],[120.98782,14.54461],[120.98763,14.54461],[120.98763,14.5447]]],[[[120.98819,14.5447],[120.98781,14.54479],[120.98819,14.54479],[120.98819,14.5447]]],[[[120.98197,14.54456],[120.98182,14.54419],[120.98166,14.54483],[120.98197,14.54456]]],[[[120.98856,14.54479],[120.98828,14.54488],[120.98856,14.54489],[120.98856,14.54479]]],[[[120.98874,14.54498],[120.98911,14.54489],[120.98874,14.54489],[120.98874,14.54498]]],[[[120.98948,14.54498],[120.98911,14.54507],[120.98948,14.54507],[120.98948,14.54498]]],[[[120.99013,14.54508],[120.98948,14.54516],[120.99013,14.54517],[120.99013,14.54508]]],[[[120.99059,14.54517],[120.99013,14.54526],[120.99059,14.54526],[120.99059,14.54517]]],[[[120.99116,14.54464],[120.99097,14.54473],[120.99106,14.54527],[120.99116,14.54464]]],[[[120.99078,14.54527],[120.99059,14.54535],[120.99078,14.54536],[120.99078,14.54527]]],[[[120.99096,14.54536],[120.99087,14.54527],[120.99087,14.54536],[120.99096,14.54536]]],[[[120.99087,14.54545],[120.99078,14.54536],[120.99078,14.54545],[120.99087,14.54545]]],[[[120.984,14.54548],[120.98382,14.54539],[120.98382,14.54548],[120.984,14.54548]]],[[[120.97936,14.55646],[120.97929,14.55646],[120.97936,14.5565],[120.97936,14.55646]]],[[[120.97954,14.55656],[120.97946,14.55655],[120.97954,14.5566],[120.97954,14.55656]]],[[[120.98001,14.55683],[120.97992,14.55683],[120.98,14.55687],[120.98001,14.55683]]],[[[120.98037,14.55701],[120.98031,14.55701],[120.98037,14.55705],[120.98037,14.55701]]],[[[120.98056,14.55711],[120.98047,14.55711],[120.98056,14.55715],[120.98056,14.55711]]],[[[120.98074,14.5572],[120.98069,14.55723],[120.98074,14.55725],[120.98074,14.5572]]],[[[120.97845,14.55727],[120.97858,14.55628],[120.97843,14.55644],[120.97845,14.55727]]],[[[120.98157,14.55766],[120.98151,14.55766],[120.98157,14.55771],[120.98157,14.55766]]],[[[120.98222,14.55802],[120.98215,14.55802],[120.98222,14.55806],[120.98222,14.55802]]],[[[120.97925,14.55818],[120.97868,14.55767],[120.97852,14.55735],[120.97868,14.55774],[120.97925,14.55818]]],[[[120.98314,14.55848],[120.98298,14.55848],[120.98314,14.55857],[120.98314,14.55848]]],[[[120.98333,14.55858],[120.98316,14.55857],[120.98333,14.55867],[120.98333,14.55858]]],[[[120.98233,14.55821],[120.9819,14.55883],[120.98193,14.55886],[120.98233,14.55821]]],[[[120.9849,14.55949],[120.98483,14.55949],[120.9849,14.55953],[120.9849,14.55949]]],[[[120.98546,14.55992],[120.98554,14.55986],[120.98542,14.55986],[120.98546,14.55992]]],[[[120.98573,14.55995],[120.98561,14.55995],[120.98573,14.56],[120.98573,14.55995]]],[[[120.98591,14.56022],[120.98589,14.56013],[120.98585,14.56022],[120.98591,14.56022]]],[[[120.98563,14.56067],[120.98591,14.56059],[120.98582,14.5603],[120.98563,14.56067]]],[[[120.98563,14.56086],[120.98563,14.56073],[120.98557,14.56085],[120.98563,14.56086]]],[[[120.98553,14.56103],[120.98553,14.56093],[120.98549,14.56103],[120.98553,14.56103]]],[[[120.98505,14.56166],[120.98525,14.5613],[120.98544,14.56109],[120.98525,14.56112],[120.98505,14.56166]]],[[[120.98479,14.56167],[120.98497,14.56199],[120.98508,14.56175],[120.98479,14.56167]]],[[[120.98512,14.56205],[120.98525,14.56203],[120.98503,14.56202],[120.98512,14.56205]]],[[[120.98008,14.56219],[120.98005,14.56216],[120.98005,14.56223],[120.98008,14.56219]]],[[[120.98543,14.56221],[120.98524,14.56231],[120.98543,14.5624],[120.98543,14.56221]]],[[[120.98543,14.56257],[120.98543,14.56249],[120.98539,14.56257],[120.98543,14.56257]]],[[[120.98514,14.56329],[120.98514,14.56315],[120.98508,14.56329],[120.98514,14.56329]]],[[[120.98505,14.56347],[120.98505,14.56336],[120.985,14.56347],[120.98505,14.56347]]],[[[120.98495,14.56365],[120.98495,14.56357],[120.98491,14.56365],[120.98495,14.56365]]],[[[120.98486,14.56392],[120.98486,14.56375],[120.98479,14.56392],[120.98486,14.56392]]],[[[120.98462,14.56428],[120.98476,14.5641],[120.98476,14.56398],[120.98462,14.56428]]],[[[120.98457,14.56455],[120.98458,14.56435],[120.98449,14.56455],[120.98457,14.56455]]],[[[120.98448,14.56473],[120.98448,14.56458],[120.98442,14.56473],[120.98448,14.56473]]],[[[120.98438,14.56491],[120.98439,14.56481],[120.98435,14.56491],[120.98438,14.56491]]],[[[120.98429,14.56518],[120.98429,14.56505],[120.98424,14.56518],[120.98429,14.56518]]],[[[120.9842,14.56536],[120.9842,14.56528],[120.98416,14.56536],[120.9842,14.56536]]],[[[120.9841,14.56563],[120.9841,14.56551],[120.98405,14.56563],[120.9841,14.56563]]],[[[120.98401,14.56581],[120.98401,14.56573],[120.98397,14.56581],[120.98401,14.56581]]],[[[120.98152,14.57392],[120.98143,14.57383],[120.98143,14.57392],[120.98152,14.57392]]],[[[120.98087,14.57419],[120.98124,14.57374],[120.98097,14.57329],[120.98134,14.57311],[120.98088,14.5731],[120.9805,14.57373],[120.98087,14.57419]]],[[[120.98087,14.57383],[120.98078,14.57374],[120.98087,14.57374],[120.98087,14.57383]]],[[[120.98049,14.57473],[120.98058,14.575],[120.98077,14.57509],[120.98049,14.57473]]],[[[120.97937,14.57544],[120.97928,14.57535],[120.97928,14.57544],[120.97937,14.57544]]],[[[120.98021,14.57536],[120.98022,14.57445],[120.97965,14.57553],[120.98021,14.57536]]],[[[120.97807,14.5757],[120.97881,14.57562],[120.97881,14.57544],[120.97807,14.5757]]],[[[120.97889,14.57688],[120.97899,14.57697],[120.97899,14.57688],[120.97889,14.57688]]],[[[120.97425,14.57793],[120.97425,14.57786],[120.97421,14.57793],[120.97425,14.57793]]],[[[120.97907,14.57815],[120.97954,14.57761],[120.97926,14.57734],[120.97879,14.57769],[120.97907,14.57815]]],[[[120.97392,14.57838],[120.97415,14.57829],[120.97415,14.57808],[120.97392,14.57838]]],[[[120.9734,14.57864],[120.97359,14.57873],[120.97359,14.57861],[120.9734,14.57864]]],[[[120.9734,14.57891],[120.97331,14.57873],[120.97331,14.57891],[120.9734,14.57891]]],[[[120.97813,14.57895],[120.9787,14.57833],[120.97804,14.57868],[120.97813,14.57895]]],[[[120.97331,14.579],[120.97322,14.57891],[120.97322,14.579],[120.97331,14.579]]],[[[120.97321,14.57909],[120.97312,14.579],[120.97312,14.57909],[120.97321,14.57909]]],[[[120.9785,14.57914],[120.97841,14.57905],[120.97841,14.57914],[120.9785,14.57914]]],[[[120.97312,14.57927],[120.97303,14.57909],[120.97303,14.57927],[120.97312,14.57927]]],[[[120.97785,14.57931],[120.97822,14.57941],[120.97813,14.57923],[120.97785,14.57931]]],[[[120.97312,14.57945],[120.97275,14.57963],[120.97312,14.57981],[120.97312,14.57945]]],[[[120.97265,14.57972],[120.97274,14.5799],[120.97274,14.57972],[120.97265,14.57972]]],[[[120.97265,14.58017],[120.97256,14.5799],[120.97256,14.58017],[120.97265,14.58017]]],[[[120.97255,14.58053],[120.97246,14.58017],[120.97251,14.58053],[120.97255,14.58053]]],[[[120.97654,14.58066],[120.977,14.58075],[120.97738,14.5803],[120.97701,14.57994],[120.97654,14.58066]]],[[[120.96847,14.5805],[120.96921,14.58059],[120.96991,14.5806],[120.96912,14.58023],[120.96847,14.5805]]],[[[120.97236,14.58125],[120.97236,14.58103],[120.97225,14.58125],[120.97236,14.58125]]],[[[120.96654,14.58184],[120.96707,14.58157],[120.96697,14.58121],[120.96654,14.58184]]],[[[120.97504,14.58236],[120.97495,14.58245],[120.97504,14.58245],[120.97504,14.58236]]],[[[120.97495,14.58236],[120.97384,14.58163],[120.9745,14.5801],[120.97516,14.57929],[120.97655,14.57984],[120.9772,14.57958],[120.97739,14.57922],[120.97693,14.57885],[120.97758,14.57913],[120.97776,14.57877],[120.97666,14.57768],[120.97805,14.57787],[120.97889,14.57724],[120.97871,14.5767],[120.97769,14.5766],[120.97722,14.57723],[120.97733,14.57579],[120.97601,14.57774],[120.97656,14.57876],[120.97609,14.57885],[120.97619,14.5783],[120.97526,14.57866],[120.97462,14.57802],[120.9734,14.57964],[120.97357,14.58054],[120.97414,14.57937],[120.97442,14.57946],[120.97291,14.58162],[120.97338,14.58144],[120.97383,14.58253],[120.97439,14.58254],[120.97475,14.58317],[120.97439,14.58227],[120.97495,14.58236]]],[[[120.97657,14.57758],[120.97657,14.57704],[120.97685,14.57714],[120.97657,14.57758]]],[[[120.96941,14.58354],[120.96909,14.58324],[120.96942,14.58358],[120.96941,14.58354]]],[[[120.97216,14.58306],[120.97262,14.58333],[120.97271,14.58317],[120.97216,14.58306]]],[[[120.97503,14.58399],[120.97531,14.58354],[120.97522,14.58318],[120.97466,14.58371],[120.97503,14.58399]]],[[[120.97159,14.58387],[120.97206,14.58387],[120.97206,14.58369],[120.97159,14.58387]]],[[[120.95855,14.5835],[120.95678,14.58014],[120.95888,14.5843],[120.95855,14.5835]]],[[[120.97224,14.58414],[120.97196,14.58414],[120.97224,14.58432],[120.97224,14.58414]]],[[[120.96657,14.58514],[120.96677,14.58402],[120.96649,14.58382],[120.96624,14.58481],[120.96657,14.58514]]],[[[120.97065,14.58567],[120.97009,14.58584],[120.97092,14.58612],[120.97065,14.58567]]],[[[120.96925,14.5862],[120.96916,14.58629],[120.96925,14.58629],[120.96925,14.5862]]],[[[120.96916,14.58647],[120.96925,14.58656],[120.96925,14.58647],[120.96916,14.58647]]],[[[120.96916,14.58665],[120.96906,14.58656],[120.96906,14.58665],[120.96916,14.58665]]],[[[120.95653,14.58735],[120.95653,14.5873],[120.95647,14.58735],[120.95653,14.58735]]],[[[120.98817,14.58735],[120.98799,14.58726],[120.98799,14.58735],[120.98817,14.58735]]],[[[120.96571,14.58743],[120.96637,14.5868],[120.96619,14.58662],[120.96563,14.58707],[120.96571,14.58743]]],[[[120.96571,14.58761],[120.96571,14.58753],[120.96564,14.58761],[120.96571,14.58761]]],[[[120.96562,14.5877],[120.96562,14.58763],[120.96555,14.5877],[120.96562,14.5877]]],[[[120.96553,14.58779],[120.96553,14.58773],[120.96547,14.58779],[120.96553,14.58779]]],[[[120.98956,14.58755],[120.99077,14.58756],[120.9905,14.58665],[120.99049,14.58737],[120.98956,14.58755]]],[[[120.96534,14.58806],[120.96534,14.58795],[120.96526,14.58806],[120.96534,14.58806]]],[[[120.99067,14.58837],[120.99058,14.58801],[120.99057,14.58837],[120.99067,14.58837]]],[[[120.95735,14.58862],[120.95773,14.58826],[120.95736,14.58835],[120.95735,14.58862]]],[[[120.98769,14.58925],[120.98778,14.58907],[120.98769,14.58907],[120.98769,14.58925]]],[[[120.95865,14.58927],[120.95855,14.58909],[120.95846,14.58927],[120.95865,14.58927]]],[[[120.95911,14.58918],[120.95884,14.58882],[120.95874,14.58927],[120.95911,14.58918]]],[[[120.98788,14.58925],[120.98778,14.58934],[120.98787,14.58934],[120.98788,14.58925]]],[[[120.96801,14.58962],[120.96792,14.58953],[120.96792,14.58962],[120.96801,14.58962]]],[[[120.96048,14.59145],[120.96039,14.59136],[120.96039,14.59145],[120.96048,14.59145]]],[[[120.95872,14.59162],[120.95816,14.59143],[120.95807,14.59161],[120.95872,14.59162]]],[[[120.95974,14.59154],[120.95918,14.59162],[120.95974,14.59163],[120.95974,14.59154]]],[[[120.95899,14.59243],[120.95936,14.59262],[120.95945,14.59244],[120.95899,14.59243]]],[[[120.95814,14.59378],[120.95777,14.59371],[120.95842,14.59396],[120.95814,14.59378]]],[[[120.96097,14.58829],[120.95896,14.58493],[120.95679,14.58708],[120.95568,14.58906],[120.9539,14.59058],[120.9539,14.59115],[120.95584,14.59292],[120.95861,14.59369],[120.95722,14.59278],[120.95852,14.5927],[120.95871,14.59216],[120.95667,14.59205],[120.95594,14.59078],[120.95548,14.59087],[120.9553,14.58987],[120.95764,14.58763],[120.958,14.58845],[120.95967,14.58891],[120.95957,14.58991],[120.96022,14.59009],[120.96011,14.591],[120.96076,14.59154],[120.96047,14.59226],[120.95964,14.59235],[120.96019,14.59262],[120.95945,14.5928],[120.95981,14.59343],[120.95935,14.5937],[120.96101,14.59417],[120.96153,14.59146],[120.96128,14.58891],[120.96097,14.58829]]],[[[120.96041,14.58874],[120.96022,14.58919],[120.96023,14.58874],[120.96041,14.58874]]],[[[120.96114,14.5901],[120.96114,14.59037],[120.96105,14.59037],[120.96114,14.5901]]],[[[120.96095,14.59118],[120.96104,14.59146],[120.96095,14.59146],[120.96095,14.59118]]],[[[120.96014,14.58847],[120.95995,14.58837],[120.96014,14.58838],[120.96014,14.58847]]],[[[120.95792,14.58763],[120.95783,14.58754],[120.95792,14.58754],[120.95792,14.58763]]],[[[120.95978,14.58702],[120.95978,14.58675],[120.95997,14.58675],[120.95978,14.58702]]],[[[120.95877,14.58556],[120.95886,14.58565],[120.95887,14.58556],[120.95877,14.58556]]],[[[120.95877,14.58574],[120.95868,14.58565],[120.95868,14.58574],[120.95877,14.58574]]],[[[120.9676,14.59432],[120.96742,14.59422],[120.96741,14.59431],[120.9676,14.59432]]],[[[120.97113,14.59444],[120.97103,14.59434],[120.97103,14.59444],[120.97113,14.59444]]],[[[120.97149,14.59462],[120.97112,14.59471],[120.97149,14.59471],[120.97149,14.59462]]],[[[120.97354,14.59464],[120.97159,14.59471],[120.97354,14.59473],[120.97354,14.59464]]],[[[120.97437,14.59465],[120.97372,14.59473],[120.97437,14.59474],[120.97437,14.59465]]],[[[120.97474,14.59474],[120.97465,14.59465],[120.97465,14.59474],[120.97474,14.59474]]],[[[120.97084,14.5947],[120.97103,14.5948],[120.97103,14.59471],[120.97084,14.5947]]],[[[120.94399,14.59483],[120.94356,14.59479],[120.94356,14.59483],[120.94399,14.59483]]],[[[120.9753,14.59474],[120.97493,14.59483],[120.9753,14.59483],[120.9753,14.59474]]],[[[120.97084,14.59489],[120.97057,14.59479],[120.97056,14.59488],[120.97084,14.59489]]],[[[120.97567,14.59493],[120.97548,14.59484],[120.97548,14.59493],[120.97567,14.59493]]],[[[120.94467,14.59493],[120.9443,14.59486],[120.9443,14.59492],[120.94467,14.59493]]],[[[120.97056,14.59497],[120.97038,14.59488],[120.97038,14.59497],[120.97056,14.59497]]],[[[120.97613,14.59502],[120.97595,14.59493],[120.97595,14.59502],[120.97613,14.59502]]],[[[120.94505,14.59502],[120.9453,14.59496],[120.94505,14.59497],[120.94505,14.59502]]],[[[120.97038,14.59506],[120.97019,14.59497],[120.97019,14.59506],[120.97038,14.59506]]],[[[120.95842,14.59396],[120.95888,14.59433],[120.95949,14.59434],[120.95989,14.5947],[120.96054,14.59471],[120.96082,14.59507],[120.96267,14.59507],[120.9628,14.59494],[120.96091,14.59498],[120.96083,14.59435],[120.9599,14.59452],[120.9599,14.59434],[120.95842,14.59396]]],[[[120.9765,14.59512],[120.97632,14.59502],[120.97632,14.59511],[120.9765,14.59512]]],[[[120.94569,14.59506],[120.9456,14.59512],[120.94607,14.59512],[120.94569,14.59506]]],[[[120.97019,14.59515],[120.9701,14.59506],[120.9701,14.59515],[120.97019,14.59515]]],[[[120.98383,14.595],[120.98374,14.59518],[120.98392,14.59518],[120.98383,14.595]]],[[[120.94681,14.59521],[120.94662,14.59519],[120.94662,14.59522],[120.94681,14.59521]]],[[[120.9701,14.59524],[120.96982,14.59515],[120.96982,14.59524],[120.9701,14.59524]]],[[[120.94755,14.5953],[120.94736,14.59528],[120.94736,14.59531],[120.94755,14.5953]]],[[[120.96815,14.59522],[120.96852,14.59532],[120.96852,14.59523],[120.96815,14.59522]]],[[[120.96982,14.59533],[120.96973,14.59524],[120.96973,14.59533],[120.96982,14.59533]]],[[[120.96889,14.59541],[120.9688,14.59532],[120.9688,14.59541],[120.96889,14.59541]]],[[[120.96972,14.59542],[120.96963,14.59533],[120.96963,14.59542],[120.96972,14.59542]]],[[[120.94903,14.59549],[120.94875,14.59545],[120.94875,14.59551],[120.94903,14.59549]]],[[[120.94569,14.59557],[120.9455,14.59548],[120.9455,14.59557],[120.94569,14.59557]]],[[[120.96738,14.58763],[120.9671,14.58808],[120.96673,14.58789],[120.96682,14.58843],[120.96858,14.58863],[120.96907,14.58556],[120.96991,14.58548],[120.96964,14.58439],[120.97075,14.58513],[120.97159,14.58432],[120.97066,14.5844],[120.97132,14.58377],[120.97104,14.58305],[120.97151,14.58251],[120.972,14.58268],[120.97161,14.58202],[120.96543,14.58824],[120.96413,14.58868],[120.96384,14.58955],[120.96495,14.59201],[120.96307,14.59292],[120.96306,14.59382],[120.96243,14.59293],[120.96272,14.5903],[120.96189,14.59052],[120.96176,14.5939],[120.96231,14.594],[120.96343,14.59374],[120.96268,14.59427],[120.96319,14.59424],[120.96339,14.59511],[120.96815,14.5954],[120.96685,14.59521],[120.96676,14.59485],[120.96546,14.59511],[120.96509,14.59456],[120.96537,14.59421],[120.96426,14.59392],[120.96483,14.59339],[120.96474,14.59221],[120.96502,14.59212],[120.9655,14.59077],[120.96513,14.59005],[120.96634,14.5906],[120.96616,14.58996],[120.96662,14.58979],[120.96589,14.58906],[120.9669,14.5897],[120.96608,14.58852],[120.96755,14.58953],[120.96627,14.58807],[120.96655,14.58744],[120.96738,14.58763]]],[[[120.96408,14.59392],[120.9638,14.59374],[120.96408,14.59374],[120.96408,14.59392]]],[[[120.96225,14.59111],[120.96206,14.59092],[120.96234,14.59093],[120.96225,14.59111]]],[[[120.97066,14.58422],[120.97048,14.58395],[120.97066,14.58395],[120.97066,14.58422]]],[[[120.9686,14.58619],[120.96851,14.58628],[120.9686,14.58628],[120.9686,14.58619]]],[[[120.96842,14.58619],[120.96851,14.5861],[120.96842,14.5861],[120.96842,14.58619]]],[[[120.94997,14.59561],[120.94968,14.59557],[120.94968,14.5956],[120.94997,14.59561]]],[[[120.95073,14.5957],[120.95024,14.59564],[120.95024,14.5957],[120.95073,14.5957]]],[[[120.95135,14.59578],[120.95098,14.5958],[120.95135,14.5958],[120.95135,14.59578]]],[[[120.95218,14.5959],[120.95181,14.59585],[120.95181,14.59589],[120.95218,14.5959]]],[[[120.97417,14.59582],[120.97445,14.59591],[120.97445,14.59582],[120.97417,14.59582]]],[[[120.97455,14.59591],[120.97464,14.59582],[120.97455,14.59582],[120.97455,14.59591]]],[[[120.95292,14.59599],[120.95227,14.59591],[120.95227,14.59599],[120.95292,14.59599]]],[[[120.95367,14.59608],[120.95329,14.59604],[120.95329,14.59609],[120.95367,14.59608]]],[[[120.95441,14.59618],[120.95376,14.59609],[120.95376,14.59618],[120.95441,14.59618]]],[[[120.95459,14.5962],[120.9545,14.59628],[120.95459,14.59628],[120.95459,14.5962]]],[[[120.95515,14.59627],[120.95487,14.59623],[120.95487,14.59628],[120.95515,14.59627]]],[[[120.95561,14.59638],[120.95598,14.59637],[120.95561,14.59633],[120.95561,14.59638]]],[[[120.97547,14.59628],[120.97575,14.59637],[120.97575,14.59619],[120.97547,14.59628]]],[[[120.96971,14.5965],[120.96962,14.59641],[120.96962,14.5965],[120.96971,14.5965]]],[[[120.96944,14.5965],[120.96851,14.59658],[120.96944,14.59659],[120.96944,14.5965]]],[[[120.97417,14.59591],[120.97064,14.59633],[120.97055,14.59669],[120.97203,14.59661],[120.97417,14.59591]]],[[[120.94438,14.59673],[120.94503,14.59629],[120.94495,14.59574],[120.94355,14.59564],[120.94345,14.59645],[120.94438,14.59673]]],[[[120.9454,14.59674],[120.94531,14.59665],[120.94531,14.59674],[120.9454,14.59674]]],[[[120.96767,14.59685],[120.96758,14.59675],[120.96758,14.59685],[120.96767,14.59685]]],[[[120.97703,14.59765],[120.97713,14.59756],[120.97704,14.59756],[120.97703,14.59765]]],[[[120.95727,14.59748],[120.95635,14.59693],[120.95598,14.59711],[120.95634,14.59765],[120.95727,14.59748]]],[[[120.97722,14.59765],[120.97713,14.59774],[120.97722,14.59774],[120.97722,14.59765]]],[[[121.00599,14.59781],[121.01073,14.59604],[121.01204,14.59506],[121.01205,14.59443],[121.01159,14.59424],[121.00581,14.59672],[121.00405,14.59662],[121.00294,14.5957],[121.00155,14.59551],[121.00155,14.59614],[121.00293,14.59706],[121.00599,14.59781]]],[[[120.97471,14.59781],[120.97462,14.59772],[120.97462,14.59781],[120.97471,14.59781]]],[[[120.98365,14.595],[120.98328,14.59472],[120.98366,14.59391],[120.98609,14.59185],[120.99129,14.59145],[120.99351,14.5921],[120.99543,14.59501],[120.99773,14.59702],[120.99931,14.5973],[121.00118,14.59614],[121.00109,14.5956],[120.99941,14.59622],[120.99811,14.59612],[120.99609,14.59438],[120.99463,14.59184],[120.99084,14.58928],[120.99067,14.58855],[120.99047,14.58909],[120.98946,14.58899],[120.98824,14.58961],[120.98787,14.58934],[120.98694,14.58987],[120.98348,14.59292],[120.98095,14.59615],[120.97983,14.59632],[120.97928,14.59577],[120.97835,14.59576],[120.97743,14.59512],[120.97678,14.59512],[120.97743,14.5953],[120.97724,14.59584],[120.9752,14.59583],[120.97621,14.59602],[120.9764,14.59656],[120.975,14.59736],[120.97546,14.59773],[120.9762,14.59746],[120.97639,14.59665],[120.97751,14.5963],[120.97991,14.59786],[120.9815,14.59688],[120.98262,14.59526],[120.98365,14.595]]],[[[120.98338,14.59418],[120.98207,14.59534],[120.9831,14.59382],[120.98338,14.59418]]],[[[120.97705,14.59629],[120.97696,14.5962],[120.97705,14.5962],[120.97705,14.59629]]],[[[120.98656,14.59141],[120.98647,14.59095],[120.98787,14.59006],[120.98963,14.58999],[120.99065,14.59045],[120.98999,14.59117],[120.98656,14.59141]]],[[[120.97666,14.59792],[120.97648,14.59783],[120.97648,14.59792],[120.97666,14.59792]]],[[[120.97573,14.59809],[120.97564,14.598],[120.97564,14.59809],[120.97573,14.59809]]],[[[120.9427,14.59879],[120.94294,14.59871],[120.9426,14.5987],[120.9427,14.59879]]],[[[120.95598,14.59638],[120.95811,14.5973],[120.95913,14.59686],[120.96108,14.59733],[120.96088,14.59823],[120.96191,14.59788],[120.96209,14.59824],[120.96275,14.59753],[120.96292,14.59825],[120.9633,14.59798],[120.96412,14.59889],[120.96533,14.59899],[120.96582,14.59665],[120.96758,14.59639],[120.95598,14.59638]]],[[[120.95858,14.5965],[120.95867,14.59659],[120.95858,14.59659],[120.95858,14.5965]]],[[[120.95923,14.59668],[120.95904,14.5965],[120.95923,14.5965],[120.95923,14.59668]]],[[[120.96006,14.59705],[120.96015,14.59714],[120.96006,14.59714],[120.96006,14.59705]]],[[[120.96163,14.59734],[120.96219,14.59752],[120.96172,14.5977],[120.96163,14.59734]]],[[[120.97464,14.59591],[120.97463,14.59691],[120.97359,14.59861],[120.97349,14.59934],[120.97462,14.59745],[120.97501,14.59583],[120.97464,14.59591]]],[[[120.97943,14.59921],[120.97971,14.59939],[120.97971,14.59903],[120.97943,14.59921]]],[[[120.95799,14.60001],[120.95781,14.59992],[120.9578,14.60001],[120.95799,14.60001]]],[[[120.97729,14.60018],[120.97887,14.59993],[120.97915,14.59966],[120.97785,14.59992],[120.97748,14.59955],[120.97729,14.60018]]],[[[120.95706,14.60046],[120.95669,14.60051],[120.95706,14.60054],[120.95706,14.60046]]],[[[120.95799,14.59992],[120.95826,14.60047],[120.95771,14.60046],[120.95753,14.59983],[120.95715,14.60028],[120.95752,14.60055],[120.95714,14.60055],[120.95863,14.60068],[120.95855,14.60002],[120.95799,14.59992]]],[[[120.95242,14.60069],[120.95225,14.60069],[120.95242,14.60072],[120.95242,14.60069]]],[[[120.95622,14.60081],[120.95646,14.60068],[120.95654,14.60054],[120.95622,14.60081]]],[[[120.96049,14.60112],[120.96046,14.60094],[120.96044,14.60112],[120.96049,14.60112]]],[[[120.97691,14.60135],[120.97673,14.60045],[120.9771,14.60018],[120.97673,14.6],[120.97608,14.6008],[120.97691,14.60135]]],[[[120.97412,14.60151],[120.97589,14.60144],[120.97598,14.60108],[120.97412,14.60151]]],[[[120.96001,14.60202],[120.95983,14.60197],[120.95983,14.60202],[120.96001,14.60202]]],[[[120.97514,14.60215],[120.97505,14.60206],[120.97504,14.60215],[120.97514,14.60215]]],[[[120.97653,14.60189],[120.97625,14.60216],[120.97671,14.60226],[120.97653,14.60189]]],[[[120.97523,14.60251],[120.97551,14.60243],[120.97514,14.60224],[120.97523,14.60251]]],[[[120.9756,14.60261],[120.9755,14.6027],[120.9756,14.6027],[120.9756,14.60261]]],[[[120.95797,14.6027],[120.95872,14.60188],[120.95781,14.60181],[120.95797,14.6027]]],[[[120.95945,14.60282],[120.95908,14.60264],[120.95861,14.60275],[120.95945,14.60282]]],[[[120.95368,14.60413],[120.95457,14.60322],[120.95462,14.60279],[120.95368,14.60413]]],[[[120.9609,14.60691],[120.9608,14.60682],[120.9608,14.60691],[120.9609,14.60691]]],[[[120.94874,14.60707],[120.95034,14.60483],[120.95025,14.60443],[120.94833,14.60689],[120.94874,14.60707]]],[[[120.96153,14.60845],[120.96255,14.60864],[120.96246,14.6081],[120.96311,14.60828],[120.96321,14.60783],[120.96247,14.60783],[120.96238,14.60719],[120.96144,14.60782],[120.96153,14.60845]]],[[[120.96292,14.60891],[120.96311,14.60864],[120.96292,14.60855],[120.96292,14.60891]]],[[[120.96059,14.61016],[120.96087,14.60935],[120.96089,14.60709],[120.96041,14.60934],[120.96059,14.61016]]],[[[120.94945,14.61024],[120.9497,14.60997],[120.94945,14.61006],[120.94945,14.61024]]],[[[120.94917,14.61059],[120.94937,14.61041],[120.94943,14.61024],[120.94917,14.61042],[120.94917,14.61059]]],[[[120.94915,14.61063],[120.94908,14.6106],[120.94908,14.61074],[120.94915,14.61063]]],[[[120.94898,14.61078],[120.94901,14.61083],[120.94905,14.61078],[120.94898,14.61078]]],[[[120.94898,14.61087],[120.9487,14.61105],[120.94899,14.60979],[120.94785,14.60833],[120.94797,14.60932],[120.94741,14.60977],[120.94752,14.60884],[120.94688,14.60994],[120.94826,14.61114],[120.94795,14.61222],[120.94898,14.61087]]],[[[120.95916,14.61412],[120.95982,14.61286],[120.95966,14.61024],[120.96022,14.6097],[120.95986,14.60853],[120.96027,14.60473],[120.95934,14.60445],[120.96027,14.6041],[120.96037,14.6032],[120.96028,14.60284],[120.96001,14.60265],[120.96014,14.60404],[120.95815,14.60389],[120.9581,14.60463],[120.9601,14.60479],[120.95999,14.60601],[120.95798,14.60587],[120.95792,14.60662],[120.95993,14.60675],[120.95983,14.60799],[120.95782,14.60786],[120.95776,14.60859],[120.95976,14.60873],[120.95967,14.60997],[120.95761,14.60984],[120.95757,14.61056],[120.9591,14.61067],[120.9578,14.61004],[120.95938,14.61015],[120.95948,14.61195],[120.95745,14.61179],[120.95741,14.61253],[120.95945,14.61269],[120.95937,14.61359],[120.95722,14.61342],[120.95731,14.61383],[120.95916,14.61412]]],[[[120.95843,14.61231],[120.9589,14.61213],[120.95927,14.61223],[120.9589,14.61249],[120.95843,14.61231]]],[[[120.95877,14.60653],[120.95905,14.60626],[120.95904,14.60653],[120.95877,14.60653]]],[[[120.95951,14.60635],[120.95933,14.60617],[120.95951,14.60626],[120.95951,14.60635]]],[[[120.95841,14.60436],[120.95897,14.60418],[120.95906,14.60436],[120.95841,14.60436]]],[[[120.95962,14.61431],[120.95934,14.61448],[120.95971,14.61449],[120.95962,14.61431]]],[[[120.9571,14.61618],[120.95701,14.61609],[120.95701,14.61618],[120.9571,14.61618]]],[[[120.95738,14.61627],[120.95728,14.61618],[120.95728,14.61627],[120.95738,14.61627]]],[[[120.95709,14.61663],[120.95747,14.61646],[120.9571,14.61645],[120.95709,14.61663]]],[[[120.9583,14.61673],[120.95914,14.61665],[120.9583,14.61628],[120.95868,14.61574],[120.95841,14.61493],[120.95775,14.61546],[120.95701,14.61519],[120.95701,14.61591],[120.95747,14.61591],[120.95747,14.61637],[120.95803,14.61601],[120.9583,14.61673]]],[[[120.95689,14.61844],[120.9568,14.61835],[120.9568,14.61844],[120.95689,14.61844]]],[[[120.95602,14.61939],[120.95586,14.61939],[120.95605,14.61943],[120.95602,14.61939]]],[[[120.95679,14.61952],[120.9567,14.61943],[120.9567,14.61952],[120.95679,14.61952]]],[[[120.95735,14.61996],[120.95744,14.61989],[120.95727,14.61989],[120.95735,14.61996]]],[[[120.95817,14.62026],[120.95938,14.62045],[120.95938,14.62009],[120.95817,14.62026]]],[[[120.95491,14.62177],[120.95491,14.62161],[120.95488,14.62177],[120.95491,14.62177]]],[[[120.95467,14.62266],[120.95472,14.62258],[120.95466,14.62258],[120.95467,14.62266]]],[[[120.95704,14.62278],[120.95685,14.62269],[120.95685,14.62278],[120.95704,14.62278]]],[[[120.95442,14.62447],[120.9548,14.62439],[120.95471,14.62312],[120.95536,14.62303],[120.95537,14.62267],[120.95472,14.62267],[120.95509,14.62294],[120.95462,14.62311],[120.95442,14.62447]]],[[[120.95683,14.62467],[120.95693,14.62449],[120.95684,14.62449],[120.95683,14.62467]]],[[[120.95693,14.62467],[120.9559,14.62494],[120.95609,14.62476],[120.956,14.6244],[120.9562,14.6234],[120.95611,14.62313],[120.95562,14.62512],[120.95757,14.62504],[120.95693,14.62467]]],[[[120.95367,14.62555],[120.95364,14.6255],[120.95363,14.62555],[120.95367,14.62555]]],[[[120.95672,14.62702],[120.95663,14.62684],[120.95653,14.62702],[120.95672,14.62702]]],[[[120.95945,14.62794],[120.95969,14.6275],[120.9596,14.62714],[120.95945,14.62794]]],[[[120.95634,14.6281],[120.95448,14.628],[120.95384,14.627],[120.95385,14.62816],[120.95634,14.6281]]],[[[120.95905,14.62578],[120.95822,14.62559],[120.95784,14.62649],[120.95849,14.62613],[120.9584,14.6265],[120.95728,14.62703],[120.957,14.62675],[120.95709,14.6273],[120.95653,14.6272],[120.95634,14.6281],[120.95727,14.62811],[120.95961,14.62587],[120.95878,14.62523],[120.95905,14.62578]]],[[[120.96088,14.62832],[120.96183,14.62689],[120.96174,14.62661],[120.96052,14.62805],[120.96088,14.62832]]],[[[120.94606,14.62982],[120.94537,14.62948],[120.94537,14.62972],[120.94556,14.62982],[120.94606,14.62982]]],[[[120.95001,14.62986],[120.9502,14.62981],[120.95001,14.62982],[120.95001,14.62986]]],[[[120.95057,14.62981],[120.95038,14.62986],[120.95057,14.62986],[120.95057,14.62981]]],[[[120.95075,14.62986],[120.95085,14.6298],[120.95075,14.62981],[120.95075,14.62986]]],[[[120.95122,14.62987],[120.9515,14.62981],[120.95122,14.62982],[120.95122,14.62987]]],[[[120.95168,14.62987],[120.95252,14.62982],[120.95168,14.62982],[120.95168,14.62987]]],[[[120.94658,14.62983],[120.94611,14.62991],[120.94658,14.62992],[120.94658,14.62983]]],[[[120.95715,14.63037],[120.95697,14.63028],[120.95697,14.63037],[120.95715,14.63037]]],[[[120.95705,14.63109],[120.95789,14.63065],[120.95493,14.63035],[120.95705,14.63109]]],[[[120.94908,14.63075],[120.95009,14.63103],[120.9501,14.63004],[120.94908,14.63075]]],[[[120.94982,14.63058],[120.94964,14.63039],[120.94982,14.6304],[120.94982,14.63058]]],[[[120.95733,14.63146],[120.95687,14.63118],[120.95677,14.63136],[120.95733,14.63146]]],[[[120.95575,14.63171],[120.95556,14.63162],[120.95556,14.63171],[120.95575,14.63171]]],[[[120.95649,14.63181],[120.95667,14.63217],[120.95668,14.63181],[120.95649,14.63181]]],[[[120.94999,14.63257],[120.94962,14.63229],[120.94952,14.63247],[120.94999,14.63257]]],[[[120.95649,14.63217],[120.95565,14.63216],[120.95565,14.63234],[120.9563,14.63262],[120.95649,14.63217]]],[[[120.95388,14.63323],[120.95444,14.63251],[120.9549,14.6327],[120.95491,14.63162],[120.95427,14.63116],[120.95455,14.63044],[120.95409,14.63007],[120.95316,14.63043],[120.95224,14.62997],[120.95167,14.63086],[120.9513,14.63059],[120.95102,14.63113],[120.95028,14.63121],[120.95036,14.63212],[120.95203,14.6324],[120.95222,14.63186],[120.95315,14.63187],[120.95323,14.63278],[120.9537,14.6326],[120.95388,14.63323]]],[[[120.95389,14.63242],[120.95342,14.63205],[120.95398,14.63206],[120.95389,14.63242]]],[[[120.95222,14.63168],[120.95195,14.6315],[120.95222,14.6315],[120.95222,14.63168]]],[[[120.95352,14.63142],[120.95334,14.63097],[120.95362,14.63106],[120.95352,14.63142]]],[[[120.95232,14.63078],[120.95251,14.63105],[120.95223,14.63105],[120.95232,14.63078]]],[[[120.9513,14.63095],[120.95148,14.63122],[120.9513,14.63122],[120.9513,14.63095]]],[[[120.95288,14.63124],[120.95269,14.63105],[120.95288,14.63115],[120.95288,14.63124]]],[[[120.95267,14.63331],[120.95249,14.63286],[120.95212,14.63304],[120.95221,14.63331],[120.95267,14.63331]]],[[[120.94265,14.6335],[120.94311,14.63332],[120.94321,14.63314],[120.94274,14.63286],[120.94265,14.6335]]],[[[120.95406,14.63351],[120.95388,14.63332],[120.95378,14.6335],[120.95406,14.63351]]],[[[120.95565,14.63253],[120.95425,14.63296],[120.95415,14.63342],[120.95508,14.63351],[120.95565,14.63253]]],[[[120.95304,14.63386],[120.95332,14.63323],[120.95314,14.63323],[120.95304,14.63386]]],[[[120.95725,14.63404],[120.95696,14.63407],[120.9573,14.63417],[120.95725,14.63404]]],[[[120.94288,14.63424],[120.9432,14.63422],[120.94264,14.63424],[120.94288,14.63424]]],[[[120.9419,14.63424],[120.94218,14.63412],[120.9419,14.63403],[120.9419,14.63424]]],[[[120.95803,14.63598],[120.9584,14.63571],[120.95785,14.63571],[120.95803,14.63598]]],[[[120.95831,14.63598],[120.95821,14.63607],[120.95831,14.63607],[120.95831,14.63598]]],[[[120.95069,14.63634],[120.95283,14.63618],[120.95283,14.63612],[120.95069,14.63634]]],[[[120.96146,14.63682],[120.96136,14.637],[120.96145,14.637],[120.96146,14.63682]]],[[[120.96155,14.637],[120.96145,14.63773],[120.96154,14.63773],[120.96155,14.637]]],[[[120.96377,14.63775],[120.96368,14.63757],[120.96367,14.63775],[120.96377,14.63775]]],[[[120.96265,14.63774],[120.96311,14.63801],[120.96303,14.63747],[120.96265,14.63774]]],[[[120.96153,14.63845],[120.96172,14.63836],[120.96154,14.63809],[120.96153,14.63845]]],[[[120.9619,14.63872],[120.96172,14.63881],[120.9619,14.63891],[120.9619,14.63872]]],[[[120.96348,14.63892],[120.96329,14.63883],[120.96329,14.63892],[120.96348,14.63892]]],[[[120.95605,14.63885],[120.95577,14.63894],[120.95605,14.63894],[120.95605,14.63885]]],[[[120.96394,14.63892],[120.96376,14.63901],[120.96394,14.6391],[120.96394,14.63892]]],[[[120.96394,14.63929],[120.96403,14.6392],[120.96394,14.63919],[120.96394,14.63929]]],[[[120.96264,14.63954],[120.9619,14.63909],[120.96263,14.63973],[120.96264,14.63954]]],[[[120.95845,14.64041],[120.95836,14.64032],[120.95836,14.64041],[120.95845,14.64041]]],[[[120.96114,14.64044],[120.96152,14.64026],[120.96115,14.64016],[120.96114,14.64044]]],[[[120.96504,14.64038],[120.96485,14.64056],[120.96504,14.64065],[120.96504,14.64038]]],[[[120.95706,14.64067],[120.95715,14.64058],[120.95706,14.64058],[120.95706,14.64067]]],[[[120.96136,14.63682],[120.96174,14.63655],[120.962,14.63827],[120.96301,14.63937],[120.96328,14.64073],[120.96338,14.63946],[120.96209,14.638],[120.96192,14.63656],[120.96045,14.63501],[120.9578,14.6339],[120.95962,14.635],[120.96136,14.63682]]],[[[120.96468,14.63893],[120.96375,14.6401],[120.96439,14.64073],[120.96449,14.63947],[120.96487,14.63938],[120.96514,14.64029],[120.96552,14.6393],[120.96672,14.63904],[120.96534,14.63857],[120.96514,14.6393],[120.96468,14.63893]]],[[[120.95733,14.64076],[120.95715,14.64085],[120.95733,14.64094],[120.95733,14.64076]]],[[[120.96105,14.6408],[120.96077,14.64097],[120.96105,14.64089],[120.96105,14.6408]]],[[[120.96068,14.64079],[120.96086,14.64043],[120.96003,14.63988],[120.96033,14.63826],[120.95987,14.63789],[120.96043,14.63709],[120.95877,14.63563],[120.95987,14.63735],[120.95894,14.63816],[120.95895,14.63698],[120.95849,14.63653],[120.95764,14.63796],[120.95865,14.63861],[120.95791,14.63914],[120.95726,14.63877],[120.9566,14.63958],[120.95744,14.63977],[120.95837,14.63897],[120.95883,14.63987],[120.95948,14.6397],[120.95864,14.64068],[120.96068,14.64079]]],[[[120.95984,14.64033],[120.95975,14.64024],[120.95985,14.64024],[120.95984,14.64033]]],[[[120.96123,14.64161],[120.96113,14.64152],[120.96113,14.64161],[120.96123,14.64161]]],[[[120.96263,14.63973],[120.96263,14.64072],[120.96132,14.64188],[120.96112,14.64242],[120.96272,14.64081],[120.96263,14.63973]]],[[[120.95073,14.64251],[120.95101,14.64242],[120.95073,14.64233],[120.95073,14.64251]]],[[[120.96149,14.64297],[120.9614,14.64288],[120.9614,14.64297],[120.96149,14.64297]]],[[[120.96168,14.64279],[120.96168,14.64306],[120.96177,14.64306],[120.96168,14.64279]]],[[[120.96232,14.64334],[120.9627,14.64226],[120.96317,14.64253],[120.96308,14.64208],[120.96243,14.64225],[120.96271,14.64153],[120.96308,14.64172],[120.96327,14.64118],[120.96309,14.64072],[120.96196,14.64243],[120.96205,14.64324],[120.96177,14.64306],[120.96259,14.64406],[120.96343,14.64407],[120.96409,14.64344],[120.96494,14.64101],[120.96371,14.64344],[120.96232,14.64334]]],[[[120.96137,14.6464],[120.96155,14.64649],[120.96155,14.6464],[120.96137,14.6464]]],[[[120.96646,14.64798],[120.96683,14.6478],[120.96637,14.6478],[120.96646,14.64798]]],[[[120.96098,14.64821],[120.96163,14.64785],[120.96136,14.64758],[120.96098,14.64821]]],[[[120.96497,14.64824],[120.96488,14.64815],[120.96488,14.64824],[120.96497,14.64824]]],[[[120.95657,14.64857],[120.95629,14.6483],[120.95629,14.64857],[120.95657,14.64857]]],[[[120.94876,14.64932],[120.94853,14.64904],[120.94848,14.64959],[120.94876,14.64932]]],[[[120.96142,14.65029],[120.96152,14.65038],[120.96152,14.65029],[120.96142,14.65029]]],[[[120.94987,14.65046],[120.94982,14.65041],[120.94982,14.65046],[120.94987,14.65046]]],[[[120.94834,14.65035],[120.94824,14.65071],[120.94833,14.65071],[120.94834,14.65035]]],[[[120.95153,14.65101],[120.95139,14.65097],[120.95139,14.65101],[120.95153,14.65101]]],[[[120.95209,14.65129],[120.95204,14.65124],[120.95204,14.65129],[120.95209,14.65129]]],[[[120.95616,14.6478],[120.96065,14.64323],[120.96112,14.64242],[120.96047,14.64323],[120.95954,14.64322],[120.95788,14.64176],[120.95677,14.64157],[120.95639,14.64265],[120.95508,14.64364],[120.95499,14.64291],[120.95678,14.64067],[120.95613,14.64012],[120.95659,14.64058],[120.9564,14.64103],[120.95519,14.64156],[120.95547,14.64219],[120.95509,14.64264],[120.95322,14.64389],[120.95312,14.64497],[120.95219,14.64469],[120.95267,14.64316],[120.95342,14.64254],[120.95315,14.64199],[120.95399,14.64155],[120.95503,14.63957],[120.95577,14.63967],[120.95559,14.63858],[120.95633,14.63859],[120.95728,14.6367],[120.95784,14.63652],[120.95729,14.63552],[120.95655,14.63579],[120.95683,14.63558],[120.95647,14.63548],[120.95563,14.63608],[120.95527,14.63539],[120.95441,14.63622],[120.95404,14.63602],[120.95302,14.63612],[120.95424,14.63618],[120.95454,14.63696],[120.9539,14.63703],[120.95262,14.63892],[120.95186,14.63843],[120.95255,14.63899],[120.94917,14.6438],[120.94758,14.64296],[120.94904,14.64401],[120.9484,14.64492],[120.94783,14.64457],[120.94832,14.64501],[120.94766,14.64603],[120.94826,14.64646],[120.94747,14.6476],[120.94905,14.64851],[120.94876,14.64981],[120.95056,14.65073],[120.95126,14.65042],[120.95264,14.65148],[120.95578,14.64825],[120.95629,14.6483],[120.95616,14.6478]]],[[[120.95327,14.64895],[120.95411,14.64833],[120.95235,14.64804],[120.95225,14.64903],[120.95271,14.64867],[120.95327,14.64895]]],[[[120.95327,14.64904],[120.95318,14.64895],[120.95317,14.64904],[120.95327,14.64904]]],[[[120.94928,14.64892],[120.94946,14.64919],[120.94918,14.64919],[120.94928,14.64892]]],[[[120.95196,14.64975],[120.95215,14.64993],[120.95205,14.64993],[120.95196,14.64975]]],[[[120.94855,14.64755],[120.94883,14.6471],[120.94939,14.64729],[120.94967,14.64657],[120.95032,14.64676],[120.94984,14.64784],[120.94855,14.64755]]],[[[120.95393,14.64778],[120.95384,14.64787],[120.95393,14.64787],[120.95393,14.64778]]],[[[120.95281,14.64786],[120.95439,14.6477],[120.95413,14.64661],[120.95293,14.64588],[120.95208,14.64704],[120.95296,14.64746],[120.95281,14.64786]]],[[[120.94968,14.64594],[120.94986,14.64612],[120.94958,14.64612],[120.94968,14.64594]]],[[[120.95116,14.64631],[120.95135,14.64604],[120.95144,14.64631],[120.95116,14.64631]]],[[[120.94865,14.64629],[120.94874,14.64647],[120.94865,14.64647],[120.94865,14.64629]]],[[[120.94827,14.64701],[120.94846,14.64719],[120.94827,14.6471],[120.94827,14.64701]]],[[[120.94884,14.64584],[120.94875,14.64575],[120.94884,14.64575],[120.94884,14.64584]]],[[[120.95358,14.64579],[120.95348,14.64561],[120.95358,14.64561],[120.95358,14.64579]]],[[[120.95135,14.64559],[120.95117,14.6455],[120.95135,14.64541],[120.95135,14.64559]]],[[[120.94857,14.6452],[120.94894,14.64503],[120.94895,14.64467],[120.94867,14.64475],[120.94857,14.6452]]],[[[120.94866,14.64548],[120.94848,14.6452],[120.94838,14.64547],[120.94866,14.64548]]],[[[120.95163,14.64532],[120.95135,14.64514],[120.95173,14.64505],[120.95163,14.64532]]],[[[120.95776,14.6451],[120.95795,14.64438],[120.95832,14.6443],[120.95822,14.64493],[120.95776,14.6451]]],[[[120.95702,14.64483],[120.9572,14.6451],[120.95692,14.6451],[120.95702,14.64483]]],[[[120.95089,14.64495],[120.95108,14.64505],[120.95089,14.64504],[120.95089,14.64495]]],[[[120.95034,14.64486],[120.95042,14.64531],[120.95024,14.64522],[120.95034,14.64486]]],[[[120.95191,14.64487],[120.95182,14.64478],[120.95191,14.64478],[120.95191,14.64487]]],[[[120.95006,14.64431],[120.94979,14.64413],[120.95006,14.64413],[120.95006,14.64431]]],[[[120.95063,14.64369],[120.95044,14.64341],[120.95054,14.64341],[120.95063,14.64369]]],[[[120.95147,14.64252],[120.95193,14.64261],[120.95157,14.64234],[120.95147,14.64252]]],[[[120.95193,14.64316],[120.95147,14.6427],[120.95119,14.64297],[120.95193,14.64316]]],[[[120.9512,14.64197],[120.95054,14.64314],[120.95017,14.64287],[120.95083,14.64188],[120.9512,14.64197]]],[[[120.95222,14.64225],[120.95213,14.64207],[120.95222,14.64207],[120.95222,14.64225]]],[[[120.95111,14.6417],[120.95139,14.64134],[120.95148,14.64171],[120.95111,14.6417]]],[[[120.95325,14.64109],[120.95278,14.64136],[120.95278,14.64118],[120.95325,14.64109]]],[[[120.95186,14.64062],[120.95185,14.64135],[120.95148,14.64125],[120.95186,14.64062]]],[[[120.9526,14.64135],[120.95241,14.64126],[120.9526,14.64117],[120.9526,14.64135]]],[[[120.95252,14.63955],[120.95308,14.63946],[120.95308,14.63973],[120.9527,14.63982],[120.95252,14.63955]]],[[[120.95299,14.63919],[120.9528,14.6391],[120.95299,14.6391],[120.95299,14.63919]]],[[[120.95615,14.63822],[120.95569,14.63777],[120.95615,14.63795],[120.95615,14.63822]]],[[[120.95356,14.63784],[120.95374,14.63802],[120.95356,14.63802],[120.95356,14.63784]]],[[[120.95588,14.63768],[120.95616,14.63741],[120.95625,14.63768],[120.95588,14.63768]]],[[[120.95616,14.63723],[120.95598,14.63659],[120.95673,14.63624],[120.95663,14.63714],[120.95616,14.63723]]],[[[120.95552,14.63641],[120.95561,14.63686],[120.95542,14.63686],[120.95552,14.63641]]],[[[120.95796,14.64384],[120.95777,14.64357],[120.95796,14.64357],[120.95796,14.64384]]],[[[120.95815,14.64312],[120.95805,14.64321],[120.95815,14.64321],[120.95815,14.64312]]],[[[120.95796,14.64312],[120.95806,14.64303],[120.95796,14.64303],[120.95796,14.64312]]],[[[120.95862,14.64285],[120.95861,14.64312],[120.95871,14.64267],[120.95862,14.64285]]],[[[120.95787,14.64285],[120.95825,14.64258],[120.95787,14.64276],[120.95787,14.64285]]],[[[120.95694,14.64284],[120.95676,14.64302],[120.95667,14.64284],[120.95694,14.64284]]],[[[120.95741,14.64257],[120.95732,14.64248],[120.95741,14.64248],[120.95741,14.64257]]],[[[120.95778,14.6423],[120.9576,14.64212],[120.95788,14.64212],[120.95778,14.6423]]],[[[120.9616,14.65164],[120.96197,14.65165],[120.96188,14.65129],[120.9616,14.65164]]],[[[120.96308,14.65211],[120.96299,14.65202],[120.96298,14.65211],[120.96308,14.65211]]],[[[120.96354,14.65229],[120.96345,14.6522],[120.96345,14.65229],[120.96354,14.65229]]],[[[120.95263,14.65288],[120.95235,14.6526],[120.95235,14.65287],[120.95263,14.65288]]],[[[120.96251,14.65373],[120.96241,14.65382],[120.9625,14.65382],[120.96251,14.65373]]],[[[120.96269,14.65391],[120.9625,14.654],[120.96269,14.654],[120.96269,14.65391]]],[[[120.95263,14.6526],[120.95406,14.6533],[120.95572,14.65448],[120.95397,14.65293],[120.95263,14.6526]]],[[[120.96277,14.65509],[120.96268,14.65527],[120.96277,14.65527],[120.96277,14.65509]]],[[[120.95033,14.6553],[120.95038,14.65516],[120.95033,14.65516],[120.95033,14.6553]]],[[[120.96268,14.65509],[120.96278,14.65455],[120.96324,14.65473],[120.96306,14.65419],[120.96158,14.6539],[120.96175,14.65499],[120.96082,14.65507],[120.96139,14.65435],[120.96111,14.65399],[120.96101,14.65444],[120.96027,14.65434],[120.96064,14.65507],[120.96008,14.65488],[120.95989,14.65542],[120.96212,14.65508],[120.96194,14.65445],[120.96241,14.65445],[120.96268,14.65509]]],[[[120.96156,14.65562],[120.96147,14.65535],[120.96147,14.65562],[120.96156,14.65562]]],[[[120.95506,14.65556],[120.95516,14.65565],[120.95516,14.65556],[120.95506,14.65556]]],[[[120.96184,14.65571],[120.96239,14.65572],[120.96258,14.65527],[120.96212,14.65517],[120.96184,14.65571]]],[[[120.95952,14.65578],[120.95933,14.65569],[120.95933,14.65578],[120.95952,14.65578]]],[[[120.96184,14.65589],[120.96165,14.6558],[120.96165,14.65589],[120.96184,14.65589]]],[[[120.96248,14.65599],[120.96239,14.6559],[120.96239,14.65599],[120.96248,14.65599]]],[[[120.9636,14.65609],[120.96341,14.65618],[120.9636,14.65627],[120.9636,14.65609]]],[[[120.94939,14.6566],[120.94958,14.65651],[120.94939,14.65642],[120.94939,14.6566]]],[[[120.94967,14.65651],[120.94981,14.65669],[120.94981,14.65651],[120.94967,14.65651]]],[[[120.95487,14.65683],[120.95477,14.65665],[120.95477,14.65683],[120.95487,14.65683]]],[[[120.96173,14.65716],[120.96201,14.65734],[120.96201,14.65707],[120.96173,14.65716]]],[[[120.94367,14.65795],[120.94381,14.65808],[120.94381,14.65795],[120.94367,14.65795]]],[[[120.94342,14.65827],[120.94367,14.65849],[120.94367,14.65822],[120.94342,14.65827]]],[[[120.94684,14.66136],[120.94675,14.66118],[120.94675,14.66136],[120.94684,14.66136]]],[[[120.94795,14.66228],[120.94776,14.6621],[120.94776,14.66228],[120.94795,14.66228]]],[[[120.93863,14.66232],[120.93862,14.66238],[120.93867,14.66238],[120.93863,14.66232]]],[[[120.95397,14.66305],[120.95388,14.66278],[120.95388,14.66305],[120.95397,14.66305]]],[[[120.93945,14.66279],[120.93917,14.66301],[120.93945,14.66306],[120.93945,14.66279]]],[[[120.95388,14.66332],[120.95379,14.66305],[120.95369,14.66341],[120.95388,14.66332]]],[[[120.95369,14.66359],[120.9536,14.66341],[120.9536,14.66359],[120.95369,14.66359]]],[[[120.95359,14.66377],[120.9535,14.66359],[120.9535,14.66377],[120.95359,14.66377]]],[[[120.95341,14.66386],[120.9535,14.66395],[120.9535,14.66386],[120.95341,14.66386]]],[[[120.95341,14.66413],[120.95331,14.66395],[120.95331,14.66413],[120.95341,14.66413]]],[[[120.95331,14.66422],[120.95322,14.66413],[120.95322,14.66422],[120.95331,14.66422]]],[[[120.93915,14.66441],[120.93888,14.66369],[120.93888,14.66441],[120.93915,14.66441]]],[[[120.94635,14.66461],[120.94616,14.6647],[120.94635,14.6647],[120.94635,14.66461]]],[[[120.95385,14.66585],[120.95376,14.66567],[120.95376,14.66585],[120.95385,14.66585]]],[[[120.95376,14.66612],[120.95367,14.66594],[120.95367,14.66612],[120.95376,14.66612]]],[[[120.95162,14.66638],[120.95143,14.66647],[120.95162,14.66656],[120.95162,14.66638]]],[[[120.95264,14.6662],[120.95254,14.66702],[120.95264,14.66702],[120.95264,14.6662]]],[[[120.95263,14.66747],[120.95273,14.66711],[120.95264,14.66711],[120.95263,14.66747]]],[[[120.95282,14.66747],[120.95272,14.66783],[120.95281,14.66783],[120.95282,14.66747]]],[[[120.95272,14.66801],[120.95263,14.66783],[120.95263,14.66801],[120.95272,14.66801]]],[[[120.95884,14.66816],[120.95801,14.66824],[120.95884,14.66825],[120.95884,14.66816]]],[[[120.95105,14.66827],[120.95096,14.66809],[120.95095,14.66827],[120.95105,14.66827]]],[[[120.95931,14.66825],[120.95922,14.66771],[120.95894,14.66834],[120.95931,14.66825]]],[[[120.95866,14.66834],[120.95884,14.66843],[120.95884,14.66834],[120.95866,14.66834]]],[[[120.9607,14.66863],[120.9606,14.66853],[120.9606,14.66862],[120.9607,14.66863]]],[[[120.95188,14.66864],[120.95169,14.66855],[120.95169,14.66864],[120.95188,14.66864]]],[[[120.95253,14.66864],[120.95263,14.6681],[120.95253,14.6681],[120.95253,14.66864]]],[[[120.95689,14.66868],[120.95661,14.66859],[120.95661,14.66868],[120.95689,14.66868]]],[[[120.95169,14.66873],[120.95151,14.66863],[120.95151,14.66873],[120.95169,14.66873]]],[[[120.9529,14.66865],[120.95262,14.66873],[120.9529,14.66874],[120.9529,14.66865]]],[[[120.96227,14.66873],[120.96237,14.66882],[120.96237,14.66873],[120.96227,14.66873]]],[[[120.96088,14.6689],[120.96181,14.66873],[120.96181,14.66827],[120.96107,14.66827],[120.96088,14.6689]]],[[[120.9515,14.66891],[120.95141,14.66872],[120.95141,14.6689],[120.9515,14.66891]]],[[[120.96227,14.66891],[120.96218,14.66882],[120.96218,14.66891],[120.96227,14.66891]]],[[[120.95652,14.66886],[120.95615,14.66877],[120.95605,14.66895],[120.95652,14.66886]]],[[[120.96069,14.66899],[120.96051,14.6688],[120.96051,14.66898],[120.96069,14.66899]]],[[[120.96088,14.66899],[120.96079,14.6689],[120.96079,14.66899],[120.96088,14.66899]]],[[[120.95605,14.66904],[120.95596,14.66894],[120.95596,14.66904],[120.95605,14.66904]]],[[[120.94705,14.66896],[120.94723,14.66914],[120.94723,14.66896],[120.94705,14.66896]]],[[[120.95299,14.6691],[120.95276,14.66887],[120.95276,14.66914],[120.95299,14.6691]]],[[[120.94621,14.66904],[120.94603,14.66922],[120.94621,14.66922],[120.94621,14.66904]]],[[[120.95596,14.66922],[120.95577,14.66912],[120.95577,14.6693],[120.95596,14.66922]]],[[[120.94705,14.66932],[120.94695,14.66914],[120.94695,14.66932],[120.94705,14.66932]]],[[[120.95865,14.66933],[120.95856,14.66843],[120.95856,14.66933],[120.95865,14.66933]]],[[[120.9528,14.66919],[120.95289,14.66937],[120.95289,14.66919],[120.9528,14.66919]]],[[[120.95577,14.6694],[120.95568,14.6693],[120.95568,14.66939],[120.95577,14.6694]]],[[[120.94463,14.66948],[120.94454,14.66939],[120.94454,14.66948],[120.94463,14.66948]]],[[[120.9528,14.66955],[120.95271,14.66937],[120.95271,14.66955],[120.9528,14.66955]]],[[[120.95567,14.66976],[120.95549,14.66948],[120.9554,14.66975],[120.95567,14.66976]]],[[[120.95539,14.66984],[120.9553,14.66975],[120.9553,14.66984],[120.95539,14.66984]]],[[[120.9553,14.66993],[120.95512,14.66984],[120.95512,14.66993],[120.9553,14.66993]]],[[[120.95735,14.6695],[120.95725,14.67004],[120.95734,14.67004],[120.95735,14.6695]]],[[[120.95261,14.67009],[120.95252,14.66964],[120.95251,14.67009],[120.95261,14.67009]]],[[[120.95753,14.67004],[120.95734,14.67013],[120.95753,14.67013],[120.95753,14.67004]]],[[[120.95771,14.67023],[120.95762,14.67013],[120.95762,14.67022],[120.95771,14.67023]]],[[[120.96115,14.67026],[120.96087,14.66971],[120.96143,14.66981],[120.96181,14.669],[120.96041,14.66962],[120.9594,14.6687],[120.95994,14.66979],[120.96115,14.67026]]],[[[120.96003,14.67034],[120.95984,14.67042],[120.96003,14.67052],[120.96003,14.67034]]],[[[120.954,14.67055],[120.95381,14.67046],[120.95381,14.67055],[120.954,14.67055]]],[[[120.95865,14.66933],[120.95864,14.67023],[120.95743,14.67067],[120.95882,14.67033],[120.95865,14.66933]]],[[[120.95938,14.6706],[120.9591,14.67078],[120.95938,14.67078],[120.95938,14.6706]]],[[[120.95251,14.67081],[120.9526,14.67063],[120.95251,14.67063],[120.95251,14.67081]]],[[[120.96031,14.67061],[120.96012,14.67079],[120.9603,14.67088],[120.96031,14.67061]]],[[[120.95269,14.67081],[120.9526,14.67117],[120.95269,14.67118],[120.95269,14.67081]]],[[[120.96216,14.67126],[120.96235,14.67099],[120.96225,14.67099],[120.96216,14.67126]]],[[[120.959,14.67141],[120.95891,14.67132],[120.95891,14.67141],[120.959,14.67141]]],[[[120.96244,14.67135],[120.96234,14.67144],[120.96243,14.67144],[120.96244,14.67135]]],[[[120.9422,14.67149],[120.94201,14.67135],[120.94192,14.67149],[120.9422,14.67149]]],[[[120.96253,14.67144],[120.96243,14.67153],[120.96253,14.67153],[120.96253,14.67144]]],[[[120.9616,14.67143],[120.96141,14.67152],[120.9616,14.67162],[120.9616,14.67143]]],[[[120.95371,14.67127],[120.95352,14.67145],[120.95371,14.67173],[120.95371,14.67127]]],[[[120.95259,14.67181],[120.95269,14.67154],[120.95259,14.67154],[120.95259,14.67181]]],[[[120.95278,14.67181],[120.95268,14.6719],[120.95278,14.6719],[120.95278,14.67181]]],[[[120.95287,14.6719],[120.95278,14.67199],[120.95287,14.67199],[120.95287,14.6719]]],[[[120.95296,14.67226],[120.95287,14.67208],[120.95287,14.67226],[120.95296,14.67226]]],[[[120.95444,14.67237],[120.95426,14.67191],[120.95416,14.67236],[120.95444,14.67237]]],[[[120.95825,14.6724],[120.95816,14.67222],[120.95806,14.6724],[120.95825,14.6724]]],[[[120.95305,14.67253],[120.95296,14.67235],[120.95296,14.67253],[120.95305,14.67253]]],[[[120.9614,14.6727],[120.96159,14.67252],[120.96131,14.67243],[120.9614,14.6727]]],[[[120.95305,14.67281],[120.95314,14.67263],[120.95305,14.67262],[120.95305,14.67281]]],[[[120.95397,14.67281],[120.95444,14.67255],[120.95388,14.67254],[120.95397,14.67281]]],[[[120.94214,14.67298],[120.9421,14.67257],[120.94209,14.67298],[120.94214,14.67298]]],[[[120.95323,14.67281],[120.95314,14.67299],[120.95323,14.67299],[120.95323,14.67281]]],[[[120.95332,14.67299],[120.95323,14.67326],[120.95332,14.67326],[120.95332,14.67299]]],[[[120.95778,14.67312],[120.95796,14.67321],[120.95796,14.67312],[120.95778,14.67312]]],[[[120.94998,14.67332],[120.94989,14.67314],[120.94989,14.67332],[120.94998,14.67332]]],[[[120.96177,14.67333],[120.96168,14.67324],[120.96167,14.67333],[120.96177,14.67333]]],[[[120.95512,14.66984],[120.95587,14.66876],[120.95754,14.66833],[120.95689,14.6685],[120.95725,14.6695],[120.95717,14.66868],[120.9581,14.66842],[120.95708,14.66814],[120.95792,14.66761],[120.95922,14.66771],[120.95932,14.66708],[120.9595,14.6678],[120.95978,14.66717],[120.95987,14.66799],[120.96043,14.66718],[120.96135,14.668],[120.96126,14.66746],[120.96192,14.66737],[120.96192,14.66692],[120.96155,14.6671],[120.96174,14.66583],[120.96268,14.66485],[120.96317,14.66268],[120.96428,14.66224],[120.96402,14.66097],[120.96346,14.66106],[120.96309,14.66042],[120.96365,14.6607],[120.96366,14.65934],[120.96468,14.65908],[120.96199,14.65933],[120.96163,14.6586],[120.96098,14.65851],[120.96163,14.65842],[120.96172,14.65797],[120.95978,14.65732],[120.95913,14.65759],[120.95811,14.65686],[120.9584,14.65595],[120.95803,14.6555],[120.9585,14.65505],[120.95952,14.65524],[120.96009,14.65398],[120.96102,14.65345],[120.96195,14.65391],[120.96242,14.65337],[120.96297,14.65392],[120.96344,14.65356],[120.96307,14.65328],[120.96335,14.65292],[120.96187,14.65264],[120.96233,14.65228],[120.96307,14.65256],[120.96252,14.65201],[120.96112,14.65254],[120.96122,14.652],[120.96067,14.65164],[120.96151,14.65119],[120.96124,14.6502],[120.9618,14.64984],[120.95947,14.65036],[120.96004,14.64928],[120.96088,14.64929],[120.96034,14.64712],[120.96117,14.64748],[120.96071,14.64667],[120.96156,14.64568],[120.96231,14.64523],[120.96248,14.64623],[120.96332,14.64606],[120.96312,14.64696],[120.96387,14.64651],[120.96424,14.64733],[120.9647,14.64715],[120.96516,14.64788],[120.96599,14.64807],[120.96249,14.64506],[120.96138,14.64505],[120.96166,14.6446],[120.96074,14.64414],[120.96074,14.6435],[120.96121,14.64333],[120.9614,14.64297],[120.96065,14.64341],[120.95657,14.64808],[120.95717,14.64826],[120.95707,14.6488],[120.95754,14.64863],[120.95679,14.64916],[120.95698,14.64953],[120.95632,14.64961],[120.95615,14.64857],[120.95362,14.65121],[120.95652,14.65372],[120.95656,14.65422],[120.95589,14.65675],[120.95547,14.66189],[120.95329,14.66657],[120.95288,14.67091],[120.95323,14.67272],[120.95369,14.67335],[120.95315,14.6719],[120.9533,14.67055],[120.95483,14.67029],[120.95446,14.67011],[120.95484,14.66957],[120.95512,14.66984]]],[[[120.95298,14.67009],[120.95302,14.67036],[120.95298,14.67036],[120.95298,14.67009]]],[[[120.95373,14.66947],[120.95336,14.66856],[120.9542,14.66848],[120.95419,14.66929],[120.95373,14.66947]]],[[[120.95503,14.6693],[120.95494,14.66921],[120.95503,14.66921],[120.95503,14.6693]]],[[[120.95643,14.66832],[120.9556,14.66813],[120.95616,14.66777],[120.95643,14.66832]]],[[[120.95634,14.66777],[120.95635,14.66678],[120.95746,14.6676],[120.9568,14.66823],[120.95634,14.66777]]],[[[120.9608,14.667],[120.96062,14.66682],[120.96081,14.66682],[120.9608,14.667]]],[[[120.95969,14.66681],[120.95978,14.6669],[120.95969,14.6669],[120.95969,14.66681]]],[[[120.95821,14.66662],[120.95774,14.66688],[120.95775,14.66652],[120.95821,14.66662]]],[[[120.96053,14.66636],[120.96062,14.66646],[120.96062,14.66637],[120.96053,14.66636]]],[[[120.96053,14.66655],[120.96044,14.66645],[120.96044,14.66654],[120.96053,14.66655]]],[[[120.95979,14.66636],[120.95988,14.66654],[120.95979,14.66654],[120.95979,14.66636]]],[[[120.96165,14.66637],[120.96146,14.66619],[120.96165,14.66619],[120.96165,14.66637]]],[[[120.95998,14.66618],[120.95989,14.66582],[120.96026,14.66537],[120.96017,14.66591],[120.95998,14.66618]]],[[[120.96054,14.66591],[120.96082,14.66519],[120.96119,14.66511],[120.96109,14.66619],[120.96054,14.66591]]],[[[120.96212,14.6652],[120.96203,14.66493],[120.96222,14.66493],[120.96212,14.6652]]],[[[120.96083,14.66474],[120.96064,14.66492],[120.96064,14.66474],[120.96083,14.66474]]],[[[120.95424,14.66459],[120.95544,14.66478],[120.95554,14.66397],[120.95452,14.66378],[120.95424,14.66459]]],[[[120.95553,14.66551],[120.95424,14.66468],[120.95367,14.66563],[120.95375,14.66694],[120.95477,14.66704],[120.95487,14.66613],[120.95553,14.66551]]],[[[120.95573,14.66406],[120.95554,14.66415],[120.95573,14.66415],[120.95573,14.66406]]],[[[120.956,14.66425],[120.95582,14.66397],[120.95601,14.66398],[120.956,14.66425]]],[[[120.95395,14.66513],[120.9539,14.66549],[120.95391,14.66513],[120.95395,14.66513]]],[[[120.95338,14.66698],[120.95347,14.66703],[120.95338,14.66702],[120.95338,14.66698]]],[[[120.95812,14.66634],[120.95812,14.66589],[120.95849,14.66626],[120.95812,14.66634]]],[[[120.95609,14.66533],[120.9559,14.66515],[120.95609,14.66515],[120.95609,14.66533]]],[[[120.95692,14.66498],[120.95665,14.66498],[120.95665,14.66488],[120.95692,14.66498]]],[[[120.95588,14.66723],[120.9557,14.66741],[120.9557,14.66723],[120.95588,14.66723]]],[[[120.95449,14.66758],[120.95458,14.66767],[120.95449,14.66767],[120.95449,14.66758]]],[[[120.95532,14.66767],[120.95551,14.66777],[120.95532,14.66776],[120.95532,14.66767]]],[[[120.95337,14.66775],[120.95346,14.66793],[120.95337,14.66793],[120.95337,14.66775]]],[[[120.95383,14.66793],[120.95365,14.66784],[120.95384,14.66784],[120.95383,14.66793]]],[[[120.95439,14.66821],[120.95448,14.66839],[120.95429,14.66839],[120.95439,14.66821]]],[[[120.95527,14.6637],[120.9549,14.66351],[120.95518,14.66334],[120.95527,14.6637]]],[[[120.95564,14.66334],[120.95509,14.66297],[120.95574,14.66298],[120.95564,14.66334]]],[[[120.95601,14.66316],[120.95592,14.66298],[120.95611,14.66298],[120.95601,14.66316]]],[[[120.95611,14.66271],[120.95565,14.66226],[120.95621,14.66235],[120.95611,14.66271]]],[[[120.95639,14.66208],[120.95561,14.66171],[120.95612,14.66154],[120.95639,14.66208]]],[[[120.95919,14.66057],[120.95929,14.66066],[120.95929,14.66057],[120.95919,14.66057]]],[[[120.95909,14.66129],[120.95882,14.66048],[120.95881,14.66183],[120.96021,14.66148],[120.96012,14.66094],[120.95909,14.66129]]],[[[120.9604,14.66067],[120.96012,14.66076],[120.9604,14.66085],[120.9604,14.66067]]],[[[120.95994,14.66049],[120.9604,14.66022],[120.95985,14.65994],[120.95994,14.66049]]],[[[120.96244,14.66033],[120.96198,14.65996],[120.96263,14.65997],[120.96244,14.66033]]],[[[120.96124,14.65986],[120.96152,14.66014],[120.96115,14.66013],[120.96124,14.65986]]],[[[120.95827,14.65957],[120.9579,14.65993],[120.95763,14.65929],[120.95827,14.65957]]],[[[120.9606,14.6595],[120.96023,14.65913],[120.96088,14.65923],[120.9606,14.6595]]],[[[120.96134,14.65941],[120.96106,14.65914],[120.96116,14.65869],[120.96162,14.65887],[120.96134,14.65941]]],[[[120.95619,14.65883],[120.95652,14.65892],[120.95619,14.6591],[120.95619,14.65883]]],[[[120.95735,14.6592],[120.95717,14.65893],[120.95745,14.65893],[120.95735,14.6592]]],[[[120.958,14.65902],[120.95791,14.65893],[120.958,14.65893],[120.958,14.65902]]],[[[120.9593,14.65921],[120.95967,14.6594],[120.9593,14.6594],[120.9593,14.65921]]],[[[120.95623,14.65964],[120.95641,14.66009],[120.9559,14.66018],[120.95623,14.65964]]],[[[120.95948,14.66012],[120.95957,14.66021],[120.95957,14.66012],[120.95948,14.66012]]],[[[120.95947,14.6603],[120.95938,14.66021],[120.95938,14.6603],[120.95947,14.6603]]],[[[120.95743,14.66028],[120.95752,14.66037],[120.95743,14.66037],[120.95743,14.66028]]],[[[120.95697,14.6601],[120.95679,14.65983],[120.95697,14.65983],[120.95697,14.6601]]],[[[120.95715,14.66082],[120.95724,14.661],[120.95715,14.661],[120.95715,14.66082]]],[[[120.95798,14.66092],[120.95845,14.66083],[120.95845,14.66111],[120.95817,14.66119],[120.95798,14.66092]]],[[[120.95686,14.66172],[120.95705,14.66182],[120.95686,14.66181],[120.95686,14.66172]]],[[[120.96234,14.66114],[120.96225,14.66096],[120.96244,14.66096],[120.96234,14.66114]]],[[[120.95606,14.6586],[120.95592,14.65833],[120.95606,14.65833],[120.95606,14.6586]]],[[[120.95718,14.65802],[120.95708,14.65784],[120.95718,14.65784],[120.95718,14.65802]]],[[[120.95643,14.65792],[120.95653,14.65802],[120.95643,14.65802],[120.95643,14.65792]]],[[[120.95634,14.65765],[120.95663,14.6572],[120.95671,14.65784],[120.95634,14.65765]]],[[[120.95811,14.65731],[120.95765,14.65712],[120.95774,14.65667],[120.95811,14.65731]]],[[[120.95621,14.65648],[120.95644,14.65702],[120.95621,14.6572],[120.95621,14.65648]]],[[[120.95664,14.65576],[120.95683,14.65558],[120.95682,14.65576],[120.95664,14.65576]]],[[[120.9565,14.6554],[120.95679,14.65504],[120.95702,14.65522],[120.95701,14.6554],[120.9565,14.6554]]],[[[120.95823,14.65469],[120.95776,14.65468],[120.95786,14.65432],[120.95823,14.65469]]],[[[120.95832,14.6546],[120.95823,14.65442],[120.95832,14.65442],[120.95832,14.6546]]],[[[120.95703,14.65386],[120.95694,14.65359],[120.95712,14.65359],[120.95703,14.65386]]],[[[120.95907,14.65343],[120.95898,14.65334],[120.95907,14.65334],[120.95907,14.65343]]],[[[120.95926,14.65289],[120.95917,14.65271],[120.95927,14.65271],[120.95926,14.65289]]],[[[120.95973,14.6528],[120.95964,14.65253],[120.95982,14.65262],[120.95973,14.6528]]],[[[120.9588,14.65243],[120.95871,14.65216],[120.9589,14.65225],[120.9588,14.65243]]],[[[120.95964,14.65235],[120.95955,14.65217],[120.95964,14.65217],[120.95964,14.65235]]],[[[120.95918,14.65217],[120.95899,14.65198],[120.95918,14.65198],[120.95918,14.65217]]],[[[120.96094,14.65209],[120.96085,14.652],[120.96094,14.652],[120.96094,14.65209]]],[[[120.95797,14.65206],[120.95806,14.65216],[120.95797,14.65215],[120.95797,14.65206]]],[[[120.95946,14.6519],[120.95937,14.65172],[120.95946,14.65172],[120.95946,14.6519]]],[[[120.95751,14.6517],[120.9577,14.65188],[120.95751,14.65188],[120.95751,14.6517]]],[[[120.96002,14.65136],[120.95984,14.65118],[120.96002,14.65109],[120.96002,14.65136]]],[[[120.95928,14.6509],[120.95919,14.65117],[120.95919,14.6509],[120.95928,14.6509]]],[[[120.95604,14.65078],[120.95603,14.65123],[120.95576,14.65078],[120.95604,14.65078]]],[[[120.95882,14.6509],[120.95864,14.65053],[120.95882,14.65063],[120.95882,14.6509]]],[[[120.96077,14.65082],[120.96086,14.65055],[120.96095,14.65083],[120.96077,14.65082]]],[[[120.95929,14.65063],[120.95938,14.65072],[120.95928,14.65072],[120.95929,14.65063]]],[[[120.95845,14.65053],[120.95827,14.65035],[120.95855,14.65035],[120.95845,14.65053]]],[[[120.95743,14.65016],[120.95715,14.65034],[120.95725,14.65007],[120.95743,14.65016]]],[[[120.95669,14.64997],[120.95651,14.65015],[120.95651,14.64997],[120.95669,14.64997]]],[[[120.95604,14.64979],[120.95604,14.65051],[120.95567,14.64997],[120.95604,14.64979]]],[[[120.95837,14.64981],[120.95818,14.64963],[120.95837,14.64972],[120.95837,14.64981]]],[[[120.95744,14.64971],[120.95753,14.6498],[120.95744,14.6498],[120.95744,14.64971]]],[[[120.96051,14.64883],[120.95949,14.6491],[120.95986,14.64856],[120.95921,14.64828],[120.95986,14.6482],[120.96051,14.64883]]],[[[120.96033,14.64775],[120.96042,14.64793],[120.96043,14.64775],[120.96033,14.64775]]],[[[120.96024,14.64811],[120.96005,14.64784],[120.95996,14.64811],[120.96024,14.64811]]],[[[120.96016,14.64675],[120.95979,14.64666],[120.96007,14.64648],[120.96016,14.64675]]],[[[120.96081,14.64604],[120.96063,14.64594],[120.96081,14.64585],[120.96081,14.64604]]],[[[120.96119,14.64532],[120.96128,14.64541],[120.96128,14.64532],[120.96119,14.64532]]],[[[120.96119,14.6455],[120.9611,14.6454],[120.9611,14.6455],[120.96119,14.6455]]],[[[120.96129,14.64514],[120.9611,14.64486],[120.96129,14.64486],[120.96129,14.64514]]],[[[120.96092,14.64468],[120.96101,14.64477],[120.96101,14.64468],[120.96092,14.64468]]],[[[120.96092,14.64504],[120.96073,14.64477],[120.96073,14.64504],[120.96092,14.64504]]],[[[120.9611,14.64459],[120.96092,14.64441],[120.96111,14.64441],[120.9611,14.64459]]],[[[120.96297,14.65346],[120.96316,14.65365],[120.96297,14.65364],[120.96297,14.65346]]],[[[120.95341,14.67326],[120.95332,14.67344],[120.95341,14.67344],[120.95341,14.67326]]],[[[120.96074,14.67351],[120.9614,14.67342],[120.96122,14.67279],[120.96056,14.67305],[120.96074,14.67351]]],[[[120.9535,14.67344],[120.95341,14.67371],[120.9535,14.67371],[120.9535,14.67344]]],[[[120.9613,14.6736],[120.96167,14.6736],[120.96167,14.67351],[120.9613,14.6736]]],[[[120.9587,14.67394],[120.95861,14.67385],[120.95861,14.67394],[120.9587,14.67394]]],[[[120.95916,14.67412],[120.96,14.67386],[120.96048,14.67206],[120.9602,14.67169],[120.95816,14.67195],[120.95871,14.67267],[120.95815,14.67285],[120.95796,14.67393],[120.95889,14.67367],[120.95916,14.67412]]],[[[120.95927,14.67277],[120.95908,14.67259],[120.95927,14.67259],[120.95927,14.67277]]],[[[120.95992,14.67268],[120.95973,14.67241],[120.95992,14.67241],[120.95992,14.67268]]],[[[120.96002,14.67205],[120.95983,14.67196],[120.96002,14.67187],[120.96002,14.67205]]],[[[120.95461,14.67435],[120.95424,14.67408],[120.95359,14.67407],[120.9535,14.6738],[120.9534,14.67425],[120.95461,14.67435]]],[[[120.95489,14.67436],[120.95461,14.67445],[120.95489,14.67445],[120.95489,14.67436]]],[[[120.94263,14.67443],[120.94254,14.67452],[120.94263,14.67452],[120.94263,14.67443]]],[[[120.95517,14.67445],[120.95489,14.67454],[120.95517,14.67454],[120.95517,14.67445]]],[[[120.95535,14.67454],[120.95516,14.67463],[120.95535,14.67463],[120.95535,14.67454]]],[[[120.96222,14.6746],[120.96194,14.67469],[120.96222,14.67469],[120.96222,14.6746]]],[[[120.95414,14.67453],[120.95359,14.67444],[120.95349,14.67471],[120.95368,14.67453],[120.95414,14.67453]]],[[[120.96073,14.67486],[120.96064,14.67468],[120.96055,14.67486],[120.96073,14.67486]]],[[[120.95349,14.67489],[120.95331,14.6748],[120.95331,14.67489],[120.95349,14.67489]]],[[[120.96055,14.67486],[120.95832,14.6752],[120.95795,14.67493],[120.95535,14.67463],[120.95822,14.67529],[120.96055,14.67486]]],[[[120.9611,14.67532],[120.96147,14.67487],[120.96064,14.67522],[120.9611,14.67532]]],[[[120.95414,14.67453],[120.95599,14.67536],[120.95627,14.67536],[120.95507,14.67472],[120.95414,14.67453]]],[[[120.95646,14.67537],[120.95627,14.67545],[120.95646,14.67546],[120.95646,14.67537]]],[[[120.96008,14.67549],[120.9598,14.67539],[120.9598,14.67548],[120.96008,14.67549]]],[[[120.96017,14.67522],[120.96045,14.67549],[120.96054,14.67522],[120.96017,14.67522]]],[[[120.95673,14.67546],[120.95646,14.67555],[120.95673,14.67555],[120.95673,14.67546]]],[[[120.9598,14.67558],[120.95971,14.67548],[120.9597,14.67557],[120.9598,14.67558]]],[[[120.95692,14.67555],[120.95673,14.67564],[120.95692,14.67564],[120.95692,14.67555]]],[[[120.95961,14.67575],[120.95943,14.67557],[120.95942,14.67566],[120.95961,14.67575]]],[[[120.94616,14.66461],[120.94394,14.66396],[120.94367,14.66351],[120.94635,14.66434],[120.94589,14.66343],[120.94682,14.66344],[120.9469,14.66475],[120.94634,14.66479],[120.94699,14.66489],[120.94746,14.66462],[120.94701,14.66362],[120.94775,14.66354],[120.94794,14.66273],[120.94692,14.66263],[120.94684,14.66145],[120.94665,14.66172],[120.94619,14.66154],[120.94666,14.661],[120.94768,14.6611],[120.9488,14.66084],[120.94824,14.66056],[120.94843,14.65993],[120.94815,14.66029],[120.94713,14.6601],[120.94806,14.65984],[120.94891,14.65885],[120.94873,14.65768],[120.9493,14.65687],[120.94856,14.65614],[120.9494,14.65615],[120.95006,14.65489],[120.94997,14.65407],[120.95053,14.65444],[120.95072,14.65327],[120.95156,14.65309],[120.95213,14.6521],[120.95176,14.65138],[120.95056,14.65082],[120.94945,14.65072],[120.94916,14.65144],[120.94851,14.65108],[120.94851,14.65153],[120.94824,14.65071],[120.94796,14.65125],[120.94749,14.6512],[120.94815,14.65026],[120.94736,14.65065],[120.94735,14.65137],[120.94804,14.65171],[120.94789,14.65311],[120.94621,14.65473],[120.94536,14.65637],[120.94568,14.65675],[120.94508,14.65661],[120.94479,14.65742],[120.94395,14.65777],[120.94399,14.65872],[120.94338,14.65876],[120.94338,14.65926],[120.94426,14.65981],[120.9431,14.6593],[120.9417,14.66037],[120.94113,14.66172],[120.9395,14.66247],[120.93926,14.66181],[120.93902,14.66197],[120.93889,14.66279],[120.93959,14.66257],[120.94014,14.66302],[120.93915,14.66357],[120.94069,14.66429],[120.93831,14.66522],[120.93722,14.66751],[120.93682,14.66738],[120.9324,14.67167],[120.93127,14.67383],[120.93071,14.6741],[120.9307,14.67518],[120.93232,14.67587],[120.93343,14.67579],[120.93353,14.67525],[120.93418,14.67562],[120.93418,14.67517],[120.93502,14.67509],[120.93586,14.67419],[120.93651,14.67438],[120.93866,14.6725],[120.94006,14.67233],[120.94062,14.67179],[120.94117,14.67225],[120.94118,14.67162],[120.94211,14.67099],[120.94276,14.67136],[120.9424,14.67027],[120.94341,14.67069],[120.94342,14.6701],[120.94473,14.66907],[120.94455,14.66812],[120.94501,14.66822],[120.9453,14.6675],[120.94651,14.66687],[120.94625,14.66552],[120.94699,14.66525],[120.94551,14.66488],[120.94616,14.66461]]],[[[120.94106,14.66448],[120.94161,14.66484],[120.94077,14.66493],[120.94106,14.66448]]],[[[120.94384,14.66486],[120.94374,14.66495],[120.94384,14.66495],[120.94384,14.66486]]],[[[120.94356,14.66486],[120.94365,14.66468],[120.94338,14.66468],[120.94356,14.66486]]],[[[120.94523,14.66487],[120.94505,14.66469],[120.94523,14.66478],[120.94523,14.66487]]],[[[120.943,14.66504],[120.94299,14.66576],[120.94327,14.6663],[120.94253,14.66548],[120.943,14.66504]]],[[[120.93966,14.66546],[120.93984,14.66573],[120.94039,14.6661],[120.93909,14.66599],[120.93966,14.66546]]],[[[120.9416,14.66575],[120.94151,14.66565],[120.9416,14.66566],[120.9416,14.66575]]],[[[120.94225,14.66557],[120.94216,14.66548],[120.94225,14.66548],[120.94225,14.66557]]],[[[120.94355,14.66621],[120.94401,14.66604],[120.94447,14.66658],[120.94391,14.66658],[120.94355,14.66621]]],[[[120.94085,14.66637],[120.94113,14.66655],[120.94085,14.66655],[120.94085,14.66637]]],[[[120.93853,14.66644],[120.93862,14.66662],[120.93853,14.66662],[120.93853,14.66644]]],[[[120.94187,14.66674],[120.94178,14.66656],[120.94187,14.66656],[120.94187,14.66674]]],[[[120.94159,14.66674],[120.94168,14.66683],[120.94159,14.66683],[120.94159,14.66674]]],[[[120.94233,14.66702],[120.94252,14.66675],[120.94261,14.66693],[120.94233,14.66702]]],[[[120.94076,14.667],[120.94103,14.66728],[120.94075,14.66727],[120.94076,14.667]]],[[[120.93825,14.66707],[120.93908,14.66753],[120.93935,14.66853],[120.93806,14.66761],[120.93825,14.66707]]],[[[120.94139,14.66855],[120.9413,14.66845],[120.94139,14.66845],[120.94139,14.66855]]],[[[120.94278,14.66874],[120.94269,14.66847],[120.94288,14.66847],[120.94278,14.66874]]],[[[120.94037,14.66854],[120.94065,14.66872],[120.94037,14.66872],[120.94037,14.66854]]],[[[120.94139,14.66873],[120.94213,14.66882],[120.94161,14.66963],[120.94129,14.66909],[120.94185,14.669],[120.94139,14.66873]]],[[[120.93767,14.66942],[120.93776,14.66951],[120.93776,14.66942],[120.93767,14.66942]]],[[[120.93767,14.66969],[120.93758,14.66951],[120.93757,14.66969],[120.93767,14.66969]]],[[[120.93776,14.66924],[120.93823,14.66951],[120.93832,14.66924],[120.93776,14.66924]]],[[[120.9386,14.6696],[120.93851,14.66933],[120.93869,14.66933],[120.9386,14.6696]]],[[[120.94073,14.66953],[120.94055,14.66926],[120.94083,14.66926],[120.94073,14.66953]]],[[[120.9399,14.66935],[120.93999,14.66953],[120.9399,14.66953],[120.9399,14.66935]]],[[[120.94083,14.66872],[120.94092,14.66899],[120.94074,14.66899],[120.94083,14.66872]]],[[[120.94385,14.66852],[120.9438,14.66848],[120.94385,14.66848],[120.94385,14.66852]]],[[[120.94315,14.66847],[120.94363,14.66757],[120.94497,14.66767],[120.94418,14.66785],[120.94436,14.66826],[120.94315,14.66847]]],[[[120.94344,14.66721],[120.94335,14.66748],[120.94317,14.6673],[120.94344,14.66721]]],[[[120.94447,14.66722],[120.94437,14.66704],[120.94447,14.66704],[120.94447,14.66722]]],[[[120.94354,14.66694],[120.94372,14.66712],[120.94354,14.66712],[120.94354,14.66694]]],[[[120.9453,14.66695],[120.94503,14.66668],[120.94521,14.66668],[120.9453,14.66695]]],[[[120.94558,14.66687],[120.94582,14.66669],[120.94581,14.66691],[120.94558,14.66687]]],[[[120.94336,14.66667],[120.94308,14.66702],[120.9428,14.66657],[120.94336,14.66667]]],[[[120.94605,14.66664],[120.94586,14.66651],[120.94605,14.66651],[120.94605,14.66664]]],[[[120.93983,14.66718],[120.94001,14.66736],[120.93982,14.66736],[120.93983,14.66718]]],[[[120.94149,14.66737],[120.9414,14.66764],[120.94122,14.66737],[120.94149,14.66737]]],[[[120.94316,14.66775],[120.94307,14.66757],[120.94316,14.66757],[120.94316,14.66775]]],[[[120.9427,14.66765],[120.9426,14.66783],[120.94251,14.66783],[120.9427,14.66765]]],[[[120.94214,14.66792],[120.94223,14.66801],[120.94214,14.66801],[120.94214,14.66792]]],[[[120.94167,14.66801],[120.94177,14.6681],[120.94167,14.6681],[120.94167,14.66801]]],[[[120.94307,14.66802],[120.94288,14.66793],[120.94307,14.66793],[120.94307,14.66802]]],[[[120.94392,14.66586],[120.94383,14.66577],[120.94392,14.66577],[120.94392,14.66586]]],[[[120.94541,14.66569],[120.94532,14.66551],[120.94541,14.66551],[120.94541,14.66569]]],[[[120.94411,14.66532],[120.9443,14.66505],[120.94476,14.66532],[120.94411,14.66532]]],[[[120.94611,14.66533],[120.94606,14.66515],[120.94611,14.66515],[120.94611,14.66533]]],[[[120.93897,14.66979],[120.93906,14.66997],[120.93896,14.66997],[120.93897,14.66979]]],[[[120.93943,14.66997],[120.93934,14.66988],[120.93943,14.66988],[120.93943,14.66997]]],[[[120.93859,14.67024],[120.93877,14.67042],[120.93859,14.67042],[120.93859,14.67024]]],[[[120.94044,14.67043],[120.94054,14.67062],[120.94044,14.67062],[120.94044,14.67043]]],[[[120.93951,14.67061],[120.93961,14.67079],[120.93951,14.67079],[120.93951,14.67061]]],[[[120.94132,14.67071],[120.94119,14.67062],[120.94133,14.67053],[120.94132,14.67071]]],[[[120.9397,14.67079],[120.93988,14.67097],[120.9397,14.67097],[120.9397,14.67079]]],[[[120.93812,14.67096],[120.93821,14.67114],[120.93812,14.67114],[120.93812,14.67096]]],[[[120.94034,14.67116],[120.94016,14.67106],[120.94035,14.67098],[120.94034,14.67116]]],[[[120.94118,14.67107],[120.941,14.6708],[120.94118,14.6708],[120.94118,14.67107]]],[[[120.93849,14.67114],[120.93858,14.67123],[120.93849,14.67119],[120.93849,14.67114]]],[[[120.93969,14.67124],[120.93988,14.67142],[120.93969,14.67142],[120.93969,14.67124]]],[[[120.94016,14.67125],[120.94043,14.67152],[120.94044,14.67134],[120.94016,14.67125]]],[[[120.94006,14.6717],[120.93988,14.67151],[120.93988,14.67169],[120.94006,14.6717]]],[[[120.9409,14.6717],[120.94071,14.67161],[120.9409,14.67161],[120.9409,14.6717]]],[[[120.94025,14.67179],[120.94034,14.67197],[120.94024,14.67197],[120.94025,14.67179]]],[[[120.94422,14.66414],[120.94412,14.66432],[120.94421,14.66432],[120.94422,14.66414]]],[[[120.94394,14.66414],[120.94403,14.66405],[120.94394,14.66405],[120.94394,14.66414]]],[[[120.94246,14.66377],[120.94227,14.66367],[120.94255,14.6635],[120.94246,14.66377]]],[[[120.94561,14.66379],[120.94543,14.66334],[120.94571,14.66334],[120.94561,14.66379]]],[[[120.93986,14.66334],[120.93995,14.66338],[120.93986,14.66338],[120.93986,14.66334]]],[[[120.94051,14.66366],[120.94088,14.66357],[120.94088,14.66375],[120.94051,14.66366]]],[[[120.94599,14.66325],[120.9458,14.66316],[120.94599,14.66307],[120.94599,14.66325]]],[[[120.94738,14.66318],[120.94711,14.6629],[120.94738,14.66291],[120.94738,14.66318]]],[[[120.94627,14.6629],[120.94645,14.66299],[120.94627,14.66299],[120.94627,14.6629]]],[[[120.94098,14.66276],[120.9407,14.66321],[120.94061,14.66266],[120.94098,14.66276]]],[[[120.94506,14.6627],[120.94488,14.66261],[120.94507,14.66252],[120.94506,14.6627]]],[[[120.94274,14.66314],[120.94256,14.66295],[120.94283,14.66296],[120.94274,14.66314]]],[[[120.94693,14.66227],[120.94656,14.66208],[120.94693,14.662],[120.94693,14.66227]]],[[[120.94628,14.66217],[120.94637,14.66235],[120.94627,14.66235],[120.94628,14.66217]]],[[[120.94349,14.66224],[120.94358,14.66233],[120.94349,14.66233],[120.94349,14.66224]]],[[[120.94564,14.66108],[120.94545,14.6609],[120.94573,14.6609],[120.94564,14.66108]]],[[[120.9461,14.66073],[120.94537,14.66009],[120.9462,14.66046],[120.9461,14.66073]]],[[[120.94648,14.66019],[120.9463,14.66],[120.94648,14.66001],[120.94648,14.66019]]],[[[120.94416,14.65989],[120.94407,14.66017],[120.94388,14.65989],[120.94416,14.65989]]],[[[120.94732,14.65983],[120.94733,14.65884],[120.94826,14.65903],[120.94778,14.65975],[120.94732,14.65983]]],[[[120.94612,14.65883],[120.94593,14.65901],[120.94584,14.65883],[120.94612,14.65883]]],[[[120.94602,14.65937],[120.94602,14.65964],[120.9463,14.65964],[120.94602,14.65937]]],[[[120.94584,14.65946],[120.94556,14.65909],[120.94528,14.65909],[120.94547,14.65954],[120.94584,14.65946]]],[[[120.94408,14.65935],[120.94417,14.65944],[120.94407,14.65944],[120.94408,14.65935]]],[[[120.94808,14.65839],[120.94752,14.65794],[120.94799,14.65749],[120.94808,14.65839]]],[[[120.94734,14.65748],[120.94715,14.65757],[120.94716,14.65739],[120.94734,14.65748]]],[[[120.94549,14.65729],[120.9453,14.65765],[120.94521,14.65746],[120.94549,14.65729]]],[[[120.94576,14.65774],[120.94594,14.65792],[120.94576,14.65783],[120.94576,14.65774]]],[[[120.9487,14.6565],[120.94865,14.65641],[120.9487,14.65641],[120.9487,14.6565]]],[[[120.94773,14.65613],[120.94754,14.65586],[120.94773,14.65595],[120.94773,14.65613]]],[[[120.94931,14.65587],[120.94921,14.65578],[120.94931,14.65578],[120.94931,14.65587]]],[[[120.94931,14.6556],[120.94912,14.65533],[120.94931,14.65533],[120.94931,14.6556]]],[[[120.94746,14.65513],[120.94717,14.65549],[120.94708,14.65522],[120.94746,14.65513]]],[[[120.94941,14.65452],[120.94932,14.65407],[120.94951,14.65407],[120.94941,14.65452]]],[[[120.9497,14.65353],[120.95012,14.6534],[120.95017,14.65313],[120.95026,14.65353],[120.9497,14.65353]]],[[[120.95109,14.65309],[120.95068,14.6529],[120.9511,14.65291],[120.95109,14.65309]]],[[[120.94914,14.65334],[120.94933,14.65352],[120.94914,14.65352],[120.94914,14.65334]]],[[[120.94869,14.65225],[120.94818,14.65234],[120.94818,14.65198],[120.94869,14.65225]]],[[[120.96471,14.67634],[120.96462,14.67625],[120.96462,14.67634],[120.96471,14.67634]]],[[[120.96489,14.67661],[120.96508,14.67643],[120.9648,14.67643],[120.96489,14.67661]]],[[[120.96526,14.67662],[120.96517,14.67671],[120.96526,14.67671],[120.96526,14.67662]]],[[[120.9467,14.67691],[120.9466,14.67681],[120.9466,14.6769],[120.9467,14.67691]]],[[[120.93379,14.67697],[120.9337,14.67688],[120.9337,14.67697],[120.93379,14.67697]]],[[[120.93361,14.67715],[120.93351,14.67697],[120.93351,14.67715],[120.93361,14.67715]]],[[[120.95878,14.67557],[120.9571,14.67582],[120.95868,14.67575],[120.95774,14.67736],[120.95877,14.67638],[120.95878,14.67557]]],[[[120.95774,14.67745],[120.95765,14.67736],[120.95764,14.67745],[120.95774,14.67745]]],[[[120.97407,14.67751],[120.97417,14.67742],[120.97408,14.67742],[120.97407,14.67751]]],[[[120.92845,14.67772],[120.92877,14.67765],[120.92878,14.67745],[120.92845,14.67772]]],[[[120.94483,14.67815],[120.94474,14.67806],[120.94474,14.67815],[120.94483,14.67815]]],[[[120.93267,14.67818],[120.93323,14.67769],[120.93296,14.67705],[120.9313,14.676],[120.93291,14.67737],[120.93267,14.67818]]],[[[120.93239,14.67859],[120.93234,14.67845],[120.93234,14.67859],[120.93239,14.67859]]],[[[120.93206,14.67872],[120.9322,14.67886],[120.9322,14.67872],[120.93206,14.67872]]],[[[120.92765,14.67909],[120.9276,14.67895],[120.9276,14.67909],[120.92765,14.67909]]],[[[120.93178,14.67899],[120.93182,14.67912],[120.93201,14.67899],[120.93178,14.67899]]],[[[120.97417,14.67751],[120.9737,14.67814],[120.97175,14.67776],[120.96858,14.67909],[120.96655,14.6778],[120.96739,14.67763],[120.96693,14.67708],[120.96628,14.67726],[120.96436,14.67372],[120.96083,14.67387],[120.95814,14.67439],[120.95388,14.67335],[120.95841,14.67457],[120.96093,14.67405],[120.96139,14.67432],[120.96092,14.67459],[120.9612,14.67468],[120.96418,14.6739],[120.96444,14.67544],[120.966,14.67689],[120.96627,14.6778],[120.96877,14.67936],[120.97156,14.67803],[120.97388,14.67832],[120.97417,14.67751]]],[[[120.9315,14.67926],[120.93154,14.67939],[120.93173,14.67926],[120.9315,14.67926]]],[[[120.93135,14.67975],[120.93122,14.67952],[120.93121,14.6798],[120.93135,14.67975]]],[[[120.93066,14.67979],[120.93089,14.67993],[120.93093,14.67979],[120.93066,14.67979]]],[[[120.93154,14.68007],[120.93149,14.68002],[120.93149,14.68007],[120.93154,14.68007]]],[[[120.93038,14.68006],[120.93042,14.68019],[120.93061,14.68006],[120.93038,14.68006]]],[[[120.93181,14.68034],[120.93177,14.6803],[120.93177,14.68034],[120.93181,14.68034]]],[[[120.92675,14.68016],[120.92699,14.68016],[120.92699,14.68003],[120.92675,14.68016]]],[[[120.93005,14.68033],[120.93014,14.68046],[120.93033,14.68033],[120.93005,14.68033]]],[[[120.93005,14.68055],[120.92986,14.68046],[120.92986,14.68055],[120.93005,14.68055]]],[[[120.93209,14.68062],[120.93204,14.68057],[120.93204,14.68062],[120.93209,14.68062]]],[[[120.92986,14.68064],[120.92977,14.6806],[120.92977,14.68064],[120.92986,14.68064]]],[[[120.94406,14.68068],[120.94397,14.68059],[120.94397,14.68068],[120.94406,14.68068]]],[[[120.92977,14.68073],[120.92958,14.68064],[120.92958,14.68073],[120.92977,14.68073]]],[[[120.92958,14.68082],[120.92953,14.68073],[120.92953,14.68082],[120.92958,14.68082]]],[[[120.93236,14.68084],[120.93232,14.68089],[120.93255,14.68089],[120.93236,14.68084]]],[[[120.93311,14.68076],[120.93283,14.68094],[120.93311,14.68094],[120.93311,14.68076]]],[[[120.94067,14.6811],[120.94062,14.68092],[120.94062,14.6811],[120.94067,14.6811]]],[[[120.94573,14.68132],[120.94564,14.68114],[120.94563,14.68132],[120.94573,14.68132]]],[[[120.93347,14.68149],[120.93338,14.6814],[120.93338,14.68149],[120.93347,14.68149]]],[[[120.92734,14.68216],[120.92827,14.68144],[120.92939,14.68086],[120.928,14.68126],[120.92734,14.68216]]],[[[120.92687,14.6826],[120.92715,14.68224],[120.92701,14.68206],[120.92659,14.68233],[120.92687,14.6826]]],[[[120.92575,14.683],[120.92566,14.68295],[120.92566,14.683],[120.92575,14.683]]],[[[120.93606,14.68314],[120.93596,14.68323],[120.93605,14.68323],[120.93606,14.68314]]],[[[120.93707,14.68342],[120.93736,14.68279],[120.9368,14.68256],[120.93675,14.68296],[120.93707,14.68342]]],[[[120.93624,14.68332],[120.93605,14.68341],[120.93624,14.6835],[120.93624,14.68332]]],[[[120.93707,14.68351],[120.93703,14.68342],[120.93703,14.68351],[120.93707,14.68351]]],[[[120.93744,14.68369],[120.93754,14.68351],[120.93744,14.68351],[120.93744,14.68369]]],[[[120.94858,14.68397],[120.94849,14.68415],[120.94858,14.68415],[120.94858,14.68397]]],[[[120.938,14.68379],[120.93725,14.68405],[120.9379,14.68433],[120.938,14.68379]]],[[[120.93874,14.68443],[120.93864,14.68433],[120.93864,14.68442],[120.93874,14.68443]]],[[[120.95268,14.68229],[120.95193,14.68274],[120.9522,14.68346],[120.95062,14.68417],[120.95034,14.68453],[120.95202,14.68364],[120.9522,14.68409],[120.95248,14.68346],[120.95212,14.68283],[120.95268,14.68229]]],[[[120.95034,14.68453],[120.9495,14.68524],[120.94858,14.68415],[120.9494,14.68533],[120.95005,14.68525],[120.95034,14.68453]]],[[[120.95484,14.67942],[120.95475,14.67878],[120.95577,14.67906],[120.95671,14.67826],[120.95616,14.67771],[120.95504,14.67824],[120.95514,14.67779],[120.95486,14.67743],[120.95523,14.6777],[120.9556,14.67771],[120.95653,14.67744],[120.95699,14.6779],[120.95736,14.6779],[120.95764,14.67745],[120.95699,14.67772],[120.95635,14.67726],[120.95532,14.67761],[120.95394,14.67634],[120.95495,14.67779],[120.95448,14.67851],[120.95475,14.67933],[120.95428,14.67977],[120.95568,14.67942],[120.95594,14.68069],[120.95529,14.68114],[120.9539,14.68058],[120.95352,14.68176],[120.95268,14.68211],[120.9538,14.68194],[120.95409,14.68077],[120.95492,14.68123],[120.9535,14.68383],[120.9521,14.68472],[120.952,14.68518],[120.9532,14.68591],[120.95385,14.68582],[120.95424,14.68465],[120.95608,14.68575],[120.95655,14.68549],[120.95637,14.68422],[120.95684,14.68377],[120.95611,14.68286],[120.95777,14.68378],[120.95833,14.68333],[120.95843,14.6827],[120.95769,14.68251],[120.95817,14.68134],[120.9566,14.68034],[120.95613,14.68051],[120.95614,14.67943],[120.95484,14.67942]]],[[[120.95492,14.6815],[120.95584,14.68223],[120.95463,14.68231],[120.95492,14.6815]]],[[[120.95444,14.68222],[120.95454,14.68231],[120.95444,14.68231],[120.95444,14.68222]]],[[[120.95494,14.67861],[120.95541,14.67843],[120.95577,14.67888],[120.95512,14.67897],[120.95494,14.67861]]],[[[120.93377,14.6795],[120.93311,14.68049],[120.9343,14.68186],[120.93384,14.68203],[120.9326,14.68094],[120.93236,14.68121],[120.93374,14.68221],[120.93262,14.68329],[120.93368,14.68361],[120.93368,14.68411],[120.93612,14.68612],[120.93687,14.68495],[120.93633,14.6835],[120.93614,14.68395],[120.93587,14.68286],[120.93532,14.6825],[120.93616,14.68178],[120.93636,14.6807],[120.93728,14.68098],[120.9385,14.67954],[120.94022,14.67486],[120.9406,14.67414],[120.94115,14.67424],[120.94125,14.67324],[120.94088,14.67297],[120.94182,14.67271],[120.94005,14.67287],[120.93939,14.67395],[120.93874,14.6739],[120.9392,14.67431],[120.93827,14.67421],[120.93855,14.67476],[120.93781,14.67466],[120.93715,14.67538],[120.93529,14.67599],[120.9349,14.67716],[120.93435,14.67725],[120.93406,14.67797],[120.9336,14.67787],[120.93387,14.67842],[120.93331,14.67927],[120.93377,14.6795]]],[[[120.93614,14.68404],[120.93619,14.68413],[120.93614,14.68413],[120.93614,14.68404]]],[[[120.93641,14.68472],[120.93646,14.68477],[120.93641,14.68477],[120.93641,14.68472]]],[[[120.9366,14.68499],[120.93673,14.68527],[120.93641,14.68526],[120.9366,14.68499]]],[[[120.93513,14.68232],[120.93439,14.68222],[120.93439,14.68204],[120.93513,14.68232]]],[[[120.93459,14.68141],[120.9344,14.68122],[120.93468,14.68123],[120.93459,14.68141]]],[[[120.9357,14.68106],[120.93542,14.68114],[120.93543,14.68105],[120.9357,14.68106]]],[[[120.93496,14.68078],[120.93477,14.68114],[120.93468,14.68087],[120.93496,14.68078]]],[[[120.93589,14.68079],[120.93571,14.6806],[120.93589,14.68061],[120.93589,14.68079]]],[[[120.93534,14.6806],[120.93506,14.68078],[120.9346,14.68041],[120.93442,14.67987],[120.93534,14.6806]]],[[[120.93655,14.68043],[120.93645,14.68034],[120.93655,14.68034],[120.93655,14.68043]]],[[[120.93571,14.68006],[120.93562,14.67997],[120.93571,14.67997],[120.93571,14.68006]]],[[[120.93739,14.67981],[120.93748,14.6799],[120.93748,14.67981],[120.93739,14.67981]]],[[[120.93738,14.67999],[120.93729,14.67989],[120.93729,14.67999],[120.93738,14.67999]]],[[[120.93525,14.67979],[120.93497,14.67996],[120.93497,14.67978],[120.93525,14.67979]]],[[[120.93358,14.68031],[120.93367,14.6805],[120.93348,14.68049],[120.93358,14.68031]]],[[[120.93441,14.68068],[120.9345,14.68086],[120.93441,14.68086],[120.93441,14.68068]]],[[[120.93581,14.6797],[120.93544,14.67925],[120.93563,14.67925],[120.93581,14.6797]]],[[[120.93628,14.67862],[120.93647,14.6788],[120.93647,14.67862],[120.93628,14.67862]]],[[[120.93609,14.67925],[120.93591,14.67871],[120.93563,14.67907],[120.93609,14.67925]]],[[[120.93693,14.67899],[120.93684,14.6789],[120.93693,14.6789],[120.93693,14.67899]]],[[[120.93684,14.67881],[120.93675,14.67872],[120.93684,14.67872],[120.93684,14.67881]]],[[[120.93795,14.67864],[120.93786,14.67854],[120.93796,14.67855],[120.93795,14.67864]]],[[[120.93823,14.67855],[120.93805,14.67827],[120.93824,14.67828],[120.93823,14.67855]]],[[[120.9347,14.67942],[120.93479,14.67951],[120.9347,14.67951],[120.9347,14.67942]]],[[[120.93462,14.67779],[120.93453,14.6777],[120.93462,14.6777],[120.93462,14.67779]]],[[[120.93862,14.67738],[120.9388,14.67747],[120.9388,14.67738],[120.93862,14.67738]]],[[[120.93861,14.67765],[120.93843,14.67746],[120.93843,14.67774],[120.93861,14.67765]]],[[[120.93834,14.67728],[120.93824,14.67746],[120.93815,14.67728],[120.93834,14.67728]]],[[[120.93519,14.67689],[120.93509,14.6768],[120.93519,14.6768],[120.93519,14.67689]]],[[[120.93556,14.67681],[120.93528,14.67671],[120.93556,14.67672],[120.93556,14.67681]]],[[[120.9376,14.67673],[120.93751,14.67664],[120.9376,14.67664],[120.9376,14.67673]]],[[[120.95125,14.68607],[120.95097,14.68616],[120.95125,14.68625],[120.95125,14.68607]]],[[[120.94364,14.68655],[120.94345,14.68646],[120.94345,14.68655],[120.94364,14.68655]]],[[[120.95264,14.68708],[120.95291,14.68708],[120.95282,14.6869],[120.95264,14.68708]]],[[[120.95217,14.68735],[120.95245,14.6869],[120.95189,14.68698],[120.95171,14.68644],[120.95246,14.68581],[120.95228,14.68554],[120.95134,14.68634],[120.95134,14.68698],[120.95217,14.68735]]],[[[120.95375,14.68745],[120.95385,14.68637],[120.95246,14.68608],[120.95319,14.6869],[120.953,14.68735],[120.95375,14.68745]]],[[[120.95421,14.68763],[120.95402,14.68754],[120.95402,14.68763],[120.95421,14.68763]]],[[[120.95291,14.68798],[120.95328,14.68763],[120.95291,14.68744],[120.95291,14.68798]]],[[[120.95346,14.68826],[120.95337,14.68817],[120.95337,14.68826],[120.95346,14.68826]]],[[[120.94111,14.68878],[120.94102,14.68869],[120.94102,14.68878],[120.94111,14.68878]]],[[[120.94101,14.68896],[120.94083,14.68914],[120.94101,14.68914],[120.94101,14.68896]]],[[[120.94157,14.68897],[120.94129,14.68906],[120.94157,14.68915],[120.94157,14.68897]]],[[[120.92143,14.68906],[120.92124,14.68915],[120.92142,14.68915],[120.92143,14.68906]]],[[[120.94185,14.68924],[120.94166,14.68933],[120.94184,14.68942],[120.94185,14.68924]]],[[[120.9411,14.68951],[120.94064,14.6895],[120.9411,14.68969],[120.9411,14.68951]]],[[[120.94203,14.68979],[120.94194,14.6897],[120.94193,14.68979],[120.94203,14.68979]]],[[[120.94258,14.68979],[120.94249,14.6897],[120.94249,14.68979],[120.94258,14.68979]]],[[[120.94862,14.69003],[120.94852,14.68993],[120.94852,14.69002],[120.94862,14.69003]]],[[[120.92021,14.68995],[120.92003,14.68986],[120.92002,14.69004],[120.92021,14.68995]]],[[[120.94119,14.68996],[120.94166,14.68969],[120.94157,14.68942],[120.94119,14.68996]]],[[[120.93571,14.69018],[120.93562,14.69009],[120.93562,14.69018],[120.93571,14.69018]]],[[[120.91993,14.69022],[120.91984,14.69013],[120.91984,14.69022],[120.91993,14.69022]]],[[[120.94778,14.69038],[120.94741,14.69032],[120.94778,14.69056],[120.94778,14.69038]]],[[[120.94007,14.69067],[120.93998,14.69049],[120.93988,14.69067],[120.94007,14.69067]]],[[[120.91928,14.69058],[120.91946,14.69067],[120.91946,14.69058],[120.91928,14.69058]]],[[[120.94972,14.69076],[120.94963,14.69085],[120.94972,14.69085],[120.94972,14.69076]]],[[[120.91974,14.69094],[120.9203,14.69041],[120.9203,14.69013],[120.91955,14.69067],[120.91974,14.69094]]],[[[120.91956,14.68977],[120.92067,14.69005],[120.92105,14.68969],[120.92124,14.68924],[120.92096,14.68942],[120.92087,14.68924],[120.92171,14.68888],[120.92612,14.68377],[120.92668,14.68278],[120.92613,14.6826],[120.9266,14.68165],[120.92562,14.68273],[120.92612,14.68314],[120.92561,14.68327],[120.92532,14.68435],[120.92054,14.68892],[120.92012,14.68894],[120.91914,14.68999],[120.91875,14.69018],[120.91785,14.69093],[120.91788,14.69102],[120.91956,14.68977]]],[[[120.92068,14.68932],[120.92059,14.68896],[120.92096,14.68897],[120.92068,14.68932]]],[[[120.92124,14.6887],[120.92106,14.68852],[120.92124,14.68852],[120.92124,14.6887]]],[[[120.92134,14.68834],[120.92125,14.68825],[120.92134,14.68825],[120.92134,14.68834]]],[[[120.95,14.69085],[120.94981,14.69103],[120.95009,14.69103],[120.95,14.69085]]],[[[120.91983,14.69094],[120.91974,14.69108],[120.91992,14.69108],[120.91983,14.69094]]],[[[120.91825,14.6912],[120.91816,14.69102],[120.91806,14.6912],[120.91825,14.6912]]],[[[120.94963,14.69076],[120.94935,14.69048],[120.9487,14.6912],[120.94917,14.69084],[120.94963,14.69076]]],[[[120.91936,14.69121],[120.91927,14.69112],[120.91927,14.69121],[120.91936,14.69121]]],[[[120.91746,14.69113],[120.91779,14.69111],[120.91779,14.69096],[120.91746,14.69113]]],[[[120.92001,14.69122],[120.91997,14.69131],[120.9202,14.69135],[120.92001,14.69122]]],[[[120.9172,14.69133],[120.91741,14.69146],[120.91741,14.69133],[120.9172,14.69133]]],[[[120.92057,14.69158],[120.92024,14.69163],[120.92056,14.69176],[120.92057,14.69158]]],[[[120.95064,14.69176],[120.95083,14.69185],[120.95083,14.69176],[120.95064,14.69176]]],[[[120.9169,14.69187],[120.91693,14.69187],[120.9169,14.69172],[120.9169,14.69187]]],[[[120.9169,14.6916],[120.91704,14.69191],[120.91713,14.6916],[120.9169,14.6916]]],[[[120.95064,14.69194],[120.95046,14.69185],[120.95045,14.69194],[120.95064,14.69194]]],[[[120.95045,14.69203],[120.95036,14.69194],[120.95036,14.69203],[120.95045,14.69203]]],[[[120.9174,14.69237],[120.91722,14.69228],[120.91722,14.69237],[120.9174,14.69237]]],[[[120.9393,14.69302],[120.93921,14.69292],[120.93921,14.69301],[120.9393,14.69302]]],[[[120.92426,14.69315],[120.92454,14.69297],[120.92427,14.69306],[120.92426,14.69315]]],[[[120.93912,14.69319],[120.93875,14.6931],[120.93875,14.69328],[120.93912,14.69319]]],[[[120.93874,14.69337],[120.93865,14.69328],[120.93865,14.69337],[120.93874,14.69337]]],[[[120.92398,14.69342],[120.92389,14.69333],[120.92389,14.69342],[120.92398,14.69342]]],[[[120.92464,14.69316],[120.9251,14.69307],[120.9252,14.6928],[120.92464,14.69316]]],[[[120.9169,14.69187],[120.91651,14.69194],[120.91521,14.69321],[120.91605,14.69349],[120.91689,14.69268],[120.9169,14.69187]]],[[[120.92389,14.69369],[120.9237,14.6936],[120.9237,14.69369],[120.92389,14.69369]]],[[[120.92277,14.69382],[120.92361,14.69369],[120.92361,14.69351],[120.92296,14.69341],[120.92277,14.69382]]],[[[120.92472,14.69361],[120.92445,14.6937],[120.92472,14.69388],[120.92472,14.69361]]],[[[120.91599,14.6943],[120.91721,14.69336],[120.91824,14.6921],[120.91935,14.69284],[120.92038,14.6919],[120.91916,14.69256],[120.91843,14.69174],[120.91599,14.6943]]],[[[120.91534,14.6947],[120.91534,14.69466],[120.91529,14.6947],[120.91534,14.6947]]],[[[120.91524,14.69479],[120.91524,14.69473],[120.91517,14.69479],[120.91524,14.69479]]],[[[120.91515,14.69488],[120.91515,14.69481],[120.91506,14.69488],[120.91515,14.69488]]],[[[120.95293,14.69503],[120.95275,14.69494],[120.95275,14.69503],[120.95293,14.69503]]],[[[120.9144,14.69559],[120.91449,14.69569],[120.91449,14.69559],[120.9144,14.69559]]],[[[120.9144,14.69577],[120.91431,14.69568],[120.91431,14.69577],[120.9144,14.69577]]],[[[120.91431,14.69586],[120.91421,14.69577],[120.91421,14.69586],[120.91431,14.69586]]],[[[120.91421,14.69604],[120.91412,14.69586],[120.91412,14.69604],[120.91421,14.69604]]],[[[120.91412,14.69613],[120.91407,14.69604],[120.91407,14.69613],[120.91412,14.69613]]],[[[120.91521,14.69321],[120.91231,14.69542],[120.91278,14.69644],[120.91459,14.69541],[120.91436,14.69455],[120.9152,14.69429],[120.91521,14.69321]]],[[[120.95162,14.69647],[120.95152,14.69665],[120.95162,14.69665],[120.95162,14.69647]]],[[[120.91291,14.69661],[120.91309,14.69667],[120.91309,14.69646],[120.91291,14.69661]]],[[[120.91281,14.69703],[120.913,14.69685],[120.91283,14.69667],[120.91281,14.69703]]],[[[120.91309,14.69712],[120.91318,14.69703],[120.91309,14.69703],[120.91309,14.69712]]],[[[120.91327,14.69712],[120.91318,14.69721],[120.91327,14.69721],[120.91327,14.69712]]],[[[120.91281,14.6973],[120.9129,14.69721],[120.91281,14.69721],[120.91281,14.6973]]],[[[120.91299,14.6973],[120.9129,14.69739],[120.91299,14.69739],[120.91299,14.6973]]],[[[120.91346,14.6973],[120.91327,14.69739],[120.91346,14.69739],[120.91346,14.6973]]],[[[120.91318,14.69739],[120.91299,14.69748],[120.91318,14.69748],[120.91318,14.69739]]],[[[120.91327,14.69748],[120.91317,14.69766],[120.91327,14.69766],[120.91327,14.69748]]],[[[120.95096,14.698],[120.95086,14.69782],[120.95086,14.698],[120.95096,14.698]]],[[[120.91122,14.69796],[120.91131,14.69801],[120.91132,14.69792],[120.91122,14.69796]]],[[[120.9192,14.69808],[120.91911,14.69799],[120.91911,14.69808],[120.9192,14.69808]]],[[[120.91122,14.6981],[120.91113,14.69804],[120.91113,14.69809],[120.91122,14.6981]]],[[[120.91113,14.69818],[120.91104,14.69811],[120.91103,14.69818],[120.91113,14.69818]]],[[[120.91094,14.69827],[120.91103,14.69836],[120.91103,14.69827],[120.91094,14.69827]]],[[[120.91094,14.69845],[120.91085,14.69836],[120.91085,14.69845],[120.91094,14.69845]]],[[[120.91085,14.69854],[120.91075,14.69845],[120.91075,14.69854],[120.91085,14.69854]]],[[[120.91364,14.69739],[120.91456,14.69858],[120.91502,14.69858],[120.91429,14.69767],[120.91364,14.69739]]],[[[120.9153,14.69858],[120.9166,14.69841],[120.91651,14.69796],[120.9181,14.69725],[120.91893,14.69762],[120.91904,14.69636],[120.91979,14.69564],[120.91866,14.69636],[120.91884,14.69744],[120.91829,14.69698],[120.91745,14.69716],[120.9153,14.69858]]],[[[120.91268,14.69644],[120.91219,14.69616],[120.91223,14.69669],[120.91157,14.69599],[120.90932,14.6983],[120.91043,14.69859],[120.91268,14.69644]]],[[[120.9153,14.69867],[120.91521,14.69858],[120.91521,14.69867],[120.9153,14.69867]]],[[[120.91066,14.69863],[120.91075,14.69872],[120.91075,14.69863],[120.91066,14.69863]]],[[[120.92068,14.69881],[120.92004,14.69827],[120.91985,14.69844],[120.92068,14.69881]]],[[[120.91066,14.69881],[120.91057,14.69872],[120.91056,14.69881],[120.91066,14.69881]]],[[[120.90859,14.69857],[120.90875,14.69884],[120.90876,14.69857],[120.90859,14.69857]]],[[[120.91818,14.69888],[120.91808,14.69879],[120.91808,14.69888],[120.91818,14.69888]]],[[[120.91056,14.69899],[120.91047,14.69881],[120.91047,14.69899],[120.91056,14.69899]]],[[[120.92068,14.69899],[120.92078,14.6989],[120.92068,14.6989],[120.92068,14.69899]]],[[[120.91539,14.69904],[120.9153,14.69895],[120.9153,14.69904],[120.91539,14.69904]]],[[[120.91047,14.69908],[120.91038,14.69899],[120.91038,14.69908],[120.91047,14.69908]]],[[[120.90847,14.69911],[120.9083,14.69884],[120.90819,14.69911],[120.90847,14.69911]]],[[[120.91827,14.69915],[120.91836,14.69897],[120.91827,14.69897],[120.91827,14.69915]]],[[[120.91845,14.69915],[120.91836,14.69924],[120.91845,14.69924],[120.91845,14.69915]]],[[[120.91037,14.69926],[120.91028,14.69908],[120.91028,14.69926],[120.91037,14.69926]]],[[[120.91028,14.69935],[120.91019,14.69926],[120.91019,14.69935],[120.91028,14.69935]]],[[[120.90819,14.69938],[120.90802,14.69911],[120.90791,14.69938],[120.90819,14.69938]]],[[[120.91557,14.6994],[120.91567,14.69922],[120.91548,14.69922],[120.91557,14.6994]]],[[[120.91854,14.69943],[120.91864,14.69934],[120.91854,14.69934],[120.91854,14.69943]]],[[[120.91019,14.69944],[120.9101,14.69935],[120.91009,14.69944],[120.91019,14.69944]]],[[[120.91576,14.6994],[120.91566,14.69949],[120.91576,14.69949],[120.91576,14.6994]]],[[[120.91873,14.69943],[120.91863,14.69952],[120.91873,14.69952],[120.91873,14.69943]]],[[[120.91585,14.69949],[120.91576,14.69958],[120.91585,14.69958],[120.91585,14.69949]]],[[[120.91009,14.69962],[120.91,14.69944],[120.91,14.69962],[120.91009,14.69962]]],[[[120.90791,14.69965],[120.90763,14.69943],[120.90763,14.69964],[120.90791,14.69965]]],[[[120.91327,14.69766],[120.91446,14.69894],[120.91418,14.69966],[120.9152,14.69913],[120.91465,14.69912],[120.91327,14.69766]]],[[[120.91594,14.69958],[120.91585,14.69967],[120.91594,14.69967],[120.91594,14.69958]]],[[[120.92764,14.69951],[120.92801,14.6996],[120.92811,14.69915],[120.92764,14.69951]]],[[[120.91,14.69971],[120.90991,14.69962],[120.90991,14.69971],[120.91,14.69971]]],[[[120.91399,14.69966],[120.91408,14.69975],[120.91408,14.69966],[120.91399,14.69966]]],[[[120.91603,14.69967],[120.91594,14.69976],[120.91603,14.69977],[120.91603,14.69967]]],[[[120.91399,14.69984],[120.9139,14.69975],[120.9139,14.69984],[120.91399,14.69984]]],[[[120.90763,14.69992],[120.90735,14.69964],[120.90735,14.69991],[120.90763,14.69992]]],[[[120.91371,14.69983],[120.9138,14.69993],[120.9138,14.69984],[120.91371,14.69983]]],[[[120.92736,14.69969],[120.92754,14.69996],[120.92754,14.69969],[120.92736,14.69969]]],[[[120.90991,14.69971],[120.90953,14.69971],[120.90944,14.70007],[120.90962,14.70007],[120.90991,14.69971]]],[[[120.91352,14.7001],[120.91334,14.70001],[120.91334,14.7001],[120.91352,14.7001]]],[[[120.90735,14.70018],[120.90707,14.69993],[120.90707,14.70018],[120.90735,14.70018]]],[[[120.91334,14.70019],[120.91315,14.7001],[120.91315,14.70019],[120.91334,14.70019]]],[[[120.91315,14.70028],[120.91306,14.70019],[120.91306,14.70028],[120.91315,14.70028]]],[[[120.91306,14.70037],[120.91296,14.70028],[120.91296,14.70037],[120.91306,14.70037]]],[[[120.92726,14.70041],[120.92717,14.70014],[120.92717,14.70041],[120.92726,14.70041]]],[[[120.90707,14.70045],[120.90696,14.70018],[120.90679,14.70045],[120.90707,14.70045]]],[[[120.91296,14.70046],[120.91278,14.70037],[120.91278,14.70046],[120.91296,14.70046]]],[[[120.91742,14.7005],[120.91733,14.70041],[120.91733,14.7005],[120.91742,14.7005]]],[[[120.90944,14.70007],[120.90897,14.70033],[120.90897,14.70051],[120.90925,14.70034],[120.90944,14.70007]]],[[[120.91278,14.70055],[120.91259,14.70046],[120.91259,14.70055],[120.91278,14.70055]]],[[[120.90897,14.70061],[120.90888,14.70051],[120.90888,14.7006],[120.90897,14.70061]]],[[[120.93167,14.70045],[120.93153,14.70045],[120.93153,14.70061],[120.93167,14.70045]]],[[[120.91259,14.70064],[120.9125,14.70055],[120.9125,14.70064],[120.91259,14.70064]]],[[[120.90888,14.70069],[120.90878,14.7006],[120.90878,14.70069],[120.90888,14.70069]]],[[[120.91964,14.7007],[120.91955,14.70061],[120.91955,14.7007],[120.91964,14.7007]]],[[[120.90679,14.70072],[120.90655,14.70049],[120.90651,14.70072],[120.90679,14.70072]]],[[[120.9125,14.70073],[120.91231,14.70064],[120.91231,14.70073],[120.9125,14.70073]]],[[[120.90651,14.70072],[120.9064,14.70072],[120.90648,14.70079],[120.90651,14.70072]]],[[[120.92077,14.69899],[120.92058,14.70044],[120.92169,14.70081],[120.92114,14.69945],[120.92199,14.69792],[120.92357,14.69766],[120.92396,14.69604],[120.92546,14.6947],[120.92509,14.69406],[120.92444,14.69415],[120.92462,14.69496],[120.9234,14.69586],[120.92348,14.6973],[120.92283,14.69748],[120.9233,14.6973],[120.92339,14.69694],[120.92218,14.69729],[120.92077,14.69899]]],[[[120.92368,14.69586],[120.92387,14.69595],[120.92387,14.69577],[120.92368,14.69586]]],[[[120.92368,14.69631],[120.92359,14.69613],[120.92358,14.69631],[120.92368,14.69631]]],[[[120.92424,14.69523],[120.92405,14.69577],[120.92452,14.69523],[120.92424,14.69523]]],[[[120.92452,14.69514],[120.92462,14.69523],[120.92462,14.69514],[120.92452,14.69514]]],[[[120.9248,14.69515],[120.92471,14.69505],[120.9248,14.69505],[120.9248,14.69515]]],[[[120.92499,14.69479],[120.9249,14.6946],[120.92499,14.6946],[120.92499,14.69479]]],[[[120.92105,14.69918],[120.92114,14.69927],[120.92105,14.69927],[120.92105,14.69918]]],[[[120.91231,14.70082],[120.91212,14.70072],[120.91212,14.70081],[120.91231,14.70082]]],[[[120.91603,14.69977],[120.91649,14.70049],[120.91695,14.70086],[120.91659,14.70013],[120.91603,14.69977]]],[[[120.92058,14.70044],[120.9202,14.70053],[120.91992,14.70088],[120.92039,14.70071],[120.92058,14.70044]]],[[[120.91212,14.7009],[120.91194,14.70081],[120.91194,14.7009],[120.91212,14.7009]]],[[[120.90878,14.70087],[120.9086,14.70078],[120.90859,14.70096],[120.90878,14.70087]]],[[[120.91194,14.70099],[120.91184,14.7009],[120.91184,14.70099],[120.91194,14.70099]]],[[[120.90859,14.70105],[120.9085,14.70096],[120.9085,14.70105],[120.90859,14.70105]]],[[[120.9085,14.70114],[120.90841,14.70105],[120.90841,14.70114],[120.9085,14.70114]]],[[[120.90794,14.70123],[120.90785,14.70105],[120.90785,14.70123],[120.90794,14.70123]]],[[[120.90841,14.70123],[120.90831,14.70114],[120.90831,14.70123],[120.90841,14.70123]]],[[[120.91695,14.70086],[120.91695,14.70131],[120.91713,14.70131],[120.91723,14.70104],[120.91695,14.70086]]],[[[120.90831,14.70132],[120.90822,14.70123],[120.90822,14.70132],[120.90831,14.70132]]],[[[120.91695,14.7014],[120.91685,14.70131],[120.91685,14.7014],[120.91695,14.7014]]],[[[120.91193,14.70135],[120.91184,14.70144],[120.91193,14.70145],[120.91193,14.70135]]],[[[120.93144,14.70072],[120.93078,14.70098],[120.93078,14.70147],[120.93144,14.70072]]],[[[120.91676,14.70158],[120.91667,14.7014],[120.91657,14.70158],[120.91676,14.70158]]],[[[120.93073,14.70152],[120.93068,14.70152],[120.93068,14.70158],[120.93073,14.70152]]],[[[120.91657,14.70167],[120.91648,14.70158],[120.91648,14.70167],[120.91657,14.70167]]],[[[120.93065,14.70161],[120.93059,14.70161],[120.93059,14.70169],[120.93065,14.70161]]],[[[120.91212,14.70172],[120.91202,14.70163],[120.91202,14.70172],[120.91212,14.70172]]],[[[120.91629,14.70167],[120.91639,14.70176],[120.91639,14.70167],[120.91629,14.70167]]],[[[120.91629,14.70185],[120.91611,14.70175],[120.91611,14.70184],[120.91629,14.70185]]],[[[120.92214,14.7019],[120.92187,14.70135],[120.92121,14.70198],[120.92214,14.7019]]],[[[120.91601,14.70202],[120.91592,14.70184],[120.91583,14.70202],[120.91601,14.70202]]],[[[120.91582,14.70211],[120.91573,14.70202],[120.91573,14.70211],[120.91582,14.70211]]],[[[120.91564,14.7022],[120.91555,14.70211],[120.91555,14.7022],[120.91564,14.7022]]],[[[120.91536,14.7022],[120.91545,14.70229],[120.91545,14.7022],[120.91536,14.7022]]],[[[120.91536,14.70238],[120.91517,14.70229],[120.91517,14.70238],[120.91536,14.70238]]],[[[120.92966,14.70169],[120.93209,14.69997],[120.93369,14.69817],[120.93388,14.69767],[120.93406,14.69777],[120.93768,14.69499],[120.94314,14.68953],[120.94534,14.68849],[120.9475,14.68983],[120.94862,14.68939],[120.95038,14.69031],[120.9502,14.68941],[120.95067,14.68914],[120.94928,14.68813],[120.94995,14.68669],[120.94921,14.68651],[120.94931,14.68551],[120.94793,14.68396],[120.9483,14.68361],[120.94849,14.68397],[120.94849,14.68352],[120.94775,14.6836],[120.9472,14.6826],[120.94852,14.68063],[120.95095,14.67857],[120.95115,14.67658],[120.95255,14.67596],[120.9533,14.67498],[120.95284,14.6747],[120.95332,14.6738],[120.95268,14.67226],[120.95156,14.67306],[120.95138,14.67243],[120.95213,14.67198],[120.95083,14.67143],[120.95194,14.67162],[120.95167,14.6708],[120.95093,14.67044],[120.9514,14.67008],[120.95141,14.6689],[120.95085,14.66935],[120.95057,14.66908],[120.95059,14.66754],[120.95189,14.66764],[120.95197,14.66846],[120.95217,14.66765],[120.9518,14.66737],[120.95245,14.66684],[120.95304,14.66377],[120.9536,14.66305],[120.95324,14.66214],[120.95407,14.66215],[120.95407,14.66278],[120.95464,14.66098],[120.9539,14.66079],[120.95317,14.65979],[120.95455,14.66044],[120.95521,14.65945],[120.95532,14.65773],[120.95514,14.65719],[120.95571,14.65539],[120.95525,14.65593],[120.95441,14.65574],[120.95478,14.65619],[120.95431,14.65637],[120.95505,14.65665],[120.95477,14.65755],[120.95412,14.65718],[120.9545,14.65673],[120.95403,14.65664],[120.95404,14.65546],[120.95498,14.65475],[120.95572,14.65521],[120.95591,14.65467],[120.95535,14.65475],[120.95305,14.65292],[120.95202,14.65292],[120.95178,14.65395],[120.95122,14.65422],[120.95209,14.65545],[120.95108,14.65481],[120.95038,14.6553],[120.94917,14.66021],[120.94944,14.66184],[120.94878,14.66219],[120.94858,14.66427],[120.94669,14.66742],[120.94548,14.6684],[120.94495,14.66989],[120.94219,14.6723],[120.94241,14.67339],[120.94031,14.67531],[120.93992,14.67666],[120.94019,14.67829],[120.93906,14.67932],[120.93859,14.68027],[120.93877,14.68108],[120.93793,14.68126],[120.93821,14.68153],[120.9376,14.68161],[120.93709,14.68215],[120.93791,14.68324],[120.9382,14.68216],[120.93857,14.68235],[120.93837,14.68388],[120.93874,14.68424],[120.94126,14.68291],[120.94191,14.68292],[120.94088,14.68336],[120.93966,14.68443],[120.93869,14.68461],[120.93826,14.68542],[120.93891,14.68569],[120.93724,14.68541],[120.93518,14.68711],[120.93024,14.68941],[120.92902,14.69066],[120.92642,14.69127],[120.92529,14.69244],[120.92669,14.69146],[120.92865,14.69111],[120.93043,14.68959],[120.93565,14.68711],[120.93733,14.68568],[120.93946,14.68597],[120.93946,14.68669],[120.93758,14.68875],[120.93693,14.68893],[120.93664,14.68992],[120.9358,14.69018],[120.93514,14.69153],[120.93375,14.6917],[120.9329,14.6926],[120.93177,14.69503],[120.93065,14.69547],[120.93055,14.69619],[120.92858,14.69843],[120.92904,14.6988],[120.93269,14.69549],[120.93317,14.69414],[120.93363,14.6945],[120.93569,14.69235],[120.93617,14.69073],[120.93672,14.691],[120.93664,14.6901],[120.93794,14.69011],[120.93841,14.68957],[120.9397,14.69067],[120.93989,14.68968],[120.94045,14.6895],[120.94018,14.68905],[120.94083,14.68896],[120.94027,14.68869],[120.94056,14.68806],[120.94213,14.68879],[120.94212,14.68934],[120.94277,14.68961],[120.94156,14.69005],[120.94165,14.69069],[120.941,14.69077],[120.94081,14.69131],[120.94025,14.69113],[120.94052,14.69167],[120.9394,14.69265],[120.93883,14.69373],[120.93856,14.69337],[120.93678,14.69534],[120.93369,14.6973],[120.93238,14.6991],[120.92901,14.70205],[120.92808,14.7015],[120.92781,14.70159],[120.92905,14.70254],[120.93012,14.70222],[120.93058,14.7017],[120.93012,14.70188],[120.92966,14.70169]]],[[[120.92975,14.70215],[120.92966,14.70224],[120.92975,14.70224],[120.92975,14.70215]]],[[[120.92956,14.70224],[120.92947,14.70187],[120.92928,14.70223],[120.92956,14.70224]]],[[[120.93172,14.69991],[120.93163,14.69986],[120.93172,14.69986],[120.93172,14.69991]]],[[[120.93247,14.69919],[120.93242,14.6991],[120.93247,14.6991],[120.93247,14.69919]]],[[[120.93275,14.69851],[120.93285,14.69865],[120.93285,14.69852],[120.93275,14.69851]]],[[[120.93275,14.69874],[120.93271,14.69865],[120.93271,14.69874],[120.93275,14.69874]]],[[[120.93313,14.69829],[120.93299,14.69825],[120.93313,14.69825],[120.93313,14.69829]]],[[[120.93332,14.69784],[120.93341,14.69793],[120.93341,14.69784],[120.93332,14.69784]]],[[[120.93332,14.69811],[120.93327,14.69793],[120.93327,14.69811],[120.93332,14.69811]]],[[[120.93341,14.69775],[120.9335,14.69784],[120.9335,14.69775],[120.93341,14.69775]]],[[[120.9335,14.69771],[120.9336,14.69775],[120.9336,14.69771],[120.9335,14.69771]]],[[[120.93397,14.69749],[120.93383,14.69744],[120.93397,14.69744],[120.93397,14.69749]]],[[[120.93425,14.69731],[120.93416,14.69713],[120.93435,14.69713],[120.93425,14.69731]]],[[[120.9349,14.69695],[120.93481,14.69691],[120.93491,14.69691],[120.9349,14.69695]]],[[[120.93556,14.69642],[120.93547,14.69637],[120.93556,14.69637],[120.93556,14.69642]]],[[[120.93987,14.69239],[120.93996,14.69248],[120.93996,14.69239],[120.93987,14.69239]]],[[[120.93987,14.69257],[120.93977,14.69248],[120.93977,14.69257],[120.93987,14.69257]]],[[[120.93996,14.69234],[120.94001,14.69239],[120.94001,14.69234],[120.93996,14.69234]]],[[[120.9409,14.6914],[120.94099,14.69149],[120.94099,14.6914],[120.9409,14.6914]]],[[[120.9409,14.69158],[120.9408,14.69149],[120.9408,14.69158],[120.9409,14.69158]]],[[[120.94202,14.69051],[120.94197,14.69042],[120.94202,14.69042],[120.94202,14.69051]]],[[[120.94259,14.68943],[120.9425,14.68925],[120.94259,14.68925],[120.94259,14.68943]]],[[[120.94324,14.68935],[120.94315,14.68925],[120.94324,14.68925],[120.94324,14.68935]]],[[[120.9438,14.6889],[120.94389,14.68908],[120.94408,14.6889],[120.9438,14.6889]]],[[[120.94361,14.68917],[120.94352,14.68908],[120.94352,14.68917],[120.94361,14.68917]]],[[[120.94408,14.6889],[120.94454,14.68872],[120.94455,14.68836],[120.94436,14.68836],[120.94408,14.6889]]],[[[120.94354,14.687],[120.94401,14.68646],[120.94456,14.68746],[120.94446,14.68818],[120.94474,14.68791],[120.94519,14.68855],[120.94465,14.68692],[120.94532,14.6853],[120.94412,14.68474],[120.94401,14.68583],[120.94375,14.68474],[120.94328,14.68492],[120.94245,14.68392],[120.94263,14.685],[120.94346,14.68555],[120.94336,14.68664],[120.9428,14.68708],[120.94354,14.687]]],[[[120.94529,14.6881],[120.94548,14.68828],[120.94548,14.68819],[120.94529,14.6881]]],[[[120.94356,14.68447],[120.94468,14.68457],[120.94559,14.68557],[120.94774,14.68469],[120.94783,14.68424],[120.94682,14.6835],[120.94664,14.68251],[120.94498,14.68204],[120.94552,14.68331],[120.94404,14.68276],[120.94356,14.68447]]],[[[120.94662,14.68531],[120.94624,14.68558],[120.94661,14.68567],[120.94662,14.68531]]],[[[120.94728,14.6836],[120.94747,14.68378],[120.94747,14.6836],[120.94728,14.6836]]],[[[120.94633,14.68576],[120.94624,14.68567],[120.94624,14.68576],[120.94633,14.68576]]],[[[120.94214,14.68717],[120.94242,14.68735],[120.94214,14.68726],[120.94214,14.68717]]],[[[120.94298,14.68745],[120.94335,14.68727],[120.94353,14.68745],[120.94298,14.68745]]],[[[120.94307,14.68772],[120.94325,14.6879],[120.94297,14.6879],[120.94307,14.68772]]],[[[120.94566,14.68855],[120.9454,14.68647],[120.94773,14.68559],[120.94839,14.68478],[120.94912,14.68551],[120.94884,14.68623],[120.94957,14.68687],[120.94901,14.68741],[120.9491,14.68813],[120.95039,14.68914],[120.9501,14.68986],[120.94835,14.68912],[120.94769,14.68966],[120.94566,14.68855]]],[[[120.94783,14.68487],[120.94792,14.68496],[120.94792,14.68487],[120.94783,14.68487]]],[[[120.94783,14.68505],[120.94773,14.68496],[120.94773,14.68505],[120.94783,14.68505]]],[[[120.94792,14.68478],[120.94801,14.68487],[120.94802,14.68478],[120.94792,14.68478]]],[[[120.94736,14.68523],[120.94755,14.68532],[120.94736,14.68532],[120.94736,14.68523]]],[[[120.94541,14.68593],[120.9455,14.68602],[120.9455,14.68593],[120.94541,14.68593]]],[[[120.9454,14.68611],[120.94531,14.68602],[120.94531,14.68611],[120.9454,14.68611]]],[[[120.94512,14.68629],[120.94522,14.68638],[120.94512,14.68638],[120.94512,14.68629]]],[[[120.94548,14.68783],[120.94539,14.68801],[120.94548,14.68801],[120.94548,14.68783]]],[[[120.94529,14.68783],[120.94539,14.68765],[120.9453,14.68765],[120.94529,14.68783]]],[[[120.94701,14.68278],[120.94692,14.68251],[120.94702,14.68251],[120.94701,14.68278]]],[[[120.94711,14.68242],[120.94702,14.68233],[120.94711,14.68233],[120.94711,14.68242]]],[[[120.94563,14.68132],[120.94581,14.68196],[120.94674,14.68242],[120.94824,14.68017],[120.9503,14.67865],[120.94789,14.67782],[120.94686,14.67926],[120.94704,14.67962],[120.94695,14.67998],[120.94648,14.68043],[120.94564,14.6806],[120.94582,14.68115],[120.94545,14.6806],[120.94489,14.68141],[120.94563,14.68132]]],[[[120.94695,14.6798],[120.94649,14.67943],[120.94602,14.68015],[120.94648,14.68025],[120.94695,14.6798]]],[[[120.94373,14.6814],[120.94423,14.68203],[120.94452,14.68159],[120.94373,14.6814]]],[[[120.94395,14.68221],[120.94368,14.68203],[120.9433,14.68257],[120.94395,14.68221]]],[[[120.94507,14.68195],[120.94489,14.68177],[120.94507,14.68186],[120.94507,14.68195]]],[[[120.94443,14.6814],[120.94378,14.68104],[120.9434,14.68149],[120.9436,14.6804],[120.94323,14.6804],[120.94323,14.68013],[120.94416,14.68005],[120.94416,14.68041],[120.94566,14.67879],[120.9463,14.67952],[120.94443,14.6814]]],[[[120.94583,14.68024],[120.94592,14.68033],[120.94592,14.68024],[120.94583,14.68024]]],[[[120.94583,14.68042],[120.94574,14.68033],[120.94574,14.68042],[120.94583,14.68042]]],[[[120.94594,14.67807],[120.9465,14.67754],[120.94575,14.6787],[120.94667,14.67925],[120.94771,14.67719],[120.94893,14.67656],[120.95033,14.67495],[120.94997,14.67422],[120.94877,14.67331],[120.94812,14.67348],[120.94594,14.67807]]],[[[120.94594,14.67816],[120.94585,14.67807],[120.94585,14.67816],[120.94594,14.67816]]],[[[120.94437,14.67788],[120.9452,14.67834],[120.94455,14.67833],[120.94437,14.67788]]],[[[120.94566,14.67798],[120.94539,14.67753],[120.94585,14.67762],[120.94566,14.67798]]],[[[120.94604,14.67744],[120.94567,14.67726],[120.94595,14.67717],[120.94604,14.67744]]],[[[120.944,14.67706],[120.94409,14.67733],[120.944,14.67733],[120.944,14.67706]]],[[[120.94373,14.67697],[120.94363,14.67724],[120.94345,14.67697],[120.94373,14.67697]]],[[[120.9414,14.6774],[120.94196,14.67723],[120.94215,14.6765],[120.9415,14.67659],[120.9414,14.6774]]],[[[120.94149,14.67776],[120.94112,14.67758],[120.94121,14.67776],[120.94149,14.67776]]],[[[120.94456,14.67734],[120.94447,14.67725],[120.94456,14.67725],[120.94456,14.67734]]],[[[120.94016,14.67635],[120.94043,14.67662],[120.94015,14.67662],[120.94016,14.67635]]],[[[120.94169,14.6765],[120.9416,14.67632],[120.94169,14.67632],[120.94169,14.6765]]],[[[120.9441,14.67616],[120.94364,14.67616],[120.94364,14.67598],[120.9441,14.67616]]],[[[120.94242,14.67777],[120.94233,14.6775],[120.94242,14.6775],[120.94242,14.67777]]],[[[120.94418,14.6777],[120.94391,14.67742],[120.94428,14.67743],[120.94418,14.6777]]],[[[120.94307,14.67787],[120.94316,14.67796],[120.94307,14.67796],[120.94307,14.67787]]],[[[120.94037,14.67821],[120.94055,14.67848],[120.94046,14.67848],[120.94037,14.67821]]],[[[120.94129,14.67876],[120.94176,14.67858],[120.94157,14.67894],[120.94129,14.67876]]],[[[120.94092,14.67893],[120.94101,14.67911],[120.94083,14.67911],[120.94092,14.67893]]],[[[120.94148,14.67921],[120.9412,14.67903],[120.94148,14.67903],[120.94148,14.67921]]],[[[120.94454,14.67915],[120.94472,14.67942],[120.94482,14.67906],[120.94454,14.67915]]],[[[120.94444,14.6796],[120.94435,14.67951],[120.94435,14.6796],[120.94444,14.6796]]],[[[120.94259,14.67931],[120.94268,14.6794],[120.94259,14.6794],[120.94259,14.67931]]],[[[120.94259,14.67877],[120.94185,14.67894],[120.94185,14.67858],[120.94259,14.67877]]],[[[120.94548,14.67843],[120.94557,14.67852],[120.94557,14.67843],[120.94548,14.67843]]],[[[120.94538,14.6787],[120.9452,14.67852],[120.94519,14.67879],[120.94538,14.6787]]],[[[120.94557,14.67825],[120.94566,14.67843],[120.94576,14.67825],[120.94557,14.67825]]],[[[120.94232,14.67822],[120.94213,14.6784],[120.94204,14.67822],[120.94232,14.67822]]],[[[120.94102,14.6783],[120.94111,14.67839],[120.94102,14.67839],[120.94102,14.6783]]],[[[120.94855,14.67764],[120.9491,14.67747],[120.94919,14.67792],[120.94901,14.67801],[120.94855,14.67764]]],[[[120.94948,14.67738],[120.95022,14.6773],[120.95049,14.67775],[120.95021,14.67784],[120.94948,14.67738]]],[[[120.9505,14.67739],[120.95041,14.6773],[120.9505,14.6773],[120.9505,14.67739]]],[[[120.94995,14.67684],[120.94883,14.67692],[120.94939,14.67657],[120.94995,14.67684]]],[[[120.94837,14.6771],[120.94864,14.67719],[120.94836,14.67728],[120.94837,14.6771]]],[[[120.95107,14.67622],[120.95088,14.67604],[120.95107,14.67604],[120.95107,14.67622]]],[[[120.94995,14.67603],[120.95005,14.67612],[120.94995,14.67612],[120.94995,14.67603]]],[[[120.95024,14.67567],[120.95014,14.67558],[120.95024,14.67558],[120.95024,14.67567]]],[[[120.95247,14.67497],[120.95201,14.67451],[120.95313,14.67371],[120.95313,14.67407],[120.95247,14.67497]]],[[[120.95109,14.67369],[120.95043,14.67432],[120.94914,14.67322],[120.95063,14.67296],[120.95109,14.67369]]],[[[120.94394,14.67363],[120.94385,14.67381],[120.94394,14.67381],[120.94394,14.67363]]],[[[120.94385,14.67363],[120.94339,14.67299],[120.94302,14.67317],[120.94329,14.6738],[120.94385,14.67363]]],[[[120.9445,14.67345],[120.94478,14.673],[120.94506,14.6731],[120.94487,14.67346],[120.9445,14.67345]]],[[[120.94794,14.6733],[120.94784,14.67321],[120.94794,14.67321],[120.94794,14.6733]]],[[[120.94218,14.6737],[120.94236,14.67407],[120.94217,14.67406],[120.94218,14.6737]]],[[[120.94254,14.67443],[120.94348,14.6739],[120.94319,14.67471],[120.94365,14.67516],[120.94263,14.67497],[120.94254,14.67443]]],[[[120.94225,14.67551],[120.943,14.67561],[120.94309,14.67525],[120.94226,14.67497],[120.94225,14.67551]]],[[[120.94234,14.67578],[120.94197,14.67578],[120.94271,14.67597],[120.94234,14.67578]]],[[[120.94337,14.6757],[120.94327,14.67552],[120.94337,14.67552],[120.94337,14.6757]]],[[[120.9468,14.67573],[120.94671,14.67564],[120.9468,14.67564],[120.9468,14.67573]]],[[[120.94662,14.67564],[120.94643,14.67537],[120.94662,14.67537],[120.94662,14.67564]]],[[[120.94448,14.67535],[120.94476,14.67544],[120.94448,14.67544],[120.94448,14.67535]]],[[[120.94569,14.67536],[120.94532,14.67491],[120.94588,14.67491],[120.94569,14.67536]]],[[[120.94179,14.67506],[120.94207,14.67533],[120.94179,14.67533],[120.94179,14.67506]]],[[[120.94072,14.67554],[120.94105,14.67568],[120.94072,14.67595],[120.94072,14.67554]]],[[[120.94421,14.6749],[120.94412,14.6748],[120.94421,14.67481],[120.94421,14.6749]]],[[[120.94506,14.67364],[120.94589,14.67419],[120.94608,14.67374],[120.94506,14.67364]]],[[[120.94542,14.67418],[120.94523,14.67454],[120.94477,14.67463],[120.94542,14.67482],[120.94542,14.67418]]],[[[120.94468,14.67436],[120.94431,14.67408],[120.94421,14.67444],[120.94393,14.67444],[120.94394,14.6739],[120.94459,14.674],[120.94468,14.67436]]],[[[120.94365,14.67462],[120.94402,14.6748],[120.94365,14.6748],[120.94365,14.67462]]],[[[120.94635,14.67428],[120.94626,14.67419],[120.94635,14.67419],[120.94635,14.67428]]],[[[120.94129,14.67975],[120.94138,14.67993],[120.94128,14.67993],[120.94129,14.67975]]],[[[120.94147,14.68002],[120.94165,14.68011],[120.94147,14.68011],[120.94147,14.68002]]],[[[120.9411,14.68011],[120.94119,14.68016],[120.9411,14.68015],[120.9411,14.68011]]],[[[120.93942,14.68018],[120.93952,14.68028],[120.93942,14.68028],[120.93942,14.68018]]],[[[120.94081,14.68056],[120.94089,14.6821],[120.93959,14.68254],[120.93978,14.6819],[120.94038,14.68177],[120.93997,14.68145],[120.94044,14.68046],[120.94081,14.68056]]],[[[120.93998,14.68073],[120.94007,14.68082],[120.93998,14.68082],[120.93998,14.68073]]],[[[120.93942,14.68082],[120.93923,14.68118],[120.93904,14.68118],[120.93895,14.68081],[120.93942,14.68082]]],[[[120.93894,14.68199],[120.93876,14.68208],[120.93894,14.68208],[120.93894,14.68199]]],[[[120.93867,14.68189],[120.93876,14.68181],[120.93867,14.6818],[120.93867,14.68189]]],[[[120.942,14.68238],[120.9421,14.68247],[120.9421,14.68238],[120.942,14.68238]]],[[[120.942,14.68247],[120.94163,14.68228],[120.94154,14.68273],[120.94172,14.68274],[120.942,14.68247]]],[[[120.94275,14.68211],[120.94293,14.68238],[120.94293,14.68211],[120.94275,14.68211]]],[[[120.94265,14.68238],[120.94209,14.68256],[120.942,14.68283],[120.94219,14.68283],[120.94265,14.68238]]],[[[120.94303,14.68211],[120.94322,14.68157],[120.94331,14.68157],[120.94331,14.68194],[120.94303,14.68211]]],[[[120.94238,14.68202],[120.94256,14.68229],[120.94238,14.6822],[120.94238,14.68202]]],[[[120.94488,14.68258],[120.94414,14.68267],[120.94404,14.68248],[120.94488,14.68258]]],[[[120.94126,14.68232],[120.94145,14.68237],[120.94126,14.68237],[120.94126,14.68232]]],[[[120.94193,14.68084],[120.94202,14.68057],[120.9423,14.68084],[120.94193,14.68084]]],[[[120.94572,14.68214],[120.94581,14.68223],[120.94572,14.68223],[120.94572,14.68214]]],[[[120.9472,14.68206],[120.9473,14.68215],[120.9473,14.68206],[120.9472,14.68206]]],[[[120.9472,14.68224],[120.94711,14.68215],[120.94711,14.68224],[120.9472,14.68224]]],[[[120.94749,14.68152],[120.94758,14.6817],[120.94758,14.68152],[120.94749,14.68152]]],[[[120.94749,14.68179],[120.94739,14.6817],[120.94739,14.68179],[120.94749,14.68179]]],[[[120.94758,14.68143],[120.94767,14.68152],[120.94767,14.68143],[120.94758,14.68143]]],[[[120.95067,14.67866],[120.95058,14.67848],[120.95067,14.67848],[120.95067,14.67866]]],[[[120.94293,14.68284],[120.94302,14.68302],[120.94283,14.68302],[120.94293,14.68284]]],[[[120.9419,14.6831],[120.94227,14.68337],[120.9419,14.68328],[120.9419,14.6831]]],[[[120.94236,14.68373],[120.94227,14.68382],[120.94236,14.68383],[120.94236,14.68373]]],[[[120.94208,14.68364],[120.94227,14.68346],[120.94218,14.68346],[120.94208,14.68364]]],[[[120.94134,14.68355],[120.94162,14.68373],[120.94171,14.68355],[120.94134,14.68355]]],[[[120.94143,14.68391],[120.94116,14.68372],[120.94106,14.68399],[120.94143,14.68391]]],[[[120.94338,14.68402],[120.94347,14.68411],[120.94338,14.68411],[120.94338,14.68402]]],[[[120.94329,14.68429],[120.94338,14.68456],[120.9431,14.68446],[120.94329,14.68429]]],[[[120.94134,14.68409],[120.94162,14.68418],[120.94134,14.68427],[120.94134,14.68409]]],[[[120.94078,14.68426],[120.94087,14.68435],[120.94078,14.68435],[120.94078,14.68426]]],[[[120.94096,14.68445],[120.94106,14.68454],[120.94096,14.68454],[120.94096,14.68445]]],[[[120.93966,14.68452],[120.93975,14.68462],[120.93966,14.68461],[120.93966,14.68452]]],[[[120.94198,14.68464],[120.94179,14.68518],[120.94217,14.68473],[120.94254,14.685],[120.94207,14.68554],[120.94105,14.68526],[120.94198,14.68464]]],[[[120.94031,14.68498],[120.94035,14.68557],[120.94068,14.68517],[120.94031,14.68498]]],[[[120.94007,14.6853],[120.9398,14.68475],[120.93896,14.68474],[120.93924,14.68529],[120.94007,14.6853]]],[[[120.93979,14.68624],[120.93983,14.68633],[120.93979,14.68633],[120.93979,14.68624]]],[[[120.94243,14.68627],[120.94243,14.68672],[120.94262,14.68636],[120.94243,14.68627]]],[[[120.94215,14.68681],[120.94206,14.68671],[120.94206,14.6868],[120.94215,14.68681]]],[[[120.9402,14.68661],[120.94029,14.6867],[120.9402,14.6867],[120.9402,14.68661]]],[[[120.93945,14.68714],[120.93964,14.68733],[120.93945,14.68732],[120.93945,14.68714]]],[[[120.93917,14.68723],[120.93936,14.6875],[120.93908,14.6875],[120.93917,14.68723]]],[[[120.9401,14.68751],[120.94019,14.6876],[120.9401,14.6876],[120.9401,14.68751]]],[[[120.94,14.68787],[120.93982,14.68796],[120.93982,14.68778],[120.94,14.68787]]],[[[120.94019,14.68814],[120.94028,14.68833],[120.94028,14.68814],[120.94019,14.68814]]],[[[120.94018,14.68841],[120.94009,14.68832],[120.94009,14.68841],[120.94018,14.68841]]],[[[120.93953,14.6885],[120.93962,14.68859],[120.93953,14.68859],[120.93953,14.6885]]],[[[120.93934,14.68877],[120.93953,14.68886],[120.93934,14.68886],[120.93934,14.68877]]],[[[120.93952,14.68985],[120.93933,14.68994],[120.93952,14.68994],[120.93952,14.68985]]],[[[120.93924,14.68985],[120.93934,14.68976],[120.93924,14.68976],[120.93924,14.68985]]],[[[120.93421,14.69189],[120.93439,14.69207],[120.93421,14.69207],[120.93421,14.69189]]],[[[120.93318,14.69296],[120.93336,14.69314],[120.93308,14.69314],[120.93318,14.69296]]],[[[120.93271,14.69341],[120.93289,14.69359],[120.93271,14.69359],[120.93271,14.69341]]],[[[120.93902,14.6838],[120.93911,14.68389],[120.93902,14.68389],[120.93902,14.6838]]],[[[120.94822,14.67285],[120.94804,14.67267],[120.94822,14.67276],[120.94822,14.67285]]],[[[120.94516,14.67264],[120.94525,14.67283],[120.94516,14.67283],[120.94516,14.67264]]],[[[120.94377,14.67254],[120.94367,14.67272],[120.94358,14.67254],[120.94377,14.67254]]],[[[120.94414,14.67264],[120.94404,14.67254],[120.94414,14.67255],[120.94414,14.67264]]],[[[120.94321,14.67254],[120.94302,14.67245],[120.94321,14.67236],[120.94321,14.67254]]],[[[120.94692,14.67239],[120.94674,14.67212],[120.94693,14.67212],[120.94692,14.67239]]],[[[120.94526,14.67183],[120.94489,14.67183],[120.9447,14.67165],[120.94526,14.67183]]],[[[120.94572,14.67157],[120.94563,14.67147],[120.94573,14.67148],[120.94572,14.67157]]],[[[120.94406,14.67146],[120.94396,14.67128],[120.94415,14.67128],[120.94406,14.67146]]],[[[120.95046,14.67143],[120.95037,14.67134],[120.95046,14.67134],[120.95046,14.67143]]],[[[120.94638,14.67085],[120.9461,14.67121],[120.94647,14.67112],[120.94638,14.67085]]],[[[120.9461,14.67085],[120.94611,14.67048],[120.94536,14.67039],[120.94545,14.67075],[120.9461,14.67085]]],[[[120.95,14.67097],[120.94982,14.67079],[120.95,14.6707],[120.95,14.67097]]],[[[120.95065,14.67089],[120.95056,14.6708],[120.95065,14.6708],[120.95065,14.67089]]],[[[120.94499,14.67038],[120.94518,14.67048],[120.94499,14.67047],[120.94499,14.67038]]],[[[120.94453,14.67043],[120.94462,14.67047],[120.94453,14.67047],[120.94453,14.67043]]],[[[120.95066,14.67025],[120.95056,14.67016],[120.95066,14.67016],[120.95066,14.67025]]],[[[120.95029,14.67016],[120.94964,14.66988],[120.9502,14.6698],[120.95021,14.6688],[120.95029,14.67016]]],[[[120.95094,14.66999],[120.95075,14.66971],[120.95103,14.66981],[120.95094,14.66999]]],[[[120.94733,14.66815],[120.94741,14.66968],[120.94704,14.66977],[120.94668,14.66859],[120.94733,14.66815]]],[[[120.95021,14.66844],[120.94993,14.66808],[120.95021,14.66826],[120.95021,14.66844]]],[[[120.94836,14.66806],[120.94817,14.66833],[120.94817,14.66806],[120.94836,14.66806]]],[[[120.94678,14.66814],[120.94668,14.66823],[120.94678,14.66823],[120.94678,14.66814]]],[[[120.94659,14.66814],[120.94669,14.66796],[120.94664,14.66796],[120.94659,14.66814]]],[[[120.94799,14.66797],[120.9478,14.66752],[120.94808,14.66752],[120.94799,14.66797]]],[[[120.95023,14.66673],[120.94957,14.66699],[120.94966,14.66735],[120.94901,14.66735],[120.94947,14.66762],[120.95004,14.667],[120.95041,14.66718],[120.95023,14.66673]]],[[[120.95023,14.66673],[120.95023,14.66627],[120.94995,14.66618],[120.94986,14.66663],[120.95023,14.66673]]],[[[120.94791,14.66671],[120.94809,14.66689],[120.9479,14.66689],[120.94791,14.66671]]],[[[120.94721,14.66665],[120.94735,14.66688],[120.94721,14.66688],[120.94721,14.66665]]],[[[120.94772,14.66688],[120.94763,14.66679],[120.94772,14.66679],[120.94772,14.66688]]],[[[120.94707,14.66697],[120.94716,14.66706],[120.94707,14.66706],[120.94707,14.66697]]],[[[120.94725,14.66724],[120.94734,14.66733],[120.94725,14.66733],[120.94725,14.66724]]],[[[120.94753,14.66733],[120.94771,14.66761],[120.94734,14.6676],[120.94753,14.66733]]],[[[120.948,14.66634],[120.94819,14.66644],[120.948,14.66644],[120.948,14.66634]]],[[[120.94749,14.66643],[120.94753,14.66661],[120.94749,14.66661],[120.94749,14.66643]]],[[[120.94603,14.66895],[120.9458,14.66854],[120.9464,14.6685],[120.94649,14.6694],[120.94551,14.6694],[120.94603,14.66895]]],[[[120.94523,14.66962],[120.94528,14.66966],[120.94523,14.66966],[120.94523,14.66962]]],[[[120.945,14.67002],[120.94546,14.67003],[120.94509,14.6702],[120.945,14.67002]]],[[[120.94639,14.67004],[120.94611,14.66985],[120.94648,14.66986],[120.94639,14.67004]]],[[[120.94884,14.6659],[120.94903,14.66554],[120.94931,14.66563],[120.9493,14.66599],[120.94884,14.6659]]],[[[120.95051,14.66564],[120.95033,14.66546],[120.95052,14.66546],[120.95051,14.66564]]],[[[120.94819,14.66562],[120.94838,14.66581],[120.94819,14.6658],[120.94819,14.66562]]],[[[120.94959,14.66491],[120.9495,14.66482],[120.94959,14.66482],[120.94959,14.66491]]],[[[120.95164,14.66466],[120.95117,14.66457],[120.95164,14.66457],[120.95164,14.66466]]],[[[120.9523,14.66349],[120.95202,14.66322],[120.95239,14.66304],[120.9523,14.66349]]],[[[120.95165,14.66303],[120.95156,14.66294],[120.95165,14.66294],[120.95165,14.66303]]],[[[120.95212,14.6625],[120.95185,14.66222],[120.95213,14.66204],[120.95212,14.6625]]],[[[120.95398,14.66206],[120.9538,14.66188],[120.95398,14.66188],[120.95398,14.66206]]],[[[120.95139,14.66177],[120.95129,14.66195],[120.9512,14.66195],[120.95139,14.66177]]],[[[120.9492,14.66206],[120.94924,14.66238],[120.9492,14.66238],[120.9492,14.66206]]],[[[120.95008,14.66239],[120.94999,14.6623],[120.95008,14.6623],[120.95008,14.66239]]],[[[120.95027,14.66158],[120.95009,14.66139],[120.95028,14.66139],[120.95027,14.66158]]],[[[120.95353,14.66124],[120.95325,14.66133],[120.95334,14.66115],[120.95353,14.66124]]],[[[120.95149,14.66086],[120.9512,14.66122],[120.95121,14.66095],[120.95149,14.66086]]],[[[120.94991,14.66112],[120.94963,14.66139],[120.94954,14.66112],[120.94991,14.66112]]],[[[120.94954,14.66039],[120.9495,14.66021],[120.94954,14.66021],[120.94954,14.66039]]],[[[120.95186,14.66023],[120.95168,14.66014],[120.95186,14.66014],[120.95186,14.66023]]],[[[120.95057,14.65995],[120.95048,14.65977],[120.95066,14.65977],[120.95057,14.65995]]],[[[120.9528,14.65934],[120.95271,14.65925],[120.9528,14.65925],[120.9528,14.65934]]],[[[120.95243,14.65897],[120.95252,14.65916],[120.95262,14.65898],[120.95243,14.65897]]],[[[120.95243,14.65924],[120.95234,14.65915],[120.95234,14.65924],[120.95243,14.65924]]],[[[120.95299,14.65916],[120.9529,14.65907],[120.95299,14.65907],[120.95299,14.65916]]],[[[120.95513,14.65882],[120.95475,14.6589],[120.95476,14.65872],[120.95513,14.65882]]],[[[120.95373,14.65871],[120.95383,14.65881],[120.95373,14.6588],[120.95373,14.65871]]],[[[120.95021,14.65886],[120.9503,14.65905],[120.9502,14.65904],[120.95021,14.65886]]],[[[120.95007,14.6585],[120.95008,14.65773],[120.9505,14.6576],[120.95068,14.65805],[120.95007,14.6585]]],[[[120.95262,14.65852],[120.95281,14.65825],[120.9529,14.65853],[120.95262,14.65852]]],[[[120.95327,14.65844],[120.95318,14.65835],[120.95327,14.65835],[120.95327,14.65844]]],[[[120.95328,14.65781],[120.95301,14.65726],[120.95328,14.65726],[120.95328,14.65781]]],[[[120.95133,14.65743],[120.95152,14.65761],[120.95133,14.65761],[120.95133,14.65743]]],[[[120.95152,14.65716],[120.95134,14.65698],[120.95143,14.65698],[120.95152,14.65716]]],[[[120.95375,14.65709],[120.95366,14.657],[120.95375,14.657],[120.95375,14.65709]]],[[[120.9506,14.65688],[120.95078,14.65706],[120.95059,14.65706],[120.9506,14.65688]]],[[[120.95357,14.65663],[120.95366,14.65673],[120.95366,14.65664],[120.95357,14.65663]]],[[[120.95357,14.65691],[120.95347,14.65672],[120.95347,14.6569],[120.95357,14.65691]]],[[[120.95218,14.65635],[120.95246,14.65599],[120.95255,14.65626],[120.95218,14.65635]]],[[[120.95283,14.65627],[120.95274,14.65608],[120.95283,14.65609],[120.95283,14.65627]]],[[[120.95479,14.65466],[120.95489,14.65439],[120.95498,14.65457],[120.95479,14.65466]]],[[[120.95524,14.65692],[120.95514,14.65674],[120.95524,14.65674],[120.95524,14.65692]]],[[[120.95552,14.65584],[120.95543,14.65575],[120.95553,14.65575],[120.95552,14.65584]]],[[[120.91267,14.70245],[120.91257,14.70263],[120.91285,14.70263],[120.91267,14.70245]]],[[[120.91498,14.70265],[120.91499,14.70238],[120.91461,14.70273],[120.91498,14.70265]]],[[[120.91461,14.70282],[120.91443,14.70273],[120.91443,14.70282],[120.91461,14.70282]]],[[[120.91303,14.7029],[120.91294,14.70281],[120.91294,14.7029],[120.91303,14.7029]]],[[[120.91442,14.70291],[120.91424,14.70282],[120.91424,14.70291],[120.91442,14.70291]]],[[[120.91184,14.70135],[120.91129,14.70081],[120.90923,14.70278],[120.90812,14.70204],[120.90822,14.70132],[120.90707,14.70129],[120.90923,14.70305],[120.91129,14.70108],[120.91184,14.70135]]],[[[120.91219,14.70307],[120.9121,14.70298],[120.9121,14.70307],[120.91219,14.70307]]],[[[120.91182,14.70343],[120.91173,14.70325],[120.91173,14.70343],[120.91182,14.70343]]],[[[120.91915,14.7035],[120.9199,14.70314],[120.92,14.70278],[120.91944,14.70287],[120.91915,14.7035]]],[[[120.91358,14.70372],[120.91396,14.70309],[120.91312,14.70308],[120.91358,14.70372]]],[[[120.91414,14.704],[120.91395,14.70408],[120.91413,14.70418],[120.91414,14.704]]],[[[120.9172,14.70429],[120.91775,14.70439],[120.91766,14.70412],[120.9172,14.70429]]],[[[120.91468,14.70499],[120.91496,14.70473],[120.91469,14.70472],[120.91468,14.70499]]],[[[120.95124,14.69764],[120.95125,14.6961],[120.95162,14.69602],[120.95125,14.69592],[120.95088,14.69637],[120.95115,14.69664],[120.95078,14.69649],[120.95078,14.69691],[120.94995,14.6973],[120.9498,14.69772],[120.95002,14.6988],[120.94956,14.69871],[120.94965,14.69817],[120.94808,14.69996],[120.94852,14.70042],[120.94766,14.7005],[120.9486,14.70141],[120.94722,14.70072],[120.94477,14.70411],[120.94514,14.70481],[120.94588,14.70473],[120.94624,14.70537],[120.94737,14.70429],[120.94944,14.70106],[120.94908,14.70042],[120.94991,14.70034],[120.95039,14.69917],[120.95011,14.69889],[120.95067,14.69845],[120.94994,14.69754],[120.95124,14.69764]]],[[[120.9505,14.69709],[120.95041,14.69718],[120.9505,14.69718],[120.9505,14.69709]]],[[[120.95031,14.69709],[120.95041,14.697],[120.95031,14.697],[120.95031,14.69709]]],[[[120.94946,14.69889],[120.94965,14.69907],[120.94946,14.69907],[120.94946,14.69889]]],[[[120.94795,14.70141],[120.94813,14.70195],[120.94721,14.70176],[120.94712,14.70122],[120.94795,14.70141]]],[[[120.94702,14.70176],[120.94693,14.70185],[120.94702,14.70185],[120.94702,14.70176]]],[[[120.94684,14.70176],[120.94693,14.70167],[120.94684,14.70167],[120.94684,14.70176]]],[[[120.94757,14.70222],[120.94813,14.70213],[120.94813,14.70249],[120.94757,14.70222]]],[[[120.94729,14.70248],[120.94738,14.70258],[120.94729,14.70257],[120.94729,14.70248]]],[[[120.94701,14.70275],[120.9471,14.70284],[120.94701,14.70284],[120.94701,14.70275]]],[[[120.94728,14.70348],[120.94719,14.70366],[120.94728,14.70366],[120.94728,14.70348]]],[[[120.94644,14.70392],[120.94682,14.70338],[120.94654,14.70356],[120.94608,14.70329],[120.94644,14.70392]]],[[[120.94607,14.70392],[120.94579,14.7041],[120.94524,14.70355],[120.9457,14.70364],[120.94607,14.70392]]],[[[120.94625,14.70473],[120.94634,14.70482],[120.94625,14.70482],[120.94625,14.70473]]],[[[120.92034,14.70568],[120.92006,14.70577],[120.92034,14.70577],[120.92034,14.70568]]],[[[120.91505,14.70554],[120.91672,14.70528],[120.91682,14.70483],[120.91636,14.70456],[120.91505,14.70554]]],[[[120.92062,14.70577],[120.92034,14.70586],[120.92062,14.70586],[120.92062,14.70577]]],[[[120.9208,14.70586],[120.92062,14.70595],[120.9208,14.70595],[120.9208,14.70586]]],[[[120.9131,14.70579],[120.91135,14.70414],[120.9131,14.70597],[120.9131,14.70579]]],[[[120.92108,14.70596],[120.9208,14.70604],[120.92108,14.70605],[120.92108,14.70596]]],[[[120.92126,14.70605],[120.92108,14.70614],[120.92126,14.70614],[120.92126,14.70605]]],[[[120.92154,14.70614],[120.92126,14.70623],[120.92154,14.70623],[120.92154,14.70614]]],[[[120.92302,14.70651],[120.92321,14.70643],[120.92303,14.70642],[120.92302,14.70651]]],[[[120.9233,14.70652],[120.92321,14.70661],[120.9233,14.70661],[120.9233,14.70652]]],[[[120.91485,14.70662],[120.91597,14.70654],[120.91616,14.70618],[120.91485,14.70662]]],[[[120.92006,14.70567],[120.91849,14.70485],[120.91989,14.7045],[120.92307,14.70155],[120.92055,14.70306],[120.91952,14.70431],[120.91672,14.70555],[120.91634,14.70618],[120.91755,14.70592],[120.91958,14.70703],[120.91783,14.70575],[120.91839,14.70521],[120.92006,14.70567]]],[[[120.92092,14.70333],[120.92073,14.70329],[120.92092,14.70329],[120.92092,14.70333]]],[[[120.91466,14.70707],[120.91457,14.70689],[120.91457,14.70707],[120.91466,14.70707]]],[[[120.91439,14.70707],[120.91393,14.70661],[120.91467,14.70599],[120.91383,14.70634],[120.91309,14.70606],[120.91411,14.70725],[120.91439,14.70707]]],[[[120.91717,14.70737],[120.91698,14.70718],[120.91698,14.70736],[120.91717,14.70737]]],[[[120.94638,14.71025],[120.94629,14.70998],[120.94629,14.71025],[120.94638,14.71025]]],[[[120.94514,14.70481],[120.94425,14.70472],[120.94396,14.70507],[120.94439,14.70535],[120.94324,14.7057],[120.94252,14.70674],[120.94279,14.70705],[120.94234,14.70705],[120.93975,14.71028],[120.94315,14.70823],[120.94345,14.70643],[120.94569,14.70563],[120.94514,14.70481]]],[[[120.94383,14.70571],[120.9442,14.70589],[120.94383,14.7058],[120.94383,14.70571]]],[[[120.94336,14.70606],[120.94345,14.70615],[120.94336,14.70615],[120.94336,14.70606]]],[[[120.94591,14.71115],[120.946,14.71142],[120.946,14.71115],[120.94591,14.71115]]],[[[120.94591,14.71151],[120.94582,14.71142],[120.94582,14.71151],[120.94591,14.71151]]],[[[120.94006,14.712],[120.93923,14.71136],[120.93997,14.71127],[120.93923,14.71082],[120.93876,14.71129],[120.93894,14.71181],[120.94006,14.712]]],[[[120.94562,14.71214],[120.94581,14.71196],[120.94581,14.7116],[120.94562,14.71214]]],[[[120.93782,14.71229],[120.9381,14.71234],[120.9381,14.71207],[120.93782,14.71229]]],[[[120.91584,14.71259],[120.91916,14.71231],[120.92038,14.71083],[120.92356,14.70849],[120.92413,14.70734],[120.92713,14.70427],[120.9272,14.70366],[120.92685,14.70402],[120.92437,14.7012],[120.92391,14.70101],[120.92372,14.70146],[120.92603,14.70329],[120.92629,14.70438],[120.92395,14.70688],[120.92154,14.70623],[120.92237,14.7066],[120.92255,14.7075],[120.92339,14.70706],[120.92338,14.70765],[120.92264,14.70787],[120.9219,14.70741],[120.92115,14.70785],[120.92065,14.70735],[120.91958,14.70703],[120.92217,14.70868],[120.91861,14.71208],[120.91731,14.71189],[120.91582,14.71241],[120.91471,14.71195],[120.91454,14.71069],[120.91511,14.70861],[120.9142,14.70734],[120.91487,14.70872],[120.91431,14.71103],[120.91459,14.71207],[120.91584,14.71259]]],[[[120.91898,14.71199],[120.91889,14.71194],[120.91898,14.7119],[120.91898,14.71199]]],[[[120.92057,14.71038],[120.92066,14.71056],[120.92085,14.71034],[120.92057,14.71038]]],[[[120.92048,14.71065],[120.92039,14.71056],[120.92039,14.71065],[120.92048,14.71065]]],[[[120.92095,14.71011],[120.92104,14.7102],[120.92104,14.71011],[120.92095,14.71011]]],[[[120.92095,14.71029],[120.9209,14.7102],[120.9209,14.71029],[120.92095,14.71029]]],[[[120.92123,14.70984],[120.92132,14.70993],[120.92132,14.70984],[120.92123,14.70984]]],[[[120.92123,14.71002],[120.92118,14.70993],[120.92118,14.71002],[120.92123,14.71002]]],[[[120.92188,14.70931],[120.92198,14.7094],[120.92198,14.70931],[120.92188,14.70931]]],[[[120.92188,14.70949],[120.92179,14.7094],[120.92179,14.70949],[120.92188,14.70949]]],[[[120.92198,14.70926],[120.92207,14.70931],[120.92207,14.70926],[120.92198,14.70926]]],[[[120.92226,14.70899],[120.92217,14.70895],[120.92226,14.70895],[120.92226,14.70899]]],[[[120.92366,14.70751],[120.92357,14.70733],[120.92367,14.70733],[120.92366,14.70751]]],[[[120.92676,14.70429],[120.92667,14.7042],[120.92676,14.7042],[120.92676,14.70429]]],[[[120.93921,14.71262],[120.9394,14.71272],[120.9394,14.71262],[120.93921,14.71262]]],[[[120.93735,14.7129],[120.93782,14.71279],[120.93782,14.71261],[120.93735,14.7129]]],[[[120.938,14.71325],[120.93782,14.71297],[120.93772,14.71315],[120.938,14.71325]]],[[[120.93921,14.71271],[120.93857,14.71189],[120.9381,14.71261],[120.93828,14.71352],[120.93921,14.71271]]],[[[120.94449,14.71384],[120.94534,14.71304],[120.94562,14.71223],[120.94525,14.71241],[120.94449,14.71384]]],[[[120.94449,14.71394],[120.9444,14.71384],[120.9444,14.71393],[120.94449,14.71394]]],[[[120.9444,14.71412],[120.94412,14.71411],[120.94412,14.71429],[120.9444,14.71412]]],[[[120.93641,14.71432],[120.93641,14.71417],[120.93632,14.71431],[120.93641,14.71432]]],[[[120.93762,14.71415],[120.93716,14.71405],[120.93762,14.71433],[120.93762,14.71415]]],[[[120.94412,14.71438],[120.94403,14.71429],[120.94402,14.71438],[120.94412,14.71438]]],[[[120.94402,14.71447],[120.94393,14.71438],[120.94393,14.71447],[120.94402,14.71447]]],[[[120.94393,14.71456],[120.94384,14.71447],[120.94384,14.71456],[120.94393,14.71456]]],[[[120.93622,14.71458],[120.93613,14.71445],[120.936,14.71458],[120.93622,14.71458]]],[[[120.94384,14.71474],[120.94374,14.71456],[120.94374,14.71474],[120.94384,14.71474]]],[[[120.94365,14.71492],[120.94356,14.71474],[120.94346,14.71492],[120.94365,14.71492]]],[[[120.93631,14.71486],[120.9366,14.71459],[120.93632,14.71459],[120.93631,14.71486]]],[[[120.94346,14.71501],[120.94337,14.71492],[120.94337,14.71501],[120.94346,14.71501]]],[[[120.94337,14.7151],[120.94328,14.71501],[120.94328,14.7151],[120.94337,14.7151]]],[[[120.93678,14.71495],[120.93668,14.71513],[120.93687,14.71513],[120.93678,14.71495]]],[[[120.94327,14.71519],[120.94318,14.7151],[120.94318,14.71519],[120.94327,14.71519]]],[[[120.94318,14.71528],[120.94309,14.71519],[120.94309,14.71528],[120.94318,14.71528]]],[[[120.93543,14.71675],[120.93555,14.71684],[120.93555,14.71675],[120.93543,14.71675]]],[[[120.93666,14.71712],[120.93648,14.71694],[120.93639,14.71712],[120.93666,14.71712]]],[[[120.93508,14.71738],[120.93508,14.71731],[120.93504,14.71738],[120.93508,14.71738]]],[[[120.93564,14.71738],[120.93546,14.7172],[120.93546,14.71738],[120.93564,14.71738]]],[[[120.93536,14.71765],[120.93518,14.71747],[120.93517,14.71765],[120.93536,14.71765]]],[[[120.93545,14.71792],[120.93536,14.71774],[120.93536,14.71792],[120.93545,14.71792]]],[[[120.936,14.71856],[120.93591,14.71829],[120.93582,14.71847],[120.936,14.71856]]],[[[120.93683,14.7192],[120.93711,14.71902],[120.9373,14.71866],[120.93702,14.71866],[120.93683,14.7192]]],[[[120.93404,14.71935],[120.93395,14.71926],[120.93395,14.71935],[120.93404,14.71935]]],[[[120.93683,14.71938],[120.93664,14.71929],[120.93664,14.71938],[120.93683,14.71938]]],[[[120.93655,14.71929],[120.93581,14.71919],[120.93655,14.71956],[120.93655,14.71929]]],[[[120.9316,14.72204],[120.93161,14.72194],[120.93153,14.72204],[120.9316,14.72204]]],[[[120.93346,14.72251],[120.9329,14.72251],[120.93346,14.72269],[120.93346,14.72251]]],[[[120.93187,14.72295],[120.93179,14.72214],[120.93124,14.72241],[120.93084,14.72208],[120.93041,14.72276],[120.93095,14.72222],[120.93187,14.72295]]],[[[120.93169,14.72313],[120.93095,14.72303],[120.93168,14.7234],[120.93169,14.72313]]],[[[120.93102,14.72475],[120.93131,14.72385],[120.93039,14.7228],[120.92964,14.7241],[120.93102,14.72475]]],[[[120.93036,14.72556],[120.93065,14.72493],[120.92941,14.72428],[120.93058,14.72495],[120.93036,14.72556]]],[[[120.92964,14.72636],[120.93008,14.72619],[120.92983,14.72609],[120.92964,14.72636]]],[[[120.92959,14.72853],[120.92988,14.72754],[120.92952,14.72654],[120.92862,14.72834],[120.92959,14.72853]]],[[[120.92848,14.72897],[120.92857,14.72906],[120.92857,14.72897],[120.92848,14.72897]]],[[[120.92847,14.72924],[120.92829,14.72915],[120.92819,14.72933],[120.92847,14.72924]]],[[[120.92819,14.7296],[120.92828,14.72979],[120.92828,14.7296],[120.92819,14.7296]]],[[[120.93432,14.72993],[120.93517,14.72822],[120.93396,14.72776],[120.93404,14.72929],[120.93367,14.72974],[120.93432,14.72993]]],[[[120.92819,14.72978],[120.92791,14.73032],[120.92773,14.73041],[120.92809,14.73033],[120.92819,14.72978]]],[[[120.93152,14.73081],[120.93143,14.73072],[120.93143,14.73081],[120.93152,14.73081]]],[[[120.9307,14.72917],[120.9294,14.72916],[120.92892,14.73078],[120.93022,14.73143],[120.9305,14.73107],[120.93133,14.73126],[120.9317,14.73171],[120.93377,14.72911],[120.93379,14.72694],[120.93539,14.7247],[120.93748,14.7192],[120.93879,14.71795],[120.93974,14.71633],[120.94262,14.716],[120.94309,14.71528],[120.93936,14.71642],[120.93889,14.7175],[120.93692,14.71947],[120.93578,14.72262],[120.93474,14.72478],[120.93379,14.72622],[120.93636,14.72037],[120.93506,14.72018],[120.9357,14.72127],[120.93485,14.72234],[120.93328,14.72179],[120.93411,14.7227],[120.93252,14.72332],[120.93325,14.72459],[120.93158,14.72457],[120.93055,14.72574],[120.93101,14.72656],[120.93054,14.72664],[120.93007,14.72772],[120.9308,14.72836],[120.92997,14.72817],[120.93071,14.72881],[120.9307,14.72917]]],[[[120.93323,14.7264],[120.93323,14.72685],[120.93304,14.72703],[120.93305,14.72666],[120.93323,14.7264]]],[[[120.93313,14.72748],[120.93302,14.72919],[120.93304,14.72748],[120.93313,14.72748]]],[[[120.93134,14.73081],[120.93227,14.72973],[120.93089,14.72918],[120.93068,14.73116],[120.93115,14.73126],[120.93134,14.73081]]],[[[120.93143,14.73117],[120.93133,14.73108],[120.93133,14.73117],[120.93143,14.73117]]],[[[120.93209,14.72955],[120.932,14.72946],[120.93209,14.72946],[120.93209,14.72955]]],[[[120.93191,14.72946],[120.93181,14.72936],[120.93191,14.72937],[120.93191,14.72946]]],[[[120.92958,14.72971],[120.92949,14.72952],[120.92958,14.72953],[120.92958,14.72971]]],[[[120.92639,14.73311],[120.9263,14.7332],[120.92639,14.7332],[120.92639,14.73311]]],[[[120.92584,14.73284],[120.92632,14.73284],[120.92575,14.73264],[120.92592,14.734],[120.92584,14.73284]]],[[[120.92657,14.73402],[120.92639,14.7332],[120.92638,14.73402],[120.92657,14.73402]]],[[[120.92648,14.73338],[120.92657,14.73357],[120.92648,14.73356],[120.92648,14.73338]]],[[[120.92833,14.73403],[120.92824,14.73385],[120.92824,14.73403],[120.92833,14.73403]]],[[[120.92857,14.72906],[120.92921,14.72934],[120.92856,14.72943],[120.92883,14.73024],[120.92818,14.73024],[120.9277,14.73276],[120.92667,14.73288],[120.92732,14.7333],[120.92704,14.73357],[120.92721,14.73475],[120.9275,14.73348],[120.92732,14.73303],[120.92779,14.73294],[120.92931,14.72943],[120.92922,14.72898],[120.92857,14.72906]]],[[[120.92721,14.73484],[120.92712,14.73474],[120.92712,14.73483],[120.92721,14.73484]]],[[[120.92805,14.73484],[120.92796,14.73475],[120.92796,14.73484],[120.92805,14.73484]]],[[[120.92768,14.73484],[120.9273,14.7352],[120.92767,14.7352],[120.92768,14.73484]]],[[[120.92712,14.73483],[120.92712,14.73529],[120.92665,14.73555],[120.92721,14.73538],[120.92712,14.73483]]],[[[120.92665,14.73564],[120.92654,14.73555],[120.92658,14.73564],[120.92665,14.73564]]]]}},{"type":"Feature","properties":{"hazard":"storm-surge","level":"high","advisory":"SSA1"},"geometry":{"type":"MultiPolygon","coordinates":[[[[120.97046,14.47423],[120.97044,14.47402],[120.97041,14.47431],[120.97046,14.47423]]],[[[120.97379,14.47509],[120.97333,14.47517],[120.97379,14.47518],[120.97379,14.47509]]],[[[120.97388,14.47527],[120.97407,14.47518],[120.97388,14.47518],[120.97388,14.47527]]],[[[120.97416,14.47527],[120.97407,14.47536],[120.97416,14.47536],[120.97416,14.47527]]],[[[120.9722,14.47661],[120.97211,14.47652],[120.97211,14.47661],[120.9722,14.47661]]],[[[120.9722,14.47652],[120.97331,14.4768],[120.97313,14.47616],[120.97396,14.47653],[120.97452,14.47636],[120.97425,14.47572],[120.97332,14.47544],[120.97285,14.47607],[120.97239,14.47589],[120.9722,14.47652]]],[[[120.97201,14.47679],[120.97194,14.47679],[120.97201,14.47684],[120.97201,14.47679]]],[[[120.97115,14.47732],[120.97144,14.47709],[120.9713,14.47694],[120.97115,14.47732]]],[[[120.97726,14.4816],[120.97707,14.48126],[120.97643,14.48062],[120.97247,14.47733],[120.97216,14.4774],[120.97246,14.47787],[120.97163,14.47796],[120.97346,14.47825],[120.97726,14.4816]]],[[[120.97719,14.48185],[120.97744,14.48171],[120.97719,14.48166],[120.97719,14.48185]]],[[[120.9775,14.48199],[120.97762,14.4819],[120.97753,14.4819],[120.9775,14.48199]]],[[[120.97761,14.48216],[120.97781,14.48217],[120.97769,14.48208],[120.97761,14.48216]]],[[[120.97795,14.48259],[120.97799,14.48244],[120.97787,14.48243],[120.97795,14.48259]]],[[[120.97817,14.48269],[120.9781,14.48262],[120.97814,14.48269],[120.97817,14.48269]]],[[[120.97953,14.48477],[120.9789,14.48399],[120.97891,14.48371],[120.97821,14.48271],[120.97883,14.48444],[120.97953,14.48477]]],[[[120.97551,14.48555],[120.97546,14.48558],[120.97554,14.48558],[120.97551,14.48555]]],[[[120.9749,14.48567],[120.97542,14.48549],[120.97485,14.48549],[120.97206,14.4814],[120.97315,14.4843],[120.9749,14.48567]]],[[[120.97572,14.48576],[120.97564,14.48586],[120.97581,14.48595],[120.97572,14.48576]]],[[[120.98119,14.48771],[120.98119,14.48717],[120.98092,14.48708],[120.98037,14.48581],[120.97956,14.4848],[120.98018,14.48667],[120.98119,14.48771]]],[[[120.98128,14.48787],[120.9812,14.48771],[120.98127,14.48787],[120.98128,14.48787]]],[[[120.98155,14.4888],[120.9813,14.48789],[120.98152,14.4888],[120.98155,14.4888]]],[[[120.98155,14.4891],[120.98146,14.48892],[120.98143,14.48901],[120.98155,14.4891]]],[[[120.98209,14.49097],[120.98173,14.48925],[120.98153,14.48916],[120.98155,14.49003],[120.98209,14.49097]]],[[[120.98227,14.49161],[120.98212,14.4916],[120.98227,14.49166],[120.98227,14.49161]]],[[[120.98381,14.49193],[120.98458,14.49181],[120.98321,14.49179],[120.98381,14.49193]]],[[[120.98476,14.492],[120.98489,14.4919],[120.9846,14.4919],[120.98476,14.492]]],[[[120.98245,14.49201],[120.98278,14.49188],[120.98226,14.49206],[120.98245,14.49201]]],[[[120.98542,14.49214],[120.98532,14.4919],[120.98491,14.4919],[120.98542,14.49214]]],[[[120.97911,14.49198],[120.97928,14.49133],[120.97887,14.49105],[120.97921,14.49056],[120.97825,14.49113],[120.97811,14.49095],[120.97906,14.49031],[120.97894,14.48947],[120.97867,14.49028],[120.97827,14.49004],[120.97881,14.48901],[120.97815,14.48933],[120.97771,14.48865],[120.97835,14.48832],[120.97859,14.48873],[120.97855,14.48826],[120.97799,14.48833],[120.97592,14.48607],[120.97572,14.48685],[120.97765,14.48967],[120.97737,14.49003],[120.97681,14.48966],[120.97644,14.48984],[120.97763,14.49157],[120.97911,14.49198]]],[[[120.9794,14.49218],[120.97922,14.49219],[120.97929,14.4923],[120.9794,14.49218]]],[[[120.98198,14.49231],[120.98213,14.49221],[120.98221,14.49215],[120.98208,14.49215],[120.98198,14.49231]]],[[[120.9818,14.49232],[120.98181,14.49242],[120.9819,14.49233],[120.9818,14.49232]]],[[[120.98037,14.49267],[120.98034,14.49265],[120.98022,14.49267],[120.98037,14.49267]]],[[[120.98124,14.49277],[120.98134,14.49282],[120.98137,14.49277],[120.98124,14.49277]]],[[[120.98119,14.49295],[120.98114,14.49286],[120.98114,14.49295],[120.98119,14.49295]]],[[[120.98127,14.49307],[120.98123,14.49313],[120.9813,14.49313],[120.98127,14.49307]]],[[[120.98143,14.49335],[120.98142,14.49341],[120.9815,14.49341],[120.98143,14.49335]]],[[[120.98153,14.49354],[120.98151,14.49359],[120.98156,14.49359],[120.98153,14.49354]]],[[[120.98166,14.49373],[120.9816,14.49377],[120.98167,14.49377],[120.98166,14.49373]]],[[[120.98189,14.49384],[120.98178,14.49404],[120.98185,14.49404],[120.98189,14.49384]]],[[[120.98192,14.49445],[120.98187,14.49449],[120.98192,14.49449],[120.98192,14.49445]]],[[[120.98201,14.49458],[120.98196,14.49468],[120.98203,14.49468],[120.98201,14.49458]]],[[[120.98207,14.49479],[120.98205,14.49486],[120.98213,14.49486],[120.98207,14.49479]]],[[[120.98215,14.49493],[120.98232,14.49549],[120.9824,14.49549],[120.98245,14.49528],[120.98215,14.49493]]],[[[120.98245,14.49573],[120.98241,14.49585],[120.9825,14.49585],[120.98245,14.49573]]],[[[120.98765,14.49601],[120.9877,14.49593],[120.98764,14.49596],[120.98765,14.49601]]],[[[120.98256,14.49604],[120.98251,14.49587],[120.9825,14.49604],[120.98256,14.49604]]],[[[120.98779,14.49616],[120.98774,14.49608],[120.98773,14.49618],[120.98779,14.49616]]],[[[120.98263,14.49617],[120.9826,14.49622],[120.98265,14.49622],[120.98263,14.49617]]],[[[120.98806,14.49722],[120.988,14.49717],[120.98801,14.49723],[120.98806,14.49722]]],[[[120.98815,14.49739],[120.98815,14.49731],[120.9881,14.49734],[120.98815,14.49739]]],[[[120.98305,14.49785],[120.98314,14.49767],[120.98305,14.49767],[120.98305,14.49785]]],[[[120.98824,14.4978],[120.98816,14.4978],[120.98824,14.49787],[120.98824,14.4978]]],[[[120.98323,14.49785],[120.98314,14.49794],[120.98323,14.49794],[120.98323,14.49785]]],[[[120.9823,14.49802],[120.98258,14.49793],[120.9824,14.49766],[120.9823,14.49802]]],[[[120.98397,14.49831],[120.98406,14.49822],[120.98397,14.49822],[120.98397,14.49831]]],[[[120.9938,14.49866],[120.99446,14.49758],[120.99344,14.49739],[120.9938,14.49866]]],[[[120.98851,14.4987],[120.98833,14.49789],[120.98825,14.49789],[120.98851,14.4987]]],[[[120.98842,14.49886],[120.9886,14.4988],[120.98851,14.49873],[120.98842,14.49886]]],[[[120.9885,14.4991],[120.98869,14.49907],[120.98848,14.49908],[120.9885,14.4991]]],[[[120.98867,14.4992],[120.98869,14.49913],[120.9886,14.49919],[120.98867,14.4992]]],[[[120.98863,14.49929],[120.98869,14.49933],[120.98869,14.49922],[120.98863,14.49929]]],[[[120.99398,14.49939],[120.99389,14.49911],[120.99388,14.49939],[120.99398,14.49939]]],[[[120.98878,14.49943],[120.98872,14.49943],[120.98878,14.49947],[120.98878,14.49943]]],[[[120.98321,14.50047],[120.98265,14.5001],[120.98256,14.50028],[120.98321,14.50047]]],[[[120.98886,14.50097],[120.9888,14.50093],[120.98886,14.50104],[120.98886,14.50097]]],[[[120.98895,14.50151],[120.98888,14.50146],[120.98895,14.50166],[120.98895,14.50151]]],[[[120.9879,14.50217],[120.98783,14.50214],[120.98783,14.50221],[120.9879,14.50217]]],[[[120.9878,14.50223],[120.98764,14.50222],[120.98764,14.5023],[120.9878,14.50223]]],[[[120.98323,14.49794],[120.98425,14.49813],[120.98542,14.50239],[120.98795,14.50211],[120.98738,14.50157],[120.98746,14.50065],[120.98652,14.49996],[120.98607,14.50022],[120.98422,14.49787],[120.98482,14.49746],[120.98399,14.49762],[120.98351,14.49652],[120.98479,14.49678],[120.98479,14.49634],[120.98323,14.49614],[120.98327,14.49663],[120.98278,14.49655],[120.98323,14.49794]]],[[[120.98436,14.49641],[120.98426,14.49632],[120.98436,14.49632],[120.98436,14.49641]]],[[[120.98516,14.5004],[120.98525,14.50049],[120.98515,14.50049],[120.98516,14.5004]]],[[[120.98972,14.50251],[120.99265,14.50227],[120.99265,14.50191],[120.9895,14.50206],[120.98972,14.50251]]],[[[120.98477,14.50247],[120.98449,14.5022],[120.98384,14.50228],[120.98393,14.50255],[120.98477,14.50247]]],[[[120.98625,14.50257],[120.98726,14.50242],[120.98762,14.50231],[120.98671,14.50231],[120.98625,14.50257]]],[[[120.98384,14.50255],[120.98375,14.50255],[120.98384,14.5026],[120.98384,14.50255]]],[[[120.98616,14.50257],[120.98597,14.50266],[120.98623,14.50257],[120.98616,14.50257]]],[[[120.98448,14.50301],[120.98443,14.50301],[120.98448,14.50307],[120.98448,14.50301]]],[[[120.98485,14.50331],[120.98524,14.50284],[120.98595,14.50266],[120.98532,14.50266],[120.98485,14.50331]]],[[[120.98596,14.50366],[120.98596,14.50362],[120.98589,14.50366],[120.98596,14.50366]]],[[[120.99368,14.50191],[120.99424,14.50129],[120.99416,14.49984],[120.99368,14.50164],[120.99293,14.50218],[120.99367,14.50255],[120.9943,14.50409],[120.99368,14.50191]]],[[[120.98429,14.50418],[120.98429,14.50415],[120.98423,14.50418],[120.98429,14.50418]]],[[[120.99458,14.50436],[120.99466,14.50599],[120.99502,14.50672],[120.99458,14.50436]]],[[[120.98061,14.51906],[120.98183,14.51889],[120.9806,14.51888],[120.98061,14.51906]]],[[[120.98933,14.53107],[120.98943,14.53071],[120.98896,14.53061],[120.98015,14.52972],[120.98043,14.53009],[120.98933,14.53107]]],[[[120.99276,14.531],[120.9897,14.53107],[120.99285,14.53146],[120.99276,14.531]]],[[[120.98205,14.54357],[120.98199,14.54354],[120.98198,14.54374],[120.98205,14.54357]]],[[[120.98216,14.54402],[120.98244,14.54375],[120.98216,14.54401],[120.98216,14.54402]]],[[[120.99087,14.54536],[120.9906,14.54454],[120.98356,14.54294],[120.98319,14.54294],[120.98328,14.54357],[120.98272,14.54411],[120.98587,14.54414],[120.99087,14.54536]]],[[[120.97936,14.55824],[120.97921,14.55818],[120.97935,14.55828],[120.97936,14.55824]]],[[[120.98511,14.56027],[120.98563,14.56058],[120.98572,14.56058],[120.98572,14.56052],[120.98511,14.56027]]],[[[120.98469,14.56145],[120.98464,14.56145],[120.98506,14.56166],[120.98469,14.56145]]],[[[120.98272,14.56176],[120.98372,14.56145],[120.98466,14.56184],[120.98363,14.56114],[120.98272,14.56176]]],[[[120.97246,14.58026],[120.9735,14.57864],[120.97303,14.5781],[120.9718,14.58023],[120.97246,14.58026]]],[[[120.96819,14.58026],[120.96912,14.58023],[120.96953,14.58023],[120.96887,14.57959],[120.96819,14.58026]]],[[[120.9666,14.58175],[120.96697,14.58121],[120.96681,14.58105],[120.96627,14.58158],[120.9666,14.58175]]],[[[120.96624,14.58481],[120.96656,14.58382],[120.96558,14.58289],[120.9649,14.58353],[120.96624,14.58481]]],[[[120.95888,14.58502],[120.95912,14.58461],[120.95888,14.58418],[120.95888,14.58502]]],[[[120.95952,14.58546],[120.95933,14.5853],[120.95956,14.58557],[120.95952,14.58546]]],[[[120.95973,14.58588],[120.9597,14.58593],[120.95975,14.58593],[120.95973,14.58588]]],[[[120.95997,14.58637],[120.95988,14.58648],[120.96006,14.58657],[120.95997,14.58637]]],[[[120.96019,14.58679],[120.96015,14.58693],[120.96031,14.58702],[120.96019,14.58679]]],[[[120.9604,14.5872],[120.96034,14.58707],[120.96034,14.5872],[120.9604,14.5872]]],[[[120.96049,14.58739],[120.96043,14.58726],[120.96043,14.58738],[120.96049,14.58739]]],[[[120.96562,14.58716],[120.96619,14.58662],[120.96228,14.58288],[120.96195,14.58323],[120.96364,14.58486],[120.96332,14.58519],[120.96562,14.58716]]],[[[120.96057,14.58757],[120.96052,14.58746],[120.96052,14.58757],[120.96057,14.58757]]],[[[120.96076,14.58793],[120.9607,14.58782],[120.9607,14.58793],[120.96076,14.58793]]],[[[120.95643,14.58798],[120.95653,14.58753],[120.95681,14.58708],[120.95647,14.58736],[120.95643,14.58798]]],[[[120.96087,14.58811],[120.96079,14.58798],[120.96079,14.58811],[120.96087,14.58811]]],[[[120.95634,14.58816],[120.95634,14.58803],[120.95626,14.58816],[120.95634,14.58816]]],[[[120.96093,14.5882],[120.96088,14.58813],[120.96088,14.5882],[120.96093,14.5882]]],[[[120.95624,14.58825],[120.95624,14.58818],[120.95619,14.58825],[120.95624,14.58825]]],[[[120.96515,14.58833],[120.96515,14.58827],[120.96507,14.58833],[120.96515,14.58833]]],[[[120.96506,14.58842],[120.96506,14.58834],[120.96497,14.58842],[120.96506,14.58842]]],[[[120.95615,14.58843],[120.95615,14.5883],[120.9561,14.58843],[120.95615,14.58843]]],[[[120.96111,14.58857],[120.96107,14.58847],[120.96106,14.58857],[120.96111,14.58857]]],[[[120.95596,14.5887],[120.95596,14.58858],[120.95588,14.5887],[120.95596,14.5887]]],[[[120.9612,14.58875],[120.96116,14.58867],[120.96116,14.58875],[120.9612,14.58875]]],[[[120.95587,14.58879],[120.95587,14.58871],[120.95579,14.58879],[120.95587,14.58879]]],[[[120.9555,14.58915],[120.95568,14.58906],[120.95568,14.58892],[120.9555,14.58915]]],[[[120.96394,14.58913],[120.96463,14.58851],[120.96225,14.58623],[120.96195,14.58656],[120.96263,14.5879],[120.96394,14.58913]]],[[[120.95549,14.58924],[120.95549,14.58918],[120.95541,14.58924],[120.95549,14.58924]]],[[[120.9554,14.58933],[120.9554,14.58926],[120.95535,14.58933],[120.9554,14.58933]]],[[[120.9553,14.58942],[120.9553,14.58936],[120.95526,14.58942],[120.9553,14.58942]]],[[[120.95521,14.58951],[120.95521,14.58947],[120.95514,14.58951],[120.95521,14.58951]]],[[[120.95512,14.5896],[120.95512,14.58952],[120.95505,14.5896],[120.95512,14.5896]]],[[[120.96134,14.58958],[120.96134,14.58943],[120.96133,14.58965],[120.96134,14.58958]]],[[[120.95502,14.58969],[120.95502,14.58964],[120.95497,14.58969],[120.95502,14.58969]]],[[[120.95474,14.58996],[120.95474,14.58991],[120.95468,14.58996],[120.95474,14.58996]]],[[[120.95465,14.59005],[120.95465,14.59],[120.95458,14.59004],[120.95465,14.59005]]],[[[120.95456,14.59013],[120.95456,14.59007],[120.95447,14.59013],[120.95456,14.59013]]],[[[120.96225,14.59038],[120.96225,14.59035],[120.96218,14.59038],[120.96225,14.59038]]],[[[120.96207,14.59047],[120.96207,14.59044],[120.96199,14.59047],[120.96207,14.59047]]],[[[120.9539,14.59066],[120.95427,14.59049],[120.95446,14.59014],[120.95388,14.5903],[120.9539,14.59066]]],[[[120.9539,14.59112],[120.9539,14.59104],[120.95386,14.59109],[120.9539,14.59112]]],[[[120.96197,14.59128],[120.96194,14.5911],[120.96197,14.59146],[120.96197,14.59128]]],[[[120.95445,14.59167],[120.9544,14.59167],[120.95445,14.59172],[120.95445,14.59167]]],[[[120.96276,14.59183],[120.96287,14.59078],[120.96281,14.59024],[120.96264,14.59018],[120.96234,14.59156],[120.96276,14.59183]]],[[[120.95463,14.59185],[120.95457,14.59185],[120.95463,14.59192],[120.95463,14.59185]]],[[[120.95472,14.59194],[120.95465,14.59194],[120.95472,14.59202],[120.95472,14.59194]]],[[[120.96267,14.59193],[120.96261,14.59187],[120.96261,14.59206],[120.96267,14.59193]]],[[[120.95482,14.59203],[120.95474,14.59203],[120.95482,14.59212],[120.95482,14.59203]]],[[[120.95509,14.59238],[120.95482,14.59213],[120.95499,14.59231],[120.95509,14.59238]]],[[[120.95518,14.5924],[120.95512,14.5924],[120.95518,14.59244],[120.95518,14.5924]]],[[[120.96196,14.59255],[120.96177,14.5923],[120.96177,14.59246],[120.96196,14.59255]]],[[[120.95537,14.59249],[120.95525,14.59249],[120.95537,14.59257],[120.95537,14.59249]]],[[[120.95546,14.59258],[120.95538,14.59258],[120.95546,14.59264],[120.95546,14.59258]]],[[[120.95574,14.59277],[120.95564,14.59276],[120.95574,14.59284],[120.95574,14.59277]]],[[[120.95583,14.59286],[120.95576,14.59286],[120.95583,14.59291],[120.95583,14.59286]]],[[[120.95601,14.59295],[120.9559,14.59295],[120.95601,14.593],[120.95601,14.59295]]],[[[120.963,14.59277],[120.96316,14.59283],[120.96344,14.59271],[120.963,14.59277]]],[[[120.96251,14.5931],[120.9629,14.59302],[120.96251,14.59303],[120.96251,14.5931]]],[[[120.95629,14.59304],[120.95612,14.59304],[120.95629,14.59312],[120.95629,14.59304]]],[[[120.95666,14.59323],[120.95656,14.59322],[120.95666,14.59327],[120.95666,14.59323]]],[[[120.95685,14.59332],[120.95676,14.59332],[120.95685,14.59335],[120.95685,14.59332]]],[[[120.96315,14.59337],[120.96309,14.59328],[120.96311,14.59337],[120.96315,14.59337]]],[[[120.95712,14.59341],[120.957,14.59341],[120.95712,14.59346],[120.95712,14.59341]]],[[[120.95731,14.5935],[120.95723,14.5935],[120.95731,14.59353],[120.95731,14.5935]]],[[[120.95759,14.5936],[120.95747,14.59359],[120.95758,14.59364],[120.95759,14.5936]]],[[[120.95805,14.59378],[120.95792,14.59378],[120.95805,14.59385],[120.95805,14.59378]]],[[[120.95825,14.59406],[120.95842,14.59396],[120.95812,14.59387],[120.95825,14.59406]]],[[[120.9629,14.59427],[120.96304,14.5943],[120.96307,14.59428],[120.9629,14.59427]]],[[[120.95869,14.59446],[120.95917,14.59433],[120.95842,14.59405],[120.95869,14.59446]]],[[[120.95968,14.59489],[120.96027,14.5947],[120.95967,14.59452],[120.95968,14.59489]]],[[[120.94481,14.59493],[120.94468,14.5949],[120.94467,14.59493],[120.94481,14.59493]]],[[[120.96061,14.59503],[120.96082,14.59498],[120.96045,14.5947],[120.96061,14.59503]]],[[[120.98244,14.59544],[120.98318,14.5949],[120.9831,14.59382],[120.98207,14.59507],[120.98244,14.59544]]],[[[120.9492,14.59551],[120.94903,14.59549],[120.94903,14.59551],[120.9492,14.59551]]],[[[120.95149,14.5958],[120.95135,14.59578],[120.95135,14.5958],[120.95149,14.5958]]],[[[120.95528,14.59629],[120.95515,14.59627],[120.95515,14.59628],[120.95528,14.59629]]],[[[120.97705,14.59629],[120.97696,14.5962],[120.97695,14.59629],[120.97705,14.59629]]],[[[120.95636,14.59639],[120.95623,14.59629],[120.95608,14.59638],[120.95636,14.59639]]],[[[120.96021,14.59635],[120.95932,14.59603],[120.9591,14.59607],[120.95861,14.59632],[120.96021,14.59635]]],[[[120.96062,14.59642],[120.96071,14.59636],[120.96045,14.59642],[120.96062,14.59642]]],[[[120.96099,14.59643],[120.96118,14.59634],[120.96099,14.59636],[120.96099,14.59643]]],[[[120.95839,14.59649],[120.957,14.59622],[120.9565,14.59639],[120.95654,14.59648],[120.95839,14.59649]]],[[[120.96962,14.5965],[120.97417,14.59582],[120.97705,14.59602],[120.97743,14.5953],[120.97493,14.59474],[120.97103,14.59471],[120.96972,14.59542],[120.9675,14.59536],[120.9668,14.59639],[120.96962,14.5965]]],[[[120.96146,14.59643],[120.96285,14.59644],[120.96517,14.59646],[120.96517,14.59642],[120.96146,14.59643]]],[[[120.95826,14.60047],[120.95836,14.60002],[120.95762,14.59992],[120.95771,14.60046],[120.95826,14.60047]]],[[[120.9594,14.60861],[120.95884,14.60867],[120.95967,14.60873],[120.9594,14.60861]]],[[[120.95976,14.60916],[120.95976,14.6088],[120.95974,14.60916],[120.95976,14.60916]]],[[[120.94751,14.60977],[120.94797,14.60932],[120.9478,14.60843],[120.94742,14.60905],[120.94751,14.60977]]],[[[120.95509,14.62276],[120.95488,14.62294],[120.95509,14.62294],[120.95509,14.62276]]],[[[120.9537,14.62767],[120.95393,14.62745],[120.95376,14.62736],[120.9537,14.62767]]],[[[120.95507,14.62822],[120.9556,14.62819],[120.95504,14.62818],[120.95507,14.62822]]],[[[120.95148,14.63122],[120.9513,14.63095],[120.9513,14.63122],[120.95148,14.63122]]],[[[120.95318,14.63811],[120.95318,14.63799],[120.95314,14.63811],[120.95318,14.63811]]],[[[120.95278,14.63839],[120.95299,14.63845],[120.95279,14.63836],[120.95278,14.63839]]],[[[120.9529,14.63865],[120.9529,14.63859],[120.95286,14.63865],[120.9529,14.63865]]],[[[120.95299,14.63919],[120.9528,14.6391],[120.9528,14.63919],[120.95299,14.63919]]],[[[120.95148,14.64107],[120.95204,14.64117],[120.95214,14.64063],[120.95148,14.64107]]],[[[120.95148,14.64171],[120.9512,14.64134],[120.95111,14.6417],[120.95148,14.64171]]],[[[120.95101,14.64252],[120.9512,14.64197],[120.95083,14.64188],[120.95017,14.64287],[120.95054,14.64314],[120.95101,14.64252]]],[[[120.96232,14.64343],[120.96223,14.64334],[120.96223,14.64343],[120.96232,14.64343]]],[[[120.95035,14.64377],[120.95063,14.6436],[120.95044,14.64341],[120.95035,14.64377]]],[[[120.95006,14.64413],[120.94978,14.64431],[120.95006,14.64431],[120.95006,14.64413]]],[[[120.9468,14.64397],[120.94789,14.64457],[120.94686,14.64389],[120.9468,14.64397]]],[[[120.94884,14.64584],[120.94875,14.64575],[120.94875,14.64584],[120.94884,14.64584]]],[[[120.94874,14.64647],[120.94865,14.64629],[120.94865,14.64647],[120.94874,14.64647]]],[[[120.95629,14.6483],[120.96084,14.64323],[120.96168,14.64279],[120.96205,14.64324],[120.96196,14.64243],[120.96328,14.64054],[120.96301,14.63937],[120.962,14.63827],[120.96164,14.63646],[120.96154,14.63809],[120.96282,14.63982],[120.96272,14.64081],[120.95635,14.64744],[120.95597,14.64807],[120.95629,14.6483]]],[[[120.95327,14.64895],[120.95411,14.64833],[120.95235,14.64804],[120.95225,14.64903],[120.95271,14.64867],[120.95327,14.64895]]],[[[120.95327,14.64904],[120.95318,14.64895],[120.95317,14.64904],[120.95327,14.64904]]],[[[120.94946,14.64919],[120.94928,14.64892],[120.94918,14.64919],[120.94946,14.64919]]],[[[120.95215,14.64993],[120.95205,14.64966],[120.95196,14.64984],[120.95215,14.64993]]],[[[120.94764,14.65039],[120.94764,14.65033],[120.94759,14.65039],[120.94764,14.65039]]],[[[120.94688,14.65107],[120.94735,14.65137],[120.94736,14.65065],[120.94688,14.65107]]],[[[120.94783,14.65238],[120.9479,14.65233],[120.94787,14.65232],[120.94783,14.65238]]],[[[120.94789,14.65311],[120.94762,14.65289],[120.94761,14.6531],[120.94789,14.65311]]],[[[120.94758,14.65148],[120.94788,14.65208],[120.94709,14.65329],[120.9479,14.65223],[120.94791,14.65148],[120.94758,14.65148]]],[[[120.94736,14.65325],[120.94738,14.65324],[120.94747,14.65324],[120.94747,14.65318],[120.94736,14.65325]]],[[[120.94733,14.65364],[120.94733,14.65344],[120.94723,14.65364],[120.94733,14.65364]]],[[[120.947,14.65405],[120.94694,14.65398],[120.94687,14.65405],[120.947,14.65405]]],[[[120.94932,14.65407],[120.94941,14.65452],[120.94951,14.65407],[120.94932,14.65407]]],[[[120.95479,14.65466],[120.95498,14.65448],[120.9548,14.65439],[120.95479,14.65466]]],[[[120.94624,14.65472],[120.94649,14.65445],[120.94677,14.65445],[120.94677,14.6542],[120.94656,14.65426],[120.94624,14.65472]]],[[[120.9462,14.65526],[120.9462,14.65473],[120.94593,14.65526],[120.9462,14.65526]]],[[[120.95283,14.65627],[120.95274,14.65608],[120.95274,14.65627],[120.95283,14.65627]]],[[[120.94538,14.65634],[120.94564,14.6558],[120.94592,14.6558],[120.94592,14.65527],[120.94556,14.65584],[120.94538,14.65634]]],[[[120.95218,14.65599],[120.95255,14.65626],[120.95246,14.65599],[120.95218,14.65599]]],[[[120.94535,14.65661],[120.94521,14.65652],[120.94518,14.65661],[120.94535,14.65661]]],[[[120.95357,14.65663],[120.95366,14.65673],[120.95366,14.65664],[120.95357,14.65663]]],[[[120.95357,14.65691],[120.95347,14.65672],[120.95347,14.6569],[120.95357,14.65691]]],[[[120.94488,14.65692],[120.94508,14.65661],[120.94502,14.65659],[120.94488,14.65692]]],[[[120.95375,14.65709],[120.95366,14.657],[120.95366,14.65709],[120.95375,14.65709]]],[[[120.95783,14.65694],[120.95765,14.65712],[120.95811,14.65731],[120.95783,14.65694]]],[[[120.94422,14.65748],[120.94479,14.65742],[120.94479,14.65693],[120.94422,14.65748]]],[[[120.95328,14.65781],[120.95301,14.65726],[120.95291,14.6578],[120.95328,14.65781]]],[[[120.94346,14.65822],[120.94367,14.65795],[120.94395,14.65777],[120.94382,14.65772],[120.94346,14.65822]]],[[[120.95281,14.65825],[120.95262,14.65852],[120.9529,14.65853],[120.95281,14.65825]]],[[[120.95383,14.65881],[120.95373,14.65871],[120.95373,14.6588],[120.95383,14.65881]]],[[[120.95299,14.65916],[120.9529,14.65907],[120.95289,14.65916],[120.95299,14.65916]]],[[[120.9528,14.65934],[120.95271,14.65925],[120.95271,14.65934],[120.9528,14.65934]]],[[[120.94287,14.65957],[120.94338,14.6593],[120.94339,14.65833],[120.94287,14.65957]]],[[[120.95298,14.65979],[120.95317,14.65952],[120.95289,14.65961],[120.95298,14.65979]]],[[[120.94234,14.65986],[120.94282,14.65984],[120.94282,14.65961],[120.94234,14.65986]]],[[[120.94116,14.66118],[120.94187,14.66037],[120.94166,14.66023],[120.94116,14.66118]]],[[[120.95352,14.66142],[120.95334,14.66115],[120.95325,14.66133],[120.95352,14.66142]]],[[[120.94113,14.66172],[120.94113,14.66122],[120.94076,14.66172],[120.94113,14.66172]]],[[[120.93935,14.66197],[120.93932,14.6619],[120.93932,14.66202],[120.93935,14.66197]]],[[[120.94038,14.66203],[120.94057,14.66199],[120.94057,14.66186],[120.94038,14.66203]]],[[[120.94007,14.66221],[120.94034,14.66207],[120.94014,14.66206],[120.94007,14.66221]]],[[[120.93918,14.66225],[120.93897,14.66201],[120.93908,14.66224],[120.93918,14.66225]]],[[[120.93996,14.6623],[120.94006,14.66223],[120.93991,14.6623],[120.93996,14.6623]]],[[[120.94637,14.66235],[120.94628,14.66217],[120.94627,14.66235],[120.94637,14.66235]]],[[[120.93978,14.66239],[120.93987,14.66232],[120.9397,14.66239],[120.93978,14.66239]]],[[[120.93788,14.66201],[120.93917,14.66279],[120.93784,14.66181],[120.93788,14.66201]]],[[[120.95165,14.66303],[120.95156,14.66294],[120.95156,14.66303],[120.95165,14.66303]]],[[[120.95592,14.66298],[120.95611,14.66307],[120.95611,14.66298],[120.95592,14.66298]]],[[[120.94738,14.66291],[120.9472,14.66317],[120.94738,14.66318],[120.94738,14.66291]]],[[[120.93972,14.66306],[120.93925,14.66306],[120.93972,14.66333],[120.93972,14.66306]]],[[[120.95508,14.66324],[120.95574,14.66298],[120.95509,14.66297],[120.95508,14.66324]]],[[[120.95202,14.66322],[120.95239,14.66331],[120.95239,14.66304],[120.95202,14.66322]]],[[[120.95527,14.6637],[120.95508,14.66333],[120.9549,14.6636],[120.95527,14.6637]]],[[[120.9387,14.66372],[120.93888,14.66369],[120.93874,14.66363],[120.9387,14.66372]]],[[[120.95601,14.66398],[120.95582,14.66415],[120.956,14.66425],[120.95601,14.66398]]],[[[120.93892,14.66473],[120.93915,14.66441],[120.93888,14.66398],[120.93864,14.66437],[120.93892,14.66473]]],[[[120.95117,14.66457],[120.95136,14.66466],[120.95164,14.66457],[120.95117,14.66457]]],[[[120.93874,14.66498],[120.93887,14.66495],[120.93887,14.66482],[120.93874,14.66498]]],[[[120.93859,14.66522],[120.93859,14.66517],[120.93852,14.66522],[120.93859,14.66522]]],[[[120.95692,14.66498],[120.95665,14.66498],[120.95692,14.66525],[120.95692,14.66498]]],[[[120.93811,14.66542],[120.93834,14.66522],[120.93827,14.66517],[120.93811,14.66542]]],[[[120.95051,14.66564],[120.95033,14.66546],[120.95033,14.66564],[120.95051,14.66564]]],[[[120.93808,14.6659],[120.93831,14.66576],[120.93831,14.66556],[120.93808,14.6659]]],[[[120.93788,14.66598],[120.93803,14.66603],[120.93803,14.66597],[120.93788,14.66598]]],[[[120.95988,14.66627],[120.96017,14.66591],[120.96026,14.66537],[120.95988,14.66627]]],[[[120.95988,14.66654],[120.95979,14.66636],[120.95979,14.66654],[120.95988,14.66654]]],[[[120.95023,14.66673],[120.95023,14.66627],[120.94995,14.66618],[120.94986,14.66663],[120.95023,14.66673]]],[[[120.93713,14.66659],[120.93774,14.66657],[120.93775,14.66628],[120.93713,14.66659]]],[[[120.95978,14.6669],[120.95969,14.66681],[120.95969,14.6669],[120.95978,14.6669]]],[[[120.95477,14.66704],[120.95553,14.66542],[120.95424,14.66468],[120.95357,14.66676],[120.95477,14.66704]]],[[[120.93718,14.66738],[120.9372,14.66692],[120.93682,14.66738],[120.93718,14.66738]]],[[[120.95143,14.66746],[120.95227,14.66674],[120.95219,14.66557],[120.95078,14.66691],[120.95143,14.66746]]],[[[120.95162,14.66656],[120.95144,14.66637],[120.95162,14.66638],[120.95162,14.66656]]],[[[120.95023,14.66673],[120.94957,14.66699],[120.94966,14.66735],[120.94901,14.66735],[120.94947,14.66762],[120.95004,14.667],[120.95041,14.66718],[120.95023,14.66673]]],[[[120.93649,14.66769],[120.93657,14.66764],[120.93662,14.66764],[120.93667,14.66756],[120.93649,14.66769]]],[[[120.93648,14.66778],[120.93648,14.66772],[120.93644,14.66778],[120.93648,14.66778]]],[[[120.95931,14.66771],[120.9595,14.6678],[120.9595,14.66753],[120.95931,14.66771]]],[[[120.9568,14.66823],[120.95746,14.6676],[120.95635,14.66678],[120.95634,14.66786],[120.9568,14.66823]]],[[[120.95021,14.66826],[120.94993,14.66844],[120.95021,14.66844],[120.95021,14.66826]]],[[[120.95634,14.66841],[120.95616,14.66777],[120.95569,14.66786],[120.95559,14.66831],[120.95634,14.66841]]],[[[120.95615,14.66877],[120.95745,14.66851],[120.95754,14.66833],[120.95661,14.66841],[120.95615,14.66877]]],[[[120.93524,14.66882],[120.93633,14.66818],[120.93638,14.66783],[120.93524,14.66882]]],[[[120.93521,14.66926],[120.93521,14.66901],[120.93496,14.66926],[120.93521,14.66926]]],[[[120.95085,14.66935],[120.95188,14.66846],[120.95189,14.66764],[120.95059,14.66754],[120.95085,14.66935]]],[[[120.95105,14.66827],[120.95096,14.66809],[120.95105,14.66809],[120.95105,14.66827]]],[[[120.93493,14.66953],[120.93493,14.66928],[120.93469,14.66952],[120.93493,14.66953]]],[[[120.93465,14.6698],[120.93465,14.66956],[120.93441,14.66979],[120.93465,14.6698]]],[[[120.95615,14.66877],[120.9554,14.66921],[120.95512,14.66984],[120.95549,14.66966],[120.95615,14.66877]]],[[[120.95066,14.66998],[120.95103,14.66981],[120.95066,14.6698],[120.95066,14.66998]]],[[[120.93437,14.67006],[120.93437,14.66984],[120.9341,14.67006],[120.93437,14.67006]]],[[[120.95066,14.67025],[120.95056,14.67016],[120.95056,14.67025],[120.95066,14.67025]]],[[[120.93409,14.67033],[120.93409,14.67007],[120.93383,14.67033],[120.93409,14.67033]]],[[[120.95808,14.6705],[120.95864,14.67023],[120.95856,14.66843],[120.95912,14.66816],[120.95717,14.66868],[120.95734,14.67004],[120.95808,14.6705]]],[[[120.93381,14.6706],[120.93381,14.67035],[120.93355,14.6706],[120.93381,14.6706]]],[[[120.9324,14.67167],[120.93268,14.6714],[120.93296,14.67141],[120.93353,14.67062],[120.93323,14.67085],[120.9324,14.67167]]],[[[120.94822,14.67285],[120.94804,14.67267],[120.94794,14.67285],[120.94822,14.67285]]],[[[120.94106,14.67387],[120.94097,14.67378],[120.94097,14.67387],[120.94106,14.67387]]],[[[120.95081,14.67423],[120.95118,14.6736],[120.95082,14.67306],[120.94914,14.67322],[120.95081,14.67423]]],[[[120.94998,14.67332],[120.94989,14.67314],[120.94998,14.67314],[120.94998,14.67332]]],[[[120.95256,14.67497],[120.95313,14.67407],[120.95313,14.67371],[120.95201,14.67451],[120.95256,14.67497]]],[[[120.94662,14.67564],[120.94643,14.67537],[120.94643,14.67564],[120.94662,14.67564]]],[[[120.9468,14.67573],[120.94671,14.67564],[120.94671,14.67573],[120.9468,14.67573]]],[[[120.94043,14.67662],[120.94016,14.67635],[120.94015,14.67662],[120.94043,14.67662]]],[[[120.9376,14.67673],[120.93751,14.67664],[120.93751,14.67673],[120.9376,14.67673]]],[[[120.93556,14.67672],[120.93528,14.6768],[120.93556,14.67681],[120.93556,14.67672]]],[[[120.93519,14.67689],[120.93509,14.6768],[120.93509,14.67689],[120.93519,14.67689]]],[[[120.93834,14.67728],[120.93815,14.67737],[120.93834,14.67746],[120.93834,14.67728]]],[[[120.93862,14.67738],[120.9388,14.67747],[120.9388,14.67738],[120.93862,14.67738]]],[[[120.94567,14.67735],[120.94604,14.67726],[120.94577,14.67717],[120.94567,14.67735]]],[[[120.92873,14.6776],[120.92873,14.67748],[120.92858,14.6776],[120.92873,14.6776]]],[[[120.93861,14.67765],[120.93843,14.67746],[120.93843,14.67774],[120.93861,14.67765]]],[[[120.93462,14.67779],[120.93453,14.6777],[120.93453,14.67779],[120.93462,14.67779]]],[[[120.94529,14.67789],[120.94585,14.67762],[120.94539,14.67753],[120.94529,14.67789]]],[[[120.94594,14.67816],[120.94585,14.67807],[120.94585,14.67816],[120.94594,14.67816]]],[[[120.9452,14.67834],[120.94483,14.67779],[120.94437,14.67788],[120.94455,14.67833],[120.9452,14.67834]]],[[[120.94557,14.67825],[120.94566,14.67843],[120.94576,14.67825],[120.94557,14.67825]]],[[[120.94557,14.67852],[120.94548,14.67843],[120.94547,14.67852],[120.94557,14.67852]]],[[[120.93824,14.67828],[120.93805,14.67846],[120.93823,14.67855],[120.93824,14.67828]]],[[[120.93795,14.67864],[120.93786,14.67854],[120.93786,14.67863],[120.93795,14.67864]]],[[[120.95067,14.67866],[120.95058,14.67848],[120.95058,14.67866],[120.95067,14.67866]]],[[[120.94538,14.6787],[120.9452,14.67852],[120.94519,14.67879],[120.94538,14.6787]]],[[[120.93628,14.67862],[120.93647,14.6788],[120.93647,14.67862],[120.93628,14.67862]]],[[[120.93684,14.67881],[120.93675,14.67872],[120.93675,14.67881],[120.93684,14.67881]]],[[[120.95559,14.67897],[120.95541,14.67843],[120.95485,14.6786],[120.95512,14.67897],[120.95559,14.67897]]],[[[120.93693,14.67899],[120.93684,14.6789],[120.93684,14.67899],[120.93693,14.67899]]],[[[120.93609,14.67925],[120.93591,14.67871],[120.93563,14.67907],[120.93609,14.67925]]],[[[120.94594,14.67807],[120.9465,14.67754],[120.94575,14.6787],[120.94667,14.67925],[120.94771,14.67719],[120.94893,14.67656],[120.95033,14.67495],[120.94997,14.67422],[120.94877,14.67331],[120.94812,14.67348],[120.94594,14.67807]]],[[[120.9467,14.67691],[120.9466,14.67681],[120.9467,14.67682],[120.9467,14.67691]]],[[[120.93377,14.67923],[120.93405,14.67941],[120.93396,14.67914],[120.93377,14.67923]]],[[[120.93386,14.6795],[120.93377,14.67941],[120.93377,14.6795],[120.93386,14.6795]]],[[[120.94454,14.67915],[120.94472,14.67942],[120.94482,14.67906],[120.94454,14.67915]]],[[[120.93479,14.67951],[120.9347,14.67942],[120.9347,14.67951],[120.93479,14.67951]]],[[[120.94444,14.6796],[120.94435,14.67951],[120.94435,14.6796],[120.94444,14.6796]]],[[[120.93581,14.67952],[120.93544,14.67952],[120.93581,14.6797],[120.93581,14.67952]]],[[[120.93739,14.67981],[120.93748,14.6799],[120.93748,14.67981],[120.93739,14.67981]]],[[[120.93497,14.67978],[120.93525,14.67988],[120.93525,14.67979],[120.93497,14.67978]]],[[[120.93738,14.67999],[120.93729,14.67989],[120.93729,14.67999],[120.93738,14.67999]]],[[[120.93571,14.68006],[120.93562,14.67997],[120.93562,14.68006],[120.93571,14.68006]]],[[[120.93952,14.68028],[120.93942,14.68018],[120.93942,14.68028],[120.93952,14.68028]]],[[[120.93655,14.68043],[120.93645,14.68034],[120.93645,14.68043],[120.93655,14.68043]]],[[[120.93367,14.6805],[120.93358,14.68031],[120.93348,14.68049],[120.93367,14.6805]]],[[[120.93524,14.68078],[120.93534,14.68033],[120.93515,14.6806],[120.93442,14.67987],[120.93524,14.68078]]],[[[120.93589,14.68079],[120.93571,14.6806],[120.93561,14.68078],[120.93589,14.68079]]],[[[120.94007,14.68082],[120.93998,14.68073],[120.93998,14.68082],[120.94007,14.68082]]],[[[120.9345,14.68086],[120.93441,14.68068],[120.93441,14.68086],[120.9345,14.68086]]],[[[120.93505,14.68114],[120.93468,14.68087],[120.93477,14.68114],[120.93505,14.68114]]],[[[120.93904,14.68118],[120.93942,14.68082],[120.93895,14.68081],[120.93904,14.68118]]],[[[120.9357,14.68106],[120.93542,14.68114],[120.93579,14.68133],[120.9357,14.68106]]],[[[120.9435,14.68149],[120.94378,14.68104],[120.9447,14.68141],[120.9463,14.67934],[120.94547,14.67879],[120.94416,14.68041],[120.94416,14.68005],[120.94323,14.68013],[120.9436,14.6804],[120.9435,14.68149]]],[[[120.94406,14.68068],[120.94397,14.68059],[120.94406,14.68059],[120.94406,14.68068]]],[[[120.9344,14.68122],[120.93468,14.68132],[120.93468,14.68123],[120.9344,14.68122]]],[[[120.94758,14.68143],[120.94767,14.68152],[120.94767,14.68143],[120.94758,14.68143]]],[[[120.94758,14.6817],[120.94749,14.68152],[120.94749,14.6817],[120.94758,14.6817]]],[[[120.94749,14.68179],[120.94739,14.6817],[120.94739,14.68179],[120.94749,14.68179]]],[[[120.93802,14.68171],[120.93774,14.68189],[120.93802,14.68189],[120.93802,14.68171]]],[[[120.93867,14.68189],[120.93876,14.68181],[120.93867,14.6818],[120.93867,14.68189]]],[[[120.93811,14.68189],[120.93802,14.68198],[120.93811,14.68198],[120.93811,14.68189]]],[[[120.93894,14.68199],[120.93876,14.68208],[120.93894,14.68208],[120.93894,14.68199]]],[[[120.94303,14.68193],[120.94331,14.68194],[120.94331,14.68157],[120.94303,14.68193]]],[[[120.9472,14.68206],[120.9473,14.68215],[120.9473,14.68206],[120.9472,14.68206]]],[[[120.9472,14.68224],[120.94711,14.68215],[120.94711,14.68224],[120.9472,14.68224]]],[[[120.95454,14.68231],[120.95444,14.68222],[120.95444,14.68231],[120.95454,14.68231]]],[[[120.95472,14.68231],[120.95584,14.68223],[120.95584,14.68205],[120.95492,14.6815],[120.95472,14.68231]]],[[[120.94275,14.68211],[120.94293,14.68238],[120.94293,14.68211],[120.94275,14.68211]]],[[[120.93504,14.68222],[120.93439,14.68222],[120.93513,14.68241],[120.93504,14.68222]]],[[[120.94674,14.68233],[120.94824,14.68017],[120.9503,14.67874],[120.95012,14.67847],[120.94789,14.67782],[120.94686,14.67926],[120.94695,14.67998],[120.94564,14.6806],[120.94554,14.68168],[120.94674,14.68233]]],[[[120.94711,14.68242],[120.94702,14.68233],[120.94702,14.68242],[120.94711,14.68242]]],[[[120.93977,14.68254],[120.94099,14.68192],[120.94081,14.68047],[120.94025,14.68082],[120.93997,14.68173],[120.94038,14.68177],[120.93978,14.6819],[120.93977,14.68254]]],[[[120.94067,14.6811],[120.94062,14.68092],[120.94067,14.68092],[120.94067,14.6811]]],[[[120.94701,14.68278],[120.94692,14.68251],[120.94692,14.68278],[120.94701,14.68278]]],[[[120.94265,14.68238],[120.94209,14.68256],[120.942,14.68283],[120.94219,14.68283],[120.94265,14.68238]]],[[[120.93911,14.68389],[120.93902,14.6838],[120.93902,14.68389],[120.93911,14.68389]]],[[[120.92547,14.68386],[120.92612,14.68314],[120.92561,14.68286],[120.9259,14.68222],[120.92553,14.68288],[120.92547,14.68386]]],[[[120.92575,14.683],[120.92566,14.68295],[120.92575,14.68295],[120.92575,14.683]]],[[[120.92537,14.68404],[120.92537,14.68397],[120.92533,14.68404],[120.92537,14.68404]]],[[[120.93975,14.68462],[120.93966,14.68452],[120.93966,14.68461],[120.93975,14.68462]]],[[[120.92483,14.68462],[120.92532,14.68435],[120.92533,14.68404],[120.92483,14.68462]]],[[[120.92476,14.68489],[120.92476,14.6847],[120.92458,14.68489],[120.92476,14.68489]]],[[[120.92448,14.68516],[120.92448,14.68499],[120.92431,14.68516],[120.92448,14.68516]]],[[[120.94959,14.68524],[120.95062,14.68417],[120.9522,14.68346],[120.95193,14.68274],[120.95352,14.68176],[120.9539,14.68058],[120.95529,14.68114],[120.95594,14.68069],[120.95568,14.67942],[120.95428,14.67977],[120.95475,14.67933],[120.95448,14.67851],[120.95495,14.67779],[120.95394,14.67634],[120.95532,14.67761],[120.95653,14.67726],[120.95736,14.67772],[120.95858,14.67638],[120.95859,14.67566],[120.9571,14.67582],[120.95368,14.67453],[120.95255,14.67596],[120.95115,14.67658],[120.95095,14.67857],[120.94852,14.68063],[120.9472,14.6826],[120.94775,14.6836],[120.94849,14.68352],[120.94959,14.68524]]],[[[120.94007,14.6853],[120.9398,14.68475],[120.93896,14.68474],[120.93924,14.68529],[120.94007,14.6853]]],[[[120.9242,14.68543],[120.9242,14.68527],[120.92406,14.68542],[120.9242,14.68543]]],[[[120.94031,14.68498],[120.94035,14.68557],[120.94068,14.68517],[120.94031,14.68498]]],[[[120.94559,14.68557],[120.94774,14.68469],[120.94783,14.68424],[120.94682,14.6835],[120.94664,14.68251],[120.94498,14.68204],[120.94552,14.68331],[120.94404,14.68276],[120.94356,14.68447],[120.94468,14.68457],[120.94559,14.68557]]],[[[120.92392,14.68569],[120.92392,14.68556],[120.92378,14.68569],[120.92392,14.68569]]],[[[120.92364,14.68596],[120.92364,14.68583],[120.92351,14.68596],[120.92364,14.68596]]],[[[120.94541,14.68593],[120.9455,14.68602],[120.9455,14.68593],[120.94541,14.68593]]],[[[120.9454,14.68611],[120.94531,14.68602],[120.94531,14.68611],[120.9454,14.68611]]],[[[120.92336,14.68623],[120.92336,14.68611],[120.92323,14.68623],[120.92336,14.68623]]],[[[120.94522,14.68638],[120.94512,14.68629],[120.94512,14.68638],[120.94522,14.68638]]],[[[120.92307,14.6865],[120.92308,14.68638],[120.92295,14.6865],[120.92307,14.6865]]],[[[120.92279,14.68677],[120.92279,14.68664],[120.92266,14.68677],[120.92279,14.68677]]],[[[120.92251,14.68704],[120.92251,14.68691],[120.92239,14.68704],[120.92251,14.68704]]],[[[120.94298,14.68717],[120.94354,14.687],[120.94382,14.68646],[120.94308,14.68663],[120.94298,14.68717]]],[[[120.92223,14.68731],[120.92223,14.68719],[120.92211,14.6873],[120.92223,14.68731]]],[[[120.92195,14.68757],[120.92195,14.68745],[120.92182,14.68757],[120.92195,14.68757]]],[[[120.94019,14.6876],[120.9401,14.68751],[120.9401,14.6876],[120.94019,14.6876]]],[[[120.92167,14.68784],[120.92167,14.68771],[120.92153,14.68784],[120.92167,14.68784]]],[[[120.94297,14.6879],[120.94335,14.68772],[120.94297,14.68781],[120.94297,14.6879]]],[[[120.94,14.68787],[120.93982,14.68796],[120.94,14.68805],[120.94,14.68787]]],[[[120.92139,14.68811],[120.92139,14.68797],[120.92124,14.68811],[120.92139,14.68811]]],[[[120.94548,14.68828],[120.94529,14.6881],[120.94529,14.68828],[120.94548,14.68828]]],[[[120.94019,14.68814],[120.94028,14.68833],[120.94028,14.68814],[120.94019,14.68814]]],[[[120.92134,14.68834],[120.92125,14.68825],[120.92125,14.68834],[120.92134,14.68834]]],[[[120.92111,14.68838],[120.92111,14.68822],[120.92093,14.68838],[120.92111,14.68838]]],[[[120.94018,14.68841],[120.94009,14.68832],[120.94009,14.68841],[120.94018,14.68841]]],[[[120.93962,14.68859],[120.93953,14.6885],[120.93953,14.68859],[120.93962,14.68859]]],[[[120.92083,14.68865],[120.92083,14.68847],[120.9206,14.68865],[120.92083,14.68865]]],[[[120.92106,14.68852],[120.92124,14.6887],[120.92124,14.68852],[120.92106,14.68852]]],[[[120.93953,14.68886],[120.93944,14.68868],[120.93934,14.68886],[120.93953,14.68886]]],[[[120.94056,14.68742],[120.94269,14.6888],[120.94278,14.68817],[120.94204,14.68816],[120.94223,14.68771],[120.94168,14.68734],[120.94121,14.68752],[120.9415,14.6868],[120.94113,14.68662],[120.94056,14.68742]]],[[[120.92054,14.68892],[120.92055,14.68868],[120.92028,14.68891],[120.92054,14.68892]]],[[[120.9205,14.68905],[120.92096,14.68906],[120.92096,14.68897],[120.9205,14.68905]]],[[[120.94259,14.68943],[120.9425,14.68925],[120.94249,14.68943],[120.94259,14.68943]]],[[[120.94314,14.68953],[120.94324,14.68957],[120.94324,14.68953],[120.94314,14.68953]]],[[[120.91942,14.68972],[120.91942,14.68964],[120.91933,14.68972],[120.91942,14.68972]]],[[[120.93924,14.68985],[120.93934,14.68976],[120.93924,14.68976],[120.93924,14.68985]]],[[[120.94936,14.68976],[120.95039,14.68905],[120.9491,14.68813],[120.94901,14.68741],[120.94957,14.68687],[120.94884,14.68623],[120.94912,14.68551],[120.94839,14.68478],[120.94773,14.68559],[120.9454,14.68647],[120.94566,14.68855],[120.94649,14.68928],[120.94778,14.68966],[120.94835,14.68912],[120.94936,14.68976]]],[[[120.93952,14.68985],[120.93933,14.68994],[120.93952,14.68994],[120.93952,14.68985]]],[[[120.91914,14.68999],[120.91914,14.68987],[120.91903,14.68999],[120.91914,14.68999]]],[[[120.94211,14.69051],[120.94211,14.69069],[120.94228,14.69051],[120.94211,14.69051]]],[[[120.94202,14.6908],[120.94192,14.69078],[120.94192,14.6909],[120.94202,14.6908]]],[[[120.91774,14.69106],[120.91765,14.69095],[120.91755,14.69106],[120.91774,14.69106]]],[[[120.93439,14.69207],[120.93421,14.69189],[120.93421,14.69207],[120.93439,14.69207]]],[[[120.94052,14.69224],[120.94033,14.69221],[120.94033,14.6923],[120.94052,14.69224]]],[[[120.916,14.6924],[120.91595,14.69236],[120.91594,14.6924],[120.916,14.6924]]],[[[120.93998,14.69275],[120.93986,14.69275],[120.93986,14.69284],[120.93998,14.69275]]],[[[120.91535,14.69294],[120.91549,14.69286],[120.91531,14.69288],[120.91535,14.69294]]],[[[120.93336,14.69314],[120.93318,14.69296],[120.93308,14.69314],[120.93336,14.69314]]],[[[120.91521,14.69321],[120.91521,14.69315],[120.91516,14.69321],[120.91521,14.69321]]],[[[120.93289,14.69359],[120.93271,14.69341],[120.93271,14.69359],[120.93289,14.69359]]],[[[120.9386,14.69409],[120.93846,14.69409],[120.93846,14.69418],[120.9386,14.69409]]],[[[120.93824,14.69445],[120.93818,14.69436],[120.93818,14.69445],[120.93824,14.69445]]],[[[120.93815,14.69454],[120.93808,14.69454],[120.93808,14.6946],[120.93815,14.69454]]],[[[120.93805,14.69463],[120.93799,14.69463],[120.93799,14.69469],[120.93805,14.69463]]],[[[120.93796,14.69472],[120.9379,14.69472],[120.9379,14.69478],[120.93796,14.69472]]],[[[120.92499,14.69479],[120.9249,14.6946],[120.9249,14.69478],[120.92499,14.69479]]],[[[120.91281,14.69496],[120.91297,14.69499],[120.91296,14.69485],[120.91281,14.69496]]],[[[120.91272,14.69504],[120.91267,14.69505],[120.91276,14.69508],[120.91272,14.69504]]],[[[120.9248,14.69515],[120.92471,14.69505],[120.92471,14.69514],[120.9248,14.69515]]],[[[120.91269,14.69522],[120.91269,14.69513],[120.91265,14.69518],[120.91269,14.69522]]],[[[120.92452,14.69514],[120.92462,14.69523],[120.92462,14.69514],[120.92452,14.69514]]],[[[120.93724,14.69533],[120.93745,14.69517],[120.93734,14.69517],[120.93724,14.69533]]],[[[120.91269,14.69531],[120.91261,14.69535],[120.91269,14.69535],[120.91269,14.69531]]],[[[120.93722,14.69535],[120.93715,14.69535],[120.93715,14.6954],[120.93722,14.69535]]],[[[120.92405,14.69577],[120.92424,14.69523],[120.92387,14.69577],[120.92405,14.69577]]],[[[120.93628,14.69606],[120.93621,14.69606],[120.93621,14.69611],[120.93628,14.69606]]],[[[120.92387,14.69595],[120.92368,14.69586],[120.92368,14.69613],[120.92387,14.69595]]],[[[120.91156,14.69616],[120.91157,14.69599],[120.91141,14.69615],[120.91156,14.69616]]],[[[120.92368,14.69631],[120.92359,14.69613],[120.92358,14.69631],[120.92368,14.69631]]],[[[120.91268,14.69589],[120.91215,14.69562],[120.91268,14.69632],[120.91268,14.69589]]],[[[120.911,14.69642],[120.91129,14.6962],[120.91088,14.69642],[120.911,14.69642]]],[[[120.9125,14.69644],[120.9124,14.6963],[120.9124,14.69643],[120.9125,14.69644]]],[[[120.91268,14.69644],[120.9126,14.69637],[120.91257,14.69644],[120.91268,14.69644]]],[[[120.93593,14.69633],[120.93575,14.69633],[120.93574,14.69647],[120.93593,14.69633]]],[[[120.91072,14.69669],[120.91072,14.69662],[120.91059,14.69669],[120.91072,14.69669]]],[[[120.93546,14.69669],[120.93537,14.69669],[120.93537,14.69676],[120.93546,14.69669]]],[[[120.93535,14.69678],[120.93528,14.69677],[120.93528,14.69683],[120.93535,14.69678]]],[[[120.93499,14.69704],[120.9349,14.69704],[120.9349,14.69711],[120.93499,14.69704]]],[[[120.93488,14.69713],[120.93481,14.69713],[120.93481,14.69718],[120.93488,14.69713]]],[[[120.93462,14.69722],[120.93472,14.69725],[120.93476,14.69722],[120.93462,14.69722]]],[[[120.93406,14.69758],[120.93416,14.69767],[120.93416,14.69758],[120.93406,14.69758]]],[[[120.91122,14.69801],[120.91122,14.69796],[120.91117,14.698],[120.91122,14.69801]]],[[[120.91113,14.69809],[120.91113,14.69804],[120.91106,14.69809],[120.91113,14.69809]]],[[[120.93406,14.69777],[120.93369,14.69784],[120.93369,14.69817],[120.93406,14.69777]]],[[[120.93365,14.69821],[120.93359,14.69821],[120.93359,14.69827],[120.93365,14.69821]]],[[[120.90904,14.6983],[120.90904,14.69826],[120.90898,14.6983],[120.90904,14.6983]]],[[[120.90876,14.69857],[120.90876,14.69847],[120.90859,14.69857],[120.90876,14.69857]]],[[[120.93303,14.69847],[120.93322,14.69856],[120.93322,14.69838],[120.93303,14.69847]]],[[[120.93326,14.69865],[120.93312,14.69874],[120.93312,14.6988],[120.93326,14.69865]]],[[[120.90848,14.69884],[120.90848,14.69874],[120.9083,14.69884],[120.90848,14.69884]]],[[[120.90819,14.69911],[120.9082,14.69898],[120.90802,14.69911],[120.90819,14.69911]]],[[[120.92114,14.69927],[120.92105,14.69918],[120.92105,14.69927],[120.92114,14.69927]]],[[[120.90771,14.69937],[120.90791,14.69928],[120.90771,14.69936],[120.90771,14.69937]]],[[[120.90713,14.69991],[120.90735,14.69964],[120.90763,14.69964],[120.90763,14.69943],[120.90761,14.69956],[120.90736,14.69962],[120.90713,14.69991]]],[[[120.90707,14.70018],[120.90707,14.70004],[120.90696,14.70018],[120.90707,14.70018]]],[[[120.90671,14.70045],[120.90679,14.70035],[120.9067,14.70037],[120.90671,14.70045]]],[[[120.90651,14.70072],[120.90651,14.70056],[120.9064,14.70071],[120.90651,14.70072]]],[[[120.93088,14.7008],[120.93144,14.70072],[120.93209,14.69991],[120.93191,14.69991],[120.93088,14.7008]]],[[[120.90803,14.70141],[120.91,14.69962],[120.91104,14.69811],[120.90727,14.70113],[120.90803,14.70141]]],[[[120.90794,14.70123],[120.90785,14.70105],[120.90794,14.70105],[120.90794,14.70123]]],[[[120.93088,14.7008],[120.92975,14.70161],[120.92966,14.70178],[120.9305,14.70179],[120.93088,14.7008]]],[[[120.92956,14.70224],[120.92947,14.70187],[120.92928,14.70223],[120.92956,14.70224]]],[[[120.92975,14.70215],[120.92966,14.70224],[120.92975,14.70224],[120.92975,14.70215]]],[[[120.90849,14.70241],[120.90841,14.70241],[120.90849,14.70247],[120.90849,14.70241]]],[[[120.90876,14.70259],[120.90852,14.7025],[120.90876,14.7027],[120.90876,14.70259]]],[[[120.90904,14.70286],[120.90897,14.70286],[120.90904,14.70292],[120.90904,14.70286]]],[[[120.94533,14.70355],[120.94542,14.70391],[120.94607,14.7041],[120.94607,14.70392],[120.94533,14.70355]]],[[[120.92676,14.70429],[120.92667,14.7042],[120.92667,14.70429],[120.92676,14.70429]]],[[[120.91181,14.70452],[120.91176,14.70452],[120.91181,14.70457],[120.91181,14.70452]]],[[[120.9119,14.70461],[120.91184,14.70461],[120.9119,14.70468],[120.9119,14.70461]]],[[[120.91199,14.7047],[120.91192,14.7047],[120.91199,14.70478],[120.91199,14.7047]]],[[[120.926,14.70563],[120.92638,14.70535],[120.92643,14.70528],[120.9261,14.70528],[120.926,14.70563]]],[[[120.94411,14.70571],[120.94392,14.70589],[120.9442,14.70589],[120.94411,14.70571]]],[[[120.91328,14.70625],[120.91323,14.70625],[120.91328,14.7063],[120.91328,14.70625]]],[[[120.91401,14.70707],[120.91397,14.70707],[120.91401,14.70712],[120.91401,14.70707]]],[[[120.91411,14.70716],[120.91404,14.70716],[120.9141,14.70724],[120.91411,14.70716]]],[[[120.92334,14.70869],[120.92413,14.70761],[120.92518,14.70644],[120.92319,14.70823],[120.92334,14.70869]]],[[[120.91963,14.7119],[120.92179,14.71003],[120.92179,14.70985],[120.92038,14.71083],[120.91963,14.7119]]],[[[120.91796,14.71225],[120.91805,14.71216],[120.91777,14.71216],[120.91796,14.71225]]],[[[120.91814,14.71225],[120.91805,14.7123],[120.91814,14.71234],[120.91814,14.71225]]],[[[120.91184,14.70135],[120.91129,14.70108],[120.90923,14.70305],[120.91144,14.70397],[120.91309,14.7061],[120.91439,14.70698],[120.91411,14.70725],[120.91511,14.70861],[120.91454,14.71069],[120.91471,14.71195],[120.91582,14.71241],[120.91731,14.71189],[120.91861,14.71208],[120.92198,14.70913],[120.92217,14.7085],[120.91663,14.70573],[120.91803,14.70475],[120.91952,14.70431],[120.92055,14.70306],[120.92307,14.70155],[120.91989,14.7045],[120.91849,14.70503],[120.92395,14.70688],[120.92639,14.70401],[120.92483,14.7021],[120.92372,14.70146],[120.92391,14.70101],[120.9252,14.70175],[120.92695,14.70402],[120.92733,14.70265],[120.92882,14.7025],[120.92781,14.7015],[120.92901,14.70205],[120.93238,14.6991],[120.93369,14.6973],[120.93781,14.69445],[120.94052,14.69167],[120.94025,14.69113],[120.94081,14.69131],[120.941,14.69077],[120.94165,14.69069],[120.94156,14.69005],[120.94258,14.6897],[120.94213,14.68879],[120.94056,14.68806],[120.94027,14.68869],[120.94083,14.68896],[120.94018,14.68905],[120.94045,14.6895],[120.93989,14.68968],[120.9397,14.69067],[120.93841,14.68957],[120.93794,14.69011],[120.93664,14.6901],[120.93672,14.691],[120.93617,14.69073],[120.93569,14.69235],[120.93363,14.6945],[120.93317,14.69414],[120.93269,14.69549],[120.92904,14.6988],[120.92858,14.69843],[120.93055,14.69619],[120.93065,14.69547],[120.93177,14.69503],[120.9329,14.6926],[120.93375,14.6917],[120.93514,14.69153],[120.9358,14.69018],[120.93664,14.68992],[120.93693,14.68893],[120.93758,14.68875],[120.93946,14.68669],[120.93946,14.68597],[120.93733,14.68568],[120.93565,14.68711],[120.93266,14.6888],[120.93043,14.68959],[120.92865,14.69111],[120.92669,14.69146],[120.92529,14.69253],[120.92642,14.69127],[120.92902,14.69066],[120.93024,14.68941],[120.93518,14.68711],[120.93724,14.68541],[120.93891,14.68569],[120.93826,14.68542],[120.93869,14.68461],[120.93966,14.68443],[120.94191,14.68292],[120.93874,14.68424],[120.93837,14.68388],[120.93857,14.68235],[120.9382,14.68216],[120.93791,14.68324],[120.93709,14.68215],[120.93821,14.68153],[120.93793,14.68126],[120.93877,14.68108],[120.93859,14.68027],[120.93906,14.67932],[120.94019,14.67829],[120.93992,14.67666],[120.94031,14.67531],[120.94241,14.67339],[120.94219,14.6723],[120.94495,14.66989],[120.94548,14.6684],[120.94669,14.66742],[120.94858,14.66427],[120.94878,14.66219],[120.94944,14.66184],[120.94917,14.66021],[120.95038,14.6553],[120.95108,14.65481],[120.95209,14.65545],[120.95122,14.65422],[120.95263,14.65247],[120.95425,14.65312],[120.95591,14.65467],[120.95572,14.65521],[120.95526,14.65475],[120.95432,14.6551],[120.95395,14.65591],[120.95403,14.65664],[120.9545,14.65673],[120.95412,14.65718],[120.95477,14.65755],[120.95505,14.65665],[120.95431,14.65637],[120.95478,14.65619],[120.95441,14.65574],[120.95525,14.65593],[120.95571,14.65539],[120.95493,14.66026],[120.95317,14.65979],[120.9539,14.66079],[120.95464,14.66098],[120.95246,14.66575],[120.95262,14.66864],[120.95299,14.66874],[120.95251,14.67009],[120.95268,14.67181],[120.95359,14.67407],[120.95591,14.67482],[120.95878,14.6752],[120.96139,14.67441],[120.96074,14.67405],[120.95841,14.67457],[120.95434,14.67372],[120.95351,14.67317],[120.95297,14.67154],[120.95339,14.66603],[120.95547,14.66189],[120.95589,14.65675],[120.95656,14.65458],[120.95652,14.65372],[120.95362,14.65121],[120.95629,14.6483],[120.95578,14.64825],[120.95264,14.65148],[120.95126,14.65042],[120.95056,14.65073],[120.94876,14.64981],[120.94849,14.64918],[120.94905,14.64851],[120.94822,14.64769],[120.94759,14.64768],[120.94862,14.64847],[120.94792,14.65026],[120.94834,14.65035],[120.94832,14.65153],[120.94851,14.65108],[120.94916,14.65144],[120.94945,14.65072],[120.95056,14.65082],[120.95176,14.65138],[120.95213,14.6521],[120.95156,14.65309],[120.95072,14.65327],[120.95053,14.65444],[120.94997,14.65407],[120.95006,14.65489],[120.9494,14.65615],[120.94856,14.65614],[120.9493,14.65687],[120.94873,14.65768],[120.94891,14.65885],[120.94806,14.65984],[120.94713,14.6601],[120.94815,14.66029],[120.94843,14.65993],[120.94824,14.66056],[120.9488,14.66084],[120.94666,14.661],[120.94619,14.66154],[120.94684,14.66145],[120.94692,14.66263],[120.94794,14.66273],[120.94775,14.66354],[120.94701,14.66362],[120.94746,14.66462],[120.94551,14.6647],[120.94699,14.66525],[120.94625,14.66552],[120.94651,14.66687],[120.9453,14.6675],[120.94501,14.66822],[120.94455,14.66812],[120.94473,14.66907],[120.94342,14.6701],[120.94341,14.67069],[120.9424,14.67027],[120.94276,14.67136],[120.94211,14.67099],[120.94118,14.67162],[120.94117,14.67225],[120.94062,14.67179],[120.94006,14.67233],[120.93866,14.6725],[120.93651,14.67438],[120.93586,14.67419],[120.93502,14.67509],[120.93418,14.67517],[120.93418,14.67562],[120.93353,14.67525],[120.93343,14.67579],[120.93232,14.67587],[120.9307,14.67518],[120.93071,14.6741],[120.93127,14.67383],[120.9324,14.67167],[120.93191,14.67194],[120.9305,14.67408],[120.93054,14.67517],[120.93296,14.67705],[120.93323,14.67769],[120.93262,14.67818],[120.93291,14.67737],[120.93093,14.6759],[120.93105,14.67621],[120.92971,14.67664],[120.92787,14.67833],[120.9264,14.6808],[120.92655,14.68144],[120.92612,14.68192],[120.92646,14.68165],[120.9266,14.68188],[120.92613,14.6826],[120.92668,14.68278],[120.92612,14.68377],[120.92171,14.68888],[120.92124,14.68897],[120.92087,14.68924],[120.92124,14.68942],[120.92067,14.69005],[120.92012,14.6895],[120.91853,14.69075],[120.9174,14.69114],[120.91741,14.69146],[120.91711,14.69138],[120.91715,14.69149],[120.91703,14.69147],[120.91705,14.69156],[120.91694,14.69154],[120.91685,14.69164],[120.91717,14.69291],[120.91843,14.69174],[120.91862,14.69175],[120.91916,14.69256],[120.91944,14.69257],[120.91973,14.69216],[120.92019,14.6919],[120.92038,14.69194],[120.91935,14.69284],[120.91824,14.6921],[120.91674,14.69381],[120.91309,14.69646],[120.91281,14.69721],[120.91465,14.69912],[120.9152,14.69913],[120.91194,14.7009],[120.91184,14.70135]]],[[[120.91592,14.70184],[120.91601,14.70202],[120.91611,14.70184],[120.91592,14.70184]]],[[[120.91582,14.70211],[120.91573,14.70202],[120.91573,14.70211],[120.91582,14.70211]]],[[[120.91611,14.70175],[120.91629,14.70185],[120.91629,14.70176],[120.91611,14.70175]]],[[[120.91629,14.70167],[120.91639,14.70176],[120.91639,14.70167],[120.91629,14.70167]]],[[[120.91576,14.6994],[120.91566,14.69949],[120.91576,14.69949],[120.91576,14.6994]]],[[[120.91557,14.6994],[120.91567,14.69922],[120.91548,14.69922],[120.91557,14.6994]]],[[[120.91585,14.69949],[120.91576,14.69958],[120.91585,14.69958],[120.91585,14.69949]]],[[[120.91594,14.69958],[120.91585,14.69967],[120.91594,14.69967],[120.91594,14.69958]]],[[[120.91603,14.69967],[120.91594,14.69976],[120.91603,14.69977],[120.91603,14.69967]]],[[[120.91603,14.69977],[120.91649,14.70049],[120.91695,14.70086],[120.91659,14.70013],[120.91603,14.69977]]],[[[120.91695,14.70086],[120.91695,14.70131],[120.91713,14.70131],[120.91723,14.70104],[120.91695,14.70086]]],[[[120.91695,14.7014],[120.91685,14.70131],[120.91685,14.7014],[120.91695,14.7014]]],[[[120.91676,14.70158],[120.91667,14.7014],[120.91657,14.70158],[120.91676,14.70158]]],[[[120.91657,14.70167],[120.91648,14.70158],[120.91648,14.70167],[120.91657,14.70167]]],[[[120.91202,14.70163],[120.91212,14.70172],[120.91202,14.70172],[120.91202,14.70163]]],[[[120.92058,14.70044],[120.92169,14.70081],[120.92114,14.69945],[120.92199,14.69792],[120.92357,14.69766],[120.92396,14.69604],[120.92546,14.6947],[120.92509,14.69406],[120.92444,14.69415],[120.92462,14.69496],[120.9234,14.69586],[120.92348,14.6973],[120.92283,14.69748],[120.9233,14.6973],[120.92339,14.69712],[120.9233,14.69694],[120.92172,14.69765],[120.92077,14.69899],[120.92058,14.70044]]],[[[120.92058,14.70044],[120.9202,14.70053],[120.91992,14.70088],[120.92039,14.70071],[120.92058,14.70044]]],[[[120.92068,14.69899],[120.92078,14.6989],[120.92068,14.6989],[120.92068,14.69899]]],[[[120.91733,14.70041],[120.91742,14.7005],[120.91733,14.7005],[120.91733,14.70041]]],[[[120.91955,14.70061],[120.91964,14.7007],[120.91955,14.7007],[120.91955,14.70061]]],[[[120.92717,14.70041],[120.92726,14.70014],[120.92726,14.70041],[120.92717,14.70041]]],[[[120.92736,14.70005],[120.92754,14.69969],[120.92745,14.70005],[120.92736,14.70005]]],[[[120.92764,14.69969],[120.92773,14.69933],[120.92811,14.69915],[120.92801,14.6996],[120.92764,14.69969]]],[[[120.91412,14.69586],[120.91421,14.69604],[120.91421,14.69586],[120.91412,14.69586]]],[[[120.91412,14.69613],[120.91407,14.69604],[120.91407,14.69613],[120.91412,14.69613]]],[[[120.91421,14.69577],[120.91431,14.69586],[120.91431,14.69577],[120.91421,14.69577]]],[[[120.91431,14.69568],[120.9144,14.69577],[120.9144,14.69568],[120.91431,14.69568]]],[[[120.9144,14.69559],[120.91449,14.69569],[120.91449,14.69559],[120.9144,14.69559]]],[[[120.9153,14.69858],[120.9166,14.69841],[120.91651,14.69796],[120.9181,14.69725],[120.91893,14.69762],[120.91904,14.69636],[120.91979,14.69564],[120.91866,14.69636],[120.91884,14.69744],[120.91829,14.69698],[120.91745,14.69716],[120.9153,14.69858]]],[[[120.9153,14.69867],[120.91521,14.69858],[120.91521,14.69867],[120.9153,14.69867]]],[[[120.91994,14.69854],[120.92041,14.69827],[120.92068,14.69881],[120.9205,14.69881],[120.91994,14.69854]]],[[[120.91808,14.69879],[120.91818,14.69888],[120.91808,14.69888],[120.91808,14.69879]]],[[[120.9192,14.69808],[120.91911,14.69799],[120.91921,14.69799],[120.9192,14.69808]]],[[[120.91327,14.69712],[120.91318,14.69721],[120.91327,14.69721],[120.91327,14.69712]]],[[[120.91309,14.69712],[120.91318,14.69703],[120.91309,14.69703],[120.91309,14.69712]]],[[[120.91346,14.6973],[120.91327,14.69739],[120.91346,14.69739],[120.91346,14.6973]]],[[[120.91373,14.6974],[120.91429,14.69767],[120.91502,14.69858],[120.91456,14.69858],[120.91373,14.6974]]],[[[120.9153,14.69895],[120.91539,14.69904],[120.9153,14.69904],[120.9153,14.69895]]],[[[120.91845,14.69915],[120.91836,14.69924],[120.91845,14.69924],[120.91845,14.69915]]],[[[120.91827,14.69915],[120.91836,14.69897],[120.91827,14.69897],[120.91827,14.69915]]],[[[120.91873,14.69943],[120.91863,14.69952],[120.91873,14.69952],[120.91873,14.69943]]],[[[120.91854,14.69943],[120.91864,14.69934],[120.91854,14.69934],[120.91854,14.69943]]],[[[120.91555,14.70211],[120.91564,14.7022],[120.91555,14.7022],[120.91555,14.70211]]],[[[120.91443,14.70273],[120.91461,14.70282],[120.91461,14.70273],[120.91443,14.70273]]],[[[120.91442,14.70291],[120.91424,14.70282],[120.91424,14.70291],[120.91442,14.70291]]],[[[120.91461,14.70273],[120.91498,14.70265],[120.91517,14.70238],[120.91499,14.70238],[120.91461,14.70273]]],[[[120.91517,14.70229],[120.91536,14.70238],[120.91536,14.70229],[120.91517,14.70229]]],[[[120.91536,14.7022],[120.91545,14.70229],[120.91545,14.7022],[120.91536,14.7022]]],[[[120.91257,14.70263],[120.91267,14.70245],[120.91285,14.70263],[120.91257,14.70263]]],[[[120.91294,14.70281],[120.91303,14.7029],[120.91294,14.7029],[120.91294,14.70281]]],[[[120.91897,14.70332],[120.92,14.70278],[120.91906,14.7035],[120.91897,14.70332]]],[[[120.9121,14.70298],[120.91219,14.70307],[120.9121,14.70307],[120.9121,14.70298]]],[[[120.91312,14.70317],[120.91396,14.70309],[120.91377,14.70372],[120.91312,14.70317]]],[[[120.91173,14.70325],[120.91182,14.70343],[120.91173,14.70343],[120.91173,14.70325]]],[[[120.91395,14.70399],[120.91413,14.70418],[120.91395,14.70408],[120.91395,14.70399]]],[[[120.9172,14.70429],[120.91775,14.70439],[120.91719,14.70456],[120.9172,14.70429]]],[[[120.91469,14.70472],[120.91496,14.705],[120.91478,14.70509],[120.91469,14.70472]]],[[[120.91626,14.70519],[120.91626,14.70483],[120.91654,14.70492],[120.91626,14.70519]]],[[[120.91561,14.70527],[120.91579,14.70546],[120.91542,14.70554],[120.91561,14.70527]]],[[[120.91634,14.706],[120.91662,14.70619],[120.91644,14.70627],[120.91634,14.706]]],[[[120.91485,14.70662],[120.91597,14.70654],[120.91616,14.70618],[120.91485,14.70662]]],[[[120.91466,14.70707],[120.91457,14.70689],[120.91457,14.70707],[120.91466,14.70707]]],[[[120.91411,14.70625],[120.91421,14.70644],[120.91411,14.70643],[120.91411,14.70625]]],[[[120.91698,14.70718],[120.91717,14.70737],[120.91698,14.70736],[120.91698,14.70718]]],[[[120.92464,14.69316],[120.9251,14.69307],[120.9252,14.6928],[120.92464,14.69316]]],[[[120.92472,14.69361],[120.92445,14.6937],[120.92472,14.69388],[120.92472,14.69361]]],[[[120.92296,14.69341],[120.92361,14.69369],[120.92259,14.69386],[120.92296,14.69341]]],[[[120.92398,14.69342],[120.92389,14.69333],[120.92398,14.69333],[120.92398,14.69342]]],[[[120.92389,14.69369],[120.9237,14.6936],[120.92389,14.6936],[120.92389,14.69369]]],[[[120.92436,14.69297],[120.92445,14.69315],[120.92426,14.69315],[120.92436,14.69297]]],[[[120.92057,14.69158],[120.92024,14.69163],[120.92024,14.6914],[120.92057,14.69158]]],[[[120.91722,14.69228],[120.9174,14.69237],[120.91722,14.69237],[120.91722,14.69228]]],[[[120.92001,14.69135],[120.92001,14.69113],[120.9202,14.69135],[120.92001,14.69135]]],[[[120.91927,14.69112],[120.91936,14.69121],[120.91927,14.69121],[120.91927,14.69112]]],[[[120.91816,14.69102],[120.91825,14.6912],[120.91806,14.6912],[120.91816,14.69102]]],[[[120.91983,14.69094],[120.91974,14.69108],[120.91992,14.69108],[120.91983,14.69094]]],[[[120.91974,14.69094],[120.9203,14.69041],[120.9203,14.69013],[120.91955,14.69067],[120.91974,14.69094]]],[[[120.91984,14.69013],[120.91993,14.69022],[120.91984,14.69022],[120.91984,14.69013]]],[[[120.91928,14.69058],[120.91937,14.69076],[120.91927,14.69076],[120.91928,14.69058]]],[[[120.93377,14.6795],[120.93331,14.67927],[120.93387,14.67842],[120.9336,14.67787],[120.93406,14.67797],[120.93435,14.67725],[120.9349,14.67716],[120.93529,14.67599],[120.93715,14.67538],[120.93781,14.67466],[120.93855,14.67476],[120.93827,14.67421],[120.9392,14.67431],[120.93874,14.6739],[120.93939,14.67395],[120.94005,14.67287],[120.94182,14.67271],[120.94088,14.67297],[120.94125,14.67324],[120.94115,14.67424],[120.9406,14.67414],[120.94022,14.67486],[120.9385,14.67954],[120.93728,14.68098],[120.93636,14.6807],[120.93616,14.68178],[120.93532,14.6825],[120.93624,14.68332],[120.93687,14.68495],[120.93612,14.68612],[120.93368,14.68411],[120.93368,14.68361],[120.93262,14.68329],[120.93374,14.68221],[120.93236,14.68121],[120.9326,14.68094],[120.93384,14.68203],[120.9343,14.68186],[120.93311,14.68049],[120.93377,14.6795]]],[[[120.9315,14.67926],[120.93154,14.67939],[120.93173,14.67926],[120.9315,14.67926]]],[[[120.93135,14.67975],[120.93122,14.67952],[120.93121,14.6798],[120.93135,14.67975]]],[[[120.93066,14.67979],[120.93089,14.67993],[120.93065,14.68002],[120.93066,14.67979]]],[[[120.93149,14.68002],[120.93154,14.68007],[120.93149,14.68007],[120.93149,14.68002]]],[[[120.93038,14.68006],[120.93051,14.6802],[120.93037,14.68028],[120.93038,14.68006]]],[[[120.93177,14.6803],[120.93181,14.68034],[120.93177,14.68034],[120.93177,14.6803]]],[[[120.92958,14.68064],[120.92977,14.68073],[120.92977,14.68064],[120.92958,14.68064]]],[[[120.92958,14.68082],[120.92953,14.68073],[120.92953,14.68082],[120.92958,14.68082]]],[[[120.92977,14.6806],[120.92986,14.68064],[120.92986,14.68055],[120.92977,14.6806]]],[[[120.92986,14.68046],[120.93005,14.68055],[120.93005,14.68046],[120.92986,14.68046]]],[[[120.93005,14.68033],[120.93014,14.68046],[120.93033,14.68033],[120.93005,14.68033]]],[[[120.93255,14.68089],[120.93232,14.68075],[120.93255,14.68085],[120.93255,14.68089]]],[[[120.93283,14.68094],[120.93302,14.68067],[120.93311,14.68094],[120.93283,14.68094]]],[[[120.92939,14.68086],[120.92827,14.68144],[120.92729,14.68216],[120.928,14.68126],[120.92939,14.68086]]],[[[120.92659,14.68233],[120.92715,14.68224],[120.92678,14.6826],[120.92659,14.68233]]],[[[120.93209,14.68062],[120.93204,14.68057],[120.93209,14.68057],[120.93209,14.68062]]],[[[120.93338,14.6814],[120.93347,14.68149],[120.93338,14.68149],[120.93338,14.6814]]],[[[120.93874,14.68443],[120.93864,14.68433],[120.93874,14.68434],[120.93874,14.68443]]],[[[120.938,14.68379],[120.93725,14.68405],[120.9379,14.68433],[120.938,14.68379]]],[[[120.93744,14.68369],[120.93754,14.68351],[120.93744,14.68351],[120.93744,14.68369]]],[[[120.93707,14.68342],[120.93736,14.68279],[120.9368,14.68256],[120.93675,14.68296],[120.93707,14.68342]]],[[[120.93707,14.68351],[120.93703,14.68342],[120.93703,14.68351],[120.93707,14.68351]]],[[[120.9337,14.67688],[120.93379,14.67697],[120.9337,14.67697],[120.9337,14.67688]]],[[[120.93351,14.67697],[120.93361,14.67715],[120.93351,14.67715],[120.93351,14.67697]]],[[[120.93234,14.67845],[120.93239,14.67859],[120.93234,14.67859],[120.93234,14.67845]]],[[[120.93206,14.67872],[120.9322,14.67886],[120.93206,14.67894],[120.93206,14.67872]]],[[[120.9276,14.67895],[120.92765,14.67909],[120.9276,14.67909],[120.9276,14.67895]]],[[[120.93192,14.67912],[120.93178,14.67899],[120.93201,14.67899],[120.93192,14.67912]]],[[[120.9422,14.67149],[120.94201,14.67135],[120.9422,14.67144],[120.9422,14.67149]]],[[[120.94463,14.66948],[120.94454,14.66939],[120.94463,14.66939],[120.94463,14.66948]]],[[[120.94795,14.66228],[120.94776,14.6621],[120.94795,14.6621],[120.94795,14.66228]]],[[[120.94684,14.66136],[120.94675,14.66118],[120.94684,14.66118],[120.94684,14.66136]]],[[[120.94967,14.65651],[120.94981,14.65669],[120.94981,14.65651],[120.94967,14.65651]]],[[[120.94939,14.6566],[120.94958,14.65651],[120.94939,14.65642],[120.94939,14.6566]]],[[[120.93571,14.69018],[120.93562,14.69009],[120.93571,14.69009],[120.93571,14.69018]]],[[[120.94007,14.69067],[120.93988,14.69058],[120.94007,14.69049],[120.94007,14.69067]]],[[[120.94147,14.69005],[120.94147,14.68942],[120.94166,14.68951],[120.94147,14.69005]]],[[[120.94203,14.68979],[120.94194,14.6897],[120.94203,14.6897],[120.94203,14.68979]]],[[[120.94184,14.68942],[120.94166,14.68924],[120.94185,14.68924],[120.94184,14.68942]]],[[[120.94073,14.68932],[120.9411,14.68969],[120.94064,14.6895],[120.94073,14.68932]]],[[[120.94157,14.68915],[120.94129,14.68897],[120.94157,14.68897],[120.94157,14.68915]]],[[[120.94111,14.68878],[120.94102,14.68869],[120.94111,14.68869],[120.94111,14.68878]]],[[[120.9233,14.70652],[120.92321,14.70661],[120.9233,14.70661],[120.9233,14.70652]]],[[[120.92302,14.70651],[120.92321,14.70643],[120.92303,14.70642],[120.92302,14.70651]]],[[[120.91814,14.71234],[120.91841,14.71296],[120.91916,14.71226],[120.9186,14.71244],[120.91814,14.71234]]],[[[120.92958,14.72971],[120.92949,14.72952],[120.92949,14.72971],[120.92958,14.72971]]],[[[120.93032,14.73062],[120.9307,14.72935],[120.92959,14.72916],[120.92967,14.73016],[120.93032,14.73062]]],[[[120.93032,14.73062],[120.92939,14.73034],[120.92929,14.73088],[120.93031,14.73107],[120.93032,14.73062]]],[[[120.93115,14.73126],[120.93227,14.72973],[120.93089,14.72918],[120.93068,14.73116],[120.93115,14.73126]]],[[[120.92819,14.72978],[120.92673,14.73275],[120.92704,14.73303],[120.9277,14.73276],[120.92818,14.73024],[120.92883,14.73024],[120.92856,14.72943],[120.92922,14.72916],[120.92847,14.72906],[120.92777,14.73032],[120.92819,14.72978]]],[[[120.92665,14.73555],[120.92731,14.73466],[120.92732,14.7333],[120.92667,14.73311],[120.92638,14.73402],[120.92639,14.7332],[120.92584,14.73284],[120.92596,14.7343],[120.92665,14.73555]]]]}}],"properties":{"source":"Project NOAH (DOST)","hazard":"storm-surge","advisory":"SSA1"}}