{"type":"FeatureCollection","features":[{"type":"Feature","properties":{"hazard":"storm-surge","level":"low","advisory":"SSA3"},"geometry":{"type":"MultiPolygon","coordinates":[[[[120.96762,14.46066],[120.96756,14.46057],[120.96755,14.46066],[120.96762,14.46066]]],[[[120.9677,14.46112],[120.96761,14.46103],[120.96761,14.46112],[120.9677,14.46112]]],[[[120.9677,14.46157],[120.96761,14.46139],[120.96761,14.46157],[120.9677,14.46157]]],[[[120.97104,14.4616],[120.97095,14.46142],[120.97095,14.4616],[120.97104,14.4616]]],[[[120.9677,14.46193],[120.96761,14.46175],[120.9676,14.46193],[120.9677,14.46193]]],[[[120.9715,14.46223],[120.97159,14.46214],[120.9715,14.46214],[120.9715,14.46223]]],[[[120.96769,14.46247],[120.9676,14.46238],[120.9676,14.46247],[120.96769,14.46247]]],[[[120.97205,14.46242],[120.97205,14.4626],[120.97233,14.4626],[120.97205,14.46242]]],[[[120.96722,14.46301],[120.96714,14.46292],[120.96713,14.46301],[120.96722,14.46301]]],[[[120.96796,14.4632],[120.96741,14.46274],[120.96731,14.46319],[120.96796,14.4632]]],[[[120.97,14.46321],[120.97075,14.46295],[120.97066,14.46259],[120.97093,14.46304],[120.97177,14.46251],[120.97066,14.4625],[120.97141,14.46205],[120.97132,14.46178],[120.97066,14.46196],[120.97047,14.46259],[120.96982,14.46258],[120.97019,14.46276],[120.97,14.46321]]],[[[120.97084,14.46322],[120.97075,14.46313],[120.97075,14.46322],[120.97084,14.46322]]],[[[120.97,14.46331],[120.96991,14.46321],[120.96991,14.4633],[120.97,14.46331]]],[[[120.96815,14.46338],[120.96796,14.46347],[120.96815,14.46356],[120.96815,14.46338]]],[[[120.96981,14.46357],[120.96972,14.46348],[120.96972,14.46357],[120.96981,14.46357]]],[[[120.96768,14.46374],[120.96759,14.46356],[120.96759,14.46374],[120.96768,14.46374]]],[[[120.96963,14.46384],[120.96972,14.46375],[120.96963,14.46375],[120.96963,14.46384]]],[[[120.97093,14.46386],[120.97083,14.46376],[120.97083,14.46385],[120.97093,14.46386]]],[[[120.97797,14.46392],[120.97788,14.46373],[120.97788,14.46392],[120.97797,14.46392]]],[[[120.96981,14.46385],[120.96972,14.46394],[120.96981,14.46394],[120.96981,14.46385]]],[[[120.97704,14.464],[120.97686,14.46382],[120.97677,14.464],[120.97704,14.464]]],[[[120.96675,14.464],[120.96685,14.46382],[120.96666,14.46382],[120.96675,14.464]]],[[[120.97769,14.464],[120.9776,14.46391],[120.9776,14.464],[120.97769,14.464]]],[[[120.9674,14.46392],[120.96749,14.46401],[120.96749,14.46392],[120.9674,14.46392]]],[[[120.97009,14.46403],[120.97018,14.46412],[120.97018,14.46403],[120.97009,14.46403]]],[[[120.97714,14.464],[120.97732,14.46418],[120.97732,14.464],[120.97714,14.464]]],[[[120.96935,14.46411],[120.96944,14.4642],[120.96944,14.46411],[120.96935,14.46411]]],[[[120.97621,14.46435],[120.97611,14.46426],[120.97611,14.46435],[120.97621,14.46435]]],[[[120.97658,14.46427],[120.97667,14.46436],[120.97667,14.46427],[120.97658,14.46427]]],[[[120.97686,14.46436],[120.97676,14.46427],[120.97676,14.46436],[120.97686,14.46436]]],[[[120.97778,14.46437],[120.97797,14.46428],[120.97778,14.46419],[120.97778,14.46437]]],[[[120.96851,14.46429],[120.96842,14.46438],[120.96851,14.46438],[120.96851,14.46429]]],[[[120.97009,14.46439],[120.96981,14.46394],[120.96953,14.4642],[120.97009,14.46439]]],[[[120.97658,14.46445],[120.97649,14.46436],[120.97648,14.46445],[120.97658,14.46445]]],[[[120.97713,14.46445],[120.97704,14.46409],[120.97695,14.46436],[120.97713,14.46445]]],[[[120.97732,14.46445],[120.97723,14.46436],[120.97723,14.46445],[120.97732,14.46445]]],[[[120.9674,14.46401],[120.96684,14.464],[120.96684,14.46409],[120.9674,14.46446],[120.9674,14.46401]]],[[[120.9686,14.46438],[120.96851,14.46447],[120.9686,14.46447],[120.9686,14.46438]]],[[[120.97018,14.46439],[120.97008,14.46448],[120.97018,14.46448],[120.97018,14.46439]]],[[[120.97101,14.46449],[120.97092,14.4644],[120.97092,14.46449],[120.97101,14.46449]]],[[[120.97704,14.46454],[120.97695,14.46445],[120.97695,14.46454],[120.97704,14.46454]]],[[[120.96675,14.46454],[120.96684,14.46445],[120.96675,14.46445],[120.96675,14.46454]]],[[[120.9776,14.46418],[120.97741,14.46454],[120.9776,14.46455],[120.9776,14.46418]]],[[[120.97806,14.46437],[120.97797,14.46455],[120.97806,14.46455],[120.97806,14.46437]]],[[[120.96805,14.46437],[120.96842,14.46392],[120.96786,14.46392],[120.96805,14.46437]]],[[[120.96879,14.46456],[120.96869,14.46447],[120.96869,14.46456],[120.96879,14.46456]]],[[[120.96906,14.46456],[120.96888,14.46447],[120.96888,14.46456],[120.96906,14.46456]]],[[[120.97658,14.46463],[120.97648,14.46454],[120.97648,14.46463],[120.97658,14.46463]]],[[[120.96693,14.46454],[120.96684,14.46463],[120.96693,14.46463],[120.96693,14.46454]]],[[[120.96721,14.46464],[120.96712,14.46455],[120.96702,14.46464],[120.96721,14.46464]]],[[[120.96851,14.46456],[120.96841,14.46465],[120.96851,14.46465],[120.96851,14.46456]]],[[[120.97166,14.46458],[120.97175,14.46468],[120.97175,14.46459],[120.97166,14.46458]]],[[[120.9737,14.46469],[120.97361,14.4646],[120.97361,14.46469],[120.9737,14.46469]]],[[[120.9775,14.46473],[120.97732,14.46454],[120.97732,14.46472],[120.9775,14.46473]]],[[[120.96702,14.46473],[120.96693,14.46463],[120.96693,14.46472],[120.96702,14.46473]]],[[[120.96739,14.46473],[120.96749,14.46455],[120.96739,14.46455],[120.96739,14.46473]]],[[[120.96841,14.46474],[120.96832,14.46465],[120.96832,14.46474],[120.96841,14.46474]]],[[[120.9712,14.46413],[120.9712,14.46476],[120.97129,14.46476],[120.9712,14.46413]]],[[[120.97166,14.46477],[120.97157,14.46467],[120.97157,14.46476],[120.97166,14.46477]]],[[[120.97435,14.46479],[120.97417,14.46443],[120.97416,14.46479],[120.97435,14.46479]]],[[[120.96758,14.46473],[120.96749,14.46482],[120.96758,14.46482],[120.96758,14.46473]]],[[[120.97157,14.46485],[120.97147,14.46476],[120.97147,14.46485],[120.97157,14.46485]]],[[[120.97333,14.46478],[120.97342,14.46487],[120.97342,14.46478],[120.97333,14.46478]]],[[[120.97713,14.4649],[120.97694,14.46481],[120.97694,14.4649],[120.97713,14.4649]]],[[[120.97759,14.46473],[120.9775,14.46491],[120.97759,14.46491],[120.97759,14.46473]]],[[[120.97008,14.46475],[120.9699,14.46484],[120.97008,14.46493],[120.97008,14.46475]]],[[[120.97333,14.46496],[120.97323,14.46487],[120.97323,14.46496],[120.97333,14.46496]]],[[[120.9737,14.46496],[120.97379,14.46487],[120.9737,14.46487],[120.9737,14.46496]]],[[[120.97527,14.46498],[120.97518,14.46489],[120.97518,14.46498],[120.97527,14.46498]]],[[[120.97546,14.46498],[120.97537,14.46489],[120.97537,14.46498],[120.97546,14.46498]]],[[[120.96758,14.465],[120.96767,14.46491],[120.96758,14.46491],[120.96758,14.465]]],[[[120.97388,14.46497],[120.97379,14.46505],[120.97388,14.46506],[120.97388,14.46497]]],[[[120.97416,14.46506],[120.97407,14.46488],[120.97407,14.46506],[120.97416,14.46506]]],[[[120.97796,14.46509],[120.97787,14.465],[120.97787,14.46509],[120.97796,14.46509]]],[[[120.96785,14.465],[120.96767,14.46509],[120.96785,14.46509],[120.96785,14.465]]],[[[120.97434,14.46515],[120.97425,14.46497],[120.97425,14.46515],[120.97434,14.46515]]],[[[120.97453,14.46515],[120.97444,14.46506],[120.97444,14.46515],[120.97453,14.46515]]],[[[120.97731,14.46518],[120.97741,14.46509],[120.97731,14.46509],[120.97731,14.46518]]],[[[120.96935,14.4642],[120.96897,14.46501],[120.96924,14.4652],[120.96971,14.46457],[120.96935,14.4642]]],[[[120.97722,14.46527],[120.97713,14.46499],[120.97713,14.46526],[120.97722,14.46527]]],[[[120.96813,14.46528],[120.96804,14.4651],[120.96785,14.46527],[120.96813,14.46528]]],[[[120.96943,14.4652],[120.96934,14.46529],[120.96943,14.46529],[120.96943,14.4652]]],[[[120.97138,14.46494],[120.97165,14.46522],[120.97156,14.46495],[120.97138,14.46494]]],[[[120.96971,14.46538],[120.96952,14.46529],[120.96952,14.46538],[120.96971,14.46538]]],[[[120.97147,14.4654],[120.97138,14.46531],[120.97137,14.4654],[120.97147,14.4654]]],[[[120.97193,14.4654],[120.97202,14.46531],[120.97193,14.46531],[120.97193,14.4654]]],[[[120.97777,14.46536],[120.97768,14.46545],[120.97777,14.46545],[120.97777,14.46536]]],[[[120.97388,14.46533],[120.97351,14.46487],[120.97323,14.46505],[120.97341,14.4655],[120.97388,14.46533]]],[[[120.97749,14.46554],[120.9774,14.46518],[120.97731,14.46554],[120.97749,14.46554]]],[[[120.97046,14.46385],[120.97054,14.46557],[120.97064,14.46512],[120.971,14.46539],[120.97046,14.46385]]],[[[120.97406,14.46533],[120.97388,14.4656],[120.97397,14.4656],[120.97406,14.46533]]],[[[120.97518,14.46552],[120.97555,14.46561],[120.97555,14.46552],[120.97518,14.46552]]],[[[120.97007,14.46566],[120.96998,14.46556],[120.96998,14.46565],[120.97007,14.46566]]],[[[120.97054,14.46566],[120.97045,14.46557],[120.97045,14.46566],[120.97054,14.46566]]],[[[120.97221,14.46567],[120.97202,14.46558],[120.97184,14.46567],[120.97221,14.46567]]],[[[120.97406,14.4656],[120.97397,14.46569],[120.97406,14.46569],[120.97406,14.4656]]],[[[120.97434,14.46569],[120.97425,14.4656],[120.97425,14.46569],[120.97434,14.46569]]],[[[120.97443,14.46569],[120.97462,14.4656],[120.97443,14.4656],[120.97443,14.46569]]],[[[120.97777,14.46572],[120.97768,14.46554],[120.97749,14.46572],[120.97777,14.46572]]],[[[120.96933,14.46574],[120.96924,14.46565],[120.96924,14.46574],[120.96933,14.46574]]],[[[120.97527,14.46579],[120.97508,14.46561],[120.97508,14.46579],[120.97527,14.46579]]],[[[120.97406,14.46587],[120.97397,14.46578],[120.97397,14.46587],[120.97406,14.46587]]],[[[120.97471,14.4657],[120.97462,14.46588],[120.97471,14.46588],[120.97471,14.4657]]],[[[120.97814,14.46591],[120.97823,14.46582],[120.97814,14.46582],[120.97814,14.46591]]],[[[120.96748,14.46581],[120.96729,14.4659],[120.96747,14.46599],[120.96748,14.46581]]],[[[120.96766,14.46591],[120.96775,14.466],[120.96775,14.46591],[120.96766,14.46591]]],[[[120.97833,14.46591],[120.97823,14.466],[120.97832,14.466],[120.97833,14.46591]]],[[[120.96785,14.466],[120.96794,14.46591],[120.96785,14.46591],[120.96785,14.466]]],[[[120.97489,14.46597],[120.97461,14.46606],[120.97489,14.46606],[120.97489,14.46597]]],[[[120.97805,14.46609],[120.97795,14.46599],[120.97795,14.46608],[120.97805,14.46609]]],[[[120.96766,14.46609],[120.96757,14.466],[120.96757,14.46609],[120.96766,14.46609]]],[[[120.96803,14.466],[120.96794,14.46609],[120.96803,14.46609],[120.96803,14.466]]],[[[120.97461,14.46615],[120.97452,14.46606],[120.97452,14.46615],[120.97461,14.46615]]],[[[120.96812,14.46609],[120.96803,14.46618],[120.96812,14.46618],[120.96812,14.46609]]],[[[120.97452,14.46624],[120.97443,14.46614],[120.97443,14.46624],[120.97452,14.46624]]],[[[120.97081,14.4662],[120.9709,14.4663],[120.9709,14.4662],[120.97081,14.4662]]],[[[120.97127,14.4663],[120.97109,14.46621],[120.97109,14.4663],[120.97127,14.4663]]],[[[120.97443,14.46633],[120.97433,14.46623],[120.97433,14.46632],[120.97443,14.46633]]],[[[120.97563,14.46616],[120.97582,14.46625],[120.97582,14.46607],[120.97563,14.46616]]],[[[120.97535,14.46642],[120.97517,14.46624],[120.97517,14.46642],[120.97535,14.46642]]],[[[120.97081,14.46648],[120.97072,14.46629],[120.97072,14.46647],[120.97081,14.46648]]],[[[120.96812,14.46663],[120.96803,14.46654],[120.96803,14.46663],[120.96812,14.46663]]],[[[120.97071,14.46665],[120.97062,14.46656],[120.97062,14.46665],[120.97071,14.46665]]],[[[120.97368,14.46686],[120.97359,14.46677],[120.97359,14.46686],[120.97368,14.46686]]],[[[120.97767,14.46681],[120.97757,14.46689],[120.97795,14.4669],[120.97767,14.46681]]],[[[120.97294,14.46695],[120.97285,14.46685],[120.97284,14.46694],[120.97294,14.46695]]],[[[120.97359,14.46695],[120.9734,14.46686],[120.9734,14.46695],[120.97359,14.46695]]],[[[120.97071,14.46702],[120.97062,14.46693],[120.97062,14.46702],[120.97071,14.46702]]],[[[120.9734,14.46704],[120.97331,14.46695],[120.97331,14.46704],[120.9734,14.46704]]],[[[120.97099,14.46702],[120.97108,14.46711],[120.97108,14.46702],[120.97099,14.46702]]],[[[120.97303,14.46713],[120.97284,14.46703],[120.97284,14.46713],[120.97303,14.46713]]],[[[120.97321,14.46713],[120.97312,14.46704],[120.97312,14.46713],[120.97321,14.46713]]],[[[120.97405,14.46714],[120.97386,14.46695],[120.97386,14.46713],[120.97405,14.46714]]],[[[120.97443,14.46651],[120.97397,14.46596],[120.97323,14.46577],[120.97368,14.46677],[120.97433,14.4666],[120.97414,14.46714],[120.97489,14.46687],[120.9748,14.46624],[120.97443,14.46651]]],[[[120.97099,14.4672],[120.9709,14.46711],[120.97089,14.4672],[120.97099,14.4672]]],[[[120.97776,14.46726],[120.97767,14.46708],[120.97766,14.46726],[120.97776,14.46726]]],[[[120.96987,14.46728],[120.96978,14.46719],[120.96978,14.46728],[120.96987,14.46728]]],[[[120.97015,14.46728],[120.97006,14.46719],[120.97006,14.46728],[120.97015,14.46728]]],[[[120.97099,14.46747],[120.97089,14.46729],[120.9708,14.46747],[120.97099,14.46747]]],[[[120.97126,14.46738],[120.97108,14.46747],[120.97126,14.46747],[120.97126,14.46738]]],[[[120.97015,14.46755],[120.97006,14.46746],[120.97006,14.46755],[120.97015,14.46755]]],[[[120.97265,14.46758],[120.97275,14.46767],[120.97275,14.46758],[120.97265,14.46758]]],[[[120.96987,14.46773],[120.96978,14.46764],[120.96978,14.46773],[120.96987,14.46773]]],[[[120.97006,14.46773],[120.96996,14.46764],[120.96996,14.46773],[120.97006,14.46773]]],[[[120.97265,14.46776],[120.97256,14.46766],[120.97256,14.46776],[120.97265,14.46776]]],[[[120.97247,14.46784],[120.97228,14.46775],[120.97228,14.46784],[120.97247,14.46784]]],[[[120.97691,14.46824],[120.97701,14.46834],[120.97701,14.46825],[120.97691,14.46824]]],[[[120.9771,14.46834],[120.97719,14.46825],[120.9771,14.46825],[120.9771,14.46834]]],[[[120.97014,14.46846],[120.97033,14.46828],[120.97024,14.46828],[120.97014,14.46846]]],[[[120.97747,14.46852],[120.97737,14.46861],[120.97747,14.46861],[120.97747,14.46852]]],[[[120.97042,14.46855],[120.97033,14.46864],[120.97042,14.46864],[120.97042,14.46855]]],[[[120.97756,14.46861],[120.97747,14.4687],[120.97756,14.4687],[120.97756,14.46861]]],[[[120.977,14.46888],[120.97691,14.46879],[120.97691,14.46888],[120.977,14.46888]]],[[[120.97747,14.4687],[120.97728,14.46834],[120.97682,14.46833],[120.97709,14.46879],[120.97747,14.4687]]],[[[120.977,14.46906],[120.97691,14.46897],[120.97691,14.46906],[120.977,14.46906]]],[[[120.97931,14.46962],[120.97922,14.46953],[120.97922,14.46962],[120.97931,14.46962]]],[[[120.97894,14.46962],[120.97903,14.46971],[120.97903,14.46962],[120.97894,14.46962]]],[[[120.97894,14.4698],[120.97876,14.46971],[120.97875,14.4698],[120.97894,14.4698]]],[[[120.97922,14.4698],[120.97913,14.46971],[120.97913,14.4698],[120.97922,14.4698]]],[[[120.98608,14.46995],[120.98599,14.46986],[120.98599,14.46995],[120.98608,14.46995]]],[[[120.98636,14.46995],[120.98627,14.46986],[120.98626,14.46995],[120.98636,14.46995]]],[[[120.98701,14.46996],[120.98691,14.46987],[120.98691,14.46996],[120.98701,14.46996]]],[[[120.98701,14.46978],[120.98728,14.46996],[120.98729,14.46978],[120.98701,14.46978]]],[[[120.97894,14.46989],[120.97866,14.46998],[120.97894,14.46998],[120.97894,14.46989]]],[[[120.98691,14.47005],[120.98682,14.46996],[120.98682,14.47005],[120.98691,14.47005]]],[[[120.97949,14.47007],[120.9794,14.46998],[120.9794,14.47007],[120.97949,14.47007]]],[[[120.97727,14.47015],[120.97718,14.47005],[120.97717,14.47014],[120.97727,14.47015]]],[[[120.98079,14.47018],[120.9807,14.47008],[120.9807,14.47017],[120.98079,14.47018]]],[[[120.98153,14.47018],[120.98163,14.47009],[120.98153,14.47009],[120.98153,14.47018]]],[[[120.97875,14.47025],[120.97866,14.47016],[120.97866,14.47025],[120.97875,14.47025]]],[[[120.98116,14.47027],[120.98098,14.47018],[120.98098,14.47027],[120.98116,14.47027]]],[[[120.98645,14.47004],[120.98682,14.47023],[120.98682,14.47014],[120.98645,14.47004]]],[[[120.98654,14.47041],[120.98645,14.47031],[120.98645,14.4704],[120.98654,14.47041]]],[[[120.97968,14.47053],[120.97958,14.47026],[120.97958,14.47053],[120.97968,14.47053]]],[[[120.98181,14.47018],[120.98162,14.47054],[120.98172,14.47054],[120.98181,14.47018]]],[[[120.98626,14.47058],[120.98617,14.47049],[120.98617,14.47058],[120.98626,14.47058]]],[[[120.98793,14.47051],[120.98784,14.4706],[120.98793,14.4706],[120.98793,14.47051]]],[[[120.98821,14.4706],[120.98812,14.47042],[120.98802,14.4706],[120.98821,14.4706]]],[[[120.98672,14.47068],[120.98635,14.4704],[120.98635,14.47068],[120.98672,14.47068]]],[[[120.98691,14.47068],[120.987,14.47041],[120.98691,14.47041],[120.98691,14.47068]]],[[[120.98765,14.47069],[120.98793,14.47024],[120.98756,14.47014],[120.98765,14.47069]]],[[[120.98014,14.47071],[120.98051,14.47053],[120.97995,14.47053],[120.98014,14.47071]]],[[[120.97763,14.47087],[120.97754,14.47078],[120.97754,14.47087],[120.97763,14.47087]]],[[[120.98023,14.47089],[120.98014,14.4708],[120.98014,14.47089],[120.98023,14.47089]]],[[[120.9883,14.47078],[120.98839,14.47096],[120.98839,14.47078],[120.9883,14.47078]]],[[[120.98171,14.471],[120.98162,14.47091],[120.98162,14.471],[120.98171,14.471]]],[[[120.98681,14.47104],[120.98691,14.47095],[120.98681,14.47095],[120.98681,14.47104]]],[[[120.98719,14.47068],[120.987,14.47104],[120.98709,14.47104],[120.98719,14.47068]]],[[[120.9883,14.47105],[120.98802,14.47087],[120.98802,14.47105],[120.9883,14.47105]]],[[[120.97782,14.47105],[120.97772,14.47096],[120.97772,14.47105],[120.97782,14.47105]]],[[[120.97865,14.47097],[120.97874,14.47106],[120.97874,14.47097],[120.97865,14.47097]]],[[[120.99006,14.4708],[120.99043,14.47107],[120.9908,14.47062],[120.99006,14.4708]]],[[[120.97976,14.47098],[120.98004,14.47089],[120.97977,14.4708],[120.97976,14.47098]]],[[[120.98115,14.47117],[120.98097,14.47108],[120.98097,14.47117],[120.98115,14.47117]]],[[[120.98152,14.47118],[120.98143,14.47099],[120.98143,14.47118],[120.98152,14.47118]]],[[[120.98208,14.47118],[120.98199,14.47109],[120.98199,14.47118],[120.98208,14.47118]]],[[[120.98913,14.47115],[120.98904,14.47124],[120.98913,14.47124],[120.98913,14.47115]]],[[[120.98172,14.47054],[120.98171,14.47091],[120.98208,14.47109],[120.9831,14.47119],[120.98301,14.47065],[120.98172,14.47054]]],[[[120.98273,14.47092],[120.98292,14.47101],[120.98273,14.47101],[120.98273,14.47092]]],[[[120.98699,14.47131],[120.98681,14.47113],[120.98681,14.47131],[120.98699,14.47131]]],[[[120.97846,14.47133],[120.97837,14.47124],[120.97837,14.47133],[120.97846,14.47133]]],[[[120.99005,14.47134],[120.98988,14.47071],[120.98895,14.4707],[120.98969,14.47097],[120.9895,14.47133],[120.99005,14.47134]]],[[[120.9895,14.47088],[120.98941,14.47079],[120.9895,14.47079],[120.9895,14.47088]]],[[[120.97967,14.47134],[120.97958,14.47125],[120.97957,14.47134],[120.97967,14.47134]]],[[[120.98097,14.47135],[120.98087,14.47126],[120.98087,14.47135],[120.98097,14.47135]]],[[[120.9819,14.471],[120.98171,14.47136],[120.98189,14.47127],[120.9819,14.471]]],[[[120.97809,14.47142],[120.97791,14.47133],[120.9779,14.47142],[120.97809,14.47142]]],[[[120.98885,14.47133],[120.98885,14.47088],[120.98857,14.47142],[120.98885,14.47133]]],[[[120.98913,14.47133],[120.98922,14.47142],[120.98922,14.47133],[120.98913,14.47133]]],[[[120.98124,14.47144],[120.98115,14.47135],[120.98115,14.47144],[120.98124,14.47144]]],[[[120.98913,14.47151],[120.98903,14.47142],[120.98903,14.47151],[120.98913,14.47151]]],[[[120.98987,14.47152],[120.98996,14.47161],[120.98996,14.47152],[120.98987,14.47152]]],[[[120.97948,14.47161],[120.97957,14.47143],[120.97948,14.47143],[120.97948,14.47161]]],[[[120.98162,14.47118],[120.98143,14.47145],[120.98115,14.47162],[120.98161,14.47163],[120.98162,14.47118]]],[[[120.98606,14.47167],[120.98597,14.47158],[120.98597,14.47167],[120.98606,14.47167]]],[[[120.98792,14.47168],[120.98773,14.47159],[120.98773,14.47168],[120.98792,14.47168]]],[[[120.98987,14.4717],[120.98968,14.47161],[120.98968,14.4717],[120.98987,14.4717]]],[[[120.98171,14.47163],[120.98161,14.47172],[120.9817,14.47172],[120.98171,14.47163]]],[[[120.97967,14.47161],[120.97957,14.47179],[120.97966,14.47179],[120.97967,14.47161]]],[[[120.97865,14.47106],[120.97818,14.47151],[120.97836,14.47187],[120.97939,14.47134],[120.97865,14.47106]]],[[[120.9895,14.47142],[120.98931,14.47178],[120.98959,14.47188],[120.9895,14.47142]]],[[[120.98068,14.4718],[120.98041,14.4718],[120.98068,14.47189],[120.98068,14.4718]]],[[[120.98189,14.4719],[120.9817,14.47181],[120.9817,14.4719],[120.98189,14.4719]]],[[[120.983,14.47191],[120.98291,14.47182],[120.98291,14.47191],[120.983,14.47191]]],[[[120.97818,14.47196],[120.97799,14.47187],[120.97799,14.47196],[120.97818,14.47196]]],[[[120.98597,14.47203],[120.98588,14.47194],[120.98588,14.47203],[120.98597,14.47203]]],[[[120.98884,14.47205],[120.98875,14.47196],[120.98875,14.47205],[120.98884,14.47205]]],[[[120.98931,14.47188],[120.98912,14.47196],[120.98931,14.47206],[120.98931,14.47188]]],[[[120.98003,14.47207],[120.97985,14.47197],[120.97985,14.47207],[120.98003,14.47207]]],[[[120.98764,14.47213],[120.98838,14.47187],[120.98764,14.47186],[120.98764,14.47213]]],[[[120.98893,14.47223],[120.98884,14.47214],[120.98884,14.47223],[120.98893,14.47223]]],[[[120.98903,14.47223],[120.98912,14.47214],[120.98903,14.47214],[120.98903,14.47223]]],[[[120.98968,14.47215],[120.98977,14.47224],[120.98977,14.47215],[120.98968,14.47215]]],[[[120.97836,14.47232],[120.97845,14.47223],[120.97836,14.47223],[120.97836,14.47232]]],[[[120.98152,14.47217],[120.98198,14.47208],[120.98161,14.47199],[120.98152,14.47217]]],[[[120.98819,14.47232],[120.98828,14.47241],[120.98828,14.47232],[120.98819,14.47232]]],[[[120.97855,14.47233],[120.97845,14.47241],[120.97855,14.47242],[120.97855,14.47233]]],[[[120.98188,14.47235],[120.98179,14.47244],[120.98188,14.47244],[120.98188,14.47235]]],[[[120.98207,14.47236],[120.98216,14.47245],[120.98216,14.47236],[120.98207,14.47236]]],[[[120.98569,14.47248],[120.98559,14.47239],[120.98559,14.47248],[120.98569,14.47248]]],[[[120.98633,14.47248],[120.98615,14.47212],[120.98606,14.47239],[120.98633,14.47248]]],[[[120.98689,14.4724],[120.98727,14.47213],[120.98689,14.47222],[120.98689,14.4724]]],[[[120.98819,14.4725],[120.9881,14.47241],[120.9881,14.4725],[120.98819,14.4725]]],[[[120.98838,14.47241],[120.98847,14.4725],[120.98847,14.47241],[120.98838,14.47241]]],[[[120.98207,14.47254],[120.98188,14.47244],[120.98188,14.47253],[120.98207,14.47254]]],[[[120.98281,14.47245],[120.98263,14.472],[120.98207,14.47181],[120.98207,14.47217],[120.98281,14.47245]]],[[[120.98254,14.47218],[120.98244,14.47209],[120.98254,14.47209],[120.98254,14.47218]]],[[[120.98726,14.47249],[120.98717,14.47258],[120.98726,14.47258],[120.98726,14.47249]]],[[[120.98837,14.47259],[120.98828,14.4725],[120.98828,14.47259],[120.98837,14.47259]]],[[[120.97929,14.4726],[120.97966,14.47261],[120.97975,14.47197],[120.97938,14.47215],[120.97929,14.4726]]],[[[120.98133,14.47262],[120.98123,14.47253],[120.98123,14.47262],[120.98133,14.47262]]],[[[120.98893,14.47269],[120.98875,14.47232],[120.98874,14.47268],[120.98893,14.47269]]],[[[120.98559,14.47275],[120.9855,14.47266],[120.9855,14.47275],[120.98559,14.47275]]],[[[120.97845,14.47278],[120.97836,14.4725],[120.97836,14.47278],[120.97845,14.47278]]],[[[120.98179,14.47262],[120.98197,14.47272],[120.98197,14.47263],[120.98179,14.47262]]],[[[120.98717,14.47276],[120.98726,14.47285],[120.98726,14.47276],[120.98717,14.47276]]],[[[120.98986,14.4726],[120.98912,14.47224],[120.98911,14.47287],[120.9894,14.47242],[120.98986,14.4726]]],[[[120.98717,14.47294],[120.98707,14.47285],[120.98707,14.47294],[120.98717,14.47294]]],[[[120.98967,14.47287],[120.98976,14.47296],[120.98976,14.47287],[120.98967,14.47287]]],[[[120.98577,14.47302],[120.98587,14.47293],[120.98577,14.47293],[120.98577,14.47302]]],[[[120.98902,14.47296],[120.98911,14.47305],[120.98911,14.47296],[120.98902,14.47296]]],[[[120.98939,14.47287],[120.9893,14.47305],[120.98939,14.47305],[120.98939,14.47287]]],[[[120.98281,14.47308],[120.98262,14.47299],[120.98262,14.47308],[120.98281,14.47308]]],[[[120.98549,14.47311],[120.9854,14.47302],[120.9854,14.47311],[120.98549,14.47311]]],[[[120.98596,14.47302],[120.98587,14.47311],[120.98596,14.47311],[120.98596,14.47302]]],[[[120.98902,14.47314],[120.98893,14.47305],[120.98893,14.47314],[120.98902,14.47314]]],[[[120.97872,14.47314],[120.97901,14.4726],[120.97845,14.47296],[120.97872,14.47314]]],[[[120.98197,14.4729],[120.98225,14.47308],[120.98225,14.47299],[120.98197,14.4729]]],[[[120.98382,14.47318],[120.98392,14.473],[120.98383,14.473],[120.98382,14.47318]]],[[[120.98911,14.47314],[120.98902,14.47323],[120.98911,14.47323],[120.98911,14.47314]]],[[[120.98967,14.47323],[120.98958,14.47296],[120.98957,14.47323],[120.98967,14.47323]]],[[[120.98401,14.47319],[120.98392,14.47327],[120.98401,14.47328],[120.98401,14.47319]]],[[[120.98725,14.4733],[120.98716,14.47312],[120.98716,14.4733],[120.98725,14.4733]]],[[[120.98818,14.47313],[120.988,14.47322],[120.98818,14.47331],[120.98818,14.47313]]],[[[120.9893,14.47332],[120.9892,14.47314],[120.9892,14.47332],[120.9893,14.47332]]],[[[120.98197,14.47335],[120.98188,14.47317],[120.98188,14.47335],[120.98197,14.47335]]],[[[120.97177,14.47335],[120.97167,14.47326],[120.97167,14.47335],[120.97177,14.47335]]],[[[120.97909,14.47332],[120.97919,14.47342],[120.97919,14.47332],[120.97909,14.47332]]],[[[120.97112,14.47344],[120.97102,14.47334],[120.97102,14.47344],[120.97112,14.47344]]],[[[120.97863,14.47341],[120.97891,14.4735],[120.97891,14.47341],[120.97863,14.47341]]],[[[120.97909,14.4735],[120.979,14.47341],[120.979,14.4735],[120.97909,14.4735]]],[[[120.97937,14.47351],[120.97928,14.47333],[120.97928,14.47351],[120.97937,14.47351]]],[[[120.97297,14.47354],[120.97288,14.47345],[120.97288,14.47354],[120.97297,14.47354]]],[[[120.98827,14.4734],[120.98846,14.47358],[120.98846,14.47322],[120.98827,14.4734]]],[[[120.97863,14.47359],[120.97854,14.4735],[120.97853,14.47359],[120.97863,14.47359]]],[[[120.98836,14.47367],[120.98827,14.47358],[120.98827,14.47367],[120.98836,14.47367]]],[[[120.97334,14.47373],[120.97325,14.47364],[120.97325,14.47373],[120.97334,14.47373]]],[[[120.98475,14.47355],[120.98401,14.47346],[120.98475,14.47373],[120.98475,14.47355]]],[[[120.98707,14.47339],[120.98716,14.47375],[120.98716,14.47339],[120.98707,14.47339]]],[[[120.97826,14.47368],[120.97835,14.47377],[120.97835,14.47368],[120.97826,14.47368]]],[[[120.98901,14.47377],[120.98892,14.47359],[120.98883,14.47377],[120.98901,14.47377]]],[[[120.98493,14.47374],[120.98475,14.47382],[120.98493,14.47383],[120.98493,14.47374]]],[[[120.98706,14.47384],[120.98697,14.47375],[120.98697,14.47384],[120.98706,14.47384]]],[[[120.98039,14.47388],[120.98029,14.47379],[120.98029,14.47388],[120.98039,14.47388]]],[[[120.97825,14.47395],[120.97816,14.47377],[120.97816,14.47395],[120.97825,14.47395]]],[[[120.9726,14.47399],[120.9725,14.4739],[120.9725,14.47399],[120.9726,14.47399]]],[[[120.98679,14.47393],[120.98688,14.47402],[120.98688,14.47393],[120.98679,14.47393]]],[[[120.98011,14.47387],[120.9802,14.47406],[120.9802,14.47388],[120.98011,14.47387]]],[[[120.98512,14.47374],[120.9853,14.4741],[120.98521,14.47374],[120.98512,14.47374]]],[[[120.98678,14.47411],[120.98669,14.47402],[120.98669,14.47411],[120.98678,14.47411]]],[[[120.98771,14.47412],[120.98762,14.47403],[120.98762,14.47412],[120.98771,14.47412]]],[[[120.98892,14.47413],[120.98882,14.47404],[120.98882,14.47413],[120.98892,14.47413]]],[[[120.98919,14.47413],[120.98985,14.47351],[120.98948,14.47341],[120.98919,14.47413]]],[[[120.97083,14.47416],[120.97074,14.47407],[120.97074,14.47416],[120.97083,14.47416]]],[[[120.98474,14.47419],[120.98465,14.47391],[120.98465,14.47418],[120.98474,14.47419]]],[[[120.98493,14.47419],[120.98484,14.47401],[120.98484,14.47419],[120.98493,14.47419]]],[[[120.98094,14.47415],[120.98103,14.47424],[120.98103,14.47415],[120.98094,14.47415]]],[[[120.97454,14.47428],[120.97445,14.47419],[120.97445,14.47428],[120.97454,14.47428]]],[[[120.98752,14.4743],[120.98762,14.47421],[120.98752,14.47421],[120.98752,14.4743]]],[[[120.98122,14.47434],[120.98113,14.47424],[120.98112,14.47434],[120.98122,14.47434]]],[[[120.98548,14.47437],[120.98539,14.4741],[120.98539,14.47437],[120.98548,14.47437]]],[[[120.97602,14.47438],[120.97593,14.47429],[120.97593,14.47438],[120.97602,14.47438]]],[[[120.98771,14.4743],[120.98762,14.47439],[120.98771,14.47439],[120.98771,14.4743]]],[[[120.98966,14.47396],[120.98956,14.47441],[120.98966,14.47441],[120.98966,14.47396]]],[[[120.98511,14.47428],[120.98502,14.47437],[120.9852,14.47446],[120.98511,14.47428]]],[[[120.9878,14.47439],[120.98771,14.47448],[120.9878,14.47448],[120.9878,14.47439]]],[[[120.97779,14.4744],[120.97788,14.47449],[120.97788,14.4744],[120.97779,14.4744]]],[[[120.97816,14.47449],[120.97825,14.47431],[120.97816,14.47431],[120.97816,14.47449]]],[[[120.97825,14.47395],[120.97843,14.47449],[120.97871,14.4744],[120.97862,14.47404],[120.97825,14.47395]]],[[[120.98928,14.4745],[120.98919,14.4744],[120.98919,14.47449],[120.98928,14.4745]]],[[[120.97778,14.47458],[120.97769,14.47449],[120.97769,14.47458],[120.97778,14.47458]]],[[[120.97834,14.47449],[120.97825,14.47458],[120.97834,14.47458],[120.97834,14.47449]]],[[[120.98511,14.47464],[120.98493,14.47437],[120.98483,14.47455],[120.98511,14.47464]]],[[[120.97445,14.47455],[120.97472,14.47446],[120.97454,14.47437],[120.97445,14.47455]]],[[[120.98752,14.47466],[120.98743,14.47457],[120.98743,14.47466],[120.98752,14.47466]]],[[[120.98938,14.47468],[120.98928,14.47459],[120.98928,14.47468],[120.98938,14.47468]]],[[[120.97917,14.47468],[120.97908,14.47459],[120.97908,14.47468],[120.97917,14.47468]]],[[[120.98984,14.47441],[120.98975,14.47468],[120.99002,14.47468],[120.98984,14.47441]]],[[[120.98622,14.47474],[120.98613,14.47465],[120.98613,14.47474],[120.98622,14.47474]]],[[[120.98094,14.47424],[120.98048,14.47397],[120.98001,14.47442],[120.98011,14.47369],[120.97881,14.47377],[120.98047,14.47478],[120.98094,14.47424]]],[[[120.98502,14.47482],[120.98492,14.47473],[120.98492,14.47482],[120.98502,14.47482]]],[[[120.97463,14.47482],[120.97454,14.47473],[120.97454,14.47482],[120.97463,14.47482]]],[[[120.97537,14.47483],[120.97528,14.47474],[120.97528,14.47483],[120.97537,14.47483]]],[[[120.98715,14.47457],[120.98724,14.47484],[120.98724,14.47457],[120.98715,14.47457]]],[[[120.98937,14.47486],[120.98947,14.47477],[120.98937,14.47477],[120.98937,14.47486]]],[[[120.99012,14.47468],[120.9903,14.47487],[120.9904,14.47469],[120.99012,14.47468]]],[[[120.99234,14.47488],[120.99225,14.4747],[120.99225,14.47488],[120.99234,14.47488]]],[[[120.98529,14.47482],[120.98539,14.47491],[120.98539,14.47482],[120.98529,14.47482]]],[[[120.97704,14.47493],[120.97685,14.47484],[120.97685,14.47493],[120.97704,14.47493]]],[[[120.99067,14.47496],[120.99049,14.47478],[120.99049,14.47496],[120.99067,14.47496]]],[[[120.98066,14.47496],[120.98056,14.47487],[120.98056,14.47496],[120.98066,14.47496]]],[[[120.99169,14.47497],[120.9916,14.47488],[120.9916,14.47497],[120.99169,14.47497]]],[[[120.98529,14.475],[120.9852,14.47491],[120.9852,14.475],[120.98529,14.475]]],[[[120.98965,14.47486],[120.98947,14.47504],[120.98965,14.47495],[120.98965,14.47486]]],[[[120.99021,14.47505],[120.99012,14.47486],[120.99011,14.47504],[120.99021,14.47505]]],[[[120.99095,14.47478],[120.99077,14.47487],[120.99095,14.47505],[120.99095,14.47478]]],[[[120.98715,14.47511],[120.98706,14.47484],[120.98705,14.47511],[120.98715,14.47511]]],[[[120.98807,14.47512],[120.98798,14.47503],[120.98798,14.47512],[120.98807,14.47512]]],[[[120.98965,14.47504],[120.98956,14.47513],[120.98965,14.47513],[120.98965,14.47504]]],[[[120.99049,14.47505],[120.99021,14.47514],[120.99048,14.47514],[120.99049,14.47505]]],[[[120.99123,14.47505],[120.9915,14.47515],[120.99151,14.47497],[120.99123,14.47505]]],[[[120.99206,14.47497],[120.99188,14.47506],[120.99206,14.47515],[120.99206,14.47497]]],[[[120.97129,14.47515],[120.97119,14.47506],[120.97119,14.47515],[120.97129,14.47515]]],[[[120.9851,14.47518],[120.98501,14.47509],[120.98501,14.47518],[120.9851,14.47518]]],[[[120.97629,14.4752],[120.97667,14.47493],[120.97611,14.47502],[120.97629,14.4752]]],[[[120.9916,14.47515],[120.9915,14.47524],[120.9916,14.47524],[120.9916,14.47515]]],[[[120.97147,14.47525],[120.97138,14.47516],[120.97138,14.47525],[120.97147,14.47525]]],[[[120.97166,14.47525],[120.97175,14.47516],[120.97166,14.47516],[120.97166,14.47525]]],[[[120.98455,14.47527],[120.98446,14.47518],[120.98445,14.47527],[120.98455,14.47527]]],[[[120.98928,14.47522],[120.989,14.47531],[120.98928,14.47531],[120.98928,14.47522]]],[[[120.99132,14.47533],[120.99095,14.47514],[120.99095,14.47523],[120.99132,14.47533]]],[[[120.97184,14.47525],[120.97175,14.47534],[120.97184,14.47534],[120.97184,14.47525]]],[[[120.97564,14.47537],[120.97574,14.47528],[120.97564,14.47528],[120.97564,14.47537]]],[[[120.97667,14.47511],[120.97657,14.47538],[120.97666,14.47538],[120.97667,14.47511]]],[[[120.97694,14.47538],[120.97685,14.47529],[120.97685,14.47538],[120.97694,14.47538]]],[[[120.98779,14.47539],[120.9877,14.4753],[120.9877,14.47539],[120.98779,14.47539]]],[[[120.97175,14.47543],[120.97166,14.47534],[120.97165,14.47543],[120.97175,14.47543]]],[[[120.97045,14.47551],[120.97036,14.47542],[120.97036,14.47551],[120.97045,14.47551]]],[[[120.99326,14.47534],[120.99299,14.47543],[120.99326,14.47552],[120.99326,14.47534]]],[[[120.98343,14.47553],[120.98334,14.47544],[120.98334,14.47553],[120.98343,14.47553]]],[[[120.98427,14.47554],[120.98417,14.47545],[120.98417,14.47554],[120.98427,14.47554]]],[[[120.97601,14.47556],[120.97583,14.47528],[120.97574,14.47546],[120.97601,14.47556]]],[[[120.9762,14.47556],[120.97592,14.47519],[120.97611,14.47556],[120.9762,14.47556]]],[[[120.98761,14.47548],[120.98779,14.47557],[120.98779,14.47548],[120.98761,14.47548]]],[[[120.99215,14.4756],[120.99206,14.47551],[120.99206,14.4756],[120.99215,14.4756]]],[[[120.99363,14.47562],[120.99354,14.47544],[120.99336,14.47561],[120.99363,14.47562]]],[[[120.9761,14.47565],[120.97601,14.47556],[120.97601,14.47565],[120.9761,14.47565]]],[[[120.9876,14.47566],[120.98742,14.47556],[120.98742,14.47565],[120.9876,14.47566]]],[[[120.97026,14.4756],[120.97017,14.4756],[120.97026,14.47566],[120.97026,14.4756]]],[[[120.98056,14.47569],[120.98046,14.47559],[120.98046,14.47569],[120.98056,14.47569]]],[[[120.99113,14.47542],[120.99122,14.47551],[120.99132,14.47542],[120.99113,14.47542]]],[[[120.99159,14.47569],[120.9915,14.4756],[120.9915,14.47569],[120.99159,14.47569]]],[[[120.99178,14.47569],[120.99169,14.4756],[120.99169,14.47569],[120.99178,14.47569]]],[[[120.97184,14.4757],[120.97175,14.47561],[120.97175,14.4757],[120.97184,14.4757]]],[[[120.99131,14.47569],[120.99122,14.47578],[120.99131,14.47578],[120.99131,14.47569]]],[[[120.99196,14.47578],[120.99187,14.47569],[120.99187,14.47578],[120.99196,14.47578]]],[[[120.9927,14.47579],[120.9928,14.4757],[120.99271,14.4757],[120.9927,14.47579]]],[[[120.98278,14.4758],[120.98269,14.4757],[120.98269,14.47579],[120.98278,14.4758]]],[[[120.99076,14.47586],[120.99066,14.47577],[120.99066,14.47586],[120.99076,14.47586]]],[[[120.98046,14.47587],[120.98037,14.47577],[120.98037,14.47587],[120.98046,14.47587]]],[[[120.98232,14.47588],[120.98241,14.47579],[120.98232,14.47579],[120.98232,14.47588]]],[[[120.97601,14.47592],[120.97592,14.47583],[120.97592,14.47592],[120.97601,14.47592]]],[[[120.99001,14.47595],[120.98992,14.47586],[120.98992,14.47595],[120.99001,14.47595]]],[[[120.99289,14.47579],[120.9928,14.47597],[120.99289,14.47597],[120.99289,14.47579]]],[[[120.9825,14.47588],[120.98241,14.47597],[120.9825,14.47597],[120.9825,14.47588]]],[[[120.98992,14.47604],[120.98983,14.47595],[120.98983,14.47604],[120.98992,14.47604]]],[[[120.98269,14.47598],[120.98287,14.47607],[120.98287,14.47589],[120.98269,14.47598]]],[[[120.98185,14.47615],[120.98176,14.47606],[120.98176,14.47615],[120.98185,14.47615]]],[[[120.99298,14.47615],[120.99289,14.47606],[120.99289,14.47615],[120.99298,14.47615]]],[[[120.97897,14.47621],[120.97888,14.47612],[120.97888,14.47621],[120.97897,14.47621]]],[[[120.99048,14.47568],[120.99029,14.47586],[120.99038,14.47622],[120.99048,14.47568]]],[[[120.99233,14.47606],[120.9927,14.47624],[120.99279,14.47606],[120.99233,14.47606]]],[[[120.98751,14.4762],[120.98741,14.47629],[120.98751,14.47629],[120.98751,14.4762]]],[[[120.99001,14.47631],[120.98983,14.47613],[120.98982,14.47631],[120.99001,14.47631]]],[[[120.99029,14.47631],[120.9902,14.47622],[120.9902,14.47631],[120.99029,14.47631]]],[[[120.99251,14.47633],[120.99242,14.47624],[120.99242,14.47633],[120.99251,14.47633]]],[[[120.9825,14.47634],[120.98241,14.47624],[120.9824,14.47633],[120.9825,14.47634]]],[[[120.98454,14.47626],[120.98445,14.47635],[120.98454,14.47635],[120.98454,14.47626]]],[[[120.98686,14.47556],[120.98714,14.47628],[120.98732,14.47638],[120.98723,14.47556],[120.98686,14.47556]]],[[[120.9876,14.47629],[120.98751,14.47638],[120.9876,14.47638],[120.9876,14.47629]]],[[[120.97879,14.47639],[120.9787,14.4763],[120.97869,14.47639],[120.97879,14.47639]]],[[[120.98945,14.47639],[120.98955,14.47631],[120.98945,14.4763],[120.98945,14.47639]]],[[[120.98964,14.47631],[120.98973,14.4764],[120.98973,14.47631],[120.98964,14.47631]]],[[[120.99019,14.4764],[120.9901,14.47631],[120.9901,14.4764],[120.99019,14.4764]]],[[[120.98046,14.47641],[120.98036,14.47632],[120.98036,14.47641],[120.98046,14.47641]]],[[[120.99121,14.47641],[120.99112,14.47632],[120.99112,14.47641],[120.99121,14.47641]]],[[[120.98148,14.47642],[120.98138,14.47633],[120.98138,14.47642],[120.98148,14.47642]]],[[[120.98472,14.47644],[120.98463,14.47635],[120.98463,14.47644],[120.98472,14.47644]]],[[[120.98741,14.47638],[120.98732,14.47647],[120.98741,14.47647],[120.98741,14.47638]]],[[[120.99038,14.4764],[120.99019,14.47649],[120.99038,14.47649],[120.99038,14.4764]]],[[[120.98064,14.4765],[120.98055,14.47641],[120.98055,14.4765],[120.98064,14.4765]]],[[[120.99242,14.47651],[120.99233,14.47633],[120.99233,14.47651],[120.99242,14.47651]]],[[[120.97851,14.47657],[120.97842,14.47639],[120.97841,14.47657],[120.97851,14.47657]]],[[[120.98973,14.47658],[120.98955,14.4764],[120.98954,14.47658],[120.98973,14.47658]]],[[[120.98769,14.47665],[120.9876,14.47647],[120.9876,14.47665],[120.98769,14.47665]]],[[[120.99038,14.47667],[120.99029,14.47658],[120.99029,14.47667],[120.99038,14.47667]]],[[[120.97229,14.47661],[120.97239,14.4767],[120.97239,14.47661],[120.97229,14.47661]]],[[[120.98509,14.47672],[120.985,14.47663],[120.985,14.47672],[120.98509,14.47672]]],[[[120.98667,14.47673],[120.98667,14.47619],[120.98658,14.47619],[120.98639,14.47655],[120.98667,14.47673]]],[[[120.99066,14.47677],[120.99056,14.47668],[120.99056,14.47677],[120.99066,14.47677]]],[[[120.9914,14.47677],[120.99131,14.47659],[120.9913,14.47677],[120.9914,14.47677]]],[[[120.99232,14.47678],[120.99223,14.47669],[120.99223,14.47678],[120.99232,14.47678]]],[[[120.97229,14.47679],[120.9722,14.4767],[120.9722,14.47679],[120.97229,14.47679]]],[[[120.98314,14.47679],[120.98352,14.47662],[120.98305,14.47643],[120.98314,14.47679]]],[[[120.98676,14.47673],[120.98667,14.47682],[120.98676,14.47682],[120.98676,14.47673]]],[[[120.99084,14.47695],[120.99093,14.47686],[120.99084,14.47686],[120.99084,14.47695]]],[[[120.99112,14.47686],[120.99121,14.47695],[120.99121,14.47686],[120.99112,14.47686]]],[[[120.98445,14.47635],[120.98389,14.47626],[120.98426,14.47635],[120.98416,14.47698],[120.98445,14.47635]]],[[[120.99112,14.47704],[120.99093,14.47695],[120.99093,14.47704],[120.99112,14.47704]]],[[[120.98722,14.4771],[120.98713,14.47701],[120.98713,14.4771],[120.98722,14.4771]]],[[[120.98945,14.47712],[120.98936,14.47657],[120.98926,14.47712],[120.98945,14.47712]]],[[[120.98444,14.47698],[120.98434,14.47716],[120.98444,14.47717],[120.98444,14.47698]]],[[[120.98666,14.47718],[120.98657,14.47709],[120.98657,14.47718],[120.98666,14.47718]]],[[[120.9875,14.47719],[120.98759,14.47683],[120.9875,14.47683],[120.9875,14.47719]]],[[[120.98397,14.47725],[120.98416,14.47707],[120.98388,14.47707],[120.98397,14.47725]]],[[[120.98453,14.47717],[120.98444,14.47726],[120.98453,14.47726],[120.98453,14.47717]]],[[[120.97423,14.47726],[120.97414,14.47717],[120.97414,14.47726],[120.97423,14.47726]]],[[[120.98768,14.47719],[120.98759,14.47728],[120.98768,14.47728],[120.98768,14.47719]]],[[[120.98935,14.4773],[120.98926,14.47721],[120.98926,14.4773],[120.98935,14.4773]]],[[[120.98323,14.47734],[120.98314,14.47724],[120.98314,14.47733],[120.98323,14.47734]]],[[[120.98685,14.47737],[120.98676,14.47728],[120.98675,14.47737],[120.98685,14.47737]]],[[[120.99186,14.47732],[120.99204,14.47741],[120.99204,14.47732],[120.99186,14.47732]]],[[[120.98434,14.47735],[120.98416,14.47743],[120.98434,14.47744],[120.98434,14.47735]]],[[[120.99185,14.4775],[120.99176,14.47741],[120.99176,14.4775],[120.99185,14.4775]]],[[[120.99213,14.4775],[120.99223,14.47741],[120.99213,14.47741],[120.99213,14.4775]]],[[[120.99278,14.47751],[120.9926,14.47733],[120.9926,14.47751],[120.99278,14.47751]]],[[[120.98351,14.47752],[120.98342,14.47743],[120.98341,14.47752],[120.98351,14.47752]]],[[[120.98444,14.47744],[120.98434,14.47753],[120.98443,14.47753],[120.98444,14.47744]]],[[[120.99176,14.47759],[120.99167,14.4775],[120.99167,14.47759],[120.99176,14.47759]]],[[[120.99232,14.4775],[120.99222,14.47759],[120.99232,14.47759],[120.99232,14.4775]]],[[[120.98453,14.47753],[120.98443,14.47762],[120.98453,14.47762],[120.98453,14.47753]]],[[[120.98916,14.47757],[120.98926,14.47766],[120.98926,14.47757],[120.98916,14.47757]]],[[[120.99167,14.47768],[120.99158,14.47759],[120.99157,14.47768],[120.99167,14.47768]]],[[[120.99287,14.47769],[120.99297,14.4776],[120.99287,14.4776],[120.99287,14.47769]]],[[[120.9862,14.47754],[120.98592,14.47772],[120.98619,14.47772],[120.9862,14.47754]]],[[[120.98916,14.47775],[120.98907,14.47766],[120.98907,14.47775],[120.98916,14.47775]]],[[[120.99102,14.47776],[120.99093,14.47758],[120.99092,14.47776],[120.99102,14.47776]]],[[[120.99157,14.47777],[120.99148,14.47768],[120.99148,14.47777],[120.99157,14.47777]]],[[[120.98165,14.47777],[120.98156,14.4775],[120.98156,14.47777],[120.98165,14.47777]]],[[[120.99278,14.47778],[120.99269,14.47769],[120.99269,14.47778],[120.99278,14.47778]]],[[[120.99306,14.47769],[120.99296,14.47778],[120.99306,14.47778],[120.99306,14.47769]]],[[[120.9835,14.47779],[120.98341,14.4777],[120.98341,14.47779],[120.9835,14.47779]]],[[[120.98518,14.47735],[120.98518,14.47681],[120.98453,14.47726],[120.98545,14.47781],[120.98546,14.47717],[120.98518,14.47735]]],[[[120.98879,14.47783],[120.98861,14.47774],[120.98861,14.47783],[120.98879,14.47783]]],[[[120.9913,14.47777],[120.99139,14.47786],[120.99139,14.47777],[120.9913,14.47777]]],[[[120.97358,14.47789],[120.97349,14.47779],[120.97349,14.47788],[120.97358,14.47789]]],[[[120.97404,14.47789],[120.97395,14.4778],[120.97395,14.47789],[120.97404,14.47789]]],[[[120.99129,14.47795],[120.9912,14.47786],[120.9912,14.47795],[120.99129,14.47795]]],[[[120.97423,14.47798],[120.97414,14.47789],[120.97414,14.47798],[120.97423,14.47798]]],[[[120.98248,14.47805],[120.98239,14.47796],[120.98239,14.47805],[120.98248,14.47805]]],[[[120.98554,14.47808],[120.98545,14.47799],[120.98545,14.47808],[120.98554,14.47808]]],[[[120.98294,14.47815],[120.98276,14.47805],[120.98276,14.47814],[120.98294,14.47815]]],[[[120.99064,14.4783],[120.99055,14.47821],[120.99055,14.4783],[120.99064,14.4783]]],[[[120.99287,14.47832],[120.99296,14.47823],[120.99287,14.47823],[120.99287,14.47832]]],[[[120.98758,14.47828],[120.98786,14.47819],[120.98768,14.4781],[120.98758,14.47828]]],[[[120.99102,14.47794],[120.99083,14.47848],[120.9911,14.47849],[120.99102,14.47794]]],[[[120.99277,14.4785],[120.99287,14.47841],[120.99277,14.47841],[120.99277,14.4785]]],[[[120.99129,14.47858],[120.9912,14.47849],[120.9912,14.47858],[120.99129,14.47858]]],[[[120.99333,14.47851],[120.99324,14.4786],[120.99333,14.4786],[120.99333,14.47851]]],[[[120.99379,14.4786],[120.9937,14.47851],[120.9937,14.4786],[120.99379,14.4786]]],[[[120.98711,14.47863],[120.98693,14.47818],[120.98693,14.47863],[120.98711,14.47863]]],[[[120.99286,14.47859],[120.99324,14.47796],[120.99287,14.47787],[120.99286,14.47859]]],[[[120.97506,14.47871],[120.97525,14.47835],[120.97488,14.47808],[120.9746,14.47835],[120.97506,14.47871]]],[[[120.99286,14.47886],[120.99259,14.47868],[120.99258,14.47877],[120.99286,14.47886]]],[[[120.97589,14.47899],[120.97598,14.47908],[120.97598,14.47899],[120.97589,14.47899]]],[[[120.97589,14.47917],[120.9758,14.47908],[120.97579,14.47917],[120.97589,14.47917]]],[[[120.9757,14.47926],[120.97561,14.47917],[120.97561,14.47926],[120.9757,14.47926]]],[[[120.99527,14.47952],[120.99518,14.47934],[120.99517,14.47952],[120.99527,14.47952]]],[[[120.9757,14.47953],[120.97552,14.47908],[120.97487,14.47889],[120.97524,14.47935],[120.9757,14.47953]]],[[[120.9923,14.47904],[120.99193,14.47904],[120.99202,14.47958],[120.99258,14.47949],[120.9923,14.47904]]],[[[120.97579,14.47953],[120.9757,14.47962],[120.97579,14.47962],[120.97579,14.47953]]],[[[120.99276,14.47968],[120.99267,14.47959],[120.99267,14.47968],[120.99276,14.47968]]],[[[120.99211,14.47976],[120.99202,14.47967],[120.99202,14.47976],[120.99211,14.47976]]],[[[120.99499,14.4797],[120.99536,14.47979],[120.99545,14.47952],[120.99499,14.4797]]],[[[120.9923,14.47994],[120.9922,14.47985],[120.9922,14.47994],[120.9923,14.47994]]],[[[120.99508,14.47997],[120.99499,14.47988],[120.99499,14.47997],[120.99508,14.47997]]],[[[120.99332,14.48004],[120.99322,14.47995],[120.99322,14.48004],[120.99332,14.48004]]],[[[120.99498,14.48015],[120.99489,14.48006],[120.99489,14.48015],[120.99498,14.48015]]],[[[120.99266,14.48022],[120.99257,14.48013],[120.99257,14.48022],[120.99266,14.48022]]],[[[120.97653,14.48035],[120.97662,14.48026],[120.97653,14.48026],[120.97653,14.48035]]],[[[120.9935,14.48041],[120.99341,14.48031],[120.9934,14.4804],[120.9935,14.48041]]],[[[120.97727,14.48027],[120.97736,14.48045],[120.97736,14.48027],[120.97727,14.48027]]],[[[120.99303,14.48049],[120.99313,14.4804],[120.99303,14.4804],[120.99303,14.48049]]],[[[120.98849,14.48045],[120.98867,14.48054],[120.98867,14.48045],[120.98849,14.48045]]],[[[120.99322,14.48049],[120.99312,14.48058],[120.99322,14.48058],[120.99322,14.48049]]],[[[120.9934,14.48059],[120.99331,14.48049],[120.99331,14.48058],[120.9934,14.48059]]],[[[120.97727,14.48063],[120.97717,14.48045],[120.97717,14.48063],[120.97727,14.48063]]],[[[120.98849,14.48063],[120.9884,14.48054],[120.98839,14.48063],[120.98849,14.48063]]],[[[120.97736,14.48063],[120.97726,14.48081],[120.97736,14.48081],[120.97736,14.48063]]],[[[120.97745,14.48081],[120.97736,14.4809],[120.97745,14.4809],[120.97745,14.48081]]],[[[120.978,14.481],[120.9781,14.48091],[120.978,14.48091],[120.978,14.481]]],[[[120.97819,14.481],[120.9781,14.48109],[120.97819,14.48109],[120.97819,14.481]]],[[[120.97726,14.48117],[120.97699,14.48054],[120.97662,14.48035],[120.97726,14.48117]]],[[[120.97754,14.48108],[120.97763,14.48117],[120.97763,14.48108],[120.97754,14.48108]]],[[[120.97754,14.48126],[120.97745,14.48117],[120.97744,14.48126],[120.97754,14.48126]]],[[[120.97819,14.48118],[120.97828,14.48127],[120.97828,14.48118],[120.97819,14.48118]]],[[[120.97819,14.48136],[120.97809,14.48127],[120.97809,14.48136],[120.97819,14.48136]]],[[[120.99488,14.48186],[120.99478,14.48177],[120.99478,14.48186],[120.99488,14.48186]]],[[[120.9958,14.48196],[120.99562,14.48187],[120.99562,14.48196],[120.9958,14.48196]]],[[[120.99367,14.48203],[120.99358,14.48194],[120.99358,14.48203],[120.99367,14.48203]]],[[[120.99525,14.48205],[120.99515,14.48196],[120.99515,14.48205],[120.99525,14.48205]]],[[[120.98569,14.48206],[120.98551,14.48178],[120.98551,14.48205],[120.98569,14.48206]]],[[[120.99302,14.48203],[120.9932,14.48212],[120.9932,14.48203],[120.99302,14.48203]]],[[[120.99589,14.48223],[120.9958,14.48214],[120.9958,14.48223],[120.99589,14.48223]]],[[[120.99431,14.4824],[120.99422,14.48213],[120.99422,14.4824],[120.99431,14.4824]]],[[[120.99552,14.48223],[120.99534,14.48232],[120.99552,14.48241],[120.99552,14.48223]]],[[[120.97864,14.48236],[120.97873,14.48245],[120.97873,14.48236],[120.97864,14.48236]]],[[[120.98726,14.48252],[120.98708,14.48243],[120.98708,14.48252],[120.98726,14.48252]]],[[[120.98847,14.48253],[120.98875,14.48235],[120.98857,14.48208],[120.98838,14.48208],[120.98847,14.48253]]],[[[120.98893,14.48254],[120.98884,14.48244],[120.98884,14.48253],[120.98893,14.48254]]],[[[120.97827,14.48244],[120.97818,14.4819],[120.978,14.4819],[120.97827,14.48244]]],[[[120.98912,14.48254],[120.98903,14.48245],[120.98903,14.48254],[120.98912,14.48254]]],[[[120.99292,14.48257],[120.99283,14.48221],[120.99283,14.48257],[120.99292,14.48257]]],[[[120.98847,14.48262],[120.98838,14.48253],[120.98838,14.48262],[120.98847,14.48262]]],[[[120.98745,14.4827],[120.98736,14.48252],[120.98736,14.4827],[120.98745,14.4827]]],[[[120.98838,14.48271],[120.98828,14.48262],[120.98828,14.48271],[120.98838,14.48271]]],[[[120.98708,14.48279],[120.98698,14.4827],[120.98698,14.48279],[120.98708,14.48279]]],[[[120.98782,14.4828],[120.98773,14.48252],[120.98763,14.4828],[120.98782,14.4828]]],[[[120.98717,14.48297],[120.98698,14.48288],[120.98698,14.48297],[120.98717,14.48297]]],[[[120.98782,14.48298],[120.98772,14.48289],[120.98772,14.48298],[120.98782,14.48298]]],[[[120.98958,14.48308],[120.98967,14.48299],[120.98958,14.48299],[120.98958,14.48308]]],[[[120.98717,14.48306],[120.98744,14.48316],[120.98745,14.48306],[120.98717,14.48306]]],[[[120.9919,14.4831],[120.99199,14.48319],[120.99199,14.4831],[120.9919,14.4831]]],[[[120.98856,14.48326],[120.98846,14.48316],[120.98846,14.48325],[120.98856,14.48326]]],[[[120.979,14.48308],[120.97845,14.48263],[120.979,14.48326],[120.979,14.48308]]],[[[120.98976,14.48308],[120.98967,14.48326],[120.98976,14.48327],[120.98976,14.48308]]],[[[120.99171,14.48328],[120.9918,14.4831],[120.99162,14.4831],[120.99171,14.48328]]],[[[120.98716,14.48333],[120.98707,14.48315],[120.98707,14.48333],[120.98716,14.48333]]],[[[120.98754,14.48316],[120.98744,14.48334],[120.98754,14.48334],[120.98754,14.48316]]],[[[120.9791,14.48326],[120.979,14.48335],[120.9791,14.48335],[120.9791,14.48326]]],[[[120.99217,14.48329],[120.99189,14.48337],[120.99217,14.48347],[120.99217,14.48329]]],[[[120.99199,14.48356],[120.99189,14.48346],[120.99189,14.48355],[120.99199,14.48356]]],[[[120.9918,14.48364],[120.99171,14.48355],[120.99171,14.48364],[120.9918,14.48364]]],[[[120.98985,14.48372],[120.98976,14.48354],[120.98976,14.48372],[120.98985,14.48372]]],[[[120.99152,14.48364],[120.99161,14.48373],[120.99161,14.48364],[120.99152,14.48364]]],[[[120.98707,14.48378],[120.98698,14.48342],[120.98697,14.48378],[120.98707,14.48378]]],[[[120.98753,14.4837],[120.98762,14.48379],[120.98762,14.4837],[120.98753,14.4837]]],[[[120.98753,14.48388],[120.98735,14.48379],[120.98735,14.48388],[120.98753,14.48388]]],[[[120.98864,14.48389],[120.98855,14.4838],[120.98855,14.48389],[120.98864,14.48389]]],[[[120.98966,14.48381],[120.98976,14.4839],[120.98976,14.48381],[120.98966,14.48381]]],[[[120.99143,14.48391],[120.99133,14.48373],[120.99124,14.48391],[120.99143,14.48391]]],[[[120.98725,14.48397],[120.98707,14.48387],[120.98707,14.48397],[120.98725,14.48397]]],[[[120.98966,14.48408],[120.98948,14.48399],[120.98948,14.48408],[120.98966,14.48408]]],[[[120.98883,14.48398],[120.98901,14.48407],[120.98901,14.48398],[120.98883,14.48398]]],[[[120.98948,14.48417],[120.98911,14.48407],[120.9891,14.48416],[120.98948,14.48417]]],[[[120.97973,14.48444],[120.97983,14.48435],[120.97974,14.48435],[120.97973,14.48444]]],[[[120.99123,14.48463],[120.99096,14.48382],[120.99114,14.48463],[120.99123,14.48463]]],[[[120.9801,14.48463],[120.97983,14.48463],[120.9801,14.48481],[120.9801,14.48463]]],[[[120.99105,14.48481],[120.99095,14.48472],[120.99095,14.48481],[120.99105,14.48481]]],[[[120.9802,14.48481],[120.9801,14.4849],[120.98019,14.4849],[120.9802,14.48481]]],[[[120.99068,14.48472],[120.99077,14.4849],[120.99077,14.48472],[120.99068,14.48472]]],[[[120.99067,14.48499],[120.99058,14.4849],[120.99058,14.48499],[120.99067,14.48499]]],[[[120.99058,14.48508],[120.99049,14.48499],[120.99049,14.48508],[120.99058,14.48508]]],[[[120.98019,14.48517],[120.98047,14.48517],[120.98019,14.48499],[120.98019,14.48517]]],[[[120.98056,14.48536],[120.98047,14.48544],[120.98056,14.48545],[120.98056,14.48536]]],[[[120.99252,14.486],[120.99243,14.48591],[120.99243,14.486],[120.99252,14.486]]],[[[120.98983,14.48643],[120.98974,14.48625],[120.98973,14.48643],[120.98983,14.48643]]],[[[120.99065,14.48716],[120.99075,14.48725],[120.99075,14.48716],[120.99065,14.48716]]],[[[120.99065,14.48734],[120.99056,14.48725],[120.99056,14.48734],[120.99065,14.48734]]],[[[120.98935,14.48751],[120.98926,14.48742],[120.98926,14.4876],[120.98935,14.48751]]],[[[120.98963,14.48751],[120.98954,14.4876],[120.98963,14.4876],[120.98963,14.48751]]],[[[120.98935,14.48787],[120.98963,14.48778],[120.98935,14.48769],[120.98935,14.48787]]],[[[120.99769,14.48894],[120.99778,14.48867],[120.99769,14.48866],[120.99769,14.48894]]],[[[120.99787,14.48894],[120.99778,14.48903],[120.99787,14.48903],[120.99787,14.48894]]],[[[120.99249,14.48916],[120.99258,14.48907],[120.99249,14.48907],[120.99249,14.48916]]],[[[120.99796,14.4893],[120.99806,14.48921],[120.99796,14.48921],[120.99796,14.4893]]],[[[120.99268,14.48916],[120.99258,14.48934],[120.99268,14.48934],[120.99268,14.48916]]],[[[120.99815,14.4893],[120.99805,14.48939],[120.99815,14.48939],[120.99815,14.4893]]],[[[120.99824,14.48939],[120.99815,14.48948],[120.99824,14.48948],[120.99824,14.48939]]],[[[120.99277,14.48935],[120.99267,14.48953],[120.99277,14.48953],[120.99277,14.48935]]],[[[120.99852,14.48958],[120.99842,14.48948],[120.99842,14.48957],[120.99852,14.48958]]],[[[120.99861,14.48967],[120.9987,14.48958],[120.99861,14.48958],[120.99861,14.48967]]],[[[120.99879,14.48967],[120.9987,14.48976],[120.99879,14.48976],[120.99879,14.48967]]],[[[120.99889,14.48976],[120.99879,14.48985],[120.99888,14.48985],[120.99889,14.48976]]],[[[120.99879,14.48994],[120.9987,14.48985],[120.9987,14.48994],[120.99879,14.48994]]],[[[120.99295,14.48971],[120.99276,14.4898],[120.99295,14.48998],[120.99295,14.48971]]],[[[120.99888,14.48994],[120.99879,14.49003],[120.99888,14.49003],[120.99888,14.48994]]],[[[120.99898,14.49003],[120.99888,14.49021],[120.99897,14.49021],[120.99898,14.49003]]],[[[120.99285,14.49025],[120.99276,14.48998],[120.99276,14.49025],[120.99285,14.49025]]],[[[120.99276,14.49034],[120.99267,14.49025],[120.99267,14.49034],[120.99276,14.49034]]],[[[120.99907,14.49039],[120.99888,14.4903],[120.99888,14.49039],[120.99907,14.49039]]],[[[120.99266,14.49061],[120.99257,14.49052],[120.99257,14.49061],[120.99266,14.49061]]],[[[120.99851,14.49075],[120.99869,14.49084],[120.99869,14.49075],[120.99851,14.49075]]],[[[120.99257,14.4907],[120.99266,14.49097],[120.99266,14.4907],[120.99257,14.4907]]],[[[120.99257,14.49106],[120.99248,14.49097],[120.99247,14.49106],[120.99257,14.49106]]],[[[120.98274,14.49107],[120.98264,14.49098],[120.98264,14.49107],[120.98274,14.49107]]],[[[120.99247,14.49115],[120.99238,14.49106],[120.99238,14.49115],[120.99247,14.49115]]],[[[120.99247,14.49178],[120.99238,14.4916],[120.99237,14.49178],[120.99247,14.49178]]],[[[120.99692,14.49182],[120.99683,14.49173],[120.99683,14.49182],[120.99692,14.49182]]],[[[120.99219,14.49187],[120.9921,14.49178],[120.9921,14.49187],[120.99219,14.49187]]],[[[120.99209,14.49205],[120.992,14.49196],[120.992,14.49205],[120.99209,14.49205]]],[[[120.9971,14.49209],[120.99701,14.492],[120.99701,14.49209],[120.9971,14.49209]]],[[[120.99691,14.49254],[120.99682,14.49227],[120.99682,14.49254],[120.99691,14.49254]]],[[[120.99719,14.49255],[120.9971,14.49246],[120.9971,14.49255],[120.99719,14.49255]]],[[[120.9957,14.4929],[120.99561,14.4928],[120.99561,14.49289],[120.9957,14.4929]]],[[[120.9971,14.49291],[120.997,14.49282],[120.997,14.49291],[120.9971,14.49291]]],[[[120.99579,14.49317],[120.9957,14.49308],[120.9957,14.49317],[120.99579,14.49317]]],[[[120.99654,14.49308],[120.99626,14.49317],[120.99654,14.49317],[120.99654,14.49308]]],[[[120.98967,14.4933],[120.98949,14.4932],[120.98949,14.49329],[120.98967,14.4933]]],[[[120.99505,14.49325],[120.99514,14.49334],[120.99514,14.49325],[120.99505,14.49325]]],[[[120.99468,14.49334],[120.99477,14.49343],[120.99477,14.49334],[120.99468,14.49334]]],[[[120.99505,14.49343],[120.99496,14.49334],[120.99496,14.49343],[120.99505,14.49343]]],[[[120.99236,14.4935],[120.99227,14.49341],[120.99227,14.4935],[120.99236,14.4935]]],[[[120.99468,14.49352],[120.99459,14.49343],[120.99459,14.49352],[120.99468,14.49352]]],[[[120.98846,14.49374],[120.98837,14.49365],[120.98837,14.49374],[120.98846,14.49374]]],[[[120.99245,14.49377],[120.99236,14.49368],[120.99236,14.49377],[120.99245,14.49377]]],[[[120.98985,14.49375],[120.98967,14.49384],[120.98985,14.49393],[120.98985,14.49375]]],[[[120.98809,14.494],[120.988,14.49391],[120.988,14.494],[120.98809,14.494]]],[[[120.99254,14.49422],[120.99245,14.49404],[120.99245,14.49422],[120.99254,14.49422]]],[[[121.00024,14.49438],[121.00005,14.49429],[121.00005,14.49438],[121.00024,14.49438]]],[[[120.98994,14.49438],[120.98966,14.49411],[120.98975,14.49438],[120.98994,14.49438]]],[[[120.99226,14.49449],[120.99244,14.49431],[120.99226,14.4944],[120.99226,14.49449]]],[[[120.99254,14.49449],[120.99244,14.49467],[120.99253,14.49468],[120.99254,14.49449]]],[[[120.99198,14.49467],[120.99226,14.49458],[120.99198,14.49458],[120.99198,14.49467]]],[[[120.99235,14.49476],[120.99225,14.49485],[120.99235,14.49485],[120.99235,14.49476]]],[[[120.99262,14.49495],[120.99244,14.49476],[120.99244,14.49495],[120.99262,14.49495]]],[[[120.99977,14.49501],[120.99967,14.49492],[120.99967,14.49501],[120.99977,14.49501]]],[[[120.99021,14.49511],[120.99012,14.49502],[120.99012,14.49511],[120.99021,14.49511]]],[[[120.99244,14.49513],[120.99235,14.49504],[120.99234,14.49513],[120.99244,14.49513]]],[[[121.00014,14.49519],[121.00004,14.4951],[121.00004,14.49519],[121.00014,14.49519]]],[[[120.99244,14.4954],[120.99234,14.49531],[120.99234,14.4954],[120.99244,14.4954]]],[[[120.99281,14.4954],[120.99271,14.49531],[120.99271,14.4954],[120.99281,14.4954]]],[[[120.99308,14.4954],[120.99299,14.49531],[120.99299,14.4954],[120.99308,14.4954]]],[[[120.98974,14.49556],[120.98965,14.49546],[120.98965,14.49555],[120.98974,14.49556]]],[[[120.99123,14.49566],[120.99114,14.49548],[120.99113,14.49566],[120.99123,14.49566]]],[[[120.98919,14.49573],[120.98928,14.49564],[120.98919,14.49564],[120.98919,14.49573]]],[[[120.99929,14.49591],[120.9992,14.49582],[120.9992,14.49591],[120.99929,14.49591]]],[[[120.98937,14.49573],[120.98928,14.49591],[120.98937,14.49591],[120.98937,14.49573]]],[[[120.99354,14.49613],[120.99345,14.49604],[120.99345,14.49613],[120.99354,14.49613]]],[[[120.98937,14.49609],[120.98946,14.49619],[120.98946,14.49609],[120.98937,14.49609]]],[[[120.994,14.49622],[120.99391,14.49613],[120.99391,14.49622],[120.994,14.49622]]],[[[120.98937,14.49627],[120.98927,14.49618],[120.98927,14.49627],[120.98937,14.49627]]],[[[120.99104,14.49638],[120.99094,14.49629],[120.99094,14.49638],[120.99104,14.49638]]],[[[120.98946,14.49646],[120.98937,14.49637],[120.98936,14.49646],[120.98946,14.49646]]],[[[120.98983,14.49655],[120.98974,14.49646],[120.98973,14.49655],[120.98983,14.49655]]],[[[120.98936,14.49655],[120.98946,14.49664],[120.98946,14.49655],[120.98936,14.49655]]],[[[120.98936,14.49673],[120.98927,14.49664],[120.98927,14.49673],[120.98936,14.49673]]],[[[120.99057,14.49674],[120.99048,14.49665],[120.99048,14.49674],[120.99057,14.49674]]],[[[120.99103,14.49674],[120.99094,14.49665],[120.99094,14.49674],[120.99103,14.49674]]],[[[120.9914,14.49683],[120.99131,14.49674],[120.99131,14.49683],[120.9914,14.49683]]],[[[120.98927,14.49691],[120.98918,14.49673],[120.98918,14.49691],[120.98927,14.49691]]],[[[120.99112,14.49692],[120.99103,14.49683],[120.99103,14.49692],[120.99112,14.49692]]],[[[120.99975,14.497],[120.99966,14.4969],[120.99966,14.497],[120.99975,14.497]]],[[[120.99956,14.49708],[120.99938,14.49699],[120.99938,14.49708],[120.99956,14.49708]]],[[[120.99836,14.49716],[120.99826,14.49707],[120.99826,14.49716],[120.99836,14.49716]]],[[[120.98927,14.49709],[120.98936,14.49718],[120.98936,14.49709],[120.98927,14.49709]]],[[[120.98964,14.497],[120.98945,14.49709],[120.98964,14.49718],[120.98964,14.497]]],[[[120.99158,14.4972],[120.99149,14.49711],[120.99149,14.4972],[120.99158,14.4972]]],[[[120.98926,14.49727],[120.98917,14.49718],[120.98917,14.49727],[120.98926,14.49727]]],[[[120.99891,14.49735],[120.99882,14.49726],[120.99882,14.49735],[120.99891,14.49735]]],[[[120.9888,14.49735],[120.98871,14.49726],[120.98871,14.49735],[120.9888,14.49735]]],[[[120.99807,14.49743],[120.99798,14.49734],[120.99798,14.49743],[120.99807,14.49743]]],[[[120.99835,14.49726],[120.99872,14.49735],[120.99863,14.49717],[120.99835,14.49726]]],[[[120.98936,14.49736],[120.98945,14.49745],[120.98945,14.49736],[120.98936,14.49736]]],[[[120.98973,14.49745],[120.98954,14.49736],[120.98954,14.49745],[120.98973,14.49745]]],[[[120.99158,14.49756],[120.99167,14.49747],[120.99158,14.49747],[120.99158,14.49756]]],[[[120.99779,14.49761],[120.9977,14.49752],[120.9977,14.49761],[120.99779,14.49761]]],[[[120.99177,14.49756],[120.99167,14.49765],[120.99177,14.49765],[120.99177,14.49756]]],[[[120.98935,14.49763],[120.98908,14.49754],[120.98917,14.49781],[120.98935,14.49763]]],[[[120.99835,14.49771],[120.99807,14.4977],[120.99835,14.49789],[120.99835,14.49771]]],[[[120.98935,14.49781],[120.98926,14.4979],[120.98935,14.4979],[120.98935,14.49781]]],[[[120.98898,14.49799],[120.98889,14.49781],[120.98889,14.49799],[120.98898,14.49799]]],[[[120.98972,14.49799],[120.98963,14.4979],[120.98963,14.49799],[120.98972,14.49799]]],[[[120.99167,14.49801],[120.99158,14.49792],[120.99158,14.49801],[120.99167,14.49801]]],[[[120.98972,14.49818],[120.98981,14.49809],[120.98972,14.49809],[120.98972,14.49818]]],[[[120.98851,14.49835],[120.98842,14.49825],[120.98842,14.49835],[120.98851,14.49835]]],[[[120.98981,14.49818],[120.99,14.49836],[120.99018,14.49836],[120.99009,14.498],[120.98981,14.49818]]],[[[120.98907,14.49844],[120.98898,14.49835],[120.98898,14.49844],[120.98907,14.49844]]],[[[120.99037,14.49836],[120.99018,14.49845],[120.99037,14.49845],[120.99037,14.49836]]],[[[120.99046,14.49845],[120.99037,14.49854],[120.99046,14.49854],[120.99046,14.49845]]],[[[120.9886,14.49862],[120.98851,14.49853],[120.98851,14.49862],[120.9886,14.49862]]],[[[120.99343,14.49866],[120.99333,14.49857],[120.99333,14.49866],[120.99343,14.49866]]],[[[120.99027,14.49872],[120.99,14.49854],[120.98999,14.49872],[120.99027,14.49872]]],[[[120.98869,14.49889],[120.9886,14.4988],[120.9886,14.49889],[120.98869,14.49889]]],[[[120.98916,14.49898],[120.98906,14.49889],[120.98906,14.49898],[120.98916,14.49898]]],[[[120.98869,14.49916],[120.98878,14.49907],[120.98869,14.49907],[120.98869,14.49916]]],[[[120.98915,14.49926],[120.98906,14.49916],[120.98906,14.49925],[120.98915,14.49926]]],[[[120.98869,14.49933],[120.98878,14.49925],[120.98869,14.49925],[120.98869,14.49933]]],[[[120.99092,14.49909],[120.99082,14.49936],[120.99092,14.49936],[120.99092,14.49909]]],[[[120.99592,14.49949],[120.99583,14.4994],[120.99583,14.49949],[120.99592,14.49949]]],[[[120.99055,14.49891],[120.99092,14.49882],[120.99027,14.49872],[120.99036,14.49954],[120.99055,14.49891]]],[[[120.99101,14.49954],[120.99091,14.49945],[120.99064,14.49954],[120.99091,14.49963],[120.99101,14.49954]]],[[[120.9962,14.49968],[120.99629,14.49959],[120.9962,14.49959],[120.9962,14.49968]]],[[[120.99138,14.49973],[120.99156,14.49982],[120.99156,14.49973],[120.99138,14.49973]]],[[[120.99202,14.5],[120.99193,14.49991],[120.99193,14.5],[120.99202,14.5]]],[[[120.99685,14.49995],[120.99675,14.50004],[120.99685,14.50004],[120.99685,14.49995]]],[[[120.99629,14.50013],[120.99675,14.49986],[120.99629,14.49968],[120.99629,14.50013]]],[[[120.99694,14.50004],[120.99703,14.50014],[120.99703,14.50005],[120.99694,14.50004]]],[[[120.99694,14.50023],[120.99684,14.50013],[120.99684,14.50022],[120.99694,14.50023]]],[[[120.98961,14.50025],[120.98952,14.50016],[120.98952,14.50025],[120.98961,14.50025]]],[[[120.99453,14.5002],[120.99462,14.5003],[120.99462,14.50021],[120.99453,14.5002]]],[[[120.99508,14.50021],[120.99517,14.5003],[120.99517,14.50021],[120.99508,14.50021]]],[[[120.99703,14.50023],[120.99694,14.50032],[120.99703,14.50032],[120.99703,14.50023]]],[[[120.99721,14.50023],[120.99731,14.50032],[120.99731,14.50023],[120.99721,14.50023]]],[[[120.99452,14.50039],[120.99443,14.50029],[120.99443,14.50038],[120.99452,14.50039]]],[[[120.99508,14.50039],[120.99499,14.5003],[120.99499,14.50039],[120.99508,14.50039]]],[[[120.99554,14.50039],[120.99545,14.5003],[120.99545,14.50039],[120.99554,14.50039]]],[[[120.99573,14.5004],[120.99582,14.50049],[120.99582,14.5004],[120.99573,14.5004]]],[[[120.99628,14.50049],[120.99619,14.5004],[120.99619,14.50049],[120.99628,14.50049]]],[[[120.98914,14.50052],[120.98905,14.50043],[120.98905,14.50052],[120.98914,14.50052]]],[[[120.99591,14.50049],[120.99582,14.50058],[120.99591,14.50058],[120.99591,14.50049]]],[[[120.99749,14.50059],[120.99712,14.50032],[120.99712,14.50059],[120.99749,14.50059]]],[[[120.9922,14.50064],[120.99211,14.50009],[120.99156,14.50036],[120.99174,14.50063],[120.9922,14.50064]]],[[[120.99573,14.50067],[120.99564,14.50049],[120.99563,14.50067],[120.99573,14.50067]]],[[[120.98923,14.50079],[120.98914,14.5007],[120.98914,14.50079],[120.98923,14.50079]]],[[[120.99138,14.49982],[120.99073,14.4999],[120.99063,14.50008],[120.991,14.50081],[120.99138,14.49982]]],[[[120.99582,14.50085],[120.99573,14.50076],[120.99573,14.50085],[120.99582,14.50085]]],[[[120.98988,14.50089],[120.98979,14.5008],[120.98979,14.50089],[120.98988,14.50089]]],[[[120.99155,14.50099],[120.99146,14.50081],[120.99127,14.50099],[120.99155,14.50099]]],[[[120.98997,14.50107],[120.98988,14.50098],[120.98988,14.50107],[120.98997,14.50107]]],[[[120.98932,14.50115],[120.98923,14.50097],[120.98923,14.50115],[120.98932,14.50115]]],[[[120.99656,14.50122],[120.99646,14.50112],[120.99646,14.50122],[120.99656,14.50122]]],[[[120.98941,14.50143],[120.98932,14.50133],[120.98932,14.50143],[120.98941,14.50143]]],[[[120.99293,14.50254],[120.99284,14.50245],[120.99283,14.50254],[120.99293,14.50254]]],[[[120.98996,14.50261],[120.98987,14.50251],[120.98987,14.5026],[120.98996,14.50261]]],[[[120.99042,14.5027],[120.99033,14.50261],[120.99033,14.5027],[120.99042,14.5027]]],[[[120.99172,14.5028],[120.99181,14.50298],[120.99181,14.5028],[120.99172,14.5028]]],[[[120.99589,14.50302],[120.99571,14.50293],[120.99571,14.50302],[120.99589,14.50302]]],[[[120.9893,14.50314],[120.98921,14.50305],[120.98921,14.50314],[120.9893,14.50314]]],[[[120.99264,14.50317],[120.99237,14.5029],[120.99246,14.50317],[120.99264,14.50317]]],[[[120.98949,14.50305],[120.9894,14.50332],[120.98977,14.50324],[120.98968,14.50296],[120.98949,14.50305]]],[[[120.988,14.50331],[120.9881,14.5034],[120.9881,14.50331],[120.988,14.50331]]],[[[120.99172,14.50316],[120.99135,14.50307],[120.99134,14.50343],[120.99172,14.50316]]],[[[120.988,14.50349],[120.98791,14.5034],[120.98791,14.50349],[120.988,14.50349]]],[[[120.9919,14.50325],[120.99227,14.50317],[120.9919,14.50289],[120.9919,14.50325]]],[[[120.98874,14.50368],[120.98856,14.50359],[120.98856,14.50368],[120.98874,14.50368]]],[[[120.99153,14.5037],[120.99134,14.50352],[120.99134,14.5037],[120.99153,14.5037]]],[[[120.99273,14.5038],[120.99255,14.50344],[120.99236,14.50362],[120.99273,14.5038]]],[[[120.98707,14.50385],[120.98716,14.50394],[120.98716,14.50385],[120.98707,14.50385]]],[[[120.98596,14.50402],[120.98587,14.50393],[120.98586,14.50402],[120.98596,14.50402]]],[[[120.98707,14.50403],[120.98698,14.50394],[120.98698,14.50403],[120.98707,14.50403]]],[[[120.99208,14.50407],[120.99199,14.50353],[120.9918,14.50362],[120.99208,14.50407]]],[[[120.98726,14.50412],[120.98735,14.50403],[120.98726,14.50403],[120.98726,14.50412]]],[[[120.99467,14.50418],[120.99458,14.50409],[120.99458,14.50418],[120.99467,14.50418]]],[[[120.98892,14.50422],[120.98883,14.50413],[120.98883,14.50422],[120.98892,14.50422]]],[[[120.99245,14.50416],[120.99264,14.50407],[120.99245,14.50389],[120.99245,14.50416]]],[[[120.99236,14.50416],[120.99226,14.50407],[120.99198,14.50434],[120.99226,14.50434],[120.99236,14.50416]]],[[[120.99236,14.50425],[120.99245,14.50434],[120.99245,14.50425],[120.99236,14.50425]]],[[[120.99273,14.50426],[120.99263,14.50435],[120.99273,14.50435],[120.99273,14.50426]]],[[[120.9931,14.50435],[120.99329,14.50381],[120.99301,14.50372],[120.99273,14.50408],[120.9931,14.50435]]],[[[120.99235,14.50443],[120.99226,14.50434],[120.99226,14.50443],[120.99235,14.50443]]],[[[120.98596,14.5042],[120.98651,14.50447],[120.98651,14.50438],[120.98596,14.5042]]],[[[120.98938,14.5045],[120.98929,14.50423],[120.98929,14.5045],[120.98938,14.5045]]],[[[120.99282,14.50453],[120.99291,14.50444],[120.99282,14.50444],[120.99282,14.50453]]],[[[120.98772,14.50421],[120.9867,14.50402],[120.98707,14.50457],[120.98772,14.50421]]],[[[120.98901,14.50459],[120.98892,14.50449],[120.98892,14.50458],[120.98901,14.50459]]],[[[120.99198,14.50434],[120.99161,14.50434],[120.99162,14.50388],[120.99143,14.50379],[120.99152,14.50443],[120.99198,14.50434]]],[[[120.993,14.50453],[120.99291,14.50462],[120.993,14.50462],[120.993,14.50453]]],[[[120.98614,14.50465],[120.98605,14.50447],[120.98604,14.50465],[120.98614,14.50465]]],[[[120.99096,14.50469],[120.99087,14.50442],[120.99087,14.50469],[120.99096,14.50469]]],[[[120.99235,14.50452],[120.99244,14.50471],[120.99245,14.50452],[120.99235,14.50452]]],[[[120.99207,14.50461],[120.99198,14.50479],[120.99207,14.50479],[120.99207,14.50461]]],[[[120.99235,14.50479],[120.99226,14.5047],[120.99226,14.50479],[120.99235,14.50479]]],[[[120.99337,14.50435],[120.99309,14.50471],[120.99346,14.5048],[120.99337,14.50435]]],[[[120.98567,14.50474],[120.98576,14.50483],[120.98577,14.50474],[120.98567,14.50474]]],[[[120.99059,14.50487],[120.99022,14.5046],[120.99012,14.50478],[120.99059,14.50487]]],[[[120.99263,14.50489],[120.99282,14.50471],[120.99263,14.50462],[120.99263,14.50489]]],[[[120.98567,14.50492],[120.98558,14.50483],[120.98558,14.50492],[120.98567,14.50492]]],[[[120.98595,14.50492],[120.98586,14.50483],[120.98586,14.50492],[120.98595,14.50492]]],[[[120.98901,14.50495],[120.9891,14.50486],[120.98901,14.50486],[120.98901,14.50495]]],[[[120.99012,14.50496],[120.99003,14.50487],[120.99003,14.50496],[120.99012,14.50496]]],[[[120.99105,14.50496],[120.99096,14.50487],[120.99096,14.50496],[120.99105,14.50496]]],[[[120.99133,14.50497],[120.99124,14.50488],[120.99124,14.50497],[120.99133,14.50497]]],[[[120.99356,14.50481],[120.99346,14.50508],[120.99355,14.50508],[120.99356,14.50481]]],[[[120.99522,14.50509],[120.99513,14.50491],[120.99513,14.50509],[120.99522,14.50509]]],[[[120.98585,14.5051],[120.98595,14.50501],[120.98586,14.50501],[120.98585,14.5051]]],[[[120.98632,14.5051],[120.98623,14.50501],[120.98623,14.5051],[120.98632,14.5051]]],[[[120.98697,14.50493],[120.98678,14.50502],[120.98697,14.50511],[120.98697,14.50493]]],[[[120.98919,14.50513],[120.98994,14.50505],[120.98994,14.50486],[120.98929,14.50477],[120.9891,14.50495],[120.98919,14.50513]]],[[[120.99059,14.50505],[120.99068,14.50514],[120.99068,14.50505],[120.99059,14.50505]]],[[[120.99188,14.50515],[120.99198,14.50506],[120.99188,14.50506],[120.99188,14.50515]]],[[[120.98484,14.50491],[120.98502,14.50518],[120.98493,14.50491],[120.98484,14.50491]]],[[[120.99587,14.50519],[120.99578,14.505],[120.99578,14.50519],[120.99587,14.50519]]],[[[120.98567,14.50519],[120.98558,14.50501],[120.98558,14.50519],[120.98567,14.50519]]],[[[120.9917,14.50524],[120.99179,14.50506],[120.9917,14.50506],[120.9917,14.50524]]],[[[120.99337,14.50526],[120.99328,14.50507],[120.99327,14.50525],[120.99337,14.50526]]],[[[120.99522,14.50527],[120.99532,14.50518],[120.99522,14.50518],[120.99522,14.50527]]],[[[120.98483,14.50527],[120.98474,14.50518],[120.98474,14.50527],[120.98483,14.50527]]],[[[120.9904,14.50532],[120.99031,14.50496],[120.99003,14.50505],[120.9904,14.50532]]],[[[120.99077,14.50505],[120.99077,14.50532],[120.99105,14.50505],[120.99077,14.50505]]],[[[120.9916,14.50524],[120.99133,14.50533],[120.9916,14.50533],[120.9916,14.50524]]],[[[120.9955,14.50527],[120.99531,14.50536],[120.9955,14.50536],[120.9955,14.50527]]],[[[120.98511,14.50518],[120.98502,14.50536],[120.98511,14.50537],[120.98511,14.50518]]],[[[120.99578,14.50537],[120.99569,14.50528],[120.99568,14.50537],[120.99578,14.50537]]],[[[120.98604,14.5051],[120.98595,14.50537],[120.98604,14.50537],[120.98604,14.5051]]],[[[120.99235,14.50516],[120.99197,14.50542],[120.99235,14.50525],[120.99235,14.50516]]],[[[120.99262,14.50543],[120.99253,14.50516],[120.99253,14.50543],[120.99262,14.50543]]],[[[120.99346,14.50544],[120.99355,14.50535],[120.99346,14.50535],[120.99346,14.50544]]],[[[120.98548,14.50546],[120.98557,14.50528],[120.98548,14.50528],[120.98548,14.50546]]],[[[120.99077,14.5055],[120.99068,14.50541],[120.99067,14.5055],[120.99077,14.5055]]],[[[120.99114,14.50551],[120.99105,14.50542],[120.99105,14.50551],[120.99114,14.50551]]],[[[120.99364,14.50544],[120.99355,14.50553],[120.99364,14.50553],[120.99364,14.50544]]],[[[120.98502,14.50545],[120.98492,14.50554],[120.9852,14.50555],[120.98502,14.50545]]],[[[120.9967,14.50556],[120.99661,14.50519],[120.99661,14.50555],[120.9967,14.50556]]],[[[120.99225,14.50543],[120.99206,14.50561],[120.99225,14.50552],[120.99225,14.50543]]],[[[120.99374,14.50553],[120.99364,14.50562],[120.99373,14.50562],[120.99374,14.50553]]],[[[120.98529,14.50555],[120.9852,14.50564],[120.98529,14.50564],[120.98529,14.50555]]],[[[120.99587,14.50564],[120.99568,14.50555],[120.99568,14.50564],[120.99587,14.50564]]],[[[120.98409,14.50572],[120.98427,14.50545],[120.98409,14.50554],[120.98409,14.50572]]],[[[120.98539,14.50564],[120.98529,14.50573],[120.98539,14.50573],[120.98539,14.50564]]],[[[120.98585,14.50546],[120.98566,14.50573],[120.98604,14.50564],[120.98585,14.50546]]],[[[120.98641,14.50574],[120.98631,14.50556],[120.98631,14.50574],[120.98641,14.50574]]],[[[120.99216,14.5057],[120.99225,14.50579],[120.99225,14.5057],[120.99216,14.5057]]],[[[120.99234,14.50579],[120.99244,14.50552],[120.99234,14.50552],[120.99234,14.50579]]],[[[120.98372,14.50571],[120.98399,14.50581],[120.98399,14.50572],[120.98372,14.50571]]],[[[120.99503,14.50581],[120.99512,14.50572],[120.99503,14.50572],[120.99503,14.50581]]],[[[120.99076,14.50587],[120.99067,14.50568],[120.99067,14.50586],[120.99076,14.50587]]],[[[120.99197,14.50588],[120.99188,14.50569],[120.99188,14.50588],[120.99197,14.50588]]],[[[120.99216,14.50588],[120.99206,14.50579],[120.99206,14.50588],[120.99216,14.50588]]],[[[120.99253,14.50579],[120.99243,14.50588],[120.99253,14.50588],[120.99253,14.50579]]],[[[120.99382,14.50589],[120.99373,14.5058],[120.99373,14.50589],[120.99382,14.50589]]],[[[120.98371,14.5059],[120.98362,14.5058],[120.98362,14.50589],[120.98371,14.5059]]],[[[120.98409,14.50581],[120.98399,14.5059],[120.98409,14.5059],[120.98409,14.50581]]],[[[120.98548,14.50591],[120.98538,14.50582],[120.98538,14.50591],[120.98548,14.50591]]],[[[120.98585,14.50591],[120.98576,14.50582],[120.98575,14.50591],[120.98585,14.50591]]],[[[120.98,14.50595],[120.97991,14.50586],[120.97991,14.50595],[120.98,14.50595]]],[[[120.99281,14.5057],[120.99262,14.50579],[120.9928,14.50597],[120.99281,14.5057]]],[[[120.99522,14.50581],[120.99512,14.50599],[120.99522,14.50599],[120.99522,14.50581]]],[[[120.9851,14.506],[120.9852,14.50591],[120.98511,14.50591],[120.9851,14.506]]],[[[120.98418,14.5059],[120.98408,14.50617],[120.98418,14.50617],[120.98418,14.5059]]],[[[120.9954,14.50618],[120.99531,14.50609],[120.99531,14.50618],[120.9954,14.50618]]],[[[120.98492,14.50618],[120.98483,14.50609],[120.98482,14.50618],[120.98492,14.50618]]],[[[120.98529,14.506],[120.9852,14.50618],[120.98529,14.50618],[120.98529,14.506]]],[[[120.98547,14.50618],[120.98538,14.506],[120.98538,14.50618],[120.98547,14.50618]]],[[[120.98789,14.5062],[120.98798,14.50611],[120.98789,14.50611],[120.98789,14.5062]]],[[[120.99085,14.50623],[120.99076,14.50596],[120.99076,14.50623],[120.99085,14.50623]]],[[[120.99391,14.50625],[120.99382,14.50616],[120.99382,14.50625],[120.99391,14.50625]]],[[[120.9838,14.50626],[120.98371,14.50599],[120.98371,14.50626],[120.9838,14.50626]]],[[[120.98584,14.50628],[120.98575,14.50618],[120.98575,14.50627],[120.98584,14.50628]]],[[[120.98807,14.5062],[120.98798,14.50629],[120.98807,14.50629],[120.98807,14.5062]]],[[[120.98863,14.5063],[120.98872,14.50621],[120.98863,14.50621],[120.98863,14.5063]]],[[[120.97842,14.5063],[120.97833,14.50621],[120.97833,14.5063],[120.97842,14.5063]]],[[[120.98937,14.50585],[120.98919,14.50603],[120.98946,14.50631],[120.98937,14.50585]]],[[[120.99289,14.50634],[120.9928,14.50606],[120.9928,14.50633],[120.99289,14.50634]]],[[[120.97777,14.50639],[120.97768,14.5063],[120.97768,14.50639],[120.97777,14.50639]]],[[[120.99317,14.50643],[120.99299,14.50634],[120.99299,14.50643],[120.99317,14.50643]]],[[[120.98399,14.50644],[120.9839,14.50635],[120.98389,14.50644],[120.98399,14.50644]]],[[[120.9953,14.50645],[120.99521,14.50636],[120.99521,14.50645],[120.9953,14.50645]]],[[[120.98594,14.50646],[120.98603,14.50637],[120.98594,14.50637],[120.98594,14.50646]]],[[[120.98705,14.50647],[120.98696,14.50638],[120.98696,14.50647],[120.98705,14.50647]]],[[[120.9775,14.50638],[120.97759,14.50648],[120.97759,14.50639],[120.9775,14.50638]]],[[[120.9889,14.50639],[120.98872,14.50648],[120.9889,14.50648],[120.9889,14.50639]]],[[[120.98955,14.50649],[120.98946,14.5064],[120.98946,14.50649],[120.98955,14.50649]]],[[[120.9813,14.50615],[120.98158,14.50651],[120.98167,14.50633],[120.9813,14.50615]]],[[[120.98223,14.50643],[120.98232,14.50652],[120.98232,14.50643],[120.98223,14.50643]]],[[[120.99364,14.50625],[120.99345,14.50652],[120.99363,14.50652],[120.99364,14.50625]]],[[[120.994,14.50653],[120.99391,14.50634],[120.99391,14.50653],[120.994,14.50653]]],[[[120.98556,14.50654],[120.98547,14.50645],[120.98547,14.50654],[120.98556,14.50654]]],[[[120.98584,14.50655],[120.98575,14.50646],[120.98575,14.50655],[120.98584,14.50655]]],[[[120.98779,14.50656],[120.9877,14.50647],[120.9877,14.50656],[120.98779,14.50656]]],[[[120.97749,14.50657],[120.9774,14.50647],[120.9774,14.50656],[120.97749,14.50657]]],[[[120.98872,14.50657],[120.98853,14.50648],[120.98853,14.50657],[120.98872,14.50657]]],[[[120.99094,14.50659],[120.99085,14.50641],[120.99085,14.50659],[120.99094,14.50659]]],[[[120.98167,14.50651],[120.98157,14.5066],[120.98167,14.5066],[120.98167,14.50651]]],[[[120.98222,14.50661],[120.98213,14.50651],[120.98213,14.5066],[120.98222,14.50661]]],[[[120.99391,14.50671],[120.994,14.50662],[120.99391,14.50662],[120.99391,14.50671]]],[[[120.98649,14.50664],[120.9863,14.50673],[120.98649,14.50673],[120.98649,14.50664]]],[[[120.98686,14.50674],[120.98677,14.50664],[120.98677,14.50674],[120.98686,14.50674]]],[[[120.98705,14.50674],[120.98695,14.50665],[120.98695,14.50674],[120.98705,14.50674]]],[[[120.9941,14.50671],[120.994,14.5068],[120.99409,14.5068],[120.9941,14.50671]]],[[[120.98445,14.50653],[120.98501,14.506],[120.98483,14.50536],[120.98408,14.50626],[120.98426,14.50662],[120.9838,14.50671],[120.98436,14.5068],[120.98445,14.50653]]],[[[120.9863,14.50664],[120.98668,14.50646],[120.98659,14.50619],[120.98789,14.50593],[120.98668,14.5061],[120.9865,14.50574],[120.98585,14.50609],[120.9863,14.50664]]],[[[120.97814,14.50684],[120.97805,14.50675],[120.97805,14.50684],[120.97814,14.50684]]],[[[120.98918,14.50685],[120.98955,14.50667],[120.98918,14.50676],[120.98918,14.50685]]],[[[120.98973,14.50685],[120.98964,14.50676],[120.98964,14.50685],[120.98973,14.50685]]],[[[120.98129,14.50678],[120.98102,14.5066],[120.98102,14.50687],[120.98129,14.50678]]],[[[120.99363,14.50688],[120.99354,14.5067],[120.99354,14.50688],[120.99363,14.50688]]],[[[120.98695,14.50692],[120.98686,14.50683],[120.98686,14.50692],[120.98695,14.50692]]],[[[120.98834,14.50693],[120.98825,14.50666],[120.98825,14.50693],[120.98834,14.50693]]],[[[120.98268,14.50697],[120.98259,14.50688],[120.98259,14.50697],[120.98268,14.50697]]],[[[120.98408,14.50689],[120.98417,14.50698],[120.98417,14.50689],[120.98408,14.50689]]],[[[120.98639,14.507],[120.9863,14.50691],[120.9863,14.507],[120.98639,14.507]]],[[[120.98704,14.50692],[120.98714,14.50701],[120.98714,14.50692],[120.98704,14.50692]]],[[[120.98797,14.50702],[120.98788,14.50693],[120.98788,14.50702],[120.98797,14.50702]]],[[[120.98064,14.50695],[120.98074,14.50704],[120.98074,14.50695],[120.98064,14.50695]]],[[[120.98407,14.50707],[120.98398,14.50698],[120.98398,14.50707],[120.98407,14.50707]]],[[[120.98704,14.5071],[120.98695,14.50701],[120.98695,14.5071],[120.98704,14.5071]]],[[[120.97777,14.50711],[120.97767,14.50702],[120.97767,14.50711],[120.97777,14.50711]]],[[[120.98927,14.50712],[120.98918,14.50703],[120.98918,14.50712],[120.98927,14.50712]]],[[[120.98064,14.50713],[120.98055,14.50704],[120.98055,14.50713],[120.98064,14.50713]]],[[[120.98203,14.50706],[120.98213,14.50715],[120.98213,14.50706],[120.98203,14.50706]]],[[[120.98324,14.50716],[120.98315,14.50698],[120.98305,14.50716],[120.98324,14.50716]]],[[[120.98417,14.50707],[120.98407,14.50716],[120.98417,14.50716],[120.98417,14.50707]]],[[[120.98843,14.5072],[120.98834,14.50711],[120.98834,14.5072],[120.98843,14.5072]]],[[[120.97795,14.5072],[120.97786,14.50711],[120.97786,14.5072],[120.97795,14.5072]]],[[[120.98982,14.50721],[120.98973,14.50712],[120.98973,14.50721],[120.98982,14.50721]]],[[[120.98203,14.50724],[120.98194,14.50715],[120.98194,14.50724],[120.98203,14.50724]]],[[[120.98287,14.50724],[120.98296,14.50715],[120.98287,14.50715],[120.98287,14.50724]]],[[[120.98361,14.50725],[120.98352,14.50716],[120.98352,14.50725],[120.98361,14.50725]]],[[[120.97943,14.5073],[120.97934,14.50721],[120.97934,14.5073],[120.97943,14.5073]]],[[[120.98194,14.50733],[120.98185,14.50724],[120.98185,14.50733],[120.98194,14.50733]]],[[[120.98305,14.50725],[120.98296,14.50734],[120.98305,14.50734],[120.98305,14.50725]]],[[[120.98333,14.50725],[120.98342,14.50734],[120.98342,14.50725],[120.98333,14.50725]]],[[[120.98723,14.5071],[120.98704,14.50728],[120.98723,14.50737],[120.98723,14.5071]]],[[[120.98843,14.50738],[120.98852,14.50729],[120.98843,14.50729],[120.98843,14.50738]]],[[[120.9927,14.50742],[120.99261,14.50733],[120.99261,14.50742],[120.9927,14.50742]]],[[[120.99335,14.50715],[120.99354,14.50706],[120.99317,14.50697],[120.99289,14.50724],[120.99335,14.50715]]],[[[120.99455,14.50743],[120.99437,14.50716],[120.99428,14.50734],[120.99455,14.50743]]],[[[120.99687,14.50736],[120.99696,14.50745],[120.99697,14.50736],[120.99687,14.50736]]],[[[120.98732,14.50737],[120.98722,14.50746],[120.98732,14.50746],[120.98732,14.50737]]],[[[120.98908,14.50739],[120.98852,14.50747],[120.98908,14.50748],[120.98908,14.50739]]],[[[120.97925,14.50748],[120.97916,14.5073],[120.97915,14.50748],[120.97925,14.50748]]],[[[120.98036,14.50749],[120.98027,14.5074],[120.98027,14.50749],[120.98036,14.50749]]],[[[120.99251,14.50751],[120.99242,14.50742],[120.99242,14.50751],[120.99251,14.50751]]],[[[120.98333,14.50752],[120.98324,14.50734],[120.98324,14.50752],[120.98333,14.50752]]],[[[120.99121,14.50759],[120.99112,14.50741],[120.99112,14.50759],[120.99121,14.50759]]],[[[120.99492,14.50762],[120.99483,14.50753],[120.99483,14.50762],[120.99492,14.50762]]],[[[120.98119,14.50759],[120.98129,14.50768],[120.98129,14.50759],[120.98119,14.50759]]],[[[120.99316,14.50769],[120.99307,14.5076],[120.99307,14.50769],[120.99316,14.50769]]],[[[120.99436,14.5077],[120.99418,14.50743],[120.99409,14.50761],[120.99436,14.5077]]],[[[120.97915,14.50775],[120.97906,14.50766],[120.97906,14.50775],[120.97915,14.50775]]],[[[120.9799,14.50767],[120.97999,14.50776],[120.97999,14.50767],[120.9799,14.50767]]],[[[120.99121,14.50777],[120.99112,14.50768],[120.99112,14.50777],[120.99121,14.50777]]],[[[120.98119,14.50777],[120.9811,14.50768],[120.9811,14.50777],[120.98119,14.50777]]],[[[120.98833,14.50783],[120.98824,14.50774],[120.98824,14.50783],[120.98833,14.50783]]],[[[120.97804,14.50783],[120.97785,14.50774],[120.97785,14.50783],[120.97804,14.50783]]],[[[120.97989,14.50785],[120.9798,14.50776],[120.9798,14.50785],[120.97989,14.50785]]],[[[120.99075,14.50785],[120.99084,14.50776],[120.99075,14.50776],[120.99075,14.50785]]],[[[120.99316,14.50787],[120.99325,14.50778],[120.99316,14.50778],[120.99316,14.50787]]],[[[120.99455,14.5078],[120.99464,14.50789],[120.99464,14.5078],[120.99455,14.5078]]],[[[120.98509,14.5079],[120.98509,14.50735],[120.98463,14.50717],[120.98454,14.50744],[120.98491,14.50735],[120.98509,14.5079]]],[[[120.98518,14.50781],[120.98527,14.5079],[120.98527,14.50781],[120.98518,14.50781]]],[[[120.99752,14.50791],[120.99743,14.50773],[120.99742,14.50791],[120.99752,14.50791]]],[[[120.99102,14.50786],[120.99084,14.50794],[120.99102,14.50795],[120.99102,14.50786]]],[[[120.98064,14.50786],[120.98073,14.50795],[120.98073,14.50786],[120.98064,14.50786]]],[[[120.9913,14.50795],[120.99121,14.50786],[120.99121,14.50795],[120.9913,14.50795]]],[[[120.99334,14.50788],[120.99325,14.50797],[120.99334,14.50797],[120.99334,14.50788]]],[[[120.98277,14.50788],[120.98286,14.50797],[120.98286,14.50788],[120.98277,14.50788]]],[[[120.99344,14.50797],[120.99353,14.50788],[120.99344,14.50788],[120.99344,14.50797]]],[[[120.98518,14.50799],[120.98509,14.5079],[120.98509,14.50799],[120.98518,14.50799]]],[[[120.98917,14.50802],[120.98908,14.50793],[120.98907,14.50802],[120.98917,14.50802]]],[[[120.97915,14.50803],[120.97924,14.50794],[120.97915,14.50793],[120.97915,14.50803]]],[[[120.98917,14.50793],[120.9901,14.50803],[120.99028,14.50767],[120.98945,14.50757],[120.98917,14.50793]]],[[[120.98063,14.50804],[120.98054,14.50795],[120.98054,14.50804],[120.98063,14.50804]]],[[[120.98175,14.50796],[120.98184,14.50805],[120.98184,14.50796],[120.98175,14.50796]]],[[[120.98527,14.50799],[120.98518,14.50808],[120.98527,14.50808],[120.98527,14.50799]]],[[[120.99612,14.50808],[120.99594,14.50781],[120.99585,14.50808],[120.99612,14.50808]]],[[[120.99752,14.508],[120.99761,14.50809],[120.99761,14.508],[120.99752,14.508]]],[[[120.9875,14.5081],[120.98741,14.50764],[120.98732,14.50764],[120.98722,14.50791],[120.9875,14.5081]]],[[[120.98842,14.5081],[120.98833,14.50801],[120.98833,14.5081],[120.98842,14.5081]]],[[[120.97794,14.50811],[120.97785,14.50792],[120.97785,14.5081],[120.97794,14.50811]]],[[[120.97896,14.50811],[120.97887,14.50802],[120.97887,14.50811],[120.97896,14.50811]]],[[[120.97934,14.50803],[120.97924,14.50812],[120.97933,14.50812],[120.97934,14.50803]]],[[[120.98175,14.50814],[120.98165,14.50805],[120.98165,14.50814],[120.98175,14.50814]]],[[[120.99343,14.50815],[120.99334,14.50806],[120.99334,14.50815],[120.99343,14.50815]]],[[[120.99335,14.50751],[120.99399,14.50806],[120.99363,14.50725],[120.99335,14.50751]]],[[[120.99724,14.50818],[120.99714,14.50809],[120.99714,14.50818],[120.99724,14.50818]]],[[[120.99751,14.50818],[120.99742,14.50809],[120.99742,14.50818],[120.99751,14.50818]]],[[[120.97943,14.50812],[120.97933,14.50821],[120.97943,14.50821],[120.97943,14.50812]]],[[[120.99019,14.50803],[120.99009,14.50821],[120.99019,14.50821],[120.99019,14.50803]]],[[[120.98035,14.50822],[120.98008,14.50785],[120.98017,14.50821],[120.98035,14.50822]]],[[[120.98165,14.50823],[120.98156,14.50814],[120.98156,14.50823],[120.98165,14.50823]]],[[[120.99464,14.50816],[120.99455,14.50825],[120.99464,14.50825],[120.99464,14.50816]]],[[[120.99139,14.50831],[120.9913,14.50804],[120.9913,14.50831],[120.99139,14.50831]]],[[[120.98258,14.50833],[120.98249,14.50823],[120.98249,14.50832],[120.98258,14.50833]]],[[[120.99427,14.50834],[120.99455,14.50789],[120.99418,14.50806],[120.99427,14.50834]]],[[[120.9785,14.50838],[120.97841,14.50829],[120.9784,14.50838],[120.9785,14.50838]]],[[[120.97896,14.50839],[120.97887,14.50829],[120.97887,14.50838],[120.97896,14.50839]]],[[[120.97942,14.50839],[120.97933,14.5083],[120.97933,14.50839],[120.97942,14.50839]]],[[[120.99009,14.50839],[120.98991,14.5083],[120.98991,14.50839],[120.99009,14.50839]]],[[[120.9798,14.5083],[120.97989,14.50839],[120.97989,14.5083],[120.9798,14.5083]]],[[[120.98007,14.50839],[120.97998,14.5083],[120.97998,14.50839],[120.98007,14.50839]]],[[[120.99473,14.50843],[120.99464,14.50834],[120.99464,14.50843],[120.99473,14.50843]]],[[[120.98768,14.50819],[120.98759,14.50846],[120.98768,14.50846],[120.98768,14.50819]]],[[[120.97803,14.50847],[120.97785,14.50838],[120.97785,14.50847],[120.97803,14.50847]]],[[[120.97979,14.50848],[120.9797,14.50839],[120.9797,14.50848],[120.97979,14.50848]]],[[[120.9951,14.50852],[120.99501,14.50843],[120.99501,14.50852],[120.9951,14.50852]]],[[[120.99714,14.50845],[120.9964,14.50817],[120.99705,14.50809],[120.99678,14.50745],[120.99631,14.50826],[120.99714,14.50845]]],[[[120.98759,14.50855],[120.98731,14.50846],[120.98731,14.50855],[120.98759,14.50855]]],[[[120.98239,14.5086],[120.9823,14.5085],[120.9823,14.50859],[120.98239,14.5086]]],[[[120.98314,14.50788],[120.98258,14.50824],[120.98304,14.5086],[120.98314,14.50788]]],[[[120.98777,14.50855],[120.98759,14.50864],[120.98777,14.50864],[120.98777,14.50855]]],[[[120.99501,14.50861],[120.9951,14.5087],[120.9951,14.50861],[120.99501,14.50861]]],[[[120.9823,14.50878],[120.9822,14.50868],[120.9822,14.50877],[120.9823,14.50878]]],[[[120.995,14.50879],[120.99491,14.5087],[120.99491,14.50879],[120.995,14.50879]]],[[[120.98777,14.50882],[120.98768,14.50873],[120.98768,14.50882],[120.98777,14.50882]]],[[[120.98573,14.50899],[120.98555,14.50808],[120.98536,14.50808],[120.98536,14.50871],[120.98573,14.50899]]],[[[120.99742,14.50818],[120.99714,14.50836],[120.99732,14.50899],[120.99751,14.509],[120.99742,14.50818]]],[[[120.98183,14.50904],[120.98174,14.50895],[120.98174,14.50904],[120.98183,14.50904]]],[[[120.98313,14.50905],[120.98332,14.50887],[120.98304,14.50869],[120.98313,14.50905]]],[[[120.995,14.50906],[120.99491,14.50897],[120.99491,14.50906],[120.995,14.50906]]],[[[120.98767,14.50909],[120.98786,14.50891],[120.98768,14.50891],[120.98767,14.50909]]],[[[120.97979,14.50912],[120.9797,14.50884],[120.9797,14.50911],[120.97979,14.50912]]],[[[120.99509,14.50925],[120.995,14.50916],[120.995,14.50925],[120.99509,14.50925]]],[[[120.99723,14.50917],[120.99732,14.50927],[120.99732,14.50917],[120.99723,14.50917]]],[[[120.97988,14.5093],[120.97979,14.50921],[120.97979,14.5093],[120.97988,14.5093]]],[[[120.9925,14.50931],[120.9924,14.50913],[120.9924,14.50931],[120.9925,14.50931]]],[[[120.98341,14.50906],[120.98331,14.50933],[120.9835,14.50933],[120.98341,14.50906]]],[[[120.98535,14.50916],[120.98554,14.50935],[120.98554,14.50916],[120.98535,14.50916]]],[[[120.99723,14.50935],[120.99713,14.50926],[120.99713,14.50935],[120.99723,14.50935]]],[[[120.98795,14.50909],[120.98786,14.50937],[120.98795,14.50937],[120.98795,14.50909]]],[[[120.99528,14.50943],[120.99519,14.50934],[120.99518,14.50943],[120.99528,14.50943]]],[[[120.99713,14.50944],[120.99695,14.50935],[120.99695,14.50944],[120.99713,14.50944]]],[[[120.97979,14.50948],[120.97969,14.50939],[120.97969,14.50948],[120.97979,14.50948]]],[[[120.99648,14.50953],[120.99639,14.50944],[120.99639,14.50953],[120.99648,14.50953]]],[[[120.98786,14.50955],[120.98795,14.50946],[120.98786,14.50946],[120.98786,14.50955]]],[[[120.99602,14.50953],[120.9963,14.50944],[120.99602,14.50925],[120.99602,14.50953]]],[[[120.99787,14.50963],[120.99778,14.50954],[120.99778,14.50963],[120.99787,14.50963]]],[[[120.98804,14.50955],[120.98795,14.50964],[120.98804,14.50964],[120.98804,14.50955]]],[[[120.98451,14.5097],[120.98442,14.50961],[120.98442,14.5097],[120.98451,14.5097]]],[[[120.99648,14.50971],[120.99657,14.50962],[120.99648,14.50962],[120.99648,14.50971]]],[[[120.98535,14.5098],[120.98498,14.50943],[120.98516,14.50979],[120.98535,14.5098]]],[[[120.9962,14.5098],[120.99611,14.50971],[120.99611,14.5098],[120.9962,14.5098]]],[[[120.99667,14.50971],[120.99657,14.5098],[120.99667,14.5098],[120.99667,14.50971]]],[[[120.98813,14.50964],[120.98804,14.50982],[120.98813,14.50982],[120.98813,14.50964]]],[[[120.98043,14.50975],[120.98052,14.50984],[120.98053,14.50975],[120.98043,14.50975]]],[[[120.98544,14.5098],[120.98535,14.50989],[120.98544,14.50989],[120.98544,14.5098]]],[[[120.98043,14.50993],[120.98025,14.50975],[120.98025,14.50993],[120.98043,14.50993]]],[[[120.9835,14.50942],[120.98368,14.50996],[120.98405,14.50997],[120.98368,14.50978],[120.9835,14.50942]]],[[[120.98535,14.50998],[120.98525,14.50988],[120.98525,14.50998],[120.98535,14.50998]]],[[[120.98553,14.50989],[120.98544,14.50998],[120.98553,14.50998],[120.98553,14.50989]]],[[[120.97941,14.51002],[120.97932,14.50983],[120.97932,14.51001],[120.97941,14.51002]]],[[[120.98052,14.50993],[120.98043,14.51002],[120.98052,14.51003],[120.98052,14.50993]]],[[[120.99629,14.51016],[120.9962,14.50989],[120.9962,14.51016],[120.99629,14.51016]]],[[[120.97894,14.51019],[120.97885,14.5101],[120.97885,14.51019],[120.97894,14.51019]]],[[[120.99536,14.51024],[120.99546,14.51015],[120.99536,14.51015],[120.99536,14.51024]]],[[[120.99555,14.51024],[120.99545,14.51033],[120.99555,14.51033],[120.99555,14.51024]]],[[[120.98544,14.51034],[120.98534,14.51025],[120.98534,14.51034],[120.98544,14.51034]]],[[[120.99712,14.51035],[120.99676,14.50944],[120.99657,14.51007],[120.99685,14.51035],[120.99712,14.51035]]],[[[120.99777,14.51035],[120.99768,14.51026],[120.99768,14.51035],[120.99777,14.51035]]],[[[120.99295,14.5104],[120.99286,14.51031],[120.99286,14.5104],[120.99295,14.5104]]],[[[120.99564,14.51034],[120.99555,14.51042],[120.99564,14.51043],[120.99564,14.51034]]],[[[120.99629,14.51043],[120.9962,14.51034],[120.9962,14.51043],[120.99629,14.51043]]],[[[120.97894,14.51046],[120.97904,14.51037],[120.97894,14.51037],[120.97894,14.51046]]],[[[120.98414,14.51051],[120.98404,14.51042],[120.98404,14.51051],[120.98414,14.51051]]],[[[120.9974,14.51035],[120.99712,14.51053],[120.9974,14.51044],[120.9974,14.51035]]],[[[120.97857,14.51037],[120.97876,14.51046],[120.97876,14.51037],[120.97857,14.51037]]],[[[120.97913,14.51046],[120.97903,14.51055],[120.97913,14.51056],[120.97913,14.51046]]],[[[120.99666,14.51062],[120.99675,14.51034],[120.99666,14.51034],[120.99666,14.51062]]],[[[120.99703,14.51062],[120.99694,14.51053],[120.99694,14.51062],[120.99703,14.51062]]],[[[120.98655,14.51062],[120.98664,14.51053],[120.98655,14.51053],[120.98655,14.51062]]],[[[120.9782,14.51055],[120.97829,14.51064],[120.97829,14.51055],[120.9782,14.51055]]],[[[120.97922,14.51056],[120.97913,14.51065],[120.97922,14.51065],[120.97922,14.51056]]],[[[120.99564,14.5107],[120.99554,14.51061],[120.99554,14.5107],[120.99564,14.5107]]],[[[120.99684,14.51062],[120.99675,14.51071],[120.99684,14.51071],[120.99684,14.51062]]],[[[120.98673,14.51062],[120.98664,14.51071],[120.98673,14.51071],[120.98673,14.51062]]],[[[120.98432,14.51087],[120.98423,14.51078],[120.98423,14.51087],[120.98432,14.51087]]],[[[120.98682,14.51089],[120.98673,14.5108],[120.98673,14.51089],[120.98682,14.51089]]],[[[120.99897,14.51082],[120.99907,14.51091],[120.99907,14.51082],[120.99897,14.51082]]],[[[120.9782,14.51082],[120.97801,14.51073],[120.97801,14.51091],[120.9782,14.51082]]],[[[120.99916,14.51091],[120.99944,14.51073],[120.99916,14.51073],[120.99916,14.51091]]],[[[120.99554,14.51097],[120.99545,14.51088],[120.99545,14.51097],[120.99554,14.51097]]],[[[120.98896,14.511],[120.98933,14.51082],[120.98896,14.51082],[120.98896,14.511]]],[[[120.98441,14.51105],[120.98432,14.51096],[120.98432,14.51105],[120.98441,14.51105]]],[[[120.99897,14.51109],[120.99879,14.51099],[120.99879,14.51118],[120.99897,14.51109]]],[[[120.99944,14.51118],[120.99925,14.51109],[120.99925,14.51118],[120.99944,14.51118]]],[[[120.98432,14.51123],[120.98422,14.51114],[120.98422,14.51123],[120.98432,14.51123]]],[[[120.98589,14.51125],[120.9858,14.51115],[120.9858,14.51125],[120.98589,14.51125]]],[[[120.99702,14.51116],[120.99693,14.51125],[120.99702,14.51125],[120.99702,14.51116]]],[[[120.98682,14.51125],[120.98691,14.51116],[120.98682,14.51116],[120.98682,14.51125]]],[[[120.99832,14.51126],[120.99823,14.51117],[120.99823,14.51126],[120.99832,14.51126]]],[[[120.9896,14.51128],[120.98951,14.51119],[120.98951,14.51128],[120.9896,14.51128]]],[[[120.97977,14.51128],[120.97968,14.51119],[120.97968,14.51128],[120.97977,14.51128]]],[[[120.98459,14.51133],[120.9845,14.51123],[120.9845,14.51132],[120.98459,14.51133]]],[[[120.99582,14.51133],[120.99572,14.51124],[120.99572,14.51133],[120.99582,14.51133]]],[[[120.99712,14.51125],[120.99702,14.51134],[120.99711,14.51134],[120.99712,14.51125]]],[[[120.99749,14.51135],[120.99739,14.51125],[120.99739,14.51134],[120.99749,14.51135]]],[[[120.9871,14.51126],[120.98691,14.51135],[120.9871,14.51135],[120.9871,14.51126]]],[[[120.98747,14.51135],[120.98719,14.51144],[120.98747,14.51144],[120.98747,14.51135]]],[[[120.98468,14.51151],[120.98459,14.51142],[120.98459,14.51151],[120.98468,14.51151]]],[[[120.99684,14.51152],[120.99675,14.5108],[120.99674,14.51152],[120.99684,14.51152]]],[[[120.99711,14.51143],[120.99693,14.51152],[120.99711,14.51161],[120.99711,14.51143]]],[[[120.97884,14.51164],[120.97875,14.51155],[120.97875,14.51164],[120.97884,14.51164]]],[[[120.9806,14.51174],[120.98051,14.51165],[120.98051,14.51174],[120.9806,14.51174]]],[[[120.98106,14.51175],[120.98088,14.51165],[120.98088,14.51175],[120.98106,14.51175]]],[[[120.98412,14.51177],[120.98403,14.51168],[120.98403,14.51177],[120.98412,14.51177]]],[[[120.98394,14.51186],[120.98385,14.51177],[120.98385,14.51186],[120.98394,14.51186]]],[[[120.98746,14.51189],[120.98737,14.5118],[120.98737,14.51189],[120.98746,14.51189]]],[[[120.98329,14.51186],[120.98338,14.51195],[120.98338,14.51186],[120.98329,14.51186]]],[[[120.98366,14.51195],[120.98357,14.51186],[120.98357,14.51195],[120.98366,14.51195]]],[[[120.98116,14.51184],[120.98134,14.51202],[120.98134,14.51184],[120.98116,14.51184]]],[[[120.98329,14.51204],[120.9831,14.51194],[120.9831,14.51204],[120.98329,14.51204]]],[[[120.9844,14.51205],[120.98431,14.51196],[120.98431,14.51205],[120.9844,14.51205]]],[[[120.99729,14.51207],[120.9972,14.51198],[120.9972,14.51207],[120.99729,14.51207]]],[[[120.99887,14.51208],[120.99869,14.51199],[120.99869,14.51208],[120.99887,14.51208]]],[[[120.98115,14.51211],[120.98106,14.51202],[120.98106,14.51211],[120.98115,14.51211]]],[[[120.9831,14.51213],[120.98301,14.51203],[120.98301,14.51212],[120.9831,14.51213]]],[[[120.98106,14.5122],[120.98097,14.51211],[120.98097,14.5122],[120.98106,14.5122]]],[[[120.98458,14.51223],[120.98449,14.51214],[120.98449,14.51223],[120.98458,14.51223]]],[[[120.9856,14.51224],[120.98551,14.51215],[120.98551,14.51224],[120.9856,14.51224]]],[[[120.99618,14.51224],[120.99627,14.51215],[120.99618,14.51215],[120.99618,14.51224]]],[[[120.98162,14.51229],[120.98152,14.5122],[120.98152,14.51229],[120.98162,14.51229]]],[[[120.98282,14.5123],[120.98273,14.51221],[120.98273,14.5123],[120.98282,14.5123]]],[[[120.99636,14.51224],[120.99627,14.51233],[120.99636,14.51233],[120.99636,14.51224]]],[[[120.97735,14.51235],[120.97726,14.51226],[120.97726,14.51235],[120.97735,14.51235]]],[[[120.99859,14.51235],[120.9985,14.51226],[120.9985,14.51235],[120.99859,14.51235]]],[[[120.97781,14.51235],[120.97791,14.51226],[120.97781,14.51226],[120.97781,14.51235]]],[[[120.99905,14.51235],[120.99896,14.51226],[120.99896,14.51235],[120.99905,14.51235]]],[[[120.98153,14.51193],[120.98134,14.51238],[120.98143,14.51238],[120.98153,14.51193]]],[[[120.98264,14.51239],[120.98254,14.5123],[120.98254,14.51239],[120.98264,14.51239]]],[[[120.99646,14.51233],[120.99636,14.51242],[120.99646,14.51242],[120.99646,14.51233]]],[[[120.97707,14.51234],[120.97716,14.51244],[120.97716,14.51235],[120.97707,14.51234]]],[[[120.99822,14.51235],[120.99831,14.51244],[120.99831,14.51235],[120.99822,14.51235]]],[[[120.978,14.51235],[120.9779,14.51244],[120.978,14.51244],[120.978,14.51235]]],[[[120.98069,14.51247],[120.98078,14.51238],[120.98069,14.51238],[120.98069,14.51247]]],[[[120.98152,14.51238],[120.98143,14.51247],[120.98152,14.51247],[120.98152,14.51238]]],[[[120.98161,14.51238],[120.98171,14.51248],[120.98171,14.51238],[120.98161,14.51238]]],[[[120.98245,14.51248],[120.98236,14.51239],[120.98236,14.51248],[120.98245,14.51248]]],[[[120.97707,14.51253],[120.97688,14.51243],[120.97688,14.51252],[120.97707,14.51253]]],[[[120.99822,14.51253],[120.99813,14.51244],[120.99812,14.51253],[120.99822,14.51253]]],[[[120.98087,14.51247],[120.98078,14.51256],[120.98087,14.51256],[120.98087,14.51247]]],[[[120.98161,14.51256],[120.98152,14.51247],[120.98152,14.51256],[120.98161,14.51256]]],[[[120.98096,14.51256],[120.98087,14.51265],[120.98096,14.51265],[120.98096,14.51256]]],[[[120.9818,14.51266],[120.98171,14.51257],[120.98171,14.51266],[120.9818,14.51266]]],[[[120.99868,14.51262],[120.99887,14.51271],[120.99887,14.51262],[120.99868,14.51262]]],[[[120.98541,14.51278],[120.98532,14.51269],[120.98532,14.51278],[120.98541,14.51278]]],[[[120.99868,14.5128],[120.99859,14.51271],[120.99859,14.5128],[120.99868,14.5128]]],[[[120.98152,14.51283],[120.98143,14.51274],[120.98143,14.51283],[120.98152,14.51283]]],[[[120.99654,14.51305],[120.99645,14.51296],[120.99645,14.51305],[120.99654,14.51305]]],[[[120.98096,14.5131],[120.98133,14.51283],[120.98096,14.51274],[120.98096,14.5131]]],[[[120.9855,14.51305],[120.98579,14.51269],[120.9856,14.51233],[120.9855,14.51305]]],[[[120.98179,14.51329],[120.98189,14.5132],[120.98179,14.5132],[120.98179,14.51329]]],[[[120.9778,14.51325],[120.9779,14.51335],[120.9779,14.51326],[120.9778,14.51325]]],[[[120.98161,14.51338],[120.98151,14.51329],[120.98151,14.51338],[120.98161,14.51338]]],[[[120.98198,14.51338],[120.98188,14.51329],[120.98188,14.51338],[120.98198,14.51338]]],[[[120.98198,14.51329],[120.98226,14.51311],[120.98217,14.51266],[120.9818,14.51275],[120.98198,14.51329]]],[[[120.9778,14.51344],[120.97771,14.51334],[120.97771,14.51343],[120.9778,14.51344]]],[[[120.98225,14.51356],[120.98216,14.51347],[120.98216,14.51356],[120.98225,14.51356]]],[[[120.97817,14.51407],[120.97808,14.51398],[120.97807,14.51407],[120.97817,14.51407]]],[[[120.98243,14.51411],[120.98234,14.51402],[120.98234,14.51411],[120.98243,14.51411]]],[[[120.979,14.51399],[120.97919,14.51408],[120.97919,14.5139],[120.979,14.51399]]],[[[120.98002,14.51418],[120.97984,14.51409],[120.97984,14.51418],[120.98002,14.51418]]],[[[120.98382,14.51421],[120.98373,14.51412],[120.98373,14.51421],[120.98382,14.51421]]],[[[120.98744,14.51424],[120.98735,14.51415],[120.98735,14.51424],[120.98744,14.51424]]],[[[120.98021,14.514],[120.98011,14.51427],[120.98021,14.51427],[120.98021,14.514]]],[[[120.98429,14.5143],[120.9842,14.51421],[120.98419,14.5143],[120.98429,14.5143]]],[[[120.99013,14.51426],[120.99022,14.51436],[120.99022,14.51427],[120.99013,14.51426]]],[[[120.97983,14.51436],[120.97965,14.51417],[120.97956,14.51435],[120.97983,14.51436]]],[[[120.98336,14.51439],[120.98327,14.5143],[120.98327,14.51439],[120.98336,14.51439]]],[[[120.98011,14.51445],[120.97993,14.51427],[120.97993,14.51436],[120.98011,14.51445]]],[[[120.98262,14.51447],[120.98252,14.51438],[120.98252,14.51447],[120.98262,14.51447]]],[[[120.98957,14.51444],[120.98929,14.51453],[120.98957,14.51453],[120.98957,14.51444]]],[[[120.97891,14.51453],[120.97909,14.51444],[120.97891,14.51444],[120.97891,14.51453]]],[[[120.98985,14.51453],[120.98976,14.51444],[120.98976,14.51453],[120.98985,14.51453]]],[[[120.97946,14.51453],[120.97937,14.51435],[120.97928,14.51453],[120.97946,14.51453]]],[[[120.9802,14.51445],[120.98011,14.51454],[120.9802,14.51454],[120.9802,14.51445]]],[[[120.97928,14.51462],[120.97909,14.51453],[120.97909,14.51462],[120.97928,14.51462]]],[[[120.99013,14.51454],[120.98995,14.51435],[120.98994,14.51462],[120.99013,14.51454]]],[[[120.99031,14.51463],[120.99022,14.51454],[120.99022,14.51463],[120.99031,14.51463]]],[[[120.98271,14.51465],[120.98289,14.51456],[120.98271,14.51447],[120.98271,14.51465]]],[[[120.98336,14.51466],[120.98326,14.51457],[120.98326,14.51466],[120.98336,14.51466]]],[[[120.97909,14.51471],[120.979,14.51462],[120.979,14.51471],[120.97909,14.51471]]],[[[120.98299,14.51465],[120.98289,14.51474],[120.98298,14.51475],[120.98299,14.51465]]],[[[120.98317,14.51475],[120.98308,14.51466],[120.98308,14.51475],[120.98317,14.51475]]],[[[120.98976,14.51471],[120.98938,14.5148],[120.98976,14.5148],[120.98976,14.51471]]],[[[120.98289,14.51483],[120.9828,14.51474],[120.9828,14.51483],[120.98289,14.51483]]],[[[120.98011,14.51481],[120.9802,14.51499],[120.9802,14.51481],[120.98011,14.51481]]],[[[120.98233,14.51501],[120.98242,14.5151],[120.98243,14.51501],[120.98233,14.51501]]],[[[120.97927,14.51517],[120.97936,14.51508],[120.97927,14.51507],[120.97927,14.51517]]],[[[120.97946,14.51517],[120.97936,14.51526],[120.97946,14.51526],[120.97946,14.51517]]],[[[120.98224,14.51537],[120.98205,14.51528],[120.98205,14.51537],[120.98224,14.51537]]],[[[120.98205,14.51546],[120.98196,14.51537],[120.98196,14.51546],[120.98205,14.51546]]],[[[120.98011,14.51499],[120.97992,14.51526],[120.97955,14.51535],[120.97992,14.51553],[120.98011,14.51499]]],[[[120.98186,14.51564],[120.98177,14.51555],[120.98177,14.51564],[120.98186,14.51564]]],[[[120.98168,14.51573],[120.98159,14.51564],[120.98158,14.51573],[120.98168,14.51573]]],[[[120.98131,14.51572],[120.98149,14.51582],[120.98149,14.51573],[120.98131,14.51572]]],[[[120.98112,14.5159],[120.98121,14.516],[120.98121,14.5159],[120.98112,14.5159]]],[[[120.98102,14.51617],[120.98093,14.51599],[120.98084,14.51617],[120.98102,14.51617]]],[[[120.9877,14.51623],[120.98761,14.51614],[120.98761,14.51623],[120.9877,14.51623]]],[[[120.98084,14.51626],[120.98065,14.51617],[120.98065,14.51626],[120.98084,14.51626]]],[[[120.98065,14.51635],[120.98056,14.51626],[120.98056,14.51635],[120.98065,14.51635]]],[[[120.99391,14.51656],[120.9941,14.51629],[120.99382,14.51619],[120.99391,14.51656]]],[[[120.98844,14.5166],[120.98853,14.51669],[120.98853,14.5166],[120.98844,14.5166]]],[[[120.98844,14.51678],[120.98835,14.51669],[120.98835,14.51678],[120.98844,14.51678]]],[[[120.98835,14.51678],[120.98779,14.51659],[120.9877,14.51632],[120.98779,14.51677],[120.98835,14.51678]]],[[[120.98918,14.51697],[120.98909,14.51688],[120.98909,14.51697],[120.98918,14.51697]]],[[[120.99085,14.51698],[120.99076,14.51689],[120.99076,14.51698],[120.99085,14.51698]]],[[[120.98946,14.51706],[120.98927,14.51697],[120.98927,14.51706],[120.98946,14.51706]]],[[[120.99075,14.51716],[120.99066,14.51707],[120.99066,14.51716],[120.99075,14.51716]]],[[[120.99122,14.51717],[120.99113,14.51707],[120.99113,14.51716],[120.99122,14.51717]]],[[[120.99326,14.517],[120.99335,14.51718],[120.99335,14.517],[120.99326,14.517]]],[[[120.99372,14.51719],[120.99382,14.51665],[120.99345,14.517],[120.99372,14.51719]]],[[[120.9915,14.51726],[120.9914,14.51717],[120.9914,14.51726],[120.9915,14.51726]]],[[[120.99326,14.51727],[120.99307,14.51718],[120.99307,14.51727],[120.99326,14.51727]]],[[[120.99187,14.51735],[120.99177,14.51726],[120.99177,14.51735],[120.99187,14.51735]]],[[[120.99307,14.51736],[120.99298,14.51727],[120.99298,14.51736],[120.99307,14.51736]]],[[[120.99354,14.51746],[120.99344,14.51737],[120.99344,14.51746],[120.99354,14.51746]]],[[[120.97916,14.51742],[120.97944,14.51725],[120.97916,14.51697],[120.97916,14.51742]]],[[[120.99103,14.51753],[120.99094,14.51743],[120.99094,14.51752],[120.99103,14.51753]]],[[[120.99159,14.51744],[120.99131,14.51753],[120.99159,14.51753],[120.99159,14.51744]]],[[[120.99205,14.51762],[120.99186,14.51753],[120.99186,14.51762],[120.99205,14.51762]]],[[[120.99251,14.51754],[120.99223,14.51763],[120.99251,14.51763],[120.99251,14.51754]]],[[[120.99288,14.51763],[120.9927,14.51754],[120.9927,14.51763],[120.99288,14.51763]]],[[[120.99381,14.51755],[120.994,14.51764],[120.994,14.51755],[120.99381,14.51755]]],[[[120.99465,14.51765],[120.99455,14.51756],[120.99455,14.51765],[120.99465,14.51765]]],[[[120.98964,14.51769],[120.98936,14.5176],[120.98936,14.51769],[120.98964,14.51769]]],[[[120.99381,14.51773],[120.99372,14.51764],[120.99372,14.51773],[120.99381,14.51773]]],[[[120.99511,14.51774],[120.99492,14.51765],[120.99492,14.51774],[120.99511,14.51774]]],[[[120.98917,14.51778],[120.98927,14.51769],[120.98917,14.51769],[120.98917,14.51778]]],[[[120.99093,14.5178],[120.99084,14.51761],[120.99084,14.51779],[120.99093,14.5178]]],[[[120.9939,14.51773],[120.99381,14.51782],[120.9939,14.51782],[120.9939,14.51773]]],[[[120.99381,14.51791],[120.99372,14.51782],[120.99372,14.51791],[120.99381,14.51791]]],[[[120.98964,14.5176],[120.99047,14.51797],[120.9902,14.51725],[120.99057,14.51698],[120.98955,14.51697],[120.9901,14.51734],[120.98964,14.5176]]],[[[120.99427,14.51791],[120.99436,14.51801],[120.99437,14.51792],[120.99427,14.51791]]],[[[120.99501,14.51801],[120.99474,14.5181],[120.99501,14.5181],[120.99501,14.51801]]],[[[120.99427,14.51819],[120.99409,14.51791],[120.99399,14.51809],[120.99427,14.51819]]],[[[120.97952,14.51824],[120.97943,14.51788],[120.97943,14.51824],[120.97952,14.51824]]],[[[120.97961,14.51824],[120.97971,14.51815],[120.97961,14.51815],[120.97961,14.51824]]],[[[120.99028,14.51797],[120.99,14.51815],[120.98927,14.51778],[120.99009,14.51842],[120.99028,14.51797]]],[[[120.98573,14.51847],[120.98611,14.51821],[120.98573,14.51838],[120.98573,14.51847]]],[[[120.9798,14.51851],[120.9797,14.51842],[120.97961,14.51851],[120.9798,14.51851]]],[[[120.98054,14.51861],[120.98063,14.51852],[120.98054,14.51852],[120.98054,14.51861]]],[[[120.99445,14.51864],[120.99436,14.51846],[120.99427,14.51864],[120.99445,14.51864]]],[[[120.98017,14.5187],[120.97998,14.51861],[120.97998,14.5187],[120.98017,14.5187]]],[[[120.98072,14.51861],[120.98063,14.5187],[120.98072,14.5187],[120.98072,14.51861]]],[[[120.98063,14.51879],[120.98054,14.5187],[120.98054,14.51878],[120.98063,14.51879]]],[[[120.99074,14.51897],[120.99083,14.51888],[120.99074,14.51888],[120.99074,14.51897]]],[[[120.99064,14.51906],[120.99055,14.51897],[120.99055,14.51906],[120.99064,14.51906]]],[[[120.98842,14.51913],[120.98833,14.51904],[120.98833,14.51913],[120.98842,14.51913]]],[[[120.98907,14.51914],[120.98888,14.51904],[120.98888,14.51913],[120.98907,14.51914]]],[[[120.99111,14.5187],[120.99102,14.51915],[120.9912,14.51915],[120.99111,14.5187]]],[[[120.9861,14.51911],[120.98619,14.5192],[120.98619,14.51911],[120.9861,14.51911]]],[[[120.98647,14.5192],[120.98638,14.51911],[120.98638,14.5192],[120.98647,14.5192]]],[[[120.98934,14.51923],[120.98916,14.51914],[120.98916,14.51923],[120.98934,14.51923]]],[[[120.99297,14.5189],[120.99324,14.51917],[120.99324,14.51881],[120.99297,14.5189]]],[[[120.9861,14.51929],[120.98601,14.5192],[120.986,14.51929],[120.9861,14.51929]]],[[[120.98971,14.51932],[120.98953,14.51923],[120.98953,14.51932],[120.98971,14.51932]]],[[[120.9899,14.51932],[120.98981,14.51923],[120.98981,14.51932],[120.9899,14.51932]]],[[[120.98127,14.51925],[120.98062,14.51933],[120.98127,14.51934],[120.98127,14.51925]]],[[[120.98545,14.51928],[120.98554,14.51938],[120.98554,14.51929],[120.98545,14.51928]]],[[[120.98573,14.51938],[120.98563,14.51929],[120.98563,14.51938],[120.98573,14.51938]]],[[[120.98637,14.51938],[120.98628,14.51929],[120.98628,14.51938],[120.98637,14.51938]]],[[[120.98665,14.51939],[120.98656,14.51929],[120.98656,14.51938],[120.98665,14.51939]]],[[[120.99009,14.51941],[120.98999,14.51932],[120.98999,14.51941],[120.99009,14.51941]]],[[[120.99333,14.51944],[120.99324,14.51935],[120.99324,14.51944],[120.99333,14.51944]]],[[[120.99036,14.51951],[120.99046,14.51942],[120.99036,14.51942],[120.99036,14.51951]]],[[[120.98545,14.51956],[120.98535,14.51937],[120.98535,14.51956],[120.98545,14.51956]]],[[[120.98675,14.51939],[120.98702,14.51948],[120.98702,14.51939],[120.98675,14.51939]]],[[[120.98739,14.51957],[120.98749,14.51948],[120.98739,14.51948],[120.98739,14.51957]]],[[[120.99055,14.51951],[120.99045,14.5196],[120.99055,14.5196],[120.99055,14.51951]]],[[[120.98554,14.51956],[120.98544,14.51965],[120.98554,14.51965],[120.98554,14.51956]]],[[[120.98712,14.51948],[120.98721,14.51966],[120.98721,14.51948],[120.98712,14.51948]]],[[[120.9796,14.5196],[120.97969,14.51969],[120.97969,14.5196],[120.9796,14.5196]]],[[[120.98025,14.5196],[120.97997,14.51951],[120.97997,14.51969],[120.98025,14.5196]]],[[[120.9912,14.5197],[120.99073,14.5196],[120.99073,14.51969],[120.9912,14.5197]]],[[[120.98572,14.51965],[120.98554,14.51974],[120.98572,14.51974],[120.98572,14.51965]]],[[[120.98647,14.51966],[120.98656,14.51975],[120.98656,14.51966],[120.98647,14.51966]]],[[[120.98851,14.51958],[120.98767,14.51976],[120.98851,14.51967],[120.98851,14.51958]]],[[[120.9886,14.51976],[120.98869,14.51967],[120.9886,14.51967],[120.9886,14.51976]]],[[[120.9796,14.51978],[120.97951,14.51969],[120.97951,14.51978],[120.9796,14.51978]]],[[[120.9912,14.51915],[120.9912,14.51961],[120.99175,14.51979],[120.99129,14.51952],[120.9912,14.51915]]],[[[120.98192,14.51971],[120.98202,14.51935],[120.9822,14.51926],[120.98155,14.51943],[120.98192,14.51971]]],[[[120.98646,14.51984],[120.98637,14.51974],[120.98637,14.51983],[120.98646,14.51984]]],[[[120.98711,14.51984],[120.98693,14.51966],[120.98693,14.51975],[120.98711,14.51984]]],[[[120.98878,14.51977],[120.98869,14.51985],[120.98878,14.51986],[120.98878,14.51977]]],[[[120.99184,14.51979],[120.99175,14.51988],[120.99184,14.51988],[120.99184,14.51979]]],[[[120.98591,14.51992],[120.98581,14.51983],[120.98581,14.51992],[120.98591,14.51992]]],[[[120.98656,14.51984],[120.98674,14.51993],[120.98674,14.51984],[120.98656,14.51984]]],[[[120.98721,14.51984],[120.98711,14.51993],[120.9872,14.51993],[120.98721,14.51984]]],[[[120.98748,14.51993],[120.98739,14.51984],[120.98739,14.51993],[120.98748,14.51993]]],[[[120.98888,14.51986],[120.98878,14.51995],[120.98887,14.51995],[120.98888,14.51986]]],[[[120.98915,14.51995],[120.98906,14.51986],[120.98906,14.51995],[120.98915,14.51995]]],[[[120.99221,14.51998],[120.99212,14.51988],[120.99212,14.51997],[120.99221,14.51998]]],[[[120.9873,14.51993],[120.9872,14.52002],[120.9873,14.52002],[120.9873,14.51993]]],[[[120.98878,14.52004],[120.98869,14.51995],[120.98869,14.52004],[120.98878,14.52004]]],[[[120.98962,14.52004],[120.98952,14.51995],[120.98952,14.52004],[120.98962,14.52004]]],[[[120.98108,14.51997],[120.98136,14.51979],[120.9809,14.51952],[120.98127,14.51943],[120.98025,14.51942],[120.9809,14.52006],[120.98108,14.51997]]],[[[120.98915,14.52013],[120.98924,14.52004],[120.98915,14.52004],[120.98915,14.52013]]],[[[120.99277,14.52016],[120.99268,14.52007],[120.99268,14.52016],[120.99277,14.52016]]],[[[120.99295,14.52016],[120.99286,14.52007],[120.99286,14.52016],[120.99295,14.52016]]],[[[120.98934,14.52013],[120.98924,14.52022],[120.98934,14.52022],[120.98934,14.52013]]],[[[120.99054,14.52023],[120.99045,14.52005],[120.99045,14.52023],[120.99054,14.52023]]],[[[120.98655,14.52029],[120.98646,14.51993],[120.98646,14.52029],[120.98655,14.52029]]],[[[120.98896,14.52031],[120.98878,14.52013],[120.98878,14.52031],[120.98896,14.52031]]],[[[120.98665,14.52029],[120.98655,14.52038],[120.98664,14.52038],[120.98665,14.52029]]],[[[120.99054,14.5205],[120.99073,14.52041],[120.99054,14.52041],[120.99054,14.5205]]],[[[120.991,14.52042],[120.9911,14.52051],[120.9911,14.52042],[120.991,14.52042]]],[[[120.99212,14.52061],[120.99202,14.52052],[120.99202,14.52061],[120.99212,14.52061]]],[[[120.99267,14.52061],[120.99258,14.52052],[120.99258,14.52061],[120.99267,14.52061]]],[[[120.99184,14.5207],[120.99174,14.5206],[120.99174,14.52069],[120.99184,14.5207]]],[[[120.99295,14.5207],[120.99286,14.52061],[120.99286,14.5207],[120.99295,14.5207]]],[[[120.99313,14.52071],[120.99304,14.52062],[120.99304,14.52071],[120.99313,14.52071]]],[[[120.99091,14.52078],[120.99072,14.5205],[120.99072,14.52069],[120.99091,14.52078]]],[[[120.99332,14.52089],[120.99323,14.52071],[120.99323,14.52089],[120.99332,14.52089]]],[[[120.99361,14.51981],[120.99333,14.51953],[120.9936,14.52089],[120.99361,14.51981]]],[[[120.99118,14.52096],[120.99109,14.52087],[120.99109,14.52096],[120.99118,14.52096]]],[[[120.98682,14.5211],[120.9871,14.52084],[120.98673,14.52092],[120.98682,14.5211]]],[[[120.99304,14.52125],[120.99295,14.52107],[120.99294,14.52125],[120.99304,14.52125]]],[[[120.98562,14.52118],[120.98599,14.52092],[120.98553,14.521],[120.98562,14.52118]]],[[[120.99805,14.52111],[120.99823,14.5212],[120.99823,14.52102],[120.99805,14.52111]]],[[[120.9807,14.52132],[120.98061,14.52123],[120.98061,14.52132],[120.9807,14.52132]]],[[[120.98126,14.52133],[120.98116,14.52124],[120.98116,14.52133],[120.98126,14.52133]]],[[[120.98163,14.52133],[120.98172,14.52124],[120.98163,14.52124],[120.98163,14.52133]]],[[[120.98107,14.52142],[120.98088,14.52132],[120.98088,14.52141],[120.98107,14.52142]]],[[[120.98181,14.52133],[120.98172,14.52142],[120.98181,14.52142],[120.98181,14.52133]]],[[[120.99155,14.52151],[120.99146,14.52132],[120.99146,14.52151],[120.99155,14.52151]]],[[[120.9858,14.52155],[120.98571,14.52146],[120.98571,14.52155],[120.9858,14.52155]]],[[[120.98877,14.52166],[120.98867,14.52157],[120.98867,14.52166],[120.98877,14.52166]]],[[[120.99405,14.52171],[120.99396,14.52162],[120.99396,14.52171],[120.99405,14.52171]]],[[[120.99442,14.5218],[120.99433,14.52171],[120.99433,14.5218],[120.99442,14.5218]]],[[[120.98552,14.52163],[120.9857,14.52173],[120.98571,14.52164],[120.98552,14.52163]]],[[[120.98023,14.52186],[120.98014,14.52168],[120.98014,14.52186],[120.98023,14.52186]]],[[[120.99099,14.52195],[120.99108,14.52186],[120.99099,14.52186],[120.99099,14.52195]]],[[[120.99136,14.52196],[120.99127,14.52187],[120.99127,14.52196],[120.99136,14.52196]]],[[[120.98737,14.52201],[120.98728,14.52192],[120.98728,14.52201],[120.98737,14.52201]]],[[[120.98858,14.52193],[120.98867,14.52202],[120.98867,14.52193],[120.98858,14.52193]]],[[[120.99118,14.52195],[120.99108,14.52204],[120.99117,14.52204],[120.99118,14.52195]]],[[[120.99164,14.52205],[120.99173,14.52196],[120.99164,14.52196],[120.99164,14.52205]]],[[[120.99303,14.52206],[120.99312,14.52197],[120.99303,14.52197],[120.99303,14.52206]]],[[[120.98301,14.52207],[120.98292,14.52188],[120.98292,14.52206],[120.98301,14.52207]]],[[[120.98301,14.52188],[120.98366,14.52207],[120.98339,14.52107],[120.98311,14.52125],[120.98301,14.52188]]],[[[120.98339,14.52162],[120.9833,14.52144],[120.98339,14.52144],[120.98339,14.52162]]],[[[120.98552,14.52209],[120.98542,14.522],[120.98542,14.52209],[120.98552,14.52209]]],[[[120.987,14.52201],[120.98709,14.5221],[120.98709,14.52201],[120.987,14.52201]]],[[[120.98858,14.52211],[120.98839,14.52202],[120.98839,14.52211],[120.98858,14.52211]]],[[[120.99127,14.52205],[120.99117,14.52214],[120.99127,14.52214],[120.99127,14.52205]]],[[[120.99145,14.52214],[120.99136,14.52205],[120.99136,14.52214],[120.99145,14.52214]]],[[[120.99182,14.52205],[120.99173,14.52214],[120.99182,14.52214],[120.99182,14.52205]]],[[[120.99284,14.52206],[120.99294,14.52215],[120.99294,14.52206],[120.99284,14.52206]]],[[[120.99322,14.52206],[120.99312,14.52215],[120.99321,14.52215],[120.99322,14.52206]]],[[[120.99516,14.52217],[120.99526,14.52208],[120.99516,14.52208],[120.99516,14.52217]]],[[[120.98301,14.52225],[120.9831,14.52216],[120.98301,14.52216],[120.98301,14.52225]]],[[[120.99535,14.52217],[120.99525,14.52226],[120.99535,14.52226],[120.99535,14.52217]]],[[[120.9832,14.52225],[120.9831,14.52234],[120.98319,14.52234],[120.9832,14.52225]]],[[[120.98811,14.52238],[120.98802,14.52202],[120.98746,14.52201],[120.98746,14.52228],[120.98811,14.52238]]],[[[120.9818,14.52251],[120.98171,14.52242],[120.98171,14.52251],[120.9818,14.52251]]],[[[120.99284,14.52215],[120.99192,14.52214],[120.99191,14.52232],[120.99265,14.52251],[120.99238,14.52224],[120.99284,14.52215]]],[[[120.98217,14.52242],[120.98189,14.52251],[120.98217,14.52251],[120.98217,14.52242]]],[[[120.98013,14.52267],[120.98004,14.52258],[120.98004,14.52267],[120.98013,14.52267]]],[[[120.98319,14.52234],[120.98338,14.5227],[120.98375,14.52216],[120.98357,14.52234],[120.98319,14.52234]]],[[[120.9882,14.52274],[120.98811,14.52265],[120.98801,14.52274],[120.9882,14.52274]]],[[[120.98801,14.52274],[120.98783,14.52247],[120.98746,14.52237],[120.98746,14.52265],[120.98801,14.52274]]],[[[120.97994,14.52285],[120.97976,14.52276],[120.97976,14.52285],[120.97994,14.52285]]],[[[120.99228,14.52287],[120.99219,14.52278],[120.99219,14.52287],[120.99228,14.52287]]],[[[120.9933,14.52288],[120.99321,14.52279],[120.99321,14.52288],[120.9933,14.52288]]],[[[120.98393,14.52262],[120.98458,14.52271],[120.9844,14.52217],[120.98393,14.52262]]],[[[120.9844,14.52271],[120.98431,14.52253],[120.98449,14.52253],[120.9844,14.52271]]],[[[120.98486,14.5228],[120.98504,14.5229],[120.98505,14.52281],[120.98486,14.5228]]],[[[120.98514,14.5229],[120.98504,14.52299],[120.98514,14.52299],[120.98514,14.5229]]],[[[120.98486,14.52308],[120.98467,14.52289],[120.98467,14.52307],[120.98486,14.52308]]],[[[120.99219,14.52296],[120.99228,14.52314],[120.99228,14.52296],[120.99219,14.52296]]],[[[120.98504,14.52308],[120.98486,14.52317],[120.98504,14.52317],[120.98504,14.52308]]],[[[120.99116,14.52322],[120.99108,14.52277],[120.99098,14.52322],[120.99116,14.52322]]],[[[120.99163,14.52322],[120.99154,14.52313],[120.99153,14.52322],[120.99163,14.52322]]],[[[120.99191,14.52323],[120.99181,14.52304],[120.99181,14.52323],[120.99191,14.52323]]],[[[120.98847,14.52329],[120.98838,14.5232],[120.98838,14.52329],[120.98847,14.52329]]],[[[120.99153,14.52331],[120.99116,14.52322],[120.99116,14.52331],[120.99153,14.52331]]],[[[120.99219,14.52314],[120.992,14.52259],[120.99126,14.52241],[120.99126,14.52286],[120.99219,14.52314]]],[[[120.98856,14.52347],[120.98847,14.52338],[120.98847,14.52347],[120.98856,14.52347]]],[[[120.99218,14.52332],[120.99209,14.5235],[120.99218,14.5235],[120.99218,14.52332]]],[[[120.99329,14.5236],[120.9932,14.52342],[120.9932,14.5236],[120.99329,14.5236]]],[[[120.99431,14.52361],[120.99422,14.52352],[120.99422,14.52361],[120.99431,14.52361]]],[[[120.99506,14.52361],[120.99496,14.52352],[120.99496,14.52361],[120.99506,14.52361]]],[[[120.99358,14.52324],[120.99376,14.52378],[120.99376,14.52324],[120.99358,14.52324]]],[[[120.987,14.5221],[120.98551,14.52218],[120.98551,14.52254],[120.98672,14.52228],[120.98653,14.52318],[120.98588,14.52335],[120.98671,14.52381],[120.987,14.5221]]],[[[120.98681,14.52237],[120.9869,14.52246],[120.98681,14.52246],[120.98681,14.52237]]],[[[120.9869,14.52336],[120.98652,14.52363],[120.98643,14.52345],[120.9869,14.52336]]],[[[120.9932,14.52378],[120.99329,14.52387],[120.99329,14.52378],[120.9932,14.52378]]],[[[120.99366,14.52387],[120.99357,14.52378],[120.99357,14.52387],[120.99366,14.52387]]],[[[120.9932,14.52396],[120.99311,14.52387],[120.99311,14.52396],[120.9932,14.52396]]],[[[120.99227,14.52368],[120.99208,14.52395],[120.99227,14.52404],[120.99227,14.52368]]],[[[120.99366,14.52433],[120.99357,14.52414],[120.99357,14.52432],[120.99366,14.52433]]],[[[120.99208,14.5244],[120.99217,14.52431],[120.99208,14.52431],[120.99208,14.5244]]],[[[120.99227,14.5244],[120.99217,14.52449],[120.99227,14.52449],[120.99227,14.5244]]],[[[120.99356,14.52451],[120.99366,14.52442],[120.99357,14.52441],[120.99356,14.52451]]],[[[120.99505,14.52452],[120.99514,14.52443],[120.99505,14.52443],[120.99505,14.52452]]],[[[120.99495,14.52461],[120.99486,14.52452],[120.99486,14.52461],[120.99495,14.52461]]],[[[120.99523,14.52452],[120.99514,14.52461],[120.99523,14.52461],[120.99523,14.52452]]],[[[120.99551,14.52461],[120.9956,14.5247],[120.9956,14.52461],[120.99551,14.52461]]],[[[120.99375,14.52469],[120.99356,14.5246],[120.99356,14.52478],[120.99375,14.52469]]],[[[120.9957,14.5247],[120.9956,14.52479],[120.9957,14.52479],[120.9957,14.5247]]],[[[120.99096,14.52484],[120.99106,14.52475],[120.99096,14.52475],[120.99096,14.52484]]],[[[120.99115,14.52485],[120.99106,14.52494],[120.99115,14.52494],[120.99115,14.52485]]],[[[120.99458,14.52497],[120.99449,14.52487],[120.99449,14.52497],[120.99458,14.52497]]],[[[120.99198,14.52503],[120.99208,14.52485],[120.99198,14.52485],[120.99198,14.52503]]],[[[120.99439,14.52505],[120.9943,14.52496],[120.9943,14.52505],[120.99439,14.52505]]],[[[120.9956,14.52479],[120.99514,14.52461],[120.99486,14.5247],[120.99523,14.52506],[120.9956,14.52479]]],[[[120.9853,14.52507],[120.98521,14.5248],[120.98521,14.52507],[120.9853,14.52507]]],[[[120.99226,14.52504],[120.99207,14.52513],[120.99226,14.52513],[120.99226,14.52504]]],[[[120.99254,14.52513],[120.99245,14.52504],[120.99245,14.52513],[120.99254,14.52513]]],[[[120.99551,14.52515],[120.99541,14.52506],[120.99541,14.52515],[120.99551,14.52515]]],[[[120.99523,14.52524],[120.99514,14.52515],[120.99513,14.52524],[120.99523,14.52524]]],[[[120.99235,14.5254],[120.99217,14.52531],[120.99216,14.5254],[120.99235,14.5254]]],[[[120.99495,14.52542],[120.99476,14.52533],[120.99476,14.52542],[120.99495,14.52542]]],[[[120.98892,14.52564],[120.98882,14.52555],[120.98882,14.52564],[120.98892,14.52564]]],[[[120.99188,14.52567],[120.99179,14.52557],[120.99179,14.52566],[120.99188,14.52567]]],[[[120.99365,14.52568],[120.99384,14.52523],[120.99365,14.52487],[120.99365,14.52568]]],[[[120.99494,14.52578],[120.99485,14.5256],[120.99485,14.52578],[120.99494,14.52578]]],[[[120.9852,14.52579],[120.98511,14.5257],[120.98511,14.52579],[120.9852,14.52579]]],[[[120.99402,14.52586],[120.99439,14.5256],[120.99402,14.52568],[120.99402,14.52586]]],[[[120.99448,14.52587],[120.99439,14.52596],[120.99448,14.52596],[120.99448,14.52587]]],[[[120.99058,14.52593],[120.99049,14.52602],[120.99058,14.52602],[120.99058,14.52593]]],[[[120.99476,14.52605],[120.99457,14.52596],[120.99457,14.52605],[120.99476,14.52605]]],[[[120.99049,14.52592],[120.99077,14.52529],[120.99189,14.5253],[120.9905,14.52493],[120.99061,14.52321],[120.99004,14.52475],[120.98864,14.52482],[120.98966,14.5251],[120.98707,14.52472],[120.98818,14.52527],[120.98826,14.52609],[120.98864,14.52564],[120.98827,14.52518],[120.98957,14.52528],[120.98901,14.52564],[120.98938,14.52601],[120.99049,14.52592]]],[[[120.99031,14.52583],[120.99021,14.52574],[120.99031,14.52574],[120.99031,14.52583]]],[[[120.99003,14.52574],[120.98984,14.52556],[120.99003,14.52556],[120.99003,14.52574]]],[[[120.99012,14.52547],[120.98994,14.52529],[120.99012,14.52538],[120.99012,14.52547]]],[[[120.99068,14.5252],[120.99059,14.52511],[120.99068,14.52511],[120.99068,14.5252]]],[[[120.9942,14.52614],[120.99429,14.52605],[120.9942,14.52605],[120.9942,14.52614]]],[[[120.98956,14.52619],[120.98947,14.5261],[120.98947,14.52619],[120.98956,14.52619]]],[[[120.98993,14.52619],[120.98984,14.5261],[120.98984,14.52619],[120.98993,14.52619]]],[[[120.99077,14.52593],[120.99086,14.5262],[120.99105,14.52593],[120.99077,14.52593]]],[[[120.99058,14.52629],[120.99049,14.5262],[120.99049,14.52629],[120.99058,14.52629]]],[[[120.99114,14.52602],[120.99151,14.52611],[120.99151,14.52602],[120.99114,14.52602]]],[[[120.99373,14.52631],[120.99364,14.52613],[120.99364,14.52631],[120.99373,14.52631]]],[[[120.99438,14.52614],[120.99429,14.52632],[120.99438,14.52632],[120.99438,14.52614]]],[[[120.99243,14.52639],[120.99234,14.5263],[120.99234,14.52639],[120.99243,14.52639]]],[[[120.99309,14.52604],[120.99179,14.52576],[120.99169,14.52612],[120.99318,14.5264],[120.99309,14.52604]]],[[[120.99401,14.52641],[120.99392,14.52632],[120.99392,14.52641],[120.99401,14.52641]]],[[[120.98817,14.52645],[120.98798,14.52617],[120.98807,14.52645],[120.98817,14.52645]]],[[[120.99049,14.52647],[120.99058,14.52638],[120.99049,14.52638],[120.99049,14.52647]]],[[[120.99123,14.52647],[120.99114,14.52638],[120.99113,14.52647],[120.99123,14.52647]]],[[[120.99225,14.52648],[120.99216,14.52639],[120.99215,14.52648],[120.99225,14.52648]]],[[[120.9851,14.5266],[120.98501,14.52642],[120.98501,14.5266],[120.9851,14.5266]]],[[[120.9877,14.52662],[120.98761,14.52653],[120.98761,14.52662],[120.9877,14.52662]]],[[[120.98798,14.52663],[120.98789,14.52654],[120.98789,14.52663],[120.98798,14.52663]]],[[[120.99419,14.52668],[120.9941,14.52659],[120.9941,14.52668],[120.99419,14.52668]]],[[[120.99067,14.52674],[120.99048,14.52656],[120.99048,14.52674],[120.99067,14.52674]]],[[[120.99243,14.52675],[120.99253,14.52657],[120.99243,14.52657],[120.99243,14.52675]]],[[[120.99373,14.52677],[120.99364,14.52649],[120.99364,14.52677],[120.99373,14.52677]]],[[[120.99429,14.52677],[120.99438,14.52668],[120.99429,14.52668],[120.99429,14.52677]]],[[[120.98853,14.52681],[120.98844,14.52672],[120.98844,14.52681],[120.98853,14.52681]]],[[[120.99262,14.52676],[120.99252,14.52685],[120.99262,14.52685],[120.99262,14.52676]]],[[[120.98835,14.5269],[120.98826,14.52681],[120.98825,14.5269],[120.98835,14.5269]]],[[[120.99447,14.52677],[120.99438,14.52695],[120.99447,14.52695],[120.99447,14.52677]]],[[[120.99354,14.52704],[120.99364,14.52686],[120.99354,14.52685],[120.99354,14.52704]]],[[[120.9877,14.52689],[120.98742,14.52698],[120.9877,14.52708],[120.9877,14.52689]]],[[[120.99308,14.52712],[120.99298,14.52703],[120.99298,14.52712],[120.99308,14.52712]]],[[[120.99373,14.52704],[120.99363,14.52713],[120.99373,14.52713],[120.99373,14.52704]]],[[[120.98816,14.52717],[120.98807,14.52708],[120.98807,14.52717],[120.98816,14.52717]]],[[[120.99067,14.52674],[120.99066,14.52719],[120.99104,14.52719],[120.99104,14.52692],[120.99067,14.52674]]],[[[120.9927,14.52721],[120.99317,14.52685],[120.9929,14.52667],[120.9927,14.52721]]],[[[120.99428,14.52722],[120.99401,14.52695],[120.994,14.52713],[120.99428,14.52722]]],[[[120.98964,14.52727],[120.98955,14.52718],[120.98955,14.52727],[120.98964,14.52727]]],[[[120.99085,14.52719],[120.99076,14.52728],[120.99085,14.52728],[120.99085,14.52719]]],[[[120.98705,14.52734],[120.98696,14.52698],[120.98695,14.52734],[120.98705,14.52734]]],[[[120.99298,14.52739],[120.99289,14.5273],[120.99289,14.52739],[120.99298,14.52739]]],[[[120.98779,14.52744],[120.98769,14.52735],[120.98769,14.52744],[120.98779,14.52744]]],[[[120.98983,14.52746],[120.98974,14.52736],[120.98973,14.52745],[120.98983,14.52746]]],[[[120.99057,14.52746],[120.99048,14.52737],[120.99048,14.52746],[120.99057,14.52746]]],[[[120.99409,14.5274],[120.99419,14.52749],[120.99419,14.5274],[120.99409,14.5274]]],[[[120.99409,14.52767],[120.994,14.52749],[120.994,14.52767],[120.99409,14.52767]]],[[[120.99372,14.52749],[120.99354,14.52767],[120.99372,14.52776],[120.99372,14.52749]]],[[[120.99261,14.52784],[120.99242,14.52766],[120.99242,14.52784],[120.99261,14.52784]]],[[[120.994,14.52785],[120.99391,14.52767],[120.99391,14.52785],[120.994,14.52785]]],[[[120.99446,14.52786],[120.99428,14.52767],[120.99428,14.52786],[120.99446,14.52786]]],[[[120.99103,14.52747],[120.99075,14.52746],[120.99075,14.52792],[120.99103,14.52747]]],[[[120.9926,14.52802],[120.99242,14.52793],[120.99242,14.52802],[120.9926,14.52802]]],[[[120.99307,14.5283],[120.99298,14.52766],[120.99297,14.5283],[120.99307,14.5283]]],[[[120.99381,14.52857],[120.9939,14.52848],[120.99381,14.52848],[120.99381,14.52857]]],[[[120.99399,14.52858],[120.9939,14.52867],[120.99399,14.52867],[120.99399,14.52858]]],[[[120.99418,14.52867],[120.99437,14.52822],[120.9939,14.52794],[120.99381,14.5283],[120.99418,14.52867]]],[[[120.99418,14.52876],[120.99408,14.52867],[120.99408,14.52876],[120.99418,14.52876]]],[[[120.99334,14.52884],[120.99363,14.52803],[120.99344,14.52776],[120.99334,14.52884]]],[[[120.99297,14.52893],[120.99288,14.52839],[120.99287,14.52893],[120.99297,14.52893]]],[[[120.99427,14.52876],[120.99417,14.52894],[120.99427,14.52894],[120.99427,14.52876]]],[[[120.99306,14.52911],[120.99315,14.5292],[120.99315,14.52911],[120.99306,14.52911]]],[[[120.99482,14.52912],[120.99436,14.52921],[120.99482,14.52931],[120.99482,14.52912]]],[[[120.99306,14.52938],[120.99287,14.52911],[120.99287,14.52938],[120.99306,14.52938]]],[[[120.9937,14.52948],[120.9938,14.5293],[120.99371,14.5293],[120.9937,14.52948]]],[[[120.99064,14.52963],[120.99055,14.52954],[120.99055,14.52963],[120.99064,14.52963]]],[[[120.99334,14.5292],[120.99324,14.52947],[120.99352,14.52966],[120.99352,14.52902],[120.99334,14.5292]]],[[[120.99073,14.52963],[120.99083,14.52972],[120.99083,14.52963],[120.99073,14.52963]]],[[[120.99417,14.52921],[120.9938,14.52975],[120.99435,14.52975],[120.99417,14.52921]]],[[[120.9847,14.52976],[120.9848,14.52967],[120.9847,14.52967],[120.9847,14.52976]]],[[[120.99073,14.52981],[120.99064,14.52972],[120.99064,14.52981],[120.99073,14.52981]]],[[[120.98489,14.52976],[120.9848,14.52985],[120.98489,14.52985],[120.98489,14.52976]]],[[[120.99324,14.52992],[120.99315,14.52965],[120.99314,14.52992],[120.99324,14.52992]]],[[[120.99379,14.52993],[120.9937,14.52975],[120.9937,14.52993],[120.99379,14.52993]]],[[[120.99147,14.53],[120.99092,14.52981],[120.99073,14.52999],[120.99147,14.53]]],[[[120.99453,14.53012],[120.99435,14.53002],[120.99435,14.53011],[120.99453,14.53012]]],[[[120.9937,14.53011],[120.99379,14.5302],[120.99379,14.53011],[120.9937,14.53011]]],[[[120.99323,14.53029],[120.99314,14.53001],[120.99314,14.53029],[120.99323,14.53029]]],[[[120.9898,14.53035],[120.98971,14.53017],[120.98971,14.53035],[120.9898,14.53035]]],[[[120.99036,14.53035],[120.99054,14.53017],[120.99036,14.53017],[120.99036,14.53035]]],[[[120.99064,14.53035],[120.99054,14.53044],[120.99063,14.53044],[120.99064,14.53035]]],[[[120.98052,14.53036],[120.98024,14.53045],[120.98052,14.53045],[120.98052,14.53036]]],[[[120.9937,14.53047],[120.99361,14.5302],[120.9936,14.53047],[120.9937,14.53047]]],[[[120.99017,14.53053],[120.99008,14.53035],[120.98998,14.53053],[120.99017,14.53053]]],[[[120.99054,14.53053],[120.99045,14.53044],[120.99045,14.53053],[120.99054,14.53053]]],[[[120.9898,14.53062],[120.98971,14.53053],[120.98971,14.53062],[120.9898,14.53062]]],[[[120.99035,14.53062],[120.99026,14.53053],[120.99026,14.53062],[120.99035,14.53062]]],[[[120.99379,14.53065],[120.9937,14.53056],[120.99369,14.53065],[120.99379,14.53065]]],[[[120.98043,14.53063],[120.98052,14.53072],[120.98052,14.53063],[120.98043,14.53063]]],[[[120.98469,14.53075],[120.9846,14.53066],[120.9846,14.53075],[120.98469,14.53075]]],[[[120.98043,14.53081],[120.98015,14.53072],[120.98015,14.53081],[120.98043,14.53081]]],[[[120.99341,14.53083],[120.99332,14.53056],[120.99332,14.53083],[120.99341,14.53083]]],[[[120.99379,14.53074],[120.99388,14.53083],[120.99388,14.53074],[120.99379,14.53074]]],[[[120.99378,14.53092],[120.9936,14.53083],[120.9936,14.53092],[120.99378,14.53092]]],[[[120.98646,14.53095],[120.98636,14.53086],[120.98636,14.53095],[120.98646,14.53095]]],[[[120.98219,14.531],[120.9821,14.53091],[120.9821,14.531],[120.98219,14.531]]],[[[120.99304,14.53074],[120.99313,14.53101],[120.99314,14.53074],[120.99304,14.53074]]],[[[120.99304,14.5311],[120.99286,14.53101],[120.99286,14.5311],[120.99304,14.5311]]],[[[120.99471,14.53111],[120.99462,14.53102],[120.99462,14.53111],[120.99471,14.53111]]],[[[120.99016,14.53143],[120.99007,14.53134],[120.99007,14.53143],[120.99016,14.53143]]],[[[120.98979,14.53134],[120.98998,14.53143],[120.98998,14.53134],[120.98979,14.53134]]],[[[120.99044,14.53153],[120.99035,14.53144],[120.99035,14.53153],[120.99044,14.53153]]],[[[120.99072,14.53153],[120.99053,14.53144],[120.99053,14.53153],[120.99072,14.53153]]],[[[120.98422,14.53156],[120.98413,14.53147],[120.98413,14.53156],[120.98422,14.53156]]],[[[120.99341,14.53164],[120.9936,14.53137],[120.9936,14.53101],[120.99332,14.53128],[120.99341,14.53164]]],[[[120.98348,14.53183],[120.98339,14.53174],[120.98339,14.53183],[120.98348,14.53183]]],[[[120.98319,14.53255],[120.9831,14.53246],[120.9831,14.53255],[120.98319,14.53255]]],[[[120.98338,14.53291],[120.98329,14.53264],[120.9831,14.53291],[120.98338,14.53291]]],[[[120.98412,14.53292],[120.98375,14.53301],[120.98412,14.53301],[120.98412,14.53292]]],[[[120.99247,14.53317],[120.99237,14.53308],[120.99237,14.53317],[120.99247,14.53317]]],[[[120.9971,14.5333],[120.99738,14.53321],[120.9971,14.53321],[120.9971,14.5333]]],[[[120.99747,14.5333],[120.99738,14.53339],[120.99747,14.53339],[120.99747,14.5333]]],[[[120.99757,14.5334],[120.99747,14.53349],[120.99757,14.53349],[120.99757,14.5334]]],[[[120.99793,14.53367],[120.99784,14.53358],[120.99784,14.53367],[120.99793,14.53367]]],[[[120.99441,14.53373],[120.99432,14.53364],[120.99432,14.53373],[120.99441,14.53373]]],[[[120.99663,14.53375],[120.99654,14.53357],[120.99654,14.53375],[120.99663,14.53375]]],[[[120.99691,14.53384],[120.99682,14.53357],[120.99682,14.53384],[120.99691,14.53384]]],[[[120.99793,14.53385],[120.99803,14.53376],[120.99793,14.53376],[120.99793,14.53385]]],[[[120.99515,14.53392],[120.99534,14.53374],[120.99497,14.53373],[120.99515,14.53392]]],[[[120.99812,14.53385],[120.99802,14.53394],[120.99812,14.53394],[120.99812,14.53385]]],[[[120.99543,14.53392],[120.99533,14.53401],[120.99543,14.53401],[120.99543,14.53392]]],[[[120.99005,14.53405],[120.98995,14.53396],[120.98995,14.53405],[120.99005,14.53405]]],[[[120.98318,14.53409],[120.983,14.53372],[120.98281,14.53408],[120.98318,14.53409]]],[[[120.99181,14.53416],[120.99172,14.53407],[120.99171,14.53416],[120.99181,14.53416]]],[[[120.99496,14.53419],[120.99487,14.5341],[120.99487,14.53419],[120.99496,14.53419]]],[[[120.9971,14.53402],[120.997,14.5342],[120.99728,14.53421],[120.9971,14.53402]]],[[[120.98188,14.53416],[120.9816,14.53425],[120.98188,14.53425],[120.98188,14.53416]]],[[[120.98021,14.53406],[120.98077,14.53434],[120.98077,14.53361],[120.9805,14.53352],[120.98021,14.53406]]],[[[120.98253,14.53435],[120.98244,14.53426],[120.98244,14.53435],[120.98253,14.53435]]],[[[120.98605,14.53438],[120.98624,14.53411],[120.98606,14.53402],[120.98605,14.53438]]],[[[120.99802,14.53439],[120.99793,14.53421],[120.99793,14.53439],[120.99802,14.53439]]],[[[120.98021,14.53442],[120.98012,14.53406],[120.98012,14.53442],[120.98021,14.53442]]],[[[120.99514,14.53446],[120.99524,14.53437],[120.99515,14.53437],[120.99514,14.53446]]],[[[120.99644,14.53447],[120.99682,14.5342],[120.99645,14.53393],[120.99644,14.53447]]],[[[120.99579,14.53446],[120.99561,14.53455],[120.99579,14.53456],[120.99579,14.53446]]],[[[120.997,14.53457],[120.99709,14.53439],[120.997,14.53438],[120.997,14.53457]]],[[[120.98077,14.53443],[120.98021,14.5346],[120.98076,14.53461],[120.98077,14.53443]]],[[[120.99143,14.5347],[120.99134,14.53461],[120.99134,14.5347],[120.99143,14.5347]]],[[[120.99542,14.53473],[120.99533,14.53428],[120.99524,14.53464],[120.99542,14.53473]]],[[[120.99848,14.53476],[120.99839,14.53467],[120.99839,14.53476],[120.99848,14.53476]]],[[[120.99746,14.53466],[120.99709,14.53466],[120.99663,14.53474],[120.99746,14.53466]]],[[[120.99857,14.53485],[120.99867,14.53476],[120.99857,14.53476],[120.99857,14.53485]]],[[[120.99106,14.53479],[120.99078,14.53487],[120.99106,14.53488],[120.99106,14.53479]]],[[[120.98206,14.5348],[120.98197,14.53489],[120.98206,14.53489],[120.98206,14.5348]]],[[[120.997,14.53484],[120.99681,14.53493],[120.997,14.53493],[120.997,14.53484]]],[[[120.99876,14.53485],[120.99867,14.53494],[120.99876,14.53494],[120.99876,14.53485]]],[[[120.99421,14.53499],[120.99412,14.5349],[120.99412,14.53499],[120.99421,14.53499]]],[[[120.99681,14.53502],[120.99672,14.53492],[120.99672,14.53501],[120.99681,14.53502]]],[[[120.98197,14.5348],[120.9816,14.53443],[120.98113,14.5347],[120.98113,14.53506],[120.98197,14.5348]]],[[[120.98253,14.53426],[120.98225,14.5348],[120.98317,14.53517],[120.98318,14.53427],[120.98253,14.53426]]],[[[120.99523,14.53509],[120.9956,14.53501],[120.99523,14.53491],[120.99523,14.53509]]],[[[120.9918,14.53524],[120.99161,14.53515],[120.99161,14.53524],[120.9918,14.53524]]],[[[120.98308,14.53526],[120.98299,14.53517],[120.98298,14.53526],[120.98308,14.53526]]],[[[120.9918,14.53497],[120.99198,14.53534],[120.99199,14.53497],[120.9918,14.53497]]],[[[120.99402,14.53535],[120.99393,14.53526],[120.99393,14.53535],[120.99402,14.53535]]],[[[120.98001,14.53541],[120.98085,14.53506],[120.98002,14.53514],[120.98001,14.53541]]],[[[120.98336,14.53508],[120.98308,14.53535],[120.98326,14.53544],[120.98336,14.53508]]],[[[120.99486,14.53545],[120.99477,14.53536],[120.99476,14.53545],[120.99486,14.53545]]],[[[120.98001,14.5355],[120.97992,14.53541],[120.97992,14.5355],[120.98001,14.5355]]],[[[120.98066,14.53551],[120.98057,14.53533],[120.98057,14.53551],[120.98066,14.53551]]],[[[120.99207,14.53534],[120.99198,14.53552],[120.99207,14.53552],[120.99207,14.53534]]],[[[120.98335,14.53544],[120.98326,14.53553],[120.98335,14.53553],[120.98335,14.53544]]],[[[120.99411,14.53544],[120.99421,14.53554],[120.99421,14.53545],[120.99411,14.53544]]],[[[120.99411,14.53563],[120.99402,14.53553],[120.99402,14.53562],[120.99411,14.53563]]],[[[120.99764,14.53556],[120.99773,14.53566],[120.99773,14.53557],[120.99764,14.53556]]],[[[120.99699,14.53574],[120.9969,14.53565],[120.9969,14.53574],[120.99699,14.53574]]],[[[120.99727,14.53583],[120.99717,14.53574],[120.99717,14.53583],[120.99727,14.53583]]],[[[120.99754,14.53584],[120.99745,14.53556],[120.99745,14.53583],[120.99754,14.53584]]],[[[120.99495,14.5359],[120.99467,14.53572],[120.99467,14.53581],[120.99495,14.5359]]],[[[120.99513,14.53563],[120.99541,14.53591],[120.99551,14.53555],[120.99513,14.53563]]],[[[120.99198,14.53597],[120.99188,14.53588],[120.99188,14.53597],[120.99198,14.53597]]],[[[120.98159,14.53597],[120.98168,14.53543],[120.98113,14.53515],[120.98113,14.53542],[120.98159,14.53597]]],[[[120.99699,14.53601],[120.9968,14.53592],[120.9968,14.53601],[120.99699,14.53601]]],[[[120.98214,14.53579],[120.98159,14.53606],[120.98233,14.53607],[120.98214,14.53579]]],[[[120.99504,14.53608],[120.99494,14.53599],[120.99494,14.53608],[120.99504,14.53608]]],[[[120.99541,14.53609],[120.99532,14.536],[120.99532,14.53609],[120.99541,14.53609]]],[[[120.98251,14.53607],[120.98233,14.53616],[120.98251,14.53616],[120.98251,14.53607]]],[[[120.98344,14.5359],[120.98316,14.53598],[120.98344,14.53617],[120.98344,14.5359]]],[[[120.98121,14.53624],[120.98103,14.53615],[120.98103,14.53624],[120.98121,14.53624]]],[[[120.98233,14.53625],[120.98149,14.53615],[120.98149,14.53624],[120.98233,14.53625]]],[[[120.9827,14.53625],[120.98316,14.53607],[120.98261,14.53607],[120.9827,14.53625]]],[[[120.99754,14.53629],[120.99745,14.5362],[120.99745,14.53629],[120.99754,14.53629]]],[[[120.98706,14.53629],[120.98734,14.5362],[120.98706,14.5362],[120.98706,14.53629]]],[[[120.99105,14.53632],[120.99077,14.53614],[120.99077,14.53632],[120.99105,14.53632]]],[[[120.98056,14.53623],[120.98066,14.53569],[120.98057,14.53605],[120.98001,14.53587],[120.98056,14.53623]]],[[[120.99327,14.53634],[120.99318,14.53625],[120.99318,14.53634],[120.99327,14.53634]]],[[[120.98335,14.53635],[120.98325,14.53625],[120.98325,14.53635],[120.98335,14.53635]]],[[[120.98622,14.53637],[120.98613,14.53628],[120.98613,14.53637],[120.98622,14.53637]]],[[[120.98743,14.53629],[120.98733,14.53638],[120.98743,14.53638],[120.98743,14.53629]]],[[[120.98733,14.53647],[120.98696,14.53656],[120.98733,14.53656],[120.98733,14.53647]]],[[[120.99856,14.53666],[120.99847,14.53648],[120.99846,14.53666],[120.99856,14.53666]]],[[[120.98307,14.53643],[120.98316,14.53671],[120.98316,14.53643],[120.98307,14.53643]]],[[[120.99336,14.53679],[120.99318,14.5367],[120.99318,14.53679],[120.99336,14.53679]]],[[[120.99819,14.53674],[120.99781,14.53683],[120.99818,14.53683],[120.99819,14.53674]]],[[[120.98965,14.53685],[120.98956,14.53676],[120.98956,14.53685],[120.98965,14.53685]]],[[[120.98139,14.53687],[120.98149,14.53678],[120.98139,14.53678],[120.98139,14.53687]]],[[[120.98306,14.53689],[120.98288,14.5367],[120.98288,14.53679],[120.98306,14.53689]]],[[[120.99419,14.53689],[120.9941,14.53671],[120.9941,14.53689],[120.99419,14.53689]]],[[[120.99485,14.53672],[120.99531,14.53654],[120.99494,14.53645],[120.99485,14.53672]]],[[[120.99818,14.53693],[120.9979,14.53701],[120.99818,14.53702],[120.99818,14.53693]]],[[[120.98956,14.53694],[120.98965,14.53703],[120.98965,14.53694],[120.98956,14.53694]]],[[[120.9813,14.53705],[120.9813,14.53669],[120.98111,14.53705],[120.9813,14.53705]]],[[[120.98158,14.53687],[120.98148,14.53705],[120.98158,14.53705],[120.98158,14.53687]]],[[[120.98955,14.53712],[120.98937,14.53694],[120.98937,14.53712],[120.98955,14.53712]]],[[[120.98167,14.53705],[120.98158,14.53714],[120.98167,14.53714],[120.98167,14.53705]]],[[[120.98714,14.53719],[120.98696,14.5371],[120.98696,14.53719],[120.98714,14.53719]]],[[[120.99512,14.53726],[120.99521,14.53717],[120.99512,14.53717],[120.99512,14.53726]]],[[[120.9953,14.53726],[120.99521,14.53735],[120.9953,14.53735],[120.9953,14.53726]]],[[[120.98297,14.53689],[120.98278,14.53715],[120.98222,14.53724],[120.98278,14.53752],[120.98297,14.53689]]],[[[120.99011,14.53767],[120.99001,14.53758],[120.99001,14.53767],[120.99011,14.53767]]],[[[120.98936,14.53784],[120.98955,14.53739],[120.98918,14.53757],[120.98936,14.53784]]],[[[120.99057,14.53785],[120.99075,14.53795],[120.99075,14.53786],[120.99057,14.53785]]],[[[120.99354,14.53797],[120.99344,14.53788],[120.99344,14.53797],[120.99354,14.53797]]],[[[120.99057,14.53803],[120.99047,14.53794],[120.99047,14.53803],[120.99057,14.53803]]],[[[120.98194,14.53769],[120.98212,14.53796],[120.98213,14.53769],[120.98194,14.53769]]],[[[120.99159,14.53822],[120.99149,14.5384],[120.99158,14.5384],[120.99159,14.53822]]],[[[120.99511,14.53844],[120.9952,14.53835],[120.99511,14.53834],[120.99511,14.53844]]],[[[120.99641,14.53845],[120.99632,14.53836],[120.99631,14.53845],[120.99641,14.53845]]],[[[120.99047,14.53849],[120.99038,14.53839],[120.99038,14.53848],[120.99047,14.53849]]],[[[120.9914,14.5384],[120.99112,14.53804],[120.99103,14.53849],[120.9914,14.5384]]],[[[120.99168,14.53841],[120.99158,14.5385],[120.99168,14.5385],[120.99168,14.53841]]],[[[120.99381,14.53851],[120.9939,14.53842],[120.99381,14.53842],[120.99381,14.53851]]],[[[120.99557,14.53844],[120.9952,14.53853],[120.99557,14.53853],[120.99557,14.53844]]],[[[120.99399,14.53852],[120.9939,14.53861],[120.99399,14.53861],[120.99399,14.53852]]],[[[120.99734,14.53836],[120.99733,14.53863],[120.99752,14.53846],[120.99734,14.53836]]],[[[120.98936,14.53857],[120.98908,14.53865],[120.98935,14.53866],[120.98936,14.53857]]],[[[120.99186,14.53868],[120.99177,14.53859],[120.99177,14.53868],[120.99186,14.53868]]],[[[120.99594,14.53871],[120.99576,14.53862],[120.99576,14.53871],[120.99594,14.53871]]],[[[120.99427,14.53879],[120.99418,14.5387],[120.99418,14.53879],[120.99427,14.53879]]],[[[120.99715,14.53881],[120.99705,14.53863],[120.99705,14.53881],[120.99715,14.53881]]],[[[120.98713,14.53891],[120.98694,14.53882],[120.98694,14.53891],[120.98713,14.53891]]],[[[120.9951,14.53898],[120.9952,14.5388],[120.99511,14.5388],[120.9951,14.53898]]],[[[120.99659,14.53872],[120.99677,14.53881],[120.99678,14.53872],[120.99659,14.53872]]],[[[120.99724,14.539],[120.99715,14.5389],[120.99714,14.53899],[120.99724,14.539]]],[[[120.99529,14.53898],[120.9952,14.53907],[120.99529,14.53907],[120.99529,14.53898]]],[[[120.99074,14.53912],[120.99065,14.53903],[120.99065,14.53912],[120.99074,14.53912]]],[[[120.99501,14.53916],[120.99482,14.53907],[120.99482,14.53916],[120.99501,14.53916]]],[[[120.99733,14.53918],[120.99724,14.53909],[120.99724,14.53918],[120.99733,14.53918]]],[[[120.99733,14.53936],[120.99723,14.53927],[120.99723,14.53936],[120.99733,14.53936]]],[[[120.98759,14.53936],[120.98796,14.53937],[120.98796,14.5391],[120.98759,14.53936]]],[[[120.98907,14.53938],[120.98916,14.53947],[120.98916,14.53938],[120.98907,14.53938]]],[[[120.99111,14.53949],[120.99139,14.53931],[120.99111,14.5393],[120.99111,14.53949]]],[[[120.99556,14.53961],[120.99547,14.53952],[120.99547,14.53961],[120.99556,14.53961]]],[[[120.98536,14.53962],[120.98527,14.53944],[120.98526,14.53962],[120.98536,14.53962]]],[[[120.98749,14.53963],[120.98758,14.53955],[120.98749,14.53954],[120.98749,14.53963]]],[[[120.98786,14.53964],[120.98795,14.53973],[120.98795,14.53964],[120.98786,14.53964]]],[[[120.98897,14.53974],[120.98888,14.53938],[120.98879,14.53974],[120.98897,14.53974]]],[[[120.98786,14.53982],[120.98758,14.53964],[120.98758,14.53982],[120.98786,14.53982]]],[[[120.99296,14.53995],[120.99305,14.53986],[120.99296,14.53986],[120.99296,14.53995]]],[[[120.98526,14.53998],[120.98517,14.53989],[120.98517,14.53998],[120.98526,14.53998]]],[[[120.99166,14.54003],[120.99157,14.53994],[120.99157,14.54003],[120.99166,14.54003]]],[[[120.99315,14.53995],[120.99305,14.54004],[120.99315,14.54004],[120.99315,14.53995]]],[[[120.98563,14.54016],[120.98572,14.54007],[120.98563,14.54007],[120.98563,14.54016]]],[[[120.98897,14.54019],[120.98888,14.53992],[120.98888,14.54019],[120.98897,14.54019]]],[[[120.9963,14.54025],[120.99621,14.54016],[120.99621,14.54025],[120.9963,14.54025]]],[[[120.9912,14.54021],[120.99129,14.5403],[120.99129,14.54021],[120.9912,14.54021]]],[[[120.98581,14.54034],[120.98572,14.54025],[120.98563,14.54034],[120.98581,14.54034]]],[[[120.99119,14.54039],[120.9911,14.5403],[120.9911,14.54039],[120.99119,14.54039]]],[[[120.98516,14.54043],[120.98507,14.54034],[120.98507,14.54043],[120.98516,14.54043]]],[[[120.99147,14.54057],[120.99138,14.54048],[120.99138,14.54057],[120.99147,14.54057]]],[[[120.99472,14.54024],[120.995,14.54042],[120.995,14.54024],[120.99472,14.54024]]],[[[120.99648,14.54062],[120.99639,14.54052],[120.99639,14.54061],[120.99648,14.54062]]],[[[120.98525,14.5407],[120.98498,14.54079],[120.98525,14.54079],[120.98525,14.5407]]],[[[120.99639,14.54089],[120.99629,14.54079],[120.99629,14.54089],[120.99639,14.54089]]],[[[120.98785,14.5409],[120.98767,14.54081],[120.98766,14.5409],[120.98785,14.5409]]],[[[120.99035,14.54092],[120.99026,14.54083],[120.99026,14.54092],[120.99035,14.54092]]],[[[120.99685,14.54098],[120.99676,14.54089],[120.99676,14.54098],[120.99685,14.54098]]],[[[120.99017,14.54101],[120.99008,14.54092],[120.99008,14.54101],[120.99017,14.54101]]],[[[120.99082,14.54093],[120.99101,14.5403],[120.99045,14.54029],[120.99036,14.54065],[120.99082,14.54093]]],[[[120.99064,14.54048],[120.99055,14.54038],[120.99064,14.54038],[120.99064,14.54048]]],[[[120.99147,14.54102],[120.99138,14.54084],[120.99137,14.54102],[120.99147,14.54102]]],[[[120.99638,14.54107],[120.99629,14.54098],[120.99629,14.54107],[120.99638,14.54107]]],[[[120.99499,14.54105],[120.99508,14.54115],[120.99508,14.54106],[120.99499,14.54105]]],[[[120.99555,14.54124],[120.99536,14.54106],[120.99536,14.54124],[120.99555,14.54124]]],[[[120.99425,14.54123],[120.99388,14.54132],[120.99425,14.54132],[120.99425,14.54123]]],[[[120.99499,14.54133],[120.9948,14.54123],[120.9948,14.54132],[120.99499,14.54133]]],[[[120.98887,14.54136],[120.98868,14.54118],[120.98859,14.54136],[120.98887,14.54136]]],[[[120.9948,14.54141],[120.99471,14.54132],[120.99471,14.54141],[120.9948,14.54141]]],[[[120.99517,14.54142],[120.99508,14.54124],[120.99508,14.54142],[120.99517,14.54142]]],[[[120.99007,14.54146],[120.98998,14.54137],[120.98998,14.54146],[120.99007,14.54146]]],[[[120.98896,14.54164],[120.98887,14.54145],[120.98886,14.54163],[120.98896,14.54164]]],[[[120.99434,14.54168],[120.99415,14.54159],[120.99415,14.54168],[120.99434,14.54168]]],[[[120.99582,14.54178],[120.99573,14.5416],[120.99563,14.54178],[120.99582,14.54178]]],[[[120.99601,14.5417],[120.99591,14.54179],[120.99601,14.54179],[120.99601,14.5417]]],[[[120.99434,14.54186],[120.99424,14.54177],[120.99424,14.54186],[120.99434,14.54186]]],[[[120.99517,14.54169],[120.99545,14.54196],[120.99536,14.54169],[120.99517,14.54169]]],[[[120.98543,14.54197],[120.98534,14.54188],[120.98534,14.54197],[120.98543,14.54197]]],[[[120.98571,14.54206],[120.98561,14.54188],[120.98561,14.54206],[120.98571,14.54206]]],[[[120.98664,14.5418],[120.98682,14.54198],[120.98682,14.5418],[120.98664,14.5418]]],[[[120.98914,14.54209],[120.98905,14.542],[120.98905,14.54209],[120.98914,14.54209]]],[[[120.99489,14.54214],[120.9948,14.54205],[120.9948,14.54214],[120.99489,14.54214]]],[[[120.9871,14.54216],[120.987,14.54207],[120.987,14.54216],[120.9871,14.54216]]],[[[120.98858,14.54217],[120.98886,14.542],[120.98849,14.54199],[120.98858,14.54217]]],[[[120.99118,14.5422],[120.99109,14.54192],[120.99109,14.5422],[120.99118,14.5422]]],[[[120.99442,14.54222],[120.99433,14.54213],[120.99433,14.54222],[120.99442,14.54222]]],[[[120.98626,14.54224],[120.98617,14.54215],[120.98617,14.54224],[120.98626,14.54224]]],[[[120.98737,14.54225],[120.98728,14.54216],[120.98728,14.54225],[120.98737,14.54225]]],[[[120.98774,14.54226],[120.98756,14.54217],[120.98756,14.54226],[120.98774,14.54226]]],[[[120.98914,14.54227],[120.98904,14.54218],[120.98904,14.54227],[120.98914,14.54227]]],[[[120.98849,14.54226],[120.98886,14.54236],[120.98886,14.54227],[120.98849,14.54226]]],[[[120.9947,14.54241],[120.99461,14.54232],[120.99461,14.54241],[120.9947,14.54241]]],[[[120.99526,14.54196],[120.99489,14.54223],[120.99489,14.54241],[120.99544,14.54241],[120.99526,14.54196]]],[[[120.98654,14.54243],[120.98645,14.54234],[120.98644,14.54243],[120.98654,14.54243]]],[[[120.98849,14.54244],[120.98839,14.54235],[120.98839,14.54244],[120.98849,14.54244]]],[[[120.99275,14.54239],[120.99294,14.54248],[120.99294,14.54239],[120.99275,14.54239]]],[[[120.99702,14.54252],[120.99711,14.54243],[120.99702,14.54243],[120.99702,14.54252]]],[[[120.98691,14.54252],[120.98672,14.54243],[120.98672,14.54252],[120.98691,14.54252]]],[[[120.98283,14.5424],[120.9831,14.54249],[120.98311,14.5424],[120.98283,14.5424]]],[[[120.99479,14.5425],[120.99489,14.54259],[120.99489,14.5425],[120.99479,14.5425]]],[[[120.99721,14.54252],[120.99711,14.54261],[120.9972,14.54261],[120.99721,14.54252]]],[[[120.98737,14.54262],[120.98719,14.54252],[120.98719,14.54261],[120.98737,14.54262]]],[[[120.99275,14.54266],[120.99266,14.54248],[120.99266,14.54266],[120.99275,14.54266]]],[[[120.99479,14.54268],[120.9947,14.54259],[120.9947,14.54268],[120.99479,14.54268]]],[[[120.98292,14.54276],[120.98282,14.54267],[120.98282,14.54276],[120.98292,14.54276]]],[[[120.98329,14.54276],[120.9832,14.54267],[120.98319,14.54276],[120.98329,14.54276]]],[[[120.99711,14.54279],[120.99702,14.54261],[120.99702,14.54279],[120.99711,14.54279]]],[[[120.98839,14.54281],[120.9883,14.54253],[120.9883,14.5428],[120.98839,14.54281]]],[[[120.99377,14.54285],[120.99368,14.54276],[120.99368,14.54285],[120.99377,14.54285]]],[[[120.98959,14.54318],[120.9895,14.54309],[120.9895,14.54318],[120.98959,14.54318]]],[[[120.99367,14.54321],[120.99358,14.54312],[120.99358,14.54321],[120.99367,14.54321]]],[[[120.98903,14.54326],[120.98894,14.54317],[120.98894,14.54326],[120.98903,14.54326]]],[[[120.98616,14.54333],[120.98625,14.54324],[120.98616,14.54324],[120.98616,14.54333]]],[[[120.98634,14.54333],[120.98625,14.54342],[120.98634,14.54342],[120.98634,14.54333]]],[[[120.98773,14.54343],[120.98764,14.54334],[120.98764,14.54343],[120.98773,14.54343]]],[[[120.98662,14.54351],[120.98644,14.54342],[120.98643,14.54351],[120.98662,14.54351]]],[[[120.98272,14.54357],[120.98263,14.54348],[120.98263,14.54357],[120.98272,14.54357]]],[[[120.98708,14.54352],[120.9868,14.54361],[120.98708,14.54361],[120.98708,14.54352]]],[[[120.98885,14.54362],[120.98875,14.54353],[120.98875,14.54362],[120.98885,14.54362]]],[[[120.98903,14.54362],[120.98894,14.54353],[120.98894,14.54362],[120.98903,14.54362]]],[[[120.98959,14.54372],[120.9894,14.54363],[120.9894,14.54372],[120.98959,14.54372]]],[[[120.99061,14.54382],[120.99042,14.54373],[120.99042,14.54382],[120.99061,14.54382]]],[[[120.98263,14.54384],[120.98254,14.54375],[120.98254,14.54384],[120.98263,14.54384]]],[[[120.98875,14.54389],[120.98866,14.5438],[120.98866,14.54389],[120.98875,14.54389]]],[[[120.98819,14.54398],[120.9881,14.54389],[120.9881,14.54398],[120.98819,14.54398]]],[[[120.98847,14.54407],[120.98838,14.54398],[120.98838,14.54407],[120.98847,14.54407]]],[[[120.99088,14.54409],[120.99079,14.54391],[120.99079,14.54409],[120.99088,14.54409]]],[[[120.99033,14.54409],[120.99042,14.54418],[120.99042,14.54409],[120.99033,14.54409]]],[[[120.99005,14.54427],[120.99023,14.54391],[120.98996,14.5439],[120.99005,14.54427]]],[[[120.99107,14.54436],[120.99097,14.54427],[120.99097,14.54436],[120.99107,14.54436]]],[[[120.99533,14.54431],[120.99505,14.5444],[120.99533,14.5444],[120.99533,14.54431]]],[[[120.9932,14.54447],[120.99311,14.54438],[120.99311,14.54447],[120.9932,14.54447]]],[[[120.99394,14.54457],[120.99385,14.54448],[120.99385,14.54457],[120.99394,14.54457]]],[[[120.99552,14.54458],[120.99542,14.54449],[120.99542,14.54458],[120.99552,14.54458]]],[[[120.99301,14.54465],[120.99292,14.54447],[120.99292,14.54465],[120.99301,14.54465]]],[[[120.9932,14.54465],[120.9931,14.54456],[120.9931,14.54465],[120.9932,14.54465]]],[[[120.99347,14.54475],[120.99329,14.54465],[120.99329,14.54475],[120.99347,14.54475]]],[[[120.99514,14.54476],[120.99505,14.54467],[120.99505,14.54476],[120.99514,14.54476]]],[[[120.99496,14.54485],[120.99487,14.54476],[120.99486,14.54485],[120.99496,14.54485]]],[[[120.99728,14.54487],[120.99718,14.54478],[120.99718,14.54487],[120.99728,14.54487]]],[[[120.99319,14.54493],[120.9931,14.54483],[120.9931,14.54492],[120.99319,14.54493]]],[[[120.99524,14.54494],[120.99561,14.54486],[120.99524,14.54476],[120.99524,14.54494]]],[[[120.99663,14.54486],[120.99653,14.54495],[120.99663,14.54495],[120.99663,14.54486]]],[[[120.99301,14.54501],[120.99282,14.54492],[120.99282,14.54501],[120.99301,14.54501]]],[[[120.9957,14.54495],[120.99561,14.54504],[120.9957,14.54504],[120.9957,14.54495]]],[[[120.99625,14.54504],[120.99654,14.54477],[120.99616,14.54477],[120.99625,14.54504]]],[[[120.98763,14.54497],[120.98772,14.54506],[120.98772,14.54497],[120.98763,14.54497]]],[[[120.98206,14.5451],[120.98197,14.54501],[120.98197,14.5451],[120.98206,14.5451]]],[[[120.98753,14.54524],[120.98744,14.54497],[120.98744,14.54524],[120.98753,14.54524]]],[[[120.98187,14.54528],[120.98178,14.54519],[120.98178,14.54528],[120.98187,14.54528]]],[[[120.98206,14.54537],[120.98197,14.54528],[120.98196,14.54537],[120.98206,14.54537]]],[[[120.98985,14.54535],[120.98948,14.54544],[120.98985,14.54544],[120.98985,14.54535]]],[[[120.99031,14.54544],[120.99003,14.54553],[120.99031,14.54553],[120.99031,14.54544]]],[[[120.99384,14.54556],[120.99375,14.54547],[120.99375,14.54556],[120.99384,14.54556]]],[[[120.98475,14.54558],[120.98465,14.54548],[120.98465,14.54557],[120.98475,14.54558]]],[[[120.99653,14.54559],[120.99644,14.5455],[120.99644,14.54559],[120.99653,14.54559]]],[[[120.98948,14.54535],[120.98902,14.54516],[120.98828,14.54515],[120.98864,14.54561],[120.98948,14.54535]]],[[[120.98447,14.54566],[120.98438,14.54557],[120.98437,14.54566],[120.98447,14.54566]]],[[[120.98549,14.54567],[120.98558,14.54558],[120.98549,14.54558],[120.98549,14.54567]]],[[[120.9905,14.54553],[120.99068,14.54572],[120.99068,14.54554],[120.9905,14.54553]]],[[[120.99411,14.54575],[120.99403,14.54529],[120.99402,14.54575],[120.99411,14.54575]]],[[[120.99653,14.54577],[120.99643,14.54568],[120.99643,14.54577],[120.99653,14.54577]]],[[[120.9904,14.5458],[120.99031,14.54571],[120.99031,14.5458],[120.9904,14.5458]]],[[[120.99059,14.54581],[120.9905,14.54572],[120.9905,14.54581],[120.99059,14.54581]]],[[[120.98567,14.54567],[120.98558,14.54585],[120.98567,14.54585],[120.98567,14.54567]]],[[[120.99616,14.54567],[120.99578,14.54585],[120.99625,14.54585],[120.99616,14.54567]]],[[[120.98975,14.54589],[120.98966,14.5458],[120.98966,14.54589],[120.98975,14.54589]]],[[[120.99569,14.54594],[120.99551,14.54549],[120.9955,14.54594],[120.99569,14.54594]]],[[[120.99198,14.546],[120.99189,14.54591],[120.99189,14.546],[120.99198,14.546]]],[[[120.9917,14.54609],[120.99161,14.546],[120.99161,14.54609],[120.9917,14.54609]]],[[[120.99643,14.54613],[120.99634,14.54595],[120.99634,14.54613],[120.99643,14.54613]]],[[[120.98984,14.54616],[120.98975,14.54607],[120.98975,14.54616],[120.98984,14.54616]]],[[[120.98279,14.54628],[120.9827,14.54619],[120.9827,14.54628],[120.98279,14.54628]]],[[[120.99383,14.54629],[120.99346,14.54592],[120.99337,14.54619],[120.99383,14.54629]]],[[[120.98446,14.5463],[120.98437,14.5462],[120.98437,14.5463],[120.98446,14.5463]]],[[[120.99513,14.54612],[120.99541,14.54621],[120.99541,14.54603],[120.99513,14.54612]]],[[[120.9917,14.54636],[120.99179,14.54627],[120.9917,14.54627],[120.9917,14.54636]]],[[[120.99225,14.54636],[120.99216,14.54627],[120.99216,14.54636],[120.99225,14.54636]]],[[[120.98261,14.54637],[120.98251,14.54628],[120.98251,14.54637],[120.98261,14.54637]]],[[[120.99207,14.54636],[120.99179,14.54645],[120.99207,14.54645],[120.99207,14.54636]]],[[[120.98353,14.54647],[120.98344,14.54638],[120.98344,14.54647],[120.98353,14.54647]]],[[[120.99466,14.54647],[120.99457,14.54638],[120.99457,14.54647],[120.99466,14.54647]]],[[[120.98576,14.54658],[120.98567,14.54649],[120.98566,14.54658],[120.98576,14.54658]]],[[[120.9929,14.54655],[120.99299,14.54664],[120.99299,14.54655],[120.9929,14.54655]]],[[[120.98409,14.54665],[120.98399,14.54656],[120.98399,14.54665],[120.98409,14.54665]]],[[[120.9955,14.54648],[120.99522,14.54657],[120.9955,14.54666],[120.9955,14.54648]]],[[[120.9813,14.54672],[120.9814,14.54654],[120.9813,14.54654],[120.9813,14.54672]]],[[[120.9929,14.54673],[120.99281,14.54664],[120.99281,14.54673],[120.9929,14.54673]]],[[[120.98464,14.54675],[120.98455,14.54666],[120.98455,14.54675],[120.98464,14.54675]]],[[[120.98149,14.54672],[120.9814,14.54681],[120.98149,14.54681],[120.98149,14.54672]]],[[[120.99364,14.54656],[120.99392,14.54656],[120.99392,14.54638],[120.99364,14.54656]]],[[[120.98473,14.54693],[120.98483,14.54684],[120.98473,14.54684],[120.98473,14.54693]]],[[[120.98965,14.54697],[120.98947,14.54688],[120.98946,14.54697],[120.98965,14.54697]]],[[[120.98278,14.547],[120.98269,14.54691],[120.98269,14.547],[120.98278,14.547]]],[[[120.99485,14.54702],[120.99476,14.54657],[120.99457,14.54692],[120.99485,14.54702]]],[[[120.98492,14.54693],[120.98483,14.54702],[120.98492,14.54702],[120.98492,14.54693]]],[[[120.98501,14.54702],[120.98492,14.54711],[120.98501,14.54711],[120.98501,14.54702]]],[[[120.9851,14.54711],[120.98501,14.5472],[120.9851,14.54721],[120.9851,14.54711]]],[[[120.99364,14.54728],[120.99355,14.54719],[120.99354,14.54728],[120.99364,14.54728]]],[[[120.98529,14.5473],[120.9852,14.54721],[120.98519,14.5473],[120.98529,14.5473]]],[[[120.98733,14.54741],[120.98724,14.54731],[120.98723,14.5474],[120.98733,14.54741]]],[[[120.98538,14.54748],[120.98529,14.54739],[120.98529,14.54748],[120.98538,14.54748]]],[[[120.98631,14.54749],[120.98649,14.54767],[120.98649,14.54749],[120.98631,14.54749]]],[[[120.9863,14.54785],[120.98621,14.54758],[120.98621,14.54785],[120.9863,14.54785]]],[[[120.98352,14.54791],[120.98343,14.54782],[120.98343,14.54791],[120.98352,14.54791]]],[[[120.9851,14.54793],[120.98491,14.54784],[120.98491,14.54793],[120.9851,14.54793]]],[[[120.98519,14.54766],[120.98537,14.54793],[120.98538,14.54766],[120.98519,14.54766]]],[[[120.98463,14.54801],[120.98454,14.54792],[120.98454,14.54801],[120.98463,14.54801]]],[[[120.99391,14.54809],[120.994,14.54791],[120.99372,14.54791],[120.99391,14.54809]]],[[[120.98407,14.54801],[120.98361,14.5481],[120.98407,14.5481],[120.98407,14.54801]]],[[[120.98547,14.54802],[120.98556,14.54811],[120.98556,14.54802],[120.98547,14.54802]]],[[[120.98574,14.54811],[120.98584,14.54802],[120.98574,14.54802],[120.98574,14.54811]]],[[[120.99419,14.5481],[120.99409,14.54819],[120.99419,14.54819],[120.99419,14.5481]]],[[[120.98546,14.5482],[120.98537,14.54811],[120.98537,14.5482],[120.98546,14.5482]]],[[[120.98593,14.54812],[120.98584,14.54821],[120.98593,14.54821],[120.98593,14.54812]]],[[[120.98732,14.54822],[120.98723,14.54813],[120.98723,14.54822],[120.98732,14.54822]]],[[[120.98537,14.54829],[120.98528,14.5482],[120.98528,14.54829],[120.98537,14.54829]]],[[[120.98472,14.54838],[120.98463,14.54829],[120.98463,14.54838],[120.98472,14.54838]]],[[[120.98528,14.54838],[120.98519,14.54829],[120.98518,14.54838],[120.98528,14.54838]]],[[[120.98713,14.54831],[120.98723,14.5484],[120.98723,14.54831],[120.98713,14.54831]]],[[[120.99326,14.54845],[120.99316,14.54836],[120.99316,14.54845],[120.99326,14.54845]]],[[[120.9862,14.54848],[120.98611,14.54839],[120.98611,14.54848],[120.9862,14.54848]]],[[[120.98713,14.54849],[120.98695,14.5484],[120.98695,14.54849],[120.98713,14.54849]]],[[[120.98351,14.54855],[120.98361,14.54846],[120.98351,14.54846],[120.98351,14.54855]]],[[[120.98156,14.54853],[120.98147,14.54862],[120.98156,14.54862],[120.98156,14.54853]]],[[[120.9837,14.54855],[120.98379,14.54864],[120.98379,14.54846],[120.9837,14.54855]]],[[[120.98509,14.54856],[120.98481,14.54829],[120.9849,14.54865],[120.98509,14.54856]]],[[[120.98129,14.54871],[120.9812,14.54835],[120.9811,14.54862],[120.98129,14.54871]]],[[[120.98166,14.54862],[120.98156,14.54871],[120.98166,14.54871],[120.98166,14.54862]]],[[[120.98184,14.5488],[120.98175,14.54871],[120.98175,14.5488],[120.98184,14.5488]]],[[[120.98221,14.54881],[120.9823,14.5489],[120.9823,14.54881],[120.98221,14.54881]]],[[[120.99845,14.54895],[120.99835,14.54886],[120.99835,14.54895],[120.99845,14.54895]]],[[[120.98221,14.54899],[120.98203,14.5489],[120.98202,14.54899],[120.98221,14.54899]]],[[[120.99158,14.54907],[120.99149,14.54898],[120.99149,14.54907],[120.99158,14.54907]]],[[[120.99316,14.54908],[120.99306,14.54899],[120.99306,14.54908],[120.99316,14.54908]]],[[[120.99084,14.54924],[120.99074,14.54915],[120.99074,14.54924],[120.99084,14.54924]]],[[[120.99835,14.54958],[120.99826,14.54904],[120.99825,14.54958],[120.99835,14.54958]]],[[[120.98629,14.54966],[120.98619,14.54956],[120.98619,14.54965],[120.98629,14.54966]]],[[[120.98647,14.54966],[120.98638,14.54957],[120.98638,14.54966],[120.98647,14.54966]]],[[[120.98128,14.5497],[120.98118,14.54961],[120.98118,14.5497],[120.98128,14.5497]]],[[[120.98155,14.5497],[120.98146,14.54961],[120.98146,14.5497],[120.98155,14.5497]]],[[[120.99825,14.54976],[120.99816,14.54967],[120.99816,14.54976],[120.99825,14.54976]]],[[[120.98109,14.54979],[120.981,14.5497],[120.981,14.54979],[120.98109,14.54979]]],[[[120.98192,14.5498],[120.98183,14.54971],[120.98183,14.5498],[120.98192,14.5498]]],[[[120.98693,14.54975],[120.98721,14.54984],[120.98721,14.54975],[120.98693,14.54975]]],[[[120.98211,14.54989],[120.98202,14.5498],[120.98202,14.54989],[120.98211,14.54989]]],[[[120.98619,14.54993],[120.9861,14.54983],[120.9861,14.54992],[120.98619,14.54993]]],[[[120.98823,14.54994],[120.98814,14.54985],[120.98814,14.54994],[120.98823,14.54994]]],[[[120.98155,14.54998],[120.98146,14.54988],[120.98146,14.54998],[120.98155,14.54998]]],[[[120.98155,14.5498],[120.98174,14.54998],[120.98174,14.5498],[120.98155,14.5498]]],[[[120.98591,14.55001],[120.98582,14.54992],[120.98582,14.55001],[120.98591,14.55001]]],[[[120.98758,14.55003],[120.98749,14.54994],[120.98749,14.55003],[120.98758,14.55003]]],[[[120.98239,14.55007],[120.98229,14.54998],[120.98229,14.55007],[120.98239,14.55007]]],[[[120.98415,14.55009],[120.98406,14.55],[120.98406,14.55009],[120.98415,14.55009]]],[[[120.98257,14.55017],[120.98248,14.55007],[120.98248,14.55016],[120.98257,14.55017]]],[[[120.98424,14.55027],[120.98415,14.55018],[120.98415,14.55027],[120.98424,14.55027]]],[[[120.98563,14.55019],[120.98572,14.55028],[120.98572,14.55019],[120.98563,14.55019]]],[[[120.98693,14.54984],[120.98656,14.54975],[120.98656,14.55029],[120.98674,14.55029],[120.98693,14.54984]]],[[[120.98146,14.55034],[120.98127,14.55024],[120.98127,14.55033],[120.98146,14.55034]]],[[[120.98563,14.55037],[120.98545,14.55028],[120.98544,14.55037],[120.98563,14.55037]]],[[[120.98025,14.55042],[120.98024,14.55033],[120.98021,14.55042],[120.98025,14.55042]]],[[[120.99185,14.55043],[120.99175,14.55033],[120.99175,14.55043],[120.99185,14.55043]]],[[[120.99277,14.55043],[120.99268,14.55034],[120.99268,14.55043],[120.99277,14.55043]]],[[[120.98433,14.55045],[120.98424,14.55036],[120.98424,14.55045],[120.98433,14.55045]]],[[[120.99806,14.55048],[120.99788,14.55039],[120.99788,14.55048],[120.99806,14.55048]]],[[[120.98331,14.55035],[120.98303,14.55035],[120.98331,14.55053],[120.98331,14.55035]]],[[[120.9809,14.55051],[120.98099,14.5506],[120.98099,14.55051],[120.9809,14.55051]]],[[[120.99333,14.55062],[120.99314,14.55053],[120.99314,14.55062],[120.99333,14.55062]]],[[[120.98451,14.55063],[120.98461,14.55054],[120.98452,14.55054],[120.98451,14.55063]]],[[[120.98646,14.55065],[120.98637,14.55047],[120.98637,14.55065],[120.98646,14.55065]]],[[[120.9809,14.55069],[120.9808,14.5506],[120.9808,14.55069],[120.9809,14.55069]]],[[[120.9847,14.55064],[120.98461,14.55073],[120.9847,14.55073],[120.9847,14.55064]]],[[[120.98516,14.55073],[120.98507,14.55064],[120.98507,14.55073],[120.98516,14.55073]]],[[[120.98822,14.55076],[120.98813,14.55067],[120.98813,14.55076],[120.98822,14.55076]]],[[[120.98479,14.55073],[120.9847,14.55082],[120.98479,14.55082],[120.98479,14.55073]]],[[[120.98553,14.55073],[120.98572,14.55083],[120.98572,14.55073],[120.98553,14.55073]]],[[[120.99704,14.55083],[120.99695,14.55065],[120.99685,14.55083],[120.99704,14.55083]]],[[[120.98655,14.55083],[120.98646,14.55074],[120.98646,14.55083],[120.98655,14.55083]]],[[[120.99759,14.55084],[120.9975,14.55066],[120.9975,14.55084],[120.99759,14.55084]]],[[[120.98321,14.55089],[120.98312,14.5508],[120.98312,14.55089],[120.98321,14.55089]]],[[[120.99388,14.55071],[120.99351,14.55071],[120.99388,14.5509],[120.99388,14.55071]]],[[[120.99398,14.55072],[120.99416,14.55081],[120.99416,14.55072],[120.99398,14.55072]]],[[[120.99425,14.5509],[120.99453,14.55081],[120.99425,14.55081],[120.99425,14.5509]]],[[[120.98507,14.55091],[120.98498,14.55082],[120.98498,14.55091],[120.98507,14.55091]]],[[[120.98553,14.55091],[120.98544,14.55082],[120.98544,14.55091],[120.98553,14.55091]]],[[[120.98813,14.55094],[120.98804,14.55085],[120.98804,14.55094],[120.98813,14.55094]]],[[[120.99333,14.55098],[120.99361,14.5508],[120.99323,14.5508],[120.99333,14.55098]]],[[[120.9937,14.55089],[120.9936,14.55098],[120.9937,14.55098],[120.9937,14.55089]]],[[[120.99462,14.5509],[120.99453,14.55099],[120.99462,14.55099],[120.99462,14.5509]]],[[[120.98284,14.55098],[120.98293,14.55107],[120.98293,14.55098],[120.98284,14.55098]]],[[[120.9936,14.55107],[120.99351,14.55098],[120.99351,14.55107],[120.9936,14.55107]]],[[[120.98154,14.55115],[120.98145,14.55106],[120.98145,14.55115],[120.98154,14.55115]]],[[[120.98219,14.55116],[120.9821,14.55107],[120.9821,14.55116],[120.98219,14.55116]]],[[[120.98284,14.55116],[120.98275,14.55107],[120.98275,14.55116],[120.98284,14.55116]]],[[[120.99768,14.55111],[120.99778,14.5512],[120.99778,14.55111],[120.99768,14.55111]]],[[[120.98692,14.55129],[120.98683,14.5512],[120.98683,14.55129],[120.98692,14.55129]]],[[[120.98182,14.55133],[120.982,14.55124],[120.98182,14.55124],[120.98182,14.55133]]],[[[120.98247,14.55134],[120.98238,14.55125],[120.98237,14.55134],[120.98247,14.55134]]],[[[120.99462,14.55126],[120.99397,14.55126],[120.99462,14.55135],[120.99462,14.55126]]],[[[120.98738,14.55138],[120.9872,14.55129],[120.9872,14.55138],[120.98738,14.55138]]],[[[120.99796,14.55138],[120.99787,14.5512],[120.99787,14.55138],[120.99796,14.55138]]],[[[120.98803,14.55139],[120.98794,14.5513],[120.98794,14.55139],[120.98803,14.55139]]],[[[120.9949,14.55145],[120.99481,14.55136],[120.99481,14.55145],[120.9949,14.55145]]],[[[120.98785,14.55139],[120.98748,14.55147],[120.98785,14.55148],[120.98785,14.55139]]],[[[120.98145,14.55142],[120.98154,14.55151],[120.98154,14.55142],[120.98145,14.55142]]],[[[120.98219,14.55125],[120.98209,14.55152],[120.98219,14.55152],[120.98219,14.55125]]],[[[120.98284,14.55152],[120.98274,14.55143],[120.98274,14.55152],[120.98284,14.55152]]],[[[120.99508,14.55154],[120.99499,14.55145],[120.99499,14.55154],[120.99508,14.55154]]],[[[120.98228,14.55161],[120.98237,14.55152],[120.98228,14.55152],[120.98228,14.55161]]],[[[120.99684,14.55164],[120.99694,14.55155],[120.99685,14.55155],[120.99684,14.55164]]],[[[120.98135,14.55169],[120.98126,14.55151],[120.98126,14.55169],[120.98135,14.55169]]],[[[120.98256,14.55161],[120.98237,14.5517],[120.98256,14.5517],[120.98256,14.55161]]],[[[120.99369,14.55171],[120.99397,14.55144],[120.99379,14.55135],[120.99369,14.55171]]],[[[120.99703,14.55165],[120.99694,14.55173],[120.99703,14.55174],[120.99703,14.55165]]],[[[120.99768,14.55147],[120.99749,14.55165],[120.99786,14.55174],[120.99768,14.55147]]],[[[120.99759,14.55183],[120.99749,14.55174],[120.99749,14.55183],[120.99759,14.55183]]],[[[120.98089,14.55187],[120.98079,14.55178],[120.98079,14.55187],[120.98089,14.55187]]],[[[120.98116,14.55187],[120.98107,14.55169],[120.98107,14.55187],[120.98116,14.55187]]],[[[120.99137,14.55187],[120.99109,14.55196],[120.99137,14.55196],[120.99137,14.55187]]],[[[120.99675,14.552],[120.99666,14.55191],[120.99666,14.552],[120.99675,14.552]]],[[[120.991,14.55214],[120.9909,14.55204],[120.9909,14.55213],[120.991,14.55214]]],[[[120.9935,14.55216],[120.99332,14.55207],[120.99331,14.55216],[120.9935,14.55216]]],[[[120.98005,14.55231],[120.97995,14.55222],[120.97995,14.55231],[120.98005,14.55231]]],[[[120.99248,14.55233],[120.99239,14.55224],[120.99239,14.55233],[120.99248,14.55233]]],[[[120.99359,14.55234],[120.9935,14.55225],[120.9935,14.55234],[120.99359,14.55234]]],[[[120.99406,14.55234],[120.99443,14.55226],[120.99406,14.55207],[120.99406,14.55234]]],[[[120.98023,14.5524],[120.98014,14.55231],[120.98014,14.5524],[120.98023,14.5524]]],[[[120.99331,14.55234],[120.9934,14.55243],[120.99341,14.55234],[120.99331,14.55234]]],[[[120.99461,14.55235],[120.99443,14.55244],[120.99461,14.55244],[120.99461,14.55235]]],[[[120.99498,14.55235],[120.9947,14.55244],[120.99498,14.55244],[120.99498,14.55235]]],[[[120.99183,14.55259],[120.99173,14.5525],[120.99173,14.55259],[120.99183,14.55259]]],[[[120.99331,14.55261],[120.99313,14.55252],[120.99312,14.55261],[120.99331,14.55261]]],[[[120.9935,14.55261],[120.9934,14.55252],[120.9934,14.55261],[120.9935,14.55261]]],[[[120.99776,14.55265],[120.99767,14.55246],[120.99767,14.55264],[120.99776,14.55265]]],[[[120.99071,14.55268],[120.99062,14.55258],[120.99062,14.55267],[120.99071,14.55268]]],[[[120.99099,14.55268],[120.99127,14.5525],[120.99099,14.55259],[120.99099,14.55268]]],[[[120.99276,14.55242],[120.99303,14.5527],[120.99294,14.55233],[120.99276,14.55242]]],[[[120.99257,14.55269],[120.99229,14.55278],[120.99257,14.55278],[120.99257,14.55269]]],[[[120.99294,14.55288],[120.99275,14.55269],[120.99275,14.55287],[120.99294,14.55288]]],[[[120.99665,14.553],[120.99655,14.55291],[120.99655,14.553],[120.99665,14.553]]],[[[120.98189,14.55305],[120.9818,14.55296],[120.9818,14.55305],[120.98189,14.55305]]],[[[120.99562,14.55317],[120.99544,14.55308],[120.99544,14.55317],[120.99562,14.55317]]],[[[120.98273,14.55342],[120.98263,14.55333],[120.98263,14.55342],[120.98273,14.55342]]],[[[120.98338,14.55334],[120.9831,14.55342],[120.98338,14.55343],[120.98338,14.55334]]],[[[120.98171,14.5535],[120.9818,14.55314],[120.98171,14.55314],[120.98171,14.5535]]],[[[120.99646,14.55354],[120.99637,14.55336],[120.99636,14.55354],[120.99646,14.55354]]],[[[120.99154,14.55359],[120.99135,14.5534],[120.99135,14.55358],[120.99154,14.55359]]],[[[120.98133,14.55359],[120.98124,14.5535],[120.98124,14.55359],[120.98133,14.55359]]],[[[120.98189,14.5535],[120.9818,14.55359],[120.98189,14.55359],[120.98189,14.5535]]],[[[120.98375,14.55361],[120.98365,14.55352],[120.98365,14.55361],[120.98375,14.55361]]],[[[120.99209,14.55368],[120.992,14.5535],[120.992,14.55368],[120.99209,14.55368]]],[[[120.98115,14.55377],[120.98105,14.55368],[120.98105,14.55377],[120.98115,14.55377]]],[[[120.99766,14.55382],[120.99757,14.55373],[120.99757,14.55382],[120.99766,14.55382]]],[[[121.00026,14.55384],[121.00035,14.55375],[121.00026,14.55375],[121.00026,14.55384]]],[[[120.98022,14.55385],[120.98013,14.55376],[120.98012,14.55385],[120.98022,14.55385]]],[[[120.99246,14.55387],[120.99265,14.55378],[120.99247,14.55368],[120.99246,14.55387]]],[[[120.98189,14.55359],[120.98226,14.55387],[120.98254,14.55324],[120.98217,14.55323],[120.98189,14.55359]]],[[[120.99655,14.5539],[120.99636,14.55372],[120.99636,14.5539],[120.99655,14.5539]]],[[[121.00054,14.55384],[121.00035,14.55393],[121.00054,14.55393],[121.00054,14.55384]]],[[[120.99135,14.55386],[120.99172,14.55377],[120.99135,14.55367],[120.99135,14.55386]]],[[[120.99191,14.55386],[120.99181,14.55395],[120.99209,14.55395],[120.99191,14.55386]]],[[[120.99571,14.55398],[120.99562,14.55389],[120.99562,14.55398],[120.99571,14.55398]]],[[[120.99812,14.554],[120.99803,14.55391],[120.99803,14.554],[120.99812,14.554]]],[[[121.00072,14.55403],[121.00063,14.55394],[121.00063,14.55403],[121.00072,14.55403]]],[[[120.99061,14.55403],[120.99052,14.55394],[120.99051,14.55403],[120.99061,14.55403]]],[[[120.99098,14.55403],[120.99079,14.55394],[120.99079,14.55403],[120.99098,14.55403]]],[[[120.99116,14.55403],[120.99107,14.55394],[120.99107,14.55403],[120.99116,14.55403]]],[[[120.99478,14.55407],[120.99543,14.55398],[120.99543,14.55389],[120.99479,14.5537],[120.99478,14.55407]]],[[[120.97947,14.55411],[120.97929,14.55402],[120.97929,14.55411],[120.97947,14.55411]]],[[[120.98458,14.55407],[120.98467,14.55416],[120.98467,14.55407],[120.98458,14.55407]]],[[[120.99636,14.55417],[120.9958,14.5538],[120.9958,14.55398],[120.99636,14.55417]]],[[[120.99274,14.55423],[120.99246,14.55405],[120.99255,14.55423],[120.99274,14.55423]]],[[[120.98457,14.55425],[120.98448,14.55416],[120.98448,14.55425],[120.98457,14.55425]]],[[[120.99543,14.55425],[120.99534,14.55416],[120.99534,14.55425],[120.99543,14.55425]]],[[[120.97938,14.55429],[120.97929,14.5542],[120.97929,14.55429],[120.97938,14.55429]]],[[[120.99153,14.55431],[120.99144,14.55422],[120.99144,14.55431],[120.99153,14.55431]]],[[[120.98217,14.55387],[120.9817,14.55404],[120.9817,14.55431],[120.98207,14.55432],[120.98217,14.55387]]],[[[120.99348,14.55433],[120.99395,14.55388],[120.99339,14.55396],[120.99348,14.55433]]],[[[120.99404,14.55424],[120.99413,14.55433],[120.99413,14.55424],[120.99404,14.55424]]],[[[120.97956,14.55439],[120.97947,14.5543],[120.97947,14.55439],[120.97956,14.55439]]],[[[120.99042,14.55439],[120.9906,14.5543],[120.99042,14.5543],[120.99042,14.55439]]],[[[120.98392,14.55442],[120.98383,14.55433],[120.98383,14.55442],[120.98392,14.55442]]],[[[120.98448,14.55443],[120.98439,14.55434],[120.98439,14.55443],[120.98448,14.55443]]],[[[120.98689,14.55445],[120.9868,14.55436],[120.9868,14.55445],[120.98689,14.55445]]],[[[120.9983,14.55446],[120.99821,14.55437],[120.99821,14.55446],[120.9983,14.55446]]],[[[120.9919,14.55431],[120.99199,14.55449],[120.99209,14.55431],[120.9919,14.55431]]],[[[120.9817,14.5545],[120.98161,14.55431],[120.9816,14.55449],[120.9817,14.5545]]],[[[120.99404,14.55451],[120.99394,14.55433],[120.99394,14.55451],[120.99404,14.55451]]],[[[120.99506,14.55443],[120.99515,14.55452],[120.99515,14.55443],[120.99506,14.55443]]],[[[120.98708,14.55454],[120.98698,14.55445],[120.98698,14.55454],[120.98708,14.55454]]],[[[120.99079,14.55439],[120.9906,14.55457],[120.99079,14.55448],[120.99079,14.55439]]],[[[120.98216,14.55459],[120.98207,14.55441],[120.98207,14.55459],[120.98216,14.55459]]],[[[120.99506,14.55461],[120.99496,14.55452],[120.99496,14.55461],[120.99506,14.55461]]],[[[120.99264,14.55468],[120.99255,14.55459],[120.99255,14.55468],[120.99264,14.55468]]],[[[120.98402,14.55443],[120.98439,14.55461],[120.98439,14.55452],[120.98402,14.55443]]],[[[120.99496,14.5547],[120.99478,14.55452],[120.99478,14.5547],[120.99496,14.5547]]],[[[120.98559,14.55471],[120.9855,14.55453],[120.9855,14.55471],[120.98559,14.55471]]],[[[120.9867,14.55472],[120.98661,14.55463],[120.98661,14.55472],[120.9867,14.55472]]],[[[120.98401,14.55479],[120.98392,14.5547],[120.98392,14.55479],[120.98401,14.55479]]],[[[120.98689,14.55481],[120.9868,14.55472],[120.9868,14.55481],[120.98689,14.55481]]],[[[120.98717,14.5549],[120.98698,14.55481],[120.98698,14.5549],[120.98717,14.5549]]],[[[120.98726,14.5549],[120.98735,14.55482],[120.98726,14.55481],[120.98726,14.5549]]],[[[120.98744,14.55491],[120.98735,14.555],[120.98744,14.555],[120.98744,14.55491]]],[[[120.98011,14.55502],[120.98002,14.55493],[120.98002,14.55502],[120.98011,14.55502]]],[[[121.0034,14.55495],[121.00294,14.55504],[121.0034,14.55504],[121.0034,14.55495]]],[[[120.98754,14.555],[120.98744,14.55509],[120.98754,14.55509],[120.98754,14.555]]],[[[120.99885,14.55509],[120.99914,14.55483],[120.99867,14.55491],[120.99885,14.55509]]],[[[120.99078,14.55521],[120.99069,14.55512],[120.99069,14.55521],[120.99078,14.55521]]],[[[120.99106,14.55521],[120.99134,14.55503],[120.99106,14.55512],[120.99106,14.55521]]],[[[121.00219,14.55521],[121.00257,14.55486],[121.00238,14.55476],[121.00219,14.55521]]],[[[120.99254,14.55522],[120.99236,14.55504],[120.99236,14.55522],[120.99254,14.55522]]],[[[120.98753,14.55527],[120.98744,14.55518],[120.98744,14.55527],[120.98753,14.55527]]],[[[120.99895,14.55528],[120.99876,14.55518],[120.99876,14.55527],[120.99895,14.55528]]],[[[120.98289,14.55532],[120.9828,14.55514],[120.9828,14.55532],[120.98289,14.55532]]],[[[120.98383,14.55506],[120.98392,14.55533],[120.98401,14.55515],[120.98383,14.55506]]],[[[120.98586,14.55534],[120.98624,14.55481],[120.98624,14.55453],[120.98587,14.55489],[120.98586,14.55534]]],[[[121.00099,14.55538],[121.00127,14.55521],[121.00089,14.5552],[121.00099,14.55538]]],[[[121.00173,14.55539],[121.00164,14.5553],[121.00164,14.55539],[121.00173,14.55539]]],[[[120.98271,14.55541],[120.98262,14.55532],[120.98262,14.55541],[120.98271,14.55541]]],[[[120.98586,14.55544],[120.98577,14.55534],[120.98577,14.55543],[120.98586,14.55544]]],[[[120.98373,14.55551],[120.98364,14.55533],[120.98364,14.55551],[120.98373,14.55551]]],[[[120.98391,14.55551],[120.98382,14.55542],[120.98382,14.55551],[120.98391,14.55551]]],[[[120.99996,14.55556],[120.99987,14.55546],[120.99987,14.55556],[120.99996,14.55556]]],[[[121.00089,14.55547],[121.0008,14.55556],[121.00089,14.55556],[121.00089,14.55547]]],[[[120.99181,14.55449],[120.99097,14.55458],[120.99106,14.55494],[120.99153,14.55476],[120.99143,14.55557],[120.99181,14.55449]]],[[[120.99152,14.5553],[120.99161,14.55548],[120.99152,14.55548],[120.99152,14.5553]]],[[[121.00432,14.5555],[121.00451,14.55559],[121.00451,14.5555],[121.00432,14.5555]]],[[[120.98345,14.5555],[120.98354,14.5556],[120.98354,14.55551],[120.98345,14.5555]]],[[[120.98558,14.55552],[120.98568,14.55561],[120.98568,14.55552],[120.98558,14.55552]]],[[[121.00071,14.55565],[121.00061,14.55538],[121.00061,14.55565],[121.00071,14.55565]]],[[[120.99087,14.55566],[120.99106,14.55557],[120.99087,14.55557],[120.99087,14.55566]]],[[[121.00284,14.55567],[121.00312,14.55558],[121.00284,14.55558],[121.00284,14.55567]]],[[[121.00432,14.55568],[121.00423,14.55559],[121.00423,14.55568],[121.00432,14.55568]]],[[[120.98558,14.5557],[120.98549,14.55561],[120.98549,14.5557],[120.98558,14.5557]]],[[[120.98762,14.55572],[120.98753,14.55563],[120.98753,14.55572],[120.98762,14.55572]]],[[[120.9995,14.55573],[120.99941,14.55564],[120.99941,14.55573],[120.9995,14.55573]]],[[[120.99115,14.55566],[120.99106,14.55575],[120.99115,14.55575],[120.99115,14.55566]]],[[[121.0033,14.55567],[121.00312,14.55576],[121.0033,14.55577],[121.0033,14.55567]]],[[[120.98345,14.55578],[120.98336,14.55559],[120.98335,14.55577],[120.98345,14.55578]]],[[[120.98363,14.55569],[120.98373,14.55578],[120.98373,14.55569],[120.98363,14.55569]]],[[[121.00033,14.55583],[121.00015,14.55574],[121.00015,14.55583],[121.00033,14.55583]]],[[[121.00182,14.55566],[121.002,14.55584],[121.002,14.55575],[121.00182,14.55566]]],[[[121.00302,14.55585],[121.00293,14.55576],[121.00293,14.55585],[121.00302,14.55585]]],[[[120.99375,14.55505],[120.99319,14.55532],[120.99319,14.55586],[120.99384,14.5555],[120.99375,14.55505]]],[[[120.98363,14.55587],[120.98345,14.55578],[120.98345,14.55587],[120.98363,14.55587]]],[[[120.99746,14.5559],[120.99736,14.5558],[120.99736,14.5559],[120.99746,14.5559]]],[[[120.99105,14.55593],[120.99087,14.55584],[120.99087,14.55593],[120.99105,14.55593]]],[[[121.00182,14.55593],[121.00154,14.55584],[121.00154,14.55593],[121.00182,14.55593]]],[[[121.0033,14.55595],[121.00321,14.55585],[121.00321,14.55595],[121.0033,14.55595]]],[[[121.00376,14.55595],[121.00367,14.55586],[121.00367,14.55595],[121.00376,14.55595]]],[[[120.99198,14.55603],[120.99198,14.55567],[120.99133,14.55575],[120.99142,14.55603],[120.99198,14.55603]]],[[[121.00423,14.55586],[121.00404,14.55577],[121.00404,14.55604],[121.00423,14.55586]]],[[[120.98734,14.55608],[120.98725,14.55599],[120.98725,14.55608],[120.98734,14.55608]]],[[[120.98456,14.55615],[120.98484,14.55588],[120.98456,14.55588],[120.98456,14.55615]]],[[[120.99866,14.55609],[120.99875,14.55618],[120.99875,14.55609],[120.99866,14.55609]]],[[[120.99949,14.55618],[120.9994,14.55609],[120.9994,14.55618],[120.99949,14.55618]]],[[[120.99978,14.55592],[120.99996,14.55601],[120.99996,14.55583],[120.99978,14.55592]]],[[[120.98075,14.55602],[120.9814,14.55612],[120.9814,14.55603],[120.98075,14.55602]]],[[[121.00181,14.5562],[121.00228,14.55594],[121.00181,14.55611],[121.00181,14.5562]]],[[[120.99467,14.55623],[120.99458,14.55614],[120.99458,14.55623],[120.99467,14.55623]]],[[[120.98725,14.55626],[120.98715,14.55617],[120.98715,14.55626],[120.98725,14.55626]]],[[[120.99866,14.55627],[120.99857,14.55618],[120.99857,14.55627],[120.99866,14.55627]]],[[[120.99161,14.55612],[120.99133,14.5563],[120.99161,14.5563],[120.99161,14.55612]]],[[[121.00228,14.55621],[121.00218,14.5563],[121.00228,14.5563],[121.00228,14.55621]]],[[[121.00311,14.55622],[121.0032,14.55631],[121.00321,14.55622],[121.00311,14.55622]]],[[[120.99309,14.55631],[120.993,14.55622],[120.993,14.55631],[120.99309,14.55631]]],[[[120.9942,14.55632],[120.9943,14.55623],[120.99421,14.55605],[120.9942,14.55632]]],[[[120.99894,14.55618],[120.99875,14.55636],[120.99894,14.55627],[120.99894,14.55618]]],[[[120.99931,14.55636],[120.99912,14.55627],[120.99912,14.55636],[120.99931,14.55636]]],[[[121.00079,14.55638],[121.00098,14.5562],[121.00079,14.55629],[121.00079,14.55638]]],[[[120.98066,14.55629],[120.98075,14.55639],[120.98075,14.55629],[120.98066,14.55629]]],[[[121.00311,14.5564],[121.00302,14.55631],[121.00302,14.5564],[121.00311,14.5564]]],[[[121.00422,14.55632],[121.00469,14.55623],[121.00423,14.55613],[121.00422,14.55632]]],[[[120.99587,14.55642],[120.99578,14.55633],[120.99578,14.55642],[120.99587,14.55642]]],[[[120.98549,14.55615],[120.9854,14.5557],[120.9853,14.55642],[120.98549,14.55615]]],[[[120.99764,14.55644],[120.99754,14.55635],[120.99754,14.55644],[120.99764,14.55644]]],[[[120.98715,14.55644],[120.98706,14.55635],[120.98706,14.55644],[120.98715,14.55644]]],[[[120.99875,14.55645],[120.99866,14.55636],[120.99866,14.55645],[120.99875,14.55645]]],[[[121.00107,14.55638],[121.00098,14.55647],[121.00107,14.55647],[121.00107,14.55638]]],[[[120.98066,14.55647],[120.98057,14.55638],[120.98056,14.55647],[120.98066,14.55647]]],[[[120.98177,14.55648],[120.98168,14.5563],[120.98168,14.55648],[120.98177,14.55648]]],[[[120.99272,14.55649],[120.99253,14.5564],[120.99253,14.55649],[120.99272,14.55649]]],[[[121.00376,14.55649],[121.00385,14.5564],[121.00376,14.5564],[121.00376,14.55649]]],[[[120.99328,14.55604],[120.99309,14.5564],[120.99355,14.5565],[120.99328,14.55604]]],[[[120.99058,14.55656],[120.99096,14.5562],[120.99059,14.55611],[120.99058,14.55656]]],[[[120.99077,14.55638],[120.99068,14.5562],[120.99077,14.5562],[120.99077,14.55638]]],[[[120.98056,14.55656],[120.98047,14.55647],[120.98047,14.55656],[120.98056,14.55656]]],[[[121.00162,14.55656],[121.00153,14.55647],[121.00153,14.55656],[121.00162,14.55656]]],[[[120.99309,14.55658],[120.993,14.55649],[120.993,14.55658],[120.99309,14.55658]]],[[[121.00506,14.55641],[121.00487,14.55659],[121.00515,14.55659],[121.00506,14.55641]]],[[[120.98706,14.55662],[120.98697,14.55653],[120.98697,14.55662],[120.98706,14.55662]]],[[[120.99856,14.55663],[120.99847,14.55654],[120.99847,14.55663],[120.99856,14.55663]]],[[[121.00394,14.55649],[121.00385,14.55667],[121.00394,14.55667],[121.00394,14.55649]]],[[[120.98539,14.5567],[120.98548,14.55661],[120.98539,14.55661],[120.98539,14.5567]]],[[[121.00246,14.55675],[121.00237,14.55639],[121.00237,14.55675],[121.00246,14.55675]]],[[[120.98177,14.55676],[120.98168,14.55666],[120.98168,14.55675],[120.98177,14.55676]]],[[[120.99299,14.55676],[120.99355,14.55659],[120.993,14.55667],[120.99299,14.55676]]],[[[121.00543,14.5566],[121.00533,14.55678],[121.00552,14.55678],[121.00543,14.5566]]],[[[120.98056,14.55684],[120.98047,14.55674],[120.98047,14.55683],[120.98056,14.55684]]],[[[120.9916,14.55684],[120.99142,14.55666],[120.99142,14.55684],[120.9916,14.55684]]],[[[120.99179,14.55684],[120.9917,14.55675],[120.99169,14.55684],[120.99179,14.55684]]],[[[120.99216,14.55684],[120.99207,14.55666],[120.99197,14.55684],[120.99216,14.55684]]],[[[120.99244,14.55685],[120.99235,14.55676],[120.99234,14.55685],[120.99244,14.55685]]],[[[120.99457,14.55687],[120.99448,14.55668],[120.99448,14.55686],[120.99457,14.55687]]],[[[121.00571,14.55678],[121.00552,14.55687],[121.0057,14.55687],[121.00571,14.55678]]],[[[120.98567,14.5567],[120.98557,14.55688],[120.98576,14.55688],[120.98567,14.5567]]],[[[120.99958,14.55691],[120.99986,14.55655],[120.99986,14.55628],[120.99959,14.55628],[120.99958,14.55691]]],[[[121.00273,14.55694],[121.00302,14.55658],[121.00283,14.55648],[121.00273,14.55694]]],[[[120.99355,14.55686],[120.99364,14.55695],[120.99364,14.55686],[120.99355,14.55686]]],[[[121.0058,14.55687],[121.0057,14.55696],[121.0058,14.55696],[121.0058,14.55687]]],[[[120.99874,14.55699],[120.99856,14.55681],[120.99856,14.55699],[120.99874,14.55699]]],[[[120.99234,14.55703],[120.99272,14.55667],[120.99253,14.55658],[120.99234,14.55703]]],[[[120.99355,14.55704],[120.99346,14.55695],[120.99346,14.55704],[120.99355,14.55704]]],[[[121.00598,14.55696],[121.0058,14.55705],[121.00598,14.55705],[121.00598,14.55696]]],[[[120.99587,14.55706],[120.99578,14.55697],[120.99578,14.55706],[120.99587,14.55706]]],[[[120.99615,14.55706],[120.99605,14.55697],[120.99605,14.55706],[120.99615,14.55706]]],[[[120.99123,14.55711],[120.99105,14.55684],[120.99104,14.55711],[120.99123,14.55711]]],[[[120.98158,14.55712],[120.98149,14.55702],[120.98149,14.55711],[120.98158,14.55712]]],[[[121.00301,14.55712],[121.00292,14.55703],[121.00292,14.55712],[121.00301,14.55712]]],[[[121.00366,14.55712],[121.00357,14.55703],[121.00357,14.55712],[121.00366,14.55712]]],[[[120.99299,14.55703],[120.99336,14.55695],[120.99309,14.55685],[120.99299,14.55703]]],[[[121.00385,14.55713],[121.00375,14.55703],[121.00375,14.55712],[121.00385,14.55713]]],[[[121.00607,14.55705],[121.00598,14.55714],[121.00607,14.55714],[121.00607,14.55705]]],[[[120.99169,14.55702],[120.99188,14.55711],[120.99188,14.55702],[120.99169,14.55702]]],[[[120.98204,14.55721],[120.98195,14.55703],[120.98195,14.55721],[120.98204,14.55721]]],[[[120.99281,14.55703],[120.99271,14.55721],[120.9928,14.55721],[120.99281,14.55703]]],[[[120.98111,14.55729],[120.98121,14.5572],[120.98112,14.5572],[120.98111,14.55729]]],[[[120.98149,14.5573],[120.98139,14.5572],[120.98139,14.55729],[120.98149,14.5573]]],[[[120.98576,14.55688],[120.98603,14.55733],[120.9865,14.55725],[120.9865,14.55707],[120.98576,14.55688]]],[[[120.99948,14.55736],[120.99958,14.55727],[120.99948,14.55727],[120.99948,14.55736]]],[[[120.9916,14.55738],[120.99169,14.55729],[120.9916,14.55729],[120.9916,14.55738]]],[[[120.9813,14.55729],[120.98121,14.55738],[120.9813,14.55738],[120.9813,14.55729]]],[[[120.99206,14.55739],[120.99197,14.55729],[120.99197,14.55739],[120.99206,14.55739]]],[[[121.00319,14.55739],[121.0031,14.55721],[121.0031,14.55739],[121.00319,14.55739]]],[[[120.99753,14.55743],[120.99744,14.55716],[120.99744,14.55743],[120.99753,14.55743]]],[[[120.99967,14.55736],[120.99958,14.55745],[120.99967,14.55745],[120.99967,14.55736]]],[[[120.99188,14.55738],[120.99169,14.55747],[120.99187,14.55747],[120.99188,14.55738]]],[[[120.99262,14.55748],[120.99225,14.55712],[120.99225,14.55748],[120.99262,14.55748]]],[[[120.99299,14.55721],[120.9929,14.55748],[120.99299,14.55748],[120.99299,14.55721]]],[[[121.00505,14.5575],[121.00496,14.55741],[121.00496,14.5575],[121.00505,14.5575]]],[[[120.99772,14.55752],[120.99763,14.55743],[120.99763,14.55752],[120.99772,14.55752]]],[[[120.99048,14.55737],[120.99058,14.55755],[120.99058,14.55737],[120.99048,14.55737]]],[[[121.00347,14.55748],[121.00375,14.55722],[121.00347,14.5573],[121.00347,14.55748]]],[[[121.00468,14.55758],[121.00459,14.55749],[121.00458,14.55758],[121.00468,14.55758]]],[[[121.00041,14.55764],[121.00032,14.55755],[121.00032,14.55764],[121.00041,14.55764]]],[[[121.0018,14.55738],[121.00152,14.55747],[121.0018,14.55765],[121.0018,14.55738]]],[[[121.00384,14.55758],[121.00375,14.55767],[121.00384,14.55767],[121.00384,14.55758]]],[[[121.00412,14.55767],[121.0045,14.55722],[121.0045,14.55704],[121.00412,14.55722],[121.00412,14.55767]]],[[[120.99957,14.55781],[120.99948,14.55772],[120.99948,14.55781],[120.99957,14.55781]]],[[[121.00022,14.55782],[121.00013,14.55773],[121.00013,14.55782],[121.00022,14.55782]]],[[[121.00152,14.55783],[121.00134,14.55774],[121.00134,14.55783],[121.00152,14.55783]]],[[[121.00291,14.55784],[121.00282,14.55775],[121.00282,14.55784],[121.00291,14.55784]]],[[[121.00449,14.55776],[121.00458,14.55785],[121.00458,14.55776],[121.00449,14.55776]]],[[[120.99039,14.55791],[120.9903,14.55737],[120.9902,14.55791],[120.99039,14.55791]]],[[[121.0018,14.55792],[121.00171,14.55783],[121.00171,14.55792],[121.0018,14.55792]]],[[[121.00449,14.55794],[121.0044,14.55785],[121.0044,14.55794],[121.00449,14.55794]]],[[[120.98519,14.55796],[120.9851,14.55787],[120.9851,14.55796],[120.98519,14.55796]]],[[[120.98621,14.55797],[120.98612,14.55788],[120.98612,14.55797],[120.98621,14.55797]]],[[[120.9992,14.55799],[120.99911,14.5579],[120.99911,14.55799],[120.9992,14.55799]]],[[[120.99113,14.55783],[120.99141,14.55801],[120.9915,14.55756],[120.99086,14.55729],[120.99113,14.55783]]],[[[121.00282,14.55802],[121.00291,14.55793],[121.00282,14.55793],[121.00282,14.55802]]],[[[120.99901,14.55808],[120.99892,14.55799],[120.99892,14.55808],[120.99901,14.55808]]],[[[121.0005,14.55809],[121.00041,14.558],[121.0004,14.55809],[121.0005,14.55809]]],[[[120.99224,14.55775],[120.99234,14.55784],[120.9928,14.55775],[120.99224,14.55775]]],[[[121.0031,14.55802],[121.00319,14.55811],[121.00319,14.55802],[121.0031,14.55802]]],[[[120.9928,14.55802],[120.99289,14.55812],[120.99289,14.55803],[120.9928,14.55802]]],[[[121.00504,14.55813],[121.00486,14.55804],[121.00486,14.55813],[121.00504,14.55813]]],[[[121.00263,14.5582],[121.00254,14.55811],[121.00254,14.5582],[121.00263,14.5582]]],[[[121.00309,14.5582],[121.00291,14.55802],[121.00291,14.5582],[121.00309,14.5582]]],[[[120.9928,14.55821],[120.9927,14.55811],[120.9927,14.5582],[120.9928,14.55821]]],[[[121.00328,14.55811],[121.00337,14.55821],[121.00337,14.55812],[121.00328,14.55811]]],[[[121.0043,14.55821],[121.00421,14.55794],[121.00421,14.55821],[121.0043,14.55821]]],[[[120.9851,14.55823],[120.985,14.55814],[120.985,14.55823],[120.9851,14.55823]]],[[[120.99883,14.55826],[120.99873,14.55817],[120.99873,14.55826],[120.99883,14.55826]]],[[[121.00189,14.55828],[121.0018,14.55819],[121.00179,14.55828],[121.00189,14.55828]]],[[[121.00328,14.5583],[121.00309,14.5582],[121.00309,14.55829],[121.00328,14.5583]]],[[[121.00476,14.55831],[121.00458,14.55822],[121.00458,14.55831],[121.00476,14.55831]]],[[[120.99725,14.55833],[120.99706,14.55824],[120.99706,14.55833],[120.99725,14.55833]]],[[[120.98704,14.55834],[120.98695,14.55825],[120.98695,14.55834],[120.98704,14.55834]]],[[[120.99048,14.55837],[120.99038,14.55828],[120.99038,14.55837],[120.99048,14.55837]]],[[[120.99122,14.5581],[120.9915,14.55828],[120.99159,14.5581],[120.99122,14.5581]]],[[[120.99242,14.55838],[120.99224,14.55829],[120.99224,14.55838],[120.99242,14.55838]]],[[[121.00142,14.55846],[121.00124,14.55837],[121.00124,14.55846],[121.00142,14.55846]]],[[[121.00402,14.55848],[121.0043,14.5583],[121.00402,14.55839],[121.00402,14.55848]]],[[[120.98537,14.5585],[120.98528,14.55841],[120.98528,14.5585],[120.98537,14.5585]]],[[[120.98667,14.55851],[120.98686,14.55815],[120.9863,14.55806],[120.98667,14.55851]]],[[[120.98992,14.55827],[120.9901,14.55854],[120.9901,14.55827],[120.98992,14.55827]]],[[[120.9914,14.55837],[120.99177,14.55856],[120.99187,14.55829],[120.99168,14.5582],[120.9914,14.55837]]],[[[120.9863,14.5586],[120.98621,14.55851],[120.98621,14.5586],[120.9863,14.5586]]],[[[120.99966,14.55863],[120.99947,14.55853],[120.99947,14.55862],[120.99966,14.55863]]],[[[120.98927,14.55863],[120.98918,14.55845],[120.98917,14.55863],[120.98927,14.55863]]],[[[121.00513,14.55867],[121.00504,14.55858],[121.00504,14.55867],[121.00513,14.55867]]],[[[120.98676,14.55861],[120.98685,14.5587],[120.98685,14.55861],[120.98676,14.55861]]],[[[120.98704,14.5587],[120.98695,14.55852],[120.98695,14.5587],[120.98704,14.5587]]],[[[121.00142,14.55873],[121.00133,14.55864],[121.00133,14.55873],[121.00142,14.55873]]],[[[121.00374,14.55857],[121.00383,14.55875],[121.00383,14.55857],[121.00374,14.55857]]],[[[121.00123,14.55882],[121.00114,14.55864],[121.00105,14.55882],[121.00123,14.55882]]],[[[121.00374,14.55884],[121.00365,14.55875],[121.00365,14.55884],[121.00374,14.55884]]],[[[121.00392,14.55875],[121.00383,14.55884],[121.00392,14.55884],[121.00392,14.55875]]],[[[120.98602,14.55887],[120.98583,14.55878],[120.98583,14.55887],[120.98602,14.55887]]],[[[120.98676,14.55888],[120.98667,14.5587],[120.98667,14.55888],[120.98676,14.55888]]],[[[120.99966,14.5589],[120.99947,14.55881],[120.99947,14.5589],[120.99966,14.5589]]],[[[120.9926,14.55893],[120.99251,14.55884],[120.99251,14.55893],[120.9926,14.55893]]],[[[120.98667,14.55897],[120.98648,14.55887],[120.98648,14.55896],[120.98667,14.55897]]],[[[120.98685,14.55879],[120.98694,14.55897],[120.98695,14.55879],[120.98685,14.55879]]],[[[120.99038,14.559],[120.99028,14.55891],[120.99028,14.559],[120.99038,14.559]]],[[[121.00114,14.559],[121.00105,14.55891],[121.00105,14.559],[121.00114,14.559]]],[[[121.00151,14.559],[121.00142,14.55891],[121.00142,14.559],[121.00151,14.559]]],[[[120.9914,14.55846],[120.99085,14.55792],[120.99019,14.55864],[120.99103,14.559],[120.99066,14.55864],[120.9914,14.55846]]],[[[120.99085,14.55837],[120.99066,14.55819],[120.99085,14.55819],[120.99085,14.55837]]],[[[121.00346,14.55902],[121.00337,14.55893],[121.00337,14.55902],[121.00346,14.55902]]],[[[120.98685,14.55906],[120.98676,14.55897],[120.98676,14.55906],[120.98685,14.55906]]],[[[120.99047,14.559],[120.99038,14.55909],[120.99047,14.55909],[120.99047,14.559]]],[[[121.00467,14.55885],[121.00476,14.55912],[121.00476,14.55885],[121.00467,14.55885]]],[[[120.98676,14.55915],[120.98629,14.55896],[120.9862,14.55914],[120.98676,14.55915]]],[[[120.99817,14.55888],[120.99835,14.55916],[120.99836,14.55889],[120.99817,14.55888]]],[[[120.99121,14.55901],[120.99102,14.55918],[120.99121,14.55919],[120.99121,14.55901]]],[[[121.00466,14.55921],[121.00457,14.55912],[121.00457,14.55921],[121.00466,14.55921]]],[[[120.99817,14.55925],[120.99808,14.55915],[120.99808,14.55924],[120.99817,14.55925]]],[[[120.99845,14.55916],[120.99835,14.55925],[120.99845,14.55925],[120.99845,14.55916]]],[[[120.999,14.55925],[120.99891,14.55907],[120.99891,14.55925],[120.999,14.55925]]],[[[120.9913,14.55919],[120.99121,14.55928],[120.9913,14.55928],[120.9913,14.55919]]],[[[120.99232,14.5592],[120.99242,14.55929],[120.99242,14.5592],[120.99232,14.5592]]],[[[121.00448,14.5593],[121.00429,14.55921],[121.00429,14.5593],[121.00448,14.5593]]],[[[120.99835,14.55934],[120.99817,14.55925],[120.99817,14.55934],[120.99835,14.55934]]],[[[120.98982,14.55926],[120.98973,14.55836],[120.98954,14.55935],[120.98982,14.55926]]],[[[120.99232,14.55947],[120.99158,14.55919],[120.99158,14.55937],[120.99232,14.55947]]],[[[121.00466,14.55948],[121.00457,14.5593],[121.00457,14.55948],[121.00466,14.55948]]],[[[120.98991,14.55917],[120.99019,14.55954],[120.99019,14.55918],[120.98991,14.55917]]],[[[121.00086,14.55954],[121.00076,14.55945],[121.00076,14.55954],[121.00086,14.55954]]],[[[120.98981,14.55963],[120.98972,14.55953],[120.98972,14.55963],[120.98981,14.55963]]],[[[121.00058,14.55963],[121.00048,14.55954],[121.00048,14.55963],[121.00058,14.55963]]],[[[120.99102,14.55918],[120.99047,14.55909],[120.99037,14.55963],[120.99065,14.55927],[120.99102,14.55918]]],[[[120.999,14.5597],[120.99881,14.55961],[120.99881,14.5597],[120.999,14.5597]]],[[[120.98935,14.55953],[120.98954,14.55962],[120.98954,14.55953],[120.98935,14.55953]]],[[[120.99028,14.55972],[120.99019,14.55963],[120.99018,14.55972],[120.99028,14.55972]]],[[[121.00234,14.55973],[121.00225,14.55964],[121.00225,14.55973],[121.00234,14.55973]]],[[[120.98601,14.55932],[120.98601,14.55968],[120.98647,14.55978],[120.98648,14.55951],[120.98601,14.55932]]],[[[120.98954,14.55971],[120.98944,14.5598],[120.98953,14.5598],[120.98954,14.55971]]],[[[120.99083,14.55982],[120.99111,14.55964],[120.99074,14.55963],[120.99083,14.55982]]],[[[120.9912,14.55973],[120.99111,14.55982],[120.9912,14.55982],[120.9912,14.55973]]],[[[121.00327,14.55983],[121.00317,14.55965],[121.00317,14.55983],[121.00327,14.55983]]],[[[120.98786,14.55988],[120.98777,14.55979],[120.98777,14.55988],[120.98786,14.55988]]],[[[120.9899,14.5599],[120.98972,14.55981],[120.98972,14.5599],[120.9899,14.5599]]],[[[120.98823,14.55997],[120.98814,14.55988],[120.98814,14.55997],[120.98823,14.55997]]],[[[120.9874,14.56006],[120.98731,14.55997],[120.98731,14.56006],[120.9874,14.56006]]],[[[120.99324,14.56029],[120.99334,14.55993],[120.99306,14.56029],[120.99324,14.56029]]],[[[121.00502,14.5603],[121.00493,14.56012],[121.00475,14.5603],[121.00502,14.5603]]],[[[120.99834,14.56033],[120.99825,14.56015],[120.99825,14.56033],[120.99834,14.56033]]],[[[120.99222,14.56046],[120.99204,14.56028],[120.99203,14.56046],[120.99222,14.56046]]],[[[121.00308,14.56019],[121.00326,14.56037],[121.00326,14.56001],[121.00308,14.56019]]],[[[120.99769,14.56042],[120.99788,14.56051],[120.99788,14.56042],[120.99769,14.56042]]],[[[120.99769,14.5606],[120.9976,14.56051],[120.9976,14.5606],[120.99769,14.5606]]],[[[120.99055,14.56054],[120.99064,14.56063],[120.99064,14.56054],[120.99055,14.56054]]],[[[121.00214,14.56064],[121.00205,14.56045],[121.00205,14.56063],[121.00214,14.56064]]],[[[121.00484,14.56066],[121.00474,14.56039],[121.00474,14.56066],[121.00484,14.56066]]],[[[120.98711,14.56069],[120.98702,14.5606],[120.98702,14.56069],[120.98711,14.56069]]],[[[120.99055,14.56072],[120.99045,14.56063],[120.99045,14.56072],[120.99055,14.56072]]],[[[120.99082,14.56072],[120.99073,14.56063],[120.99073,14.56072],[120.99082,14.56072]]],[[[120.99778,14.56078],[120.99751,14.56069],[120.9975,14.56078],[120.99778,14.56078]]],[[[120.99806,14.56051],[120.99778,14.56069],[120.99806,14.56078],[120.99806,14.56051]]],[[[120.99899,14.56079],[120.9989,14.56061],[120.9989,14.56079],[120.99899,14.56079]]],[[[120.99138,14.56081],[120.99129,14.56072],[120.99129,14.56081],[120.99138,14.56081]]],[[[120.99045,14.5609],[120.99036,14.56081],[120.99036,14.5609],[120.99045,14.5609]]],[[[120.99175,14.56091],[120.99166,14.56082],[120.99166,14.56091],[120.99175,14.56091]]],[[[120.99194,14.561],[120.99184,14.56091],[120.99184,14.561],[120.99194,14.561]]],[[[120.99741,14.56114],[120.99732,14.56096],[120.99732,14.56114],[120.99741,14.56114]]],[[[120.99806,14.56123],[120.99797,14.56087],[120.99778,14.56123],[120.99806,14.56123]]],[[[121.00279,14.56127],[121.00297,14.56118],[121.00279,14.56118],[121.00279,14.56127]]],[[[120.99045,14.56144],[120.99036,14.56135],[120.99035,14.56144],[120.99045,14.56144]]],[[[120.99741,14.5615],[120.9975,14.56141],[120.99741,14.56141],[120.99741,14.5615]]],[[[120.99063,14.56153],[120.99054,14.56144],[120.99054,14.56153],[120.99063,14.56153]]],[[[120.99091,14.56153],[120.99082,14.56144],[120.99082,14.56153],[120.99091,14.56153]]],[[[121.00306,14.56155],[121.00335,14.56128],[121.00297,14.56127],[121.00306,14.56155]]],[[[121.00344,14.56137],[121.00362,14.56155],[121.00362,14.56137],[121.00344,14.56137]]],[[[120.98673,14.56159],[120.98664,14.5615],[120.98664,14.56159],[120.98673,14.56159]]],[[[120.99768,14.5615],[120.9975,14.56159],[120.99768,14.56159],[120.99768,14.5615]]],[[[120.99787,14.56159],[120.99778,14.5615],[120.99778,14.56159],[120.99787,14.56159]]],[[[120.99648,14.56158],[120.99657,14.56167],[120.99657,14.56158],[120.99648,14.56158]]],[[[120.99119,14.56172],[120.99128,14.56163],[120.99119,14.56163],[120.99119,14.56172]]],[[[120.99165,14.56172],[120.99156,14.56163],[120.99156,14.56172],[120.99165,14.56172]]],[[[120.99648,14.56176],[120.99638,14.56167],[120.99638,14.56176],[120.99648,14.56176]]],[[[120.99703,14.56177],[120.99694,14.56158],[120.99694,14.56177],[120.99703,14.56177]]],[[[121.0,14.56179],[120.99991,14.5617],[120.99991,14.56179],[121.0,14.56179]]],[[[120.99137,14.56172],[120.99128,14.56181],[120.99137,14.56181],[120.99137,14.56172]]],[[[120.98701,14.56186],[120.98692,14.56177],[120.98692,14.56186],[120.98701,14.56186]]],[[[120.99685,14.56186],[120.99703,14.56195],[120.99703,14.56186],[120.99685,14.56186]]],[[[120.98729,14.56195],[120.9872,14.56186],[120.9872,14.56195],[120.98729,14.56195]]],[[[120.99684,14.56213],[120.99666,14.56203],[120.99666,14.56212],[120.99684,14.56213]]],[[[120.98682,14.56213],[120.98664,14.56204],[120.98664,14.56213],[120.98682,14.56213]]],[[[120.99759,14.56213],[120.99722,14.56159],[120.9974,14.56213],[120.99759,14.56213]]],[[[120.98654,14.5624],[120.98664,14.56231],[120.98654,14.56231],[120.98654,14.5624]]],[[[120.98673,14.5624],[120.98663,14.56249],[120.98673,14.56249],[120.98673,14.5624]]],[[[120.99201,14.56254],[120.99192,14.56245],[120.99192,14.56254],[120.99201,14.56254]]],[[[120.98663,14.56258],[120.98645,14.56249],[120.98645,14.56258],[120.98663,14.56258]]],[[[120.98747,14.5625],[120.98775,14.56259],[120.98775,14.5625],[120.98747,14.5625]]],[[[120.99721,14.56267],[120.99712,14.56258],[120.99712,14.56267],[120.99721,14.56267]]],[[[120.98747,14.56268],[120.98738,14.56259],[120.98737,14.56268],[120.98747,14.56268]]],[[[120.98784,14.56259],[120.98774,14.56277],[120.98784,14.56277],[120.98784,14.56259]]],[[[120.99758,14.56267],[120.9973,14.56285],[120.99758,14.56286],[120.99758,14.56267]]],[[[120.98719,14.56286],[120.98728,14.56277],[120.98719,14.56277],[120.98719,14.56286]]],[[[120.98774,14.56286],[120.98765,14.56277],[120.98765,14.56286],[120.98774,14.56286]]],[[[120.99674,14.56294],[120.99665,14.56285],[120.99665,14.56294],[120.99674,14.56294]]],[[[120.98737,14.56286],[120.98728,14.56295],[120.98737,14.56295],[120.98737,14.56286]]],[[[120.98765,14.56295],[120.98756,14.56286],[120.98756,14.56295],[120.98765,14.56295]]],[[[121.00342,14.56318],[121.00389,14.56309],[121.00342,14.56309],[121.00342,14.56318]]],[[[120.99275,14.56336],[120.99256,14.56326],[120.99256,14.56335],[120.99275,14.56336]]],[[[120.99692,14.56339],[120.99683,14.5633],[120.99683,14.56339],[120.99692,14.56339]]],[[[120.99303,14.56336],[120.99312,14.56345],[120.99312,14.56336],[120.99303,14.56336]]],[[[120.99711,14.56348],[120.99702,14.56339],[120.99702,14.56348],[120.99711,14.56348]]],[[[120.99757,14.56349],[120.99748,14.5634],[120.99748,14.56349],[120.99757,14.56349]]],[[[120.99785,14.56349],[120.99795,14.56331],[120.99785,14.56331],[120.99785,14.56349]]],[[[120.99804,14.56331],[120.99813,14.56349],[120.99813,14.56331],[120.99804,14.56331]]],[[[120.99303,14.56354],[120.99293,14.56345],[120.99293,14.56354],[120.99303,14.56354]]],[[[120.99321,14.56345],[120.99312,14.56354],[120.99321,14.56354],[120.99321,14.56345]]],[[[120.99238,14.56362],[120.99247,14.56381],[120.99247,14.56362],[120.99238,14.56362]]],[[[120.99803,14.56385],[120.99785,14.56358],[120.99785,14.56385],[120.99803,14.56385]]],[[[120.98913,14.56387],[120.98903,14.56378],[120.98903,14.56387],[120.98913,14.56387]]],[[[120.99237,14.5639],[120.99228,14.5638],[120.99228,14.56389],[120.99237,14.5639]]],[[[120.99135,14.56398],[120.99145,14.56389],[120.99135,14.56389],[120.99135,14.56398]]],[[[120.99785,14.56403],[120.99775,14.56394],[120.99775,14.56403],[120.99785,14.56403]]],[[[120.99812,14.56403],[120.99794,14.56394],[120.99794,14.56403],[120.99812,14.56403]]],[[[120.99154,14.56398],[120.99144,14.56407],[120.99154,14.56407],[120.99154,14.56398]]],[[[120.99293,14.5639],[120.99312,14.56363],[120.99284,14.56354],[120.99274,14.56408],[120.99293,14.5639]]],[[[120.99172,14.56416],[120.99163,14.56407],[120.99163,14.56416],[120.99172,14.56416]]],[[[121.00192,14.56461],[121.00174,14.56452],[121.00174,14.56461],[121.00192,14.56461]]],[[[121.0022,14.56488],[121.00211,14.56479],[121.00211,14.56488],[121.0022,14.56488]]],[[[120.9944,14.56518],[120.99431,14.56509],[120.99431,14.56518],[120.9944,14.56518]]],[[[121.00266,14.56525],[121.00257,14.56507],[121.00247,14.56525],[121.00266,14.56525]]],[[[120.99422,14.56536],[120.99412,14.56527],[120.99412,14.56536],[120.99422,14.56536]]],[[[120.99579,14.56555],[120.9957,14.56546],[120.9957,14.56555],[120.99579,14.56555]]],[[[121.00303,14.56543],[121.00321,14.56552],[121.00321,14.56543],[121.00303,14.56543]]],[[[121.00386,14.5658],[121.00377,14.56571],[121.00377,14.5658],[121.00386,14.5658]]],[[[120.99505,14.566],[120.99514,14.56609],[120.99514,14.566],[120.99505,14.566]]],[[[120.99402,14.56617],[120.99393,14.56608],[120.99393,14.56617],[120.99402,14.56617]]],[[[120.99504,14.56618],[120.99495,14.56609],[120.99495,14.56618],[120.99504,14.56618]]],[[[120.9853,14.56618],[120.98521,14.56609],[120.98521,14.56618],[120.9853,14.56618]]],[[[120.99207,14.56624],[120.99226,14.56615],[120.99207,14.56615],[120.99207,14.56624]]],[[[120.99244,14.56625],[120.99226,14.56633],[120.99244,14.56634],[120.99244,14.56625]]],[[[120.99486,14.56636],[120.99495,14.56627],[120.99486,14.56627],[120.99486,14.56636]]],[[[120.99254,14.56634],[120.99244,14.56643],[120.99254,14.56643],[120.99254,14.56634]]],[[[120.99504,14.56636],[120.99495,14.56645],[120.99504,14.56645],[120.99504,14.56636]]],[[[120.99523,14.56645],[120.99513,14.56636],[120.99513,14.56645],[120.99523,14.56645]]],[[[120.99541,14.56645],[120.99551,14.56636],[120.99541,14.56636],[120.99541,14.56645]]],[[[120.9956,14.56636],[120.99569,14.56645],[120.99569,14.56636],[120.9956,14.56636]]],[[[120.99189,14.56642],[120.99207,14.56651],[120.99207,14.56642],[120.99189,14.56642]]],[[[120.9956,14.56654],[120.9955,14.56645],[120.9955,14.56654],[120.9956,14.56654]]],[[[120.99244,14.56652],[120.99216,14.5666],[120.99244,14.56661],[120.99244,14.56652]]],[[[120.99634,14.56673],[120.99625,14.56655],[120.99624,14.56673],[120.99634,14.56673]]],[[[120.99188,14.56669],[120.9917,14.5666],[120.9917,14.56678],[120.99188,14.56669]]],[[[121.00357,14.56679],[121.00367,14.5667],[121.00357,14.5667],[121.00357,14.56679]]],[[[121.00376,14.56679],[121.00367,14.56688],[121.00376,14.56688],[121.00376,14.56679]]],[[[120.99374,14.56689],[120.99402,14.56653],[120.99374,14.56644],[120.99374,14.56689]]],[[[120.99271,14.56751],[120.99262,14.56733],[120.99262,14.56751],[120.99271,14.56751]]],[[[120.99522,14.56762],[120.99541,14.56699],[120.99522,14.56699],[120.99522,14.56762]]],[[[120.9993,14.56775],[120.99921,14.56766],[120.9992,14.56775],[120.9993,14.56775]]],[[[120.99103,14.56894],[120.99094,14.56885],[120.99094,14.56894],[120.99103,14.56894]]],[[[120.99103,14.56876],[120.99121,14.56895],[120.99122,14.56877],[120.99103,14.56876]]],[[[120.99112,14.56904],[120.99103,14.56894],[120.99103,14.56903],[120.99112,14.56904]]],[[[121.00086,14.56948],[121.00077,14.56939],[121.00077,14.56948],[121.00086,14.56948]]],[[[120.98285,14.57059],[120.98276,14.57041],[120.98276,14.57059],[120.98285,14.57059]]],[[[120.98209,14.57239],[120.982,14.5723],[120.982,14.57239],[120.98209,14.57239]]],[[[120.98858,14.57344],[120.98848,14.57335],[120.98848,14.57344],[120.98858,14.57344]]],[[[121.00082,14.57355],[121.00073,14.57346],[121.00073,14.57355],[121.00082,14.57355]]],[[[120.99441,14.57485],[120.99432,14.57476],[120.99432,14.57485],[120.99441,14.57485]]],[[[120.99116,14.575],[120.99134,14.57509],[120.99134,14.575],[120.99116,14.575]]],[[[120.99579,14.57567],[120.9957,14.57549],[120.9957,14.57567],[120.99579,14.57567]]],[[[121.00126,14.5759],[121.00117,14.57581],[121.00117,14.5759],[121.00126,14.5759]]],[[[120.99597,14.57604],[120.99588,14.57594],[120.99588,14.57603],[120.99597,14.57604]]],[[[120.98781,14.57606],[120.98772,14.57596],[120.98772,14.57605],[120.98781,14.57606]]],[[[121.00256,14.57609],[121.00247,14.576],[121.00247,14.57609],[121.00256,14.57609]]],[[[120.99839,14.57615],[120.9983,14.57596],[120.99829,14.57615],[120.99839,14.57615]]],[[[120.99616,14.57631],[120.99607,14.57622],[120.99607,14.57631],[120.99616,14.57631]]],[[[121.00024,14.57634],[121.00015,14.57625],[121.00015,14.57634],[121.00024,14.57634]]],[[[120.99709,14.57641],[120.99718,14.5765],[120.99718,14.57641],[120.99709,14.57641]]],[[[120.99912,14.5766],[120.99903,14.57651],[120.99903,14.5766],[120.99912,14.5766]]],[[[120.98688,14.57659],[120.98697,14.57668],[120.98697,14.57659],[120.98688,14.57659]]],[[[120.98688,14.57677],[120.98678,14.57668],[120.98678,14.57677],[120.98688,14.57677]]],[[[120.99894,14.57678],[120.99885,14.57669],[120.99884,14.57678],[120.99894,14.57678]]],[[[120.99912,14.57679],[120.99903,14.57669],[120.99903,14.57678],[120.99912,14.57679]]],[[[120.9968,14.57686],[120.99681,14.5764],[120.99662,14.57685],[120.9968,14.57686]]],[[[120.98697,14.57677],[120.98687,14.57686],[120.98697,14.57686],[120.98697,14.57677]]],[[[120.99931,14.57688],[120.9994,14.5767],[120.99931,14.5767],[120.99931,14.57688]]],[[[121.00163,14.57681],[121.00172,14.5769],[121.00172,14.57681],[121.00163,14.57681]]],[[[120.99949,14.57688],[120.9994,14.57697],[120.99949,14.57697],[120.99949,14.57688]]],[[[121.00005,14.57697],[120.99977,14.57661],[120.99959,14.57697],[121.00005,14.57697]]],[[[120.9969,14.57686],[120.9968,14.57704],[120.99689,14.57704],[120.9969,14.57686]]],[[[120.99884,14.57705],[120.99875,14.57696],[120.99875,14.57705],[120.99884,14.57705]]],[[[121.00033,14.57707],[121.00024,14.5767],[121.00023,14.57707],[121.00033,14.57707]]],[[[120.99995,14.57715],[120.99986,14.57706],[120.99986,14.57715],[120.99995,14.57715]]],[[[120.99689,14.57722],[120.9968,14.57713],[120.9968,14.57722],[120.99689,14.57722]]],[[[120.99828,14.57723],[120.99866,14.57705],[120.99838,14.57678],[120.99828,14.57723]]],[[[121.00135,14.57726],[121.00125,14.57716],[121.00125,14.57726],[121.00135,14.57726]]],[[[121.00162,14.57726],[121.00135,14.5768],[121.00135,14.57717],[121.00162,14.57726]]],[[[121.00302,14.57727],[121.00292,14.57718],[121.00292,14.57727],[121.00302,14.57727]]],[[[121.00283,14.57736],[121.00264,14.57727],[121.00264,14.57736],[121.00283,14.57736]]],[[[120.99281,14.57736],[120.99272,14.57727],[120.99272,14.57736],[120.99281,14.57736]]],[[[120.99875,14.57741],[120.99893,14.57714],[120.99865,14.57723],[120.99875,14.57741]]],[[[121.0006,14.57725],[121.00097,14.57734],[121.00079,14.57707],[121.0006,14.57725]]],[[[121.00153,14.57744],[121.00144,14.57735],[121.00144,14.57744],[121.00153,14.57744]]],[[[120.9929,14.57736],[120.99299,14.57746],[120.99299,14.57737],[120.9929,14.57736]]],[[[121.00014,14.57752],[121.00004,14.57743],[121.00004,14.57752],[121.00014,14.57752]]],[[[120.99188,14.57754],[120.99179,14.57745],[120.99179,14.57754],[120.99188,14.57754]]],[[[120.9929,14.57755],[120.99253,14.57745],[120.99253,14.57754],[120.9929,14.57755]]],[[[120.99309,14.57737],[120.99318,14.57755],[120.99327,14.57737],[120.99309,14.57737]]],[[[120.99726,14.57758],[120.99717,14.57749],[120.99717,14.57758],[120.99726,14.57758]]],[[[121.00227,14.57735],[121.00246,14.57763],[121.00255,14.57736],[121.00227,14.57735]]],[[[120.99874,14.5776],[120.99865,14.57768],[120.99874,14.57769],[120.99874,14.5776]]],[[[121.0006,14.5777],[121.00051,14.57761],[121.00051,14.5777],[121.0006,14.5777]]],[[[121.00116,14.57771],[121.00106,14.57762],[121.00106,14.57771],[121.00116,14.57771]]],[[[121.00264,14.57772],[121.00255,14.57763],[121.00255,14.57772],[121.00264,14.57772]]],[[[120.98575,14.57775],[120.98566,14.57766],[120.98566,14.57775],[120.98575,14.57775]]],[[[120.99735,14.57776],[120.99726,14.57767],[120.99726,14.57776],[120.99735,14.57776]]],[[[120.998,14.57777],[120.99791,14.57768],[120.99791,14.57777],[120.998,14.57777]]],[[[120.99921,14.57724],[120.99893,14.57778],[120.99911,14.57778],[120.99921,14.57724]]],[[[120.99735,14.5774],[120.99754,14.57786],[120.99772,14.57759],[120.99735,14.5774]]],[[[120.99809,14.57786],[120.99819,14.57777],[120.99809,14.57777],[120.99809,14.57786]]],[[[121.00115,14.57789],[121.00106,14.5778],[121.00106,14.57789],[121.00115,14.57789]]],[[[121.00218,14.57753],[121.00153,14.57762],[121.00153,14.57789],[121.0019,14.5778],[121.00218,14.57753]]],[[[121.0032,14.5779],[121.0031,14.57781],[121.0031,14.5779],[121.0032,14.5779]]],[[[120.99846,14.57804],[120.99847,14.5775],[120.99818,14.57795],[120.99846,14.57804]]],[[[121.00115,14.57816],[121.00106,14.57807],[121.00106,14.57816],[121.00115,14.57816]]],[[[120.99874,14.57823],[120.99855,14.57814],[120.99855,14.57823],[120.99874,14.57823]]],[[[121.00097,14.57825],[121.00078,14.57815],[121.00078,14.57825],[121.00097,14.57825]]],[[[121.00375,14.57836],[121.00356,14.57827],[121.00356,14.57836],[121.00375,14.57836]]],[[[120.99373,14.57837],[120.99364,14.57818],[120.99363,14.57836],[120.99373,14.57837]]],[[[121.00171,14.57843],[121.00189,14.57825],[121.00161,14.57825],[121.00171,14.57843]]],[[[120.99391,14.57828],[120.9941,14.57837],[120.9941,14.57819],[120.99391,14.57828]]],[[[120.99911,14.5785],[120.99967,14.57796],[120.99977,14.57751],[120.99892,14.57823],[120.99911,14.5785]]],[[[121.00134,14.57834],[121.00143,14.57852],[121.00143,14.57834],[121.00134,14.57834]]],[[[121.00328,14.57854],[121.00319,14.57845],[121.00319,14.57854],[121.00328,14.57854]]],[[[121.00356,14.57854],[121.00347,14.57845],[121.00347,14.57854],[121.00356,14.57854]]],[[[121.00375,14.57854],[121.00365,14.57845],[121.00365,14.57854],[121.00375,14.57854]]],[[[120.99976,14.57851],[120.99995,14.57815],[120.99985,14.57815],[120.99976,14.57851]]],[[[121.00133,14.5787],[121.00105,14.57861],[121.00106,14.57843],[121.00059,14.57842],[121.00078,14.5787],[121.00133,14.5787]]],[[[121.00245,14.57862],[121.00217,14.57871],[121.00245,14.57871],[121.00245,14.57862]]],[[[120.99938,14.57878],[120.9992,14.57868],[120.9992,14.57877],[120.99938,14.57878]]],[[[121.00384,14.57881],[121.00374,14.57872],[121.00374,14.57881],[121.00384,14.57881]]],[[[121.00013,14.57878],[121.00022,14.57887],[121.00022,14.57878],[121.00013,14.57878]]],[[[120.9991,14.57895],[120.99901,14.57877],[120.99901,14.57895],[120.9991,14.57895]]],[[[120.99966,14.57896],[120.99957,14.57887],[120.99957,14.57896],[120.99966,14.57896]]],[[[121.00012,14.57896],[121.00003,14.57887],[121.00003,14.57896],[121.00012,14.57896]]],[[[121.00077,14.57897],[121.00068,14.57888],[121.00068,14.57897],[121.00077,14.57897]]],[[[121.0017,14.57898],[121.00226,14.5788],[121.00161,14.5787],[121.0017,14.57898]]],[[[120.99363,14.579],[120.99354,14.57891],[120.99354,14.579],[120.99363,14.579]]],[[[120.98899,14.57905],[120.9889,14.57887],[120.9889,14.57905],[120.98899,14.57905]]],[[[120.98982,14.57933],[120.98991,14.57924],[120.98982,14.57924],[120.98982,14.57933]]],[[[120.99001,14.57924],[120.9901,14.57933],[120.9901,14.57924],[120.99001,14.57924]]],[[[120.99001,14.57942],[120.98991,14.57933],[120.98991,14.57942],[120.99001,14.57942]]],[[[121.00309,14.57953],[121.003,14.57935],[121.003,14.57953],[121.00309,14.57953]]],[[[121.0004,14.5796],[121.00012,14.57923],[120.99984,14.57923],[121.00003,14.5795],[121.0004,14.5796]]],[[[120.98982,14.5796],[120.98991,14.57951],[120.98982,14.57951],[120.98982,14.5796]]],[[[120.99019,14.5796],[120.9901,14.57951],[120.9901,14.5796],[120.99019,14.5796]]],[[[120.99928,14.57968],[120.99919,14.57959],[120.99919,14.57968],[120.99928,14.57968]]],[[[120.99,14.5796],[120.98991,14.57969],[120.99,14.57969],[120.99,14.5796]]],[[[120.98982,14.57978],[120.98963,14.57941],[120.98963,14.57978],[120.98982,14.57978]]],[[[120.9991,14.57986],[120.999,14.57977],[120.999,14.57986],[120.9991,14.57986]]],[[[121.00049,14.5796],[121.00039,14.57987],[121.00049,14.57987],[121.00049,14.5796]]],[[[120.97636,14.57993],[120.97627,14.57984],[120.97627,14.57993],[120.97636,14.57993]]],[[[120.99872,14.58013],[120.99854,14.58003],[120.99854,14.58012],[120.99872,14.58013]]],[[[120.99928,14.58013],[120.99937,14.57995],[120.99928,14.57995],[120.99928,14.58013]]],[[[121.00067,14.58014],[121.00058,14.58005],[121.00058,14.58014],[121.00067,14.58014]]],[[[120.99826,14.58021],[120.99816,14.58012],[120.99816,14.58021],[120.99826,14.58021]]],[[[120.99946,14.58013],[120.99937,14.58022],[120.99946,14.58022],[120.99946,14.58013]]],[[[120.98731,14.5803],[120.98722,14.58021],[120.98721,14.5803],[120.98731,14.5803]]],[[[121.00104,14.58042],[121.00113,14.58033],[121.00104,14.58033],[121.00104,14.58042]]],[[[121.00122,14.58042],[121.00113,14.58051],[121.00122,14.58051],[121.00122,14.58042]]],[[[120.97636,14.58047],[120.97626,14.58056],[120.97636,14.58057],[120.97636,14.58047]]],[[[121.00113,14.58078],[121.00132,14.5806],[121.00122,14.5806],[121.00113,14.58078]]],[[[120.99844,14.58094],[120.99834,14.58084],[120.99834,14.58094],[120.99844,14.58094]]],[[[120.9989,14.58094],[120.99881,14.58085],[120.99881,14.58094],[120.9989,14.58094]]],[[[120.99909,14.58094],[120.99899,14.58085],[120.99899,14.58094],[120.99909,14.58094]]],[[[121.00159,14.58096],[121.00131,14.58105],[121.00159,14.58114],[121.00159,14.58096]]],[[[120.97589,14.58119],[120.97579,14.5811],[120.97579,14.58119],[120.97589,14.58119]]],[[[120.97598,14.58101],[120.97599,14.57993],[120.97524,14.58128],[120.97598,14.58101]]],[[[120.97579,14.58137],[120.9757,14.58128],[120.9757,14.58137],[120.97579,14.58137]]],[[[120.99992,14.5814],[120.99982,14.58131],[120.99982,14.5814],[120.99992,14.5814]]],[[[120.97523,14.58146],[120.97514,14.58128],[120.97514,14.58146],[120.97523,14.58146]]],[[[120.97514,14.58164],[120.97505,14.58146],[120.97505,14.58164],[120.97514,14.58164]]],[[[120.9756,14.58182],[120.97551,14.58173],[120.97551,14.58182],[120.9756,14.58182]]],[[[120.97282,14.58189],[120.97273,14.5818],[120.97272,14.58189],[120.97282,14.58189]]],[[[120.97504,14.58191],[120.97495,14.58164],[120.97486,14.58191],[120.97504,14.58191]]],[[[120.99954,14.58176],[120.99945,14.58194],[120.99973,14.58194],[120.99954,14.58176]]],[[[120.97523,14.58191],[120.97532,14.582],[120.97532,14.58191],[120.97523,14.58191]]],[[[121.00075,14.58204],[121.00065,14.58195],[121.00065,14.58204],[121.00075,14.58204]]],[[[120.97254,14.58198],[120.97243,14.58198],[120.97254,14.58207],[120.97254,14.58198]]],[[[120.97523,14.58209],[120.97514,14.582],[120.97514,14.58209],[120.97523,14.58209]]],[[[120.97513,14.58218],[120.97495,14.58209],[120.97495,14.58218],[120.97513,14.58218]]],[[[120.99926,14.58221],[120.99907,14.58212],[120.99907,14.58221],[120.99926,14.58221]]],[[[120.97653,14.58228],[120.97662,14.58219],[120.97653,14.58219],[120.97653,14.58228]]],[[[120.97671,14.58229],[120.97662,14.58237],[120.97671,14.58238],[120.97671,14.58229]]],[[[120.97643,14.58246],[120.97634,14.58237],[120.97634,14.58246],[120.97643,14.58246]]],[[[120.99963,14.58248],[120.99954,14.58239],[120.99954,14.58248],[120.99963,14.58248]]],[[[120.97708,14.58265],[120.97699,14.58256],[120.97699,14.58265],[120.97708,14.58265]]],[[[120.99879,14.58266],[120.99889,14.58257],[120.99879,14.58257],[120.99879,14.58266]]],[[[120.97782,14.58275],[120.97773,14.58266],[120.97773,14.58275],[120.97782,14.58275]]],[[[120.99898,14.58266],[120.99888,14.58275],[120.99898,14.58275],[120.99898,14.58266]]],[[[120.97763,14.58284],[120.97754,14.58274],[120.97754,14.58283],[120.97763,14.58284]]],[[[120.9768,14.58274],[120.97652,14.58283],[120.97689,14.58292],[120.9768,14.58274]]],[[[120.97837,14.58329],[120.97828,14.5832],[120.97828,14.58329],[120.97837,14.58329]]],[[[120.99971,14.5833],[120.99962,14.58321],[120.99962,14.5833],[120.99971,14.5833]]],[[[121.00138,14.5834],[121.00129,14.58331],[121.00129,14.5834],[121.00138,14.5834]]],[[[120.97856,14.58348],[120.97846,14.58338],[120.97846,14.58348],[120.97856,14.58348]]],[[[120.97744,14.58356],[120.97735,14.58347],[120.97735,14.58356],[120.97744,14.58356]]],[[[120.97883,14.58357],[120.97874,14.58348],[120.97874,14.58357],[120.97883,14.58357]]],[[[120.98208,14.5836],[120.98199,14.58351],[120.98199,14.5836],[120.98208,14.5836]]],[[[120.978,14.58374],[120.97781,14.58365],[120.97781,14.58374],[120.978,14.58374]]],[[[120.99442,14.58388],[120.99433,14.58379],[120.99433,14.58388],[120.99442,14.58388]]],[[[120.97911,14.58402],[120.97902,14.58393],[120.97902,14.58402],[120.97911,14.58402]]],[[[120.97846,14.58402],[120.97874,14.5842],[120.97874,14.58393],[120.97846,14.58402]]],[[[120.97864,14.58429],[120.97855,14.5842],[120.97855,14.58429],[120.97864,14.58429]]],[[[120.97938,14.58448],[120.97929,14.58439],[120.97929,14.58448],[120.97938,14.58448]]],[[[120.97901,14.58456],[120.97883,14.58447],[120.97882,14.58456],[120.97901,14.58456]]],[[[120.99952,14.58447],[120.99933,14.58456],[120.99952,14.58465],[120.99952,14.58447]]],[[[120.98003,14.58466],[120.97994,14.58457],[120.97994,14.58466],[120.98003,14.58466]]],[[[120.99961,14.58474],[120.9997,14.58465],[120.99961,14.58465],[120.99961,14.58474]]],[[[120.99979,14.58474],[120.9997,14.58483],[120.99979,14.58483],[120.99979,14.58474]]],[[[120.99998,14.58484],[120.99989,14.58465],[120.99989,14.58483],[120.99998,14.58484]]],[[[120.98494,14.58507],[120.98485,14.58498],[120.98485,14.58507],[120.98494,14.58507]]],[[[121.00137,14.58512],[121.00128,14.58503],[121.00127,14.58512],[121.00137,14.58512]]],[[[120.98429,14.58515],[120.9842,14.58506],[120.9842,14.58515],[120.98429,14.58515]]],[[[120.99636,14.58517],[120.99617,14.58507],[120.99617,14.58516],[120.99636,14.58517]]],[[[121.00174,14.58521],[121.00165,14.58512],[121.00164,14.58521],[121.00174,14.58521]]],[[[120.99589,14.58534],[120.99598,14.58525],[120.99589,14.58525],[120.99589,14.58534]]],[[[120.99635,14.58535],[120.99626,14.58526],[120.99626,14.58535],[120.99635,14.58535]]],[[[120.97789,14.58537],[120.9778,14.58519],[120.9777,14.58537],[120.97789,14.58537]]],[[[121.00229,14.58531],[121.00276,14.5854],[121.00276,14.58531],[121.00229,14.58531]]],[[[120.99617,14.58534],[120.99598,14.58543],[120.99617,14.58544],[120.99617,14.58534]]],[[[120.97575,14.58553],[120.97594,14.58544],[120.97575,14.58544],[120.97575,14.58553]]],[[[121.00201,14.58558],[121.00192,14.58548],[121.00192,14.58557],[121.00201,14.58558]]],[[[120.97603,14.58553],[120.97594,14.58562],[120.97603,14.58562],[120.97603,14.58553]]],[[[120.97612,14.58562],[120.97603,14.58571],[120.97612,14.58571],[120.97612,14.58562]]],[[[120.97547,14.5858],[120.97538,14.58571],[120.97538,14.5858],[120.97547,14.5858]]],[[[121.00266,14.58549],[121.0021,14.58585],[121.00238,14.58594],[121.00266,14.58549]]],[[[120.97612,14.58599],[120.97631,14.5859],[120.97612,14.58589],[120.97612,14.58599]]],[[[121.0021,14.58603],[121.00201,14.58594],[121.00201,14.58603],[121.0021,14.58603]]],[[[120.97649,14.58599],[120.97631,14.58608],[120.97649,14.58608],[120.97649,14.58599]]],[[[121.00349,14.58613],[121.0034,14.58595],[121.0034,14.58613],[121.00349,14.58613]]],[[[120.97825,14.58609],[120.97835,14.58619],[120.97835,14.58609],[120.97825,14.58609]]],[[[120.97825,14.58627],[120.97816,14.58618],[120.97816,14.58627],[120.97825,14.58627]]],[[[120.97667,14.58635],[120.97649,14.58617],[120.97621,14.58635],[120.97667,14.58635]]],[[[121.00145,14.58638],[121.00136,14.58629],[121.00136,14.58638],[121.00145,14.58638]]],[[[120.97575,14.58625],[120.97584,14.58643],[120.97584,14.58625],[120.97575,14.58625]]],[[[121.00238,14.58648],[121.00247,14.5863],[121.00238,14.5863],[121.00238,14.58648]]],[[[121.00432,14.5865],[121.00423,14.58641],[121.00423,14.5865],[121.00432,14.5865]]],[[[120.97714,14.58645],[120.97677,14.58653],[120.97714,14.58654],[120.97714,14.58645]]],[[[121.00275,14.58649],[121.00247,14.58657],[121.00275,14.58658],[121.00275,14.58649]]],[[[120.99551,14.5866],[120.99542,14.58651],[120.99542,14.5866],[120.99551,14.5866]]],[[[120.97723,14.58654],[120.97714,14.58663],[120.97723,14.58663],[120.97723,14.58654]]],[[[120.97565,14.5867],[120.97556,14.58643],[120.97537,14.5867],[120.97565,14.5867]]],[[[120.97853,14.58673],[120.97843,14.58664],[120.97843,14.58673],[120.97853,14.58673]]],[[[121.00275,14.58658],[121.00302,14.58676],[121.0033,14.58676],[121.00312,14.58658],[121.00275,14.58658]]],[[[121.00367,14.58676],[121.00395,14.5865],[121.00377,14.58631],[121.00358,14.58631],[121.00367,14.58676]]],[[[120.99541,14.58678],[120.99532,14.58669],[120.99532,14.58678],[120.99541,14.58678]]],[[[120.97537,14.58679],[120.97528,14.5867],[120.97528,14.58679],[120.97537,14.58679]]],[[[120.97686,14.58662],[120.97704,14.58681],[120.97704,14.58672],[120.97686,14.58662]]],[[[121.00052,14.58683],[121.00043,14.58665],[121.00033,14.58683],[121.00052,14.58683]]],[[[121.00367,14.58685],[121.00349,14.58676],[121.00349,14.58685],[121.00367,14.58685]]],[[[120.97556,14.58688],[120.97565,14.58679],[120.97556,14.58679],[120.97556,14.58688]]],[[[120.97648,14.58689],[120.97639,14.5868],[120.97639,14.58689],[120.97648,14.58689]]],[[[120.97713,14.58681],[120.97723,14.5869],[120.97723,14.58681],[120.97713,14.58681]]],[[[120.9956,14.58697],[120.99551,14.58688],[120.9955,14.58697],[120.9956,14.58697]]],[[[120.97491,14.58679],[120.97481,14.58697],[120.97509,14.58697],[120.97509,14.5867],[120.97491,14.58679]]],[[[120.97713,14.58699],[120.97704,14.5869],[120.97704,14.58699],[120.97713,14.58699]]],[[[120.99662,14.58707],[120.99653,14.58679],[120.99643,14.58697],[120.99662,14.58707]]],[[[120.97593,14.58689],[120.97565,14.58707],[120.97593,14.58698],[120.97593,14.58689]]],[[[120.97862,14.58709],[120.97852,14.587],[120.97852,14.58709],[120.97862,14.58709]]],[[[120.98084,14.58711],[120.98075,14.58702],[120.98075,14.58711],[120.98084,14.58711]]],[[[121.00293,14.58703],[121.00321,14.58712],[121.00321,14.58694],[121.00293,14.58703]]],[[[121.00339,14.58712],[121.00348,14.58703],[121.00339,14.58703],[121.00339,14.58712]]],[[[120.99374,14.58713],[120.99365,14.58704],[120.99365,14.58713],[120.99374,14.58713]]],[[[120.99522,14.58714],[120.99513,14.58705],[120.99513,14.58714],[120.99522,14.58714]]],[[[120.99541,14.58715],[120.9955,14.58706],[120.99541,14.58706],[120.99541,14.58715]]],[[[121.00265,14.58712],[121.00255,14.58721],[121.00265,14.58721],[121.00265,14.58712]]],[[[121.00487,14.58723],[121.00478,14.58705],[121.00469,14.58722],[121.00487,14.58723]]],[[[120.9956,14.58715],[120.9955,14.58724],[120.9956,14.58724],[120.9956,14.58715]]],[[[120.99671,14.58725],[120.99662,14.58716],[120.99662,14.58725],[120.99671,14.58725]]],[[[120.97676,14.58726],[120.97686,14.5868],[120.97658,14.58689],[120.97676,14.58726]]],[[[120.97889,14.58727],[120.9788,14.58718],[120.9788,14.58727],[120.97889,14.58727]]],[[[121.00144,14.58729],[121.00135,14.5872],[121.00135,14.58729],[121.00144,14.58729]]],[[[120.99569,14.58724],[120.99559,14.58733],[120.99569,14.58733],[120.99569,14.58724]]],[[[120.97565,14.58716],[120.97574,14.58734],[120.97574,14.58716],[120.97565,14.58716]]],[[[120.98112,14.58738],[120.98103,14.58729],[120.98103,14.58738],[120.98112,14.58738]]],[[[121.00385,14.58722],[121.00339,14.58739],[121.00385,14.58731],[121.00385,14.58722]]],[[[120.97583,14.58734],[120.97574,14.58743],[120.97583,14.58743],[120.97583,14.58734]]],[[[121.00107,14.58747],[121.00098,14.58737],[121.00098,14.58746],[121.00107,14.58747]]],[[[120.97601,14.58743],[120.97583,14.58752],[120.97601,14.58752],[120.97601,14.58743]]],[[[120.97629,14.58761],[120.97638,14.58752],[120.97629,14.58752],[120.97629,14.58761]]],[[[121.00246,14.5873],[121.00247,14.58675],[121.00219,14.58702],[121.00201,14.58621],[121.00181,14.58729],[121.00237,14.58766],[121.00292,14.58748],[121.00293,14.58712],[121.00246,14.5873]]],[[[121.00385,14.58767],[121.00376,14.58749],[121.00376,14.58767],[121.00385,14.58767]]],[[[120.97657,14.58762],[120.97638,14.5877],[120.97657,14.58771],[120.97657,14.58762]]],[[[120.97351,14.58777],[120.97341,14.58768],[120.97341,14.58777],[120.97351,14.58777]]],[[[120.97425,14.58778],[120.97416,14.58769],[120.97416,14.58778],[120.97425,14.58778]]],[[[120.97434,14.58778],[120.97443,14.58769],[120.97434,14.58769],[120.97434,14.58778]]],[[[121.00273,14.58784],[121.00283,14.58766],[121.00274,14.58766],[121.00273,14.58784]]],[[[121.0045,14.58786],[121.00441,14.58776],[121.0044,14.58786],[121.0045,14.58786]]],[[[120.97453,14.58778],[120.97443,14.58787],[120.97453,14.58787],[120.97453,14.58778]]],[[[120.97509,14.58742],[120.97499,14.5876],[120.97573,14.58788],[120.97564,14.58734],[120.97509,14.58742]]],[[[120.98659,14.58788],[120.9865,14.58779],[120.9865,14.58788],[120.98659,14.58788]]],[[[121.00051,14.58791],[121.00042,14.58782],[121.00041,14.58791],[121.00051,14.58791]]],[[[121.00292,14.58784],[121.00283,14.58793],[121.00292,14.58793],[121.00292,14.58784]]],[[[121.00311,14.58775],[121.00348,14.58785],[121.00311,14.58757],[121.00311,14.58775]]],[[[120.97582,14.58788],[120.97573,14.58797],[120.97582,14.58797],[120.97582,14.58788]]],[[[120.97601,14.58797],[120.97592,14.58779],[120.97592,14.58797],[120.97601,14.58797]]],[[[120.97443,14.58805],[120.97434,14.58796],[120.97434,14.58805],[120.97443,14.58805]]],[[[121.00607,14.58814],[121.00589,14.58805],[121.00589,14.58814],[121.00607,14.58814]]],[[[120.97684,14.58816],[120.97666,14.58807],[120.97666,14.58816],[120.97684,14.58816]]],[[[121.00468,14.58822],[121.00459,14.58804],[121.00459,14.58822],[121.00468,14.58822]]],[[[121.00561,14.58823],[121.0057,14.58814],[121.00561,14.58814],[121.00561,14.58823]]],[[[120.99707,14.58824],[120.99698,14.58797],[120.99698,14.58824],[120.99707,14.58824]]],[[[121.00338,14.5883],[121.00329,14.58821],[121.00329,14.5883],[121.00338,14.5883]]],[[[121.00449,14.58831],[121.0044,14.58822],[121.0044,14.58831],[121.00449,14.58831]]],[[[120.97387,14.58813],[120.97415,14.58814],[120.97415,14.58805],[120.97387,14.58813]]],[[[121.00579,14.58823],[121.0057,14.58832],[121.00579,14.58832],[121.00579,14.58823]]],[[[121.00013,14.58827],[121.00022,14.58836],[121.00023,14.58827],[121.00013,14.58827]]],[[[121.00236,14.58838],[121.00255,14.58829],[121.00236,14.58829],[121.00236,14.58838]]],[[[121.00412,14.58839],[121.00403,14.58821],[121.00403,14.58839],[121.00412,14.58839]]],[[[120.97508,14.58778],[120.97462,14.58796],[120.97508,14.58842],[120.97508,14.58778]]],[[[120.97526,14.58851],[120.97517,14.58842],[120.97517,14.58851],[120.97526,14.58851]]],[[[120.97703,14.58852],[120.97693,14.58843],[120.97693,14.58852],[120.97703,14.58852]]],[[[121.00013,14.58854],[120.99976,14.58836],[120.99976,14.58854],[121.00013,14.58854]]],[[[121.00329,14.58794],[121.00292,14.58793],[121.00273,14.58838],[121.0031,14.58857],[121.00329,14.58794]]],[[[120.97545,14.5886],[120.97536,14.58851],[120.97535,14.5886],[120.97545,14.5886]]],[[[120.97563,14.5886],[120.97554,14.58842],[120.97554,14.5886],[120.97563,14.5886]]],[[[120.9967,14.5886],[120.99679,14.58851],[120.9967,14.58851],[120.9967,14.5886]]],[[[121.00031,14.58863],[121.00022,14.58854],[121.00022,14.58863],[121.00031,14.58863]]],[[[121.00338,14.58866],[121.00328,14.58857],[121.00328,14.58866],[121.00338,14.58866]]],[[[121.01525,14.58867],[121.01516,14.58858],[121.01516,14.58867],[121.01525,14.58867]]],[[[120.99688,14.5886],[120.99679,14.58869],[120.99688,14.58869],[120.99688,14.5886]]],[[[120.97192,14.58857],[120.97174,14.58866],[120.97192,14.58875],[120.97192,14.58857]]],[[[120.97637,14.58879],[120.97675,14.58861],[120.97675,14.58852],[120.97628,14.58843],[120.97637,14.58879]]],[[[121.00291,14.58866],[121.00273,14.58883],[121.00291,14.58875],[121.00291,14.58866]]],[[[120.97452,14.58886],[120.9747,14.58868],[120.97452,14.58877],[120.97452,14.58886]]],[[[121.00273,14.58865],[121.00199,14.58856],[121.00218,14.58811],[121.00171,14.58819],[121.0017,14.58892],[121.00273,14.58865]]],[[[121.00291,14.58884],[121.00282,14.58893],[121.00291,14.58893],[121.00291,14.58884]]],[[[121.00337,14.58893],[121.00328,14.58884],[121.00328,14.58893],[121.00337,14.58893]]],[[[121.00393,14.58894],[121.00375,14.58884],[121.00375,14.58893],[121.00393,14.58894]]],[[[121.00421,14.58894],[121.00412,14.58876],[121.00412,14.58894],[121.00421,14.58894]]],[[[120.97489,14.58887],[120.97479,14.58896],[120.97489,14.58896],[120.97489,14.58887]]],[[[121.00078,14.589],[121.00087,14.58891],[121.00078,14.58891],[121.00078,14.589]]],[[[120.97266,14.58885],[120.97247,14.58894],[120.97266,14.58903],[120.97266,14.58885]]],[[[121.01507,14.58903],[121.01497,14.58894],[121.01497,14.58903],[121.01507,14.58903]]],[[[121.00467,14.58903],[121.00477,14.58894],[121.00467,14.58894],[121.00467,14.58903]]],[[[120.97396,14.58904],[120.97414,14.58895],[120.97396,14.58895],[120.97396,14.58904]]],[[[121.00096,14.589],[121.00087,14.58909],[121.00096,14.58909],[121.00096,14.589]]],[[[120.97155,14.58893],[120.97183,14.58893],[120.97173,14.58875],[120.97155,14.58893]]],[[[120.97247,14.58912],[120.97238,14.58903],[120.97238,14.58912],[120.97247,14.58912]]],[[[120.97424,14.58904],[120.97414,14.58913],[120.97424,14.58913],[120.97424,14.58904]]],[[[121.0017,14.58919],[121.00161,14.58892],[121.00161,14.58919],[121.0017,14.58919]]],[[[121.00272,14.58911],[121.00263,14.5892],[121.00272,14.5892],[121.00272,14.58911]]],[[[121.003,14.58893],[121.00291,14.5892],[121.003,14.5892],[121.003,14.58893]]],[[[121.00328,14.5892],[121.00319,14.58911],[121.00319,14.5892],[121.00328,14.5892]]],[[[120.97266,14.58921],[120.97257,14.58912],[120.97257,14.58921],[120.97266,14.58921]]],[[[121.00495,14.58903],[121.00476,14.58921],[121.00495,14.58912],[121.00495,14.58903]]],[[[120.99502,14.58922],[120.99493,14.58913],[120.99493,14.58922],[120.99502,14.58922]]],[[[120.97451,14.58922],[120.97442,14.58895],[120.97442,14.58922],[120.97451,14.58922]]],[[[121.00115,14.589],[121.00096,14.58927],[121.00133,14.58918],[121.00115,14.589]]],[[[120.97238,14.58921],[120.97229,14.5893],[120.97238,14.5893],[120.97238,14.58921]]],[[[120.99521,14.58931],[120.99511,14.58922],[120.99511,14.58931],[120.99521,14.58931]]],[[[120.9747,14.58932],[120.97461,14.58923],[120.97461,14.58932],[120.9747,14.58932]]],[[[120.97609,14.58924],[120.97581,14.58933],[120.97609,14.58933],[120.97609,14.58924]]],[[[120.97219,14.58938],[120.9722,14.58902],[120.9721,14.58938],[120.97219,14.58938]]],[[[120.99372,14.58939],[120.99381,14.58921],[120.99372,14.58921],[120.99372,14.58939]]],[[[121.00653,14.58941],[121.00634,14.58923],[121.00634,14.58941],[121.00653,14.58941]]],[[[120.99817,14.58943],[120.99808,14.58925],[120.99799,14.58943],[120.99817,14.58943]]],[[[120.99947,14.58944],[120.99938,14.58935],[120.99938,14.58944],[120.99947,14.58944]]],[[[120.99984,14.58944],[120.99975,14.58935],[120.99975,14.58944],[120.99984,14.58944]]],[[[120.99391,14.58939],[120.99381,14.58948],[120.9939,14.58948],[120.99391,14.58939]]],[[[121.00504,14.58949],[121.00495,14.5894],[121.00495,14.58949],[121.00504,14.58949]]],[[[120.97414,14.58949],[120.97423,14.58931],[120.97414,14.58931],[120.97414,14.58949]]],[[[121.00745,14.58951],[121.00755,14.58942],[121.00745,14.58942],[121.00745,14.58951]]],[[[121.00235,14.58946],[121.00263,14.58911],[121.00263,14.58892],[121.00235,14.58928],[121.00217,14.58901],[121.00235,14.58946]]],[[[121.00244,14.58946],[121.00235,14.58955],[121.00244,14.58956],[121.00244,14.58946]]],[[[121.00263,14.58938],[121.00272,14.58956],[121.00272,14.58938],[121.00263,14.58938]]],[[[121.0145,14.58957],[121.01441,14.58948],[121.01441,14.58957],[121.0145,14.58957]]],[[[121.00764,14.58951],[121.00754,14.5896],[121.00764,14.5896],[121.00764,14.58951]]],[[[120.97618,14.5896],[120.97609,14.58951],[120.97609,14.5896],[120.97618,14.5896]]],[[[120.97646,14.5896],[120.97637,14.58951],[120.97637,14.5896],[120.97646,14.5896]]],[[[120.99956,14.58962],[120.99947,14.58953],[120.99947,14.58962],[120.99956,14.58962]]],[[[121.00263,14.58965],[121.00244,14.58956],[121.00244,14.58965],[121.00263,14.58965]]],[[[121.00513,14.58967],[121.00504,14.58958],[121.00504,14.58967],[121.00513,14.58967]]],[[[120.97664,14.58969],[120.97655,14.5896],[120.97655,14.58969],[120.97664,14.58969]]],[[[120.99854,14.5897],[120.99836,14.58943],[120.99836,14.5897],[120.99854,14.5897]]],[[[120.99993,14.58971],[120.99984,14.58953],[120.99975,14.58971],[120.99993,14.58971]]],[[[120.99882,14.5898],[120.99864,14.58961],[120.99863,14.58979],[120.99882,14.5898]]],[[[120.97924,14.58981],[120.97906,14.58972],[120.97906,14.58981],[120.97924,14.58981]]],[[[121.00541,14.58985],[121.00532,14.58976],[121.00531,14.58985],[121.00541,14.58985]]],[[[120.99566,14.58986],[120.99557,14.58977],[120.99557,14.58986],[120.99566,14.58986]]],[[[120.99631,14.58986],[120.99613,14.58977],[120.99613,14.58986],[120.99631,14.58986]]],[[[120.97646,14.58987],[120.97636,14.58978],[120.97636,14.58987],[120.97646,14.58987]]],[[[120.97488,14.58995],[120.97479,14.58986],[120.97479,14.58995],[120.97488,14.58995]]],[[[121.00661,14.58995],[121.00643,14.58986],[121.00643,14.58995],[121.00661,14.58995]]],[[[120.97609,14.58987],[120.97599,14.58996],[120.97627,14.58996],[120.97609,14.58987]]],[[[121.0029,14.59001],[121.00272,14.58992],[121.00272,14.59001],[121.0029,14.59001]]],[[[120.99353,14.59002],[120.99344,14.58993],[120.99344,14.59002],[120.99353,14.59002]]],[[[120.99538,14.59004],[120.99548,14.58986],[120.99539,14.58986],[120.99538,14.59004]]],[[[120.97423,14.58949],[120.97441,14.59004],[120.9746,14.59004],[120.97479,14.5895],[120.97423,14.58949]]],[[[120.97497,14.59004],[120.97516,14.58995],[120.97497,14.58995],[120.97497,14.59004]]],[[[120.99724,14.59005],[120.99706,14.58996],[120.99705,14.59005],[120.99724,14.59005]]],[[[120.97961,14.59008],[120.97952,14.5899],[120.97952,14.59008],[120.97961,14.59008]]],[[[120.99557,14.59004],[120.99548,14.59013],[120.99557,14.59013],[120.99557,14.59004]]],[[[121.00791,14.59014],[121.00782,14.59005],[121.00782,14.59014],[121.00791,14.59014]]],[[[120.97181,14.59019],[120.97172,14.5901],[120.97172,14.59019],[120.97181,14.59019]]],[[[121.00373,14.5902],[121.00364,14.59011],[121.00364,14.5902],[121.00373,14.5902]]],[[[121.00503,14.59021],[121.00494,14.59003],[121.00494,14.59021],[121.00503,14.59021]]],[[[121.0068,14.59013],[121.00652,14.59022],[121.0068,14.59023],[121.0068,14.59013]]],[[[121.00726,14.59023],[121.00717,14.59005],[121.00717,14.59023],[121.00726,14.59023]]],[[[120.97274,14.59029],[120.97265,14.5902],[120.97265,14.59029],[120.97274,14.59029]]],[[[120.99473,14.5903],[120.99483,14.59021],[120.99473,14.59021],[120.99473,14.5903]]],[[[120.99733,14.59032],[120.99742,14.59024],[120.99733,14.59023],[120.99733,14.59032]]],[[[120.97181,14.59038],[120.97172,14.59028],[120.97172,14.59037],[120.97181,14.59038]]],[[[120.97358,14.59012],[120.97312,14.58957],[120.97283,14.5902],[120.97311,14.59039],[120.97358,14.59012]]],[[[120.99492,14.5903],[120.99482,14.59039],[120.99492,14.59039],[120.99492,14.5903]]],[[[120.97525,14.59004],[120.97515,14.5904],[120.97525,14.59041],[120.97525,14.59004]]],[[[120.99752,14.59033],[120.99742,14.59042],[120.99752,14.59042],[120.99752,14.59033]]],[[[121.00828,14.59042],[121.00819,14.59033],[121.00819,14.59042],[121.00828,14.59042]]],[[[120.9784,14.59016],[120.97859,14.59025],[120.97859,14.59007],[120.9784,14.59016]]],[[[121.00299,14.59046],[121.0029,14.59028],[121.0029,14.59046],[121.00299,14.59046]]],[[[121.00364,14.59047],[121.00373,14.59038],[121.00364,14.59038],[121.00364,14.59047]]],[[[120.97255,14.59047],[120.97265,14.59038],[120.97255,14.59038],[120.97255,14.59047]]],[[[120.97432,14.5904],[120.97441,14.59049],[120.97441,14.5904],[120.97432,14.5904]]],[[[121.00605,14.59049],[121.00578,14.59004],[121.0055,14.5903],[121.00605,14.59049]]],[[[121.00652,14.59049],[121.00642,14.5904],[121.00642,14.59049],[121.00652,14.59049]]],[[[120.97506,14.59049],[120.97497,14.5904],[120.97497,14.59049],[120.97506,14.59049]]],[[[120.97645,14.59033],[120.97627,14.59041],[120.97645,14.59051],[120.97645,14.59033]]],[[[120.97469,14.59049],[120.97441,14.59058],[120.97469,14.59058],[120.97469,14.59049]]],[[[120.9784,14.59061],[120.97812,14.59052],[120.97812,14.59061],[120.9784,14.59061]]],[[[121.00345,14.59065],[121.00336,14.59056],[121.00336,14.59065],[121.00345,14.59065]]],[[[121.00382,14.59047],[121.00373,14.59065],[121.00382,14.59065],[121.00382,14.59047]]],[[[120.99334,14.59056],[120.99343,14.59065],[120.99343,14.59056],[120.99334,14.59056]]],[[[121.01459,14.59065],[121.01449,14.59056],[121.01449,14.59065],[121.01459,14.59065]]],[[[120.97302,14.59048],[120.97255,14.59065],[120.97302,14.59057],[120.97302,14.59048]]],[[[120.99445,14.59066],[120.99436,14.59057],[120.99436,14.59066],[120.99445,14.59066]]],[[[120.99519,14.59067],[120.9951,14.59058],[120.9951,14.59067],[120.99519,14.59067]]],[[[120.99751,14.5906],[120.99761,14.59069],[120.99761,14.5906],[120.99751,14.5906]]],[[[120.97682,14.59069],[120.97664,14.59051],[120.97663,14.59069],[120.97682,14.59069]]],[[[120.97812,14.5907],[120.97803,14.59061],[120.97803,14.5907],[120.97812,14.5907]]],[[[120.99334,14.59074],[120.99324,14.59065],[120.99324,14.59074],[120.99334,14.59074]]],[[[121.00651,14.59076],[121.00633,14.59058],[121.00633,14.59076],[121.00651,14.59076]]],[[[120.99751,14.59078],[120.99742,14.59069],[120.99742,14.59078],[120.99751,14.59078]]],[[[121.00354,14.59083],[121.00345,14.59074],[121.00345,14.59083],[121.00354,14.59083]]],[[[121.00401,14.59083],[121.00391,14.59074],[121.00391,14.59083],[121.00401,14.59083]]],[[[120.99426,14.59084],[120.99417,14.59075],[120.99417,14.59084],[120.99426,14.59084]]],[[[120.99454,14.59084],[120.99445,14.59075],[120.99445,14.59084],[120.99454,14.59084]]],[[[120.99538,14.59085],[120.99528,14.59076],[120.99528,14.59085],[120.99538,14.59085]]],[[[121.00772,14.59068],[121.008,14.59078],[121.008,14.5906],[121.00772,14.59068]]],[[[120.97895,14.59089],[120.97886,14.5908],[120.97886,14.59089],[120.97895,14.59089]]],[[[121.00308,14.59092],[121.00326,14.59083],[121.00308,14.59083],[121.00308,14.59092]]],[[[120.97357,14.59084],[120.97376,14.59093],[120.97394,14.59067],[120.97386,14.59003],[120.9733,14.59039],[120.97357,14.59084]]],[[[120.99556,14.59094],[120.99547,14.59085],[120.99547,14.59094],[120.99556,14.59094]]],[[[120.9899,14.59098],[120.98981,14.59089],[120.98981,14.59098],[120.9899,14.59098]]],[[[121.00122,14.59099],[121.00113,14.5909],[121.00113,14.59099],[121.00122,14.59099]]],[[[121.0028,14.591],[121.00271,14.59091],[121.00271,14.591],[121.0028,14.591]]],[[[121.00336,14.59092],[121.00326,14.59101],[121.00336,14.59101],[121.00336,14.59092]]],[[[120.97301,14.59102],[120.9732,14.59075],[120.97292,14.59084],[120.97301,14.59102]]],[[[120.97338,14.59093],[120.97329,14.59102],[120.97338,14.59102],[120.97338,14.59093]]],[[[120.9719,14.59101],[120.97218,14.5911],[120.97218,14.59101],[120.9719,14.59101]]],[[[120.9732,14.59102],[120.9731,14.59111],[120.9732,14.59111],[120.9732,14.59102]]],[[[120.99537,14.59112],[120.99547,14.59103],[120.99538,14.59103],[120.99537,14.59112]]],[[[120.97598,14.59113],[120.97607,14.59105],[120.97598,14.59104],[120.97598,14.59113]]],[[[121.00122,14.59117],[121.00131,14.59108],[121.00122,14.59108],[121.00122,14.59117]]],[[[120.97134,14.59118],[120.97125,14.59109],[120.97125,14.59118],[120.97134,14.59118]]],[[[120.97162,14.59119],[120.97171,14.5911],[120.97162,14.5911],[120.97162,14.59119]]],[[[120.97338,14.59111],[120.9732,14.5912],[120.97338,14.5912],[120.97338,14.59111]]],[[[120.99621,14.59122],[120.99612,14.59113],[120.99612,14.59122],[120.99621,14.59122]]],[[[120.99658,14.59122],[120.99649,14.59113],[120.99649,14.59122],[120.99658,14.59122]]],[[[120.97617,14.59114],[120.97607,14.59123],[120.97617,14.59123],[120.97617,14.59114]]],[[[121.00141,14.59117],[121.00131,14.59126],[121.0014,14.59126],[121.00141,14.59117]]],[[[121.01523,14.59129],[121.01532,14.5912],[121.01523,14.5912],[121.01523,14.59129]]],[[[120.99426,14.59129],[120.99417,14.5912],[120.99417,14.59129],[120.99426,14.59129]]],[[[120.97432,14.59049],[120.97394,14.59094],[120.97412,14.5913],[120.97459,14.59094],[120.97432,14.59049]]],[[[121.0015,14.59126],[121.0014,14.59135],[121.0015,14.59135],[121.0015,14.59126]]],[[[121.00178,14.59136],[121.00168,14.59127],[121.00168,14.59136],[121.00178,14.59136]]],[[[120.97227,14.59137],[120.97218,14.59119],[120.97217,14.59137],[120.97227,14.59137]]],[[[121.01542,14.59129],[121.01532,14.59138],[121.01542,14.59138],[121.01542,14.59129]]],[[[120.99575,14.59103],[120.99565,14.59139],[120.99584,14.59131],[120.99575,14.59103]]],[[[121.0014,14.59144],[121.00131,14.59135],[121.00131,14.59144],[121.0014,14.59144]]],[[[120.97189,14.59146],[120.97171,14.59119],[120.9718,14.59146],[120.97189,14.59146]]],[[[121.01551,14.59138],[121.01541,14.59147],[121.01551,14.59147],[121.01551,14.59138]]],[[[120.97366,14.59139],[120.97403,14.59148],[120.97403,14.59139],[120.97366,14.59139]]],[[[120.97143,14.59155],[120.97134,14.59146],[120.97134,14.59155],[120.97143,14.59155]]],[[[120.97162,14.59155],[120.97152,14.59146],[120.97152,14.59155],[120.97162,14.59155]]],[[[120.97199,14.59146],[120.97189,14.59155],[120.97199,14.59155],[120.97199,14.59146]]],[[[121.004,14.59156],[121.00391,14.59138],[121.00391,14.59156],[121.004,14.59156]]],[[[121.0156,14.59147],[121.01551,14.59156],[121.0156,14.59157],[121.0156,14.59147]]],[[[120.97366,14.59157],[120.97357,14.59148],[120.97356,14.59157],[120.97366,14.59157]]],[[[120.97477,14.5914],[120.97459,14.5913],[120.97458,14.59157],[120.97486,14.59158],[120.97477,14.5914]]],[[[120.97208,14.59155],[120.97199,14.59164],[120.97208,14.59164],[120.97208,14.59155]]],[[[120.99648,14.59167],[120.9963,14.59149],[120.9963,14.59167],[120.99648,14.59167]]],[[[120.97096,14.59172],[120.97087,14.59154],[120.97087,14.59172],[120.97096,14.59172]]],[[[120.9718,14.59173],[120.97171,14.59155],[120.97171,14.59173],[120.9718,14.59173]]],[[[120.97319,14.59174],[120.97329,14.59156],[120.97319,14.59156],[120.97319,14.59174]]],[[[120.99806,14.59178],[120.99797,14.59169],[120.99797,14.59178],[120.99806,14.59178]]],[[[121.00372,14.59183],[121.00363,14.59164],[121.00353,14.59182],[121.00372,14.59183]]],[[[120.97338,14.59174],[120.97328,14.59183],[120.97338,14.59184],[120.97338,14.59174]]],[[[120.99667,14.59186],[120.99657,14.59176],[120.99657,14.59185],[120.99667,14.59186]]],[[[121.00224,14.59172],[121.00289,14.59173],[121.0027,14.59136],[121.00224,14.59172]]],[[[120.97347,14.59184],[120.97338,14.59193],[120.97347,14.59193],[120.97347,14.59184]]],[[[120.99741,14.59195],[120.99732,14.59186],[120.99732,14.59195],[120.99741,14.59195]]],[[[120.99797,14.59196],[120.99806,14.59187],[120.99797,14.59187],[120.99797,14.59196]]],[[[120.99964,14.59197],[120.99954,14.59188],[120.99954,14.59197],[120.99964,14.59197]]],[[[120.99973,14.59197],[120.99982,14.59188],[120.99973,14.59188],[120.99973,14.59197]]],[[[120.97115,14.592],[120.97124,14.59191],[120.97115,14.59191],[120.97115,14.592]]],[[[120.9717,14.592],[120.97161,14.59191],[120.97161,14.592],[120.9717,14.592]]],[[[120.97375,14.59202],[120.97356,14.59193],[120.97356,14.59202],[120.97375,14.59202]]],[[[120.99574,14.59203],[120.99565,14.59194],[120.99564,14.59203],[120.99574,14.59203]]],[[[120.99629,14.59203],[120.9962,14.59194],[120.9962,14.59203],[120.99629,14.59203]]],[[[120.99824,14.59196],[120.99806,14.59205],[120.99824,14.59205],[120.99824,14.59196]]],[[[120.99991,14.59197],[120.99982,14.59206],[120.99991,14.59206],[120.99991,14.59197]]],[[[120.97894,14.59206],[120.97904,14.59197],[120.97894,14.59197],[120.97894,14.59206]]],[[[120.97152,14.592],[120.97124,14.59209],[120.97152,14.59209],[120.97152,14.592]]],[[[121.00372,14.5921],[121.00381,14.59192],[121.00372,14.59192],[121.00372,14.5921]]],[[[121.0039,14.59192],[121.004,14.5921],[121.004,14.59192],[121.0039,14.59192]]],[[[121.00437,14.5921],[121.00428,14.59183],[121.00418,14.59201],[121.00437,14.5921]]],[[[120.97439,14.59212],[120.9743,14.59184],[120.9743,14.59211],[120.97439,14.59212]]],[[[120.99731,14.59213],[120.99713,14.59204],[120.99713,14.59213],[120.99731,14.59213]]],[[[121.00149,14.59181],[121.00121,14.59208],[121.00149,14.59217],[121.00149,14.59181]]],[[[121.0039,14.59219],[121.00381,14.5921],[121.00381,14.59219],[121.0039,14.59219]]],[[[120.97421,14.5922],[120.97412,14.59211],[120.97412,14.5922],[120.97421,14.5922]]],[[[120.99555,14.59221],[120.99546,14.59212],[120.99546,14.59221],[120.99555,14.59221]]],[[[120.98701,14.59222],[120.98692,14.59213],[120.98692,14.59222],[120.98701,14.59222]]],[[[120.97913,14.59207],[120.97903,14.59225],[120.97913,14.59225],[120.97913,14.59207]]],[[[120.99629,14.5923],[120.99611,14.59221],[120.99611,14.5923],[120.99629,14.5923]]],[[[120.97922,14.59225],[120.97912,14.59234],[120.97922,14.59234],[120.97922,14.59225]]],[[[121.00307,14.59236],[121.00297,14.59227],[121.00297,14.59236],[121.00307,14.59236]]],[[[121.00613,14.59239],[121.00604,14.5923],[121.00603,14.59239],[121.00613,14.59239]]],[[[121.00631,14.59239],[121.00622,14.5923],[121.00622,14.59239],[121.00631,14.59239]]],[[[120.97012,14.59244],[120.97003,14.59235],[120.97003,14.59244],[120.97012,14.59244]]],[[[120.9704,14.59244],[120.97031,14.59226],[120.97031,14.59244],[120.9704,14.59244]]],[[[121.00334,14.59245],[121.00353,14.59237],[121.00334,14.59236],[121.00334,14.59245]]],[[[121.00455,14.59247],[121.00437,14.59219],[121.00427,14.59237],[121.00455,14.59247]]],[[[121.00139,14.59253],[121.00121,14.59244],[121.00121,14.59253],[121.00139,14.59253]]],[[[121.00316,14.59254],[121.00306,14.59245],[121.00306,14.59254],[121.00316,14.59254]]],[[[121.00362,14.59246],[121.00353,14.59255],[121.00362,14.59255],[121.00362,14.59246]]],[[[120.97235,14.59246],[120.97263,14.59255],[120.97263,14.59246],[120.97235,14.59246]]],[[[120.99861,14.59259],[120.99852,14.5925],[120.99852,14.59259],[120.99861,14.59259]]],[[[120.97281,14.59264],[120.97272,14.59255],[120.97272,14.59264],[120.97281,14.59264]]],[[[121.01559,14.59256],[121.01568,14.59265],[121.01568,14.59256],[121.01559,14.59256]]],[[[120.97225,14.59273],[120.97216,14.59255],[120.97216,14.59273],[120.97225,14.59273]]],[[[121.01559,14.59274],[121.0155,14.59265],[121.0155,14.59274],[121.01559,14.59274]]],[[[120.99861,14.59278],[120.99852,14.59268],[120.99851,14.59277],[120.99861,14.59278]]],[[[121.00139,14.5928],[121.0013,14.59271],[121.0013,14.5928],[121.00139,14.5928]]],[[[120.97096,14.59272],[120.97105,14.59281],[120.97105,14.59272],[120.97096,14.59272]]],[[[120.99304,14.59282],[120.99313,14.59273],[120.99304,14.59273],[120.99304,14.59282]]],[[[120.99304,14.59264],[120.9936,14.59255],[120.99314,14.59237],[120.99304,14.59264]]],[[[121.00427,14.59282],[121.00418,14.59264],[121.00417,14.59282],[121.00427,14.59282]]],[[[120.9729,14.59282],[120.97281,14.59273],[120.97281,14.59282],[120.9729,14.59282]]],[[[120.99582,14.59284],[120.99564,14.59275],[120.99564,14.59284],[120.99582,14.59284]]],[[[120.97838,14.59287],[120.97829,14.59269],[120.97828,14.59287],[120.97838,14.59287]]],[[[120.97095,14.5929],[120.97086,14.59281],[120.97086,14.5929],[120.97095,14.5929]]],[[[120.99322,14.59282],[120.99313,14.59291],[120.99322,14.59291],[120.99322,14.59282]]],[[[120.99341,14.59291],[120.99332,14.59282],[120.99332,14.59291],[120.99341,14.59291]]],[[[120.97309,14.59301],[120.973,14.59292],[120.97299,14.59301],[120.97309,14.59301]]],[[[121.0038,14.59309],[121.00371,14.593],[121.00371,14.59309],[121.0038,14.59309]]],[[[120.97336,14.5931],[120.97327,14.59301],[120.97327,14.5931],[120.97336,14.5931]]],[[[121.00649,14.5932],[121.0064,14.59311],[121.0064,14.5932],[121.00649,14.5932]]],[[[121.00334,14.59327],[121.00324,14.59318],[121.00324,14.59327],[121.00334,14.59327]]],[[[121.01429,14.59327],[121.01419,14.59318],[121.01419,14.59327],[121.01429,14.59327]]],[[[120.99619,14.5933],[120.9961,14.59321],[120.9961,14.5933],[120.99619,14.5933]]],[[[120.99665,14.5933],[120.99656,14.59321],[120.99656,14.5933],[120.99665,14.5933]]],[[[120.97216,14.59273],[120.97198,14.59209],[120.97104,14.59317],[120.9716,14.59336],[120.97216,14.59273]]],[[[120.97207,14.59246],[120.97189,14.59236],[120.97207,14.59237],[120.97207,14.59246]]],[[[120.97234,14.59336],[120.97243,14.59345],[120.97243,14.59336],[120.97234,14.59336]]],[[[120.97995,14.59352],[120.97986,14.59343],[120.97986,14.59352],[120.97995,14.59352]]],[[[120.97234,14.59354],[120.97225,14.59345],[120.97225,14.59354],[120.97234,14.59354]]],[[[120.99953,14.5936],[120.99944,14.59351],[120.99943,14.5936],[120.99953,14.5936]]],[[[121.01261,14.59371],[121.01252,14.59362],[121.01252,14.59371],[121.01261,14.59371]]],[[[120.97234,14.59372],[120.97225,14.59363],[120.97225,14.59372],[120.97234,14.59372]]],[[[120.99117,14.5938],[120.99108,14.59371],[120.99108,14.5938],[120.99117,14.5938]]],[[[120.99637,14.59384],[120.99619,14.59375],[120.99619,14.59384],[120.99637,14.59384]]],[[[120.99925,14.59387],[120.99916,14.59377],[120.99915,14.59386],[120.99925,14.59387]]],[[[121.00027,14.59387],[121.00018,14.59378],[121.00017,14.59387],[121.00027,14.59387]]],[[[120.97095,14.59362],[120.97077,14.59299],[120.97048,14.59353],[120.97086,14.59335],[120.97085,14.59371],[120.97141,14.5939],[120.97141,14.59344],[120.97095,14.59362]]],[[[120.9728,14.59382],[120.97234,14.5939],[120.9728,14.59391],[120.9728,14.59382]]],[[[120.99646,14.59393],[120.99656,14.59384],[120.99646,14.59384],[120.99646,14.59393]]],[[[120.9715,14.5939],[120.97141,14.59399],[120.9715,14.59399],[120.9715,14.5939]]],[[[120.99099,14.59407],[120.99089,14.59397],[120.99089,14.59406],[120.99099,14.59407]]],[[[120.99665,14.59393],[120.99655,14.59411],[120.99665,14.59411],[120.99665,14.59393]]],[[[120.98635,14.59412],[120.98625,14.59402],[120.98625,14.59412],[120.98635,14.59412]]],[[[120.99767,14.59412],[120.99758,14.59403],[120.99757,14.59412],[120.99767,14.59412]]],[[[120.98746,14.59413],[120.98728,14.59403],[120.98727,14.59412],[120.98746,14.59413]]],[[[121.00008,14.59405],[121.00027,14.59415],[121.00027,14.59406],[121.00008,14.59405]]],[[[120.98764,14.59431],[120.98755,14.59422],[120.98755,14.59431],[120.98764,14.59431]]],[[[120.99989,14.59432],[120.9998,14.59423],[120.9998,14.59432],[120.99989,14.59432]]],[[[120.98644,14.59439],[120.98634,14.5943],[120.98634,14.59439],[120.98644,14.59439]]],[[[120.99804,14.5944],[120.99794,14.59431],[120.99794,14.5944],[120.99804,14.5944]]],[[[121.00026,14.59442],[121.00017,14.59433],[121.00017,14.59442],[121.00026,14.59442]]],[[[121.01149,14.59442],[121.0114,14.59433],[121.0114,14.59442],[121.01149,14.59442]]],[[[120.99701,14.59448],[120.99683,14.59439],[120.99683,14.59448],[120.99701,14.59448]]],[[[120.99915,14.5945],[120.99906,14.59441],[120.99906,14.5945],[120.99915,14.5945]]],[[[120.96816,14.5945],[120.96806,14.59441],[120.96806,14.5945],[120.96816,14.5945]]],[[[120.96778,14.59459],[120.96769,14.5945],[120.96769,14.59459],[120.96778,14.59459]]],[[[121.00026,14.59451],[121.00035,14.5946],[121.00035,14.59451],[121.00026,14.59451]]],[[[121.01251,14.59461],[121.01242,14.59452],[121.01242,14.59461],[121.01251,14.59461]]],[[[120.96843,14.59468],[120.96834,14.59459],[120.96834,14.59468],[120.96843,14.59468]]],[[[121.00026,14.59469],[121.00017,14.5946],[121.00017,14.59469],[121.00026,14.59469]]],[[[121.01084,14.59469],[121.01075,14.5946],[121.01075,14.59469],[121.01084,14.59469]]],[[[121.01232,14.5947],[121.01223,14.59461],[121.01223,14.5947],[121.01232,14.5947]]],[[[121.00045,14.59478],[121.00035,14.59469],[121.00035,14.59478],[121.00045,14.59478]]],[[[120.96843,14.59486],[120.96834,14.59477],[120.96834,14.59486],[120.96843,14.59486]]],[[[120.96936,14.59487],[120.96927,14.59478],[120.96927,14.59487],[120.96936,14.59487]]],[[[120.99859,14.59476],[120.99831,14.59485],[120.99859,14.59494],[120.99859,14.59476]]],[[[120.97762,14.59494],[120.97771,14.59485],[120.97762,14.59485],[120.97762,14.59494]]],[[[120.96954,14.59496],[120.96945,14.59487],[120.96945,14.59496],[120.96954,14.59496]]],[[[120.9778,14.59495],[120.97771,14.59504],[120.9778,14.59504],[120.9778,14.59495]]],[[[120.96759,14.59504],[120.9675,14.59495],[120.9675,14.59504],[120.96759,14.59504]]],[[[120.98031,14.59506],[120.98021,14.59497],[120.98021,14.59506],[120.98031,14.59506]]],[[[120.96898,14.59514],[120.96889,14.59505],[120.96889,14.59514],[120.96898,14.59514]]],[[[121.00174,14.59524],[121.00183,14.59515],[121.00174,14.59515],[121.00174,14.59524]]],[[[120.98355,14.59527],[120.98346,14.59518],[120.98346,14.59527],[120.98355,14.59527]]],[[[120.99738,14.5953],[120.99729,14.5952],[120.99729,14.59529],[120.99738,14.5953]]],[[[121.00963,14.59531],[121.00953,14.59522],[121.00953,14.59531],[121.00963,14.59531]]],[[[121.00155,14.59533],[121.00146,14.59524],[121.00146,14.59533],[121.00155,14.59533]]],[[[121.00193,14.59524],[121.00183,14.59533],[121.00192,14.59533],[121.00193,14.59524]]],[[[120.9791,14.59541],[120.979,14.59532],[120.979,14.59541],[120.9791,14.59541]]],[[[120.98151,14.59534],[120.9816,14.59543],[120.9816,14.59534],[120.98151,14.59534]]],[[[121.00332,14.59544],[121.00322,14.59535],[121.00322,14.59544],[121.00332,14.59544]]],[[[120.98383,14.59545],[120.98374,14.59536],[120.98374,14.59545],[120.98383,14.59545]]],[[[120.99951,14.59549],[120.99942,14.5954],[120.99942,14.59549],[120.99951,14.59549]]],[[[121.00035,14.5955],[121.00025,14.59541],[121.00025,14.5955],[121.00035,14.5955]]],[[[120.97937,14.5955],[120.97928,14.59541],[120.97928,14.5955],[120.97937,14.5955]]],[[[121.00127,14.59551],[121.00118,14.59542],[121.00118,14.59551],[121.00127,14.59551]]],[[[121.00239,14.59543],[121.00211,14.59552],[121.00239,14.59552],[121.00239,14.59543]]],[[[120.98151,14.59552],[120.98142,14.59543],[120.98142,14.59552],[120.98151,14.59552]]],[[[120.99858,14.59558],[120.99849,14.59549],[120.99849,14.59558],[120.99858,14.59558]]],[[[120.9997,14.59559],[120.9996,14.5955],[120.9996,14.59559],[120.9997,14.59559]]],[[[121.00257,14.59561],[121.00248,14.59552],[121.00248,14.59561],[121.00257,14.59561]]],[[[121.00285,14.59561],[121.00276,14.59552],[121.00276,14.59561],[121.00285,14.59561]]],[[[120.9983,14.59566],[120.9984,14.59558],[120.9983,14.59557],[120.9983,14.59566]]],[[[121.00034,14.59568],[121.00025,14.59559],[121.00025,14.59568],[121.00034,14.59568]]],[[[120.98281,14.59571],[120.98262,14.59562],[120.98262,14.59571],[120.98281,14.59571]]],[[[121.00842,14.59575],[121.00832,14.59566],[121.00832,14.59575],[121.00842,14.59575]]],[[[120.99849,14.59567],[120.99839,14.59576],[120.99849,14.59576],[120.99849,14.59567]]],[[[120.98754,14.59584],[120.98744,14.59575],[120.98744,14.59584],[120.98754,14.59584]]],[[[120.99904,14.59585],[120.99895,14.59576],[120.99895,14.59585],[120.99904,14.59585]]],[[[120.99969,14.59568],[120.99979,14.59586],[120.99979,14.59568],[120.99969,14.59568]]],[[[120.98058,14.59587],[120.98049,14.59578],[120.98048,14.59587],[120.98058,14.59587]]],[[[120.98262,14.59589],[120.98253,14.5958],[120.98253,14.59589],[120.98262,14.59589]]],[[[120.99905,14.59549],[120.99923,14.59594],[120.99914,14.59549],[120.99905,14.59549]]],[[[120.99969,14.59595],[120.99941,14.59586],[120.99941,14.59595],[120.99969,14.59595]]],[[[121.00313,14.59598],[121.00322,14.59589],[121.00313,14.59589],[121.00313,14.59598]]],[[[121.00331,14.59598],[121.00322,14.59607],[121.00331,14.59607],[121.00331,14.59598]]],[[[121.00359,14.59625],[121.00349,14.59616],[121.00349,14.59625],[121.00359,14.59625]]],[[[121.00721,14.59628],[121.00711,14.59619],[121.00711,14.59628],[121.00721,14.59628]]],[[[121.00154,14.59633],[121.00145,14.59623],[121.00145,14.59632],[121.00154,14.59633]]],[[[121.00182,14.59633],[121.00164,14.59624],[121.00164,14.59633],[121.00182,14.59633]]],[[[121.00377,14.59634],[121.00368,14.59625],[121.00368,14.59634],[121.00377,14.59634]]],[[[121.00702,14.59637],[121.00693,14.59628],[121.00693,14.59637],[121.00702,14.59637]]],[[[120.99653,14.59637],[120.99644,14.59628],[120.99644,14.59637],[120.99653,14.59637]]],[[[120.99551,14.59636],[120.9956,14.59645],[120.99561,14.59636],[120.99551,14.59636]]],[[[120.9905,14.5965],[120.99041,14.59641],[120.99041,14.5965],[120.9905,14.5965]]],[[[121.00191,14.59651],[121.00201,14.59642],[121.00191,14.59642],[121.00191,14.59651]]],[[[121.00414,14.59653],[121.00405,14.59644],[121.00405,14.59653],[121.00414,14.59653]]],[[[121.0059,14.59654],[121.00581,14.59645],[121.00581,14.59654],[121.0059,14.59654]]],[[[120.99551,14.59654],[120.99542,14.59645],[120.99542,14.59654],[120.99551,14.59654]]],[[[121.0008,14.5965],[121.00089,14.59659],[121.00089,14.5965],[121.0008,14.5965]]],[[[121.0021,14.59651],[121.00201,14.5966],[121.0021,14.5966],[121.0021,14.59651]]],[[[121.00451,14.59662],[121.00442,14.59653],[121.00442,14.59662],[121.00451,14.59662]]],[[[121.00572,14.59663],[121.00563,14.59654],[121.00562,14.59663],[121.00572,14.59663]]],[[[120.99542,14.59663],[120.99533,14.59654],[120.99532,14.59663],[120.99542,14.59663]]],[[[121.00201,14.59669],[121.00191,14.5966],[121.00191,14.59669],[121.00201,14.59669]]],[[[121.0008,14.59677],[121.00071,14.59659],[121.00071,14.59677],[121.0008,14.59677]]],[[[120.9892,14.59685],[120.98929,14.59676],[120.9892,14.59676],[120.9892,14.59685]]],[[[121.00033,14.59686],[121.00024,14.59677],[121.00024,14.59686],[121.00033,14.59686]]],[[[121.00182,14.59687],[121.00173,14.59678],[121.00173,14.59687],[121.00182,14.59687]]],[[[120.98938,14.59685],[120.98929,14.59694],[120.98938,14.59694],[120.98938,14.59685]]],[[[121.00005,14.59694],[120.99996,14.59685],[120.99996,14.59694],[121.00005,14.59694]]],[[[120.99727,14.59701],[120.99718,14.59692],[120.99718,14.59701],[120.99727,14.59701]]],[[[120.99746,14.59701],[120.99736,14.59692],[120.99736,14.59701],[120.99746,14.59701]]],[[[121.00163,14.59705],[121.00154,14.59696],[121.00154,14.59705],[121.00163,14.59705]]],[[[121.00274,14.59706],[121.00265,14.59697],[121.00265,14.59706],[121.00274,14.59706]]],[[[121.00107,14.59695],[121.00043,14.59695],[121.00107,14.59713],[121.00107,14.59695]]],[[[120.96655,14.5972],[120.96646,14.59711],[120.96646,14.5972],[120.96655,14.5972]]],[[[121.0085,14.5972],[121.0084,14.59711],[121.0084,14.5972],[121.0085,14.5972]]],[[[121.00812,14.59729],[121.00803,14.59719],[121.00803,14.59728],[121.00812,14.59729]]],[[[121.00284,14.59724],[121.00311,14.59733],[121.00311,14.59724],[121.00284,14.59724]]],[[[121.0072,14.59737],[121.00729,14.59746],[121.00729,14.59737],[121.0072,14.59737]]],[[[120.96627,14.59747],[120.96618,14.59738],[120.96618,14.59747],[120.96627,14.59747]]],[[[121.00719,14.59755],[121.0071,14.59746],[121.0071,14.59755],[121.00719,14.59755]]],[[[120.96627,14.59765],[120.96618,14.59756],[120.96618,14.59765],[120.96627,14.59765]]],[[[121.00218,14.59769],[121.00209,14.59759],[121.00209,14.59769],[121.00218,14.59769]]],[[[121.00682,14.59773],[121.00664,14.59763],[121.00664,14.59772],[121.00682,14.59773]]],[[[121.00237,14.59778],[121.00265,14.59715],[121.002,14.59723],[121.00237,14.59778]]],[[[120.99791,14.59783],[120.99782,14.59774],[120.99782,14.59783],[120.99791,14.59783]]],[[[121.0007,14.59767],[121.00088,14.59777],[121.00088,14.59768],[121.0007,14.59767]]],[[[121.00042,14.59794],[121.00032,14.59785],[121.00032,14.59794],[121.00042,14.59794]]],[[[120.99253,14.59796],[120.99244,14.59787],[120.99244,14.59796],[120.99253,14.59796]]],[[[120.99772,14.59801],[120.99763,14.59792],[120.99763,14.59801],[120.99772,14.59801]]],[[[120.99104,14.59813],[120.99086,14.59804],[120.99086,14.59813],[120.99104,14.59813]]],[[[120.99642,14.59818],[120.99633,14.598],[120.99633,14.59818],[120.99642,14.59818]]],[[[120.99188,14.59823],[120.99178,14.59814],[120.99178,14.59823],[120.99188,14.59823]]],[[[120.99986,14.5983],[120.99995,14.59821],[120.99986,14.59821],[120.99986,14.5983]]],[[[121.00004,14.5983],[120.99995,14.59839],[121.00004,14.59839],[121.00004,14.5983]]],[[[121.00162,14.59831],[121.00171,14.59841],[121.00171,14.59831],[121.00162,14.59831]]],[[[120.9916,14.59841],[120.9915,14.59832],[120.9915,14.59841],[120.9916,14.59841]]],[[[121.00162,14.59849],[121.00153,14.5984],[121.00153,14.59849],[121.00162,14.59849]]],[[[120.98872,14.59856],[120.98863,14.59847],[120.98863,14.59856],[120.98872,14.59856]]],[[[120.98909,14.59866],[120.989,14.59857],[120.989,14.59866],[120.98909,14.59866]]],[[[120.98788,14.59874],[120.98779,14.59865],[120.98779,14.59874],[120.98788,14.59874]]],[[[120.98992,14.59876],[120.98983,14.59866],[120.98983,14.59875],[120.98992,14.59876]]],[[[121.0005,14.59876],[121.00041,14.59867],[121.00041,14.59876],[121.0005,14.59876]]],[[[120.98872,14.59865],[120.98853,14.59874],[120.98872,14.59884],[120.98872,14.59865]]],[[[120.99595,14.59908],[120.99586,14.59899],[120.99586,14.59908],[120.99595,14.59908]]],[[[120.99029,14.59957],[120.99019,14.59948],[120.99019,14.59957],[120.99029,14.59957]]],[[[120.99029,14.59966],[120.99038,14.59975],[120.99038,14.59966],[120.99029,14.59966]]],[[[120.99028,14.59984],[120.99019,14.59975],[120.99019,14.59984],[120.99028,14.59984]]],[[[120.99047,14.60003],[120.99038,14.59984],[120.99028,14.60002],[120.99047,14.60003]]],[[[120.98908,14.6001],[120.98898,14.60001],[120.98898,14.6001],[120.98908,14.6001]]],[[[120.99047,14.6003],[120.99037,14.60012],[120.99037,14.6003],[120.99047,14.6003]]],[[[121.00448,14.60042],[121.00439,14.60033],[121.00438,14.60042],[121.00448,14.60042]]],[[[121.00466,14.60069],[121.00457,14.6006],[121.00457,14.60069],[121.00466,14.60069]]],[[[120.99269,14.60077],[120.9926,14.60068],[120.9926,14.60077],[120.99269,14.60077]]],[[[120.99269,14.60104],[120.99259,14.60095],[120.99259,14.60104],[120.99269,14.60104]]],[[[120.9938,14.60105],[120.99362,14.60096],[120.99361,14.60105],[120.9938,14.60105]]],[[[120.99547,14.60124],[120.99538,14.60115],[120.99538,14.60124],[120.99547,14.60124]]],[[[120.98303,14.60168],[120.98284,14.60177],[120.98303,14.60186],[120.98303,14.60168]]],[[[120.98934,14.60191],[120.98925,14.60182],[120.98924,14.60191],[120.98934,14.60191]]],[[[120.99259,14.60194],[120.99249,14.60185],[120.99249,14.60194],[120.99259,14.60194]]],[[[120.99491,14.60196],[120.995,14.60187],[120.99491,14.60187],[120.99491,14.60196]]],[[[120.99435,14.60196],[120.99444,14.60205],[120.99444,14.60196],[120.99435,14.60196]]],[[[120.99509,14.60196],[120.995,14.60205],[120.99509,14.60205],[120.99509,14.60196]]],[[[120.9924,14.60212],[120.99231,14.60194],[120.99231,14.60212],[120.9924,14.60212]]],[[[120.99435,14.60214],[120.99425,14.60205],[120.99425,14.60214],[120.99435,14.60214]]],[[[120.98952,14.60219],[120.98943,14.60209],[120.98943,14.60219],[120.98952,14.60219]]],[[[120.97755,14.60226],[120.97736,14.60217],[120.97736,14.60226],[120.97755,14.60226]]],[[[120.99379,14.60231],[120.9937,14.60222],[120.9937,14.60231],[120.99379,14.60231]]],[[[120.98961,14.60246],[120.98952,14.60237],[120.98952,14.60246],[120.98961,14.60246]]],[[[120.99416,14.6025],[120.99407,14.60241],[120.99407,14.6025],[120.99416,14.6025]]],[[[121.00195,14.60256],[121.00186,14.60247],[121.00186,14.60256],[121.00195,14.60256]]],[[[121.00195,14.60274],[121.00186,14.60265],[121.00186,14.60274],[121.00195,14.60274]]],[[[120.99453,14.60277],[120.99443,14.60268],[120.99443,14.60277],[120.99453,14.60277]]],[[[120.9935,14.60321],[120.99341,14.60303],[120.99341,14.60321],[120.9935,14.60321]]],[[[120.98116,14.60311],[120.98135,14.6032],[120.98135,14.60311],[120.98116,14.60311]]],[[[120.98784,14.60335],[120.98775,14.60326],[120.98775,14.60335],[120.98784,14.60335]]],[[[120.99359,14.6034],[120.9935,14.6033],[120.9935,14.6034],[120.99359,14.6034]]],[[[120.99378,14.6034],[120.99369,14.60331],[120.99369,14.6034],[120.99378,14.6034]]],[[[120.99062,14.60346],[120.99053,14.60337],[120.99053,14.60346],[120.99062,14.60346]]],[[[120.99118,14.60347],[120.99109,14.60337],[120.99109,14.60346],[120.99118,14.60347]]],[[[120.99266,14.60348],[120.99257,14.60339],[120.99257,14.60348],[120.99266,14.60348]]],[[[120.99285,14.60348],[120.99276,14.60339],[120.99276,14.60348],[120.99285,14.60348]]],[[[120.99285,14.60366],[120.99266,14.60357],[120.99266,14.60366],[120.99285,14.60366]]],[[[120.99405,14.60367],[120.99396,14.60358],[120.99396,14.60367],[120.99405,14.60367]]],[[[120.98449,14.60395],[120.9844,14.60386],[120.9844,14.60395],[120.98449,14.60395]]],[[[120.98839,14.60389],[120.98848,14.60398],[120.98848,14.60389],[120.98839,14.60389]]],[[[120.99201,14.60401],[120.99192,14.60392],[120.99192,14.60401],[120.99201,14.60401]]],[[[120.98839,14.60407],[120.9883,14.60398],[120.9883,14.60407],[120.98839,14.60407]]],[[[120.99284,14.60429],[120.99266,14.6042],[120.99266,14.60429],[120.99284,14.60429]]],[[[120.99015,14.60445],[120.99006,14.60436],[120.99006,14.60445],[120.99015,14.60445]]],[[[120.98532,14.60459],[120.98523,14.6045],[120.98523,14.60459],[120.98532,14.60459]]],[[[120.99024,14.60463],[120.99015,14.60454],[120.99015,14.60463],[120.99024,14.60463]]],[[[120.98606,14.60478],[120.98579,14.60477],[120.98606,14.60487],[120.98606,14.60478]]],[[[120.97855,14.60489],[120.97845,14.6048],[120.97845,14.60489],[120.97855,14.60489]]],[[[120.98495,14.60522],[120.98485,14.60513],[120.98485,14.60522],[120.98495,14.60522]]],[[[120.99097,14.60563],[120.99088,14.60554],[120.99088,14.60563],[120.99097,14.60563]]],[[[120.9816,14.60564],[120.98151,14.60555],[120.98151,14.60564],[120.9816,14.60564]]],[[[120.98596,14.60568],[120.98606,14.6055],[120.98596,14.6055],[120.98596,14.60568]]],[[[120.99227,14.60573],[120.99218,14.60564],[120.99218,14.60573],[120.99227,14.60573]]],[[[120.98615,14.60568],[120.98624,14.60577],[120.98624,14.6055],[120.98615,14.60568]]],[[[120.99273,14.60601],[120.99264,14.60592],[120.99264,14.60601],[120.99273,14.60601]]],[[[120.99115,14.60654],[120.99106,14.60645],[120.99106,14.60654],[120.99115,14.60654]]],[[[120.99069,14.60671],[120.99059,14.60662],[120.99059,14.60671],[120.99069,14.60671]]],[[[120.98938,14.60697],[120.98948,14.60688],[120.98939,14.60688],[120.98938,14.60697]]],[[[120.98957,14.60698],[120.98948,14.60707],[120.98957,14.60707],[120.98957,14.60698]]],[[[120.99059,14.60708],[120.9905,14.60698],[120.9905,14.60707],[120.99059,14.60708]]],[[[120.94818,14.60716],[120.94818,14.6071],[120.94814,14.60716],[120.94818,14.60716]]],[[[120.94864,14.6077],[120.94855,14.60761],[120.94855,14.6077],[120.94864,14.6077]]],[[[120.94854,14.60797],[120.94845,14.60788],[120.94845,14.60797],[120.94854,14.60797]]],[[[120.98639,14.60948],[120.9863,14.60939],[120.9863,14.60948],[120.98639,14.60948]]],[[[120.98648,14.60966],[120.98639,14.60957],[120.98639,14.60966],[120.98648,14.60966]]],[[[120.98648,14.61011],[120.98639,14.61002],[120.98639,14.61011],[120.98648,14.61011]]],[[[120.98703,14.61039],[120.98713,14.6103],[120.98703,14.6103],[120.98703,14.61039]]],[[[120.98722,14.61039],[120.98713,14.61048],[120.98722,14.61048],[120.98722,14.61039]]],[[[120.98787,14.61049],[120.98796,14.61058],[120.98796,14.61049],[120.98787,14.61049]]],[[[120.98787,14.61067],[120.98777,14.61058],[120.98777,14.61067],[120.98787,14.61067]]],[[[120.98703,14.61075],[120.98694,14.61066],[120.98694,14.61075],[120.98703,14.61075]]],[[[120.99222,14.61125],[120.99213,14.61115],[120.99213,14.61125],[120.99222,14.61125]]],[[[120.96029,14.61205],[120.96048,14.61187],[120.96048,14.61151],[120.96029,14.61205]]],[[[120.98386,14.61235],[120.98377,14.61226],[120.98377,14.61235],[120.98386,14.61235]]],[[[120.96038,14.61242],[120.96029,14.61214],[120.9602,14.61232],[120.96038,14.61242]]],[[[120.98674,14.61255],[120.98664,14.61246],[120.98664,14.61255],[120.98674,14.61255]]],[[[120.96029,14.6126],[120.96019,14.6125],[120.96019,14.61259],[120.96029,14.6126]]],[[[120.98302,14.61261],[120.98284,14.61243],[120.98284,14.61261],[120.98302,14.61261]]],[[[120.98386,14.61262],[120.98377,14.61244],[120.98377,14.61262],[120.98386,14.61262]]],[[[120.98358,14.61271],[120.98349,14.61262],[120.98349,14.61271],[120.98358,14.61271]]],[[[120.98553,14.61272],[120.98544,14.61263],[120.98543,14.61272],[120.98553,14.61272]]],[[[120.9807,14.61277],[120.98117,14.61251],[120.9807,14.61259],[120.9807,14.61277]]],[[[120.98887,14.61293],[120.98877,14.61284],[120.98877,14.61293],[120.98887,14.61293]]],[[[120.98905,14.61285],[120.98914,14.61294],[120.98915,14.61285],[120.98905,14.61285]]],[[[120.98061,14.61295],[120.98051,14.61286],[120.98051,14.61295],[120.98061,14.61295]]],[[[120.98905,14.61303],[120.98896,14.61293],[120.98896,14.61303],[120.98905,14.61303]]],[[[120.98914,14.61303],[120.98905,14.61312],[120.98914,14.61312],[120.98914,14.61303]]],[[[120.98701,14.6131],[120.9871,14.61319],[120.9871,14.6131],[120.98701,14.6131]]],[[[120.98701,14.61328],[120.98692,14.61319],[120.98691,14.61328],[120.98701,14.61328]]],[[[120.9884,14.61329],[120.98849,14.6132],[120.9884,14.6132],[120.9884,14.61329]]],[[[120.98858,14.61329],[120.98849,14.61338],[120.98858,14.61338],[120.98858,14.61329]]],[[[120.98784,14.61356],[120.98775,14.61347],[120.98775,14.61356],[120.98784,14.61356]]],[[[120.9819,14.6136],[120.98181,14.61351],[120.98181,14.6136],[120.9819,14.6136]]],[[[120.9858,14.61354],[120.98589,14.61363],[120.98589,14.61354],[120.9858,14.61354]]],[[[120.9858,14.61372],[120.9857,14.61363],[120.9857,14.61372],[120.9858,14.61372]]],[[[120.98737,14.61382],[120.98728,14.61373],[120.98728,14.61382],[120.98737,14.61382]]],[[[120.98719,14.61409],[120.98709,14.614],[120.98709,14.61409],[120.98719,14.61409]]],[[[120.98802,14.61428],[120.98793,14.61419],[120.98793,14.61428],[120.98802,14.61428]]],[[[120.98486,14.61435],[120.98477,14.61425],[120.98477,14.61434],[120.98486,14.61435]]],[[[120.98561,14.61435],[120.98551,14.61426],[120.98551,14.61435],[120.98561,14.61435]]],[[[120.99015,14.61448],[120.99006,14.61439],[120.99006,14.61448],[120.99015,14.61448]]],[[[120.9882,14.61455],[120.98829,14.61465],[120.98829,14.61456],[120.9882,14.61455]]],[[[120.98885,14.61465],[120.98894,14.61456],[120.98885,14.61456],[120.98885,14.61465]]],[[[120.98569,14.61471],[120.9856,14.61462],[120.9856,14.61471],[120.98569,14.61471]]],[[[120.98625,14.61472],[120.98616,14.61463],[120.98616,14.61472],[120.98625,14.61472]]],[[[120.9882,14.61474],[120.98811,14.61464],[120.98811,14.61473],[120.9882,14.61474]]],[[[120.98904,14.61465],[120.98894,14.61474],[120.98904,14.61474],[120.98904,14.61465]]],[[[120.97901,14.61475],[120.97892,14.61466],[120.97892,14.61475],[120.97901,14.61475]]],[[[120.98152,14.61477],[120.98133,14.61468],[120.98133,14.61477],[120.98152,14.61477]]],[[[120.98866,14.61483],[120.98857,14.61474],[120.98857,14.61483],[120.98866,14.61483]]],[[[120.97864,14.61483],[120.97855,14.61474],[120.97855,14.61483],[120.97864,14.61483]]],[[[120.98096,14.61485],[120.98078,14.61476],[120.98078,14.61485],[120.98096,14.61485]]],[[[120.98718,14.61491],[120.98709,14.61473],[120.98709,14.61491],[120.98718,14.61491]]],[[[120.98634,14.61499],[120.98625,14.6149],[120.98625,14.61499],[120.98634,14.61499]]],[[[120.98087,14.61503],[120.98077,14.61494],[120.98077,14.61503],[120.98087,14.61503]]],[[[120.98309,14.61505],[120.983,14.61496],[120.983,14.61505],[120.98309,14.61505]]],[[[120.98736,14.61518],[120.98727,14.61509],[120.98727,14.61518],[120.98736,14.61518]]],[[[120.98782,14.61518],[120.98773,14.61509],[120.98773,14.61518],[120.98782,14.61518]]],[[[120.98133,14.61522],[120.98124,14.61495],[120.98114,14.61522],[120.98133,14.61522]]],[[[120.98291,14.61532],[120.98281,14.61523],[120.98281,14.61532],[120.98291,14.61532]]],[[[120.98708,14.61536],[120.9869,14.61527],[120.9869,14.61536],[120.98708,14.61536]]],[[[120.98801,14.61537],[120.9881,14.61519],[120.98792,14.61519],[120.98801,14.61537]]],[[[120.98829,14.61537],[120.9881,14.61546],[120.98829,14.61546],[120.98829,14.61537]]],[[[120.98077,14.61548],[120.98068,14.61539],[120.98068,14.61548],[120.98077,14.61548]]],[[[120.98272,14.61559],[120.98263,14.6155],[120.98262,14.61559],[120.98272,14.61559]]],[[[120.98773,14.61573],[120.98754,14.61545],[120.98745,14.61563],[120.98773,14.61573]]],[[[120.99042,14.61584],[120.99033,14.61575],[120.99032,14.61584],[120.99042,14.61584]]],[[[120.98281,14.61586],[120.98262,14.61568],[120.98262,14.61586],[120.98281,14.61586]]],[[[120.98271,14.61622],[120.98262,14.61613],[120.98262,14.61622],[120.98271,14.61622]]],[[[120.98355,14.61632],[120.98345,14.61623],[120.98345,14.61632],[120.98355,14.61632]]],[[[120.9828,14.61641],[120.98271,14.61631],[120.98271,14.61641],[120.9828,14.61641]]],[[[120.98234,14.61649],[120.98243,14.6164],[120.98234,14.6164],[120.98234,14.61649]]],[[[120.98252,14.61649],[120.98243,14.61658],[120.98252,14.61658],[120.98252,14.61649]]],[[[120.98317,14.61659],[120.98308,14.6165],[120.98308,14.61659],[120.98317,14.61659]]],[[[120.98271,14.61668],[120.98262,14.61659],[120.98261,14.61668],[120.98271,14.61668]]],[[[120.98289,14.61722],[120.9828,14.61713],[120.9828,14.61722],[120.98289,14.61722]]],[[[120.98363,14.61732],[120.98354,14.61723],[120.98354,14.61732],[120.98363,14.61732]]],[[[120.98335,14.6175],[120.98326,14.6174],[120.98326,14.61749],[120.98335,14.6175]]],[[[120.98261,14.61758],[120.98251,14.61749],[120.98251,14.61758],[120.98261,14.61758]]],[[[120.98325,14.61767],[120.98316,14.61758],[120.98316,14.61767],[120.98325,14.61767]]],[[[120.98233,14.61776],[120.98251,14.61785],[120.98251,14.61776],[120.98233,14.61776]]],[[[120.98251,14.61812],[120.98242,14.61803],[120.98242,14.61812],[120.98251,14.61812]]],[[[120.98325,14.61831],[120.98316,14.61822],[120.98316,14.61831],[120.98325,14.61831]]],[[[120.98241,14.61857],[120.98232,14.61848],[120.98232,14.61857],[120.98241,14.61857]]],[[[120.98334,14.61858],[120.98325,14.6184],[120.98325,14.61858],[120.98334,14.61858]]],[[[120.98445,14.61868],[120.98436,14.61859],[120.98436,14.61868],[120.98445,14.61868]]],[[[120.97563,14.61905],[120.97554,14.61896],[120.97554,14.61905],[120.97563,14.61905]]],[[[120.99252,14.61929],[120.99243,14.6192],[120.99243,14.61929],[120.99252,14.61929]]],[[[120.98844,14.61935],[120.98834,14.61926],[120.98834,14.61935],[120.98844,14.61935]]],[[[120.96912,14.62062],[120.96903,14.62053],[120.96903,14.62062],[120.96912,14.62062]]],[[[120.96689,14.62088],[120.96699,14.62079],[120.96689,14.62079],[120.96689,14.62088]]],[[[120.96708,14.62088],[120.96698,14.62097],[120.96708,14.62097],[120.96708,14.62088]]],[[[120.96828,14.62098],[120.96819,14.62089],[120.96819,14.62098],[120.96828,14.62098]]],[[[120.96791,14.62107],[120.96782,14.62097],[120.96782,14.62107],[120.96791,14.62107]]],[[[120.98415,14.62121],[120.98424,14.6213],[120.98424,14.62121],[120.98415,14.62121]]],[[[120.98415,14.62139],[120.98406,14.6213],[120.98406,14.62139],[120.98415,14.62139]]],[[[120.96791,14.62143],[120.96782,14.62134],[120.96782,14.62143],[120.96791,14.62143]]],[[[120.98443,14.62139],[120.98452,14.62148],[120.98452,14.62139],[120.98443,14.62139]]],[[[120.98443,14.62157],[120.98424,14.62148],[120.98424,14.62157],[120.98443,14.62157]]],[[[120.96818,14.62161],[120.96809,14.62152],[120.96809,14.62161],[120.96818,14.62161]]],[[[120.98442,14.62184],[120.98433,14.62175],[120.98433,14.62184],[120.98442,14.62184]]],[[[120.98489,14.62185],[120.9847,14.62175],[120.9847,14.62184],[120.98489,14.62185]]],[[[120.98424,14.62202],[120.98414,14.62184],[120.98414,14.62202],[120.98424,14.62202]]],[[[120.98832,14.62215],[120.98823,14.62197],[120.98823,14.62215],[120.98832,14.62215]]],[[[120.98683,14.6225],[120.98665,14.6224],[120.98664,14.62249],[120.98683,14.6225]]],[[[120.98618,14.62249],[120.9859,14.62258],[120.98618,14.62258],[120.98618,14.62249]]],[[[120.98914,14.62333],[120.98905,14.62306],[120.98905,14.62333],[120.98914,14.62333]]],[[[120.98663,14.62358],[120.98654,14.62349],[120.98654,14.62358],[120.98663,14.62358]]],[[[120.96473,14.62384],[120.96464,14.62375],[120.96464,14.62384],[120.96473,14.62384]]],[[[120.96538,14.62394],[120.96529,14.62384],[120.96529,14.62393],[120.96538,14.62394]]],[[[120.96482,14.62438],[120.96473,14.62429],[120.96473,14.62438],[120.96482,14.62438]]],[[[120.96491,14.62447],[120.9651,14.62438],[120.96491,14.62438],[120.96491,14.62447]]],[[[120.96528,14.62457],[120.96509,14.62466],[120.96528,14.62466],[120.96528,14.62457]]],[[[120.96509,14.62475],[120.965,14.62466],[120.965,14.62475],[120.96509,14.62475]]],[[[120.96361,14.62482],[120.9637,14.62473],[120.96361,14.62473],[120.96361,14.62482]]],[[[120.96342,14.625],[120.96351,14.62491],[120.96342,14.62491],[120.96342,14.625]]],[[[120.96481,14.62501],[120.96472,14.62483],[120.96472,14.62501],[120.96481,14.62501]]],[[[120.96361,14.625],[120.96351,14.62509],[120.96361,14.62509],[120.96361,14.625]]],[[[120.95516,14.62511],[120.95507,14.62502],[120.95507,14.62511],[120.95516,14.62511]]],[[[120.96388,14.62528],[120.9637,14.6251],[120.96342,14.62527],[120.96388,14.62528]]],[[[120.95692,14.62531],[120.95683,14.62522],[120.95683,14.62531],[120.95692,14.62531]]],[[[120.95627,14.62539],[120.95618,14.6253],[120.95618,14.62539],[120.95627,14.62539]]],[[[120.96397,14.62546],[120.96407,14.62537],[120.96397,14.62537],[120.96397,14.62546]]],[[[120.95506,14.62538],[120.95516,14.62547],[120.95516,14.62538],[120.95506,14.62538]]],[[[120.95562,14.62548],[120.95553,14.62539],[120.95553,14.62548],[120.95562,14.62548]]],[[[120.96416,14.62546],[120.96406,14.62555],[120.96416,14.62555],[120.96416,14.62546]]],[[[120.95506,14.62556],[120.95497,14.62547],[120.95497,14.62556],[120.95506,14.62556]]],[[[120.96425,14.62555],[120.96416,14.62573],[120.96425,14.62573],[120.96425,14.62555]]],[[[120.9791,14.62586],[120.979,14.62577],[120.979,14.62586],[120.9791,14.62586]]],[[[120.96499,14.62592],[120.9649,14.62574],[120.9649,14.62592],[120.96499,14.62592]]],[[[120.95692,14.62594],[120.95682,14.62585],[120.95682,14.62594],[120.95692,14.62594]]],[[[120.95654,14.62621],[120.95663,14.6263],[120.95663,14.62621],[120.95654,14.62621]]],[[[120.96294,14.62635],[120.96304,14.62626],[120.96294,14.62626],[120.96294,14.62635]]],[[[120.95654,14.62639],[120.95645,14.6263],[120.95645,14.62639],[120.95654,14.62639]]],[[[120.96313,14.62636],[120.96304,14.62645],[120.96313,14.62645],[120.96313,14.62636]]],[[[120.96378,14.62654],[120.96369,14.62645],[120.96368,14.62654],[120.96378,14.62654]]],[[[120.96322,14.6269],[120.96331,14.62672],[120.96322,14.62672],[120.96322,14.6269]]],[[[120.96359,14.6269],[120.9635,14.62681],[120.9635,14.6269],[120.96359,14.6269]]],[[[120.98131,14.62697],[120.98122,14.62687],[120.98122,14.62697],[120.98131,14.62697]]],[[[120.9634,14.6269],[120.96331,14.62699],[120.9634,14.62699],[120.9634,14.6269]]],[[[120.95598,14.62693],[120.95607,14.62702],[120.95607,14.62693],[120.95598,14.62693]]],[[[120.95598,14.62711],[120.95588,14.62702],[120.95588,14.62711],[120.95598,14.62711]]],[[[120.95588,14.62729],[120.95579,14.6272],[120.95579,14.62729],[120.95588,14.62729]]],[[[120.97778,14.6273],[120.97769,14.62721],[120.97769,14.6273],[120.97778,14.6273]]],[[[120.98094,14.62778],[120.98084,14.62768],[120.98084,14.62778],[120.98094,14.62778]]],[[[120.98093,14.62796],[120.98084,14.62787],[120.98084,14.62796],[120.98093,14.62796]]],[[[120.98112,14.62796],[120.98103,14.62787],[120.98103,14.62796],[120.98112,14.62796]]],[[[120.95996,14.62814],[120.95977,14.62804],[120.95977,14.62813],[120.95996,14.62814]]],[[[120.9788,14.6283],[120.9787,14.62821],[120.9787,14.6283],[120.9788,14.6283]]],[[[120.95977,14.62831],[120.95968,14.62822],[120.95968,14.62831],[120.95977,14.62831]]],[[[120.9592,14.62948],[120.95929,14.62958],[120.9593,14.62948],[120.9592,14.62948]]],[[[120.95948,14.62958],[120.95939,14.62949],[120.95939,14.62958],[120.95948,14.62958]]],[[[120.97461,14.62962],[120.97452,14.62953],[120.97451,14.62962],[120.97461,14.62962]]],[[[120.9592,14.62966],[120.95911,14.62957],[120.95911,14.62966],[120.9592,14.62966]]],[[[120.95994,14.62967],[120.95976,14.62958],[120.95976,14.62967],[120.95994,14.62967]]],[[[120.96004,14.62976],[120.96013,14.62967],[120.96004,14.62967],[120.96004,14.62976]]],[[[120.96031,14.62976],[120.96013,14.62985],[120.96031,14.62986],[120.96031,14.62976]]],[[[120.9605,14.62986],[120.9604,14.63004],[120.9605,14.63004],[120.9605,14.62986]]],[[[120.9592,14.63021],[120.9591,14.63012],[120.9591,14.63021],[120.9592,14.63021]]],[[[120.96059,14.63004],[120.9605,14.63022],[120.96059,14.63022],[120.96059,14.63004]]],[[[120.96142,14.63041],[120.96133,14.63032],[120.96133,14.63041],[120.96142,14.63041]]],[[[120.9617,14.63041],[120.96161,14.63032],[120.96161,14.63041],[120.9617,14.63041]]],[[[120.96133,14.63059],[120.96124,14.6305],[120.96123,14.63059],[120.96133,14.63059]]],[[[120.94416,14.63062],[120.94407,14.63053],[120.94406,14.63062],[120.94416,14.63062]]],[[[120.96198,14.63077],[120.96207,14.63059],[120.96179,14.63059],[120.96198,14.63077]]],[[[120.97181,14.63077],[120.972,14.63086],[120.972,14.63077],[120.97181,14.63077]]],[[[120.96225,14.63078],[120.96216,14.63087],[120.96225,14.63087],[120.96225,14.63078]]],[[[120.97181,14.63095],[120.97172,14.63086],[120.97172,14.63095],[120.97181,14.63095]]],[[[120.96207,14.63096],[120.96197,14.63086],[120.96197,14.63095],[120.96207,14.63096]]],[[[120.97237,14.63114],[120.97228,14.63095],[120.97227,14.63113],[120.97237,14.63114]]],[[[120.97246,14.63141],[120.97236,14.63132],[120.97236,14.63141],[120.97246,14.63141]]],[[[120.94461,14.63143],[120.94452,14.63134],[120.94452,14.63143],[120.94461,14.63143]]],[[[120.97273,14.63168],[120.97264,14.63159],[120.97264,14.63168],[120.97273,14.63168]]],[[[120.96206,14.63186],[120.96197,14.63177],[120.96197,14.63186],[120.96206,14.63186]]],[[[120.96233,14.63231],[120.96224,14.63222],[120.96224,14.63231],[120.96233,14.63231]]],[[[120.96251,14.63268],[120.96242,14.63258],[120.96242,14.63268],[120.96251,14.63268]]],[[[120.95834,14.63273],[120.95825,14.63264],[120.95824,14.63273],[120.95834,14.63273]]],[[[120.95824,14.63291],[120.95815,14.63282],[120.95815,14.63291],[120.95824,14.63291]]],[[[120.97105,14.63329],[120.97096,14.6332],[120.97095,14.63329],[120.97105,14.63329]]],[[[120.9716,14.6333],[120.97151,14.63321],[120.97151,14.6333],[120.9716,14.6333]]],[[[120.97142,14.63339],[120.97133,14.6333],[120.97132,14.63339],[120.97142,14.63339]]],[[[120.97114,14.63347],[120.97105,14.63338],[120.97105,14.63347],[120.97114,14.63347]]],[[[120.95823,14.63381],[120.95814,14.63372],[120.95814,14.63381],[120.95823,14.63381]]],[[[120.95851,14.63382],[120.95842,14.63372],[120.95842,14.63381],[120.95851,14.63382]]],[[[120.9702,14.63464],[120.96973,14.63473],[120.9702,14.63473],[120.9702,14.63464]]],[[[120.96936,14.6349],[120.96927,14.63481],[120.96927,14.6349],[120.96936,14.6349]]],[[[120.96964,14.63491],[120.96955,14.63482],[120.96955,14.63491],[120.96964,14.63491]]],[[[120.96983,14.63491],[120.96973,14.63482],[120.96973,14.63491],[120.96983,14.63491]]],[[[120.95757,14.63498],[120.95767,14.63489],[120.95757,14.63489],[120.95757,14.63498]]],[[[120.96129,14.63501],[120.96119,14.63492],[120.96119,14.63501],[120.96129,14.63501]]],[[[120.95785,14.63498],[120.95767,14.63507],[120.95785,14.63507],[120.95785,14.63498]]],[[[120.96064,14.6351],[120.96054,14.63501],[120.96054,14.6351],[120.96064,14.6351]]],[[[120.96917,14.63535],[120.96899,14.63508],[120.96899,14.63535],[120.96917,14.63535]]],[[[120.96082,14.63537],[120.96073,14.63528],[120.96073,14.63537],[120.96082,14.63537]]],[[[120.9611,14.63537],[120.96119,14.63547],[120.96119,14.63538],[120.9611,14.63537]]],[[[120.9611,14.63556],[120.96091,14.63546],[120.96091,14.63555],[120.9611,14.63556]]],[[[120.97038,14.63573],[120.97028,14.63555],[120.97028,14.63573],[120.97038,14.63573]]],[[[120.97047,14.63591],[120.97037,14.63582],[120.97037,14.63591],[120.97047,14.63591]]],[[[120.96907,14.63599],[120.96917,14.63581],[120.96907,14.63581],[120.96907,14.63599]]],[[[120.96926,14.63599],[120.96917,14.63608],[120.96926,14.63608],[120.96926,14.63599]]],[[[120.97046,14.63618],[120.97037,14.63609],[120.97037,14.63618],[120.97046,14.63618]]],[[[120.96165,14.63619],[120.96155,14.6361],[120.96155,14.63619],[120.96165,14.63619]]],[[[120.96183,14.63619],[120.96174,14.6361],[120.96174,14.63619],[120.96183,14.63619]]],[[[120.97083,14.63645],[120.97074,14.63636],[120.97074,14.63645],[120.97083,14.63645]]],[[[120.97074,14.63663],[120.97065,14.63654],[120.97065,14.63663],[120.97074,14.63663]]],[[[120.97027,14.63681],[120.97018,14.63672],[120.97018,14.63681],[120.97027,14.63681]]],[[[120.96953,14.63698],[120.96944,14.63671],[120.96944,14.63698],[120.96953,14.63698]]],[[[120.97619,14.63894],[120.9761,14.63885],[120.9761,14.63894],[120.97619,14.63894]]],[[[120.96038,14.64287],[120.96029,14.64278],[120.96029,14.64287],[120.96038,14.64287]]],[[[120.96102,14.64351],[120.96093,14.64342],[120.96093,14.64351],[120.96102,14.64351]]],[[[120.96139,14.64396],[120.9613,14.64387],[120.9613,14.64396],[120.96139,14.64396]]],[[[120.96751,14.6549],[120.96765,14.65463],[120.9676,14.65463],[120.96751,14.6549]]],[[[120.96956,14.65926],[120.96868,14.65871],[120.96849,14.65911],[120.96955,14.66003],[120.96956,14.65926]]],[[[120.96815,14.66087],[120.9687,14.66088],[120.96922,14.66012],[120.96848,14.66033],[120.96815,14.66087]]],[[[120.96815,14.66114],[120.96787,14.66087],[120.96787,14.66114],[120.96815,14.66114]]],[[[120.96786,14.66141],[120.96763,14.66114],[120.96772,14.66146],[120.96786,14.66141]]],[[[120.96562,14.66361],[120.96534,14.66356],[120.96534,14.66361],[120.96562,14.66361]]],[[[120.96538,14.66379],[120.96534,14.66383],[120.96548,14.66383],[120.96538,14.66379]]],[[[120.96645,14.66411],[120.96673,14.66371],[120.96668,14.66371],[120.96645,14.66411]]],[[[120.96538,14.66437],[120.96533,14.6641],[120.96533,14.66437],[120.96538,14.66437]]],[[[120.96393,14.6649],[120.96366,14.66463],[120.96366,14.6649],[120.96393,14.6649]]],[[[120.96643,14.66601],[120.9663,14.66547],[120.96629,14.66601],[120.96643,14.66601]]],[[[120.96447,14.66708],[120.96475,14.66654],[120.96448,14.66653],[120.96447,14.66708]]],[[[120.96531,14.66704],[120.96559,14.66682],[120.96531,14.66686],[120.96531,14.66704]]],[[[120.9648,14.66708],[120.96475,14.66712],[120.96479,14.66712],[120.9648,14.66708]]],[[[120.96526,14.66713],[120.96507,14.66708],[120.96507,14.66713],[120.96526,14.66713]]],[[[120.96587,14.66682],[120.9661,14.66705],[120.96614,14.66682],[120.96587,14.66682]]],[[[120.96307,14.66774],[120.96322,14.66734],[120.96308,14.66734],[120.96307,14.66774]]],[[[120.98009,14.66907],[120.97991,14.66897],[120.97991,14.66906],[120.98009,14.66907]]],[[[120.9592,14.66947],[120.95949,14.66916],[120.95921,14.6692],[120.9592,14.66947]]],[[[120.96779,14.66977],[120.96751,14.66923],[120.96765,14.66977],[120.96779,14.66977]]],[[[120.95971,14.66997],[120.95943,14.66974],[120.95948,14.66997],[120.95971,14.66997]]],[[[120.96751,14.66986],[120.96774,14.66995],[120.96774,14.66986],[120.96751,14.66986]]],[[[120.97877,14.67213],[120.97858,14.67194],[120.97858,14.67212],[120.97877,14.67213]]],[[[120.99139,14.67224],[120.9913,14.67214],[120.9913,14.67224],[120.99139,14.67224]]],[[[120.95704,14.67266],[120.95695,14.67239],[120.95695,14.67266],[120.95704,14.67266]]],[[[120.97262,14.67379],[120.97253,14.67361],[120.97253,14.67379],[120.97262,14.67379]]],[[[120.98172,14.67414],[120.98163,14.67405],[120.98162,14.67414],[120.98172,14.67414]]],[[[120.99369,14.67415],[120.9936,14.67406],[120.9936,14.67415],[120.99369,14.67415]]],[[[120.97243,14.67433],[120.97262,14.67415],[120.97244,14.67406],[120.97243,14.67433]]],[[[120.97846,14.67456],[120.97837,14.67447],[120.97837,14.67456],[120.97846,14.67456]]],[[[120.97665,14.67464],[120.97638,14.6745],[120.97638,14.67464],[120.97665,14.67464]]],[[[120.97669,14.67545],[120.9766,14.67536],[120.9766,14.67545],[120.97669,14.67545]]],[[[120.97242,14.67596],[120.97233,14.67587],[120.97233,14.67596],[120.97242,14.67596]]],[[[120.96193,14.67596],[120.9623,14.67573],[120.96188,14.67573],[120.96193,14.67596]]],[[[120.96248,14.67605],[120.96244,14.67578],[120.96244,14.67605],[120.96248,14.67605]]],[[[120.96647,14.67631],[120.96634,14.67604],[120.96633,14.67631],[120.96647,14.67631]]],[[[120.95839,14.67755],[120.95824,14.67787],[120.95857,14.67791],[120.95839,14.67755]]],[[[120.95866,14.67828],[120.95852,14.67814],[120.95852,14.67828],[120.95866,14.67828]]],[[[120.96339,14.67814],[120.96325,14.67832],[120.96339,14.67841],[120.96339,14.67814]]],[[[120.96785,14.67836],[120.96775,14.67849],[120.96794,14.67849],[120.96785,14.67836]]],[[[120.96496,14.67901],[120.9652,14.67874],[120.96497,14.67878],[120.96496,14.67901]]],[[[120.96547,14.67956],[120.96519,14.67928],[120.96519,14.67942],[120.96547,14.67956]]],[[[120.95641,14.68002],[120.95656,14.67975],[120.95651,14.67975],[120.95641,14.68002]]],[[[120.95697,14.68002],[120.95655,14.68025],[120.95697,14.68029],[120.95697,14.68002]]],[[[120.96685,14.68034],[120.96658,14.68011],[120.96658,14.68015],[120.96685,14.68034]]],[[[120.96764,14.68093],[120.96736,14.68106],[120.96764,14.68107],[120.96764,14.68093]]],[[[120.9585,14.68058],[120.95845,14.68089],[120.959,14.68108],[120.9585,14.68058]]],[[[120.96963,14.68181],[120.96958,14.68176],[120.96958,14.68181],[120.96963,14.68181]]],[[[120.96347,14.68523],[120.96389,14.68496],[120.9638,14.68474],[120.96319,14.68473],[120.96347,14.68523]]],[[[120.96258,14.68549],[120.96263,14.68554],[120.96268,14.6855],[120.96258,14.68549]]],[[[120.96638,14.68688],[120.96652,14.68666],[120.96647,14.68666],[120.96638,14.68688]]],[[[120.96623,14.68715],[120.96619,14.68702],[120.96619,14.68715],[120.96623,14.68715]]],[[[120.96094,14.68792],[120.96107,14.68819],[120.96098,14.68792],[120.96094,14.68792]]],[[[120.96093,14.68873],[120.96065,14.68819],[120.96065,14.68873],[120.96093,14.68873]]],[[[120.96594,14.68878],[120.96623,14.68797],[120.9659,14.68774],[120.96571,14.68837],[120.96594,14.68878]]],[[[120.96064,14.68927],[120.96037,14.689],[120.96037,14.68927],[120.96064,14.68927]]],[[[120.95062,14.68941],[120.95066,14.68946],[120.95066,14.68941],[120.95062,14.68941]]],[[[120.95057,14.68968],[120.95039,14.68945],[120.95038,14.68959],[120.95057,14.68968]]],[[[120.95923,14.69116],[120.95896,14.69088],[120.95896,14.69116],[120.95923,14.69116]]],[[[120.9531,14.69165],[120.95339,14.69084],[120.95288,14.69088],[120.9531,14.69165]]],[[[120.95923,14.6917],[120.95895,14.69143],[120.95895,14.6917],[120.95923,14.6917]]],[[[120.95894,14.69305],[120.95866,14.69278],[120.95866,14.69305],[120.95894,14.69305]]],[[[120.95475,14.6941],[120.95363,14.69436],[120.95475,14.69464],[120.95475,14.6941]]],[[[120.95836,14.69522],[120.95866,14.69359],[120.95838,14.69359],[120.95836,14.69522]]],[[[120.9518,14.69679],[120.95194,14.69656],[120.9519,14.69656],[120.9518,14.69679]]],[[[120.95779,14.69657],[120.95807,14.69684],[120.95807,14.69657],[120.95779,14.69657]]],[[[120.91245,14.69698],[120.91239,14.69698],[120.91239,14.69702],[120.91245,14.69698]]],[[[120.95194,14.69679],[120.95305,14.69707],[120.95334,14.69571],[120.95265,14.69544],[120.95237,14.69598],[120.95278,14.69598],[120.95278,14.69679],[120.95194,14.69679]]],[[[120.95779,14.69711],[120.95751,14.69684],[120.95751,14.69711],[120.95779,14.69711]]],[[[120.91234,14.69738],[120.91225,14.69729],[120.91225,14.69738],[120.91234,14.69738]]],[[[120.91262,14.69748],[120.91253,14.69738],[120.91253,14.69747],[120.91262,14.69748]]],[[[120.9128,14.69757],[120.91271,14.69748],[120.91271,14.69757],[120.9128,14.69757]]],[[[120.91299,14.69766],[120.9129,14.69757],[120.9129,14.69766],[120.91299,14.69766]]],[[[120.95864,14.69522],[120.95862,14.69766],[120.95973,14.69767],[120.95918,14.69739],[120.95919,14.69604],[120.95864,14.69522]]],[[[120.91169,14.69792],[120.91159,14.69783],[120.91159,14.69792],[120.91169,14.69792]]],[[[120.91336,14.69811],[120.91345,14.69803],[120.91336,14.69802],[120.91336,14.69811]]],[[[120.91354,14.69812],[120.91345,14.69821],[120.91354,14.69821],[120.91354,14.69812]]],[[[120.96028,14.69849],[120.96056,14.69795],[120.96029,14.69794],[120.96028,14.69849]]],[[[120.91103,14.69859],[120.91127,14.69832],[120.91122,14.69832],[120.91103,14.69859]]],[[[120.96084,14.69849],[120.96056,14.69876],[120.96084,14.69876],[120.96084,14.69849]]],[[[120.91418,14.69921],[120.91409,14.69912],[120.91409,14.69921],[120.91418,14.69921]]],[[[120.91047,14.6994],[120.9107,14.69913],[120.91065,14.69913],[120.91047,14.6994]]],[[[120.95609,14.69981],[120.95665,14.69954],[120.95609,14.69953],[120.95609,14.69981]]],[[[120.96111,14.69958],[120.96111,14.69877],[120.96083,14.69931],[120.96028,14.69903],[120.96027,14.69984],[120.96111,14.69958]]],[[[120.91014,14.69994],[120.91,14.69989],[120.91,14.69994],[120.91014,14.69994]]],[[[120.96083,14.69985],[120.96054,14.70012],[120.96082,14.70012],[120.96083,14.69985]]],[[[120.96138,14.69958],[120.9611,14.70012],[120.96138,14.70012],[120.96138,14.69958]]],[[[120.90972,14.70025],[120.90962,14.70016],[120.90962,14.70025],[120.90972,14.70025]]],[[[120.95636,14.70035],[120.95609,14.70008],[120.95609,14.70035],[120.95636,14.70035]]],[[[120.95693,14.69981],[120.95664,14.70035],[120.95692,14.70036],[120.95693,14.69981]]],[[[120.96166,14.70013],[120.96138,14.70039],[120.96166,14.7004],[120.96166,14.70013]]],[[[120.90953,14.70043],[120.90944,14.70034],[120.90944,14.70043],[120.90953,14.70043]]],[[[120.96082,14.70066],[120.96027,14.70011],[120.96026,14.70066],[120.96082,14.70066]]],[[[120.96137,14.70067],[120.9611,14.70039],[120.9611,14.70066],[120.96137,14.70067]]],[[[120.96193,14.7004],[120.96165,14.70067],[120.96193,14.70067],[120.96193,14.7004]]],[[[120.90943,14.7007],[120.90934,14.70052],[120.90934,14.7007],[120.90943,14.7007]]],[[[120.9533,14.70087],[120.95302,14.70005],[120.95274,14.70086],[120.9533,14.70087]]],[[[120.90878,14.70124],[120.90869,14.70114],[120.90868,14.70124],[120.90878,14.70124]]],[[[120.9085,14.7015],[120.90845,14.70141],[120.90845,14.7015],[120.9085,14.7015]]],[[[120.95691,14.70171],[120.95719,14.70144],[120.95691,14.70144],[120.95691,14.70171]]],[[[120.90849,14.70196],[120.90845,14.70187],[120.90845,14.70196],[120.90849,14.70196]]],[[[120.95747,14.70172],[120.95718,14.70198],[120.95746,14.70199],[120.95747,14.70172]]],[[[120.90988,14.70206],[120.90979,14.70197],[120.90979,14.70206],[120.90988,14.70206]]],[[[120.95718,14.70226],[120.95663,14.70198],[120.95663,14.70225],[120.95718,14.70226]]],[[[120.9096,14.70242],[120.90951,14.70233],[120.90951,14.70242],[120.9096,14.70242]]],[[[120.90923,14.7026],[120.90914,14.7025],[120.90914,14.70259],[120.90923,14.7026]]],[[[120.95105,14.70301],[120.95077,14.70274],[120.95077,14.70301],[120.95105,14.70301]]],[[[120.95857,14.70281],[120.95856,14.70335],[120.9594,14.70309],[120.95886,14.702],[120.95746,14.70226],[120.95744,14.70443],[120.958,14.70389],[120.95828,14.70443],[120.95801,14.7028],[120.95857,14.70281]]],[[[120.94852,14.70516],[120.94825,14.70489],[120.94824,14.70516],[120.94852,14.70516]]],[[[120.91923,14.70549],[120.91914,14.70544],[120.91913,14.70549],[120.91923,14.70549]]],[[[120.91951,14.70558],[120.91941,14.70549],[120.91941,14.70558],[120.91951,14.70558]]],[[[120.95158,14.70573],[120.95186,14.70524],[120.95158,14.70519],[120.95158,14.70573]]],[[[120.9195,14.70576],[120.91941,14.70567],[120.91941,14.70576],[120.9195,14.70576]]],[[[120.96217,14.70528],[120.96188,14.70582],[120.96216,14.70582],[120.96217,14.70528]]],[[[120.91987,14.70585],[120.91978,14.70576],[120.91978,14.70585],[120.91987,14.70585]]],[[[120.91899,14.70598],[120.91927,14.70567],[120.91899,14.70558],[120.91899,14.70598]]],[[[120.95882,14.70579],[120.95854,14.70606],[120.95882,14.70606],[120.95882,14.70579]]],[[[120.95274,14.70597],[120.95297,14.70552],[120.95293,14.70552],[120.95274,14.70597]]],[[[120.91955,14.70599],[120.91927,14.70626],[120.91955,14.70626],[120.91955,14.70599]]],[[[120.95246,14.70628],[120.95237,14.70574],[120.95214,14.70573],[120.95213,14.70628],[120.95246,14.70628]]],[[[120.95854,14.70579],[120.95715,14.70551],[120.95714,14.70632],[120.95798,14.70633],[120.95798,14.70579],[120.95854,14.70579]]],[[[120.95854,14.70633],[120.95826,14.70606],[120.95826,14.70633],[120.95854,14.70633]]],[[[120.92126,14.70641],[120.92117,14.70632],[120.92117,14.70641],[120.92126,14.70641]]],[[[120.91982,14.70626],[120.91954,14.70653],[120.91982,14.70653],[120.91982,14.70626]]],[[[120.95826,14.7066],[120.95798,14.70633],[120.95798,14.7066],[120.95826,14.7066]]],[[[120.94349,14.70701],[120.94335,14.70674],[120.94335,14.70701],[120.94349,14.70701]]],[[[120.92162,14.70723],[120.92153,14.70713],[120.92153,14.70722],[120.92162,14.70723]]],[[[120.95714,14.70713],[120.9563,14.70686],[120.9563,14.7074],[120.95686,14.7074],[120.95714,14.70713]]],[[[120.95769,14.70714],[120.95713,14.70741],[120.95769,14.70741],[120.95769,14.70714]]],[[[120.92162,14.70768],[120.92148,14.70777],[120.92162,14.70777],[120.92162,14.70768]]],[[[120.95628,14.70902],[120.95656,14.70876],[120.95657,14.70848],[120.95601,14.70848],[120.95628,14.70902]]],[[[120.95155,14.70898],[120.95071,14.70925],[120.95182,14.7098],[120.95155,14.70898]]],[[[120.95294,14.70954],[120.95321,14.70981],[120.95321,14.70954],[120.95294,14.70954]]],[[[120.95572,14.70983],[120.95544,14.70956],[120.95544,14.70983],[120.95572,14.70983]]],[[[120.95321,14.70981],[120.95349,14.71036],[120.95432,14.71036],[120.95405,14.70982],[120.95321,14.70981]]],[[[120.95738,14.71039],[120.95683,14.70984],[120.95683,14.71038],[120.95738,14.71039]]],[[[120.95514,14.71173],[120.95543,14.71119],[120.95515,14.71118],[120.95514,14.71173]]],[[[120.95542,14.71173],[120.95597,14.71282],[120.95653,14.71282],[120.95653,14.71228],[120.95542,14.71173]]],[[[120.95681,14.71282],[120.95652,14.71309],[120.9568,14.7131],[120.95681,14.71282]]],[[[120.95542,14.71227],[120.95486,14.71226],[120.95487,14.71172],[120.95431,14.71145],[120.95431,14.71199],[120.95375,14.71198],[120.95374,14.71334],[120.95429,14.71334],[120.9543,14.7128],[120.95542,14.71227]]],[[[120.95792,14.71311],[120.95708,14.71337],[120.95791,14.71338],[120.95792,14.71311]]],[[[120.95568,14.71363],[120.95541,14.71335],[120.95541,14.71363],[120.95568,14.71363]]],[[[120.95011,14.71385],[120.95067,14.71358],[120.95011,14.71358],[120.95011,14.71385]]],[[[120.95293,14.70981],[120.95209,14.71061],[120.95179,14.71278],[120.9504,14.71277],[120.95039,14.71331],[120.95123,14.71359],[120.95067,14.71385],[120.95094,14.7144],[120.95346,14.71334],[120.95263,14.71279],[120.95264,14.71197],[120.95347,14.71198],[120.95293,14.70981]]],[[[120.95072,14.71291],[120.95063,14.71281],[120.95072,14.71282],[120.95072,14.71291]]],[[[120.96208,14.71504],[120.9618,14.71531],[120.96207,14.71531],[120.96208,14.71504]]],[[[120.96042,14.71313],[120.961,14.71123],[120.96267,14.71125],[120.96268,14.70989],[120.96131,14.70717],[120.96132,14.70636],[120.96188,14.70609],[120.96133,14.70582],[120.96133,14.70527],[120.96189,14.70501],[120.96078,14.70473],[120.96165,14.70067],[120.96109,14.70093],[120.96052,14.70283],[120.95968,14.70336],[120.95965,14.70661],[120.9602,14.70743],[120.9599,14.70906],[120.95684,14.70876],[120.95684,14.7093],[120.95767,14.70931],[120.95794,14.71067],[120.95682,14.7112],[120.95793,14.71148],[120.95903,14.71312],[120.95959,14.71312],[120.95987,14.71258],[120.95986,14.71339],[120.96042,14.71394],[120.96013,14.71475],[120.95846,14.71501],[120.95845,14.71609],[120.95901,14.71501],[120.9618,14.71504],[120.96125,14.71368],[120.9607,14.71367],[120.96042,14.71313]]],[[[120.96073,14.70988],[120.96157,14.70961],[120.96212,14.71016],[120.96211,14.71097],[120.96128,14.71097],[120.96073,14.70988]]],[[[120.96102,14.7088],[120.96074,14.70852],[120.96102,14.70852],[120.96102,14.7088]]],[[[120.94897,14.71632],[120.94925,14.71655],[120.94925,14.71628],[120.94897,14.71632]]],[[[120.94925,14.71709],[120.94869,14.71655],[120.94869,14.71709],[120.94925,14.71709]]],[[[120.95342,14.7174],[120.95343,14.71632],[120.95287,14.71631],[120.9531,14.7174],[120.95342,14.7174]]],[[[120.93589,14.72009],[120.93617,14.71996],[120.93585,14.71996],[120.93589,14.72009]]],[[[120.95673,14.72041],[120.95702,14.71987],[120.95897,14.71962],[120.95926,14.71881],[120.95871,14.71745],[120.95984,14.71638],[120.95872,14.71637],[120.95871,14.71718],[120.9576,14.71717],[120.95704,14.71798],[120.95299,14.71875],[120.95395,14.71985],[120.9548,14.71877],[120.95564,14.71878],[120.9562,14.71824],[120.95618,14.72014],[120.95673,14.72041]]],[[[120.95814,14.71853],[120.95788,14.71744],[120.95815,14.71744],[120.95814,14.71853]]],[[[120.93217,14.72142],[120.93207,14.72151],[120.93217,14.72151],[120.93217,14.72142]]],[[[120.95505,14.7223],[120.95393,14.72229],[120.95422,14.72175],[120.95395,14.72039],[120.95394,14.72147],[120.9531,14.72205],[120.95499,14.72288],[120.95505,14.7223]]],[[[120.9315,14.72331],[120.93136,14.72344],[120.93164,14.72344],[120.9315,14.72331]]],[[[120.94361,14.72355],[120.94389,14.72382],[120.94389,14.72355],[120.94361,14.72355]]],[[[120.94445,14.72383],[120.94389,14.7241],[120.94444,14.7241],[120.94445,14.72383]]],[[[120.95248,14.72395],[120.95224,14.72417],[120.95252,14.72417],[120.95248,14.72395]]],[[[120.95336,14.72404],[120.9528,14.72417],[120.95336,14.72418],[120.95336,14.72404]]],[[[120.94472,14.72437],[120.945,14.72465],[120.945,14.72438],[120.94472,14.72437]]],[[[120.95391,14.72473],[120.95447,14.72414],[120.95391,14.72414],[120.95391,14.72473]]],[[[120.95475,14.72446],[120.95447,14.72473],[120.95474,14.72473],[120.95475,14.72446]]],[[[120.94337,14.7245],[120.94333,14.72382],[120.94333,14.72463],[120.94416,14.72491],[120.94337,14.7245]]],[[[120.94472,14.72492],[120.94444,14.72464],[120.94444,14.72491],[120.94472,14.72492]]],[[[120.95224,14.72444],[120.95251,14.72499],[120.95252,14.72444],[120.95224,14.72444]]],[[[120.94443,14.72519],[120.94416,14.72491],[120.94416,14.72518],[120.94443,14.72519]]],[[[120.95223,14.72553],[120.95196,14.72498],[120.95195,14.72552],[120.95223,14.72553]]],[[[120.94471,14.726],[120.94443,14.72546],[120.94443,14.726],[120.94471,14.726]]],[[[120.95167,14.72606],[120.95223,14.7258],[120.95167,14.72579],[120.95167,14.72606]]],[[[120.94526,14.72628],[120.94499,14.72573],[120.94498,14.72627],[120.94526,14.72628]]],[[[120.9525,14.72607],[120.95222,14.72634],[120.9525,14.72634],[120.9525,14.72607]]],[[[120.95306,14.72662],[120.95278,14.72634],[120.95278,14.72661],[120.95306,14.72662]]],[[[120.93416,14.72677],[120.93411,14.72672],[120.93411,14.72676],[120.93416,14.72677]]],[[[120.9433,14.72734],[120.94386,14.72654],[120.94387,14.72599],[120.94275,14.72653],[120.94274,14.72734],[120.9433,14.72734]]],[[[120.95277,14.72716],[120.95305,14.72743],[120.95305,14.72716],[120.95277,14.72716]]],[[[120.9497,14.72767],[120.94943,14.7274],[120.94942,14.72767],[120.9497,14.72767]]],[[[120.95277,14.7277],[120.95249,14.72743],[120.95249,14.7277],[120.95277,14.7277]]],[[[120.95193,14.72823],[120.9522,14.72851],[120.9522,14.72824],[120.95193,14.72823]]],[[[120.95192,14.7285],[120.95081,14.72795],[120.95081,14.72849],[120.95025,14.72876],[120.95164,14.72932],[120.95192,14.7285]]],[[[120.95383,14.72906],[120.95331,14.72906],[120.95331,14.72931],[120.95383,14.72906]]],[[[120.95135,14.73013],[120.95108,14.72985],[120.95107,14.73012],[120.95135,14.73013]]],[[[120.95233,14.73041],[120.95219,14.73013],[120.95218,14.7304],[120.95233,14.73041]]],[[[120.94053,14.73116],[120.94034,14.73107],[120.94034,14.73116],[120.94053,14.73116]]],[[[120.93435,14.73106],[120.93449,14.7312],[120.93449,14.73106],[120.93435,14.73106]]],[[[120.94075,14.73139],[120.94132,14.73085],[120.94132,14.73031],[120.94021,14.7303],[120.94076,14.73057],[120.94075,14.73139]]],[[[120.94075,14.73166],[120.9402,14.73138],[120.9402,14.73165],[120.94075,14.73166]]],[[[120.94215,14.73167],[120.94187,14.7314],[120.94187,14.73167],[120.94215,14.73167]]],[[[120.94214,14.73248],[120.94186,14.73221],[120.94186,14.73248],[120.94214,14.73248]]],[[[120.94742,14.73307],[120.94715,14.7328],[120.94715,14.73307],[120.94742,14.73307]]],[[[120.94463,14.73359],[120.94436,14.73332],[120.94436,14.73359],[120.94463,14.73359]]],[[[120.94798,14.73362],[120.9477,14.73335],[120.9477,14.73362],[120.94798,14.73362]]],[[[120.94074,14.73247],[120.94019,14.73192],[120.93968,14.73233],[120.93962,14.73409],[120.94102,14.73329],[120.94074,14.73247]]],[[[120.94881,14.73417],[120.94825,14.73389],[120.94825,14.73416],[120.94881,14.73417]]],[[[120.94936,14.73415],[120.94909,14.7339],[120.94909,14.73417],[120.94936,14.73415]]],[[[120.93966,14.73422],[120.93961,14.73413],[120.93961,14.73422],[120.93966,14.73422]]],[[[120.94303,14.7342],[120.94296,14.73412],[120.94296,14.73432],[120.94303,14.7342]]],[[[120.93905,14.73476],[120.93929,14.73463],[120.93905,14.73463],[120.93905,14.73476]]],[[[120.94277,14.73466],[120.94267,14.73466],[120.94267,14.73483],[120.94277,14.73466]]],[[[120.93928,14.73503],[120.93905,14.73485],[120.939,14.73503],[120.93928,14.73503]]],[[[120.94247,14.7352],[120.94239,14.73493],[120.94239,14.7352],[120.94247,14.7352]]],[[[120.93933,14.73531],[120.93965,14.73522],[120.93919,14.73512],[120.93933,14.73531]]],[[[120.92711,14.73556],[120.92707,14.73547],[120.92707,14.73556],[120.92711,14.73556]]],[[[120.92711,14.73538],[120.92734,14.73561],[120.92735,14.73533],[120.92711,14.73538]]],[[[120.94076,14.73568],[120.94128,14.73519],[120.94076,14.73545],[120.94067,14.73505],[120.94044,14.73504],[120.94076,14.73568]]],[[[120.94058,14.73523],[120.94049,14.73514],[120.94058,14.73514],[120.94058,14.73523]]],[[[120.93681,14.7365],[120.93709,14.73623],[120.93681,14.73628],[120.93681,14.7365]]],[[[120.93987,14.73703],[120.94015,14.7368],[120.93987,14.73685],[120.93987,14.73703]]],[[[120.9382,14.73692],[120.93764,14.73699],[120.93819,14.73706],[120.9382,14.73692]]]]}},{"type":"Feature","properties":{"hazard":"storm-surge","level":"moderate","advisory":"SSA3"},"geometry":{"type":"MultiPolygon","coordinates":[[[[120.9676,14.46238],[120.9677,14.46157],[120.96755,14.46066],[120.96751,14.46109],[120.9676,14.46238]]],[[[120.9676,14.46247],[120.96755,14.46238],[120.96751,14.46247],[120.9676,14.46247]]],[[[120.96714,14.46292],[120.9675,14.46274],[120.96751,14.46247],[120.96714,14.46292]]],[[[120.97029,14.46277],[120.97047,14.46286],[120.97047,14.46268],[120.97029,14.46277]]],[[[120.96674,14.46338],[120.96657,14.46391],[120.96713,14.46293],[120.96674,14.46338]]],[[[120.97723,14.46418],[120.97714,14.46409],[120.97714,14.46418],[120.97723,14.46418]]],[[[120.96638,14.46427],[120.96625,14.46418],[120.96628,14.46427],[120.96638,14.46427]]],[[[120.97732,14.464],[120.97788,14.46419],[120.97788,14.46373],[120.97732,14.464]]],[[[120.96832,14.46438],[120.96842,14.46429],[120.96832,14.46428],[120.96832,14.46438]]],[[[120.97092,14.46449],[120.97111,14.46404],[120.97074,14.46358],[120.97084,14.46259],[120.97066,14.46259],[120.97075,14.46295],[120.96963,14.46375],[120.9699,14.46412],[120.97055,14.46385],[120.97092,14.46449]]],[[[120.96934,14.46447],[120.97009,14.46439],[120.96935,14.4642],[120.96934,14.46447]]],[[[120.97352,14.4646],[120.9737,14.46487],[120.9737,14.46469],[120.97352,14.4646]]],[[[120.97064,14.46494],[120.97055,14.46476],[120.97054,14.46494],[120.97064,14.46494]]],[[[120.97008,14.46502],[120.96999,14.46493],[120.96999,14.46502],[120.97008,14.46502]]],[[[120.97768,14.46518],[120.97815,14.46536],[120.97805,14.46509],[120.97768,14.46518]]],[[[120.97805,14.46572],[120.97814,14.46563],[120.97805,14.46563],[120.97805,14.46572]]],[[[120.97823,14.46573],[120.97814,14.46582],[120.97823,14.46582],[120.97823,14.46573]]],[[[120.96609,14.4658],[120.966,14.46571],[120.96608,14.46585],[120.96609,14.4658]]],[[[120.97118,14.46684],[120.97145,14.46693],[120.97145,14.46684],[120.97118,14.46684]]],[[[120.97155,14.46693],[120.97145,14.46702],[120.97155,14.46702],[120.97155,14.46693]]],[[[120.97294,14.46704],[120.97275,14.46685],[120.97275,14.46703],[120.97294,14.46704]]],[[[120.97164,14.46702],[120.97154,14.46729],[120.97164,14.4673],[120.97164,14.46702]]],[[[120.9731,14.46993],[120.973,14.46984],[120.973,14.46993],[120.9731,14.46993]]],[[[120.97356,14.46993],[120.97338,14.46975],[120.97337,14.46993],[120.97356,14.46993]]],[[[120.98608,14.46995],[120.98617,14.46977],[120.98599,14.46977],[120.98608,14.46995]]],[[[120.97374,14.47002],[120.97402,14.46994],[120.97365,14.46984],[120.97374,14.47002]]],[[[120.97411,14.47012],[120.9743,14.47003],[120.97412,14.47003],[120.97411,14.47012]]],[[[120.98635,14.4704],[120.98645,14.46995],[120.98626,14.46995],[120.98635,14.4704]]],[[[120.9743,14.47012],[120.97467,14.47048],[120.97504,14.47022],[120.97495,14.47004],[120.9743,14.47012]]],[[[120.98005,14.47053],[120.97995,14.47044],[120.97995,14.47053],[120.98005,14.47053]]],[[[120.98292,14.47074],[120.98283,14.47064],[120.98283,14.47074],[120.98292,14.47074]]],[[[120.98923,14.47079],[120.98885,14.47088],[120.98922,14.47088],[120.98923,14.47079]]],[[[120.9895,14.47088],[120.98941,14.47079],[120.98941,14.47088],[120.9895,14.47088]]],[[[120.98978,14.47098],[120.99006,14.4708],[120.98988,14.47071],[120.98978,14.47098]]],[[[120.9819,14.47091],[120.98208,14.47109],[120.98208,14.47091],[120.9819,14.47091]]],[[[120.98171,14.47136],[120.98162,14.47118],[120.98162,14.47136],[120.98171,14.47136]]],[[[120.98272,14.47254],[120.98263,14.47245],[120.98262,14.47254],[120.98272,14.47254]]],[[[120.98708,14.4724],[120.98689,14.47249],[120.98708,14.47258],[120.98708,14.4724]]],[[[120.97149,14.47317],[120.9714,14.47308],[120.9714,14.47317],[120.97149,14.47317]]],[[[120.97177,14.47326],[120.97158,14.47317],[120.97158,14.47326],[120.97177,14.47326]]],[[[120.97177,14.47344],[120.97186,14.47335],[120.97177,14.47335],[120.97177,14.47344]]],[[[120.97102,14.47353],[120.97093,14.47343],[120.97093,14.47352],[120.97102,14.47353]]],[[[120.97195,14.47344],[120.97186,14.47353],[120.97195,14.47353],[120.97195,14.47344]]],[[[120.97408,14.47346],[120.97399,14.47355],[120.97408,14.47355],[120.97408,14.47346]]],[[[120.97418,14.47355],[120.97408,14.47364],[120.97418,14.47364],[120.97418,14.47355]]],[[[120.97093,14.47371],[120.97084,14.47361],[120.97084,14.4737],[120.97093,14.47371]]],[[[120.97195,14.47371],[120.97204,14.47362],[120.97195,14.47362],[120.97195,14.47371]]],[[[120.97427,14.47364],[120.97417,14.47373],[120.97427,14.47373],[120.97427,14.47364]]],[[[120.97213,14.47372],[120.97204,14.47381],[120.97213,14.47381],[120.97213,14.47372]]],[[[120.97436,14.47373],[120.97427,14.47382],[120.97436,14.47383],[120.97436,14.47373]]],[[[120.97083,14.47389],[120.97074,14.47379],[120.97074,14.47388],[120.97083,14.47389]]],[[[120.98957,14.47368],[120.98975,14.47387],[120.98976,14.47369],[120.98957,14.47368]]],[[[120.97445,14.47401],[120.97436,14.47392],[120.97436,14.47401],[120.97445,14.47401]]],[[[120.98669,14.47384],[120.98651,14.47393],[120.98669,14.47402],[120.98669,14.47384]]],[[[120.97223,14.47381],[120.97213,14.47408],[120.97222,14.47408],[120.97223,14.47381]]],[[[120.97399,14.47346],[120.97279,14.47336],[120.97241,14.47408],[120.97306,14.47409],[120.97288,14.47372],[120.97399,14.47346]]],[[[120.97288,14.47345],[120.97297,14.47354],[120.97288,14.47354],[120.97288,14.47345]]],[[[120.98539,14.4741],[120.98539,14.47392],[120.9853,14.47374],[120.98539,14.4741]]],[[[120.97454,14.47419],[120.97445,14.4741],[120.97445,14.47419],[120.97454,14.47419]]],[[[120.97074,14.47425],[120.97083,14.47416],[120.97074,14.47416],[120.97074,14.47425]]],[[[120.97213,14.47426],[120.97204,14.47417],[120.97204,14.47426],[120.97213,14.47426]]],[[[120.97232,14.47417],[120.97241,14.47426],[120.97241,14.47417],[120.97232,14.47417]]],[[[120.97092,14.47425],[120.97083,14.47434],[120.97092,14.47434],[120.97092,14.47425]]],[[[120.97231,14.47435],[120.97222,14.47426],[120.97222,14.47435],[120.97231,14.47435]]],[[[120.97454,14.47437],[120.97463,14.47428],[120.97454,14.47428],[120.97454,14.47437]]],[[[120.97528,14.47438],[120.97519,14.47428],[120.97519,14.47437],[120.97528,14.47438]]],[[[120.97593,14.47429],[120.97537,14.47438],[120.97593,14.47438],[120.97593,14.47429]]],[[[120.97102,14.47434],[120.97092,14.47443],[120.97101,14.47443],[120.97102,14.47434]]],[[[120.98493,14.47446],[120.98512,14.47401],[120.98512,14.47365],[120.98475,14.47364],[120.98493,14.47446]]],[[[120.97472,14.47437],[120.97463,14.47446],[120.97472,14.47446],[120.97472,14.47437]]],[[[120.97871,14.4745],[120.97853,14.4744],[120.97853,14.47449],[120.97871,14.4745]]],[[[120.97964,14.47441],[120.97909,14.47396],[120.97862,14.47395],[120.97871,14.4744],[120.97964,14.47441]]],[[[120.97881,14.47423],[120.97871,14.47413],[120.97881,14.47413],[120.97881,14.47423]]],[[[120.97992,14.47442],[120.97964,14.4745],[120.97992,14.47451],[120.97992,14.47442]]],[[[120.97111,14.47443],[120.97101,14.47452],[120.97111,14.47452],[120.97111,14.47443]]],[[[120.97491,14.47446],[120.97472,14.47455],[120.97491,14.47455],[120.97491,14.47446]]],[[[120.98567,14.47456],[120.98576,14.47447],[120.98567,14.47446],[120.98567,14.47456]]],[[[120.97853,14.47458],[120.97834,14.47449],[120.97834,14.47458],[120.97853,14.47458]]],[[[120.98001,14.4746],[120.9802,14.47451],[120.98001,14.47451],[120.98001,14.4746]]],[[[120.9712,14.47452],[120.97111,14.47461],[120.9712,14.47461],[120.9712,14.47452]]],[[[120.97416,14.46479],[120.97341,14.4655],[120.97342,14.46487],[120.97286,14.46496],[120.97211,14.46603],[120.97285,14.46622],[120.9735,14.46578],[120.97387,14.46614],[120.97462,14.4656],[120.97489,14.46606],[120.97461,14.46606],[120.97433,14.46651],[120.9748,14.46624],[120.97489,14.46687],[120.97414,14.46714],[120.97433,14.4666],[120.97396,14.46641],[120.97247,14.46784],[120.97163,14.46775],[120.97118,14.46693],[120.97062,14.46702],[120.97072,14.46629],[120.97155,14.46603],[120.97175,14.46522],[120.97064,14.46512],[120.97054,14.46566],[120.96998,14.46565],[120.96897,14.4651],[120.96925,14.46447],[120.96842,14.46438],[120.96785,14.46527],[120.96731,14.46419],[120.96712,14.46418],[120.96702,14.46473],[120.96628,14.46445],[120.96609,14.46571],[120.96664,14.46605],[120.96701,14.46554],[120.96756,14.46636],[120.96766,14.46591],[120.96812,14.46609],[120.96793,14.4667],[120.96959,14.46773],[120.96967,14.46909],[120.97032,14.46918],[120.97003,14.47008],[120.97124,14.47055],[120.9718,14.47001],[120.97502,14.47248],[120.97492,14.47329],[120.97585,14.47284],[120.97547,14.47402],[120.97621,14.47375],[120.97686,14.47448],[120.97779,14.47422],[120.97825,14.47458],[120.97816,14.47377],[120.97937,14.47333],[120.97928,14.47369],[120.98177,14.47461],[120.98198,14.47254],[120.98152,14.47208],[120.98207,14.47208],[120.98207,14.47181],[120.98115,14.47162],[120.98171,14.47091],[120.98163,14.47018],[120.9807,14.47017],[120.97995,14.47107],[120.97958,14.4708],[120.97977,14.47008],[120.97913,14.4698],[120.9795,14.46944],[120.97933,14.46727],[120.9786,14.46609],[120.97777,14.46599],[120.97713,14.46526],[120.9775,14.46518],[120.97751,14.46436],[120.97695,14.46454],[120.97658,14.4639],[120.9762,14.46471],[120.97556,14.46435],[120.97574,14.46489],[120.97462,14.46524],[120.97416,14.46479]]],[[[120.97804,14.46627],[120.97832,14.46654],[120.97832,14.46627],[120.97804,14.46627]]],[[[120.97795,14.46654],[120.97758,14.46671],[120.97757,14.46689],[120.97795,14.4669],[120.97795,14.46654]]],[[[120.97582,14.46625],[120.97563,14.46606],[120.97582,14.46607],[120.97582,14.46625]]],[[[120.97517,14.46624],[120.97535,14.46642],[120.97517,14.46642],[120.97517,14.46624]]],[[[120.97767,14.46708],[120.97776,14.46726],[120.97766,14.46726],[120.97767,14.46708]]],[[[120.97284,14.46776],[120.97293,14.46794],[120.97284,14.46794],[120.97284,14.46776]]],[[[120.97673,14.46797],[120.97655,14.46779],[120.97682,14.46779],[120.97673,14.46797]]],[[[120.97747,14.46834],[120.97794,14.46789],[120.97793,14.46843],[120.97747,14.46834]]],[[[120.97432,14.46822],[120.97459,14.46831],[120.97432,14.46831],[120.97432,14.46822]]],[[[120.97014,14.46846],[120.97042,14.46837],[120.97042,14.46864],[120.97014,14.46846]]],[[[120.97237,14.46866],[120.97273,14.46911],[120.97449,14.46913],[120.97496,14.46877],[120.97459,14.46841],[120.97515,14.46841],[120.97477,14.46922],[120.9756,14.4704],[120.97485,14.4713],[120.97401,14.47147],[120.97402,14.47048],[120.97346,14.47111],[120.97355,14.47066],[120.97272,14.47029],[120.97237,14.46866]]],[[[120.97144,14.46892],[120.97153,14.46901],[120.97143,14.46901],[120.97144,14.46892]]],[[[120.97143,14.46928],[120.97152,14.46937],[120.97143,14.46937],[120.97143,14.46928]]],[[[120.97697,14.47177],[120.97689,14.47123],[120.97716,14.47123],[120.97697,14.47177]]],[[[120.97725,14.47159],[120.9779,14.47214],[120.97844,14.4735],[120.97678,14.47294],[120.97725,14.47159]]],[[[120.97967,14.47161],[120.97957,14.47179],[120.97966,14.47179],[120.97967,14.47161]]],[[[120.97938,14.47197],[120.97967,14.47125],[120.97865,14.47115],[120.97875,14.47016],[120.97755,14.46942],[120.97756,14.46861],[120.97691,14.46824],[120.97754,14.47087],[120.9779,14.47142],[120.97856,14.47124],[120.97818,14.47169],[120.97863,14.47314],[120.97966,14.47261],[120.97975,14.47197],[120.97938,14.47197]]],[[[120.98124,14.47144],[120.98097,14.47108],[120.98125,14.47117],[120.98124,14.47144]]],[[[120.97894,14.46953],[120.97903,14.46971],[120.97903,14.46953],[120.97894,14.46953]]],[[[120.97894,14.46998],[120.97866,14.46971],[120.97857,14.46989],[120.97894,14.46998]]],[[[120.97514,14.46958],[120.97541,14.46995],[120.97514,14.46986],[120.97514,14.46958]]],[[[120.9767,14.47086],[120.9768,14.47104],[120.9767,14.47104],[120.9767,14.47086]]],[[[120.97799,14.47187],[120.97818,14.47196],[120.97799,14.47196],[120.97799,14.47187]]],[[[120.98133,14.47262],[120.98123,14.47253],[120.98133,14.47253],[120.98133,14.47262]]],[[[120.98003,14.47207],[120.97985,14.47197],[120.98003,14.47198],[120.98003,14.47207]]],[[[120.9805,14.47189],[120.98059,14.47171],[120.98068,14.47189],[120.9805,14.47189]]],[[[120.97098,14.46846],[120.97107,14.46856],[120.97098,14.46855],[120.97098,14.46846]]],[[[120.97431,14.46867],[120.9744,14.46877],[120.97431,14.46876],[120.97431,14.46867]]],[[[120.97566,14.47357],[120.97575,14.47366],[120.97566,14.47366],[120.97566,14.47357]]],[[[120.96978,14.46773],[120.97015,14.46719],[120.97006,14.46773],[120.96978,14.46773]]],[[[120.97126,14.46738],[120.97108,14.46747],[120.97126,14.46747],[120.97126,14.46738]]],[[[120.97099,14.46747],[120.97089,14.46729],[120.9708,14.46747],[120.97099,14.46747]]],[[[120.96932,14.467],[120.96942,14.46664],[120.97006,14.46674],[120.96997,14.4671],[120.96932,14.467]]],[[[120.96729,14.46581],[120.96747,14.46599],[120.96729,14.46599],[120.96729,14.46581]]],[[[120.96933,14.46574],[120.96924,14.46565],[120.96933,14.46565],[120.96933,14.46574]]],[[[120.97405,14.46714],[120.97386,14.46695],[120.97405,14.46705],[120.97405,14.46714]]],[[[120.97527,14.46579],[120.97518,14.46552],[120.97555,14.46552],[120.97527,14.46579]]],[[[120.97713,14.4649],[120.97685,14.46472],[120.97713,14.46463],[120.97713,14.4649]]],[[[120.97648,14.46454],[120.97648,14.4649],[120.97639,14.4649],[120.97648,14.46454]]],[[[120.97426,14.47455],[120.97435,14.47464],[120.97435,14.47455],[120.97426,14.47455]]],[[[120.97444,14.47464],[120.97454,14.47455],[120.97445,14.47455],[120.97444,14.47464]]],[[[120.97519,14.47456],[120.97491,14.47464],[120.97519,14.47465],[120.97519,14.47456]]],[[[120.98585,14.47456],[120.98576,14.47465],[120.98585,14.47465],[120.98585,14.47456]]],[[[120.97129,14.47461],[120.9712,14.4747],[120.97129,14.4747],[120.97129,14.47461]]],[[[120.97426,14.47473],[120.97417,14.47464],[120.97417,14.47473],[120.97426,14.47473]]],[[[120.97463,14.47464],[120.97454,14.47473],[120.97463,14.47473],[120.97463,14.47464]]],[[[120.98613,14.47474],[120.98594,14.47465],[120.98594,14.47474],[120.98613,14.47474]]],[[[120.98038,14.4746],[120.98029,14.47478],[120.98047,14.47478],[120.98038,14.4746]]],[[[120.97138,14.4747],[120.97129,14.47479],[120.97138,14.47479],[120.97138,14.4747]]],[[[120.97416,14.47482],[120.97407,14.47473],[120.97407,14.47482],[120.97416,14.47482]]],[[[120.98056,14.47478],[120.98047,14.47487],[120.98056,14.47487],[120.98056,14.47478]]],[[[120.97148,14.47479],[120.97138,14.47488],[120.97147,14.47488],[120.97148,14.47479]]],[[[120.97407,14.47491],[120.97398,14.47482],[120.97398,14.47491],[120.97407,14.47491]]],[[[120.98501,14.47491],[120.98492,14.47482],[120.98492,14.47491],[120.98501,14.47491]]],[[[120.97444,14.47482],[120.97453,14.47491],[120.97454,14.47482],[120.97444,14.47482]]],[[[120.97555,14.47492],[120.97621,14.47465],[120.97612,14.4742],[120.97602,14.47465],[120.97537,14.47465],[120.97555,14.47492]]],[[[120.97685,14.47484],[120.97657,14.47493],[120.97685,14.47493],[120.97685,14.47484]]],[[[120.97361,14.4749],[120.97324,14.47499],[120.97361,14.47499],[120.97361,14.4749]]],[[[120.97398,14.475],[120.97389,14.47491],[120.97388,14.475],[120.97398,14.475]]],[[[120.98492,14.475],[120.98483,14.47491],[120.98483,14.475],[120.98492,14.475]]],[[[120.97444,14.475],[120.97435,14.47491],[120.97435,14.475],[120.97444,14.475]]],[[[120.97611,14.47492],[120.97639,14.47502],[120.97639,14.47493],[120.97611,14.47492]]],[[[120.97083,14.47488],[120.97119,14.47506],[120.9712,14.47488],[120.97083,14.47488]]],[[[120.9852,14.47446],[120.98511,14.475],[120.98566,14.4751],[120.9853,14.4741],[120.9852,14.47446]]],[[[120.98956,14.47513],[120.98947,14.47504],[120.98946,14.47513],[120.98956,14.47513]]],[[[120.99151,14.47497],[120.99197,14.47515],[120.99197,14.47506],[120.99151,14.47497]]],[[[120.97138,14.47516],[120.97129,14.47506],[120.97129,14.47515],[120.97138,14.47516]]],[[[120.97296,14.47508],[120.97305,14.47517],[120.97305,14.47508],[120.97296,14.47508]]],[[[120.97565,14.47492],[120.97555,14.47519],[120.97564,14.47519],[120.97565,14.47492]]],[[[120.98983,14.47522],[120.98974,14.47513],[120.98974,14.47522],[120.98983,14.47522]]],[[[120.97082,14.47524],[120.97073,14.47497],[120.97073,14.47524],[120.97082,14.47524]]],[[[120.97147,14.47525],[120.97166,14.47498],[120.97157,14.47498],[120.97147,14.47525]]],[[[120.97295,14.47526],[120.97286,14.47517],[120.97286,14.47526],[120.97295,14.47526]]],[[[120.97435,14.47527],[120.97425,14.47509],[120.97425,14.47527],[120.97435,14.47527]]],[[[120.97574,14.47519],[120.97564,14.47528],[120.97574,14.47528],[120.97574,14.47519]]],[[[120.97611,14.4752],[120.97583,14.4751],[120.97583,14.47528],[120.97611,14.4752]]],[[[120.97073,14.47533],[120.97045,14.47524],[120.97045,14.47533],[120.97073,14.47533]]],[[[120.97175,14.47525],[120.97166,14.47534],[120.97175,14.47534],[120.97175,14.47525]]],[[[120.98288,14.47534],[120.98297,14.47525],[120.98288,14.47525],[120.98288,14.47534]]],[[[120.97583,14.47537],[120.97574,14.47528],[120.97574,14.47537],[120.97583,14.47537]]],[[[120.98779,14.47512],[120.98798,14.47521],[120.98798,14.47503],[120.98779,14.47512]]],[[[120.98066,14.47496],[120.98056,14.47541],[120.98065,14.47542],[120.98066,14.47496]]],[[[120.97045,14.47542],[120.97036,14.47533],[120.97036,14.47542],[120.97045,14.47542]]],[[[120.98316,14.47535],[120.98297,14.47544],[120.98315,14.47544],[120.98316,14.47535]]],[[[120.97434,14.47545],[120.97444,14.47536],[120.97434,14.47536],[120.97434,14.47545]]],[[[120.98779,14.47548],[120.9877,14.47539],[120.9877,14.47548],[120.98779,14.47548]]],[[[120.9915,14.47533],[120.99123,14.47514],[120.99132,14.47551],[120.9915,14.47533]]],[[[120.98232,14.47534],[120.98279,14.47516],[120.98232,14.47516],[120.98232,14.47534]]],[[[120.97221,14.47552],[120.97203,14.47543],[120.97202,14.47552],[120.97221,14.47552]]],[[[120.97258,14.47544],[120.97267,14.47553],[120.97267,14.47544],[120.97258,14.47544]]],[[[120.98334,14.47544],[120.98315,14.47553],[120.98334,14.47553],[120.98334,14.47544]]],[[[120.97453,14.47545],[120.97444,14.47554],[120.97453,14.47554],[120.97453,14.47545]]],[[[120.98056,14.4756],[120.98046,14.4755],[120.98046,14.47559],[120.98056,14.4756]]],[[[120.97017,14.4756],[120.97026,14.47551],[120.97002,14.4755],[120.97017,14.4756]]],[[[120.97036,14.47551],[120.97045,14.4756],[120.97045,14.47551],[120.97036,14.47551]]],[[[120.97193,14.47534],[120.97175,14.47561],[120.97184,14.47561],[120.97193,14.47534]]],[[[120.98269,14.47552],[120.9826,14.47561],[120.98269,14.47561],[120.98269,14.47552]]],[[[120.97258,14.47562],[120.9723,14.47552],[120.9723,14.47561],[120.97258,14.47562]]],[[[120.9839,14.47562],[120.98343,14.47553],[120.98343,14.47562],[120.9839,14.47562]]],[[[120.97462,14.47554],[120.97453,14.47563],[120.97462,14.47563],[120.97462,14.47554]]],[[[120.97035,14.47569],[120.97026,14.4756],[120.97026,14.47566],[120.97035,14.47569]]],[[[120.98278,14.47561],[120.98269,14.4757],[120.98278,14.47571],[120.98278,14.47561]]],[[[120.98037,14.47568],[120.98046,14.47578],[120.98046,14.47569],[120.98037,14.47568]]],[[[120.97471,14.47564],[120.97462,14.47582],[120.97471,14.47582],[120.97471,14.47564]]],[[[120.98714,14.47592],[120.98705,14.47583],[120.98705,14.47592],[120.98714,14.47592]]],[[[120.98241,14.47588],[120.98232,14.47597],[120.98241,14.47597],[120.98241,14.47588]]],[[[120.9748,14.476],[120.97471,14.47591],[120.97471,14.476],[120.9748,14.476]]],[[[120.97193,14.47561],[120.97183,14.47615],[120.97193,14.47615],[120.97193,14.47561]]],[[[120.97795,14.47621],[120.97796,14.47575],[120.97713,14.47548],[120.97713,14.47484],[120.97685,14.47547],[120.97657,14.47511],[120.97583,14.47546],[120.9761,14.47619],[120.97657,14.47583],[120.97795,14.47621]]],[[[120.98185,14.47624],[120.98166,14.47615],[120.98166,14.47624],[120.98185,14.47624]]],[[[120.97202,14.47615],[120.97193,14.47624],[120.97202,14.47625],[120.97202,14.47615]]],[[[120.98166,14.47633],[120.98157,14.47624],[120.98157,14.47633],[120.98166,14.47633]]],[[[120.97489,14.47636],[120.9748,14.47609],[120.9748,14.47636],[120.97489,14.47636]]],[[[120.97628,14.47637],[120.97619,14.47628],[120.97619,14.47637],[120.97628,14.47637]]],[[[120.97128,14.47633],[120.97117,14.47633],[120.97127,14.47642],[120.97128,14.47633]]],[[[120.98157,14.47642],[120.98148,14.47633],[120.98148,14.47642],[120.98157,14.47642]]],[[[120.9812,14.47641],[120.98138,14.47651],[120.98138,14.47642],[120.9812,14.47641]]],[[[120.97136,14.47651],[120.97146,14.47642],[120.97128,14.47642],[120.97136,14.47651]]],[[[120.97498,14.47654],[120.97489,14.47645],[120.97489,14.47654],[120.97498,14.47654]]],[[[120.97637,14.47655],[120.97628,14.47646],[120.97628,14.47655],[120.97637,14.47655]]],[[[120.97164,14.47651],[120.97146,14.47659],[120.97164,14.4766],[120.97164,14.47651]]],[[[120.97192,14.47652],[120.97202,14.47661],[120.97202,14.47652],[120.97192,14.47652]]],[[[120.9812,14.4765],[120.98036,14.47641],[120.98028,14.47577],[120.98036,14.47659],[120.9812,14.4765]]],[[[120.97192,14.4767],[120.97164,14.4766],[120.97164,14.47669],[120.97192,14.4767]]],[[[120.97257,14.4767],[120.97266,14.47661],[120.97257,14.47661],[120.97257,14.4767]]],[[[120.97498,14.47672],[120.97508,14.47663],[120.97498,14.47663],[120.97498,14.47672]]],[[[120.98936,14.47676],[120.98936,14.4763],[120.98917,14.47675],[120.98936,14.47676]]],[[[120.98194,14.47678],[120.98213,14.47615],[120.98232,14.47579],[120.98186,14.47543],[120.98194,14.47678]]],[[[120.97276,14.4767],[120.97266,14.47679],[120.97276,14.47679],[120.97276,14.4767]]],[[[120.97359,14.47671],[120.97368,14.4768],[120.97368,14.47671],[120.97359,14.47671]]],[[[120.97517,14.47672],[120.97507,14.47681],[120.97517,14.47681],[120.97517,14.47672]]],[[[120.97285,14.47679],[120.97275,14.47688],[120.97285,14.47688],[120.97285,14.47679]]],[[[120.97359,14.47689],[120.9735,14.4768],[120.9735,14.47689],[120.97359,14.47689]]],[[[120.97526,14.47682],[120.97517,14.4769],[120.97526,14.47691],[120.97526,14.47682]]],[[[120.97294,14.47689],[120.97285,14.47698],[120.97294,14.47698],[120.97294,14.47689]]],[[[120.9735,14.47698],[120.9734,14.47689],[120.9734,14.47698],[120.9735,14.47698]]],[[[120.97535,14.47691],[120.97526,14.477],[120.97535,14.477],[120.97535,14.47691]]],[[[120.9722,14.47706],[120.97229,14.47697],[120.9722,14.47697],[120.9722,14.47706]]],[[[120.97303,14.47707],[120.97312,14.47698],[120.97303,14.47698],[120.97303,14.47707]]],[[[120.9734,14.47707],[120.97331,14.47698],[120.97331,14.47707],[120.9734,14.47707]]],[[[120.97396,14.47708],[120.97405,14.47699],[120.97396,14.47698],[120.97396,14.47708]]],[[[120.97553,14.47709],[120.97544,14.477],[120.97544,14.47709],[120.97553,14.47709]]],[[[120.97637,14.4771],[120.97628,14.477],[120.97628,14.4771],[120.97637,14.4771]]],[[[120.97238,14.47706],[120.97229,14.47715],[120.97238,14.47715],[120.97238,14.47706]]],[[[120.97322,14.47707],[120.97312,14.47716],[120.97322,14.47716],[120.97322,14.47707]]],[[[120.97414,14.47708],[120.97405,14.47717],[120.97414,14.47717],[120.97414,14.47708]]],[[[120.98509,14.47663],[120.98518,14.47699],[120.98546,14.47717],[120.98537,14.47681],[120.98509,14.47663]]],[[[120.97572,14.47718],[120.97563,14.47709],[120.97563,14.47718],[120.97572,14.47718]]],[[[120.97247,14.47715],[120.97238,14.47724],[120.97247,14.47724],[120.97247,14.47715]]],[[[120.97423,14.47726],[120.97433,14.47717],[120.97424,14.47717],[120.97423,14.47726]]],[[[120.97618,14.47718],[120.97581,14.47727],[120.97618,14.47727],[120.97618,14.47718]]],[[[120.97256,14.47733],[120.97266,14.47724],[120.97257,14.47724],[120.97256,14.47733]]],[[[120.97442,14.47726],[120.97433,14.47735],[120.97442,14.47735],[120.97442,14.47726]]],[[[120.97275,14.47734],[120.97266,14.47743],[120.97275,14.47743],[120.97275,14.47734]]],[[[120.97451,14.47735],[120.97442,14.47744],[120.97451,14.47744],[120.97451,14.47735]]],[[[120.97284,14.47743],[120.97275,14.47752],[120.97284,14.47752],[120.97284,14.47743]]],[[[120.9746,14.47744],[120.97451,14.47753],[120.9746,14.47753],[120.9746,14.47744]]],[[[120.9747,14.47753],[120.9746,14.47762],[120.9747,14.47762],[120.9747,14.47753]]],[[[120.9785,14.47766],[120.97868,14.47748],[120.9785,14.47739],[120.9785,14.47766]]],[[[120.97303,14.4777],[120.97312,14.47761],[120.97303,14.47761],[120.97303,14.4777]]],[[[120.97358,14.4777],[120.97368,14.47761],[120.97358,14.47761],[120.97358,14.4777]]],[[[120.97479,14.47762],[120.97469,14.47771],[120.97479,14.47771],[120.97479,14.47762]]],[[[120.98926,14.47775],[120.98916,14.47766],[120.98916,14.47775],[120.98926,14.47775]]],[[[120.9733,14.4777],[120.97312,14.47779],[120.9733,14.47779],[120.9733,14.4777]]],[[[120.97488,14.47772],[120.97479,14.47781],[120.97488,14.47781],[120.97488,14.47772]]],[[[120.98137,14.47786],[120.9823,14.47787],[120.98156,14.47777],[120.98194,14.47696],[120.98184,14.47678],[120.98137,14.47786]]],[[[120.97506,14.47781],[120.97497,14.47826],[120.97506,14.47826],[120.97506,14.47781]]],[[[120.97525,14.47826],[120.97506,14.47835],[120.97525,14.47835],[120.97525,14.47826]]],[[[120.97534,14.47835],[120.97524,14.47844],[120.97534,14.47844],[120.97534,14.47835]]],[[[120.97552,14.47844],[120.97534,14.47853],[120.97552,14.47853],[120.97552,14.47844]]],[[[120.97561,14.47854],[120.97552,14.47862],[120.97561,14.47863],[120.97561,14.47854]]],[[[120.99036,14.47866],[120.99018,14.47848],[120.99017,14.47866],[120.99036,14.47866]]],[[[120.99231,14.47868],[120.99222,14.47859],[120.99221,14.47868],[120.99231,14.47868]]],[[[120.98192,14.47868],[120.9822,14.4785],[120.98192,14.47859],[120.98192,14.47868]]],[[[120.97571,14.47863],[120.97561,14.47872],[120.97571,14.47872],[120.97571,14.47863]]],[[[120.99249,14.47877],[120.99259,14.47868],[120.99249,14.47868],[120.99249,14.47877]]],[[[120.9758,14.47872],[120.9757,14.47881],[120.9758,14.47881],[120.9758,14.47872]]],[[[120.99203,14.47886],[120.99212,14.47877],[120.99203,14.47859],[120.99203,14.47886]]],[[[120.99268,14.47877],[120.99258,14.47886],[120.99268,14.47886],[120.99268,14.47877]]],[[[120.97589,14.47881],[120.9758,14.4789],[120.97589,14.4789],[120.97589,14.47881]]],[[[120.99277,14.47886],[120.99268,14.47895],[120.99277,14.47895],[120.99277,14.47886]]],[[[120.99314,14.4785],[120.99323,14.47896],[120.9937,14.47896],[120.99361,14.4786],[120.99314,14.4785]]],[[[120.97598,14.4789],[120.97589,14.47899],[120.97598,14.47899],[120.97598,14.4789]]],[[[120.9924,14.47886],[120.9923,14.47904],[120.9924,14.47904],[120.9924,14.47886]]],[[[120.9822,14.47895],[120.98229,14.47904],[120.98229,14.47895],[120.9822,14.47895]]],[[[120.99258,14.47904],[120.99267,14.47913],[120.99268,14.47904],[120.99258,14.47904]]],[[[120.98219,14.47913],[120.9821,14.47904],[120.9821,14.47913],[120.98219,14.47913]]],[[[120.98275,14.47914],[120.98257,14.47905],[120.98256,14.47914],[120.98275,14.47914]]],[[[120.99258,14.47922],[120.9924,14.47904],[120.9924,14.47922],[120.99258,14.47922]]],[[[120.98191,14.47958],[120.98192,14.47886],[120.98163,14.47949],[120.98191,14.47958]]],[[[120.98914,14.47992],[120.98905,14.47973],[120.98905,14.47992],[120.98914,14.47992]]],[[[120.99007,14.47992],[120.98998,14.47974],[120.98998,14.47992],[120.99007,14.47992]]],[[[120.97764,14.48036],[120.97754,14.48045],[120.97764,14.48045],[120.97764,14.48036]]],[[[120.97773,14.48045],[120.97764,14.48054],[120.97773,14.48054],[120.97773,14.48045]]],[[[120.99081,14.48056],[120.99071,14.48047],[120.99071,14.48056],[120.99081,14.48056]]],[[[120.97782,14.48054],[120.97773,14.48063],[120.97782,14.48063],[120.97782,14.48054]]],[[[120.98867,14.48064],[120.98849,14.48054],[120.98849,14.48063],[120.98867,14.48064]]],[[[120.98292,14.48059],[120.9832,14.4805],[120.98292,14.48041],[120.98292,14.48059]]],[[[120.97791,14.48063],[120.97782,14.48072],[120.97791,14.48072],[120.97791,14.48063]]],[[[120.97801,14.48072],[120.97791,14.48081],[120.97801,14.48081],[120.97801,14.48072]]],[[[120.97736,14.48081],[120.97726,14.4809],[120.97736,14.4809],[120.97736,14.48081]]],[[[120.9781,14.48082],[120.978,14.48091],[120.9781,14.48091],[120.9781,14.48082]]],[[[120.97819,14.48091],[120.9781,14.481],[120.97819,14.481],[120.97819,14.48091]]],[[[120.97754,14.48099],[120.97735,14.48108],[120.97754,14.48117],[120.97754,14.48099]]],[[[120.97828,14.481],[120.97819,14.48118],[120.97828,14.48118],[120.97828,14.481]]],[[[120.98969,14.48128],[120.9895,14.48118],[120.9895,14.48128],[120.98969,14.48128]]],[[[120.99061,14.48174],[120.99043,14.48164],[120.99042,14.48173],[120.99061,14.48174]]],[[[120.98792,14.48171],[120.98783,14.4818],[120.98792,14.4818],[120.98792,14.48171]]],[[[120.99117,14.48192],[120.99107,14.48183],[120.99107,14.48192],[120.99117,14.48192]]],[[[120.98514,14.48196],[120.98532,14.48205],[120.98532,14.48196],[120.98514,14.48196]]],[[[120.98504,14.4825],[120.98485,14.48232],[120.98485,14.4825],[120.98504,14.4825]]],[[[120.98253,14.48248],[120.98225,14.48266],[120.98253,14.48266],[120.98253,14.48248]]],[[[120.98426,14.4759],[120.98241,14.47597],[120.9835,14.47779],[120.98239,14.47814],[120.98609,14.47944],[120.98515,14.48097],[120.98551,14.48214],[120.98522,14.48277],[120.98616,14.48161],[120.98783,14.48171],[120.98812,14.48063],[120.98876,14.48118],[120.98849,14.48045],[120.9895,14.481],[120.99007,14.48038],[120.98868,14.48],[120.98925,14.47874],[120.98851,14.4781],[120.98898,14.47775],[120.98759,14.47728],[120.98741,14.4762],[120.98703,14.47737],[120.98639,14.47655],[120.98686,14.47556],[120.98751,14.47556],[120.98705,14.47511],[120.98715,14.47457],[120.98789,14.47475],[120.98752,14.47421],[120.98837,14.47322],[120.98956,14.47504],[120.9914,14.47659],[120.99112,14.47704],[120.99038,14.47676],[120.99001,14.47586],[120.99001,14.47631],[120.98973,14.47622],[120.98926,14.47766],[120.98964,14.47676],[120.99084,14.47722],[120.99046,14.47839],[120.99165,14.4794],[120.99165,14.48003],[120.99239,14.48031],[120.99273,14.48275],[120.99302,14.48203],[120.99488,14.48177],[120.99552,14.48223],[120.99553,14.48097],[120.99499,14.4797],[120.99415,14.48005],[120.99451,14.48087],[120.99498,14.4806],[120.99488,14.48159],[120.99312,14.48158],[120.99293,14.4813],[120.99377,14.48104],[120.99359,14.4805],[120.99406,14.48014],[120.99312,14.48058],[120.99202,14.47976],[120.99193,14.47895],[120.99128,14.47903],[120.99157,14.47822],[120.9912,14.47786],[120.99186,14.47732],[120.99278,14.47787],[120.99306,14.47778],[120.99223,14.47678],[120.99233,14.47597],[120.99122,14.47578],[120.99086,14.47487],[120.99021,14.47514],[120.98957,14.47396],[120.98919,14.47413],[120.98977,14.47242],[120.9892,14.47332],[120.98921,14.47233],[120.98875,14.47196],[120.98977,14.47215],[120.98903,14.47151],[120.98959,14.47097],[120.98857,14.47142],[120.98701,14.46987],[120.98654,14.47032],[120.98719,14.47068],[120.98681,14.47131],[120.98626,14.4704],[120.9854,14.47365],[120.98595,14.47383],[120.98615,14.47212],[120.98652,14.47248],[120.98727,14.47213],[120.98716,14.47375],[120.98575,14.4751],[120.98594,14.47555],[120.98631,14.47537],[120.98659,14.47547],[120.98584,14.476],[120.98529,14.47509],[120.98474,14.475],[120.9839,14.47544],[120.98426,14.4759]]],[[[120.98551,14.48178],[120.98569,14.48206],[120.98551,14.48205],[120.98551,14.48178]]],[[[120.98598,14.48134],[120.9857,14.48079],[120.9858,14.48079],[120.98598,14.48134]]],[[[120.98608,14.48061],[120.98599,14.48034],[120.98626,14.48034],[120.98608,14.48061]]],[[[120.98738,14.47999],[120.9871,14.4799],[120.98738,14.4799],[120.98738,14.47999]]],[[[120.98655,14.47917],[120.98618,14.4789],[120.98665,14.47872],[120.98655,14.47917]]],[[[120.98693,14.47863],[120.98712,14.47809],[120.98711,14.47863],[120.98693,14.47863]]],[[[120.98776,14.47846],[120.98768,14.4781],[120.98786,14.47819],[120.98776,14.47846]]],[[[120.98554,14.47808],[120.98545,14.47799],[120.98554,14.47799],[120.98554,14.47808]]],[[[120.98434,14.47735],[120.98416,14.47743],[120.98434,14.47744],[120.98434,14.47735]]],[[[120.98397,14.47725],[120.98416,14.47707],[120.98388,14.47707],[120.98397,14.47725]]],[[[120.98444,14.47744],[120.98434,14.47753],[120.98443,14.47753],[120.98444,14.47744]]],[[[120.98453,14.47753],[120.98443,14.47762],[120.98453,14.47762],[120.98453,14.47753]]],[[[120.98305,14.47679],[120.98333,14.47643],[120.98351,14.47671],[120.98305,14.47679]]],[[[120.98622,14.4751],[120.98613,14.47501],[120.98622,14.47501],[120.98622,14.4751]]],[[[120.98678,14.47502],[120.98668,14.47493],[120.98678,14.47493],[120.98678,14.47502]]],[[[120.98818,14.47331],[120.988,14.47313],[120.98818,14.47313],[120.98818,14.47331]]],[[[120.98893,14.47269],[120.98875,14.47232],[120.98893,14.47232],[120.98893,14.47269]]],[[[120.98819,14.47232],[120.98837,14.47259],[120.9881,14.4725],[120.98819,14.47232]]],[[[120.98838,14.47187],[120.98764,14.47213],[120.98773,14.47159],[120.98838,14.47187]]],[[[120.98577,14.4732],[120.98577,14.47374],[120.98567,14.47374],[120.98577,14.4732]]],[[[120.98892,14.47359],[120.98901,14.47377],[120.98883,14.47377],[120.98892,14.47359]]],[[[120.99093,14.47758],[120.99102,14.47776],[120.99092,14.47776],[120.99093,14.47758]]],[[[120.99102,14.47794],[120.99083,14.47848],[120.99055,14.47821],[120.99102,14.47794]]],[[[120.99451,14.48168],[120.9946,14.48177],[120.99451,14.48177],[120.99451,14.48168]]],[[[120.98743,14.47457],[120.98752,14.47466],[120.98743,14.47466],[120.98743,14.47457]]],[[[120.98619,14.47772],[120.98592,14.47754],[120.9862,14.47754],[120.98619,14.47772]]],[[[120.99273,14.48284],[120.99283,14.48293],[120.99283,14.48284],[120.99273,14.48284]]],[[[120.99273,14.48302],[120.99264,14.48293],[120.99264,14.48302],[120.99273,14.48302]]],[[[120.98976,14.48299],[120.98967,14.48308],[120.98976,14.48308],[120.98976,14.48299]]],[[[120.99264,14.48311],[120.99255,14.48302],[120.99255,14.48311],[120.99264,14.48311]]],[[[120.99208,14.4831],[120.99199,14.48319],[120.99208,14.48319],[120.99208,14.4831]]],[[[120.99254,14.4832],[120.99236,14.48311],[120.99236,14.4832],[120.99254,14.4832]]],[[[120.99236,14.48329],[120.99208,14.48319],[120.99208,14.48329],[120.99236,14.48329]]],[[[120.98355,14.48294],[120.98336,14.48321],[120.98355,14.4833],[120.98355,14.48294]]],[[[120.98568,14.48332],[120.98596,14.48314],[120.98568,14.48323],[120.98568,14.48332]]],[[[120.98855,14.4838],[120.98846,14.48362],[120.98846,14.4838],[120.98855,14.4838]]],[[[120.98577,14.48395],[120.98558,14.48386],[120.98558,14.48395],[120.98577,14.48395]]],[[[120.98855,14.48398],[120.98864,14.48389],[120.98855,14.48389],[120.98855,14.48398]]],[[[120.98874,14.48398],[120.98864,14.48407],[120.98873,14.48407],[120.98874,14.48398]]],[[[120.9869,14.48234],[120.98726,14.48288],[120.98689,14.4827],[120.9867,14.4836],[120.98605,14.48369],[120.98642,14.48414],[120.98679,14.48369],[120.98734,14.48406],[120.98883,14.48344],[120.98828,14.48307],[120.98838,14.48208],[120.98967,14.48299],[120.98866,14.4819],[120.98792,14.48189],[120.98764,14.48243],[120.9869,14.48189],[120.9869,14.48234]]],[[[120.988,14.48343],[120.98818,14.48361],[120.988,14.48361],[120.988,14.48343]]],[[[120.98772,14.48307],[120.98763,14.48361],[120.98763,14.48307],[120.98772,14.48307]]],[[[120.98754,14.48316],[120.98707,14.48397],[120.98717,14.48306],[120.98754,14.48316]]],[[[120.98772,14.48298],[120.98736,14.4827],[120.98736,14.48252],[120.98782,14.48253],[120.98772,14.48298]]],[[[120.98298,14.4842],[120.98326,14.48411],[120.98298,14.48402],[120.98298,14.4842]]],[[[120.98976,14.48308],[120.98966,14.48408],[120.98873,14.48407],[120.98901,14.48452],[120.98975,14.48435],[120.99032,14.48363],[120.98976,14.48308]]],[[[120.98437,14.48457],[120.984,14.48466],[120.98437,14.48476],[120.98437,14.48457]]],[[[120.98697,14.48487],[120.98679,14.48423],[120.98659,14.48477],[120.98697,14.48487]]],[[[120.98381,14.48529],[120.98372,14.4852],[120.98372,14.48529],[120.98381,14.48529]]],[[[120.97927,14.4745],[120.97806,14.47485],[120.97833,14.47567],[120.97767,14.47702],[120.97887,14.47739],[120.97886,14.47838],[120.97997,14.47902],[120.98189,14.4822],[120.98245,14.48158],[120.98235,14.48212],[120.98273,14.48194],[120.98402,14.48285],[120.98364,14.48357],[120.98438,14.48322],[120.984,14.48403],[120.98465,14.48431],[120.98437,14.48512],[120.98576,14.48513],[120.98586,14.4845],[120.98301,14.48122],[120.9797,14.47848],[120.98008,14.47713],[120.97962,14.47685],[120.97963,14.47559],[120.98047,14.47514],[120.98,14.47523],[120.98001,14.47478],[120.97927,14.4745]]],[[[120.98484,14.48386],[120.98475,14.48395],[120.98484,14.48395],[120.98484,14.48386]]],[[[120.98456,14.48385],[120.98475,14.48367],[120.98456,14.48367],[120.98456,14.48385]]],[[[120.98503,14.48395],[120.98484,14.48422],[120.98512,14.48413],[120.98503,14.48395]]],[[[120.9796,14.4783],[120.97933,14.47766],[120.9797,14.47758],[120.9796,14.4783]]],[[[120.97915,14.47712],[120.97906,14.47703],[120.97915,14.47703],[120.97915,14.47712]]],[[[120.97962,14.47649],[120.97953,14.47658],[120.97962,14.47658],[120.97962,14.47649]]],[[[120.97944,14.47649],[120.97953,14.4764],[120.97944,14.4764],[120.97944,14.47649]]],[[[120.97842,14.47639],[120.97851,14.47657],[120.97841,14.47657],[120.97842,14.47639]]],[[[120.97888,14.4763],[120.9787,14.47621],[120.97898,14.47612],[120.97888,14.4763]]],[[[120.97879,14.47576],[120.9787,14.47549],[120.9788,14.47549],[120.97879,14.47576]]],[[[120.97907,14.4754],[120.9788,14.47531],[120.97908,14.47522],[120.97907,14.4754]]],[[[120.97963,14.47505],[120.97973,14.47487],[120.97982,14.47505],[120.97963,14.47505]]],[[[120.98622,14.48504],[120.98594,14.48513],[120.98622,14.48531],[120.98622,14.48504]]],[[[120.99199,14.4831],[120.9906,14.483],[120.99077,14.48436],[120.98994,14.48444],[120.99039,14.48544],[120.99068,14.48472],[120.99123,14.48481],[120.99096,14.48382],[120.99189,14.48355],[120.99162,14.4831],[120.99199,14.4831]]],[[[120.99039,14.48553],[120.9903,14.48544],[120.9903,14.48553],[120.99039,14.48553]]],[[[120.9903,14.48562],[120.99021,14.48553],[120.9902,14.48562],[120.9903,14.48562]]],[[[120.98714,14.4855],[120.98686,14.48568],[120.98714,14.48568],[120.98714,14.4855]]],[[[120.9902,14.48571],[120.99011,14.48562],[120.99011,14.48571],[120.9902,14.48571]]],[[[120.98445,14.48575],[120.98436,14.48566],[120.98436,14.48575],[120.98445,14.48575]]],[[[120.98594,14.48576],[120.98584,14.48567],[120.98584,14.48576],[120.98594,14.48576]]],[[[120.99011,14.4858],[120.99002,14.48571],[120.99002,14.4858],[120.99011,14.4858]]],[[[120.99002,14.48589],[120.98992,14.4858],[120.98992,14.48589],[120.99002,14.48589]]],[[[120.99243,14.48591],[120.99271,14.48582],[120.99243,14.48573],[120.99243,14.48591]]],[[[120.98278,14.48592],[120.98306,14.48592],[120.98306,14.48574],[120.98278,14.48592]]],[[[120.98751,14.48605],[120.98742,14.48596],[120.98742,14.48605],[120.98751,14.48605]]],[[[120.98992,14.48607],[120.98983,14.48589],[120.98983,14.48607],[120.98992,14.48607]]],[[[120.97546,14.48567],[120.97536,14.48585],[120.97564,14.48613],[120.97546,14.48567]]],[[[120.97573,14.48613],[120.97564,14.48622],[120.97573,14.48622],[120.97573,14.48613]]],[[[120.98983,14.48625],[120.98974,14.48616],[120.98974,14.48625],[120.98983,14.48625]]],[[[120.98566,14.48603],[120.98714,14.48604],[120.98631,14.48559],[120.98566,14.48603]]],[[[120.98528,14.48648],[120.98519,14.48621],[120.98519,14.48648],[120.98528,14.48648]]],[[[120.98973,14.48652],[120.98983,14.48643],[120.98973,14.48643],[120.98973,14.48652]]],[[[120.99001,14.48652],[120.98982,14.48661],[120.99001,14.48661],[120.99001,14.48652]]],[[[120.99029,14.4867],[120.9901,14.48661],[120.9901,14.4867],[120.99029,14.4867]]],[[[120.99066,14.4868],[120.99047,14.48671],[120.99047,14.4868],[120.99066,14.4868]]],[[[120.97573,14.48622],[120.97526,14.48657],[120.97518,14.48585],[120.97471,14.48603],[120.97526,14.48685],[120.97573,14.48622]]],[[[120.9876,14.48686],[120.9875,14.48677],[120.9875,14.48686],[120.9876,14.48686]]],[[[120.99195,14.48717],[120.99205,14.48708],[120.99195,14.48708],[120.99195,14.48717]]],[[[120.99242,14.48717],[120.99232,14.48708],[120.99232,14.48717],[120.99242,14.48717]]],[[[120.99158,14.48717],[120.99102,14.48725],[120.99158,14.48726],[120.99158,14.48717]]],[[[120.99223,14.48717],[120.99204,14.48726],[120.99223,14.48726],[120.99223,14.48717]]],[[[120.99251,14.48726],[120.99242,14.48717],[120.99242,14.48726],[120.99251,14.48726]]],[[[120.99214,14.48708],[120.99279,14.48727],[120.99316,14.48664],[120.99168,14.48626],[120.99177,14.48663],[120.99131,14.48671],[120.99168,14.4869],[120.99196,14.48645],[120.99214,14.48708]]],[[[120.9863,14.48712],[120.98704,14.48713],[120.9863,14.48685],[120.9863,14.48712]]],[[[120.98731,14.4874],[120.98722,14.48731],[120.98722,14.4874],[120.98731,14.4874]]],[[[120.99223,14.48735],[120.99232,14.48744],[120.99232,14.48735],[120.99223,14.48735]]],[[[120.99223,14.48753],[120.99214,14.48744],[120.99213,14.48753],[120.99223,14.48753]]],[[[120.9926,14.48754],[120.99251,14.48736],[120.99251,14.48754],[120.9926,14.48754]]],[[[120.98601,14.48766],[120.98592,14.48757],[120.98592,14.48766],[120.98601,14.48766]]],[[[120.99732,14.48821],[120.99734,14.48658],[120.99632,14.48639],[120.99641,14.48676],[120.99706,14.48667],[120.99686,14.48757],[120.99732,14.48821]]],[[[120.98786,14.48804],[120.98805,14.48813],[120.98805,14.48804],[120.98786,14.48804]]],[[[120.97571,14.4883],[120.9759,14.48839],[120.9759,14.4883],[120.97571,14.4883]]],[[[120.9886,14.48841],[120.98852,14.48777],[120.98935,14.48787],[120.98926,14.48742],[120.9899,14.48806],[120.99093,14.48797],[120.99075,14.48707],[120.98926,14.48706],[120.98945,14.48661],[120.98798,14.48524],[120.9876,14.48641],[120.98778,14.48695],[120.98834,14.48651],[120.98871,14.48696],[120.98806,14.48741],[120.9886,14.48841]]],[[[120.9861,14.48829],[120.98582,14.48847],[120.9861,14.48848],[120.9861,14.48829]]],[[[120.97571,14.48848],[120.97562,14.48839],[120.97562,14.48848],[120.97571,14.48848]]],[[[120.97599,14.48848],[120.97608,14.48839],[120.97599,14.48839],[120.97599,14.48848]]],[[[120.97617,14.48848],[120.97608,14.48857],[120.97617,14.48857],[120.97617,14.48848]]],[[[120.97627,14.48857],[120.97617,14.48866],[120.97626,14.48866],[120.97627,14.48857]]],[[[120.97571,14.48875],[120.97562,14.48866],[120.97561,14.48875],[120.97571,14.48875]]],[[[120.98637,14.48884],[120.98647,14.48875],[120.98637,14.48875],[120.98637,14.48884]]],[[[120.99751,14.48857],[120.99788,14.4883],[120.99779,14.48803],[120.99751,14.48857]]],[[[120.97608,14.48893],[120.97589,14.48884],[120.97589,14.48893],[120.97608,14.48893]]],[[[120.97626,14.48893],[120.97617,14.48884],[120.97617,14.48893],[120.97626,14.48893]]],[[[120.98656,14.48884],[120.98646,14.48902],[120.98656,14.48902],[120.98656,14.48884]]],[[[120.98869,14.48913],[120.98878,14.48904],[120.98869,14.48904],[120.98869,14.48913]]],[[[120.99796,14.48921],[120.99787,14.48903],[120.99787,14.48921],[120.99796,14.48921]]],[[[120.9988,14.48895],[120.99843,14.48903],[120.9988,14.48922],[120.9988,14.48895]]],[[[120.99935,14.48922],[120.99917,14.48895],[120.99908,14.48922],[120.99935,14.48922]]],[[[120.99852,14.4893],[120.99843,14.48921],[120.99843,14.4893],[120.99852,14.4893]]],[[[120.98841,14.4894],[120.9886,14.48904],[120.98731,14.48767],[120.98684,14.4883],[120.98758,14.48831],[120.9873,14.48912],[120.98841,14.4894]]],[[[120.98414,14.48963],[120.98451,14.48918],[120.98433,14.489],[120.98414,14.48963]]],[[[120.98868,14.48976],[120.9885,14.48958],[120.9885,14.48976],[120.98868,14.48976]]],[[[120.99861,14.48985],[120.99861,14.48958],[120.99824,14.48948],[120.99861,14.48985]]],[[[120.99888,14.48985],[120.99879,14.48994],[120.99888,14.48994],[120.99888,14.48985]]],[[[120.99898,14.48994],[120.99888,14.49003],[120.99898,14.49003],[120.99898,14.48994]]],[[[120.98441,14.49],[120.98432,14.49009],[120.98441,14.49009],[120.98441,14.49]]],[[[120.98432,14.49018],[120.98423,14.49009],[120.98423,14.49018],[120.98432,14.49018]]],[[[120.9871,14.49029],[120.98692,14.49011],[120.98692,14.49029],[120.9871,14.49029]]],[[[120.99907,14.4903],[120.99898,14.49012],[120.99897,14.4903],[120.99907,14.4903]]],[[[120.98738,14.49047],[120.98766,14.49021],[120.98729,14.49029],[120.98738,14.49047]]],[[[120.98812,14.4903],[120.9884,14.49039],[120.9884,14.49021],[120.98812,14.4903]]],[[[120.99276,14.49052],[120.99267,14.49034],[120.99266,14.49052],[120.99276,14.49052]]],[[[120.98803,14.49039],[120.98766,14.49057],[120.98803,14.49057],[120.98803,14.49039]]],[[[120.99266,14.4907],[120.99257,14.49061],[120.99257,14.4907],[120.99266,14.4907]]],[[[120.9986,14.49066],[120.99897,14.49057],[120.99897,14.49039],[120.9986,14.49066]]],[[[120.98255,14.49116],[120.98264,14.49107],[120.98255,14.49107],[120.98255,14.49116]]],[[[120.9757,14.47953],[120.97487,14.47898],[120.97497,14.47844],[120.9733,14.47779],[120.97818,14.48235],[120.98248,14.48881],[120.98174,14.48862],[120.98164,14.48898],[120.98229,14.48926],[120.98228,14.49052],[120.98292,14.49116],[120.98274,14.49052],[120.98386,14.49026],[120.98349,14.48963],[120.98414,14.49009],[120.98432,14.48991],[120.98185,14.4869],[120.98296,14.48718],[120.98259,14.487],[120.98269,14.48601],[120.97956,14.483],[120.97837,14.48118],[120.97744,14.48126],[120.97662,14.48053],[120.97726,14.48081],[120.97736,14.48009],[120.97634,14.47981],[120.97607,14.47899],[120.97552,14.47917],[120.9757,14.47953]]],[[[120.98056,14.48536],[120.98047,14.48544],[120.98056,14.48545],[120.98056,14.48536]]],[[[120.98019,14.48517],[120.98047,14.48517],[120.98019,14.48499],[120.98019,14.48517]]],[[[120.98084,14.48527],[120.98075,14.48518],[120.98084,14.48518],[120.98084,14.48527]]],[[[120.98084,14.48509],[120.98066,14.48472],[120.98085,14.48473],[120.98084,14.48509]]],[[[120.97965,14.48363],[120.97983,14.48408],[120.9802,14.48445],[120.98039,14.48391],[120.97965,14.48363]]],[[[120.97956,14.48363],[120.97965,14.48354],[120.97956,14.48354],[120.97956,14.48363]]],[[[120.98048,14.48445],[120.98038,14.48481],[120.98047,14.48481],[120.98048,14.48445]]],[[[120.9801,14.48463],[120.97983,14.48463],[120.9801,14.48481],[120.9801,14.48463]]],[[[120.97973,14.48444],[120.97983,14.48435],[120.97974,14.48435],[120.97973,14.48444]]],[[[120.9802,14.48481],[120.9801,14.4849],[120.98019,14.4849],[120.9802,14.48481]]],[[[120.97864,14.48236],[120.97873,14.48245],[120.97873,14.48236],[120.97864,14.48236]]],[[[120.979,14.48308],[120.978,14.4819],[120.979,14.48326],[120.979,14.48308]]],[[[120.9791,14.48326],[120.979,14.48335],[120.9791,14.48335],[120.9791,14.48326]]],[[[120.97947,14.48318],[120.97938,14.48309],[120.97947,14.48309],[120.97947,14.48318]]],[[[120.98223,14.48582],[120.98232,14.48591],[120.98223,14.48591],[120.98223,14.48582]]],[[[120.98232,14.486],[120.98241,14.48609],[120.98232,14.48609],[120.98232,14.486]]],[[[120.98231,14.48645],[120.9825,14.48655],[120.98231,14.48655],[120.98231,14.48645]]],[[[120.98283,14.49125],[120.98264,14.49116],[120.98264,14.49125],[120.98283,14.49125]]],[[[120.98654,14.49083],[120.987,14.49128],[120.98691,14.49074],[120.98654,14.49083]]],[[[120.98663,14.49137],[120.98654,14.49128],[120.98654,14.49137],[120.98663,14.49137]]],[[[120.98886,14.49121],[120.98904,14.4913],[120.98904,14.49112],[120.98886,14.49121]]],[[[120.98635,14.49155],[120.98653,14.49146],[120.98635,14.49146],[120.98635,14.49155]]],[[[120.99822,14.49156],[120.99813,14.49147],[120.99813,14.49156],[120.99822,14.49156]]],[[[120.99238,14.4916],[120.99256,14.49133],[120.99257,14.49106],[120.99238,14.4916]]],[[[120.98663,14.49155],[120.98653,14.49164],[120.98663,14.49164],[120.98663,14.49155]]],[[[120.98625,14.49182],[120.98607,14.49164],[120.98607,14.49182],[120.98625,14.49182]]],[[[120.98783,14.49174],[120.98811,14.49184],[120.98811,14.49166],[120.98783,14.49174]]],[[[121.001,14.49195],[121.00091,14.49185],[121.00091,14.49195],[121.001,14.49195]]],[[[121.00128,14.49204],[121.00119,14.49186],[121.00109,14.49204],[121.00128,14.49204]]],[[[120.9869,14.49183],[120.98672,14.492],[120.9869,14.4921],[120.9869,14.49183]]],[[[121.00174,14.49222],[121.00156,14.49204],[121.00146,14.49222],[121.00174,14.49222]]],[[[120.98878,14.48913],[120.98868,14.49049],[120.98783,14.49138],[120.98867,14.49121],[120.98914,14.49022],[120.98969,14.49167],[120.9882,14.49193],[120.98838,14.49247],[120.98913,14.49184],[120.99033,14.49176],[120.99071,14.49086],[120.98878,14.48913]]],[[[120.99016,14.49077],[120.98997,14.49113],[120.98969,14.49122],[120.98969,14.49086],[120.99016,14.49077]]],[[[120.98987,14.49149],[120.99006,14.49167],[120.98987,14.49167],[120.98987,14.49149]]],[[[121.00127,14.49258],[121.00118,14.49231],[121.00118,14.49258],[121.00127,14.49258]]],[[[120.99561,14.49289],[120.99543,14.4928],[120.99543,14.49289],[120.99561,14.49289]]],[[[120.99598,14.49281],[120.9957,14.4929],[120.99598,14.4929],[120.99598,14.49281]]],[[[120.98838,14.49265],[120.98856,14.49283],[120.98856,14.49265],[120.98838,14.49265]]],[[[120.99256,14.49224],[120.99246,14.49296],[120.99255,14.49296],[120.99256,14.49224]]],[[[120.99524,14.49289],[120.99533,14.49298],[120.99533,14.49289],[120.99524,14.49289]]],[[[120.98736,14.493],[120.98745,14.4931],[120.98745,14.49301],[120.98736,14.493]]],[[[120.98949,14.49293],[120.9893,14.49302],[120.98949,14.49311],[120.98949,14.49293]]],[[[120.98735,14.49319],[120.98726,14.49309],[120.98726,14.49318],[120.98735,14.49319]]],[[[120.98837,14.49346],[120.98819,14.49337],[120.98819,14.49346],[120.98837,14.49346]]],[[[120.99255,14.49305],[120.99264,14.4935],[120.99264,14.49305],[120.99255,14.49305]]],[[[120.99301,14.4935],[120.99319,14.4936],[120.99319,14.49351],[120.99301,14.4935]]],[[[120.99384,14.49351],[120.99347,14.4936],[120.99384,14.4936],[120.99384,14.49351]]],[[[120.99449,14.49352],[120.99458,14.49361],[120.99459,14.49352],[120.99449,14.49352]]],[[[120.99486,14.49361],[120.99515,14.49298],[120.99468,14.49352],[120.99486,14.49361]]],[[[120.9893,14.49365],[120.98967,14.4933],[120.9893,14.49347],[120.9893,14.49365]]],[[[120.99273,14.49368],[120.99264,14.49359],[120.99264,14.49368],[120.99273,14.49368]]],[[[120.99301,14.49369],[120.99282,14.49359],[120.99282,14.49368],[120.99301,14.49369]]],[[[120.99412,14.49369],[120.99394,14.4936],[120.99393,14.49369],[120.99412,14.49369]]],[[[120.99449,14.4937],[120.9944,14.49361],[120.9944,14.4937],[120.99449,14.4937]]],[[[120.98726,14.49355],[120.98735,14.49373],[120.98735,14.49355],[120.98726,14.49355]]],[[[120.98976,14.49366],[120.98967,14.49375],[120.98976,14.49375],[120.98976,14.49366]]],[[[120.9944,14.49379],[120.99421,14.4937],[120.99421,14.49379],[120.9944,14.49379]]],[[[120.99477,14.49379],[120.99468,14.49361],[120.99468,14.49379],[120.99477,14.49379]]],[[[120.99533,14.49298],[120.9958,14.49308],[120.99579,14.4938],[120.99597,14.4938],[120.99589,14.49299],[120.99533,14.49298]]],[[[120.99813,14.49156],[120.99851,14.49084],[120.99692,14.49164],[120.99682,14.49281],[120.99598,14.49308],[120.99607,14.4938],[120.99617,14.49317],[120.9971,14.49282],[120.99701,14.49182],[120.99813,14.49156]]],[[[120.99691,14.49263],[120.997,14.49273],[120.99691,14.49272],[120.99691,14.49263]]],[[[120.98818,14.49373],[120.98828,14.49383],[120.98828,14.49374],[120.98818,14.49373]]],[[[120.99282,14.49386],[120.99245,14.4935],[120.99228,14.49241],[120.99236,14.49368],[120.99245,14.49386],[120.99282,14.49386]]],[[[120.99607,14.49389],[120.99597,14.4938],[120.99597,14.49389],[120.99607,14.49389]]],[[[120.99301,14.49387],[120.99282,14.49395],[120.993,14.49396],[120.99301,14.49387]]],[[[120.98985,14.49402],[120.98967,14.49384],[120.98967,14.49402],[120.98985,14.49402]]],[[[120.9905,14.49403],[120.99041,14.49393],[120.99041,14.49402],[120.9905,14.49403]]],[[[120.99467,14.49406],[120.99458,14.49379],[120.99458,14.49406],[120.99467,14.49406]]],[[[121.00172,14.49412],[121.00163,14.49403],[121.00163,14.49412],[121.00172,14.49412]]],[[[120.98763,14.49391],[120.98744,14.49409],[120.98762,14.49418],[120.98763,14.49391]]],[[[120.98809,14.49428],[120.98781,14.49373],[120.98772,14.49409],[120.98809,14.49428]]],[[[120.988,14.49391],[120.98809,14.4941],[120.98799,14.49409],[120.988,14.49391]]],[[[120.98864,14.49428],[120.98855,14.49401],[120.98846,14.49419],[120.98864,14.49428]]],[[[121.00033,14.49438],[121.00024,14.49429],[121.00024,14.49438],[121.00033,14.49438]]],[[[121.00051,14.49447],[121.00042,14.49438],[121.00042,14.49447],[121.00051,14.49447]]],[[[121.00033,14.49429],[121.00172,14.49394],[121.00218,14.49449],[121.00201,14.49268],[121.00099,14.49276],[121.00108,14.49375],[121.00033,14.49429]]],[[[120.99254,14.49422],[120.99235,14.49431],[120.99254,14.49449],[120.99254,14.49422]]],[[[120.99458,14.49451],[120.99449,14.49415],[120.99448,14.49451],[120.99458,14.49451]]],[[[121.00042,14.49456],[121.00033,14.49447],[121.00033,14.49456],[121.00042,14.49456]]],[[[121.00033,14.49465],[121.00023,14.49456],[121.00023,14.49465],[121.00033,14.49465]]],[[[121.00023,14.49474],[121.00014,14.49465],[121.00014,14.49474],[121.00023,14.49474]]],[[[121.00014,14.49483],[121.00005,14.49474],[121.00005,14.49483],[121.00014,14.49483]]],[[[120.98891,14.49492],[120.98873,14.49473],[120.98873,14.49491],[120.98891,14.49492]]],[[[120.99995,14.49483],[121.00005,14.49393],[120.99913,14.49392],[120.99949,14.49464],[120.99995,14.49483]]],[[[120.99262,14.49504],[120.99253,14.49495],[120.99253,14.49504],[120.99262,14.49504]]],[[[120.99967,14.49501],[120.99977,14.4951],[120.99977,14.49501],[120.99967,14.49501]]],[[[120.99439,14.4946],[120.99448,14.49514],[120.99448,14.4946],[120.99439,14.4946]]],[[[120.99967,14.49519],[120.99958,14.4951],[120.99958,14.49519],[120.99967,14.49519]]],[[[121.00004,14.49519],[120.99995,14.49483],[120.99995,14.49519],[121.00004,14.49519]]],[[[121.00023,14.49519],[121.00004,14.49528],[121.00023,14.49528],[121.00023,14.49519]]],[[[120.98956,14.49528],[120.99003,14.49502],[120.99003,14.49456],[120.98966,14.49465],[120.98956,14.49528]]],[[[120.99438,14.49532],[120.99429,14.49514],[120.99429,14.49532],[120.99438,14.49532]]],[[[120.99939,14.49537],[120.9993,14.49518],[120.9993,14.49537],[120.99939,14.49537]]],[[[120.99299,14.4954],[120.99281,14.49531],[120.99281,14.4954],[120.99299,14.4954]]],[[[120.99318,14.4954],[120.99309,14.49531],[120.99308,14.4954],[120.99318,14.4954]]],[[[120.99958,14.49546],[120.99948,14.49537],[120.99948,14.49546],[120.99958,14.49546]]],[[[121.00032,14.49556],[120.99976,14.49537],[120.99976,14.49555],[121.00032,14.49556]]],[[[120.98956,14.49528],[120.98928,14.4951],[120.98901,14.4951],[120.98919,14.49564],[120.98956,14.49528]]],[[[120.9942,14.49541],[120.99438,14.49569],[120.99429,14.49541],[120.9942,14.49541]]],[[[120.99614,14.49579],[120.99596,14.4957],[120.99596,14.49579],[120.99614,14.49579]]],[[[120.99614,14.49561],[120.99642,14.49579],[120.99642,14.49561],[120.99614,14.49561]]],[[[120.99948,14.49582],[120.99939,14.49573],[120.99939,14.49582],[120.99948,14.49582]]],[[[120.99967,14.49582],[120.99958,14.49555],[120.99948,14.49573],[120.99967,14.49582]]],[[[120.99419,14.49586],[120.9941,14.49577],[120.9941,14.49586],[120.99419,14.49586]]],[[[120.99596,14.49588],[120.99577,14.49579],[120.99577,14.49588],[120.99596,14.49588]]],[[[120.99661,14.49579],[120.99642,14.49588],[120.9966,14.49588],[120.99661,14.49579]]],[[[120.99939,14.49591],[120.9993,14.49582],[120.99929,14.49591],[120.99939,14.49591]]],[[[120.99577,14.49597],[120.99558,14.49588],[120.99558,14.49597],[120.99577,14.49597]]],[[[120.99679,14.49598],[120.9967,14.49589],[120.9967,14.49598],[120.99679,14.49598]]],[[[120.99929,14.496],[120.9992,14.49591],[120.9992,14.496],[120.99929,14.496]]],[[[120.9941,14.49604],[120.99401,14.49586],[120.99401,14.49604],[120.9941,14.49604]]],[[[120.99549,14.49606],[120.9954,14.49596],[120.9954,14.49606],[120.99549,14.49606]]],[[[120.99688,14.49607],[120.99697,14.49598],[120.99688,14.49598],[120.99688,14.49607]]],[[[120.993,14.49396],[120.99374,14.49487],[120.99345,14.4955],[120.99363,14.49613],[120.99383,14.49478],[120.993,14.49396]]],[[[120.99401,14.49613],[120.99391,14.49604],[120.99391,14.49613],[120.99401,14.49613]]],[[[120.99512,14.49605],[120.9953,14.49614],[120.9953,14.49605],[120.99512,14.49605]]],[[[120.99707,14.49607],[120.99697,14.49616],[120.99707,14.49616],[120.99707,14.49607]]],[[[120.99911,14.49618],[120.99874,14.49599],[120.99874,14.49608],[120.99911,14.49618]]],[[[120.99957,14.49618],[120.99966,14.49609],[120.99957,14.49609],[120.99957,14.49618]]],[[[120.99512,14.49623],[120.99493,14.49614],[120.99493,14.49623],[120.99512,14.49623]]],[[[120.99716,14.49616],[120.99707,14.49625],[120.99716,14.49625],[120.99716,14.49616]]],[[[120.99493,14.49632],[120.99475,14.49623],[120.99475,14.49632],[120.99493,14.49632]]],[[[120.98946,14.49637],[120.98937,14.49618],[120.98937,14.49637],[120.98946,14.49637]]],[[[120.99354,14.4964],[120.99345,14.49613],[120.99345,14.4964],[120.99354,14.4964]]],[[[120.99391,14.4964],[120.99382,14.49613],[120.99382,14.4964],[120.99391,14.4964]]],[[[120.99474,14.49641],[120.99456,14.49632],[120.99456,14.49641],[120.99474,14.49641]]],[[[120.99873,14.49635],[120.99855,14.49644],[120.99873,14.49645],[120.99873,14.49635]]],[[[120.99976,14.49618],[120.99966,14.49645],[120.99975,14.49645],[120.99976,14.49618]]],[[[120.99456,14.4965],[120.99437,14.49641],[120.99437,14.4965],[120.99456,14.4965]]],[[[120.99558,14.49651],[120.99549,14.49642],[120.99549,14.49651],[120.99558,14.49651]]],[[[120.99753,14.49643],[120.99771,14.49653],[120.99771,14.49644],[120.99753,14.49643]]],[[[120.99344,14.49658],[120.99335,14.4964],[120.99335,14.49658],[120.99344,14.49658]]],[[[120.99372,14.49658],[120.99382,14.49649],[120.99372,14.49649],[120.99372,14.49658]]],[[[120.99437,14.49659],[120.99419,14.4965],[120.99419,14.49659],[120.99437,14.49659]]],[[[120.99539,14.4966],[120.99521,14.49651],[120.99521,14.4966],[120.99539,14.4966]]],[[[120.99725,14.49661],[120.99734,14.49643],[120.99725,14.49643],[120.99725,14.49661]]],[[[120.99753,14.49662],[120.99743,14.49652],[120.99743,14.49661],[120.99753,14.49662]]],[[[120.99957,14.49663],[120.99947,14.49645],[120.99947,14.49663],[120.99957,14.49663]]],[[[120.994,14.49659],[120.99409,14.49668],[120.99409,14.49659],[120.994,14.49659]]],[[[120.99511,14.49669],[120.99502,14.49659],[120.99502,14.49668],[120.99511,14.49669]]],[[[120.99743,14.49671],[120.99734,14.49661],[120.99734,14.4967],[120.99743,14.49671]]],[[[120.99947,14.49672],[120.9992,14.49663],[120.99919,14.49672],[120.99947,14.49672]]],[[[120.994,14.49677],[120.99382,14.49658],[120.99381,14.49676],[120.994,14.49677]]],[[[120.99484,14.49668],[120.99493,14.49677],[120.99493,14.49668],[120.99484,14.49668]]],[[[120.99817,14.4968],[120.99846,14.49599],[120.9978,14.49662],[120.99817,14.4968]]],[[[120.99483,14.49686],[120.99474,14.49677],[120.99474,14.49686],[120.99483,14.49686]]],[[[120.9978,14.49689],[120.99799,14.49698],[120.99799,14.49689],[120.9978,14.49689]]],[[[120.9978,14.49707],[120.99771,14.49698],[120.99771,14.49707],[120.9978,14.49707]]],[[[120.99919,14.49681],[120.99864,14.49672],[120.99826,14.49707],[120.99919,14.49681]]],[[[120.99771,14.49716],[120.99761,14.49707],[120.99761,14.49716],[120.99771,14.49716]]],[[[120.99381,14.49713],[120.994,14.49686],[120.99381,14.49686],[120.99381,14.49713]]],[[[120.99446,14.49731],[120.99483,14.49704],[120.99446,14.49722],[120.99446,14.49731]]],[[[120.99418,14.49731],[120.99399,14.4974],[120.99418,14.4974],[120.99418,14.49731]]],[[[120.99705,14.49742],[120.99696,14.49733],[120.99696,14.49742],[120.99705,14.49742]]],[[[120.99826,14.49725],[120.99789,14.49716],[120.9977,14.49752],[120.99826,14.49725]]],[[[120.9977,14.49761],[120.99761,14.49752],[120.99761,14.49761],[120.9977,14.49761]]],[[[120.99316,14.49775],[120.99335,14.49721],[120.99335,14.49667],[120.99298,14.49676],[120.99316,14.49775]]],[[[120.99483,14.49777],[120.99464,14.49768],[120.99464,14.49777],[120.99483,14.49777]]],[[[120.99529,14.49777],[120.99548,14.49768],[120.99529,14.49768],[120.99529,14.49777]]],[[[120.99752,14.49779],[120.99742,14.49761],[120.99733,14.49779],[120.99752,14.49779]]],[[[120.99455,14.49786],[120.99445,14.49776],[120.99445,14.49785],[120.99455,14.49786]]],[[[120.99427,14.49785],[120.99436,14.49794],[120.99436,14.49785],[120.99427,14.49785]]],[[[120.99427,14.49803],[120.99417,14.49794],[120.99417,14.49803],[120.99427,14.49803]]],[[[120.98827,14.49807],[120.98833,14.49789],[120.98825,14.49789],[120.98827,14.49807]]],[[[120.98842,14.49807],[120.98833,14.49829],[120.98842,14.49835],[120.98842,14.49807]]],[[[120.99417,14.49858],[120.99408,14.49812],[120.99408,14.49857],[120.99417,14.49858]]],[[[120.98851,14.49835],[120.98842,14.49852],[120.98851,14.49862],[120.98851,14.49835]]],[[[120.99343,14.49866],[120.99352,14.4983],[120.99325,14.49784],[120.99324,14.49821],[120.99343,14.49866]]],[[[120.99733,14.49779],[120.99575,14.49768],[120.99547,14.49795],[120.99732,14.49869],[120.99733,14.49779]]],[[[120.99705,14.49833],[120.99714,14.49842],[120.99705,14.49842],[120.99705,14.49833]]],[[[120.99816,14.49879],[120.99927,14.49862],[120.99882,14.49726],[120.99816,14.49825],[120.99816,14.49879]]],[[[120.99862,14.49852],[120.9989,14.49834],[120.99881,14.49861],[120.99862,14.49852]]],[[[120.99407,14.49903],[120.99398,14.49884],[120.99398,14.49903],[120.99407,14.49903]]],[[[120.9886,14.49862],[120.98851,14.49898],[120.98869,14.49909],[120.9886,14.49862]]],[[[120.99416,14.49921],[120.99426,14.49912],[120.99416,14.49912],[120.99416,14.49921]]],[[[120.98866,14.49925],[120.98869,14.49913],[120.9886,14.49918],[120.98866,14.49925]]],[[[120.98878,14.49943],[120.98869,14.49939],[120.98878,14.49947],[120.98878,14.49943]]],[[[120.99583,14.49949],[120.99574,14.4994],[120.99574,14.49949],[120.99583,14.49949]]],[[[120.99806,14.4996],[120.99778,14.49969],[120.99805,14.49969],[120.99806,14.4996]]],[[[120.99666,14.50004],[120.99675,14.49995],[120.99666,14.49995],[120.99666,14.50004]]],[[[120.99694,14.50004],[120.99675,14.50013],[120.99694,14.50013],[120.99694,14.50004]]],[[[120.99796,14.50014],[120.99852,14.49997],[120.99777,14.49996],[120.99796,14.50014]]],[[[120.99712,14.50014],[120.99703,14.50032],[120.99721,14.50032],[120.99712,14.50014]]],[[[120.99137,14.50036],[120.99128,14.50009],[120.99118,14.50036],[120.99137,14.50036]]],[[[120.98905,14.50043],[120.98896,14.50016],[120.98896,14.50043],[120.98905,14.50043]]],[[[120.99731,14.50032],[120.99721,14.5005],[120.99731,14.5005],[120.99731,14.50032]]],[[[120.98914,14.5007],[120.98905,14.50052],[120.98905,14.5007],[120.98914,14.5007]]],[[[120.99628,14.50103],[120.99637,14.50085],[120.99628,14.50085],[120.99628,14.50103]]],[[[120.98923,14.50106],[120.98914,14.50079],[120.98914,14.50106],[120.98923,14.50106]]],[[[120.99646,14.50122],[120.99637,14.50112],[120.99628,14.50121],[120.99646,14.50122]]],[[[120.98923,14.50115],[120.98941,14.50125],[120.98942,14.50097],[120.98923,14.50115]]],[[[120.98932,14.50152],[120.9896,14.50161],[120.98941,14.50134],[120.98932,14.50152]]],[[[120.98889,14.49781],[120.98934,14.49962],[120.98923,14.50079],[120.9897,14.50043],[120.99006,14.50179],[120.99284,14.50182],[120.99321,14.50164],[120.99285,14.50118],[120.99368,14.50119],[120.99331,14.50083],[120.99378,14.50029],[120.9937,14.49893],[120.99213,14.49856],[120.99131,14.49692],[120.99244,14.49495],[120.99078,14.49412],[120.99077,14.49493],[120.9917,14.49494],[120.99095,14.49575],[120.99104,14.49638],[120.99012,14.49511],[120.99011,14.49556],[120.98928,14.49591],[120.98983,14.49655],[120.98927,14.49673],[120.98844,14.49591],[120.98845,14.49473],[120.98808,14.49491],[120.98809,14.49437],[120.98753,14.49436],[120.98561,14.49082],[120.9846,14.49018],[120.98431,14.4909],[120.98376,14.49053],[120.9832,14.4908],[120.98459,14.49099],[120.9856,14.49181],[120.98816,14.49626],[120.98897,14.4988],[120.98889,14.49781]]],[[[120.99018,14.49836],[120.99036,14.49954],[120.99091,14.49963],[120.99092,14.49882],[120.99018,14.49836]]],[[[120.99018,14.49836],[120.98964,14.497],[120.98927,14.49709],[120.98917,14.49781],[120.99018,14.49836]]],[[[120.98862,14.49699],[120.98871,14.49717],[120.98862,14.49717],[120.98862,14.49699]]],[[[120.98871,14.49726],[120.9888,14.49744],[120.98871,14.49744],[120.98871,14.49726]]],[[[120.99156,14.49973],[120.9922,14.50064],[120.99146,14.50045],[120.99127,14.50099],[120.99063,14.50008],[120.99156,14.49973]]],[[[120.98961,14.49998],[120.9897,14.50007],[120.98961,14.50007],[120.98961,14.49998]]],[[[120.99112,14.49692],[120.99103,14.49683],[120.99112,14.49683],[120.99112,14.49692]]],[[[120.98817,14.49545],[120.98807,14.49581],[120.98816,14.49581],[120.98817,14.49545]]],[[[120.98798,14.49545],[120.98808,14.49527],[120.98798,14.49527],[120.98798,14.49545]]],[[[120.98826,14.49581],[120.98816,14.49599],[120.98826,14.49599],[120.98826,14.49581]]],[[[120.98844,14.49618],[120.98834,14.49654],[120.98844,14.49654],[120.98844,14.49618]]],[[[120.98853,14.49654],[120.98843,14.49681],[120.98853,14.49681],[120.98853,14.49654]]],[[[120.98862,14.49681],[120.98853,14.4969],[120.98862,14.4969],[120.98862,14.49681]]],[[[120.98799,14.49509],[120.98789,14.495],[120.98799,14.495],[120.98799,14.49509]]],[[[120.9878,14.49473],[120.98771,14.49463],[120.9878,14.49463],[120.9878,14.49473]]],[[[120.99103,14.49674],[120.99094,14.49665],[120.99103,14.49665],[120.99103,14.49674]]],[[[120.99048,14.49665],[120.99057,14.49674],[120.99048,14.49674],[120.99048,14.49665]]],[[[120.98969,14.50188],[120.98959,14.50197],[120.98969,14.50197],[120.98969,14.50188]]],[[[120.98996,14.50197],[120.98987,14.50188],[120.98987,14.50197],[120.98996,14.50197]]],[[[120.99636,14.50203],[120.99646,14.50212],[120.99646,14.50203],[120.99636,14.50203]]],[[[120.99033,14.50261],[120.99024,14.50252],[120.99024,14.50261],[120.99033,14.50261]]],[[[120.99042,14.50288],[120.99051,14.5027],[120.99042,14.5027],[120.99042,14.50288]]],[[[120.99737,14.50375],[120.99728,14.50357],[120.99728,14.50375],[120.99737,14.50375]]],[[[120.99226,14.50407],[120.99217,14.50389],[120.99217,14.50407],[120.99226,14.50407]]],[[[120.99458,14.504],[120.99449,14.50409],[120.99458,14.50409],[120.99458,14.504]]],[[[120.99235,14.50434],[120.99226,14.50416],[120.99226,14.50434],[120.99235,14.50434]]],[[[120.98725,14.5043],[120.98707,14.50439],[120.98725,14.50439],[120.98725,14.5043]]],[[[120.98781,14.50448],[120.98762,14.5043],[120.98753,14.50448],[120.98781,14.50448]]],[[[120.99319,14.50444],[120.99291,14.50453],[120.99319,14.50462],[120.99319,14.50444]]],[[[120.98678,14.50493],[120.98725,14.50475],[120.98688,14.50439],[120.98678,14.50493]]],[[[120.98975,14.50495],[120.98966,14.50486],[120.98966,14.50495],[120.98975,14.50495]]],[[[120.99754,14.50502],[120.99736,14.50493],[120.99736,14.50502],[120.99754,14.50502]]],[[[120.98957,14.50504],[120.98947,14.50495],[120.98947,14.50504],[120.98957,14.50504]]],[[[120.99003,14.50496],[120.98994,14.50505],[120.99021,14.50505],[120.99003,14.50496]]],[[[120.98697,14.5052],[120.98678,14.50511],[120.98678,14.5052],[120.98697,14.5052]]],[[[120.99077,14.50568],[120.99049,14.50523],[120.99058,14.50568],[120.99077,14.50568]]],[[[120.9864,14.50628],[120.98649,14.50637],[120.98649,14.50628],[120.9864,14.50628]]],[[[120.98946,14.5064],[120.98955,14.50622],[120.98946,14.50622],[120.98946,14.5064]]],[[[120.98436,14.50644],[120.98427,14.50635],[120.98427,14.50644],[120.98436,14.50644]]],[[[120.98454,14.50672],[120.98436,14.50653],[120.98436,14.50671],[120.98454,14.50672]]],[[[120.99539,14.50672],[120.99512,14.50635],[120.99521,14.50681],[120.99539,14.50672]]],[[[120.98705,14.5062],[120.9863,14.50664],[120.98704,14.50701],[120.98705,14.5062]]],[[[120.98639,14.50691],[120.98621,14.50664],[120.98621,14.50709],[120.98639,14.50691]]],[[[120.98714,14.50701],[120.98704,14.5071],[120.98714,14.5071],[120.98714,14.50701]]],[[[120.98138,14.50759],[120.98129,14.5075],[120.98129,14.50759],[120.98138,14.50759]]],[[[120.9939,14.50752],[120.99409,14.50761],[120.99409,14.50752],[120.9939,14.50752]]],[[[120.9939,14.5077],[120.99381,14.50761],[120.99381,14.5077],[120.9939,14.5077]]],[[[120.98509,14.5079],[120.98518,14.50772],[120.98509,14.50771],[120.98509,14.5079]]],[[[120.99102,14.50795],[120.9913,14.50777],[120.99102,14.50786],[120.99102,14.50795]]],[[[120.98277,14.50779],[120.98268,14.50797],[120.98277,14.50797],[120.98277,14.50779]]],[[[120.99353,14.50788],[120.99362,14.50797],[120.99362,14.50788],[120.99353,14.50788]]],[[[120.98527,14.5079],[120.98518,14.50799],[120.98527,14.50799],[120.98527,14.5079]]],[[[120.98286,14.50797],[120.98277,14.50806],[120.98286,14.50806],[120.98286,14.50797]]],[[[120.99789,14.5081],[120.9978,14.50791],[120.9977,14.50809],[120.99789,14.5081]]],[[[120.97934,14.50794],[120.97971,14.50812],[120.97971,14.50785],[120.97934,14.50794]]],[[[120.98045,14.50813],[120.98026,14.50803],[120.98026,14.50813],[120.98045,14.50813]]],[[[120.98082,14.50804],[120.98101,14.50777],[120.98073,14.50786],[120.98082,14.50804]]],[[[120.9811,14.50813],[120.981,14.50822],[120.9811,14.50822],[120.9811,14.50813]]],[[[120.98017,14.50831],[120.98008,14.50821],[120.98007,14.5083],[120.98017,14.50831]]],[[[120.98546,14.50817],[120.98527,14.50826],[120.98545,14.50835],[120.98546,14.50817]]],[[[120.97859,14.50811],[120.97832,14.50775],[120.97795,14.50783],[120.97803,14.50838],[120.97859,14.50811]]],[[[120.99046,14.50821],[120.99084,14.50794],[120.99065,14.50767],[120.9901,14.50785],[120.99046,14.50821]]],[[[120.97998,14.50839],[120.97989,14.5083],[120.97989,14.50839],[120.97998,14.50839]]],[[[120.98768,14.50855],[120.98759,14.50846],[120.98759,14.50855],[120.98768,14.50855]]],[[[120.98258,14.50869],[120.98239,14.5086],[120.98239,14.50869],[120.98258,14.50869]]],[[[120.98313,14.50869],[120.98304,14.50851],[120.98304,14.50869],[120.98313,14.50869]]],[[[120.98777,14.50873],[120.98768,14.50864],[120.98768,14.50873],[120.98777,14.50873]]],[[[120.9822,14.50886],[120.98211,14.50877],[120.98211,14.50886],[120.9822,14.50886]]],[[[120.98897,14.50883],[120.9888,14.50802],[120.98982,14.50748],[120.98974,14.50649],[120.98908,14.50748],[120.98852,14.50747],[120.98825,14.50666],[120.98872,14.5063],[120.98779,14.50602],[120.98833,14.50828],[120.98897,14.50883]]],[[[120.98907,14.50883],[120.98897,14.50892],[120.98907,14.50892],[120.98907,14.50883]]],[[[120.98916,14.50892],[120.98907,14.50901],[120.98916,14.50901],[120.98916,14.50892]]],[[[120.98331,14.50906],[120.98322,14.50896],[120.98322,14.50905],[120.98331,14.50906]]],[[[120.9835,14.50942],[120.9834,14.50933],[120.9834,14.50942],[120.9835,14.50942]]],[[[120.98489,14.50943],[120.98498,14.50952],[120.98498,14.50943],[120.98489,14.50943]]],[[[120.98804,14.50937],[120.98786,14.50946],[120.98804,14.50955],[120.98804,14.50937]]],[[[120.9847,14.5097],[120.98461,14.50952],[120.98451,14.5097],[120.9847,14.5097]]],[[[120.98053,14.50966],[120.98099,14.50976],[120.98099,14.50949],[120.98053,14.50966]]],[[[120.98442,14.50988],[120.98424,14.5097],[120.98405,14.50997],[120.98442,14.50988]]],[[[120.97913,14.50992],[120.97913,14.51019],[120.97932,14.50992],[120.97913,14.50992]]],[[[120.97894,14.51028],[120.97876,14.51019],[120.97876,14.51028],[120.97894,14.51028]]],[[[120.99295,14.51031],[120.99286,14.51022],[120.99286,14.51031],[120.99295,14.51031]]],[[[120.98386,14.51032],[120.98396,14.50996],[120.98377,14.50996],[120.98386,14.51032]]],[[[120.99443,14.50038],[120.99386,14.50219],[120.9944,14.504],[120.99477,14.50391],[120.99503,14.50635],[120.99512,14.50581],[120.99549,14.50645],[120.99586,14.50618],[120.99625,14.50474],[120.9967,14.50583],[120.99641,14.50682],[120.9953,14.50699],[120.9962,14.51034],[120.99602,14.50925],[120.99676,14.50989],[120.99741,14.50909],[120.99742,14.50845],[120.99658,14.50854],[120.99631,14.5079],[120.99697,14.50736],[120.99677,14.50791],[120.99742,14.50818],[120.99762,14.50728],[120.99846,14.50665],[120.99706,14.50673],[120.99661,14.50555],[120.99663,14.50348],[120.997,14.5033],[120.99608,14.50293],[120.9971,14.50249],[120.99571,14.50302],[120.99571,14.50247],[120.99636,14.50221],[120.99572,14.50175],[120.99629,14.49968],[120.99426,14.49921],[120.99443,14.50038]]],[[[120.99553,14.50229],[120.99571,14.50238],[120.99553,14.50238],[120.99553,14.50229]]],[[[120.99626,14.50356],[120.99635,14.50365],[120.99626,14.50365],[120.99626,14.50356]]],[[[120.99514,14.50373],[120.99551,14.50428],[120.99495,14.50437],[120.99514,14.50373]]],[[[120.99594,14.50781],[120.99612,14.50808],[120.99585,14.50808],[120.99594,14.50781]]],[[[120.99545,14.50048],[120.99536,14.5003],[120.99554,14.5003],[120.99545,14.50048]]],[[[120.99508,14.50021],[120.99517,14.50039],[120.99499,14.50039],[120.99508,14.50021]]],[[[120.97876,14.51037],[120.97867,14.51028],[120.97866,14.51037],[120.97876,14.51037]]],[[[120.98312,14.51023],[120.9833,14.51041],[120.9833,14.51023],[120.98312,14.51023]]],[[[120.98405,14.51033],[120.98395,14.51051],[120.98404,14.51051],[120.98405,14.51033]]],[[[120.99619,14.51061],[120.99629,14.51043],[120.9962,14.51043],[120.99619,14.51061]]],[[[120.99675,14.51062],[120.99712,14.51035],[120.99675,14.51016],[120.99675,14.51062]]],[[[120.99962,14.51082],[120.99944,14.51028],[120.99925,14.51073],[120.99962,14.51082]]],[[[120.99285,14.51085],[120.99332,14.51059],[120.99295,14.5104],[120.99285,14.51085]]],[[[120.98423,14.5106],[120.98413,14.51087],[120.98423,14.51087],[120.98423,14.5106]]],[[[120.98682,14.51098],[120.98673,14.51089],[120.98673,14.51098],[120.98682,14.51098]]],[[[120.9794,14.51074],[120.97922,14.51083],[120.9794,14.51101],[120.9794,14.51074]]],[[[120.97829,14.51109],[120.9781,14.51082],[120.97801,14.511],[120.97829,14.51109]]],[[[120.98923,14.511],[120.98961,14.51083],[120.98923,14.51091],[120.98923,14.511]]],[[[120.98691,14.51116],[120.98682,14.51107],[120.98682,14.51116],[120.98691,14.51116]]],[[[120.99897,14.51091],[120.99934,14.51109],[120.99935,14.51091],[120.99897,14.51091]]],[[[120.99647,14.5107],[120.99637,14.51125],[120.99647,14.51125],[120.99647,14.5107]]],[[[120.99656,14.51125],[120.99646,14.51143],[120.99656,14.51143],[120.99656,14.51125]]],[[[120.99665,14.51143],[120.99656,14.51152],[120.99665,14.51152],[120.99665,14.51143]]],[[[120.9999,14.51155],[120.99981,14.511],[120.99962,14.51136],[120.9999,14.51155]]],[[[120.9985,14.51163],[120.99832,14.51135],[120.99832,14.51162],[120.9985,14.51163]]],[[[120.98533,14.51169],[120.98542,14.5116],[120.98533,14.5116],[120.98533,14.51169]]],[[[120.99952,14.512],[120.99943,14.5119],[120.99943,14.51199],[120.99952,14.512]]],[[[120.98143,14.51202],[120.98134,14.51166],[120.98134,14.51202],[120.98143,14.51202]]],[[[120.99665,14.51152],[120.99711,14.51206],[120.99748,14.51189],[120.99739,14.51125],[120.99665,14.51152]]],[[[120.99711,14.51161],[120.99693,14.51143],[120.99711,14.51143],[120.99711,14.51161]]],[[[120.97516,14.50781],[120.97478,14.50871],[120.97661,14.51216],[120.97625,14.51062],[120.97588,14.51062],[120.97653,14.50999],[120.97561,14.51007],[120.97561,14.50962],[120.97644,14.50981],[120.97682,14.50909],[120.97728,14.50909],[120.97709,14.50981],[120.9783,14.51001],[120.97849,14.50947],[120.97988,14.50948],[120.97897,14.50757],[120.97925,14.50721],[120.98008,14.50785],[120.98064,14.50695],[120.9812,14.50732],[120.9813,14.50615],[120.98258,14.50778],[120.98204,14.50624],[120.98305,14.50752],[120.98407,14.50725],[120.98426,14.50671],[120.9838,14.50671],[120.98372,14.50571],[120.98427,14.50617],[120.98493,14.50491],[120.98547,14.50618],[120.98501,14.50591],[120.98492,14.50645],[120.98575,14.50655],[120.9865,14.50583],[120.98596,14.5042],[120.9867,14.50448],[120.9867,14.50402],[120.98772,14.50403],[120.98819,14.50331],[120.98874,14.50359],[120.9892,14.50495],[120.98929,14.50423],[120.99013,14.50405],[120.98986,14.50288],[120.98363,14.50445],[120.984,14.50481],[120.98316,14.50517],[120.98316,14.50562],[120.98224,14.50516],[120.97814,14.50639],[120.97787,14.50609],[120.97703,14.50665],[120.97748,14.50774],[120.97683,14.50782],[120.97721,14.5072],[120.97693,14.5071],[120.97563,14.50781],[120.97578,14.50718],[120.97451,14.50817],[120.97516,14.50781]]],[[[120.97859,14.50811],[120.97821,14.5091],[120.97793,14.50919],[120.97786,14.50711],[120.97869,14.50748],[120.97914,14.50866],[120.97859,14.50811]]],[[[120.9786,14.50676],[120.97823,14.50693],[120.97824,14.50657],[120.9786,14.50676]]],[[[120.9799,14.50695],[120.97981,14.50686],[120.9799,14.50686],[120.9799,14.50695]]],[[[120.97963,14.50631],[120.97981,14.5064],[120.97981,14.50631],[120.97963,14.50631]]],[[[120.97953,14.50658],[120.97889,14.5064],[120.9787,14.50676],[120.97953,14.50658]]],[[[120.97805,14.50648],[120.97777,14.50711],[120.9774,14.50684],[120.9775,14.50638],[120.97805,14.50648]]],[[[120.97842,14.50639],[120.97833,14.50621],[120.97842,14.50621],[120.97842,14.50639]]],[[[120.98056,14.50632],[120.98028,14.50614],[120.98056,14.50614],[120.98056,14.50632]]],[[[120.97544,14.50799],[120.9759,14.50854],[120.97609,14.50791],[120.97544,14.50799]]],[[[120.97543,14.50854],[120.97534,14.50844],[120.97534,14.50853],[120.97543,14.50854]]],[[[120.97608,14.50854],[120.97646,14.50827],[120.97738,14.50873],[120.97664,14.509],[120.97608,14.50854]]],[[[120.97553,14.50872],[120.97534,14.50899],[120.97525,14.5088],[120.97553,14.50872]]],[[[120.97738,14.50909],[120.97747,14.50919],[120.97738,14.50918],[120.97738,14.50909]]],[[[120.97914,14.50911],[120.97896,14.50902],[120.97914,14.50893],[120.97914,14.50911]]],[[[120.9801,14.50605],[120.97991,14.50586],[120.98,14.50586],[120.9801,14.50605]]],[[[120.98558,14.50492],[120.98604,14.5051],[120.98585,14.50573],[120.98548,14.50546],[120.98558,14.50492]]],[[[120.98596,14.50402],[120.98587,14.50393],[120.98596,14.50393],[120.98596,14.50402]]],[[[120.98977,14.50324],[120.9894,14.50305],[120.98968,14.50296],[120.98977,14.50324]]],[[[120.98921,14.50305],[120.9893,14.50314],[120.98921,14.50314],[120.98921,14.50305]]],[[[120.98576,14.50582],[120.98585,14.50591],[120.98575,14.50591],[120.98576,14.50582]]],[[[120.98305,14.50706],[120.98324,14.50716],[120.98305,14.50716],[120.98305,14.50706]]],[[[120.98008,14.50731],[120.98027,14.50758],[120.98008,14.50758],[120.98008,14.50731]]],[[[120.99878,14.51217],[120.99869,14.51208],[120.99868,14.51217],[120.99878,14.51217]]],[[[120.99739,14.51216],[120.9972,14.51225],[120.99739,14.51225],[120.99739,14.51216]]],[[[120.99915,14.51217],[120.99925,14.51154],[120.99953,14.51136],[120.99906,14.51145],[120.99915,14.51217]]],[[[120.98143,14.51238],[120.98162,14.51229],[120.98143,14.51211],[120.98143,14.51238]]],[[[120.99757,14.51234],[120.99738,14.51243],[120.99757,14.51252],[120.99757,14.51234]]],[[[120.97688,14.51234],[120.9767,14.51243],[120.97688,14.51252],[120.97688,14.51234]]],[[[120.99877,14.51262],[120.99915,14.51244],[120.99887,14.51235],[120.99877,14.51262]]],[[[120.99766,14.51252],[120.99757,14.5127],[120.99766,14.5127],[120.99766,14.51252]]],[[[120.99859,14.51289],[120.99831,14.51226],[120.99812,14.51262],[120.99859,14.51289]]],[[[120.99821,14.51298],[120.99812,14.51289],[120.99812,14.51298],[120.99821,14.51298]]],[[[120.99923,14.51299],[120.99914,14.5129],[120.99914,14.51299],[120.99923,14.51299]]],[[[120.99766,14.5127],[120.99784,14.51334],[120.99793,14.51334],[120.99803,14.51298],[120.99766,14.5127]]],[[[120.98429,14.51385],[120.9842,14.51367],[120.98411,14.51385],[120.98429,14.51385]]],[[[120.98457,14.51404],[120.9842,14.51394],[120.9842,14.51403],[120.98457,14.51404]]],[[[120.99793,14.51334],[120.99802,14.51415],[120.99783,14.51451],[120.99811,14.51433],[120.99793,14.51334]]],[[[120.99013,14.51454],[120.99041,14.51436],[120.99041,14.514],[120.99013,14.51454]]],[[[120.9905,14.51472],[120.99031,14.51463],[120.99031,14.51472],[120.9905,14.51472]]],[[[120.99782,14.51514],[120.99773,14.5146],[120.99773,14.51514],[120.99782,14.51514]]],[[[120.99051,14.50288],[120.99239,14.51031],[120.99249,14.50977],[120.99295,14.50977],[120.99295,14.51022],[120.9936,14.51005],[120.99378,14.51059],[120.99415,14.51059],[120.99407,14.50996],[120.99314,14.50959],[120.9937,14.50914],[120.9924,14.50931],[120.99288,14.50796],[120.99343,14.50806],[120.99297,14.50851],[120.99427,14.50815],[120.99316,14.50787],[120.99363,14.50716],[120.99307,14.50742],[120.99289,14.50715],[120.99354,14.50706],[120.99363,14.50652],[120.99234,14.50579],[120.99263,14.50462],[120.99198,14.50479],[120.99143,14.50434],[120.99135,14.50307],[120.992,14.50289],[120.99208,14.50371],[120.99273,14.50344],[120.99254,14.50407],[120.99329,14.50381],[120.9931,14.50435],[120.99391,14.50662],[120.99492,14.50753],[120.99455,14.50816],[120.9951,14.50843],[120.99572,14.51178],[120.99646,14.51233],[120.99635,14.51341],[120.99737,14.51369],[120.99681,14.5145],[120.99736,14.51541],[120.99756,14.51351],[120.99591,14.51115],[120.99529,14.50816],[120.99367,14.503],[120.99293,14.50227],[120.99051,14.50288]]],[[[120.99293,14.50254],[120.99284,14.50245],[120.99293,14.50245],[120.99293,14.50254]]],[[[120.99255,14.50281],[120.99246,14.50317],[120.99237,14.5029],[120.99255,14.50281]]],[[[120.99124,14.50488],[120.99133,14.50497],[120.99124,14.50497],[120.99124,14.50488]]],[[[120.99235,14.50516],[120.99225,14.50579],[120.99188,14.50588],[120.9917,14.50506],[120.99235,14.50516]]],[[[120.99133,14.50524],[120.9916,14.50533],[120.99133,14.50533],[120.99133,14.50524]]],[[[120.99261,14.50733],[120.9927,14.50742],[120.9927,14.50733],[120.99261,14.50733]]],[[[120.9926,14.50751],[120.99242,14.50742],[120.99242,14.50751],[120.9926,14.50751]]],[[[120.99379,14.51005],[120.99388,14.51032],[120.99378,14.51032],[120.99379,14.51005]]],[[[120.99791,14.51596],[120.99782,14.51541],[120.99782,14.51596],[120.99791,14.51596]]],[[[120.97889,14.51616],[120.9788,14.51606],[120.9788,14.51616],[120.97889,14.51616]]],[[[120.998,14.51632],[120.99791,14.51614],[120.99791,14.51632],[120.998,14.51632]]],[[[120.99745,14.51541],[120.99735,14.51613],[120.99753,14.51641],[120.99745,14.51541]]],[[[120.99763,14.51641],[120.99753,14.51659],[120.99762,14.51659],[120.99763,14.51641]]],[[[120.99809,14.51659],[120.998,14.51641],[120.998,14.51659],[120.99809,14.51659]]],[[[120.99762,14.51677],[120.99772,14.51668],[120.99762,14.51668],[120.99762,14.51677]]],[[[120.99809,14.51686],[120.99799,14.51677],[120.99799,14.51686],[120.99809,14.51686]]],[[[120.99781,14.51677],[120.99771,14.51695],[120.99781,14.51695],[120.99781,14.51677]]],[[[120.99808,14.51704],[120.99818,14.51695],[120.99808,14.51695],[120.99808,14.51704]]],[[[120.98621,14.51712],[120.9864,14.51703],[120.98621,14.51703],[120.98621,14.51712]]],[[[120.99827,14.51705],[120.99818,14.51713],[120.99827,14.51714],[120.99827,14.51705]]],[[[120.98649,14.51712],[120.98639,14.51721],[120.98649,14.51722],[120.98649,14.51712]]],[[[120.9978,14.51722],[120.9979,14.51713],[120.9978,14.51713],[120.9978,14.51722]]],[[[120.99836,14.51714],[120.99827,14.51723],[120.99836,14.51723],[120.99836,14.51714]]],[[[120.99799,14.51722],[120.9979,14.51731],[120.99799,14.51731],[120.99799,14.51722]]],[[[120.99845,14.51741],[120.99855,14.51732],[120.99845,14.51732],[120.99845,14.51741]]],[[[120.99799,14.51749],[120.99808,14.5174],[120.99799,14.5174],[120.99799,14.51749]]],[[[120.99864,14.51741],[120.99854,14.5175],[120.99864,14.5175],[120.99864,14.51741]]],[[[120.99817,14.5175],[120.99808,14.51759],[120.99817,14.51759],[120.99817,14.5175]]],[[[120.99873,14.5175],[120.99863,14.51768],[120.99873,14.51768],[120.99873,14.5175]]],[[[120.99817,14.51777],[120.99826,14.51768],[120.99817,14.51768],[120.99817,14.51777]]],[[[120.99836,14.51777],[120.99826,14.51786],[120.99836,14.51786],[120.99836,14.51777]]],[[[120.99882,14.51768],[120.99873,14.51786],[120.99882,14.51786],[120.99882,14.51768]]],[[[120.99381,14.51773],[120.99455,14.51801],[120.99493,14.51756],[120.99409,14.51755],[120.99381,14.51773]]],[[[120.99845,14.51804],[120.99835,14.51795],[120.99835,14.51804],[120.99845,14.51804]]],[[[120.99891,14.51786],[120.99882,14.51804],[120.99891,14.51804],[120.99891,14.51786]]],[[[120.999,14.51805],[120.99891,14.51813],[120.999,14.51814],[120.999,14.51805]]],[[[120.99844,14.51822],[120.99854,14.51813],[120.99845,14.51813],[120.99844,14.51822]]],[[[120.99863,14.51822],[120.99854,14.51831],[120.99863,14.51831],[120.99863,14.51822]]],[[[120.999,14.51841],[120.99909,14.51823],[120.999,14.51823],[120.999,14.51841]]],[[[120.97943,14.51842],[120.97952,14.51824],[120.97943,14.51824],[120.97943,14.51842]]],[[[120.99872,14.51849],[120.99863,14.5184],[120.99863,14.51849],[120.99872,14.51849]]],[[[120.99455,14.51855],[120.99445,14.51846],[120.99445,14.51855],[120.99455,14.51855]]],[[[120.99918,14.51841],[120.99909,14.51859],[120.99918,14.51859],[120.99918,14.51841]]],[[[120.99881,14.51868],[120.99872,14.51859],[120.99872,14.51868],[120.99881,14.51868]]],[[[120.99927,14.51886],[120.99918,14.51868],[120.99918,14.51886],[120.99927,14.51886]]],[[[120.9989,14.51895],[120.99881,14.51886],[120.99881,14.51895],[120.9989,14.51895]]],[[[120.98805,14.51895],[120.98777,14.51903],[120.98805,14.51904],[120.98805,14.51895]]],[[[120.99296,14.51908],[120.9926,14.51862],[120.9925,14.5188],[120.99296,14.51908]]],[[[120.98833,14.51913],[120.98814,14.51904],[120.98814,14.51913],[120.98833,14.51913]]],[[[120.99936,14.51913],[120.99927,14.51895],[120.99927,14.51913],[120.99936,14.51913]]],[[[120.99899,14.51922],[120.9989,14.51904],[120.9989,14.51922],[120.99899,14.51922]]],[[[120.99946,14.51931],[120.99936,14.51922],[120.99936,14.51931],[120.99946,14.51931]]],[[[120.97998,14.51924],[120.98062,14.51933],[120.98062,14.51924],[120.97998,14.51924]]],[[[120.9912,14.51933],[120.99111,14.51915],[120.99111,14.51933],[120.9912,14.51933]]],[[[120.99908,14.5194],[120.99899,14.51931],[120.99899,14.5194],[120.99908,14.5194]]],[[[120.98971,14.51932],[120.98953,14.51941],[120.98971,14.51941],[120.98971,14.51932]]],[[[120.99955,14.5195],[120.99945,14.5194],[120.99945,14.5195],[120.99955,14.5195]]],[[[120.99917,14.51958],[120.99908,14.51949],[120.99908,14.51958],[120.99917,14.51958]]],[[[120.99046,14.51951],[120.99036,14.5196],[120.99045,14.5196],[120.99046,14.51951]]],[[[120.98572,14.51965],[120.98554,14.51938],[120.98554,14.51965],[120.98572,14.51965]]],[[[120.99055,14.51969],[120.99073,14.5196],[120.99055,14.5196],[120.99055,14.51969]]],[[[120.99082,14.51969],[120.99073,14.51978],[120.99082,14.51978],[120.99082,14.51969]]],[[[120.99955,14.51959],[120.99964,14.51986],[120.99964,14.51959],[120.99955,14.51959]]],[[[120.99175,14.51988],[120.99147,14.51961],[120.9911,14.51969],[120.99138,14.51988],[120.99175,14.51988]]],[[[120.99917,14.51994],[120.99908,14.51985],[120.99908,14.51994],[120.99917,14.51994]]],[[[120.99212,14.51988],[120.99175,14.51997],[120.99212,14.51997],[120.99212,14.51988]]],[[[120.99954,14.52004],[120.99945,14.51986],[120.99945,14.52004],[120.99954,14.52004]]],[[[120.99082,14.52005],[120.99101,14.51997],[120.99082,14.51996],[120.99082,14.52005]]],[[[120.99221,14.52007],[120.99249,14.51998],[120.99221,14.51998],[120.99221,14.52007]]],[[[120.98739,14.52011],[120.98776,14.51985],[120.9873,14.51993],[120.98739,14.52011]]],[[[120.99898,14.52003],[120.99908,14.52012],[120.99908,14.52003],[120.99898,14.52003]]],[[[120.99268,14.52007],[120.99249,14.52016],[120.99268,14.52016],[120.99268,14.52007]]],[[[120.99277,14.52016],[120.99286,14.52007],[120.99277,14.52007],[120.99277,14.52016]]],[[[120.99898,14.52021],[120.99889,14.52012],[120.99889,14.52021],[120.99898,14.52021]]],[[[120.99945,14.52022],[120.99936,14.52004],[120.99935,14.52022],[120.99945,14.52022]]],[[[120.99323,14.52016],[120.99286,14.52025],[120.99323,14.52026],[120.99323,14.52016]]],[[[120.99935,14.52067],[120.99926,14.52022],[120.99926,14.52067],[120.99935,14.52067]]],[[[120.98033,14.52069],[120.98024,14.5206],[120.98024,14.52069],[120.98033,14.52069]]],[[[120.98738,14.52066],[120.98748,14.52075],[120.98748,14.52066],[120.98738,14.52066]]],[[[120.98738,14.52084],[120.98729,14.52075],[120.98729,14.52084],[120.98738,14.52084]]],[[[120.98757,14.52075],[120.98747,14.52084],[120.98757,14.52084],[120.98757,14.52075]]],[[[120.99888,14.52094],[120.99879,14.52066],[120.99879,14.52094],[120.99888,14.52094]]],[[[120.97968,14.52095],[120.97959,14.52041],[120.97959,14.52095],[120.97968,14.52095]]],[[[120.98766,14.52084],[120.98756,14.5212],[120.98766,14.5212],[120.98766,14.52084]]],[[[120.99925,14.5213],[120.99916,14.52067],[120.99916,14.5213],[120.99925,14.5213]]],[[[120.99805,14.5212],[120.99796,14.52039],[120.99787,14.52039],[120.99749,14.52129],[120.99805,14.5212]]],[[[120.99786,14.5212],[120.99777,14.52111],[120.99786,14.52111],[120.99786,14.5212]]],[[[120.98728,14.52138],[120.98729,14.5212],[120.9872,14.52084],[120.98728,14.52138]]],[[[120.99879,14.52157],[120.9987,14.5213],[120.99869,14.52157],[120.99879,14.52157]]],[[[120.99869,14.52211],[120.9986,14.52202],[120.9986,14.52211],[120.99869,14.52211]]],[[[120.99553,14.52226],[120.99535,14.52208],[120.99535,14.52226],[120.99553,14.52226]]],[[[120.98078,14.52241],[120.98097,14.5225],[120.98097,14.52241],[120.98078,14.52241]]],[[[120.98106,14.5225],[120.98115,14.52241],[120.98106,14.52241],[120.98106,14.5225]]],[[[120.98217,14.5226],[120.9818,14.52242],[120.98115,14.52259],[120.98217,14.5226]]],[[[120.98059,14.52268],[120.98013,14.52258],[120.98013,14.52267],[120.98059,14.52268]]],[[[120.97976,14.52276],[120.97967,14.52258],[120.97967,14.52276],[120.97976,14.52276]]],[[[120.98004,14.52276],[120.97994,14.52267],[120.97994,14.52276],[120.98004,14.52276]]],[[[120.99914,14.52293],[120.99906,14.52148],[120.99905,14.52293],[120.99914,14.52293]]],[[[120.97976,14.52285],[120.97994,14.52303],[120.97994,14.52285],[120.97976,14.52285]]],[[[120.99877,14.52319],[120.99868,14.52292],[120.99868,14.52319],[120.99877,14.52319]]],[[[120.99923,14.52347],[120.99914,14.52302],[120.99914,14.52347],[120.99923,14.52347]]],[[[120.99877,14.52356],[120.99868,14.52337],[120.99867,14.52355],[120.99877,14.52356]]],[[[120.97947,14.52348],[120.97975,14.52348],[120.97975,14.5233],[120.97947,14.52348]]],[[[120.99905,14.52356],[120.99914,14.52392],[120.99914,14.52356],[120.99905,14.52356]]],[[[120.99237,14.52368],[120.99227,14.52404],[120.99236,14.52404],[120.99237,14.52368]]],[[[120.99812,14.52373],[120.99849,14.52382],[120.99849,14.52364],[120.99812,14.52373]]],[[[120.99867,14.5241],[120.99858,14.52364],[120.99858,14.5241],[120.99867,14.5241]]],[[[120.99904,14.52446],[120.99895,14.52392],[120.99894,14.52446],[120.99904,14.52446]]],[[[120.99857,14.52473],[120.99848,14.52419],[120.99848,14.52473],[120.99857,14.52473]]],[[[120.9956,14.52479],[120.99551,14.5247],[120.99551,14.52479],[120.9956,14.52479]]],[[[120.99226,14.52486],[120.99217,14.52458],[120.99217,14.52485],[120.99226,14.52486]]],[[[120.993,14.52486],[120.99311,14.52396],[120.99301,14.52396],[120.993,14.52486]]],[[[120.9956,14.52497],[120.99532,14.52506],[120.9956,14.52506],[120.9956,14.52497]]],[[[120.9982,14.52518],[120.99811,14.52491],[120.9981,14.52518],[120.9982,14.52518]]],[[[120.99894,14.52518],[120.99885,14.52446],[120.99885,14.52518],[120.99894,14.52518]]],[[[120.99847,14.52536],[120.99839,14.52482],[120.99838,14.52536],[120.99847,14.52536]]],[[[120.99838,14.52554],[120.99829,14.52545],[120.99829,14.52554],[120.99838,14.52554]]],[[[120.98938,14.52564],[120.98957,14.52528],[120.98827,14.52518],[120.98827,14.52554],[120.98938,14.52564]]],[[[120.99884,14.52582],[120.99875,14.52518],[120.99875,14.52581],[120.99884,14.52582]]],[[[120.98882,14.52582],[120.98864,14.52573],[120.98864,14.52582],[120.98882,14.52582]]],[[[120.99837,14.52599],[120.99829,14.52563],[120.99828,14.52599],[120.99837,14.52599]]],[[[120.99874,14.52654],[120.99865,14.5259],[120.99865,14.52654],[120.99874,14.52654]]],[[[120.99828,14.52662],[120.99819,14.52626],[120.99818,14.52662],[120.99828,14.52662]]],[[[120.9813,14.52675],[120.98112,14.52657],[120.98111,14.52675],[120.9813,14.52675]]],[[[120.99058,14.52674],[120.99067,14.52683],[120.99067,14.52674],[120.99058,14.52674]]],[[[120.99252,14.52685],[120.99243,14.52675],[120.99243,14.52685],[120.99252,14.52685]]],[[[120.99855,14.52663],[120.99864,14.52717],[120.99865,14.52663],[120.99855,14.52663]]],[[[120.9812,14.5272],[120.98111,14.52702],[120.98111,14.5272],[120.9812,14.5272]]],[[[120.99104,14.52719],[120.99076,14.52719],[120.99103,14.52729],[120.99104,14.52719]]],[[[120.99818,14.52735],[120.99809,14.52698],[120.99808,14.52735],[120.99818,14.52735]]],[[[120.99855,14.52735],[120.99846,14.52717],[120.99846,14.52735],[120.99855,14.52735]]],[[[120.99864,14.52735],[120.99855,14.52744],[120.99864,14.52744],[120.99864,14.52735]]],[[[120.99808,14.52753],[120.99818,14.52744],[120.99808,14.52744],[120.99808,14.52753]]],[[[120.9992,14.52745],[120.99864,14.52753],[120.9992,14.52754],[120.9992,14.52745]]],[[[120.99836,14.52762],[120.99817,14.52771],[120.99836,14.52771],[120.99836,14.52762]]],[[[120.99929,14.52754],[120.99919,14.52772],[120.99929,14.52772],[120.99929,14.52754]]],[[[120.99854,14.52771],[120.99836,14.5278],[120.99854,14.5278],[120.99854,14.52771]]],[[[120.99938,14.52772],[120.99929,14.52781],[120.99938,14.52781],[120.99938,14.52772]]],[[[120.99947,14.52781],[120.99938,14.52799],[120.99947,14.52799],[120.99947,14.52781]]],[[[120.9824,14.52793],[120.98259,14.52803],[120.98259,14.52794],[120.9824,14.52793]]],[[[120.999,14.52817],[120.9991,14.52799],[120.99901,14.52799],[120.999,14.52817]]],[[[120.99891,14.52799],[120.99864,14.52798],[120.99835,14.52825],[120.99891,14.52799]]],[[[120.99919,14.52817],[120.9991,14.52826],[120.99919,14.52826],[120.99919,14.52817]]],[[[120.99956,14.52799],[120.99947,14.52826],[120.99956,14.52826],[120.99956,14.52799]]],[[[120.99919,14.52844],[120.99928,14.52835],[120.99919,14.52835],[120.99919,14.52844]]],[[[120.99965,14.52826],[120.99956,14.52844],[120.99965,14.52844],[120.99965,14.52826]]],[[[120.99872,14.52862],[120.999,14.52835],[120.99882,14.52826],[120.99872,14.52862]]],[[[120.99937,14.52844],[120.99928,14.52862],[120.99937,14.52862],[120.99937,14.52844]]],[[[120.99844,14.5287],[120.99835,14.52861],[120.99835,14.5287],[120.99844,14.5287]]],[[[120.99946,14.52862],[120.99937,14.5288],[120.99946,14.5288],[120.99946,14.52862]]],[[[120.99965,14.5288],[120.99974,14.52853],[120.99965,14.52853],[120.99965,14.5288]]],[[[120.99881,14.52898],[120.99872,14.52889],[120.99872,14.52898],[120.99881,14.52898]]],[[[120.99983,14.52881],[120.99974,14.52899],[120.99983,14.52899],[120.99983,14.52881]]],[[[120.99964,14.52962],[120.99955,14.52907],[120.99955,14.52962],[120.99964,14.52962]]],[[[120.99324,14.52938],[120.99287,14.52956],[120.99324,14.52965],[120.99324,14.52938]]],[[[121.00047,14.52972],[121.00038,14.52962],[121.00038,14.52971],[121.00047,14.52972]]],[[[120.99964,14.5298],[120.99973,14.52971],[120.99964,14.52971],[120.99964,14.5298]]],[[[120.99983,14.52971],[121.00001,14.5298],[121.00001,14.52971],[120.99983,14.52971]]],[[[120.99982,14.52989],[120.99973,14.5298],[120.99973,14.52989],[120.99982,14.52989]]],[[[121.00075,14.52981],[121.00047,14.5299],[121.00075,14.5299],[121.00075,14.52981]]],[[[120.99064,14.52981],[120.99027,14.52981],[120.99092,14.5299],[120.99064,14.52981]]],[[[120.99992,14.52989],[120.99982,14.52998],[120.99992,14.52998],[120.99992,14.52989]]],[[[121.00084,14.52999],[121.00103,14.5299],[121.00084,14.5299],[121.00084,14.52999]]],[[[121.0001,14.53016],[121.00001,14.53007],[121.00001,14.53016],[121.0001,14.53016]]],[[[121.00112,14.52999],[121.00103,14.53026],[121.00112,14.53026],[121.00112,14.52999]]],[[[121.00028,14.53035],[121.0001,14.53025],[121.0001,14.53034],[121.00028,14.53035]]],[[[121.00065,14.53044],[121.00047,14.53035],[121.00047,14.53044],[121.00065,14.53044]]],[[[121.00112,14.53044],[121.00121,14.53035],[121.00112,14.53035],[121.00112,14.53044]]],[[[121.00093,14.53053],[121.00075,14.53044],[121.00075,14.53053],[121.00093,14.53053]]],[[[121.0013,14.53045],[121.00121,14.53053],[121.0013,14.53054],[121.0013,14.53045]]],[[[121.00121,14.53063],[121.00102,14.53053],[121.00102,14.53062],[121.00121,14.53063]]],[[[121.00149,14.53063],[121.0014,14.53054],[121.00139,14.53063],[121.00149,14.53063]]],[[[120.99945,14.5307],[120.99927,14.52943],[120.9989,14.52952],[120.99899,14.53006],[120.99852,14.53024],[120.99945,14.5307]]],[[[121.0013,14.53063],[121.00121,14.53072],[121.0013,14.53072],[121.0013,14.53063]]],[[[121.00167,14.53072],[121.00158,14.53063],[121.00158,14.53072],[121.00167,14.53072]]],[[[121.00139,14.53081],[121.00149,14.53072],[121.00139,14.53072],[121.00139,14.53081]]],[[[121.00186,14.53081],[121.00176,14.53072],[121.00176,14.53081],[121.00186,14.53081]]],[[[120.98562,14.53085],[120.98544,14.53076],[120.98544,14.53085],[120.98562,14.53085]]],[[[120.98664,14.53086],[120.98646,14.53077],[120.98646,14.53086],[120.98664,14.53086]]],[[[121.00167,14.53081],[121.00148,14.5309],[121.00167,14.5309],[121.00167,14.53081]]],[[[121.00213,14.5309],[121.00195,14.53081],[121.00195,14.5309],[121.00213,14.5309]]],[[[121.00186,14.5309],[121.00167,14.53099],[121.00185,14.53099],[121.00186,14.5309]]],[[[121.00232,14.531],[121.00223,14.53091],[121.00223,14.531],[121.00232,14.531]]],[[[120.98581,14.53085],[120.98599,14.53095],[120.98599,14.53086],[120.98581,14.53085]]],[[[121.00204,14.53099],[121.00185,14.53108],[121.00204,14.53108],[121.00204,14.53099]]],[[[121.0025,14.53109],[121.00241,14.531],[121.00241,14.53109],[121.0025,14.53109]]],[[[120.9988,14.5307],[120.99926,14.53106],[120.99907,14.5307],[120.9988,14.5307]]],[[[121.00222,14.53118],[121.00213,14.53108],[121.00213,14.53118],[121.00222,14.53118]]],[[[121.00269,14.53118],[121.0026,14.53109],[121.0026,14.53118],[121.00269,14.53118]]],[[[121.00232,14.53127],[121.0025,14.53118],[121.00232,14.53118],[121.00232,14.53127]]],[[[121.00278,14.53118],[121.00287,14.53127],[121.00287,14.53118],[121.00278,14.53118]]],[[[121.00278,14.53136],[121.0025,14.53127],[121.0025,14.53136],[121.00278,14.53136]]],[[[121.00296,14.53136],[121.00343,14.53128],[121.00297,14.53127],[121.00296,14.53136]]],[[[121.00287,14.53136],[121.00278,14.53145],[121.00287,14.53145],[121.00287,14.53136]]],[[[121.00352,14.53137],[121.00343,14.53146],[121.00352,14.53146],[121.00352,14.53137]]],[[[120.99888,14.53151],[120.99926,14.53124],[120.99888,14.53142],[120.99888,14.53151]]],[[[121.00306,14.53154],[121.00296,14.53145],[121.00296,14.53154],[121.00306,14.53154]]],[[[121.00361,14.53146],[121.00352,14.53155],[121.00361,14.53155],[121.00361,14.53146]]],[[[121.00324,14.53164],[121.00315,14.53155],[121.00315,14.53164],[121.00324,14.53164]]],[[[121.0038,14.53155],[121.00361,14.53164],[121.0038,14.53164],[121.0038,14.53155]]],[[[121.00343,14.53173],[121.00333,14.53164],[121.00333,14.53173],[121.00343,14.53173]]],[[[121.0037,14.53182],[121.00361,14.53173],[121.00361,14.53182],[121.0037,14.53182]]],[[[121.00389,14.53164],[121.0038,14.53182],[121.00389,14.53182],[121.00389,14.53164]]],[[[120.98422,14.53193],[120.98413,14.53174],[120.98413,14.53192],[120.98422,14.53193]]],[[[120.99738,14.5333],[120.99747,14.53321],[120.99738,14.53321],[120.99738,14.5333]]],[[[120.99664,14.53348],[120.99701,14.53312],[120.99646,14.53302],[120.99664,14.53348]]],[[[120.99784,14.5334],[120.99756,14.53358],[120.99784,14.53367],[120.99784,14.5334]]],[[[120.99571,14.53392],[120.99589,14.53401],[120.99589,14.53392],[120.99571,14.53392]]],[[[120.99598,14.53401],[120.99589,14.5341],[120.99598,14.5341],[120.99598,14.53401]]],[[[120.99663,14.53384],[120.99672,14.5342],[120.997,14.5342],[120.997,14.53393],[120.99663,14.53384]]],[[[120.99153,14.53425],[120.99144,14.53416],[120.99144,14.53425],[120.99153,14.53425]]],[[[120.99821,14.5343],[120.99812,14.53403],[120.99802,14.5343],[120.99821,14.5343]]],[[[120.99839,14.53467],[120.99848,14.53458],[120.99839,14.53458],[120.99839,14.53467]]],[[[120.99737,14.53475],[120.99718,14.53466],[120.99718,14.53475],[120.99737,14.53475]]],[[[120.99867,14.53467],[120.99848,14.53476],[120.99867,14.53476],[120.99867,14.53467]]],[[[120.99681,14.53474],[120.99709,14.53484],[120.99709,14.53475],[120.99681,14.53474]]],[[[120.99876,14.53476],[120.99867,14.53485],[120.99876,14.53485],[120.99876,14.53476]]],[[[120.98317,14.53526],[120.98308,14.53517],[120.98308,14.53526],[120.98317,14.53526]]],[[[120.99764,14.53566],[120.99755,14.53556],[120.99755,14.53565],[120.99764,14.53566]]],[[[120.97946,14.53559],[120.97936,14.53568],[120.97946,14.53568],[120.97946,14.53559]]],[[[120.98382,14.53563],[120.98391,14.53545],[120.98373,14.53517],[120.98382,14.53563]]],[[[120.99504,14.53572],[120.99513,14.53563],[120.99504,14.53563],[120.99504,14.53572]]],[[[120.99708,14.53574],[120.99699,14.53565],[120.99699,14.53574],[120.99708,14.53574]]],[[[120.99754,14.53593],[120.99736,14.53574],[120.99736,14.53592],[120.99754,14.53593]]],[[[120.97888,14.53613],[120.97946,14.53496],[120.979,14.5345],[120.97888,14.53613]]],[[[120.9827,14.53616],[120.98233,14.53625],[120.9827,14.53625],[120.9827,14.53616]]],[[[120.99865,14.53648],[120.99847,14.5362],[120.99847,14.53648],[120.99865,14.53648]]],[[[120.99484,14.53708],[120.99512,14.53726],[120.99522,14.5369],[120.99484,14.53708]]],[[[120.99549,14.53744],[120.9953,14.53726],[120.9953,14.53744],[120.99549,14.53744]]],[[[120.99195,14.53859],[120.99186,14.53877],[120.99195,14.53877],[120.99195,14.53859]]],[[[120.99195,14.53913],[120.99186,14.53904],[120.99186,14.53913],[120.99195,14.53913]]],[[[120.99195,14.53922],[120.99204,14.53931],[120.99204,14.53922],[120.99195,14.53922]]],[[[120.99779,14.53945],[120.99798,14.53855],[120.99733,14.53854],[120.99733,14.53918],[120.99659,14.53899],[120.99779,14.53945]]],[[[120.99789,14.539],[120.9977,14.53882],[120.99789,14.53882],[120.99789,14.539]]],[[[120.99194,14.53958],[120.99185,14.53931],[120.99185,14.53958],[120.99194,14.53958]]],[[[120.99565,14.5397],[120.99537,14.53979],[120.99565,14.5398],[120.99565,14.5397]]],[[[120.9822,14.54022],[120.98211,14.54013],[120.9821,14.54022],[120.9822,14.54022]]],[[[120.99426,14.54033],[120.99435,14.54015],[120.99426,14.54014],[120.99426,14.54033]]],[[[120.97876,14.54064],[120.9787,14.54046],[120.97869,14.54064],[120.97876,14.54064]]],[[[120.98126,14.54103],[120.98163,14.54085],[120.98164,14.54013],[120.9809,14.54012],[120.98126,14.54103]]],[[[120.98349,14.54123],[120.9834,14.54077],[120.9833,14.54123],[120.98349,14.54123]]],[[[120.97987,14.54111],[120.9795,14.54101],[120.97987,14.54129],[120.97987,14.54111]]],[[[120.98265,14.54167],[120.98293,14.54113],[120.98256,14.54113],[120.98265,14.54167]]],[[[120.98293,14.54149],[120.98284,14.5414],[120.98293,14.5414],[120.98293,14.54149]]],[[[120.98107,14.54193],[120.97922,14.54146],[120.97866,14.54146],[120.98034,14.54201],[120.98107,14.54193]]],[[[120.99646,14.54251],[120.99647,14.54161],[120.99536,14.54178],[120.99526,14.54232],[120.99646,14.54251]]],[[[120.99637,14.54215],[120.99628,14.54197],[120.99638,14.54197],[120.99637,14.54215]]],[[[120.98023,14.54229],[120.98014,14.54224],[120.97975,14.54247],[120.98023,14.54229]]],[[[120.99711,14.54279],[120.99739,14.54261],[120.99711,14.54261],[120.99711,14.54279]]],[[[120.98329,14.54285],[120.98292,14.54276],[120.98292,14.54285],[120.98329,14.54285]]],[[[120.98681,14.54351],[120.98653,14.5436],[120.9868,14.54361],[120.98681,14.54351]]],[[[120.98254,14.54375],[120.98248,14.54366],[120.98244,14.54375],[120.98254,14.54375]]],[[[120.98309,14.54375],[120.98273,14.54321],[120.98263,14.54348],[120.98309,14.54375]]],[[[120.9869,14.5437],[120.98745,14.54361],[120.9869,14.54361],[120.9869,14.5437]]],[[[120.98773,14.54379],[120.98754,14.54388],[120.98773,14.54388],[120.98773,14.54379]]],[[[120.98263,14.54393],[120.98272,14.54384],[120.98263,14.54384],[120.98263,14.54393]]],[[[120.983,14.54393],[120.98291,14.54384],[120.98291,14.54393],[120.983,14.54393]]],[[[120.9881,14.54389],[120.98782,14.54398],[120.9881,14.54398],[120.9881,14.54389]]],[[[120.98281,14.54393],[120.98272,14.54402],[120.98281,14.54402],[120.98281,14.54393]]],[[[120.98819,14.54407],[120.98829,14.54398],[120.98819,14.54398],[120.98819,14.54407]]],[[[120.98838,14.54407],[120.98828,14.54416],[120.98838,14.54416],[120.98838,14.54407]]],[[[120.98225,14.54438],[120.98207,14.54429],[120.98207,14.54438],[120.98225,14.54438]]],[[[120.99469,14.54421],[120.99505,14.5444],[120.99506,14.54431],[120.99469,14.54421]]],[[[120.9957,14.54459],[120.99552,14.54449],[120.99552,14.54458],[120.9957,14.54459]]],[[[120.99403,14.54484],[120.99385,14.54475],[120.99384,14.54484],[120.99403,14.54484]]],[[[120.98503,14.54504],[120.98494,14.54485],[120.98494,14.54503],[120.98503,14.54504]]],[[[120.99579,14.54504],[120.9957,14.54495],[120.9957,14.54504],[120.99579,14.54504]]],[[[120.98382,14.54512],[120.98401,14.54494],[120.98383,14.54484],[120.98382,14.54512]]],[[[120.98187,14.54519],[120.98178,14.54501],[120.98178,14.54519],[120.98187,14.54519]]],[[[120.99551,14.54558],[120.99532,14.5453],[120.99523,14.54548],[120.99551,14.54558]]],[[[120.99662,14.54568],[120.99644,14.54559],[120.99643,14.54568],[120.99662,14.54568]]],[[[120.99569,14.54576],[120.9956,14.54558],[120.9956,14.54576],[120.99569,14.54576]]],[[[120.99625,14.54576],[120.99616,14.54567],[120.99616,14.54576],[120.99625,14.54576]]],[[[120.9956,14.54612],[120.99541,14.54594],[120.99541,14.54612],[120.9956,14.54612]]],[[[120.98186,14.54654],[120.98214,14.54637],[120.98196,14.54627],[120.98186,14.54654]]],[[[120.99503,14.54666],[120.99513,14.5463],[120.99393,14.54584],[120.99392,14.54647],[120.99503,14.54666]]],[[[120.9955,14.54675],[120.99578,14.54666],[120.9955,14.54657],[120.9955,14.54675]]],[[[120.99438,14.54701],[120.99466,14.54711],[120.99466,14.54693],[120.99438,14.54701]]],[[[120.98185,14.54763],[120.98203,14.54844],[120.98212,14.54844],[120.98222,14.54808],[120.98185,14.54763]]],[[[120.98222,14.54845],[120.98212,14.54863],[120.98221,14.54863],[120.98222,14.54845]]],[[[120.99816,14.55021],[120.99806,14.55012],[120.99806,14.55021],[120.99816,14.55021]]],[[[120.98137,14.55006],[120.98164,14.55016],[120.98165,14.54989],[120.98137,14.55006]]],[[[120.99611,14.55037],[120.9963,14.55064],[120.99695,14.55074],[120.99649,14.55038],[120.99611,14.55037]]],[[[120.99704,14.55092],[120.9975,14.55066],[120.99704,14.55074],[120.99704,14.55092]]],[[[120.9821,14.55116],[120.98275,14.55107],[120.98275,14.55053],[120.9821,14.55116]]],[[[120.99351,14.55107],[120.99388,14.55135],[120.99388,14.5509],[120.99351,14.55107]]],[[[120.99787,14.55129],[120.99806,14.55084],[120.99806,14.55048],[120.99769,14.55066],[120.99787,14.55129]]],[[[120.99638,14.55182],[120.99685,14.55146],[120.99638,14.55146],[120.99638,14.55182]]],[[[120.98061,14.55187],[120.98051,14.55177],[120.98051,14.55196],[120.98061,14.55187]]],[[[120.99406,14.55225],[120.99387,14.55207],[120.99378,14.55225],[120.99406,14.55225]]],[[[120.99304,14.55224],[120.99387,14.55189],[120.99388,14.55171],[120.99304,14.55224]]],[[[120.98116,14.5525],[120.98106,14.55268],[120.98125,14.55268],[120.98116,14.5525]]],[[[120.98134,14.55269],[120.98125,14.55277],[120.98134,14.55278],[120.98134,14.55269]]],[[[120.99285,14.55269],[120.99321,14.55297],[120.99359,14.55288],[120.99359,14.55261],[120.99285,14.55269]]],[[[120.99182,14.55332],[120.992,14.55359],[120.99191,14.55332],[120.99182,14.55332]]],[[[121.00063,14.55403],[121.00044,14.55393],[121.00044,14.55402],[121.00063,14.55403]]],[[[121.00285,14.55459],[121.00294,14.55468],[121.00294,14.55459],[121.00285,14.55459]]],[[[121.00285,14.55495],[121.00248,14.55458],[121.00248,14.55485],[121.00285,14.55495]]],[[[121.00043,14.5552],[121.0008,14.55538],[121.00089,14.5552],[121.00043,14.5552]]],[[[120.98855,14.55564],[120.98846,14.55555],[120.98846,14.55564],[120.98855,14.55564]]],[[[121.00256,14.55621],[121.00218,14.55621],[121.00255,14.55639],[121.00256,14.55621]]],[[[120.99272,14.55667],[120.99299,14.55703],[120.99309,14.55676],[120.99272,14.55667]]],[[[120.98742,14.55726],[120.98733,14.55716],[120.98733,14.55726],[120.98742,14.55726]]],[[[121.00468,14.55713],[121.00449,14.55731],[121.00468,14.55749],[121.00468,14.55713]]],[[[120.99085,14.55837],[120.99066,14.55819],[120.99066,14.55837],[120.99085,14.55837]]],[[[120.9914,14.55837],[120.99131,14.55846],[120.9914,14.55846],[120.9914,14.55837]]],[[[120.99149,14.55847],[120.9914,14.55856],[120.99149,14.55856],[120.99149,14.55847]]],[[[120.98175,14.55901],[120.98184,14.55911],[120.98184,14.55902],[120.98175,14.55901]]],[[[120.98175,14.55926],[120.98165,14.55915],[120.98165,14.55928],[120.98175,14.55926]]],[[[120.98165,14.55937],[120.98157,14.55928],[120.98156,14.55937],[120.98165,14.55937]]],[[[120.98722,14.55933],[120.98768,14.55916],[120.98769,14.55888],[120.98722,14.55933]]],[[[120.98156,14.55955],[120.98147,14.55946],[120.98146,14.55955],[120.98156,14.55955]]],[[[120.98146,14.55973],[120.98137,14.55964],[120.98137,14.55973],[120.98146,14.55973]]],[[[120.98749,14.5597],[120.98777,14.55979],[120.98777,14.5597],[120.98749,14.5597]]],[[[120.98749,14.55988],[120.9874,14.55979],[120.9874,14.55988],[120.98749,14.55988]]],[[[120.98805,14.55988],[120.98786,14.55979],[120.98786,14.55988],[120.98805,14.55988]]],[[[120.98136,14.55991],[120.98128,14.55982],[120.98128,14.55991],[120.98136,14.55991]]],[[[120.9874,14.55997],[120.98731,14.55988],[120.98731,14.55997],[120.9874,14.55997]]],[[[120.98118,14.56],[120.98126,14.56009],[120.98128,14.56],[120.98118,14.56]]],[[[120.98118,14.56018],[120.98112,14.56009],[120.98109,14.56018],[120.98118,14.56018]]],[[[121.00521,14.56021],[121.00503,14.56003],[121.00502,14.56021],[121.00521,14.56021]]],[[[120.98109,14.56036],[120.98101,14.56027],[120.98099,14.56036],[120.98109,14.56036]]],[[[120.9873,14.56024],[120.98712,14.56014],[120.98712,14.56042],[120.9873,14.56024]]],[[[120.98099,14.56054],[120.98091,14.56045],[120.9809,14.56054],[120.98099,14.56054]]],[[[120.98711,14.5606],[120.98702,14.56042],[120.98702,14.5606],[120.98711,14.5606]]],[[[120.9809,14.56072],[120.98081,14.56063],[120.9808,14.56072],[120.9809,14.56072]]],[[[120.98702,14.56078],[120.98693,14.56069],[120.98693,14.56078],[120.98702,14.56078]]],[[[121.0053,14.56084],[121.00521,14.56066],[121.0052,14.56084],[121.0053,14.56084]]],[[[120.98683,14.56087],[120.98692,14.56114],[120.98693,14.56087],[120.98683,14.56087]]],[[[120.98683,14.56132],[120.98674,14.56114],[120.98674,14.56132],[120.98683,14.56132]]],[[[120.98674,14.5615],[120.98664,14.56132],[120.98664,14.5615],[120.98674,14.5615]]],[[[120.99332,14.56173],[120.99378,14.56174],[120.99369,14.56156],[120.99332,14.56173]]],[[[120.97995,14.56234],[120.97987,14.56225],[120.97986,14.56234],[120.97995,14.56234]]],[[[120.99202,14.56245],[120.99192,14.56236],[120.99192,14.56245],[120.99202,14.56245]]],[[[120.99257,14.56236],[120.99248,14.56245],[120.99257,14.56245],[120.99257,14.56236]]],[[[120.99359,14.56246],[120.9934,14.56273],[120.99387,14.56282],[120.99359,14.56246]]],[[[120.99794,14.5634],[120.99804,14.56349],[120.99804,14.5634],[120.99794,14.5634]]],[[[120.97986,14.56252],[120.97984,14.56297],[120.98022,14.56372],[120.97986,14.56252]]],[[[120.98615,14.56429],[120.98606,14.5642],[120.98606,14.56429],[120.98615,14.56429]]],[[[120.99246,14.56435],[120.99228,14.56444],[120.99246,14.56444],[120.99246,14.56435]]],[[[120.99097,14.56506],[120.99088,14.56497],[120.99088,14.56506],[120.99097,14.56506]]],[[[120.98726,14.56494],[120.988,14.56494],[120.98745,14.56449],[120.98726,14.56494]]],[[[120.99041,14.56523],[120.99032,14.56514],[120.99032,14.56523],[120.99041,14.56523]]],[[[120.99255,14.56516],[120.99218,14.56471],[120.99171,14.56506],[120.9919,14.56525],[120.99255,14.56516]]],[[[120.98809,14.56512],[120.98856,14.56522],[120.98856,14.56504],[120.98809,14.56512]]],[[[121.00414,14.56562],[121.00405,14.56544],[121.00396,14.56562],[121.00414,14.56562]]],[[[120.99078,14.56524],[120.99189,14.56552],[120.99134,14.56506],[120.99078,14.56524]]],[[[120.99125,14.56551],[120.99134,14.56533],[120.99143,14.56551],[120.99125,14.56551]]],[[[120.98809,14.56576],[120.98837,14.56549],[120.988,14.56557],[120.98809,14.56576]]],[[[120.9905,14.56596],[120.99078,14.5656],[120.99041,14.56569],[120.9905,14.56596]]],[[[120.99013,14.56614],[120.99031,14.56587],[120.99022,14.5655],[120.99004,14.56559],[120.99013,14.56614]]],[[[120.98558,14.56619],[120.98568,14.56528],[120.98475,14.56564],[120.98493,14.56636],[120.98558,14.56619]]],[[[120.9853,14.56618],[120.98521,14.56609],[120.9853,14.56609],[120.9853,14.56618]]],[[[120.98558,14.56564],[120.98549,14.56555],[120.98559,14.56555],[120.98558,14.56564]]],[[[120.9891,14.5664],[120.98901,14.56631],[120.98901,14.5664],[120.9891,14.5664]]],[[[120.98474,14.56672],[120.98502,14.56654],[120.98465,14.56645],[120.98474,14.56672]]],[[[120.98854,14.56693],[120.98845,14.56675],[120.98845,14.56693],[120.98854,14.56693]]],[[[120.98548,14.567],[120.98585,14.567],[120.98595,14.56646],[120.98548,14.567]]],[[[120.98743,14.5672],[120.98808,14.56657],[120.98781,14.56584],[120.98596,14.56565],[120.9865,14.56719],[120.98725,14.56629],[120.98743,14.5672]]],[[[120.98956,14.56703],[120.98984,14.56713],[120.98984,14.56686],[120.98956,14.56703]]],[[[120.99021,14.56731],[120.99077,14.56722],[120.9903,14.56704],[120.99021,14.56731]]],[[[120.98547,14.56781],[120.98538,14.56763],[120.98538,14.56781],[120.98547,14.56781]]],[[[120.99002,14.56749],[120.98974,14.56776],[120.99002,14.56785],[120.99002,14.56749]]],[[[120.98705,14.56774],[120.98723,14.56783],[120.98724,14.56774],[120.98705,14.56774]]],[[[120.98686,14.56782],[120.98668,14.56791],[120.98686,14.568],[120.98686,14.56782]]],[[[120.98927,14.56803],[120.98918,14.56793],[120.98918,14.56802],[120.98927,14.56803]]],[[[120.99039,14.56785],[120.99011,14.56767],[120.9902,14.56803],[120.99039,14.56785]]],[[[120.9864,14.56791],[120.98659,14.56728],[120.98613,14.56719],[120.98584,14.568],[120.9864,14.56791]]],[[[120.98398,14.56816],[120.98454,14.56789],[120.98465,14.5669],[120.98418,14.56699],[120.98398,14.56816]]],[[[120.98658,14.56818],[120.98649,14.56809],[120.98649,14.56818],[120.98658,14.56818]]],[[[120.98751,14.56801],[120.98788,14.56792],[120.98789,14.56765],[120.98751,14.56801]]],[[[120.9902,14.56821],[120.99011,14.56803],[120.99011,14.56821],[120.9902,14.56821]]],[[[120.99029,14.56831],[120.99039,14.56822],[120.99029,14.56821],[120.99029,14.56831]]],[[[120.98751,14.56837],[120.98742,14.56819],[120.98742,14.56837],[120.98751,14.56837]]],[[[120.98964,14.56848],[120.98955,14.56821],[120.98955,14.56848],[120.98964,14.56848]]],[[[120.98547,14.56853],[120.98574,14.56863],[120.98575,14.56836],[120.98547,14.56853]]],[[[120.98843,14.56874],[120.98834,14.56856],[120.98834,14.56874],[120.98843,14.56874]]],[[[120.98527,14.56953],[120.98528,14.56889],[120.98342,14.56861],[120.98434,14.56943],[120.98527,14.56953]]],[[[120.98935,14.56974],[120.98964,14.56902],[120.9901,14.5693],[120.99029,14.56876],[120.98917,14.56893],[120.98935,14.56974]]],[[[120.99056,14.56993],[120.99093,14.56958],[120.99056,14.5693],[120.99056,14.56993]]],[[[120.98823,14.57037],[120.98814,14.57027],[120.98814,14.57037],[120.98823,14.57037]]],[[[120.98415,14.5706],[120.98471,14.56979],[120.98342,14.56924],[120.98388,14.56961],[120.98378,14.57042],[120.98415,14.5706]]],[[[120.98554,14.5707],[120.98535,14.57052],[120.98535,14.5707],[120.98554,14.5707]]],[[[120.98266,14.57077],[120.98322,14.57041],[120.98267,14.57032],[120.98266,14.57077]]],[[[120.98294,14.57059],[120.98276,14.57041],[120.98294,14.57041],[120.98294,14.57059]]],[[[120.98813,14.57109],[120.98804,14.571],[120.98804,14.57109],[120.98813,14.57109]]],[[[120.98359,14.57087],[120.98368,14.57114],[120.98377,14.57096],[120.98359,14.57087]]],[[[120.98415,14.5706],[120.98423,14.57124],[120.9847,14.57133],[120.98499,14.57025],[120.98415,14.5706]]],[[[120.98804,14.57145],[120.98776,14.57154],[120.98804,14.57154],[120.98804,14.57145]]],[[[121.00084,14.57174],[121.00065,14.57156],[121.00065,14.57174],[121.00084,14.57174]]],[[[120.98442,14.57169],[120.98414,14.57187],[120.98441,14.57187],[120.98442,14.57169]]],[[[120.98822,14.57163],[120.98859,14.57191],[120.98859,14.57145],[120.98822,14.57163]]],[[[120.98961,14.57137],[120.99055,14.57048],[120.9901,14.56957],[120.98898,14.57001],[120.98869,14.57073],[120.98823,14.57064],[120.9885,14.57127],[120.99035,14.57219],[120.9912,14.57057],[120.99065,14.5703],[120.99026,14.57156],[120.98961,14.57137]]],[[[120.98924,14.57137],[120.98915,14.57128],[120.98924,14.57128],[120.98924,14.57137]]],[[[120.98897,14.57091],[120.98888,14.57082],[120.98897,14.57082],[120.98897,14.57091]]],[[[120.98543,14.57251],[120.98534,14.57242],[120.98534,14.57251],[120.98543,14.57251]]],[[[120.9884,14.57245],[120.98812,14.57244],[120.9884,14.57254],[120.9884,14.57245]]],[[[120.98246,14.57267],[120.98256,14.57212],[120.982,14.57194],[120.98181,14.57248],[120.98246,14.57267]]],[[[120.982,14.57239],[120.98237,14.57212],[120.98246,14.57249],[120.982,14.57239]]],[[[120.99082,14.57165],[120.99118,14.57274],[120.99146,14.57211],[120.9911,14.57175],[120.99194,14.57094],[120.99148,14.57066],[120.99082,14.57165]]],[[[120.98598,14.57279],[120.98589,14.5726],[120.98589,14.57279],[120.98598,14.57279]]],[[[120.98349,14.57114],[120.98275,14.57104],[120.98349,14.57159],[120.98265,14.57258],[120.9832,14.57294],[120.98386,14.57205],[120.98349,14.57114]]],[[[120.98376,14.57286],[120.98459,14.5725],[120.98395,14.57214],[120.98376,14.57286]]],[[[120.98756,14.57307],[120.98737,14.57298],[120.98737,14.57307],[120.98756,14.57307]]],[[[120.98784,14.57289],[120.98802,14.57308],[120.98802,14.57289],[120.98784,14.57289]]],[[[120.98858,14.57308],[120.98895,14.57299],[120.98942,14.572],[120.98859,14.57227],[120.98858,14.57308]]],[[[121.00064,14.57318],[121.00055,14.57309],[121.00055,14.57318],[121.00064,14.57318]]],[[[120.98199,14.57293],[120.98171,14.57302],[120.98199,14.5732],[120.98199,14.57293]]],[[[120.9896,14.57345],[120.99016,14.57255],[120.98979,14.57219],[120.98913,14.57318],[120.9896,14.57345]]],[[[120.99154,14.57347],[120.99164,14.57329],[120.99155,14.57329],[120.99154,14.57347]]],[[[120.98245,14.57357],[120.98301,14.5733],[120.98255,14.57303],[120.98245,14.57357]]],[[[120.98199,14.57375],[120.9818,14.57347],[120.9818,14.57374],[120.98199,14.57375]]],[[[120.98784,14.57307],[120.98728,14.57316],[120.98727,14.5737],[120.98764,14.57379],[120.98784,14.57307]]],[[[120.99024,14.57382],[120.98997,14.57354],[120.98987,14.57381],[120.99024,14.57382]]],[[[120.98384,14.57385],[120.98366,14.57358],[120.98375,14.57385],[120.98384,14.57385]]],[[[120.98839,14.57389],[120.98876,14.57362],[120.98867,14.57317],[120.98793,14.57344],[120.98839,14.57389]]],[[[120.98858,14.57344],[120.98848,14.57335],[120.98858,14.57335],[120.98858,14.57344]]],[[[120.98458,14.57431],[120.98439,14.57413],[120.98439,14.57431],[120.98458,14.57431]]],[[[120.98495,14.5744],[120.98486,14.57422],[120.98486,14.5744],[120.98495,14.5744]]],[[[120.98903,14.57453],[120.9894,14.57408],[120.98922,14.57363],[120.98866,14.57426],[120.98903,14.57453]]],[[[120.98244,14.57447],[120.98216,14.57465],[120.98244,14.57474],[120.98244,14.57447]]],[[[120.98773,14.57479],[120.98792,14.57443],[120.98745,14.57443],[120.98773,14.57479]]],[[[120.98995,14.57481],[120.98996,14.57454],[120.98996,14.57436],[120.98968,14.57444],[120.98968,14.57481],[120.98995,14.57481]]],[[[120.98207,14.57483],[120.98198,14.57474],[120.98198,14.57483],[120.98207,14.57483]]],[[[120.98828,14.57507],[120.98866,14.57471],[120.98829,14.5747],[120.98828,14.57507]]],[[[120.98309,14.5752],[120.98244,14.5752],[120.98308,14.57538],[120.98309,14.5752]]],[[[120.98522,14.5754],[120.98503,14.57531],[120.98503,14.5754],[120.98522,14.5754]]],[[[120.98253,14.57556],[120.98234,14.57529],[120.98234,14.57556],[120.98253,14.57556]]],[[[120.98828,14.57516],[120.98791,14.5756],[120.98837,14.57534],[120.98828,14.57516]]],[[[120.98893,14.5757],[120.98911,14.57561],[120.98893,14.57561],[120.98893,14.5757]]],[[[120.98095,14.57582],[120.98085,14.57563],[120.98085,14.57581],[120.98095,14.57582]]],[[[120.98939,14.57571],[120.9892,14.57589],[120.98939,14.57589],[120.98939,14.57571]]],[[[120.98178,14.57564],[120.98179,14.57492],[120.98104,14.57509],[120.98141,14.57573],[120.98178,14.57564]]],[[[120.98234,14.57592],[120.98243,14.57601],[120.98243,14.57592],[120.98234,14.57592]]],[[[120.98233,14.5761],[120.98224,14.57601],[120.98224,14.5761],[120.98233,14.5761]]],[[[120.97964,14.57653],[120.97973,14.57662],[120.97973,14.57653],[120.97964,14.57653]]],[[[120.98112,14.57654],[120.98085,14.57663],[120.98112,14.57663],[120.98112,14.57654]]],[[[120.97964,14.57671],[120.97955,14.57662],[120.97955,14.57671],[120.97964,14.57671]]],[[[120.98836,14.5766],[120.98883,14.57661],[120.98883,14.57643],[120.98836,14.5766]]],[[[120.97992,14.57689],[120.97982,14.5768],[120.97982,14.57689],[120.97992,14.57689]]],[[[120.98845,14.5776],[120.98864,14.57706],[120.98799,14.57696],[120.98789,14.57714],[120.98845,14.5776]]],[[[120.98074,14.57771],[120.98084,14.57726],[120.98047,14.57708],[120.98028,14.57753],[120.98074,14.57771]]],[[[120.98807,14.57777],[120.98798,14.57768],[120.98798,14.57777],[120.98807,14.57777]]],[[[120.98686,14.57831],[120.98668,14.57803],[120.98649,14.57821],[120.98686,14.57831]]],[[[120.98872,14.57787],[120.98835,14.57823],[120.98872,14.57832],[120.98872,14.57787]]],[[[120.98185,14.57835],[120.98232,14.57827],[120.98195,14.5779],[120.98185,14.57835]]],[[[121.00375,14.57845],[121.00347,14.57827],[121.0032,14.57781],[121.00328,14.57845],[121.00375,14.57845]]],[[[120.98732,14.57876],[120.98723,14.57858],[120.98723,14.57876],[120.98732,14.57876]]],[[[120.98723,14.57813],[120.98769,14.57877],[120.98789,14.57795],[120.98723,14.57813]]],[[[121.0032,14.57781],[121.00247,14.57627],[121.00219,14.57663],[121.00173,14.57627],[121.00162,14.57717],[121.00283,14.57727],[121.00263,14.5788],[121.00328,14.57863],[121.0032,14.57781]]],[[[120.98584,14.57857],[120.98649,14.57794],[120.98641,14.57668],[120.98669,14.57713],[120.98734,14.57705],[120.98809,14.57633],[120.988,14.57588],[120.98679,14.5755],[120.98754,14.57551],[120.98791,14.57497],[120.9868,14.57487],[120.98708,14.57433],[120.98624,14.57487],[120.98643,14.57523],[120.98541,14.57495],[120.98558,14.57631],[120.98502,14.57648],[120.98476,14.57467],[120.98393,14.5744],[120.98364,14.57521],[120.98456,14.57612],[120.98372,14.57701],[120.98289,14.57665],[120.98288,14.57719],[120.98307,14.57692],[120.98325,14.5771],[120.98278,14.578],[120.98353,14.57728],[120.98464,14.57738],[120.98473,14.57793],[120.98427,14.5781],[120.98454,14.57892],[120.98528,14.57838],[120.98584,14.57857]]],[[[120.98575,14.57812],[120.98556,14.57802],[120.98575,14.57803],[120.98575,14.57812]]],[[[120.98575,14.57775],[120.98566,14.57766],[120.98575,14.57766],[120.98575,14.57775]]],[[[120.98511,14.57676],[120.98502,14.57666],[120.98511,14.57666],[120.98511,14.57676]]],[[[120.98678,14.57677],[120.98697,14.57659],[120.98697,14.57686],[120.98678,14.57677]]],[[[120.98708,14.57515],[120.98698,14.57505],[120.98708,14.57506],[120.98708,14.57515]]],[[[121.00272,14.57889],[121.00226,14.57898],[121.00272,14.57908],[121.00272,14.57889]]],[[[121.00375,14.57845],[121.00393,14.57909],[121.0043,14.57909],[121.00393,14.57881],[121.00375,14.57845]]],[[[120.98268,14.57917],[120.98296,14.57881],[120.98296,14.57836],[120.98213,14.57872],[120.98268,14.57917]]],[[[120.98221,14.57908],[120.98194,14.57917],[120.98221,14.57926],[120.98221,14.57908]]],[[[120.98509,14.57919],[120.98556,14.57875],[120.98519,14.57865],[120.98509,14.57919]]],[[[120.98555,14.57938],[120.98546,14.57929],[120.98546,14.57938],[120.98555,14.57938]]],[[[121.00105,14.57942],[121.00096,14.57933],[121.00095,14.57942],[121.00105,14.57942]]],[[[120.9785,14.57959],[120.97841,14.57941],[120.97831,14.57959],[120.9785,14.57959]]],[[[120.98601,14.57974],[120.98592,14.57956],[120.98592,14.57974],[120.98601,14.57974]]],[[[120.98806,14.57949],[120.98768,14.57967],[120.98805,14.57976],[120.98806,14.57949]]],[[[121.0004,14.5796],[121.00021,14.57969],[121.00039,14.57978],[121.0004,14.5796]]],[[[120.98017,14.57969],[120.98017,14.57906],[120.98065,14.57816],[120.9799,14.57816],[120.9798,14.57906],[120.97934,14.57933],[120.98017,14.57969]]],[[[120.99984,14.57986],[120.99975,14.57977],[120.99974,14.57986],[120.99984,14.57986]]],[[[120.99306,14.58008],[120.99325,14.5799],[120.99306,14.5799],[120.99306,14.58008]]],[[[120.98694,14.58011],[120.98722,14.57957],[120.98657,14.57939],[120.98648,14.57984],[120.98694,14.58011]]],[[[120.99928,14.58013],[120.99919,14.58004],[120.99919,14.58013],[120.99928,14.58013]]],[[[120.97868,14.58004],[120.97896,14.58014],[120.97896,14.57996],[120.97868,14.58004]]],[[[120.98118,14.58025],[120.98119,14.57988],[120.98045,14.5797],[120.98035,14.58006],[120.98118,14.58025]]],[[[120.97951,14.58032],[120.97924,14.57996],[120.97914,14.58023],[120.97951,14.58032]]],[[[120.98471,14.58037],[120.98462,14.58018],[120.98462,14.58037],[120.98471,14.58037]]],[[[120.98035,14.58042],[120.98026,14.58024],[120.98025,14.58042],[120.98035,14.58042]]],[[[121.00113,14.58051],[121.00067,14.57978],[121.00049,14.57978],[121.00067,14.58023],[121.00113,14.58051]]],[[[120.98183,14.58052],[120.98221,14.57953],[120.98138,14.57907],[120.98119,14.57961],[120.98183,14.58052]]],[[[120.98396,14.58054],[120.98452,14.58018],[120.98463,14.5791],[120.98407,14.57891],[120.98416,14.57964],[120.98369,14.57972],[120.98379,14.57909],[120.98315,14.57882],[120.98277,14.57954],[120.98332,14.57945],[120.98322,14.58026],[120.98396,14.58054]]],[[[120.97636,14.57984],[120.97654,14.58048],[120.97646,14.57984],[120.97636,14.57984]]],[[[121.00122,14.58051],[121.00113,14.58069],[121.00122,14.58069],[121.00122,14.58051]]],[[[120.98433,14.58072],[120.98415,14.58045],[120.98406,14.58063],[120.98433,14.58072]]],[[[120.97635,14.58075],[120.97626,14.58056],[120.97626,14.58075],[120.97635,14.58075]]],[[[120.98313,14.58053],[120.98285,14.5808],[120.98313,14.5808],[120.98313,14.58053]]],[[[120.97765,14.58085],[120.97756,14.58076],[120.97756,14.58085],[120.97765,14.58085]]],[[[120.98489,14.58091],[120.9848,14.58073],[120.9848,14.58091],[120.98489,14.58091]]],[[[120.98479,14.58118],[120.98451,14.58127],[120.98488,14.58136],[120.98479,14.58118]]],[[[120.98387,14.58117],[120.98359,14.58144],[120.98386,14.58144],[120.98387,14.58117]]],[[[120.97236,14.58152],[120.97254,14.58162],[120.97254,14.58153],[120.97236,14.58152]]],[[[120.98461,14.58145],[120.98442,14.58154],[120.9846,14.58163],[120.98461,14.58145]]],[[[120.97263,14.58171],[120.97273,14.58162],[120.97263,14.58162],[120.97263,14.58171]]],[[[121.01031,14.58176],[121.01012,14.58167],[121.01012,14.58176],[121.01031,14.58176]]],[[[121.0104,14.58176],[121.01077,14.58167],[121.0104,14.58167],[121.0104,14.58176]]],[[[120.97282,14.58171],[120.97273,14.5818],[120.97282,14.5818],[120.97282,14.58171]]],[[[120.97217,14.58172],[120.97235,14.58177],[120.97217,14.5817],[120.97217,14.58172]]],[[[121.00993,14.58176],[121.00966,14.58185],[121.00993,14.58185],[121.00993,14.58176]]],[[[121.01095,14.58177],[121.01077,14.58185],[121.01095,14.58186],[121.01095,14.58177]]],[[[121.00956,14.58184],[121.00928,14.58193],[121.00956,14.58193],[121.00956,14.58184]]],[[[121.01105,14.58186],[121.01095,14.58195],[121.01105,14.58195],[121.01105,14.58186]]],[[[120.97282,14.58198],[120.97272,14.58189],[120.97272,14.58195],[120.97282,14.58198]]],[[[120.97569,14.58191],[120.97598,14.58083],[120.97532,14.582],[120.97569,14.58191]]],[[[121.00919,14.58193],[121.00863,14.58202],[121.00919,14.58202],[121.00919,14.58193]]],[[[120.97254,14.58198],[120.97263,14.58207],[120.97267,14.58207],[120.97254,14.58198]]],[[[120.98534,14.58209],[120.98525,14.58191],[120.98516,14.58209],[120.98534,14.58209]]],[[[120.97486,14.58191],[120.97627,14.57993],[120.97599,14.57966],[120.97441,14.58064],[120.9744,14.58172],[120.97486,14.58191]]],[[[120.97532,14.58209],[120.97523,14.582],[120.97523,14.58209],[120.97532,14.58209]]],[[[121.00835,14.58201],[121.00854,14.58211],[121.00854,14.58202],[121.00835,14.58201]]],[[[121.01123,14.58213],[121.01132,14.58204],[121.01123,14.58204],[121.01123,14.58213]]],[[[120.97523,14.58218],[120.97514,14.58209],[120.97513,14.58218],[120.97523,14.58218]]],[[[121.00835,14.5822],[121.00826,14.5821],[121.00826,14.58219],[121.00835,14.5822]]],[[[121.00993,14.58212],[121.00947,14.58221],[121.00993,14.58221],[121.00993,14.58212]]],[[[121.01142,14.58213],[121.01132,14.58222],[121.01141,14.58222],[121.01142,14.58213]]],[[[120.99193,14.58224],[120.99202,14.58206],[120.99184,14.58205],[120.99193,14.58224]]],[[[121.00937,14.58229],[121.00919,14.5822],[121.00919,14.58229],[121.00937,14.58229]]],[[[121.01039,14.5823],[121.0103,14.58221],[121.0103,14.5823],[121.01039,14.5823]]],[[[121.0116,14.58222],[121.01141,14.58231],[121.0116,14.58231],[121.0116,14.58222]]],[[[120.99592,14.58218],[120.99573,14.58227],[120.99592,14.58236],[120.99592,14.58218]]],[[[120.97643,14.58237],[120.97634,14.58219],[120.97634,14.58237],[120.97643,14.58237]]],[[[121.00909,14.58238],[121.00891,14.58229],[121.00891,14.58238],[121.00909,14.58238]]],[[[121.01049,14.58239],[121.01076,14.58231],[121.01049,14.5823],[121.01049,14.58239]]],[[[121.01169,14.58231],[121.0116,14.5824],[121.01169,14.5824],[121.01169,14.58231]]],[[[121.00881,14.58247],[121.00872,14.58238],[121.00872,14.58247],[121.00881,14.58247]]],[[[121.01086,14.5824],[121.01076,14.58249],[121.01086,14.58249],[121.01086,14.5824]]],[[[121.01178,14.58241],[121.01169,14.5825],[121.01178,14.5825],[121.01178,14.58241]]],[[[120.97059,14.5825],[120.97115,14.58179],[120.97047,14.58115],[120.96911,14.58113],[120.97059,14.5825]]],[[[120.99137,14.58241],[120.99174,14.58214],[120.99137,14.58205],[120.99137,14.58241]]],[[[121.00854,14.58247],[121.00863,14.58256],[121.00863,14.58247],[121.00854,14.58247]]],[[[121.01095,14.58249],[121.01085,14.58258],[121.01095,14.58258],[121.01095,14.58249]]],[[[121.01188,14.5825],[121.01178,14.58259],[121.01188,14.58259],[121.01188,14.5825]]],[[[121.00779,14.58255],[121.00789,14.58264],[121.00789,14.58255],[121.00779,14.58255]]],[[[121.00853,14.58265],[121.00844,14.58256],[121.00844,14.58265],[121.00853,14.58265]]],[[[121.01104,14.58258],[121.01095,14.58267],[121.01104,14.58267],[121.01104,14.58258]]],[[[121.00779,14.58273],[121.0077,14.58264],[121.0077,14.58273],[121.00779,14.58273]]],[[[121.00844,14.58274],[121.00835,14.58265],[121.00835,14.58274],[121.00844,14.58274]]],[[[120.97801,14.58266],[120.97782,14.58275],[120.97801,14.58275],[120.97801,14.58266]]],[[[121.01113,14.58267],[121.01104,14.58276],[121.01113,14.58276],[121.01113,14.58267]]],[[[121.01197,14.58259],[121.01187,14.58277],[121.01197,14.58277],[121.01197,14.58259]]],[[[121.00835,14.58283],[121.00826,14.58274],[121.00825,14.58283],[121.00835,14.58283]]],[[[121.01122,14.58276],[121.01113,14.58285],[121.01122,14.58285],[121.01122,14.58276]]],[[[121.01206,14.58277],[121.01197,14.58286],[121.01206,14.58286],[121.01206,14.58277]]],[[[121.0077,14.58291],[121.00761,14.58282],[121.0076,14.58291],[121.0077,14.58291]]],[[[121.00825,14.58292],[121.00816,14.58283],[121.00816,14.58292],[121.00825,14.58292]]],[[[121.01132,14.58285],[121.01122,14.58294],[121.01132,14.58294],[121.01132,14.58285]]],[[[121.01215,14.58286],[121.01206,14.58295],[121.01215,14.58295],[121.01215,14.58286]]],[[[121.00816,14.58301],[121.00807,14.58292],[121.00807,14.58301],[121.00816,14.58301]]],[[[121.01141,14.58294],[121.01131,14.58303],[121.01141,14.58304],[121.01141,14.58294]]],[[[121.0076,14.58309],[121.00751,14.583],[121.00751,14.58309],[121.0076,14.58309]]],[[[121.00807,14.5831],[121.00797,14.58301],[121.00797,14.5831],[121.00807,14.5831]]],[[[121.0115,14.58304],[121.01141,14.58313],[121.0115,14.58313],[121.0115,14.58304]]],[[[121.01169,14.58313],[121.0115,14.58322],[121.01168,14.58322],[121.01169,14.58313]]],[[[121.00751,14.58327],[121.00742,14.58318],[121.00742,14.58327],[121.00751,14.58327]]],[[[121.00788,14.58319],[121.00797,14.58328],[121.00797,14.58319],[121.00788,14.58319]]],[[[121.01178,14.58322],[121.01168,14.58331],[121.01178,14.58331],[121.01178,14.58322]]],[[[121.01233,14.58331],[121.01243,14.58322],[121.01233,14.58322],[121.01233,14.58331]]],[[[120.97735,14.58328],[120.97726,14.58337],[120.97735,14.58338],[120.97735,14.58328]]],[[[121.01187,14.58331],[121.01178,14.5834],[121.01187,14.5834],[121.01187,14.58331]]],[[[121.01252,14.58332],[121.01242,14.58341],[121.01252,14.58341],[121.01252,14.58332]]],[[[121.00741,14.58345],[121.00732,14.58336],[121.00732,14.58345],[121.00741,14.58345]]],[[[121.01196,14.5834],[121.01187,14.58349],[121.01196,14.58349],[121.01196,14.5834]]],[[[121.01261,14.58341],[121.01252,14.5835],[121.01261,14.5835],[121.01261,14.58341]]],[[[121.00788,14.58355],[121.00779,14.58328],[121.00778,14.58355],[121.00788,14.58355]]],[[[121.01205,14.58349],[121.01196,14.58358],[121.01205,14.58358],[121.01205,14.58349]]],[[[121.0127,14.5835],[121.01261,14.58359],[121.0127,14.58359],[121.0127,14.5835]]],[[[120.98181,14.58332],[120.98217,14.5836],[120.98236,14.58324],[120.98181,14.58332]]],[[[121.00732,14.58363],[121.00723,14.58354],[121.00723,14.58363],[121.00732,14.58363]]],[[[121.01224,14.58358],[121.01205,14.58367],[121.01224,14.58367],[121.01224,14.58358]]],[[[120.98208,14.58369],[120.9819,14.5836],[120.98189,14.58369],[120.98208,14.58369]]],[[[121.00778,14.58373],[121.00769,14.58355],[121.00769,14.58373],[121.00778,14.58373]]],[[[121.01233,14.58368],[121.01224,14.58377],[121.01233,14.58377],[121.01233,14.58368]]],[[[120.99136,14.58377],[120.99127,14.58359],[120.99127,14.58377],[120.99136,14.58377]]],[[[121.0127,14.58377],[121.01279,14.58368],[121.0127,14.58368],[121.0127,14.58377]]],[[[121.00722,14.58381],[121.00713,14.58372],[121.00713,14.58381],[121.00722,14.58381]]],[[[120.98022,14.58385],[120.98069,14.58386],[120.98069,14.58358],[120.98041,14.58358],[120.98022,14.58385]]],[[[121.01289,14.58377],[121.01279,14.58386],[121.01288,14.58386],[121.01289,14.58377]]],[[[121.01242,14.58395],[121.01233,14.58386],[121.01233,14.58395],[121.01242,14.58395]]],[[[121.00713,14.58399],[121.00704,14.5839],[121.00704,14.58399],[121.00713,14.58399]]],[[[121.00769,14.584],[121.0076,14.58382],[121.00759,14.584],[121.00769,14.584]]],[[[121.01298,14.58386],[121.01288,14.58404],[121.01298,14.58404],[121.01298,14.58386]]],[[[120.9753,14.58408],[120.97568,14.5839],[120.97531,14.58381],[120.9753,14.58408]]],[[[121.01251,14.58413],[121.01242,14.58404],[121.01242,14.58413],[121.01251,14.58413]]],[[[121.00704,14.58417],[121.00694,14.58408],[121.00694,14.58417],[121.00704,14.58417]]],[[[120.99015,14.58421],[120.99006,14.58403],[120.99006,14.58421],[120.99015,14.58421]]],[[[121.01297,14.58422],[121.01307,14.58413],[121.01298,14.58413],[121.01297,14.58422]]],[[[121.00759,14.58427],[121.0075,14.58409],[121.0075,14.58427],[121.00759,14.58427]]],[[[121.01251,14.58431],[121.0126,14.58422],[121.01251,14.58422],[121.01251,14.58431]]],[[[120.98142,14.58431],[120.98124,14.58404],[120.98115,14.58431],[120.98142,14.58431]]],[[[121.01316,14.58422],[121.01307,14.58431],[121.01316,14.58432],[121.01316,14.58422]]],[[[121.00694,14.58435],[121.00685,14.58426],[121.00685,14.58435],[121.00694,14.58435]]],[[[120.99098,14.5844],[120.99089,14.58431],[120.99089,14.5844],[120.99098,14.5844]]],[[[121.0127,14.58431],[121.0126,14.5844],[121.01269,14.5844],[121.0127,14.58431]]],[[[120.98402,14.58434],[120.98421,14.58416],[120.98393,14.58415],[120.98402,14.58434]]],[[[121.01279,14.5844],[121.01269,14.58449],[121.01279,14.58449],[121.01279,14.5844]]],[[[121.01316,14.5845],[121.01325,14.58441],[121.01316,14.58441],[121.01316,14.5845]]],[[[120.98328,14.58451],[120.983,14.58415],[120.98291,14.58442],[120.98328,14.58451]]],[[[120.99052,14.58457],[120.99033,14.58439],[120.99033,14.58457],[120.99052,14.58457]]],[[[121.01334,14.5845],[121.01325,14.58459],[121.01334,14.58459],[121.01334,14.5845]]],[[[120.98244,14.58459],[120.98245,14.58432],[120.98217,14.58432],[120.98244,14.58459]]],[[[120.97539,14.58435],[120.97511,14.58462],[120.97539,14.58462],[120.97539,14.58435]]],[[[121.0075,14.58463],[121.0074,14.58445],[121.0074,14.58463],[121.0075,14.58463]]],[[[121.01278,14.58467],[121.01288,14.58458],[121.01279,14.58458],[121.01278,14.58467]]],[[[121.01353,14.58459],[121.01334,14.58468],[121.01353,14.58468],[121.01353,14.58459]]],[[[121.00685,14.58471],[121.00675,14.58453],[121.00675,14.58471],[121.00685,14.58471]]],[[[121.01297,14.58467],[121.01288,14.58476],[121.01297,14.58477],[121.01297,14.58467]]],[[[121.01362,14.58468],[121.01353,14.58477],[121.01362,14.58477],[121.01362,14.58468]]],[[[120.98198,14.58486],[120.98188,14.58477],[120.98188,14.58486],[120.98198,14.58486]]],[[[121.01371,14.58477],[121.01362,14.58486],[121.01371,14.58486],[121.01371,14.58477]]],[[[120.98374,14.5847],[120.98393,14.58488],[120.98393,14.58479],[120.98374,14.5847]]],[[[120.97652,14.58274],[120.97625,14.58237],[120.97643,14.58292],[120.97689,14.58301],[120.9767,14.58391],[120.97734,14.58437],[120.97753,14.58392],[120.97975,14.58493],[120.9804,14.58449],[120.98004,14.58376],[120.98033,14.58268],[120.97858,14.58086],[120.97754,14.58256],[120.9769,14.58247],[120.97728,14.58148],[120.97662,14.58174],[120.97652,14.58274]]],[[[120.97985,14.58385],[120.97957,14.58448],[120.97929,14.58448],[120.97985,14.58385]]],[[[120.97902,14.58384],[120.9792,14.58402],[120.97902,14.58402],[120.97902,14.58384]]],[[[120.97855,14.58393],[120.97864,14.58429],[120.97846,14.5842],[120.97855,14.58393]]],[[[120.9792,14.58439],[120.97911,14.58411],[120.97929,14.58421],[120.9792,14.58439]]],[[[120.97883,14.58447],[120.97901,14.58456],[120.97882,14.58456],[120.97883,14.58447]]],[[[120.97994,14.58457],[120.98003,14.58466],[120.97994,14.58466],[120.97994,14.58457]]],[[[120.978,14.58374],[120.97781,14.58365],[120.978,14.58365],[120.978,14.58374]]],[[[120.97865,14.58357],[120.97828,14.58329],[120.97837,14.58311],[120.97884,14.58321],[120.97865,14.58357]]],[[[120.97801,14.58275],[120.97819,14.58311],[120.97754,14.58283],[120.97838,14.58203],[120.97967,14.58312],[120.97921,14.58339],[120.97801,14.58275]]],[[[120.978,14.5832],[120.97698,14.58346],[120.97736,14.58274],[120.978,14.5832]]],[[[121.01297,14.58495],[121.01306,14.58486],[121.01297,14.58486],[121.01297,14.58495]]],[[[120.97808,14.58501],[120.97827,14.58483],[120.97799,14.58483],[120.97808,14.58501]]],[[[121.01315,14.58495],[121.01306,14.58504],[121.01315,14.58504],[121.01315,14.58495]]],[[[121.01389,14.58504],[121.01399,14.58495],[121.0139,14.58495],[121.01389,14.58504]]],[[[121.01325,14.58504],[121.01315,14.58513],[121.01324,14.58513],[121.01325,14.58504]]],[[[121.01408,14.58505],[121.01399,14.58514],[121.01408,14.58514],[121.01408,14.58505]]],[[[121.00675,14.58516],[121.00666,14.58507],[121.00666,14.58516],[121.00675,14.58516]]],[[[120.98086,14.58503],[120.98133,14.58495],[120.98086,14.58485],[120.98086,14.58503]]],[[[121.01334,14.58513],[121.01324,14.58522],[121.01334,14.58522],[121.01334,14.58513]]],[[[121.01417,14.58514],[121.01408,14.58523],[121.01417,14.58523],[121.01417,14.58514]]],[[[121.01343,14.58522],[121.01334,14.58531],[121.01343,14.58531],[121.01343,14.58522]]],[[[121.01426,14.58523],[121.01417,14.58532],[121.01426,14.58532],[121.01426,14.58523]]],[[[120.98272,14.5846],[120.9829,14.58505],[120.98235,14.58514],[120.9829,14.58532],[120.98318,14.58478],[120.98272,14.5846]]],[[[120.97984,14.58529],[120.98012,14.58512],[120.97993,14.58502],[120.97984,14.58529]]],[[[121.01352,14.58531],[121.01343,14.5854],[121.01352,14.5854],[121.01352,14.58531]]],[[[121.01436,14.58532],[121.01426,14.58541],[121.01436,14.58541],[121.01436,14.58532]]],[[[120.97576,14.58526],[120.97594,14.58544],[120.97594,14.58535],[120.97576,14.58526]]],[[[120.98169,14.58549],[120.9816,14.58531],[120.9816,14.58549],[120.98169,14.58549]]],[[[121.01361,14.5854],[121.01352,14.58549],[121.01361,14.58549],[121.01361,14.5854]]],[[[121.01463,14.5855],[121.01445,14.58541],[121.01445,14.5855],[121.01463,14.5855]]],[[[120.97603,14.58544],[120.97594,14.58553],[120.97603,14.58553],[120.97603,14.58544]]],[[[121.0138,14.5855],[121.01361,14.58558],[121.0138,14.58559],[121.0138,14.5855]]],[[[121.01482,14.58559],[121.01473,14.5855],[121.01473,14.58559],[121.01482,14.58559]]],[[[120.97575,14.58562],[120.97548,14.58553],[120.97547,14.58562],[120.97575,14.58562]]],[[[120.97612,14.58553],[120.97603,14.58562],[120.97612,14.58562],[120.97612,14.58553]]],[[[121.01389,14.58559],[121.0138,14.58568],[121.01389,14.58568],[121.01389,14.58559]]],[[[120.9931,14.58559],[120.99301,14.58568],[120.9931,14.58568],[120.9931,14.58559]]],[[[121.015,14.58569],[121.01491,14.5856],[121.01491,14.58569],[121.015,14.58569]]],[[[120.99737,14.58563],[120.99765,14.58554],[120.99747,14.58545],[120.99737,14.58563]]],[[[120.97705,14.58545],[120.97807,14.58546],[120.97808,14.5851],[120.97705,14.58545]]],[[[120.97789,14.58537],[120.9777,14.58528],[120.97789,14.58519],[120.97789,14.58537]]],[[[120.98002,14.58539],[120.98021,14.58575],[120.98048,14.58566],[120.98039,14.58548],[120.98002,14.58539]]],[[[121.01398,14.58568],[121.01389,14.58577],[121.01398,14.58577],[121.01398,14.58568]]],[[[121.0034,14.58577],[121.00369,14.58523],[121.00286,14.58459],[121.00276,14.5854],[121.00229,14.58549],[121.0034,14.58577]]],[[[121.00285,14.5854],[121.00285,14.58495],[121.00313,14.58486],[121.00331,14.58532],[121.00285,14.5854]]],[[[121.01509,14.58578],[121.01528,14.58569],[121.0151,14.58569],[121.01509,14.58578]]],[[[121.00656,14.5858],[121.00666,14.58525],[121.00656,14.58525],[121.00656,14.5858]]],[[[120.9674,14.58582],[120.96796,14.58518],[120.96704,14.5843],[120.96694,14.58536],[120.9674,14.58582]]],[[[120.98234,14.5855],[120.98262,14.58577],[120.98271,14.58541],[120.98234,14.5855]]],[[[121.01407,14.58577],[121.01398,14.58586],[121.01407,14.58586],[121.01407,14.58577]]],[[[121.01584,14.58578],[121.01528,14.58587],[121.01584,14.58587],[121.01584,14.58578]]],[[[120.98745,14.58554],[120.98716,14.5859],[120.98754,14.58572],[120.98745,14.58554]]],[[[120.979,14.58565],[120.97974,14.58575],[120.97909,14.58547],[120.979,14.58565]]],[[[121.00424,14.58596],[121.00442,14.58578],[121.00415,14.58577],[121.00424,14.58596]]],[[[121.01602,14.58597],[121.01593,14.58587],[121.01593,14.58597],[121.01602,14.58597]]],[[[120.9816,14.58594],[120.98206,14.58586],[120.9816,14.58567],[120.9816,14.58594]]],[[[120.99282,14.58604],[120.99264,14.58577],[120.99264,14.58604],[120.99282,14.58604]]],[[[121.01407,14.58604],[121.01417,14.58595],[121.01407,14.58595],[121.01407,14.58604]]],[[[121.01621,14.58606],[121.01611,14.58597],[121.01611,14.58606],[121.01621,14.58606]]],[[[121.00748,14.58607],[121.00739,14.58598],[121.00739,14.58607],[121.00748,14.58607]]],[[[121.01426,14.58604],[121.01416,14.58613],[121.01426,14.58613],[121.01426,14.58604]]],[[[121.01648,14.58615],[121.0163,14.58606],[121.0163,14.58615],[121.01648,14.58615]]],[[[121.00674,14.5858],[121.00665,14.58616],[121.00674,14.58616],[121.00674,14.5858]]],[[[120.97547,14.58562],[120.97492,14.5857],[120.97519,14.58616],[120.97538,14.58598],[120.97547,14.58562]]],[[[120.97992,14.58611],[120.97928,14.58592],[120.97927,14.58619],[120.97992,14.58611]]],[[[121.01435,14.58613],[121.01426,14.58622],[121.01435,14.58622],[121.01435,14.58613]]],[[[120.97454,14.58624],[120.97445,14.58615],[120.97445,14.58624],[120.97454,14.58624]]],[[[121.01695,14.58615],[121.01658,14.58624],[121.01695,14.58624],[121.01695,14.58615]]],[[[120.97519,14.58625],[120.9751,14.58616],[120.9751,14.58625],[120.97519,14.58625]]],[[[121.01453,14.58622],[121.01435,14.58631],[121.01453,14.58631],[121.01453,14.58622]]],[[[120.98336,14.58623],[120.98382,14.58614],[120.98336,14.58605],[120.98336,14.58623]]],[[[121.01704,14.58634],[121.01722,14.58625],[121.01704,14.58625],[121.01704,14.58634]]],[[[121.00757,14.58635],[121.00748,14.58625],[121.00748,14.58635],[121.00757,14.58635]]],[[[121.01472,14.58641],[121.0149,14.58632],[121.01472,14.58632],[121.01472,14.58641]]],[[[120.98419,14.58642],[120.98447,14.58624],[120.98419,14.58633],[120.98419,14.58642]]],[[[120.975,14.58634],[120.9751,14.58643],[120.9751,14.58634],[120.975,14.58634]]],[[[121.00683,14.58616],[121.00674,14.58643],[121.00683,14.58643],[121.00683,14.58616]]],[[[121.01769,14.58634],[121.01722,14.58643],[121.01769,14.58643],[121.01769,14.58634]]],[[[121.01518,14.58641],[121.0149,14.5865],[121.01518,14.5865],[121.01518,14.58641]]],[[[120.98502,14.58651],[120.98493,14.58642],[120.98493,14.58651],[120.98502,14.58651]]],[[[120.975,14.58652],[120.97491,14.58643],[120.97491,14.58652],[120.975,14.58652]]],[[[121.00692,14.58643],[121.00683,14.58652],[121.00692,14.58652],[121.00692,14.58643]]],[[[121.01778,14.58652],[121.01806,14.58644],[121.01778,14.58643],[121.01778,14.58652]]],[[[121.00766,14.58653],[121.00757,14.58644],[121.00757,14.58653],[121.00766,14.58653]]],[[[121.01555,14.5865],[121.01518,14.58659],[121.01555,14.58659],[121.01555,14.5865]]],[[[121.00702,14.58652],[121.00692,14.58661],[121.00701,14.58661],[121.00702,14.58652]]],[[[121.01824,14.58653],[121.01806,14.58662],[121.01824,14.58662],[121.01824,14.58653]]],[[[121.01945,14.58663],[121.01936,14.58654],[121.01936,14.58663],[121.01945,14.58663]]],[[[121.01954,14.58663],[121.01963,14.58654],[121.01954,14.58654],[121.01954,14.58663]]],[[[120.97927,14.58646],[120.97908,14.58655],[120.97927,14.58664],[120.97927,14.58646]]],[[[120.97992,14.58638],[120.97973,14.58656],[120.97992,14.58665],[120.97992,14.58638]]],[[[120.9814,14.58657],[120.9815,14.58666],[120.9815,14.58657],[120.9814,14.58657]]],[[[121.01592,14.5866],[121.01555,14.58668],[121.01592,14.58669],[121.01592,14.5866]]],[[[121.00766,14.58671],[121.00776,14.58662],[121.00766,14.58662],[121.00766,14.58671]]],[[[121.01926,14.58663],[121.01833,14.58671],[121.01926,14.58672],[121.01926,14.58663]]],[[[121.01973,14.58663],[121.01963,14.58672],[121.01973,14.58672],[121.01973,14.58663]]],[[[120.9814,14.58675],[120.98131,14.58666],[120.98131,14.58675],[120.9814,14.58675]]],[[[121.01648,14.58669],[121.01592,14.58678],[121.01648,14.58678],[121.01648,14.58669]]],[[[120.97482,14.58661],[120.97491,14.58679],[120.97491,14.58661],[120.97482,14.58661]]],[[[121.00701,14.58679],[121.00711,14.5867],[121.00701,14.5867],[121.00701,14.58679]]],[[[121.00785,14.58671],[121.00775,14.5868],[121.00785,14.5868],[121.00785,14.58671]]],[[[120.99801,14.58681],[120.99783,14.58662],[120.99783,14.5868],[120.99801,14.58681]]],[[[120.97899,14.58682],[120.97908,14.58664],[120.9789,14.58664],[120.97899,14.58682]]],[[[121.01703,14.58679],[121.01675,14.58688],[121.01703,14.58688],[121.01703,14.58679]]],[[[121.0072,14.58679],[121.0071,14.58688],[121.0072,14.58688],[121.0072,14.58679]]],[[[121.00794,14.5868],[121.00785,14.58689],[121.00794,14.58689],[121.00794,14.5868]]],[[[121.01982,14.58672],[121.01972,14.5869],[121.01982,14.5869],[121.01982,14.58672]]],[[[121.01722,14.58697],[121.01768,14.58688],[121.01722,14.58688],[121.01722,14.58697]]],[[[121.00729,14.58689],[121.0072,14.58698],[121.00729,14.58698],[121.00729,14.58689]]],[[[121.00803,14.58689],[121.00794,14.58698],[121.00803,14.58698],[121.00803,14.58689]]],[[[120.99829,14.58699],[120.9982,14.5869],[120.9982,14.58699],[120.99829,14.58699]]],[[[121.01972,14.58699],[121.01963,14.5869],[121.01963,14.58699],[121.01972,14.58699]]],[[[121.01796,14.58698],[121.01768,14.58706],[121.01796,14.58707],[121.01796,14.58698]]],[[[121.01824,14.58707],[121.01833,14.58698],[121.01824,14.58698],[121.01824,14.58707]]],[[[121.00812,14.58698],[121.00803,14.58707],[121.00812,14.58707],[121.00812,14.58698]]],[[[121.01963,14.58708],[121.01954,14.58699],[121.01954,14.58708],[121.01963,14.58708]]],[[[120.97973,14.5871],[120.97954,14.58701],[120.97954,14.5871],[120.97973,14.5871]]],[[[120.98548,14.58715],[120.98614,14.58661],[120.98577,14.58634],[120.98651,14.58671],[120.98669,14.58644],[120.98577,14.5858],[120.98548,14.58715]]],[[[121.00738,14.58716],[121.00729,14.58707],[121.00729,14.58716],[121.00738,14.58716]]],[[[121.01842,14.58707],[121.01833,14.58716],[121.01842,14.58716],[121.01842,14.58707]]],[[[121.00822,14.58707],[121.00812,14.58716],[121.00822,14.58716],[121.00822,14.58707]]],[[[121.01954,14.58717],[121.01944,14.58708],[121.01944,14.58717],[121.01954,14.58717]]],[[[120.97918,14.58682],[120.97908,14.58719],[120.97917,14.58719],[120.97918,14.58682]]],[[[120.98939,14.58574],[120.98911,14.58592],[120.98976,14.58619],[120.98901,14.58718],[120.99031,14.58719],[120.99079,14.58485],[120.9882,14.58383],[120.98782,14.58464],[120.98782,14.58509],[120.98838,14.58519],[120.98809,14.58591],[120.98865,14.58546],[120.98939,14.58574]]],[[[120.98977,14.5852],[120.98986,14.58502],[120.98995,14.5852],[120.98977,14.5852]]],[[[121.00747,14.58725],[121.00757,14.58716],[121.00747,14.58716],[121.00747,14.58725]]],[[[121.01861,14.58716],[121.01842,14.58725],[121.01861,14.58725],[121.01861,14.58716]]],[[[121.01944,14.58726],[121.01935,14.58717],[121.01935,14.58726],[121.01944,14.58726]]],[[[120.97908,14.58728],[120.97899,14.58718],[120.97899,14.58728],[120.97908,14.58728]]],[[[120.98075,14.58729],[120.98084,14.58711],[120.98075,14.58711],[120.98075,14.58729]]],[[[120.9839,14.58732],[120.98381,14.58723],[120.98381,14.58732],[120.9839,14.58732]]],[[[121.00766,14.58725],[121.00756,14.58734],[121.00766,14.58734],[121.00766,14.58725]]],[[[121.00849,14.58735],[121.0084,14.58726],[121.0084,14.58735],[121.00849,14.58735]]],[[[121.01926,14.58726],[121.0187,14.58734],[121.01926,14.58735],[121.01926,14.58726]]],[[[121.00246,14.58739],[121.00228,14.58729],[121.00227,14.58739],[121.00246,14.58739]]],[[[121.00775,14.58734],[121.00766,14.58743],[121.00775,14.58743],[121.00775,14.58734]]],[[[121.00868,14.58744],[121.00859,14.58735],[121.00858,14.58744],[121.00868,14.58744]]],[[[120.97982,14.58746],[120.97973,14.58728],[120.97973,14.58746],[120.97982,14.58746]]],[[[121.00552,14.5875],[121.00543,14.58741],[121.00543,14.5875],[121.00552,14.5875]]],[[[120.98622,14.58725],[120.98576,14.58751],[120.98622,14.58752],[120.98622,14.58725]]],[[[121.00784,14.58743],[121.00775,14.58752],[121.00784,14.58752],[121.00784,14.58743]]],[[[121.00895,14.58753],[121.00877,14.58744],[121.00877,14.58753],[121.00895,14.58753]]],[[[121.00793,14.58752],[121.00784,14.58761],[121.00793,14.58761],[121.00793,14.58752]]],[[[121.00933,14.58754],[121.00905,14.58762],[121.00932,14.58763],[121.00933,14.58754]]],[[[121.00988,14.58754],[121.00942,14.58763],[121.00988,14.58763],[121.00988,14.58754]]],[[[120.96915,14.58764],[120.96905,14.58755],[120.96905,14.58764],[120.96915,14.58764]]],[[[120.98418,14.58768],[120.98483,14.5876],[120.98465,14.58669],[120.98391,14.58687],[120.98418,14.58768]]],[[[121.00803,14.58761],[121.00793,14.5877],[121.00803,14.58771],[121.00803,14.58761]]],[[[121.01044,14.58764],[121.01007,14.58772],[121.01044,14.58773],[121.01044,14.58764]]],[[[121.00812,14.58771],[121.00802,14.5878],[121.00812,14.5878],[121.00812,14.58771]]],[[[121.01109,14.58782],[121.0109,14.58773],[121.0109,14.58782],[121.01109,14.58782]]],[[[120.98112,14.58684],[120.98111,14.58784],[120.98167,14.58748],[120.98113,14.58621],[120.98067,14.58611],[120.98066,14.58702],[120.98075,14.58657],[120.98112,14.58684]]],[[[120.9814,14.5873],[120.98121,14.5872],[120.9814,14.58721],[120.9814,14.5873]]],[[[120.97406,14.58777],[120.97415,14.58787],[120.97416,14.58778],[120.97406,14.58777]]],[[[121.0058,14.58769],[121.00561,14.58787],[121.0058,14.58787],[121.0058,14.58769]]],[[[121.00821,14.58789],[121.0083,14.5878],[121.00821,14.5878],[121.00821,14.58789]]],[[[121.01136,14.58791],[121.01127,14.58782],[121.01127,14.58791],[121.01136,14.58791]]],[[[120.98,14.58783],[120.97972,14.58782],[120.98,14.58792],[120.98,14.58783]]],[[[121.00839,14.58789],[121.0083,14.58798],[121.00839,14.58798],[121.00839,14.58789]]],[[[121.01173,14.58801],[121.01155,14.58792],[121.01155,14.58801],[121.01173,14.58801]]],[[[120.97146,14.58802],[120.97137,14.58793],[120.97137,14.58802],[120.97146,14.58802]]],[[[120.97406,14.58805],[120.97397,14.58786],[120.97397,14.58804],[120.97406,14.58805]]],[[[121.00849,14.58798],[121.00839,14.58807],[121.00849,14.58807],[121.00849,14.58798]]],[[[121.01192,14.5881],[121.01183,14.58801],[121.01183,14.5881],[121.01192,14.5881]]],[[[120.97397,14.58814],[120.97387,14.58804],[120.97387,14.58813],[120.97397,14.58814]]],[[[120.98612,14.58815],[120.98603,14.58797],[120.98603,14.58815],[120.98612,14.58815]]],[[[121.00858,14.58816],[121.00867,14.58807],[121.00858,14.58807],[121.00858,14.58816]]],[[[121.01006,14.58808],[121.00951,14.58817],[121.01006,14.58817],[121.01006,14.58808]]],[[[121.0122,14.58819],[121.0121,14.5881],[121.0121,14.58819],[121.0122,14.58819]]],[[[120.98761,14.58762],[120.98762,14.58699],[120.98687,14.58752],[120.9865,14.58725],[120.9864,14.58824],[120.98761,14.58762]]],[[[120.9865,14.58779],[120.98659,14.58788],[120.9865,14.58788],[120.9865,14.58779]]],[[[121.00876,14.58816],[121.00867,14.58825],[121.00876,14.58825],[121.00876,14.58816]]],[[[121.00941,14.58826],[121.00923,14.58817],[121.00923,14.58826],[121.00941,14.58826]]],[[[121.01053,14.58818],[121.01015,14.58827],[121.01053,14.58827],[121.01053,14.58818]]],[[[121.01238,14.58828],[121.01229,14.58819],[121.01229,14.58828],[121.01238,14.58828]]],[[[121.00904,14.58835],[121.00895,14.58826],[121.00895,14.58835],[121.00904,14.58835]]],[[[121.0108,14.58836],[121.01062,14.58827],[121.01062,14.58836],[121.0108,14.58836]]],[[[121.01247,14.58838],[121.01257,14.58829],[121.01247,14.58829],[121.01247,14.58838]]],[[[121.00227,14.58829],[121.00292,14.58793],[121.00255,14.58757],[121.00227,14.58829]]],[[[121.00496,14.58759],[121.00524,14.58777],[121.00534,14.58714],[121.00461,14.58596],[121.00442,14.5865],[121.00386,14.58649],[121.00366,14.58794],[121.00468,14.5884],[121.00496,14.58759]]],[[[121.01089,14.58845],[121.01099,14.58836],[121.0109,14.58836],[121.01089,14.58845]]],[[[121.01266,14.58838],[121.01257,14.58847],[121.01266,14.58847],[121.01266,14.58838]]],[[[120.98343,14.58813],[120.9838,14.58831],[120.98371,14.58795],[120.98343,14.58813]]],[[[121.00477,14.5884],[121.00468,14.58849],[121.00477,14.58849],[121.00477,14.5884]]],[[[121.01108,14.58845],[121.01099,14.58854],[121.01108,14.58854],[121.01108,14.58845]]],[[[121.01117,14.58855],[121.01108,14.58864],[121.01117,14.58864],[121.01117,14.58855]]],[[[121.01275,14.58865],[121.01284,14.58847],[121.01275,14.58847],[121.01275,14.58865]]],[[[121.01136,14.58864],[121.01117,14.58873],[121.01136,14.58873],[121.01136,14.58864]]],[[[121.01293,14.58865],[121.01284,14.58874],[121.01293,14.58874],[121.01293,14.58865]]],[[[121.01507,14.58867],[121.01516,14.58876],[121.01516,14.58867],[121.01507,14.58867]]],[[[121.01526,14.58858],[121.01544,14.58876],[121.01544,14.58867],[121.01526,14.58858]]],[[[121.01154,14.58873],[121.01136,14.58882],[121.01154,14.58882],[121.01154,14.58873]]],[[[121.01303,14.58874],[121.01293,14.58883],[121.01303,14.58883],[121.01303,14.58874]]],[[[121.01507,14.58885],[121.01498,14.58876],[121.01497,14.58885],[121.01507,14.58885]]],[[[121.01525,14.58885],[121.01516,14.58876],[121.01516,14.58885],[121.01525,14.58885]]],[[[121.01163,14.58891],[121.01173,14.58882],[121.01163,14.58882],[121.01163,14.58891]]],[[[121.01516,14.58894],[121.01507,14.58885],[121.01507,14.58894],[121.01516,14.58894]]],[[[121.01182,14.58891],[121.01173,14.589],[121.01182,14.589],[121.01182,14.58891]]],[[[121.01479,14.58903],[121.01488,14.58894],[121.01479,14.58894],[121.01479,14.58903]]],[[[120.98417,14.58904],[120.98454,14.58868],[120.98408,14.5884],[120.98417,14.58904]]],[[[121.01191,14.589],[121.01182,14.58909],[121.01191,14.58909],[121.01191,14.589]]],[[[121.01312,14.58883],[121.01302,14.5891],[121.01321,14.5891],[121.01312,14.58883]]],[[[121.01497,14.58903],[121.01488,14.58912],[121.01497,14.58912],[121.01497,14.58903]]],[[[121.012,14.58909],[121.01191,14.58918],[121.012,14.58919],[121.012,14.58909]]],[[[121.0133,14.58911],[121.01321,14.5892],[121.0133,14.5892],[121.0133,14.58911]]],[[[120.97229,14.58911],[120.97238,14.58921],[120.97238,14.58912],[120.97229,14.58911]]],[[[121.01209,14.58919],[121.012,14.58928],[121.01209,14.58928],[121.01209,14.58919]]],[[[121.00235,14.5891],[121.00273,14.58883],[121.00273,14.58865],[121.00217,14.58874],[121.00235,14.5891]]],[[[121.01349,14.5892],[121.0133,14.58929],[121.01349,14.58929],[121.01349,14.5892]]],[[[120.98194,14.58929],[120.98185,14.58847],[120.98139,14.58865],[120.98093,14.5882],[120.9811,14.58919],[120.98194,14.58929]]],[[[121.01488,14.5893],[121.01479,14.58921],[121.01478,14.5893],[121.01488,14.5893]]],[[[121.01219,14.58928],[121.01209,14.58937],[121.01219,14.58937],[121.01219,14.58928]]],[[[121.01367,14.58929],[121.01348,14.58938],[121.01367,14.58938],[121.01367,14.58929]]],[[[121.00597,14.58922],[121.00634,14.58923],[121.00597,14.58895],[121.00597,14.58922]]],[[[120.98761,14.58762],[120.98742,14.5887],[120.98815,14.58943],[120.9889,14.58863],[120.99057,14.58891],[120.9903,14.58773],[120.98761,14.58762]]],[[[120.98965,14.58782],[120.98993,14.588],[120.98965,14.588],[120.98965,14.58782]]],[[[120.98918,14.58818],[120.98937,14.58827],[120.98918,14.58827],[120.98918,14.58818]]],[[[120.98798,14.58844],[120.98807,14.58871],[120.98788,14.58871],[120.98798,14.58844]]],[[[121.01386,14.58938],[121.01367,14.58947],[121.01386,14.58947],[121.01386,14.58938]]],[[[121.0146,14.58948],[121.01451,14.58939],[121.0145,14.58948],[121.0146,14.58948]]],[[[121.00615,14.5895],[121.00597,14.58931],[121.00597,14.5895],[121.00615,14.5895]]],[[[121.0069,14.5895],[121.0068,14.58932],[121.00671,14.5895],[121.0069,14.5895]]],[[[120.98741,14.58952],[120.98769,14.58934],[120.98741,14.58916],[120.98741,14.58952]]],[[[121.01228,14.58955],[121.01218,14.58946],[121.01218,14.58955],[121.01228,14.58955]]],[[[121.01237,14.58955],[121.01274,14.58946],[121.01237,14.58946],[121.01237,14.58955]]],[[[121.01413,14.58947],[121.01385,14.58956],[121.01413,14.58956],[121.01413,14.58947]]],[[[120.98343,14.5884],[120.9825,14.58848],[120.9824,14.5892],[120.98425,14.58949],[120.98352,14.58912],[120.98343,14.5884]]],[[[120.9953,14.58958],[120.9952,14.58949],[120.9952,14.58958],[120.9953,14.58958]]],[[[121.01283,14.58955],[121.01274,14.58964],[121.01283,14.58964],[121.01283,14.58955]]],[[[120.98463,14.58949],[120.98435,14.58967],[120.98462,14.58967],[120.98463,14.58949]]],[[[121.00764,14.58978],[121.00773,14.58969],[121.00764,14.58969],[121.00764,14.58978]]],[[[121.01302,14.58983],[121.01292,14.58974],[121.01292,14.58983],[121.01302,14.58983]]],[[[121.01469,14.58984],[121.01478,14.58939],[121.01469,14.58939],[121.01469,14.58984]]],[[[121.01329,14.58992],[121.01311,14.58983],[121.01311,14.58992],[121.01329,14.58992]]],[[[121.01487,14.58984],[121.01478,14.58993],[121.01487,14.58993],[121.01487,14.58984]]],[[[121.01496,14.58993],[121.01487,14.59002],[121.01496,14.59002],[121.01496,14.58993]]],[[[121.00791,14.59005],[121.00763,14.58996],[121.00735,14.59005],[121.00791,14.59005]]],[[[121.01357,14.5901],[121.01348,14.59001],[121.01348,14.5901],[121.01357,14.5901]]],[[[121.01506,14.59002],[121.01496,14.59011],[121.01506,14.59011],[121.01506,14.59002]]],[[[120.97367,14.58985],[120.97395,14.59012],[120.97404,14.58976],[120.97367,14.58985]]],[[[120.99631,14.59005],[120.99613,14.59013],[120.99631,14.59014],[120.99631,14.59005]]],[[[121.01376,14.59019],[121.01366,14.5901],[121.01366,14.59019],[121.01376,14.59019]]],[[[121.01515,14.59012],[121.01505,14.59021],[121.01515,14.59021],[121.01515,14.59012]]],[[[120.97432,14.59013],[120.97441,14.59022],[120.97441,14.59013],[120.97432,14.59013]]],[[[120.9848,14.59022],[120.98518,14.58977],[120.98471,14.58985],[120.9848,14.59022]]],[[[121.01394,14.59029],[121.01385,14.59019],[121.01385,14.59029],[121.01394,14.59029]]],[[[121.01524,14.5903],[121.01533,14.59021],[121.01524,14.59021],[121.01524,14.5903]]],[[[121.01413,14.59038],[121.01403,14.59029],[121.01403,14.59038],[121.01413,14.59038]]],[[[121.01543,14.5903],[121.01533,14.59039],[121.01542,14.59039],[121.01543,14.5903]]],[[[121.00791,14.59005],[121.00791,14.59042],[121.00819,14.59033],[121.00819,14.59024],[121.00791,14.59005]]],[[[120.98991,14.59017],[120.98963,14.59044],[120.99,14.59044],[120.98991,14.59017]]],[[[121.01431,14.59047],[121.01422,14.59038],[121.01422,14.59047],[121.01431,14.59047]]],[[[121.01552,14.59039],[121.01542,14.59048],[121.01552,14.59048],[121.01552,14.59039]]],[[[121.01449,14.59056],[121.0144,14.59047],[121.0144,14.59056],[121.01449,14.59056]]],[[[120.98341,14.59057],[120.98332,14.59048],[120.98332,14.59057],[120.98341,14.59057]]],[[[121.01561,14.59057],[121.0157,14.59048],[121.01561,14.59048],[121.01561,14.59057]]],[[[120.98629,14.59059],[120.98666,14.59023],[120.98666,14.58969],[120.98564,14.59022],[120.98629,14.59059]]],[[[120.98925,14.59062],[120.98907,14.59034],[120.98907,14.59062],[120.98925,14.59062]]],[[[120.97942,14.59062],[120.97933,14.59044],[120.97933,14.59062],[120.97942,14.59062]]],[[[121.01459,14.59065],[121.01468,14.59056],[121.01459,14.59056],[121.01459,14.59065]]],[[[121.01579,14.59057],[121.0157,14.59066],[121.01579,14.59066],[121.01579,14.59057]]],[[[121.01477,14.59065],[121.01468,14.59074],[121.01477,14.59074],[121.01477,14.59065]]],[[[121.01589,14.59066],[121.01579,14.59075],[121.01589,14.59075],[121.01589,14.59066]]],[[[120.99324,14.59083],[120.99334,14.59074],[120.99324,14.59074],[120.99324,14.59083]]],[[[121.01486,14.59075],[121.01477,14.59084],[121.01486,14.59084],[121.01486,14.59075]]],[[[121.01598,14.59076],[121.01588,14.59084],[121.01598,14.59085],[121.01598,14.59076]]],[[[121.00623,14.59085],[121.00624,14.59049],[121.00652,14.59013],[121.00577,14.59067],[121.00623,14.59085]]],[[[120.99343,14.59083],[120.99333,14.59092],[120.99343,14.59092],[120.99343,14.59083]]],[[[121.01496,14.59084],[121.01486,14.59093],[121.01496,14.59093],[121.01496,14.59084]]],[[[121.01607,14.59085],[121.01598,14.59094],[121.01607,14.59094],[121.01607,14.59085]]],[[[121.00651,14.59076],[121.00772,14.59068],[121.00698,14.59014],[121.00651,14.59076]]],[[[121.00846,14.59096],[121.00828,14.59042],[121.008,14.59087],[121.00846,14.59096]]],[[[120.96912,14.59062],[120.96967,14.5909],[120.96959,14.59027],[120.96912,14.59062]]],[[[120.99352,14.59092],[120.99343,14.59101],[120.99352,14.59102],[120.99352,14.59092]]],[[[120.9835,14.59102],[120.98322,14.59066],[120.98313,14.59102],[120.9835,14.59102]]],[[[121.01616,14.59094],[121.01607,14.59103],[121.01616,14.59103],[121.01616,14.59094]]],[[[121.00568,14.59103],[121.00549,14.59094],[121.00549,14.59103],[121.00568,14.59103]]],[[[120.9873,14.59105],[120.9874,14.59051],[120.98665,14.59096],[120.98665,14.59105],[120.9873,14.59105]]],[[[120.98786,14.59106],[120.98777,14.59097],[120.98777,14.59106],[120.98786,14.59106]]],[[[120.95705,14.59088],[120.95687,14.59097],[120.95705,14.59106],[120.95705,14.59088]]],[[[120.95742,14.59106],[120.95733,14.59097],[120.95733,14.59106],[120.95742,14.59106]]],[[[120.99009,14.59099],[120.99018,14.59053],[120.98963,14.59062],[120.98953,14.59107],[120.99009,14.59099]]],[[[120.9809,14.591],[120.98127,14.59073],[120.981,14.59073],[120.9809,14.591]]],[[[120.99371,14.59102],[120.99352,14.59111],[120.9937,14.59111],[120.99371,14.59102]]],[[[121.01505,14.59111],[121.01514,14.59102],[121.01505,14.59102],[121.01505,14.59111]]],[[[121.01625,14.59103],[121.01616,14.59112],[121.01625,14.59112],[121.01625,14.59103]]],[[[120.98739,14.59105],[120.9873,14.59114],[120.98739,14.59114],[120.98739,14.59105]]],[[[120.98851,14.59115],[120.98897,14.59107],[120.98897,14.59098],[120.98851,14.59079],[120.98851,14.59115]]],[[[120.98294,14.59074],[120.98238,14.5911],[120.98294,14.59119],[120.98294,14.59074]]],[[[120.9938,14.59111],[120.9937,14.5912],[120.9938,14.5912],[120.9938,14.59111]]],[[[121.01523,14.59111],[121.01514,14.5912],[121.01523,14.5912],[121.01523,14.59111]]],[[[121.01635,14.59112],[121.01625,14.59121],[121.01634,14.59121],[121.01635,14.59112]]],[[[120.97199,14.59128],[120.9719,14.5911],[120.9719,14.59128],[120.97199,14.59128]]],[[[120.99398,14.59129],[120.9938,14.5912],[120.9938,14.59129],[120.99398,14.59129]]],[[[120.98127,14.59118],[120.98183,14.59119],[120.98174,14.59064],[120.98127,14.59118]]],[[[120.99407,14.59129],[120.99398,14.59138],[120.99407,14.59138],[120.99407,14.59129]]],[[[121.01644,14.59121],[121.01634,14.59139],[121.01644,14.59139],[121.01644,14.59121]]],[[[120.99417,14.59138],[120.99407,14.59147],[120.99416,14.59147],[120.99417,14.59138]]],[[[120.96957,14.59153],[120.9693,14.59117],[120.96893,14.59125],[120.96957,14.59153]]],[[[121.01653,14.59139],[121.01643,14.59157],[121.01653,14.59157],[121.01653,14.59139]]],[[[121.01569,14.59166],[121.0156,14.59157],[121.0156,14.59166],[121.01569,14.59166]]],[[[121.01662,14.59175],[121.01653,14.59166],[121.01653,14.59175],[121.01662,14.59175]]],[[[120.97969,14.5918],[120.98006,14.59144],[120.98006,14.59126],[120.97969,14.5918]]],[[[121.01578,14.59184],[121.01569,14.59175],[121.01569,14.59184],[121.01578,14.59184]]],[[[120.98228,14.59191],[120.98219,14.59164],[120.9821,14.59182],[120.98228,14.59191]]],[[[120.98275,14.59146],[120.98256,14.59191],[120.98284,14.59201],[120.98275,14.59146]]],[[[121.01652,14.59212],[121.01643,14.59184],[121.01643,14.59211],[121.01652,14.59212]]],[[[121.0065,14.59212],[121.00724,14.59195],[121.00641,14.59194],[121.0065,14.59212]]],[[[121.00752,14.59213],[121.00743,14.59195],[121.00743,14.59213],[121.00752,14.59213]]],[[[121.00789,14.59213],[121.00771,14.59204],[121.00771,14.59213],[121.00789,14.59213]]],[[[121.00529,14.5922],[121.00511,14.59211],[121.00511,14.5922],[121.00529,14.5922]]],[[[121.00437,14.5921],[121.0039,14.59228],[121.00436,14.59228],[121.00437,14.5921]]],[[[121.01643,14.5923],[121.01634,14.5922],[121.01634,14.59229],[121.01643,14.5923]]],[[[121.00501,14.59238],[121.00492,14.59229],[121.00492,14.59238],[121.00501,14.59238]]],[[[121.01587,14.59238],[121.01578,14.59193],[121.01578,14.59238],[121.01587,14.59238]]],[[[121.00566,14.59229],[121.00538,14.59238],[121.00566,14.59238],[121.00566,14.59229]]],[[[120.97866,14.59224],[120.97875,14.59251],[120.97875,14.59224],[120.97866,14.59224]]],[[[120.98089,14.59235],[120.98145,14.59227],[120.9808,14.59208],[120.98089,14.59235]]],[[[121.01578,14.59256],[121.01568,14.59247],[121.01568,14.59256],[121.01578,14.59256]]],[[[121.01633,14.59257],[121.01624,14.59238],[121.01624,14.59256],[121.01633,14.59257]]],[[[120.97866,14.5926],[120.97847,14.59251],[120.97847,14.5926],[120.97866,14.5926]]],[[[121.00445,14.59265],[121.00483,14.59247],[121.00446,14.59246],[121.00445,14.59265]]],[[[120.99982,14.59261],[120.99972,14.59269],[120.99981,14.5927],[120.99982,14.59261]]],[[[121.00418,14.59273],[121.00399,14.59246],[121.00399,14.59273],[121.00418,14.59273]]],[[[121.01615,14.59265],[121.01624,14.59275],[121.01624,14.59266],[121.01615,14.59265]]],[[[120.97207,14.59282],[120.97188,14.59264],[120.97188,14.59273],[120.97207,14.59282]]],[[[121.0154,14.59274],[121.0155,14.59283],[121.0155,14.59274],[121.0154,14.59274]]],[[[121.01614,14.59284],[121.01605,14.59274],[121.01605,14.59283],[121.01614,14.59284]]],[[[120.97828,14.59287],[120.9782,14.59251],[120.97819,14.59287],[120.97828,14.59287]]],[[[121.0154,14.59292],[121.01531,14.59283],[121.01531,14.59292],[121.0154,14.59292]]],[[[121.01605,14.59292],[121.01596,14.59283],[121.01596,14.59292],[121.01605,14.59292]]],[[[120.98775,14.59277],[120.98793,14.59296],[120.98794,14.59277],[120.98775,14.59277]]],[[[121.00167,14.59298],[121.00242,14.59172],[121.00233,14.59145],[121.00159,14.59136],[121.00167,14.59298]]],[[[121.01522,14.59301],[121.01512,14.59292],[121.01512,14.59301],[121.01522,14.59301]]],[[[120.96641,14.59304],[120.96706,14.59241],[120.96595,14.59258],[120.96641,14.59304]]],[[[120.96762,14.59233],[120.96789,14.59296],[120.96826,14.59306],[120.96826,14.59278],[120.96762,14.59233]]],[[[121.01503,14.5931],[121.01494,14.59301],[121.01494,14.5931],[121.01503,14.5931]]],[[[121.00111,14.59298],[121.00092,14.59307],[121.00111,14.59316],[121.00111,14.59298]]],[[[121.01484,14.59319],[121.01466,14.59309],[121.01466,14.59318],[121.01484,14.59319]]],[[[121.01568,14.5931],[121.01577,14.59319],[121.01577,14.5931],[121.01568,14.5931]]],[[[121.00064,14.59324],[121.00046,14.59306],[121.00046,14.59324],[121.00064,14.59324]]],[[[120.98051,14.59289],[120.98134,14.59317],[120.98135,14.5929],[120.98051,14.59289]]],[[[121.01447,14.59327],[121.01429,14.59318],[121.01429,14.59327],[121.01447,14.59327]]],[[[120.98311,14.59327],[120.98554,14.59104],[120.98545,14.59076],[120.98387,14.59066],[120.98395,14.59184],[120.98321,14.59183],[120.98321,14.59255],[120.98265,14.59246],[120.98311,14.593],[120.98236,14.59318],[120.98311,14.59327]]],[[[120.9847,14.5913],[120.98443,14.59103],[120.9847,14.59112],[120.9847,14.5913]]],[[[121.01568,14.59328],[121.01558,14.59319],[121.01558,14.59328],[121.01568,14.59328]]],[[[121.0141,14.59336],[121.01391,14.59327],[121.01391,14.59336],[121.0141,14.59336]]],[[[121.01558,14.59337],[121.01549,14.59328],[121.01549,14.59337],[121.01558,14.59337]]],[[[120.99563,14.59338],[120.99573,14.5932],[120.99563,14.5932],[120.99563,14.59338]]],[[[120.969,14.59342],[120.96891,14.59315],[120.96881,14.59342],[120.969,14.59342]]],[[[121.01382,14.59345],[121.01363,14.59336],[121.01363,14.59345],[121.01382,14.59345]]],[[[120.98292,14.59336],[120.98301,14.59345],[120.98301,14.59336],[120.98292,14.59336]]],[[[121.0153,14.59337],[121.0154,14.59346],[121.0154,14.59337],[121.0153,14.59337]]],[[[121.00566,14.5932],[121.00705,14.59303],[121.00678,14.59248],[121.00594,14.5923],[121.00566,14.5932]]],[[[121.01354,14.59345],[121.01326,14.59353],[121.01354,14.59354],[121.01354,14.59345]]],[[[121.0153,14.59355],[121.01521,14.59346],[121.01521,14.59355],[121.0153,14.59355]]],[[[121.01317,14.59353],[121.0128,14.59362],[121.01317,14.59362],[121.01317,14.59353]]],[[[121.01521,14.59364],[121.01512,14.59355],[121.01512,14.59364],[121.01521,14.59364]]],[[[121.0127,14.59371],[121.01261,14.59362],[121.01261,14.59371],[121.0127,14.59371]]],[[[121.01502,14.59373],[121.01493,14.59364],[121.01493,14.59373],[121.01502,14.59373]]],[[[120.96705,14.59359],[120.96723,14.59368],[120.96724,14.59359],[120.96705,14.59359]]],[[[120.96956,14.59361],[120.96974,14.5937],[120.96974,14.59361],[120.96956,14.59361]]],[[[121.01224,14.59371],[121.01242,14.5938],[121.01243,14.59371],[121.01224,14.59371]]],[[[121.01484,14.59382],[121.01474,14.59373],[121.01474,14.59382],[121.01484,14.59382]]],[[[120.97364,14.59383],[120.97354,14.59373],[120.97354,14.59382],[120.97364,14.59383]]],[[[121.01465,14.59391],[121.01456,14.59382],[121.01456,14.59391],[121.01465,14.59391]]],[[[120.97345,14.59382],[120.9728,14.59391],[120.97345,14.59391],[120.97345,14.59382]]],[[[120.97484,14.59393],[120.97475,14.59384],[120.97475,14.59393],[120.97484,14.59393]]],[[[121.01446,14.594],[121.01437,14.5939],[121.01437,14.59399],[121.01446,14.594]]],[[[120.97456,14.59401],[120.97438,14.59374],[120.97428,14.59401],[120.97456,14.59401]]],[[[120.98458,14.59401],[120.98524,14.59347],[120.98478,14.59311],[120.98422,14.59356],[120.98458,14.59401]]],[[[121.01409,14.59399],[121.01428,14.59408],[121.01428,14.59399],[121.01409,14.59399]]],[[[121.01409,14.59417],[121.014,14.59408],[121.014,14.59417],[121.01409,14.59417]]],[[[120.99618,14.59402],[120.99609,14.5942],[120.99618,14.5942],[120.99618,14.59402]]],[[[121.01363,14.59426],[121.01353,14.59417],[121.01353,14.59426],[121.01363,14.59426]]],[[[120.98133,14.59434],[120.98162,14.59398],[120.98162,14.59371],[120.98124,14.59398],[120.98133,14.59434]]],[[[121.01344,14.59435],[121.01326,14.59426],[121.01325,14.59435],[121.01344,14.59435]]],[[[120.97141,14.5939],[120.97049,14.59326],[120.97179,14.59263],[120.97198,14.59209],[120.97355,14.59319],[120.97364,14.59374],[120.97513,14.59284],[120.97549,14.59375],[120.97615,14.5933],[120.97707,14.59386],[120.97708,14.59304],[120.97763,14.59314],[120.97792,14.59251],[120.97709,14.59151],[120.97756,14.59106],[120.97867,14.59116],[120.97857,14.59215],[120.97885,14.59188],[120.97922,14.59225],[120.97866,14.59278],[120.97884,14.59324],[120.97949,14.5927],[120.97932,14.59171],[120.97979,14.59099],[120.97904,14.59134],[120.97933,14.59062],[120.97886,14.59089],[120.97896,14.58981],[120.97961,14.5899],[120.97942,14.59044],[120.97979,14.59026],[120.9796,14.59071],[120.98016,14.59081],[120.98035,14.59027],[120.97989,14.58981],[120.98054,14.58982],[120.98064,14.58892],[120.98036,14.58937],[120.97971,14.58909],[120.97963,14.58809],[120.97843,14.58691],[120.97881,14.58655],[120.97825,14.58655],[120.97881,14.58601],[120.97845,14.58546],[120.97788,14.58636],[120.97612,14.58562],[120.97723,14.5869],[120.97638,14.5877],[120.97564,14.58734],[120.97556,14.5867],[120.97472,14.58679],[120.97416,14.58759],[120.97453,14.58787],[120.97397,14.58832],[120.97359,14.58831],[120.97342,14.58723],[120.97464,14.58525],[120.97268,14.58659],[120.97305,14.58731],[120.97193,14.58776],[120.97127,14.58883],[120.97145,14.58947],[120.97061,14.58964],[120.97088,14.59046],[120.96995,14.59099],[120.97041,14.59172],[120.96957,14.59162],[120.96947,14.59234],[120.96855,14.5917],[120.96882,14.59243],[120.96975,14.59253],[120.96947,14.59334],[120.97021,14.59325],[120.97122,14.59435],[120.97271,14.594],[120.97225,14.59372],[120.97244,14.59309],[120.97169,14.59309],[120.97141,14.5939]]],[[[120.97058,14.59308],[120.97021,14.59298],[120.97058,14.59271],[120.97058,14.59308]]],[[[120.97031,14.59253],[120.97003,14.59235],[120.9704,14.59226],[120.97031,14.59253]]],[[[120.97439,14.59212],[120.97412,14.59202],[120.9744,14.59184],[120.97439,14.59212]]],[[[120.97403,14.59139],[120.97356,14.59202],[120.97319,14.59156],[120.97403,14.59139]]],[[[120.97458,14.59157],[120.97477,14.5913],[120.97486,14.59158],[120.97458,14.59157]]],[[[120.97227,14.59137],[120.97199,14.59164],[120.97144,14.59091],[120.97172,14.5901],[120.97227,14.59137]]],[[[120.97385,14.59021],[120.97506,14.59049],[120.97525,14.59004],[120.97359,14.58885],[120.97255,14.59065],[120.97339,14.59012],[120.97357,14.59093],[120.97385,14.59021]]],[[[120.97432,14.59049],[120.97394,14.59094],[120.97412,14.5913],[120.97459,14.59094],[120.97432,14.59049]]],[[[120.9732,14.59075],[120.9732,14.5912],[120.97292,14.59084],[120.9732,14.59075]]],[[[120.97617,14.59123],[120.97598,14.59104],[120.97617,14.59105],[120.97617,14.59123]]],[[[120.97812,14.59052],[120.9784,14.59061],[120.9784,14.59043],[120.97812,14.59052]]],[[[120.97812,14.5907],[120.97803,14.59061],[120.97803,14.5907],[120.97812,14.5907]]],[[[120.9784,14.59016],[120.97859,14.59025],[120.97859,14.59007],[120.9784,14.59016]]],[[[120.97664,14.59051],[120.97682,14.59069],[120.97663,14.59069],[120.97664,14.59051]]],[[[120.97645,14.59033],[120.97636,14.59051],[120.97627,14.59032],[120.97645,14.59033]]],[[[120.97627,14.58996],[120.97609,14.58951],[120.97664,14.5896],[120.97627,14.58996]]],[[[120.97609,14.58933],[120.97581,14.58915],[120.97609,14.58924],[120.97609,14.58933]]],[[[120.97489,14.58914],[120.97442,14.58922],[120.97442,14.58886],[120.9747,14.58868],[120.97489,14.58914]]],[[[120.97711,14.58898],[120.97693,14.58879],[120.97712,14.5888],[120.97711,14.58898]]],[[[120.97517,14.58869],[120.97507,14.58887],[120.97498,14.58869],[120.97517,14.58869]]],[[[120.97628,14.5887],[120.97638,14.58816],[120.97703,14.58825],[120.97703,14.58852],[120.97628,14.5887]]],[[[120.97944,14.58872],[120.97934,14.58863],[120.97944,14.58863],[120.97944,14.58872]]],[[[120.9735,14.58867],[120.97303,14.58912],[120.97276,14.5884],[120.97313,14.58831],[120.9735,14.58867]]],[[[120.97174,14.58857],[120.97183,14.58893],[120.97155,14.58911],[120.97174,14.58857]]],[[[120.97218,14.59065],[120.97274,14.58993],[120.97275,14.5893],[120.972,14.59002],[120.97218,14.59065]]],[[[120.97218,14.59074],[120.97209,14.59065],[120.97209,14.59074],[120.97218,14.59074]]],[[[120.97256,14.58939],[120.97266,14.58885],[120.97248,14.58875],[120.9721,14.58911],[120.9721,14.58938],[120.97256,14.58939]]],[[[120.97125,14.59109],[120.97134,14.59118],[120.97125,14.59118],[120.97125,14.59109]]],[[[120.97087,14.59154],[120.9718,14.59182],[120.97124,14.59209],[120.97087,14.59154]]],[[[120.97351,14.58777],[120.97341,14.58768],[120.97351,14.58768],[120.97351,14.58777]]],[[[120.97601,14.58797],[120.97592,14.58779],[120.97601,14.58779],[120.97601,14.58797]]],[[[120.97806,14.58663],[120.97788,14.58645],[120.97806,14.58645],[120.97806,14.58663]]],[[[120.97825,14.58609],[120.97835,14.58619],[120.97835,14.58609],[120.97825,14.58609]]],[[[120.97825,14.58627],[120.97816,14.58618],[120.97816,14.58627],[120.97825,14.58627]]],[[[120.97643,14.59249],[120.97708,14.59268],[120.97708,14.59286],[120.97652,14.59286],[120.97643,14.59249]]],[[[121.00657,14.59438],[121.00639,14.59429],[121.00639,14.59438],[121.00657,14.59438]]],[[[121.01158,14.59442],[121.01149,14.59424],[121.01149,14.59442],[121.01158,14.59442]]],[[[121.01316,14.59444],[121.01307,14.59435],[121.01307,14.59444],[121.01316,14.59444]]],[[[121.01149,14.59451],[121.01121,14.59442],[121.01121,14.59451],[121.01149,14.59451]]],[[[121.01298,14.59443],[121.01279,14.59452],[121.01297,14.59453],[121.01298,14.59443]]],[[[120.98292,14.59345],[120.98246,14.59336],[120.98217,14.59453],[120.98254,14.59426],[120.98292,14.59345]]],[[[120.97493,14.59456],[120.97428,14.59437],[120.97428,14.59455],[120.97493,14.59456]]],[[[120.99646,14.59438],[120.99618,14.59438],[120.99646,14.59456],[120.99646,14.59438]]],[[[120.98217,14.59462],[120.98207,14.59453],[120.98207,14.59462],[120.98217,14.59462]]],[[[120.99655,14.59457],[120.99646,14.59465],[120.99655,14.59466],[120.99655,14.59457]]],[[[120.97595,14.59448],[120.97567,14.59457],[120.97595,14.59466],[120.97595,14.59448]]],[[[120.99664,14.59466],[120.99655,14.59475],[120.99664,14.59475],[120.99664,14.59466]]],[[[120.97604,14.59484],[120.97585,14.59475],[120.97585,14.59484],[120.97604,14.59484]]],[[[121.01102,14.59478],[121.01093,14.59451],[121.01056,14.59487],[121.01102,14.59478]]],[[[120.97641,14.59493],[120.97623,14.59466],[120.97613,14.59493],[120.97641,14.59493]]],[[[120.9676,14.59477],[120.96741,14.59467],[120.96741,14.59495],[120.9676,14.59477]]],[[[121.01056,14.59496],[121.01037,14.59486],[121.01037,14.59495],[121.01056,14.59496]]],[[[121.01037,14.59505],[121.01019,14.59495],[121.01019,14.59504],[121.01037,14.59505]]],[[[121.01279,14.59443],[121.01224,14.5938],[121.01159,14.59415],[121.01204,14.59506],[121.01279,14.59443]]],[[[120.96759,14.59513],[120.9675,14.59504],[120.9675,14.59513],[120.96759,14.59513]]],[[[121.01019,14.59513],[121.01,14.59504],[121.01,14.59513],[121.01019,14.59513]]],[[[120.96824,14.59513],[120.96806,14.59504],[120.96806,14.59513],[120.96824,14.59513]]],[[[120.99061,14.59515],[120.99042,14.59496],[120.99042,14.59515],[120.99061,14.59515]]],[[[120.99719,14.59511],[120.9971,14.5952],[120.99719,14.5952],[120.99719,14.59511]]],[[[121.01,14.59522],[121.00981,14.59513],[121.00981,14.59522],[121.01,14.59522]]],[[[120.96806,14.59522],[120.96769,14.59513],[120.96768,14.59522],[120.96806,14.59522]]],[[[121.01195,14.59524],[121.01186,14.59506],[121.01185,14.59524],[121.01195,14.59524]]],[[[120.99729,14.59529],[120.99719,14.5952],[120.99719,14.59529],[120.99729,14.59529]]],[[[121.00981,14.59531],[121.00963,14.59522],[121.00963,14.59531],[121.00981,14.59531]]],[[[121.00026,14.59523],[121.00054,14.59487],[121.00035,14.5946],[121.00007,14.59487],[121.00026,14.59523]]],[[[120.9676,14.59459],[120.96834,14.5945],[120.96843,14.59505],[120.96899,14.59415],[120.96918,14.5946],[120.96861,14.59523],[120.96898,14.59532],[120.96927,14.59478],[120.97019,14.59497],[120.97085,14.59434],[120.96993,14.59343],[120.96982,14.59479],[120.96927,14.59451],[120.96937,14.59388],[120.9676,14.59459]]],[[[120.96973,14.59533],[120.96963,14.59524],[120.96963,14.59533],[120.96973,14.59533]]],[[[121.00341,14.59535],[121.00332,14.59508],[121.00332,14.59535],[121.00341,14.59535]]],[[[121.0039,14.5921],[121.00447,14.59102],[121.00401,14.59101],[121.00364,14.58984],[121.00411,14.58966],[121.00494,14.59048],[121.0055,14.59039],[121.00569,14.58976],[121.00467,14.58985],[121.00514,14.58904],[121.00458,14.5893],[121.00375,14.58893],[121.0044,14.58858],[121.00301,14.58802],[121.003,14.58929],[121.00216,14.58955],[121.00197,14.59027],[121.0027,14.59118],[121.00342,14.59453],[121.00406,14.59535],[121.00435,14.59382],[121.00389,14.59363],[121.005,14.59346],[121.00529,14.5931],[121.00445,14.59292],[121.00389,14.59354],[121.00362,14.59255],[121.00325,14.59263],[121.00363,14.59164],[121.0039,14.5921]]],[[[121.00353,14.59273],[121.00334,14.59309],[121.00334,14.59273],[121.00353,14.59273]]],[[[121.00343,14.59354],[121.00352,14.59363],[121.00342,14.59363],[121.00343,14.59354]]],[[[121.00391,14.59156],[121.004,14.59138],[121.00409,14.59156],[121.00391,14.59156]]],[[[121.00298,14.59119],[121.00289,14.59073],[121.00336,14.59092],[121.00298,14.59119]]],[[[121.00336,14.59074],[121.00364,14.59038],[121.00382,14.59047],[121.00373,14.59074],[121.00336,14.59074]]],[[[121.00318,14.59019],[121.0029,14.59046],[121.00272,14.58992],[121.00318,14.59019]]],[[[121.00337,14.58965],[121.00319,14.58911],[121.00356,14.58884],[121.00402,14.58948],[121.00337,14.58965]]],[[[121.00356,14.58866],[121.00329,14.58821],[121.00338,14.58821],[121.00356,14.58866]]],[[[121.00494,14.59003],[121.00503,14.59021],[121.00494,14.59021],[121.00494,14.59003]]],[[[121.00935,14.59531],[121.00953,14.5954],[121.00953,14.59531],[121.00935,14.59531]]],[[[120.96935,14.59532],[120.96907,14.59541],[120.96935,14.59541],[120.96935,14.59532]]],[[[121.00935,14.59549],[121.00907,14.5954],[121.00907,14.59549],[121.00935,14.59549]]],[[[121.01167,14.59551],[121.01167,14.59524],[121.01148,14.59551],[121.01167,14.59551]]],[[[121.00202,14.59543],[121.00155,14.59524],[121.00127,14.59551],[121.00165,14.59533],[121.00202,14.59543]]],[[[121.00211,14.59543],[121.00202,14.59552],[121.00211,14.59552],[121.00211,14.59543]]],[[[121.00907,14.59558],[121.00888,14.59548],[121.00888,14.59557],[121.00907,14.59558]]],[[[121.00127,14.5956],[121.00081,14.59551],[121.00081,14.5956],[121.00127,14.5956]]],[[[121.00229,14.59561],[121.00248,14.59552],[121.00229,14.59552],[121.00229,14.59561]]],[[[121.00294,14.59561],[121.00285,14.59552],[121.00285,14.59561],[121.00294,14.59561]]],[[[121.0086,14.59557],[121.00879,14.59566],[121.00879,14.59557],[121.0086,14.59557]]],[[[121.00034,14.59559],[121.00072,14.59569],[121.00072,14.5956],[121.00034,14.59559]]],[[[121.01139,14.59569],[121.0113,14.5955],[121.0112,14.59568],[121.01139,14.59569]]],[[[121.00276,14.59561],[121.00248,14.5957],[121.00276,14.5957],[121.00276,14.59561]]],[[[121.0086,14.59575],[121.00842,14.59566],[121.00842,14.59575],[121.0086,14.59575]]],[[[121.00034,14.59577],[121.00016,14.59568],[121.00016,14.59577],[121.00034,14.59577]]],[[[121.00814,14.59575],[121.00832,14.59584],[121.00832,14.59575],[121.00814,14.59575]]],[[[121.00313,14.59589],[121.00322,14.59535],[121.00303,14.59589],[121.00313,14.59589]]],[[[121.00814,14.59593],[121.00795,14.59584],[121.00795,14.59593],[121.00814,14.59593]]],[[[121.00016,14.59586],[120.99979,14.59577],[120.99969,14.59595],[121.00016,14.59586]]],[[[121.0112,14.59578],[121.01092,14.59568],[121.01083,14.59595],[121.0112,14.59578]]],[[[121.00795,14.59602],[121.00777,14.59593],[121.00776,14.59602],[121.00795,14.59602]]],[[[121.00312,14.59607],[121.00322,14.59598],[121.00313,14.59598],[121.00312,14.59607]]],[[[121.00776,14.59611],[121.00758,14.59602],[121.00758,14.59611],[121.00776,14.59611]]],[[[120.97951,14.5195],[120.9795,14.52014],[120.97997,14.52041],[120.98145,14.52006],[120.98191,14.5207],[120.98163,14.52106],[120.98117,14.52024],[120.98126,14.52106],[120.97996,14.52114],[120.97976,14.5224],[120.98042,14.52123],[120.98172,14.52124],[120.98272,14.52315],[120.98253,14.52387],[120.98096,14.52349],[120.97984,14.52366],[120.98253,14.52405],[120.98188,14.52431],[120.98317,14.52496],[120.98316,14.52559],[120.98363,14.52523],[120.98371,14.52632],[120.98409,14.52605],[120.98427,14.52687],[120.98474,14.52579],[120.98463,14.52723],[120.98417,14.52686],[120.98287,14.52721],[120.98277,14.52821],[120.98203,14.52802],[120.9814,14.5263],[120.98147,14.52802],[120.98064,14.52783],[120.97998,14.52855],[120.98175,14.52856],[120.98136,14.52973],[120.9823,14.52911],[120.98285,14.52993],[120.99295,14.53101],[120.99253,14.53624],[120.99281,14.53607],[120.99299,14.53688],[120.99288,14.53814],[120.99223,14.53859],[120.99194,14.54049],[120.99185,14.53958],[120.99157,14.54003],[120.99092,14.53948],[120.99129,14.5403],[120.99092,14.54048],[120.99165,14.54112],[120.99118,14.54229],[120.99128,14.54157],[120.98998,14.54146],[120.98998,14.5411],[120.99054,14.54102],[120.99065,14.53903],[120.99148,14.53931],[120.99093,14.53876],[120.99112,14.53804],[120.99167,14.53859],[120.99205,14.53841],[120.99276,14.53155],[120.98683,14.53086],[120.98553,14.53121],[120.98479,14.53058],[120.98395,14.5312],[120.98191,14.53073],[120.98182,14.53037],[120.9795,14.53026],[120.97968,14.5318],[120.98032,14.53234],[120.97954,14.53667],[120.98009,14.53695],[120.98063,14.53858],[120.97989,14.53885],[120.97988,14.53957],[120.98063,14.53958],[120.98082,14.53867],[120.98184,14.53868],[120.98202,14.53977],[120.98202,14.53914],[120.98267,14.53914],[120.98249,14.53869],[120.98379,14.53861],[120.98368,14.53987],[120.98406,14.53888],[120.98396,14.53997],[120.98498,14.53997],[120.98498,14.54034],[120.98387,14.54024],[120.98348,14.54168],[120.98478,14.54232],[120.98274,14.54176],[120.98135,14.54202],[120.98616,14.54351],[120.98626,14.54279],[120.98718,14.54289],[120.98801,14.54362],[120.98839,14.54235],[120.98886,14.54227],[120.98903,14.54362],[120.98847,14.54407],[120.99088,14.54463],[120.99125,14.54419],[120.99133,14.54545],[120.99105,14.5459],[120.99041,14.54526],[120.98735,14.5446],[120.98624,14.54459],[120.9854,14.54549],[120.9841,14.54548],[120.984,14.54602],[120.98299,14.54502],[120.98271,14.54529],[120.98335,14.54611],[120.98223,14.54637],[120.98213,14.54727],[120.98231,14.54827],[120.98314,14.54854],[120.98202,14.54899],[120.9811,14.54862],[120.98139,14.54781],[120.98102,14.54771],[120.9813,14.54654],[120.98167,14.54754],[120.98204,14.54745],[120.98158,14.54708],[120.98159,14.54609],[120.98205,14.54591],[120.98234,14.54492],[120.98206,14.54456],[120.98206,14.54537],[120.98169,14.54519],[120.98137,14.5459],[120.98052,14.54897],[120.98024,14.55096],[120.98043,14.55141],[120.9807,14.55141],[120.9809,14.55051],[120.98154,14.55088],[120.98155,14.55043],[120.98053,14.54997],[120.98081,14.54952],[120.98322,14.55017],[120.98331,14.55071],[120.98256,14.5517],[120.98163,14.55124],[120.98079,14.55187],[120.98191,14.55179],[120.98209,14.55215],[120.98134,14.55278],[120.98133,14.55359],[120.98059,14.55394],[120.98004,14.55331],[120.98097,14.55241],[120.97995,14.55322],[120.98051,14.55196],[120.97995,14.55231],[120.97993,14.5515],[120.97906,14.55429],[120.97928,14.55538],[120.97875,14.55519],[120.97853,14.55591],[120.97983,14.55556],[120.9801,14.55611],[120.97936,14.55601],[120.97964,14.55656],[120.98037,14.55701],[120.98084,14.55693],[120.98102,14.55738],[120.98268,14.55812],[120.9838,14.55795],[120.98388,14.55894],[120.98462,14.55922],[120.98518,14.55886],[120.98564,14.55914],[120.98564,14.55986],[120.98638,14.56014],[120.9877,14.55789],[120.98827,14.55591],[120.98799,14.55563],[120.98846,14.55546],[120.98884,14.55429],[120.98902,14.55492],[120.98855,14.55528],[120.98864,14.55627],[120.9876,14.55861],[120.98851,14.55989],[120.98794,14.56133],[120.98729,14.56195],[120.98664,14.56159],[120.98617,14.56285],[120.98765,14.56331],[120.98859,14.56187],[120.98839,14.5635],[120.98921,14.56432],[120.99033,14.5646],[120.99024,14.56397],[120.9924,14.56127],[120.99426,14.56102],[120.99489,14.56238],[120.99312,14.56327],[120.99323,14.56164],[120.9937,14.56129],[120.99268,14.56128],[120.99211,14.56181],[120.99202,14.56236],[120.9923,14.56209],[120.99313,14.56273],[120.99247,14.56362],[120.99257,14.56281],[120.99183,14.56244],[120.99248,14.5629],[120.99238,14.56353],[120.992,14.56407],[120.99135,14.56371],[120.99126,14.56407],[120.99172,14.56434],[120.99265,14.56417],[120.99283,14.56507],[120.99217,14.56543],[120.99161,14.56642],[120.99124,14.56596],[120.99022,14.5665],[120.99141,14.56795],[120.99039,14.56831],[120.99075,14.56912],[120.99224,14.56886],[120.99167,14.5704],[120.99222,14.57076],[120.99194,14.57031],[120.99316,14.56941],[120.99146,14.57265],[120.99229,14.57347],[120.99136,14.57383],[120.99118,14.57301],[120.9907,14.574],[120.99135,14.57464],[120.99024,14.57445],[120.98995,14.57571],[120.98873,14.57724],[120.98946,14.57824],[120.989,14.57823],[120.98862,14.57904],[120.98853,14.5785],[120.98806,14.57859],[120.98797,14.57922],[120.98843,14.57931],[120.98815,14.57994],[120.98731,14.57985],[120.98712,14.58048],[120.9861,14.58038],[120.98553,14.58164],[120.98664,14.58174],[120.98571,14.58281],[120.98469,14.58272],[120.98449,14.58344],[120.98533,14.58335],[120.98523,14.5838],[120.98598,14.5839],[120.98606,14.58444],[120.9843,14.58443],[120.98355,14.58487],[120.98364,14.5856],[120.98494,14.58579],[120.98494,14.58516],[120.98587,14.58489],[120.98651,14.58589],[120.98707,14.58572],[120.98745,14.58491],[120.98708,14.58454],[120.98783,14.58437],[120.98784,14.58338],[120.98913,14.58366],[120.9896,14.58303],[120.98959,14.58384],[120.98996,14.58394],[120.9909,14.58322],[120.9911,14.58187],[120.99212,14.58142],[120.99166,14.58088],[120.99305,14.58089],[120.99305,14.58134],[120.9925,14.58116],[120.99203,14.58178],[120.9935,14.58252],[120.99322,14.58288],[120.99397,14.58243],[120.99396,14.5837],[120.9934,14.5836],[120.99386,14.58406],[120.99293,14.58423],[120.99264,14.5854],[120.99375,14.58569],[120.99357,14.58514],[120.99432,14.5847],[120.99421,14.58596],[120.99366,14.58587],[120.99337,14.58713],[120.99448,14.58768],[120.99495,14.58669],[120.99475,14.58786],[120.99318,14.58749],[120.99215,14.58829],[120.99281,14.5873],[120.99235,14.58721],[120.99254,14.58631],[120.99199,14.58531],[120.99237,14.58477],[120.99173,14.58422],[120.99256,14.5845],[120.99322,14.58315],[120.9923,14.58197],[120.9923,14.58278],[120.99155,14.58268],[120.99118,14.58313],[120.99155,14.58332],[120.99153,14.58512],[120.99079,14.58521],[120.99069,14.58575],[120.99077,14.58747],[120.99114,14.58756],[120.99076,14.58783],[120.99085,14.58909],[120.99131,14.58937],[120.99196,14.58874],[120.99168,14.58973],[120.99278,14.59038],[120.99427,14.59003],[120.99436,14.59039],[120.99334,14.59038],[120.99324,14.59065],[120.99591,14.59311],[120.99591,14.59393],[120.99637,14.59375],[120.99711,14.59448],[120.99664,14.59484],[120.99839,14.59612],[120.9995,14.59613],[120.99952,14.59477],[121.00007,14.59478],[120.9998,14.59423],[121.00027,14.59406],[121.00036,14.59442],[121.00073,14.5937],[120.99925,14.59359],[120.99915,14.5945],[120.99859,14.59494],[120.99785,14.59412],[120.99832,14.59422],[120.99869,14.59368],[120.99823,14.59322],[120.99852,14.5925],[121.00084,14.59261],[121.00066,14.5918],[121.00121,14.59189],[121.00113,14.59054],[121.00189,14.58874],[121.00125,14.58801],[121.00133,14.58918],[121.00096,14.58927],[120.99976,14.58836],[121.00181,14.5872],[121.00201,14.58621],[121.00265,14.58721],[121.00321,14.58694],[121.00348,14.58731],[121.00367,14.58658],[121.00247,14.58657],[121.00229,14.58567],[121.00201,14.58603],[121.00192,14.5853],[121.00127,14.58512],[121.00165,14.58449],[121.00211,14.58458],[121.00212,14.58395],[121.00102,14.58304],[121.00075,14.58141],[120.99901,14.57922],[120.9992,14.57868],[121.00003,14.57923],[121.00013,14.57878],[121.00087,14.57879],[121.00059,14.57842],[121.00133,14.57852],[121.00135,14.5768],[121.00089,14.57662],[121.00106,14.57825],[121.0005,14.57806],[121.0007,14.57716],[121.00023,14.57707],[121.00126,14.5759],[121.00052,14.57589],[121.00035,14.57499],[120.99951,14.57525],[120.99924,14.57408],[120.99905,14.57507],[120.99868,14.57497],[120.9983,14.57578],[120.9982,14.57678],[120.99893,14.57733],[120.99828,14.57723],[120.99874,14.57769],[120.99828,14.57804],[120.99726,14.57776],[120.9957,14.57549],[120.99663,14.5755],[120.99708,14.5765],[120.99982,14.57119],[121.00066,14.57083],[121.00048,14.57002],[121.00124,14.56831],[121.00199,14.56777],[121.00247,14.56606],[121.00312,14.56598],[121.00211,14.56479],[121.00312,14.56543],[121.00331,14.56507],[121.00305,14.56353],[121.00342,14.56318],[121.00278,14.56263],[121.00324,14.56281],[121.00325,14.56191],[121.0038,14.56173],[121.0027,14.56127],[121.00436,14.56147],[121.00381,14.56074],[121.00391,14.56029],[121.00428,14.56065],[121.00475,14.5603],[121.00438,14.55975],[121.00466,14.55966],[121.00466,14.55921],[121.0042,14.55957],[121.00429,14.55894],[121.00392,14.55929],[121.00383,14.55875],[121.00411,14.5583],[121.00476,14.55876],[121.00513,14.55849],[121.00449,14.55794],[121.00421,14.55821],[121.00412,14.55776],[121.00384,14.55803],[121.00329,14.55703],[121.0031,14.55775],[121.00263,14.55775],[121.00292,14.55694],[121.00246,14.55675],[121.0018,14.55765],[121.00153,14.55656],[121.00097,14.55728],[121.00116,14.5562],[121.00302,14.55576],[121.00339,14.55622],[121.00293,14.55639],[121.00292,14.55658],[121.00366,14.55676],[121.00366,14.5573],[121.00423,14.55604],[121.00238,14.55522],[121.00127,14.55521],[121.00191,14.55548],[121.00182,14.55593],[121.0008,14.55547],[121.00015,14.55583],[120.9996,14.55501],[120.99867,14.555],[120.99895,14.55464],[120.99803,14.55418],[120.99905,14.55428],[120.99915,14.55338],[120.9985,14.55365],[120.99886,14.55401],[120.99803,14.554],[120.99777,14.55156],[120.99675,14.55191],[120.99684,14.55228],[120.99545,14.55235],[120.99581,14.55299],[120.99665,14.55291],[120.99628,14.55308],[120.99655,14.5539],[120.99552,14.55398],[120.99496,14.5547],[120.99478,14.55379],[120.99404,14.55379],[120.99385,14.55433],[120.99321,14.55369],[120.99274,14.55423],[120.99247,14.55368],[120.99154,14.55395],[120.99117,14.55286],[120.99053,14.55258],[120.99137,14.55187],[120.99127,14.55259],[120.99285,14.55269],[120.99239,14.55233],[120.99268,14.55034],[120.99185,14.54961],[120.99241,14.54935],[120.99242,14.54826],[120.99326,14.54836],[120.99345,14.54782],[120.99271,14.547],[120.99337,14.54601],[120.99281,14.5461],[120.99263,14.54555],[120.99337,14.54583],[120.99356,14.54565],[120.99264,14.5451],[120.99385,14.54448],[120.99486,14.54494],[120.99432,14.54403],[120.99479,14.54295],[120.99461,14.54232],[120.99526,14.54196],[120.99508,14.54124],[120.99573,14.54097],[120.99591,14.5416],[120.99685,14.54125],[120.99695,14.54044],[120.99592,14.54079],[120.99639,14.54061],[120.99639,14.53989],[120.99583,14.54043],[120.995,14.54033],[120.9948,14.54141],[120.99472,14.54024],[120.99425,14.54051],[120.99425,14.54132],[120.99378,14.54132],[120.99296,14.53986],[120.99379,14.54014],[120.99482,14.53907],[120.99556,14.53952],[120.99576,14.53862],[120.99705,14.53872],[120.99734,14.53818],[120.99631,14.53845],[120.99558,14.53799],[120.99557,14.53853],[120.9952,14.53853],[120.99483,14.53843],[120.99511,14.53798],[120.99455,14.53834],[120.99456,14.5378],[120.99344,14.53797],[120.99335,14.53752],[120.99494,14.53645],[120.99586,14.53736],[120.99791,14.53692],[120.99874,14.5372],[120.99856,14.53675],[120.99744,14.53683],[120.99754,14.53629],[120.9967,14.53655],[120.99662,14.53583],[120.99615,14.53591],[120.99615,14.53555],[120.9969,14.53574],[120.99634,14.5351],[120.99681,14.53493],[120.99635,14.53411],[120.99487,14.53419],[120.99534,14.53347],[120.99432,14.53373],[120.9947,14.53238],[120.99619,14.53212],[120.99544,14.53202],[120.99527,14.53085],[120.99379,14.53083],[120.9936,14.53047],[120.99371,14.5293],[120.99436,14.52912],[120.99381,14.52857],[120.99428,14.5274],[120.99401,14.52695],[120.99438,14.52695],[120.99392,14.52632],[120.99457,14.52596],[120.99402,14.52568],[120.99486,14.52533],[120.99514,14.52461],[120.99477,14.52461],[120.99496,14.52361],[120.99422,14.52361],[120.99422,14.52325],[120.99515,14.52352],[120.99543,14.52308],[120.9948,14.52117],[120.99527,14.52072],[120.99462,14.52054],[120.99472,14.51955],[120.99418,14.51809],[120.99335,14.51718],[120.99038,14.51707],[120.99009,14.51842],[120.98917,14.51778],[120.9901,14.51752],[120.98964,14.51724],[120.98992,14.51706],[120.98909,14.51697],[120.98891,14.51642],[120.98835,14.51687],[120.9877,14.51668],[120.98743,14.51569],[120.98799,14.51479],[120.98994,14.51471],[120.98929,14.51453],[120.98958,14.51399],[120.98822,14.50982],[120.98785,14.50991],[120.98821,14.5109],[120.98757,14.51081],[120.98747,14.51144],[120.98663,14.51161],[120.98525,14.50998],[120.98589,14.51116],[120.98589,14.51179],[120.98542,14.51169],[120.98569,14.51314],[120.98432,14.51087],[120.98477,14.51214],[120.98329,14.51195],[120.98217,14.51257],[120.98216,14.51338],[120.98171,14.51248],[120.98096,14.5131],[120.98069,14.51238],[120.98116,14.51157],[120.98051,14.51093],[120.97884,14.51164],[120.97801,14.51145],[120.978,14.51244],[120.97754,14.51217],[120.97688,14.51269],[120.97852,14.51579],[120.97835,14.5148],[120.9789,14.51471],[120.97954,14.51562],[120.97917,14.51607],[120.97991,14.51626],[120.97898,14.51697],[120.97979,14.51878],[120.98629,14.51839],[120.9874,14.51894],[120.99036,14.51951],[120.99102,14.51897],[120.99094,14.51743],[120.99288,14.51754],[120.99361,14.51981],[120.9936,14.52089],[120.99332,14.52026],[120.99129,14.52006],[120.99081,14.52078],[120.99045,14.52023],[120.99073,14.51987],[120.9861,14.51893],[120.98461,14.51919],[120.98479,14.52009],[120.98395,14.52135],[120.98339,14.52071],[120.9835,14.51963],[120.98396,14.51981],[120.98415,14.51909],[120.98137,14.51916],[120.9822,14.51935],[120.98192,14.5198],[120.9809,14.51952],[120.98136,14.51979],[120.98108,14.52006],[120.98062,14.51951],[120.97997,14.51969],[120.97997,14.51933],[120.97951,14.5195]]],[[[120.99923,14.59594],[120.99905,14.59549],[120.99914,14.59549],[120.99923,14.59594]]],[[[120.9983,14.59548],[120.99849,14.59576],[120.9983,14.59566],[120.9983,14.59548]]],[[[120.99767,14.59412],[120.99739,14.59394],[120.99767,14.59394],[120.99767,14.59412]]],[[[120.99814,14.59349],[120.99795,14.59322],[120.99814,14.59331],[120.99814,14.59349]]],[[[120.99665,14.59321],[120.99628,14.59339],[120.9961,14.59303],[120.99638,14.59303],[120.99665,14.59321]]],[[[120.99777,14.59322],[120.99758,14.59304],[120.99777,14.59304],[120.99777,14.59322]]],[[[120.99582,14.59284],[120.99564,14.59266],[120.99582,14.59266],[120.99582,14.59284]]],[[[121.00047,14.59252],[121.00028,14.59234],[121.00047,14.59234],[121.00047,14.59252]]],[[[120.99611,14.59221],[120.99621,14.59131],[120.99639,14.59131],[120.99667,14.59195],[120.99611,14.59221]]],[[[120.99991,14.59197],[120.99954,14.59197],[120.99954,14.59188],[120.99991,14.59197]]],[[[120.99917,14.59188],[120.99806,14.59205],[120.99797,14.59169],[120.99871,14.59124],[120.99917,14.59188]]],[[[120.9951,14.59058],[120.99724,14.58996],[120.99761,14.59069],[120.99565,14.59139],[120.9951,14.59058]]],[[[120.99547,14.5904],[120.99529,14.5904],[120.9951,14.59049],[120.99547,14.5904]]],[[[120.99482,14.59039],[120.99566,14.58995],[120.99539,14.58922],[120.99372,14.58921],[120.99482,14.59039]]],[[[120.99836,14.58943],[120.99882,14.58925],[120.99919,14.58962],[120.99863,14.58979],[120.99836,14.58943]]],[[[120.99984,14.58935],[120.99947,14.58962],[120.99938,14.58935],[120.99984,14.58935]]],[[[121.00049,14.58927],[121.00031,14.58909],[121.0005,14.58909],[121.00049,14.58927]]],[[[120.99799,14.58925],[120.99817,14.58943],[120.99799,14.58943],[120.99799,14.58925]]],[[[120.99334,14.58993],[120.99353,14.59002],[120.99334,14.59002],[120.99334,14.58993]]],[[[120.99417,14.59075],[120.99454,14.59084],[120.99417,14.59084],[120.99417,14.59075]]],[[[120.99713,14.59186],[120.99731,14.59213],[120.99713,14.59213],[120.99713,14.59186]]],[[[120.99546,14.59194],[120.99564,14.59221],[120.99546,14.59221],[120.99546,14.59194]]],[[[120.99306,14.59011],[120.99316,14.5902],[120.99306,14.5902],[120.99306,14.59011]]],[[[120.99679,14.58869],[120.99504,14.58705],[120.99514,14.58678],[120.99662,14.58679],[120.99707,14.58797],[120.99679,14.58869]]],[[[120.99961,14.58465],[120.99998,14.58484],[120.99998,14.58465],[120.99961,14.58465]]],[[[120.99961,14.58474],[120.99849,14.58518],[120.99848,14.58645],[120.99802,14.58617],[120.99736,14.58671],[120.99792,14.58699],[120.99828,14.58807],[120.99961,14.58474]]],[[[120.99832,14.58401],[120.99793,14.58554],[120.99756,14.58599],[120.99719,14.58508],[120.99832,14.58401]]],[[[120.99952,14.58465],[120.99933,14.58447],[120.99952,14.58447],[120.99952,14.58465]]],[[[120.9997,14.58456],[120.99961,14.58438],[120.9998,14.58438],[120.9997,14.58456]]],[[[120.9998,14.58411],[121.00046,14.58285],[121.00093,14.58267],[121.00064,14.58376],[120.9998,14.58411]]],[[[120.99981,14.58276],[120.99953,14.5833],[120.99879,14.58248],[120.99926,14.58212],[120.99981,14.58276]]],[[[120.99564,14.582],[120.99554,14.58254],[120.99601,14.58254],[120.99611,14.58209],[120.99564,14.582]]],[[[120.99555,14.58145],[120.99574,14.58173],[120.99574,14.58146],[120.99555,14.58145]]],[[[120.99444,14.58144],[120.99406,14.58225],[120.99389,14.58072],[120.99444,14.58144]]],[[[120.99499,14.58199],[120.99509,14.58181],[120.99518,14.58199],[120.99499,14.58199]]],[[[120.995,14.58154],[120.99491,14.58145],[120.995,14.58145],[120.995,14.58154]]],[[[120.99992,14.5814],[120.99982,14.58131],[120.99992,14.58131],[120.99992,14.5814]]],[[[120.99547,14.58055],[120.99565,14.58082],[120.99575,14.58064],[120.99547,14.58055]]],[[[120.99538,14.58073],[120.99472,14.58099],[120.99472,14.58127],[120.99509,14.58136],[120.99538,14.58073]]],[[[120.99973,14.58104],[120.99983,14.58086],[120.99992,14.58104],[120.99973,14.58104]]],[[[120.99658,14.58083],[120.9964,14.58074],[120.99658,14.58074],[120.99658,14.58083]]],[[[120.99167,14.58061],[120.99129,14.58142],[120.99045,14.58123],[120.99083,14.58051],[120.99167,14.58061]]],[[[120.99037,14.58042],[120.99055,14.5806],[120.99037,14.5806],[120.99037,14.58042]]],[[[120.98777,14.5803],[120.98768,14.58057],[120.9873,14.58057],[120.98777,14.5803]]],[[[120.99371,14.58008],[120.99287,14.58026],[120.99289,14.57899],[120.99297,14.57953],[120.99363,14.57909],[120.99371,14.58008]]],[[[120.99529,14.58019],[120.9951,14.58],[120.99538,14.58001],[120.99529,14.58019]]],[[[120.99659,14.58029],[120.99649,14.58011],[120.99659,14.58011],[120.99659,14.58029]]],[[[120.99445,14.58],[120.99427,14.57982],[120.99446,14.57982],[120.99445,14.58]]],[[[120.99363,14.579],[120.99344,14.57881],[120.99363,14.57882],[120.99363,14.579]]],[[[120.99604,14.57884],[120.99632,14.57848],[120.99716,14.57876],[120.99716,14.57885],[120.99604,14.57884]]],[[[121.00003,14.5786],[120.99985,14.57815],[120.99995,14.57815],[121.00003,14.5786]]],[[[120.99475,14.57846],[120.99456,14.57855],[120.99456,14.57828],[120.99475,14.57846]]],[[[120.99401,14.57819],[120.994,14.57846],[120.99391,14.57846],[120.99401,14.57819]]],[[[120.99874,14.57823],[120.99855,14.57814],[120.99874,14.57814],[120.99874,14.57823]]],[[[120.99243,14.57817],[120.99252,14.57826],[120.99243,14.57826],[120.99243,14.57817]]],[[[120.99373,14.57837],[120.99364,14.57818],[120.99373,14.57818],[120.99373,14.57837]]],[[[120.99298,14.57836],[120.99317,14.57854],[120.99298,14.57845],[120.99298,14.57836]]],[[[120.99075,14.57879],[120.99094,14.57897],[120.99075,14.57888],[120.99075,14.57879]]],[[[120.9889,14.57887],[120.98899,14.57905],[120.9889,14.57905],[120.9889,14.57887]]],[[[120.98815,14.57895],[120.98834,14.57913],[120.98815,14.57913],[120.98815,14.57895]]],[[[120.98982,14.57924],[120.9901,14.57933],[120.98991,14.57942],[120.98982,14.57924]]],[[[120.98963,14.57978],[120.99,14.5796],[120.98991,14.57978],[120.98963,14.57978]]],[[[120.99019,14.5796],[120.9901,14.57951],[120.99019,14.57951],[120.99019,14.5796]]],[[[120.99251,14.5798],[120.99269,14.57998],[120.99251,14.57998],[120.99251,14.5798]]],[[[120.99074,14.57997],[120.99084,14.58006],[120.99074,14.58006],[120.99074,14.57997]]],[[[120.98722,14.58021],[120.98731,14.5803],[120.98721,14.5803],[120.98722,14.58021]]],[[[120.9925,14.58034],[120.99241,14.58025],[120.9925,14.58025],[120.9925,14.58034]]],[[[120.98943,14.58104],[120.98962,14.58149],[120.98943,14.58167],[120.98943,14.58104]]],[[[120.99333,14.58125],[120.99342,14.58144],[120.99333,14.58143],[120.99333,14.58125]]],[[[120.99388,14.5818],[120.99369,14.58216],[120.9937,14.58189],[120.99388,14.5818]]],[[[120.99471,14.58235],[120.9948,14.58334],[120.99424,14.58334],[120.99415,14.58289],[120.99471,14.58235]]],[[[120.99945,14.58194],[120.99954,14.58167],[120.99973,14.58194],[120.99945,14.58194]]],[[[120.99648,14.58155],[120.9963,14.58146],[120.99648,14.58146],[120.99648,14.58155]]],[[[120.99433,14.58379],[120.99451,14.58397],[120.99442,14.58397],[120.99433,14.58379]]],[[[120.99915,14.58401],[120.99897,14.58392],[120.99915,14.58392],[120.99915,14.58401]]],[[[120.99627,14.58462],[120.99636,14.58498],[120.99645,14.58471],[120.99627,14.58462]]],[[[120.99608,14.58507],[120.99599,14.58498],[120.99599,14.58507],[120.99608,14.58507]]],[[[120.99617,14.58507],[120.99635,14.58535],[120.99589,14.58534],[120.99617,14.58507]]],[[[120.99552,14.58525],[120.9957,14.58552],[120.99552,14.58561],[120.99552,14.58525]]],[[[120.99551,14.58606],[120.9956,14.58624],[120.99551,14.58624],[120.99551,14.58606]]],[[[120.99783,14.58626],[120.99774,14.58617],[120.99783,14.58617],[120.99783,14.58626]]],[[[120.99542,14.58651],[120.99551,14.5866],[120.99542,14.5866],[120.99542,14.58651]]],[[[121.00052,14.58683],[121.00033,14.58674],[121.00052,14.58665],[121.00052,14.58683]]],[[[121.00145,14.58647],[121.00136,14.58629],[121.00145,14.58629],[121.00145,14.58647]]],[[[120.99124,14.58612],[120.99161,14.5863],[120.99152,14.58666],[120.99133,14.58648],[120.99124,14.58612]]],[[[120.99189,14.58621],[120.99171,14.58576],[120.9919,14.58576],[120.99189,14.58621]]],[[[120.99258,14.58233],[120.99249,14.58224],[120.99258,14.58224],[120.99258,14.58233]]],[[[120.99365,14.58704],[120.99374,14.58713],[120.99365,14.58713],[120.99365,14.58704]]],[[[120.99045,14.58186],[120.99072,14.58204],[120.99045,14.58213],[120.99045,14.58186]]],[[[120.98793,14.58274],[120.98774,14.58319],[120.98728,14.5831],[120.98747,14.58265],[120.98793,14.58274]]],[[[120.98524,14.58308],[120.98533,14.58326],[120.98524,14.58326],[120.98524,14.58308]]],[[[120.98821,14.58284],[120.98812,14.58275],[120.98821,14.58275],[120.98821,14.58284]]],[[[120.98495,14.58489],[120.98475,14.58552],[120.98429,14.58533],[120.98449,14.58452],[120.98495,14.58489]]],[[[120.99364,14.57773],[120.99514,14.57648],[120.99551,14.57666],[120.99448,14.57729],[120.99475,14.57801],[120.99364,14.57773]]],[[[120.99476,14.57648],[120.99486,14.57675],[120.99467,14.57675],[120.99476,14.57648]]],[[[120.99263,14.57655],[120.99281,14.57691],[120.99253,14.57691],[120.99263,14.57655]]],[[[120.99216,14.577],[120.99207,14.57709],[120.99216,14.57709],[120.99216,14.577]]],[[[120.99179,14.57699],[120.99207,14.57691],[120.99179,14.5769],[120.99179,14.57699]]],[[[120.9917,14.57717],[120.99216,14.57745],[120.99179,14.57754],[120.9917,14.57717]]],[[[120.98938,14.57724],[120.98947,14.57752],[120.98928,14.57751],[120.98938,14.57724]]],[[[120.99309,14.57737],[120.99318,14.57755],[120.99327,14.57737],[120.99309,14.57737]]],[[[120.9929,14.57755],[120.99272,14.57727],[120.99253,14.57754],[120.9929,14.57755]]],[[[120.99532,14.57639],[120.99523,14.5763],[120.99532,14.5763],[120.99532,14.57639]]],[[[120.9905,14.57599],[120.99022,14.57581],[120.9905,14.57563],[120.9905,14.57599]]],[[[120.99357,14.57565],[120.9931,14.57547],[120.99357,14.57538],[120.99357,14.57565]]],[[[120.997,14.57541],[120.99607,14.5754],[120.99608,14.57513],[120.99682,14.57478],[120.99737,14.57578],[120.9969,14.57586],[120.997,14.57541]]],[[[120.99432,14.57476],[120.99441,14.57485],[120.99432,14.57485],[120.99432,14.57476]]],[[[120.99357,14.57475],[120.99376,14.57511],[120.99348,14.57511],[120.99357,14.57475]]],[[[120.99079,14.57482],[120.99088,14.57491],[120.99088,14.57482],[120.99079,14.57482]]],[[[120.99069,14.57509],[120.99042,14.57481],[120.99032,14.57517],[120.99069,14.57509]]],[[[120.99125,14.57518],[120.99116,14.575],[120.99134,14.575],[120.99125,14.57518]]],[[[120.9906,14.57527],[120.99051,14.57545],[120.99041,14.57526],[120.9906,14.57527]]],[[[120.99312,14.57402],[120.99302,14.57393],[120.99312,14.57393],[120.99312,14.57402]]],[[[120.99117,14.57383],[120.99099,14.57373],[120.99117,14.57373],[120.99117,14.57383]]],[[[120.99331,14.57357],[120.9934,14.57366],[120.9934,14.57357],[120.99331,14.57357]]],[[[120.9933,14.57375],[120.99312,14.57366],[120.99312,14.57375],[120.9933,14.57375]]],[[[120.99878,14.57317],[120.9986,14.57262],[120.99879,14.57263],[120.99878,14.57317]]],[[[120.99888,14.57245],[120.99814,14.57217],[120.99888,14.57236],[120.99888,14.57245]]],[[[120.99889,14.5719],[120.99871,14.57163],[120.99889,14.57154],[120.99889,14.5719]]],[[[120.99574,14.57133],[120.99537,14.5716],[120.99528,14.57115],[120.99574,14.57133]]],[[[120.9988,14.57127],[120.99843,14.57082],[120.99862,14.57082],[120.9988,14.57127]]],[[[120.99315,14.57077],[120.99324,14.57086],[120.99315,14.57086],[120.99315,14.57077]]],[[[120.99258,14.57167],[120.99267,14.57176],[120.99258,14.57176],[120.99258,14.57167]]],[[[120.99881,14.57046],[120.99872,14.57037],[120.99881,14.57037],[120.99881,14.57046]]],[[[120.99798,14.57027],[120.99743,14.56954],[120.99696,14.57008],[120.99697,14.56836],[120.99762,14.56828],[120.99743,14.56891],[120.99826,14.57009],[120.99798,14.57027]]],[[[120.99335,14.56842],[120.99372,14.56852],[120.99335,14.56851],[120.99335,14.56842]]],[[[120.99363,14.56815],[120.99354,14.56806],[120.99363,14.56806],[120.99363,14.56815]]],[[[120.99382,14.56761],[120.99392,14.5677],[120.99392,14.56761],[120.99382,14.56761]]],[[[120.99382,14.56788],[120.99373,14.5677],[120.99373,14.56788],[120.99382,14.56788]]],[[[120.9993,14.56775],[120.99911,14.56766],[120.9993,14.56766],[120.9993,14.56775]]],[[[120.99549,14.56763],[120.99522,14.56699],[120.99541,14.56699],[120.99549,14.56763]]],[[[120.99735,14.56737],[120.99754,14.56665],[120.99772,14.56756],[120.99735,14.56737]]],[[[120.99625,14.56655],[120.99634,14.56673],[120.99624,14.56673],[120.99625,14.56655]]],[[[120.9943,14.56635],[120.99374,14.56689],[120.99421,14.56608],[120.9943,14.56635]]],[[[120.9956,14.56654],[120.99541,14.56636],[120.99569,14.56636],[120.9956,14.56654]]],[[[120.99523,14.56609],[120.99486,14.56636],[120.99505,14.566],[120.99523,14.56609]]],[[[120.99189,14.56615],[120.99244,14.56661],[120.99254,14.56634],[120.99189,14.56615]]],[[[120.99188,14.56669],[120.9917,14.5666],[120.9917,14.56678],[120.99188,14.56669]]],[[[120.99309,14.56679],[120.99337,14.5668],[120.99309,14.56706],[120.99309,14.56679]]],[[[120.99123,14.56687],[120.99132,14.56723],[120.99123,14.56723],[120.99123,14.56687]]],[[[120.99402,14.56698],[120.99411,14.56716],[120.99411,14.56698],[120.99402,14.56698]]],[[[120.99401,14.56743],[120.99392,14.56716],[120.99392,14.56743],[120.99401,14.56743]]],[[[120.99262,14.56733],[120.99271,14.56751],[120.99262,14.56751],[120.99262,14.56733]]],[[[120.99141,14.56741],[120.99187,14.56778],[120.99141,14.56759],[120.99141,14.56741]]],[[[120.99429,14.56689],[120.9942,14.5668],[120.9943,14.5668],[120.99429,14.56689]]],[[[120.99103,14.56876],[120.99112,14.56904],[120.99094,14.56894],[120.99103,14.56876]]],[[[120.99746,14.56557],[120.99728,14.56502],[120.99775,14.56448],[120.99765,14.56521],[120.99746,14.56557]]],[[[121.00192,14.56461],[121.00147,14.56388],[121.00184,14.56389],[121.00192,14.56461]]],[[[120.9975,14.56159],[120.99806,14.56141],[120.99806,14.56087],[120.99741,14.56123],[120.9975,14.56159]]],[[[120.9975,14.56159],[120.99721,14.56204],[120.99648,14.56158],[120.99629,14.56221],[120.99712,14.56231],[120.99748,14.56349],[120.99794,14.56349],[120.99775,14.56403],[120.99812,14.56403],[120.9975,14.56159]]],[[[120.99377,14.56336],[120.99386,14.56346],[120.99386,14.56337],[120.99377,14.56336]]],[[[120.99404,14.56382],[120.9933,14.56363],[120.9933,14.56445],[120.99404,14.56382]]],[[[120.99321,14.56345],[120.99302,14.5639],[120.99274,14.56408],[120.99284,14.56354],[120.99321,14.56345]]],[[[120.9973,14.56321],[120.99646,14.56303],[120.99647,14.56285],[120.9973,14.56321]]],[[[120.99508,14.56247],[120.99498,14.56319],[120.99488,14.56319],[120.99508,14.56247]]],[[[120.99441,14.56391],[120.9945,14.56455],[120.9946,14.56382],[120.99441,14.56391]]],[[[120.99422,14.56472],[120.99413,14.56463],[120.99413,14.56472],[120.99422,14.56472]]],[[[120.9946,14.56364],[120.99469,14.56382],[120.9947,14.56364],[120.9946,14.56364]]],[[[120.99831,14.56377],[120.99822,14.56358],[120.99831,14.56358],[120.99831,14.56377]]],[[[121.00184,14.56343],[121.00147,14.56343],[121.00147,14.56325],[121.00184,14.56343]]],[[[120.99841,14.56304],[120.99822,14.56331],[120.99823,14.56295],[120.99841,14.56304]]],[[[121.00129,14.56307],[121.00101,14.56279],[121.0012,14.5628],[121.00129,14.56307]]],[[[121.00259,14.5629],[121.0024,14.56281],[121.00259,14.56281],[121.00259,14.5629]]],[[[121.00055,14.56288],[121.00073,14.56306],[121.00045,14.56306],[121.00055,14.56288]]],[[[121.00036,14.56342],[121.00017,14.56333],[121.00036,14.56333],[121.00036,14.56342]]],[[[121.00082,14.56343],[121.00064,14.56333],[121.00082,14.56333],[121.00082,14.56343]]],[[[121.00101,14.56343],[121.00091,14.56334],[121.00101,14.56334],[121.00101,14.56343]]],[[[121.00045,14.56351],[121.00054,14.56369],[121.00045,14.56369],[121.00045,14.56351]]],[[[120.99804,14.56268],[120.99786,14.5625],[120.99805,14.5625],[120.99804,14.56268]]],[[[120.99851,14.56259],[120.99842,14.56214],[120.99861,14.56214],[120.99879,14.56241],[120.99851,14.56259]]],[[[121.00074,14.56252],[121.00055,14.56234],[121.00074,14.56234],[121.00074,14.56252]]],[[[120.99796,14.56205],[120.99805,14.56232],[120.99786,14.56223],[120.99796,14.56205]]],[[[121.00158,14.56208],[121.00139,14.56189],[121.00158,14.56181],[121.00158,14.56208]]],[[[121.00074,14.5618],[121.00083,14.56198],[121.00074,14.56198],[121.00074,14.5618]]],[[[120.99935,14.56179],[120.99953,14.56206],[120.99935,14.56197],[120.99935,14.56179]]],[[[121.00019,14.5617],[120.99972,14.56161],[121.00019,14.56134],[121.00019,14.5617]]],[[[121.00186,14.56136],[121.00205,14.56109],[121.00223,14.56109],[121.00223,14.56127],[121.00186,14.56136]]],[[[121.0014,14.56108],[121.0014,14.56135],[121.00121,14.56135],[121.0014,14.56108]]],[[[120.99823,14.5625],[120.99832,14.56259],[120.99823,14.56259],[120.99823,14.5625]]],[[[121.00316,14.56092],[121.00308,14.56019],[121.00326,14.56001],[121.00316,14.56092]]],[[[121.00353,14.56092],[121.00335,14.56074],[121.00354,14.56074],[121.00353,14.56092]]],[[[121.00373,14.56002],[121.00317,14.55965],[121.00373,14.55984],[121.00373,14.56002]]],[[[121.00391,14.55984],[121.00382,14.55957],[121.00401,14.55957],[121.00391,14.55984]]],[[[121.00281,14.55938],[121.00289,14.55983],[121.00243,14.55982],[121.00262,14.55937],[121.00281,14.55938]]],[[[121.00216,14.55937],[121.00234,14.55973],[121.00206,14.55973],[121.00216,14.55937]]],[[[121.00132,14.55909],[121.00113,14.55945],[121.00076,14.55954],[121.00132,14.55909]]],[[[120.99891,14.55907],[120.9991,14.55925],[120.99891,14.55925],[120.99891,14.55907]]],[[[120.99993,14.5589],[120.99975,14.55845],[120.99985,14.55845],[120.99993,14.5589]]],[[[121.0017,14.55873],[121.00142,14.559],[121.0017,14.55882],[121.0017,14.55873]]],[[[121.00123,14.55864],[121.00124,14.55837],[121.00095,14.559],[121.00123,14.55864]]],[[[121.00263,14.55856],[121.00263,14.55802],[121.00337,14.55803],[121.00282,14.5582],[121.00263,14.55856]]],[[[121.00226,14.55793],[121.00226,14.55847],[121.00207,14.55856],[121.00226,14.55793]]],[[[121.00134,14.55774],[121.00189,14.55828],[121.00124,14.55819],[121.00134,14.55774]]],[[[121.0006,14.55755],[120.99911,14.55799],[120.99987,14.55583],[120.99967,14.55736],[121.0006,14.55755]]],[[[121.0006,14.55737],[121.00051,14.55728],[121.0006,14.55728],[121.0006,14.55737]]],[[[120.99986,14.55718],[120.99976,14.55709],[120.99986,14.55709],[120.99986,14.55718]]],[[[120.99895,14.55519],[120.99931,14.55636],[120.99875,14.55636],[120.99874,14.55735],[120.99819,14.55726],[120.99856,14.55699],[120.99848,14.55536],[120.99895,14.55519]]],[[[120.99384,14.55523],[120.99347,14.55586],[120.99319,14.55586],[120.99319,14.55532],[120.99384,14.55523]]],[[[120.99236,14.55504],[120.99254,14.55522],[120.99236,14.55522],[120.99236,14.55504]]],[[[120.99209,14.55431],[120.99143,14.55557],[120.99153,14.55476],[120.9906,14.55457],[120.99052,14.55394],[120.99116,14.55394],[120.99153,14.55467],[120.99209,14.55431]]],[[[120.99839,14.55482],[120.99802,14.55455],[120.99839,14.55464],[120.99839,14.55482]]],[[[120.99264,14.55468],[120.99255,14.55459],[120.99264,14.55459],[120.99264,14.55468]]],[[[120.99422,14.55451],[120.99404,14.55424],[120.99422,14.55433],[120.99422,14.55451]]],[[[120.9945,14.55433],[120.99432,14.55424],[120.9945,14.55424],[120.9945,14.55433]]],[[[120.98885,14.55392],[120.98894,14.55411],[120.98884,14.55411],[120.98885,14.55392]]],[[[120.9817,14.55431],[120.98252,14.55541],[120.98346,14.55424],[120.98402,14.55443],[120.98336,14.55559],[120.98363,14.55587],[120.98467,14.55407],[120.9819,14.55287],[120.98171,14.5535],[120.98217,14.55387],[120.9817,14.55431]]],[[[120.9817,14.5545],[120.98161,14.55431],[120.9816,14.55449],[120.9817,14.5545]]],[[[120.98142,14.55413],[120.98095,14.55458],[120.98114,14.55413],[120.98142,14.55413]]],[[[120.98087,14.55386],[120.98049,14.55458],[120.97975,14.55439],[120.97985,14.55394],[120.98087,14.55386]]],[[[120.97929,14.55429],[120.97957,14.55421],[120.97956,14.55439],[120.97929,14.55429]]],[[[120.98002,14.55493],[120.98011,14.55502],[120.98002,14.55502],[120.98002,14.55493]]],[[[120.98095,14.5553],[120.98104,14.55548],[120.98095,14.55548],[120.98095,14.5553]]],[[[120.98539,14.5567],[120.98615,14.55453],[120.98754,14.555],[120.98762,14.55572],[120.9864,14.55734],[120.98539,14.5567]]],[[[120.98456,14.55588],[120.98474,14.55615],[120.98456,14.55615],[120.98456,14.55588]]],[[[120.98243,14.55595],[120.98363,14.5565],[120.98334,14.55722],[120.98214,14.55667],[120.98243,14.55595]]],[[[120.98195,14.55703],[120.98204,14.55721],[120.98195,14.55721],[120.98195,14.55703]]],[[[120.9839,14.55741],[120.98463,14.55786],[120.9851,14.55733],[120.98399,14.55686],[120.98436,14.55741],[120.9839,14.55741]]],[[[120.9838,14.55741],[120.9839,14.55732],[120.9838,14.55732],[120.9838,14.55741]]],[[[120.985,14.55823],[120.98566,14.55751],[120.98704,14.55825],[120.98694,14.55897],[120.9862,14.55914],[120.98676,14.5587],[120.98649,14.55824],[120.98565,14.55878],[120.985,14.55823]]],[[[120.98668,14.55752],[120.98678,14.55698],[120.98799,14.55609],[120.9877,14.55726],[120.98668,14.55752]]],[[[120.98708,14.55454],[120.98698,14.55445],[120.98708,14.55445],[120.98708,14.55454]]],[[[120.9855,14.55453],[120.98559,14.55471],[120.9855,14.55471],[120.9855,14.55453]]],[[[120.98689,14.55445],[120.9868,14.55436],[120.98689,14.55436],[120.98689,14.55445]]],[[[120.98504,14.5538],[120.98486,14.55362],[120.98504,14.55362],[120.98504,14.5538]]],[[[120.98904,14.55239],[120.98951,14.55248],[120.99007,14.55186],[120.98998,14.55131],[120.98904,14.55239]]],[[[120.98904,14.55239],[120.98812,14.55166],[120.98608,14.55191],[120.98607,14.55255],[120.98737,14.55256],[120.98756,14.55292],[120.98821,14.55247],[120.98857,14.55338],[120.98941,14.55357],[120.98904,14.55239]]],[[[120.98896,14.55194],[120.98877,14.55185],[120.98896,14.55185],[120.98896,14.55194]]],[[[120.98265,14.55206],[120.98394,14.55298],[120.98412,14.55343],[120.98208,14.5526],[120.98265,14.55206]]],[[[120.99052,14.55294],[120.99025,14.55276],[120.99053,14.55276],[120.99052,14.55294]]],[[[120.98803,14.5513],[120.98655,14.5511],[120.98656,14.54975],[120.98823,14.54985],[120.98803,14.5513]]],[[[120.99027,14.55059],[120.99009,14.54951],[120.99028,14.54951],[120.99027,14.55059]]],[[[120.99175,14.55043],[120.99194,14.55025],[120.99203,14.55043],[120.99175,14.55043]]],[[[120.99102,14.54952],[120.99074,14.54915],[120.99111,14.54924],[120.99102,14.54952]]],[[[120.9862,14.54839],[120.98619,14.54993],[120.98507,14.55091],[120.98406,14.55009],[120.98416,14.54909],[120.98547,14.54802],[120.9862,14.54839]]],[[[120.99084,14.54897],[120.99149,14.54871],[120.99158,14.54907],[120.99084,14.54897]]],[[[120.99029,14.54861],[120.99019,14.54851],[120.99029,14.54851],[120.99029,14.54861]]],[[[120.98713,14.54849],[120.98704,14.54813],[120.98732,14.54813],[120.98713,14.54849]]],[[[120.98537,14.54793],[120.98343,14.54791],[120.98242,14.54673],[120.98251,14.54628],[120.98464,14.54666],[120.98529,14.54721],[120.98537,14.54793]]],[[[120.99289,14.54799],[120.9927,14.54781],[120.99289,14.5479],[120.99289,14.54799]]],[[[120.99094,14.54762],[120.99039,14.54779],[120.99076,14.54707],[120.99094,14.54762]]],[[[120.99317,14.54773],[120.99308,14.54764],[120.99317,14.54764],[120.99317,14.54773]]],[[[120.98724,14.54731],[120.98751,14.54759],[120.98723,14.54758],[120.98724,14.54731]]],[[[120.98621,14.54758],[120.98649,14.54794],[120.9863,14.54794],[120.98621,14.54758]]],[[[120.98882,14.54669],[120.98828,14.54515],[120.99068,14.54554],[120.98975,14.5458],[120.98965,14.54697],[120.98882,14.54669]]],[[[120.99179,14.54645],[120.99161,14.546],[120.99226,14.54609],[120.99225,14.54636],[120.99179,14.54645]]],[[[120.98558,14.54558],[120.98539,14.54667],[120.98437,14.5463],[120.98428,14.54575],[120.98558,14.54558]]],[[[120.98463,14.54829],[120.98472,14.54838],[120.98463,14.54838],[120.98463,14.54829]]],[[[120.98379,14.54846],[120.98361,14.54864],[120.98351,14.54846],[120.98379,14.54846]]],[[[120.981,14.54916],[120.98119,14.54943],[120.98072,14.54925],[120.981,14.54916]]],[[[120.98572,14.5511],[120.98553,14.55073],[120.98581,14.55083],[120.98572,14.5511]]],[[[120.98647,14.54966],[120.98638,14.54957],[120.98647,14.54957],[120.98647,14.54966]]],[[[120.99115,14.55503],[120.99125,14.55521],[120.99106,14.55521],[120.99115,14.55503]]],[[[120.99069,14.55512],[120.99078,14.55521],[120.99069,14.55521],[120.99069,14.55512]]],[[[120.99087,14.55557],[120.99115,14.55584],[120.99087,14.55593],[120.99087,14.55557]]],[[[120.98892,14.55573],[120.98901,14.55591],[120.98892,14.55591],[120.98892,14.55573]]],[[[120.99133,14.55584],[120.99161,14.55567],[120.99208,14.55576],[120.99198,14.55603],[120.99133,14.55584]]],[[[120.99736,14.55662],[120.99736,14.5558],[120.99829,14.55572],[120.99764,14.55617],[120.99782,14.55671],[120.99736,14.55662]]],[[[120.99299,14.55748],[120.99234,14.55703],[120.99253,14.5564],[120.99337,14.55667],[120.993,14.55631],[120.99328,14.55604],[120.99364,14.55695],[120.99299,14.55748]]],[[[120.9915,14.55747],[120.99141,14.55801],[120.99076,14.55756],[120.99086,14.55729],[120.9915,14.55747]]],[[[120.99169,14.55747],[120.99206,14.55702],[120.99262,14.55748],[120.99169,14.55747]]],[[[120.99123,14.55693],[120.99104,14.55711],[120.99105,14.55684],[120.99123,14.55693]]],[[[120.99216,14.55684],[120.99197,14.55675],[120.99216,14.55666],[120.99216,14.55684]]],[[[120.99142,14.55666],[120.99179,14.55684],[120.99142,14.55684],[120.99142,14.55666]]],[[[120.9903,14.55737],[120.99039,14.55791],[120.9902,14.55791],[120.9903,14.55737]]],[[[120.99131,14.55837],[120.99215,14.55829],[120.99224,14.55775],[120.99289,14.55803],[120.99232,14.55947],[120.99102,14.55918],[120.99037,14.55963],[120.9902,14.55845],[120.99085,14.55792],[120.99131,14.55837]]],[[[120.9901,14.55827],[120.98982,14.55926],[120.98954,14.55935],[120.98973,14.55827],[120.9901,14.55827]]],[[[120.98918,14.55845],[120.98927,14.55863],[120.98917,14.55863],[120.98918,14.55845]]],[[[120.98991,14.55927],[120.99028,14.55972],[120.98972,14.5599],[120.98972,14.55953],[120.98991,14.55927]]],[[[120.98935,14.55953],[120.98963,14.55971],[120.98944,14.5598],[120.98935,14.55953]]],[[[120.99445,14.55994],[120.99463,14.56012],[120.99445,14.56012],[120.99445,14.55994]]],[[[120.99315,14.55993],[120.99324,14.56029],[120.99306,14.56029],[120.99315,14.55993]]],[[[120.99204,14.56028],[120.99222,14.56046],[120.99203,14.56046],[120.99204,14.56028]]],[[[120.99055,14.56036],[120.99064,14.56045],[120.99055,14.56045],[120.99055,14.56036]]],[[[120.99083,14.56045],[120.99074,14.56036],[120.99083,14.56036],[120.99083,14.56045]]],[[[120.9975,14.56078],[120.99806,14.56051],[120.99806,14.56078],[120.9975,14.56078]]],[[[120.99445,14.56048],[120.99454,14.56057],[120.99444,14.56057],[120.99445,14.56048]]],[[[120.99064,14.56054],[120.99194,14.56091],[120.99165,14.56172],[120.99026,14.56135],[120.99064,14.56054]]],[[[120.98868,14.56151],[120.98877,14.5617],[120.98868,14.56169],[120.98868,14.56151]]],[[[120.98915,14.56179],[120.98896,14.56161],[120.98915,14.56161],[120.98915,14.56179]]],[[[120.99741,14.56114],[120.99732,14.56096],[120.99741,14.56096],[120.99741,14.56114]]],[[[121.00066,14.56089],[121.00057,14.56062],[121.00066,14.56062],[121.00066,14.56089]]],[[[121.00094,14.56099],[121.00122,14.56045],[121.00131,14.5609],[121.00094,14.56099]]],[[[121.00224,14.56091],[121.00206,14.56027],[121.00224,14.56027],[121.00224,14.56091]]],[[[121.00251,14.56091],[121.00233,14.56073],[121.00251,14.56082],[121.00251,14.56091]]],[[[121.00196,14.56009],[121.00159,14.56045],[121.00197,14.55991],[121.00196,14.56009]]],[[[121.0028,14.56019],[121.00271,14.5601],[121.0028,14.5601],[121.0028,14.56019]]],[[[120.99482,14.56012],[120.995,14.56021],[120.99482,14.56021],[120.99482,14.56012]]],[[[120.99844,14.56033],[120.99825,14.56015],[120.99844,14.56015],[120.99844,14.56033]]],[[[120.99918,14.56043],[120.99909,14.56025],[120.99918,14.56025],[120.99918,14.56043]]],[[[121.00085,14.56026],[121.00076,14.56017],[121.00085,14.56017],[121.00085,14.56026]]],[[[120.99899,14.56016],[120.9989,14.56007],[120.999,14.56007],[120.99899,14.56016]]],[[[120.9989,14.56061],[120.99899,14.56079],[120.9989,14.56079],[120.9989,14.56061]]],[[[120.9912,14.55982],[120.99074,14.55963],[120.9912,14.55973],[120.9912,14.55982]]],[[[120.999,14.5598],[120.99881,14.55961],[120.999,14.55961],[120.999,14.5598]]],[[[121.00178,14.55973],[121.0016,14.55955],[121.00178,14.55955],[121.00178,14.55973]]],[[[121.00067,14.55945],[121.00048,14.55963],[121.00039,14.55945],[121.00067,14.55945]]],[[[121.00002,14.55944],[121.00021,14.55953],[121.00002,14.55953],[121.00002,14.55944]]],[[[120.99436,14.55939],[120.99464,14.55967],[120.99427,14.55966],[120.99436,14.55939]]],[[[120.99845,14.55925],[120.99817,14.55888],[120.99836,14.55889],[120.99845,14.55925]]],[[[120.99966,14.5589],[120.99947,14.55853],[120.99966,14.55854],[120.99966,14.5589]]],[[[120.99455,14.55867],[120.99465,14.55876],[120.99455,14.55876],[120.99455,14.55867]]],[[[120.99492,14.55877],[120.99501,14.55913],[120.99474,14.55913],[120.99492,14.55877]]],[[[120.99474,14.55849],[120.99456,14.55813],[120.99493,14.55804],[120.99474,14.55849]]],[[[120.99743,14.55834],[120.99697,14.55815],[120.99744,14.55816],[120.99743,14.55834]]],[[[120.99975,14.55827],[120.99966,14.55817],[120.99975,14.55817],[120.99975,14.55827]]],[[[121.0005,14.55818],[121.00041,14.558],[121.0005,14.558],[121.0005,14.55818]]],[[[120.99994,14.558],[121.00003,14.55818],[120.99994,14.55818],[120.99994,14.558]]],[[[120.99874,14.5579],[120.99892,14.55826],[120.99864,14.55817],[120.99874,14.5579]]],[[[120.99707,14.55788],[120.99688,14.55779],[120.99707,14.55779],[120.99707,14.55788]]],[[[120.99772,14.55752],[120.99744,14.55716],[120.99754,14.55716],[120.99772,14.55752]]],[[[120.99578,14.55706],[120.99559,14.55669],[120.99625,14.55607],[120.99633,14.55679],[120.99578,14.55706]]],[[[120.99421,14.55605],[120.99458,14.55632],[120.9942,14.55632],[120.99421,14.55605]]],[[[120.99448,14.55668],[120.99457,14.55687],[120.99448,14.55686],[120.99448,14.55668]]],[[[120.99059,14.55611],[120.99086,14.55647],[120.99058,14.55656],[120.99059,14.55611]]],[[[120.99161,14.5563],[120.99133,14.55611],[120.99161,14.55612],[120.99161,14.5563]]],[[[120.99912,14.55681],[120.99903,14.55663],[120.99912,14.55663],[120.99912,14.55681]]],[[[121.00022,14.55845],[121.0004,14.55881],[121.00021,14.5589],[121.00022,14.55845]]],[[[120.99694,14.56158],[120.99703,14.56177],[120.99694,14.56177],[120.99694,14.56158]]],[[[120.99431,14.56509],[120.9944,14.56536],[120.99412,14.56536],[120.99431,14.56509]]],[[[120.9957,14.56546],[120.99579,14.56555],[120.9957,14.56555],[120.9957,14.56546]]],[[[120.98877,14.56188],[120.98914,14.56206],[120.98877,14.56206],[120.98877,14.56188]]],[[[120.98903,14.56378],[120.98913,14.56387],[120.98903,14.56387],[120.98903,14.56378]]],[[[120.98664,14.56204],[120.98673,14.56249],[120.98645,14.56258],[120.98664,14.56204]]],[[[120.98672,14.56276],[120.987,14.56267],[120.98663,14.56285],[120.98672,14.56276]]],[[[120.98719,14.56286],[120.98747,14.5625],[120.98784,14.56259],[120.98765,14.56295],[120.98719,14.56286]]],[[[120.98592,14.55959],[120.98648,14.55951],[120.98647,14.55978],[120.98592,14.55959]]],[[[120.9802,14.55629],[120.98029,14.55647],[120.98019,14.55647],[120.9802,14.55629]]],[[[120.98062,14.55015],[120.98044,14.55033],[120.98044,14.55015],[120.98062,14.55015]]],[[[120.98043,14.5506],[120.98052,14.55069],[120.98043,14.55069],[120.98043,14.5506]]],[[[120.9932,14.54465],[120.99292,14.54447],[120.9932,14.54438],[120.9932,14.54465]]],[[[120.99116,14.54391],[120.99126,14.54328],[120.99145,14.54301],[120.99154,14.54365],[120.99116,14.54391]]],[[[120.99376,14.54339],[120.99358,14.54312],[120.99386,14.54312],[120.99376,14.54339]]],[[[120.99303,14.54248],[120.99256,14.54329],[120.99275,14.54239],[120.99303,14.54248]]],[[[120.99349,14.54294],[120.99349,14.54258],[120.99377,14.54231],[120.99396,14.54258],[120.99349,14.54294]]],[[[120.99155,14.54256],[120.99145,14.54283],[120.99145,14.54256],[120.99155,14.54256]]],[[[120.9895,14.54309],[120.98968,14.54327],[120.9895,14.54327],[120.9895,14.54309]]],[[[120.98885,14.54317],[120.98903,14.54326],[120.98885,14.54326],[120.98885,14.54317]]],[[[120.9894,14.54363],[120.98959,14.54372],[120.9894,14.54372],[120.9894,14.54363]]],[[[120.99042,14.54373],[120.99061,14.54382],[120.99042,14.54382],[120.99042,14.54373]]],[[[120.99164,14.54229],[120.99155,14.54211],[120.99164,14.54211],[120.99164,14.54229]]],[[[120.99442,14.54222],[120.99415,14.54159],[120.99462,14.54159],[120.99442,14.54222]]],[[[120.99489,14.54187],[120.9948,14.54169],[120.99489,14.54169],[120.99489,14.54187]]],[[[120.99183,14.54139],[120.99164,14.54202],[120.99174,14.54139],[120.99183,14.54139]]],[[[120.98914,14.54227],[120.98895,14.54209],[120.98914,14.542],[120.98914,14.54227]]],[[[120.98896,14.54145],[120.98849,14.54208],[120.98868,14.54118],[120.98896,14.54145]]],[[[120.98775,14.54117],[120.98664,14.54143],[120.98674,14.54062],[120.9873,14.54063],[120.98775,14.54117]]],[[[120.98785,14.5409],[120.98767,14.54081],[120.98785,14.54081],[120.98785,14.5409]]],[[[120.98822,14.54064],[120.98813,14.54054],[120.98822,14.54054],[120.98822,14.54064]]],[[[120.98479,14.54052],[120.98488,14.54079],[120.98479,14.54079],[120.98479,14.54052]]],[[[120.98498,14.54079],[120.98535,14.5407],[120.98534,14.54142],[120.98478,14.54214],[120.98498,14.54079]]],[[[120.9847,14.54097],[120.98479,14.54115],[120.98469,14.54115],[120.9847,14.54097]]],[[[120.98561,14.54215],[120.98543,14.5417],[120.98571,14.54179],[120.98561,14.54215]]],[[[120.98617,14.54242],[120.98682,14.5418],[120.98774,14.54235],[120.98617,14.54242]]],[[[120.98515,14.54233],[120.98524,14.54242],[120.98515,14.54242],[120.98515,14.54233]]],[[[120.98357,14.5424],[120.98366,14.54249],[120.98357,14.54249],[120.98357,14.5424]]],[[[120.98533,14.54251],[120.98598,14.54242],[120.98616,14.5427],[120.98607,14.5426],[120.98533,14.54251]]],[[[120.98783,14.54289],[120.98792,14.54298],[120.98783,14.54298],[120.98783,14.54289]]],[[[120.98507,14.54034],[120.98517,14.53971],[120.98536,14.53944],[120.98581,14.54034],[120.98507,14.54034]]],[[[120.98897,14.54019],[120.98889,14.53874],[120.98936,14.53857],[120.98897,14.54019]]],[[[120.98518,14.53835],[120.98527,14.53916],[120.98508,14.53943],[120.98518,14.53835]]],[[[120.99047,14.53849],[120.99038,14.53839],[120.99047,14.5384],[120.99047,14.53849]]],[[[120.98573,14.53971],[120.98582,14.53926],[120.98591,14.53962],[120.98573,14.53971]]],[[[120.98795,14.53973],[120.98749,14.53945],[120.98796,14.5391],[120.98795,14.53973]]],[[[120.98713,14.53891],[120.98694,14.53882],[120.98713,14.53882],[120.98713,14.53891]]],[[[120.98498,14.53979],[120.98508,14.53989],[120.98498,14.53988],[120.98498,14.53979]]],[[[120.98194,14.53814],[120.98213,14.53769],[120.98203,14.53814],[120.98194,14.53814]]],[[[120.99075,14.53804],[120.99057,14.53785],[120.99075,14.53786],[120.99075,14.53804]]],[[[120.98945,14.53784],[120.98918,14.53757],[120.98955,14.53739],[120.98945,14.53784]]],[[[120.99011,14.53767],[120.99001,14.53758],[120.99011,14.53758],[120.99011,14.53767]]],[[[120.98426,14.53744],[120.98389,14.53762],[120.9839,14.5368],[120.98417,14.53735],[120.98427,14.53681],[120.98426,14.53744]]],[[[120.98714,14.53719],[120.98696,14.5371],[120.98714,14.5371],[120.98714,14.53719]]],[[[120.98965,14.53703],[120.98937,14.53676],[120.98965,14.53676],[120.98965,14.53703]]],[[[120.98233,14.53616],[120.98149,14.53597],[120.98113,14.5347],[120.9816,14.53416],[120.98225,14.5348],[120.98253,14.53417],[120.98309,14.53418],[120.98344,14.53617],[120.98296,14.53743],[120.98139,14.53678],[120.98111,14.53705],[120.98103,14.53615],[120.98233,14.53616]]],[[[120.98056,14.53623],[120.98001,14.53614],[120.98002,14.53514],[120.98085,14.53506],[120.98056,14.53623]]],[[[120.98733,14.53656],[120.98706,14.5362],[120.98743,14.53629],[120.98733,14.53656]]],[[[120.98863,14.53639],[120.98845,14.5363],[120.98863,14.5363],[120.98863,14.53639]]],[[[120.99105,14.53632],[120.99077,14.53614],[120.99105,14.53614],[120.99105,14.53632]]],[[[120.98799,14.53611],[120.98808,14.53621],[120.98799,14.53621],[120.98799,14.53611]]],[[[120.9839,14.53626],[120.98409,14.53644],[120.9839,14.53644],[120.9839,14.53626]]],[[[120.98622,14.53637],[120.98613,14.53628],[120.98622,14.53628],[120.98622,14.53637]]],[[[120.98382,14.53481],[120.98456,14.53581],[120.984,14.53608],[120.98354,14.53535],[120.9843,14.53382],[120.98447,14.53464],[120.98382,14.53481]]],[[[120.98465,14.53527],[120.98558,14.53519],[120.98558,14.53573],[120.98474,14.53564],[120.98465,14.53527]]],[[[120.9905,14.53478],[120.99078,14.53524],[120.99143,14.53488],[120.99207,14.53552],[120.9919,14.5347],[120.99247,14.53308],[120.99163,14.53307],[120.99109,14.53171],[120.98979,14.53134],[120.99044,14.53198],[120.99061,14.53334],[120.9906,14.53379],[120.98986,14.53396],[120.99079,14.53397],[120.99115,14.53452],[120.9905,14.53478]]],[[[120.99041,14.5346],[120.99069,14.53469],[120.9906,14.53451],[120.99041,14.5346]]],[[[120.98348,14.53156],[120.9845,14.53166],[120.98441,14.53111],[120.98478,14.53112],[120.98421,14.53292],[120.9831,14.53291],[120.98348,14.53156]]],[[[120.98579,14.5332],[120.98616,14.53285],[120.98606,14.53321],[120.98579,14.5332]]],[[[120.98467,14.53319],[120.9843,14.53373],[120.98393,14.53337],[120.98421,14.53301],[120.98467,14.53319]]],[[[120.98077,14.5337],[120.98076,14.53461],[120.98021,14.5346],[120.98012,14.53406],[120.98077,14.5337]]],[[[120.98318,14.53409],[120.98281,14.5339],[120.98318,14.53372],[120.98318,14.53409]]],[[[120.98448,14.53419],[120.98458,14.53365],[120.98457,14.53419],[120.98448,14.53419]]],[[[120.98605,14.53438],[120.98624,14.53411],[120.98615,14.53438],[120.98605,14.53438]]],[[[120.98661,14.53448],[120.9868,14.5343],[120.98679,14.53448],[120.98661,14.53448]]],[[[120.98468,14.53274],[120.98459,14.53256],[120.98468,14.53256],[120.98468,14.53274]]],[[[120.98885,14.53269],[120.98867,14.5326],[120.98885,14.5326],[120.98885,14.53269]]],[[[120.98923,14.53206],[120.98858,14.53251],[120.98849,14.53214],[120.98923,14.53206]]],[[[120.98617,14.53212],[120.98635,14.53231],[120.98617,14.5323],[120.98617,14.53212]]],[[[120.98995,14.53451],[120.99013,14.53469],[120.98995,14.53469],[120.98995,14.53451]]],[[[120.98642,14.53466],[120.98661,14.53475],[120.98642,14.53475],[120.98642,14.53466]]],[[[120.98845,14.53603],[120.98817,14.53594],[120.98845,14.53594],[120.98845,14.53603]]],[[[120.99198,14.53597],[120.99188,14.53588],[120.99198,14.53588],[120.99198,14.53597]]],[[[120.9879,14.53584],[120.98799,14.53593],[120.98789,14.53593],[120.9879,14.53584]]],[[[120.98219,14.531],[120.982,14.53082],[120.98228,14.53082],[120.98219,14.531]]],[[[120.98006,14.53044],[120.98052,14.53036],[120.98052,14.53072],[120.98015,14.53081],[120.98006,14.53044]]],[[[120.98469,14.53075],[120.9846,14.53066],[120.9847,14.53066],[120.98469,14.53075]]],[[[120.98766,14.53132],[120.98757,14.53123],[120.98766,14.53123],[120.98766,14.53132]]],[[[120.9952,14.53907],[120.9952,14.5388],[120.99529,14.53907],[120.9952,14.53907]]],[[[120.99418,14.5387],[120.99427,14.53879],[120.99427,14.5387],[120.99418,14.5387]]],[[[120.99418,14.53888],[120.99408,14.53879],[120.99408,14.53888],[120.99418,14.53888]]],[[[120.99399,14.5387],[120.99381,14.53842],[120.99399,14.53852],[120.99399,14.5387]]],[[[120.99318,14.53679],[120.99327,14.53625],[120.99364,14.53652],[120.99318,14.53679]]],[[[120.99438,14.53662],[120.99429,14.53653],[120.99438,14.53653],[120.99438,14.53662]]],[[[120.99513,14.53572],[120.99569,14.53609],[120.99551,14.53509],[120.99597,14.53519],[120.99635,14.53456],[120.99533,14.53428],[120.99523,14.53509],[120.99458,14.535],[120.99467,14.5359],[120.99504,14.53608],[120.99513,14.53572]]],[[[120.99487,14.53446],[120.99515,14.53428],[120.99487,14.53428],[120.99487,14.53446]]],[[[120.99366,14.53436],[120.99384,14.53463],[120.99357,14.53463],[120.99366,14.53436]]],[[[120.99421,14.5349],[120.9943,14.53536],[120.99421,14.53563],[120.99402,14.53562],[120.99375,14.53499],[120.99421,14.5349]]],[[[120.9944,14.53427],[120.99422,14.53409],[120.99441,14.53409],[120.9944,14.53427]]],[[[120.99367,14.53336],[120.99386,14.53255],[120.99433,14.53255],[120.99423,14.53319],[120.99367,14.53336]]],[[[120.99535,14.53202],[120.99526,14.53193],[120.99535,14.53193],[120.99535,14.53202]]],[[[120.99452,14.5312],[120.99527,14.53121],[120.99517,14.53166],[120.99498,14.53175],[120.99452,14.5312]]],[[[120.99009,14.52945],[120.99064,14.52936],[120.99037,14.52918],[120.99057,14.52746],[120.99029,14.52755],[120.99057,14.52683],[120.98984,14.52628],[120.98993,14.52583],[120.98919,14.52573],[120.98956,14.52673],[120.98844,14.52672],[120.98799,14.52509],[120.98707,14.52481],[120.98976,14.52492],[120.99051,14.52321],[120.9905,14.52493],[120.99189,14.5253],[120.99049,14.52547],[120.99105,14.52611],[120.99049,14.52638],[120.99113,14.52647],[120.99114,14.52602],[120.99151,14.52602],[120.9916,14.52657],[120.99179,14.52576],[120.99318,14.52604],[120.99318,14.5264],[120.99216,14.5263],[120.99317,14.52685],[120.9928,14.52721],[120.99316,14.52776],[120.99297,14.5292],[120.99334,14.5292],[120.99344,14.52776],[120.99372,14.52749],[120.99342,14.53056],[120.99277,14.52983],[120.99148,14.52982],[120.99128,14.53045],[120.98998,14.53053],[120.99009,14.52945]]],[[[120.98851,14.52961],[120.98813,14.53033],[120.98776,14.53024],[120.98814,14.52934],[120.98851,14.52961]]],[[[120.98591,14.52923],[120.98508,14.52976],[120.98508,14.52877],[120.98434,14.52931],[120.98434,14.52858],[120.98564,14.52859],[120.98545,14.52913],[120.98592,14.52887],[120.98591,14.52923]]],[[[120.98619,14.52905],[120.9861,14.52887],[120.9862,14.52887],[120.98619,14.52905]]],[[[120.98648,14.52869],[120.98657,14.52815],[120.98704,14.52824],[120.98685,14.52869],[120.98648,14.52869]]],[[[120.98305,14.52803],[120.98314,14.5283],[120.98296,14.52821],[120.98305,14.52803]]],[[[120.9847,14.52967],[120.98489,14.52985],[120.9847,14.53003],[120.9847,14.52967]]],[[[120.9898,14.53035],[120.98971,14.53017],[120.9898,14.53017],[120.9898,14.53035]]],[[[120.98971,14.53053],[120.9898,14.53062],[120.98971,14.53062],[120.98971,14.53053]]],[[[120.99373,14.52713],[120.99354,14.52685],[120.99373,14.52649],[120.99373,14.52713]]],[[[120.99326,14.52694],[120.99336,14.52712],[120.99326,14.52712],[120.99326,14.52694]]],[[[120.99373,14.52631],[120.99364,14.52613],[120.99374,14.52613],[120.99373,14.52631]]],[[[120.99365,14.52568],[120.99358,14.52324],[120.99376,14.52324],[120.99384,14.52532],[120.99365,14.52568]]],[[[120.99467,14.52506],[120.9944,14.52487],[120.99467,14.52497],[120.99467,14.52506]]],[[[120.99487,14.52397],[120.99468,14.52388],[120.99487,14.52388],[120.99487,14.52397]]],[[[120.9931,14.52486],[120.99312,14.52269],[120.992,14.52277],[120.99136,14.52232],[120.99098,14.52322],[120.99153,14.52331],[120.99182,14.52277],[120.99209,14.5235],[120.99228,14.52314],[120.99198,14.52503],[120.9931,14.52486]]],[[[120.99321,14.52279],[120.9933,14.52288],[120.9933,14.52279],[120.99321,14.52279]]],[[[120.99247,14.52251],[120.99164,14.52205],[120.99155,14.52151],[120.99145,14.52214],[120.99099,14.52195],[120.99137,14.5206],[120.99332,14.52071],[120.99321,14.52215],[120.99247,14.52251]]],[[[120.9934,14.52224],[120.99331,14.52215],[120.9934,14.52215],[120.9934,14.52224]]],[[[120.99479,14.52199],[120.9947,14.5218],[120.99479,14.5218],[120.99479,14.52199]]],[[[120.99461,14.52189],[120.99396,14.52198],[120.99433,14.52189],[120.99396,14.52162],[120.99461,14.52126],[120.99461,14.52189]]],[[[120.99369,14.52125],[120.99359,14.52152],[120.99359,14.52125],[120.99369,14.52125]]],[[[120.99461,14.52117],[120.99443,14.52108],[120.99462,14.52108],[120.99461,14.52117]]],[[[120.98878,14.52031],[120.98867,14.52202],[120.98802,14.52202],[120.9882,14.52274],[120.98746,14.52265],[120.98746,14.52201],[120.98709,14.52201],[120.98698,14.52373],[120.98588,14.52335],[120.98653,14.52318],[120.98672,14.52228],[120.98551,14.52254],[120.98553,14.521],[120.98701,14.52102],[120.98646,14.52029],[120.98702,14.51984],[120.98675,14.51939],[120.98962,14.51995],[120.98878,14.52031]]],[[[120.98628,14.51956],[120.98646,14.51984],[120.98609,14.51983],[120.98628,14.51956]]],[[[120.98581,14.51983],[120.98591,14.51992],[120.98581,14.51992],[120.98581,14.51983]]],[[[120.98664,14.52065],[120.98627,14.52083],[120.98572,14.52046],[120.98609,14.52019],[120.98664,14.52065]]],[[[120.98367,14.52144],[120.98375,14.52234],[120.98319,14.5227],[120.98311,14.52125],[120.98367,14.52144]]],[[[120.98393,14.52271],[120.98422,14.52217],[120.9844,14.52217],[120.98458,14.52271],[120.98393,14.52271]]],[[[120.98467,14.52307],[120.98505,14.52281],[120.98514,14.52308],[120.98467,14.52307]]],[[[120.98365,14.52316],[120.98374,14.52325],[120.98365,14.52325],[120.98365,14.52316]]],[[[120.98477,14.52217],[120.98468,14.52226],[120.98477,14.52226],[120.98477,14.52217]]],[[[120.98459,14.52217],[120.98468,14.52208],[120.98459,14.52208],[120.98459,14.52217]]],[[[120.98486,14.52226],[120.98477,14.52235],[120.98486,14.52235],[120.98486,14.52226]]],[[[120.98384,14.52325],[120.98402,14.52334],[120.98383,14.52334],[120.98384,14.52325]]],[[[120.98383,14.52379],[120.98411,14.52397],[120.98374,14.52397],[120.98383,14.52379]]],[[[120.98503,14.52416],[120.98513,14.52389],[120.98522,14.52416],[120.98503,14.52416]]],[[[120.98837,14.52464],[120.98895,14.52185],[120.99016,14.52186],[120.98985,14.52456],[120.98837,14.52464]]],[[[120.99115,14.52485],[120.99106,14.52494],[120.99115,14.52494],[120.99115,14.52485]]],[[[120.99096,14.52484],[120.99106,14.52475],[120.99096,14.52475],[120.99096,14.52484]]],[[[120.99254,14.52513],[120.99245,14.52504],[120.99254,14.52504],[120.99254,14.52513]]],[[[120.99217,14.52531],[120.99235,14.5254],[120.99216,14.5254],[120.99217,14.52531]]],[[[120.99179,14.52557],[120.99188,14.52567],[120.99179,14.52566],[120.99179,14.52557]]],[[[120.98531,14.5248],[120.98521,14.52507],[120.98521,14.5248],[120.98531,14.5248]]],[[[120.98484,14.52488],[120.98465,14.52506],[120.98466,14.52488],[120.98484,14.52488]]],[[[120.98511,14.5257],[120.9852,14.52579],[120.98511,14.52579],[120.98511,14.5257]]],[[[120.98501,14.52642],[120.9851,14.5266],[120.98501,14.5266],[120.98501,14.52642]]],[[[120.98752,14.52662],[120.98779,14.52681],[120.98751,14.52698],[120.98752,14.52662]]],[[[120.98927,14.52736],[120.98993,14.52673],[120.98983,14.52746],[120.98927,14.52736]]],[[[120.98816,14.52717],[120.98798,14.52699],[120.98816,14.52699],[120.98816,14.52717]]],[[[120.98686,14.52716],[120.98705,14.52734],[120.98686,14.52734],[120.98686,14.52716]]],[[[120.98538,14.52724],[120.98565,14.52742],[120.98537,14.52742],[120.98538,14.52724]]],[[[120.98593,14.52751],[120.98584,14.52733],[120.98593,14.52733],[120.98593,14.52751]]],[[[120.9837,14.52749],[120.9838,14.52767],[120.9837,14.52767],[120.9837,14.52749]]],[[[120.9901,14.52764],[120.99001,14.52728],[120.99011,14.52728],[120.9901,14.52764]]],[[[120.98973,14.52754],[120.98983,14.52764],[120.98973,14.52764],[120.98973,14.52754]]],[[[120.98779,14.52735],[120.9876,14.52726],[120.98779,14.52726],[120.98779,14.52735]]],[[[120.98816,14.52681],[120.98798,14.52663],[120.98816,14.52663],[120.98816,14.52681]]],[[[120.98648,14.52779],[120.98658,14.52797],[120.98648,14.52797],[120.98648,14.52779]]],[[[120.97978,14.52005],[120.97969,14.51978],[120.97988,14.51978],[120.97978,14.52005]]],[[[120.9938,14.51845],[120.99371,14.51836],[120.99381,14.51836],[120.9938,14.51845]]],[[[120.98611,14.51821],[120.98601,14.51848],[120.98573,14.51847],[120.98611,14.51821]]],[[[120.98629,14.51821],[120.98602,14.51766],[120.98596,14.51396],[120.9855,14.5135],[120.98606,14.51369],[120.98614,14.51432],[120.98707,14.51442],[120.98623,14.51532],[120.98612,14.51649],[120.98705,14.51677],[120.98713,14.5174],[120.98797,14.5175],[120.98629,14.51821]]],[[[120.98772,14.5147],[120.98762,14.5146],[120.98772,14.51461],[120.98772,14.5147]]],[[[120.98744,14.51424],[120.98726,14.51415],[120.98744,14.51415],[120.98744,14.51424]]],[[[120.98772,14.51415],[120.98763,14.51361],[120.988,14.51361],[120.98782,14.5137],[120.98772,14.51415]]],[[[120.98615,14.51369],[120.98633,14.51387],[120.98615,14.51387],[120.98615,14.51369]]],[[[120.98707,14.51397],[120.98735,14.51379],[120.98735,14.51397],[120.98707,14.51397]]],[[[120.9868,14.51387],[120.98689,14.51397],[120.98679,14.51396],[120.9868,14.51387]]],[[[120.9842,14.51412],[120.9828,14.51483],[120.98568,14.51386],[120.98457,14.51395],[120.98531,14.51368],[120.98457,14.51367],[120.98421,14.51304],[120.98309,14.51321],[120.98345,14.51421],[120.98383,14.51394],[120.9842,14.51412]]],[[[120.98271,14.51465],[120.98289,14.51456],[120.98271,14.51447],[120.98271,14.51465]]],[[[120.98671,14.51324],[120.98662,14.51315],[120.98671,14.51315],[120.98671,14.51324]]],[[[120.98318,14.5142],[120.98271,14.51402],[120.98263,14.5133],[120.98281,14.5133],[120.98318,14.5142]]],[[[120.9779,14.51326],[120.9778,14.51344],[120.97771,14.51343],[120.9779,14.51326]]],[[[120.98161,14.51338],[120.98151,14.51329],[120.98161,14.51329],[120.98161,14.51338]]],[[[120.98262,14.51402],[120.98234,14.51429],[120.98216,14.51347],[120.98262,14.51402]]],[[[120.98151,14.51401],[120.98178,14.51455],[120.98094,14.51563],[120.98057,14.51527],[120.98067,14.514],[120.98151,14.51401]]],[[[120.979,14.51399],[120.97919,14.51408],[120.979,14.51417],[120.979,14.51399]]],[[[120.97808,14.51398],[120.97817,14.51407],[120.97807,14.51407],[120.97808,14.51398]]],[[[120.97891,14.51453],[120.98021,14.514],[120.97992,14.51553],[120.97891,14.51453]]],[[[120.98065,14.51617],[120.98084,14.51626],[120.98084,14.51617],[120.98065,14.51617]]],[[[120.98065,14.51635],[120.98056,14.51626],[120.98056,14.51635],[120.98065,14.51635]]],[[[120.98093,14.51599],[120.98102,14.51617],[120.98112,14.51599],[120.98093,14.51599]]],[[[120.98112,14.5159],[120.98121,14.516],[120.98121,14.5159],[120.98112,14.5159]]],[[[120.98131,14.51572],[120.9814,14.51591],[120.98149,14.51573],[120.98131,14.51572]]],[[[120.98149,14.51573],[120.98186,14.51564],[120.98205,14.51537],[120.98168,14.51546],[120.98149,14.51573]]],[[[120.98205,14.51537],[120.98252,14.51519],[120.98261,14.51492],[120.98243,14.51492],[120.98205,14.51537]]],[[[120.98056,14.51599],[120.98065,14.51608],[120.98065,14.51599],[120.98056,14.51599]]],[[[120.98056,14.51617],[120.98047,14.51608],[120.98047,14.51617],[120.98056,14.51617]]],[[[120.98066,14.5159],[120.98075,14.51599],[120.98075,14.5159],[120.98066,14.5159]]],[[[120.98083,14.51662],[120.9812,14.51672],[120.98083,14.51671],[120.98083,14.51662]]],[[[120.97934,14.51724],[120.97925,14.51751],[120.97916,14.51697],[120.97934,14.51724]]],[[[120.98175,14.51772],[120.98184,14.5179],[120.98175,14.5179],[120.98175,14.51772]]],[[[120.98537,14.51802],[120.98546,14.51775],[120.98555,14.51793],[120.98537,14.51802]]],[[[120.98453,14.51828],[120.98471,14.51847],[120.98453,14.51846],[120.98453,14.51828]]],[[[120.9849,14.51838],[120.98481,14.51829],[120.9849,14.51829],[120.9849,14.51838]]],[[[120.97939,14.51246],[120.9793,14.51236],[120.97939,14.51236],[120.97939,14.51246]]],[[[120.9793,14.512],[120.9792,14.51218],[120.9793,14.51218],[120.9793,14.512]]],[[[120.97893,14.51209],[120.97921,14.51191],[120.97884,14.51182],[120.97893,14.51209]]],[[[120.9806,14.51174],[120.98051,14.51165],[120.9806,14.51165],[120.9806,14.51174]]],[[[120.98042,14.5112],[120.98051,14.51129],[120.98051,14.5112],[120.98042,14.5112]]],[[[120.98032,14.51147],[120.98005,14.51129],[120.98005,14.51147],[120.98032,14.51147]]],[[[120.98875,14.51308],[120.98857,14.51299],[120.98875,14.51299],[120.98875,14.51308]]],[[[120.98885,14.5129],[120.98838,14.51262],[120.98885,14.51281],[120.98885,14.5129]]],[[[120.98662,14.51261],[120.98671,14.5127],[120.98662,14.5127],[120.98662,14.51261]]],[[[120.98821,14.5119],[120.98812,14.51145],[120.9883,14.51145],[120.98858,14.51172],[120.98821,14.5119]]],[[[120.98737,14.5118],[120.98746,14.51189],[120.98737,14.51189],[120.98737,14.5118]]],[[[120.99615,14.53655],[120.99642,14.53682],[120.99624,14.53691],[120.99615,14.53655]]],[[[120.99555,14.5407],[120.99528,14.54051],[120.99555,14.54052],[120.99555,14.5407]]],[[[120.99648,14.54098],[120.99638,14.54116],[120.99629,14.54098],[120.99648,14.54098]]],[[[120.99192,14.55214],[120.99211,14.55233],[120.99192,14.55223],[120.99192,14.55214]]],[[[120.99775,14.55382],[120.99757,14.55373],[120.99775,14.55373],[120.99775,14.55382]]],[[[120.9974,14.55228],[120.99712,14.5521],[120.9974,14.55201],[120.9974,14.55228]]],[[[120.9969,14.57604],[120.99709,14.57623],[120.9969,14.57622],[120.9969,14.57604]]],[[[121.00014,14.57752],[121.00004,14.57743],[121.00014,14.57743],[121.00014,14.57752]]],[[[120.99977,14.57724],[120.99977,14.57688],[120.99931,14.57706],[120.9994,14.57661],[121.00005,14.5767],[120.99977,14.57724]]],[[[120.99913,14.57651],[120.99884,14.57678],[120.99885,14.57651],[120.99913,14.57651]]],[[[120.99996,14.57634],[121.00015,14.57616],[121.00024,14.57634],[120.99996,14.57634]]],[[[120.99886,14.57552],[120.99867,14.57534],[120.99886,14.57534],[120.99886,14.57552]]],[[[121.0034,14.59607],[121.00322,14.59616],[121.0034,14.59616],[121.0034,14.59607]]],[[[120.98392,14.59527],[120.98318,14.59508],[120.98299,14.59544],[120.98391,14.59617],[120.98411,14.59527],[120.98513,14.59492],[120.98439,14.59491],[120.98384,14.594],[120.98346,14.59481],[120.98392,14.59527]]],[[[120.98411,14.59509],[120.9842,14.59518],[120.98411,14.59518],[120.98411,14.59509]]],[[[120.98364,14.59527],[120.98346,14.59518],[120.98365,14.59518],[120.98364,14.59527]]],[[[121.00758,14.5962],[121.00739,14.5961],[121.00739,14.59619],[121.00758,14.5962]]],[[[121.01083,14.59613],[121.01036,14.59613],[121.01036,14.59622],[121.01083,14.59613]]],[[[121.00118,14.59614],[121.00145,14.59623],[121.00145,14.59614],[121.00118,14.59614]]],[[[120.97761,14.59522],[120.97789,14.59531],[120.97864,14.5945],[120.97901,14.59459],[120.97919,14.59496],[120.97854,14.59495],[120.97872,14.5955],[120.97956,14.59568],[120.98003,14.59515],[120.98011,14.59614],[120.98057,14.59624],[120.98179,14.59507],[120.98096,14.59461],[120.98058,14.59515],[120.9803,14.59524],[120.9805,14.5947],[120.97976,14.59442],[120.98004,14.59424],[120.97987,14.59243],[120.97902,14.59324],[120.97911,14.59369],[120.97874,14.59351],[120.97827,14.59405],[120.97726,14.59368],[120.97716,14.59413],[120.97781,14.5944],[120.97753,14.59476],[120.97761,14.59522]]],[[[120.97995,14.59343],[120.97976,14.59379],[120.97949,14.59342],[120.97995,14.59343]]],[[[120.98012,14.59497],[120.98031,14.59506],[120.98012,14.59506],[120.98012,14.59497]]],[[[120.979,14.59541],[120.97947,14.59514],[120.97965,14.59541],[120.979,14.59541]]],[[[120.98142,14.59534],[120.98151,14.59552],[120.98142,14.59552],[120.98142,14.59534]]],[[[121.00349,14.59616],[121.0034,14.59625],[121.00349,14.59625],[121.00349,14.59616]]],[[[121.00739,14.59628],[121.00721,14.59619],[121.00721,14.59628],[121.00739,14.59628]]],[[[121.01036,14.59631],[121.01018,14.59622],[121.01017,14.59631],[121.01036,14.59631]]],[[[121.00117,14.59632],[121.00108,14.59623],[121.00108,14.59632],[121.00117,14.59632]]],[[[121.00164,14.59633],[121.00155,14.59623],[121.00154,14.59633],[121.00164,14.59633]]],[[[121.00182,14.59633],[121.00192,14.59624],[121.00182,14.59624],[121.00182,14.59633]]],[[[121.00368,14.59634],[121.00359,14.59625],[121.00359,14.59634],[121.00368,14.59634]]],[[[121.00711,14.59637],[121.00702,14.59628],[121.00702,14.59637],[121.00711,14.59637]]],[[[121.01017,14.5964],[121.00999,14.59631],[121.00999,14.5964],[121.01017,14.5964]]],[[[121.00108,14.59641],[121.00099,14.59632],[121.00099,14.59641],[121.00108,14.59641]]],[[[121.00201,14.59633],[121.00191,14.59642],[121.00201,14.59642],[121.00201,14.59633]]],[[[121.00377,14.59643],[121.00396,14.59635],[121.00377,14.59634],[121.00377,14.59643]]],[[[121.00674,14.59637],[121.00693,14.59646],[121.00693,14.59637],[121.00674,14.59637]]],[[[121.00999,14.59649],[121.0098,14.5964],[121.0098,14.59649],[121.00999,14.59649]]],[[[121.00099,14.5965],[121.0008,14.59641],[121.0008,14.5965],[121.00099,14.5965]]],[[[121.0021,14.59642],[121.00201,14.59651],[121.0021,14.59651],[121.0021,14.59642]]],[[[121.00405,14.59644],[121.00396,14.59653],[121.00405,14.59653],[121.00405,14.59644]]],[[[121.00674,14.59655],[121.00655,14.59646],[121.00655,14.59655],[121.00674,14.59655]]],[[[121.0098,14.59658],[121.00962,14.59648],[121.00962,14.59657],[121.0098,14.59658]]],[[[121.00219,14.59651],[121.0021,14.5966],[121.00219,14.5966],[121.00219,14.59651]]],[[[121.00442,14.59662],[121.00423,14.59653],[121.00423,14.59662],[121.00442,14.59662]]],[[[120.94299,14.59663],[120.94298,14.59654],[120.94296,14.59663],[120.94299,14.59663]]],[[[121.0059,14.59645],[121.00646,14.59664],[121.00646,14.59655],[121.0059,14.59645]]],[[[121.00961,14.59667],[121.00952,14.59657],[121.00952,14.59666],[121.00961,14.59667]]],[[[121.00228,14.5966],[121.00219,14.59669],[121.00228,14.59669],[121.00228,14.5966]]],[[[120.98326,14.59626],[120.98336,14.59581],[120.98272,14.59535],[120.98196,14.59661],[120.98234,14.59616],[120.98289,14.59653],[120.98326,14.59626]]],[[[121.00572,14.59672],[121.00451,14.59662],[121.00451,14.59671],[121.00572,14.59672]]],[[[121.00924,14.59666],[121.00943,14.59675],[121.00943,14.59666],[121.00924,14.59666]]],[[[121.00238,14.59669],[121.00228,14.59678],[121.00238,14.59678],[121.00238,14.59669]]],[[[120.97259,14.5968],[120.9725,14.59671],[120.9725,14.5968],[120.97259,14.5968]]],[[[121.00924,14.59684],[121.00906,14.59675],[121.00906,14.59684],[121.00924,14.59684]]],[[[121.00024,14.59686],[121.00006,14.59676],[121.00006,14.59685],[121.00024,14.59686]]],[[[121.0008,14.5965],[121.00024,14.59668],[121.00024,14.59677],[121.0008,14.59686],[121.0008,14.5965]]],[[[121.00256,14.59679],[121.00237,14.59687],[121.00256,14.59688],[121.00256,14.59679]]],[[[121.00906,14.59693],[121.00896,14.59684],[121.00896,14.59693],[121.00906,14.59693]]],[[[120.99996,14.59694],[120.99987,14.59685],[120.99987,14.59694],[120.99996,14.59694]]],[[[121.00275,14.59688],[121.00256,14.59697],[121.00275,14.59697],[121.00275,14.59688]]],[[[120.98428,14.59681],[120.98409,14.5969],[120.98428,14.59699],[120.98428,14.59681]]],[[[120.98465,14.59699],[120.98447,14.59681],[120.98446,14.59699],[120.98465,14.59699]]],[[[121.00896,14.59702],[121.00878,14.59693],[121.00878,14.59702],[121.00896,14.59702]]],[[[120.99968,14.59694],[120.99978,14.59703],[120.99978,14.59694],[120.99968,14.59694]]],[[[121.00284,14.59697],[121.00274,14.59706],[121.00284,14.59706],[121.00284,14.59697]]],[[[120.94289,14.59708],[120.94289,14.59693],[120.94286,14.59708],[120.94289,14.59708]]],[[[121.00878,14.59711],[121.0085,14.59702],[121.0085,14.59711],[121.00878,14.59711]]],[[[120.98214,14.59715],[120.98205,14.59706],[120.98205,14.59715],[120.98214,14.59715]]],[[[121.0084,14.59711],[121.00813,14.59719],[121.0084,14.5972],[121.0084,14.59711]]],[[[120.96674,14.59711],[120.96655,14.5972],[120.96674,14.5972],[120.96674,14.59711]]],[[[121.0033,14.59715],[121.00293,14.59724],[121.0033,14.59724],[121.0033,14.59715]]],[[[120.98558,14.59727],[120.98549,14.59601],[120.98429,14.59582],[120.98558,14.59727]]],[[[121.00803,14.59728],[121.00794,14.59719],[121.00794,14.59728],[121.00803,14.59728]]],[[[120.96637,14.59729],[120.96637,14.59702],[120.96627,14.59729],[120.96637,14.59729]]],[[[120.96989,14.59723],[120.9698,14.59732],[120.96989,14.59732],[120.96989,14.59723]]],[[[121.00339,14.59734],[121.00349,14.59725],[121.00339,14.59724],[121.00339,14.59734]]],[[[120.97342,14.59708],[120.97323,14.59717],[120.97342,14.59735],[120.97342,14.59708]]],[[[121.00785,14.59728],[121.00738,14.59737],[121.00785,14.59737],[121.00785,14.59728]]],[[[120.96627,14.59738],[120.96618,14.59728],[120.96618,14.59738],[120.96627,14.59738]]],[[[120.96971,14.59741],[120.96962,14.59713],[120.96952,14.59731],[120.96971,14.59741]]],[[[121.00376,14.59734],[121.00348,14.59743],[121.00376,14.59743],[121.00376,14.59734]]],[[[121.00719,14.59746],[121.0071,14.59737],[121.0071,14.59746],[121.00719,14.59746]]],[[[121.00395,14.59752],[121.00385,14.59743],[121.00385,14.59752],[121.00395,14.59752]]],[[[121.00283,14.59733],[121.00302,14.59751],[121.00302,14.59733],[121.00283,14.59733]]],[[[121.00432,14.59752],[121.00404,14.59761],[121.00432,14.59761],[121.00432,14.59752]]],[[[120.94279,14.59762],[120.9428,14.59737],[120.94274,14.59762],[120.94279,14.59762]]],[[[120.98028,14.59768],[120.98019,14.59759],[120.98019,14.59768],[120.98028,14.59768]]],[[[120.96998,14.59768],[120.96971,14.59741],[120.9698,14.59768],[120.96998,14.59768]]],[[[121.00459,14.59771],[121.00441,14.59761],[121.00441,14.59771],[121.00459,14.59771]]],[[[121.00636,14.59763],[121.00664,14.59772],[121.00664,14.59763],[121.00636,14.59763]]],[[[120.97137,14.59778],[120.97175,14.59688],[120.97129,14.59724],[120.97064,14.59687],[120.97137,14.59778]]],[[[120.98195,14.59742],[120.98167,14.59769],[120.98195,14.59778],[120.98195,14.59742]]],[[[121.00497,14.59771],[121.00469,14.5978],[121.00496,14.5978],[121.00497,14.59771]]],[[[121.00636,14.59781],[121.00617,14.59772],[121.00617,14.59781],[121.00636,14.59781]]],[[[121.0071,14.59782],[121.00692,14.59755],[121.00682,14.59773],[121.0071,14.59782]]],[[[120.96674,14.5972],[120.96655,14.59765],[120.96609,14.59737],[120.96599,14.59773],[120.96664,14.59774],[120.96674,14.5972]]],[[[120.98501,14.5979],[120.98492,14.59772],[120.98483,14.5979],[120.98501,14.5979]]],[[[121.00608,14.59781],[121.00506,14.59789],[121.00608,14.5979],[121.00608,14.59781]]],[[[120.9723,14.59806],[120.97221,14.59797],[120.97221,14.59806],[120.9723,14.59806]]],[[[120.9427,14.59807],[120.9427,14.59781],[120.94264,14.59807],[120.9427,14.59807]]],[[[120.96914,14.59794],[120.9697,14.59795],[120.96961,14.59768],[120.96914,14.59794]]],[[[120.98186,14.59814],[120.98158,14.59787],[120.98149,14.59805],[120.98186,14.59814]]],[[[120.9426,14.59825],[120.9426,14.5982],[120.94251,14.59825],[120.9426,14.59825]]],[[[120.98009,14.59822],[120.98074,14.59822],[120.98074,14.59804],[120.98009,14.59822]]],[[[120.96348,14.59844],[120.96339,14.59834],[120.96339,14.59844],[120.96348,14.59844]]],[[[120.97805,14.59847],[120.97786,14.5982],[120.97777,14.59838],[120.97805,14.59847]]],[[[120.96895,14.59848],[120.96886,14.59839],[120.96886,14.59848],[120.96895,14.59848]]],[[[120.97267,14.59852],[120.97248,14.5986],[120.97266,14.5987],[120.97267,14.59852]]],[[[120.9812,14.59877],[120.98111,14.59868],[120.98111,14.59877],[120.9812,14.59877]]],[[[120.98074,14.59886],[120.98064,14.59877],[120.98064,14.59886],[120.98074,14.59886]]],[[[120.98537,14.5989],[120.98565,14.59872],[120.98528,14.59863],[120.98537,14.5989]]],[[[120.96347,14.59898],[120.96292,14.59861],[120.96283,14.59888],[120.96347,14.59898]]],[[[120.9696,14.59903],[120.96951,14.59885],[120.96951,14.59903],[120.9696,14.59903]]],[[[120.98008,14.59912],[120.9799,14.59885],[120.97981,14.59903],[120.98008,14.59912]]],[[[120.95568,14.59927],[120.9554,14.59909],[120.95531,14.59927],[120.95568,14.59927]]],[[[120.98064,14.59931],[120.98045,14.59913],[120.98045,14.59931],[120.98064,14.59931]]],[[[120.9695,14.59948],[120.96932,14.5993],[120.96932,14.59948],[120.9695,14.59948]]],[[[120.99196,14.5995],[120.99187,14.5994],[120.99187,14.5995],[120.99196,14.5995]]],[[[120.98017,14.59958],[120.98008,14.59939],[120.98008,14.59957],[120.98017,14.59958]]],[[[120.97943,14.59948],[120.97906,14.59957],[120.97943,14.59966],[120.97943,14.59948]]],[[[120.9605,14.59977],[120.96041,14.59922],[120.95995,14.59931],[120.95994,14.59976],[120.9605,14.59977]]],[[[120.97107,14.59995],[120.97109,14.59823],[120.96961,14.59831],[120.97053,14.59895],[120.96988,14.59903],[120.96978,14.59948],[120.97062,14.59922],[120.97107,14.59995]]],[[[120.98017,14.59994],[120.98054,14.59985],[120.98017,14.59976],[120.98017,14.59994]]],[[[120.96309,14.60006],[120.96328,14.5997],[120.96394,14.59934],[120.96301,14.59925],[120.96309,14.60006]]],[[[121.00309,14.60013],[121.00318,14.60004],[121.00309,14.60004],[121.00309,14.60013]]],[[[120.96653,14.6],[120.96625,14.60018],[120.96653,14.60018],[120.96653,14.6]]],[[[121.00327,14.60014],[121.00318,14.60032],[121.00327,14.60032],[121.00327,14.60014]]],[[[120.97033,14.60048],[120.97061,14.60022],[120.97033,14.60012],[120.97033,14.60048]]],[[[120.97088,14.60049],[120.9707,14.6004],[120.9707,14.60049],[120.97088,14.60049]]],[[[121.00401,14.60041],[121.00392,14.6005],[121.00429,14.60051],[121.00401,14.60041]]],[[[121.00466,14.6006],[121.00522,14.60006],[121.00467,14.59979],[121.00466,14.6006]]],[[[121.00522,14.6006],[121.00513,14.60051],[121.00513,14.6006],[121.00522,14.6006]]],[[[120.93887,14.60049],[120.93915,14.60042],[120.93915,14.60039],[120.93887,14.60049]]],[[[120.93876,14.60066],[120.93868,14.60066],[120.93868,14.60071],[120.93876,14.60066]]],[[[120.97933,14.60083],[120.97979,14.60057],[120.97942,14.60038],[120.97933,14.60083]]],[[[120.93861,14.60075],[120.9385,14.60071],[120.93802,14.60101],[120.93861,14.60075]]],[[[120.97774,14.60118],[120.97737,14.60136],[120.97784,14.60136],[120.97774,14.60118]]],[[[120.98025,14.60138],[120.97997,14.60111],[120.97988,14.60129],[120.98025,14.60138]]],[[[120.95501,14.60143],[120.95492,14.60134],[120.95491,14.60143],[120.95501,14.60143]]],[[[120.96336,14.6016],[120.96327,14.60151],[120.96326,14.6016],[120.96336,14.6016]]],[[[120.93718,14.60164],[120.9371,14.60164],[120.9371,14.60169],[120.93718,14.60164]]],[[[120.93703,14.60173],[120.93691,14.60173],[120.93691,14.6018],[120.93703,14.60173]]],[[[120.96224,14.60186],[120.96215,14.60159],[120.96206,14.60186],[120.96224,14.60186]]],[[[120.93689,14.60182],[120.93682,14.60182],[120.93682,14.60186],[120.93689,14.60182]]],[[[120.93674,14.60191],[120.93663,14.60191],[120.93663,14.60198],[120.93674,14.60191]]],[[[120.97774,14.60217],[120.97764,14.60208],[120.97764,14.60217],[120.97774,14.60217]]],[[[120.97913,14.6021],[120.98024,14.60211],[120.98043,14.60175],[120.97895,14.60146],[120.97913,14.6021]]],[[[120.97412,14.60223],[120.97403,14.60142],[120.97366,14.60133],[120.97412,14.60223]]],[[[120.97764,14.60226],[120.97755,14.60217],[120.97755,14.60226],[120.97764,14.60226]]],[[[120.97727,14.60244],[120.97792,14.602],[120.97765,14.60172],[120.97727,14.60244]]],[[[120.9808,14.60238],[120.98173,14.60212],[120.98127,14.60175],[120.9808,14.60238]]],[[[120.95444,14.60251],[120.95491,14.60207],[120.9551,14.60153],[120.95473,14.6017],[120.95444,14.60251]]],[[[121.00353,14.60258],[121.00344,14.6024],[121.00325,14.60258],[121.00353,14.60258]]],[[[120.95444,14.6026],[120.95435,14.60251],[120.95435,14.6026],[120.95444,14.6026]]],[[[120.98024,14.60274],[120.97996,14.60237],[120.97977,14.60273],[120.98024,14.60274]]],[[[120.98033,14.60292],[120.98024,14.60283],[120.98023,14.60292],[120.98033,14.60292]]],[[[120.99425,14.60295],[120.99434,14.60286],[120.99425,14.60286],[120.99425,14.60295]]],[[[120.95406,14.60314],[120.95397,14.60305],[120.95397,14.60314],[120.95406,14.60314]]],[[[121.0,14.60327],[120.99981,14.60309],[120.99981,14.60327],[121.0,14.60327]]],[[[120.95378,14.60332],[120.95388,14.60341],[120.95388,14.60332],[120.95378,14.60332]]],[[[120.98134,14.60347],[120.98153,14.6032],[120.98154,14.60257],[120.98098,14.60293],[120.98134,14.60347]]],[[[120.98125,14.60329],[120.98116,14.60311],[120.98135,14.60311],[120.98125,14.60329]]],[[[120.96158,14.60348],[120.96206,14.60132],[120.96346,14.60033],[120.96189,14.60023],[120.9616,14.60059],[120.96179,14.60104],[120.96113,14.60203],[120.96158,14.60348]]],[[[120.95239,14.60349],[120.95248,14.60358],[120.95248,14.60349],[120.95239,14.60349]]],[[[120.97791,14.60335],[120.97763,14.60362],[120.97791,14.60362],[120.97791,14.60335]]],[[[120.97401,14.60368],[120.97383,14.60332],[120.97355,14.60358],[120.97401,14.60368]]],[[[120.95378,14.60359],[120.9536,14.6035],[120.95359,14.60368],[120.95378,14.60359]]],[[[120.98023,14.60355],[120.98004,14.60364],[120.98023,14.60373],[120.98023,14.60355]]],[[[120.95359,14.60377],[120.9535,14.60368],[120.9535,14.60377],[120.95359,14.60377]]],[[[120.97939,14.60391],[120.97986,14.60364],[120.9793,14.60327],[120.97939,14.60391]]],[[[120.97623,14.60415],[120.97614,14.60406],[120.97614,14.60415],[120.97623,14.60415]]],[[[120.95239,14.60358],[120.95192,14.60385],[120.95239,14.60331],[120.95185,14.6033],[120.95165,14.60366],[120.95229,14.60421],[120.95239,14.60358]]],[[[120.95266,14.60412],[120.95285,14.60349],[120.95276,14.60349],[120.95266,14.60412]]],[[[120.95303,14.60422],[120.95294,14.6044],[120.95303,14.6044],[120.95303,14.60422]]],[[[120.95173,14.60448],[120.95164,14.60439],[120.95164,14.60448],[120.95173,14.60448]]],[[[120.95238,14.60439],[120.95257,14.60449],[120.95257,14.60439],[120.95238,14.60439]]],[[[120.98013,14.60445],[120.9805,14.60419],[120.98013,14.60418],[120.98013,14.60445]]],[[[120.9521,14.60457],[120.9522,14.60448],[120.95211,14.60421],[120.9521,14.60457]]],[[[120.95108,14.60465],[120.95099,14.60456],[120.95099,14.60465],[120.95108,14.60465]]],[[[120.98532,14.60468],[120.98542,14.60459],[120.98532,14.60459],[120.98532,14.60468]]],[[[120.96193,14.60493],[120.96175,14.60475],[120.96175,14.60493],[120.96193,14.60493]]],[[[120.97697,14.60497],[120.97688,14.60488],[120.97687,14.60497],[120.97697,14.60497]]],[[[120.97864,14.60507],[120.97864,14.60471],[120.97799,14.60462],[120.97808,14.60489],[120.97864,14.60507]]],[[[120.97855,14.60489],[120.97845,14.6048],[120.97855,14.6048],[120.97855,14.60489]]],[[[120.9623,14.6052],[120.96221,14.60511],[120.96221,14.6052],[120.9623,14.6052]]],[[[120.95294,14.6044],[120.95257,14.60449],[120.95237,14.6053],[120.95284,14.60503],[120.95294,14.6044]]],[[[120.97863,14.60562],[120.97845,14.60552],[120.97845,14.60561],[120.97863,14.60562]]],[[[120.97566,14.6055],[120.97613,14.60568],[120.97604,14.60532],[120.97566,14.6055]]],[[[121.00443,14.60593],[121.00434,14.60584],[121.00433,14.60593],[121.00443,14.60593]]],[[[120.97891,14.60607],[120.97881,14.60598],[120.97881,14.60607],[120.97891,14.60607]]],[[[121.00164,14.60663],[121.00155,14.60645],[121.00154,14.60663],[121.00164,14.60663]]],[[[120.97955,14.60653],[120.97909,14.6067],[120.97955,14.60671],[120.97955,14.60653]]],[[[120.96136,14.60646],[120.96146,14.60592],[120.96211,14.60574],[120.96129,14.60492],[120.96136,14.60646]]],[[[120.94846,14.60707],[120.94837,14.60698],[120.94837,14.60707],[120.94846,14.60707]]],[[[120.94827,14.60716],[120.9482,14.60707],[120.94818,14.60716],[120.94827,14.60716]]],[[[120.97602,14.60722],[120.97695,14.60705],[120.97695,14.6066],[120.97602,14.60659],[120.97602,14.60722]]],[[[120.94855,14.60725],[120.94864,14.60716],[120.94855,14.60716],[120.94855,14.60725]]],[[[120.96136,14.60727],[120.96126,14.60718],[120.96126,14.60727],[120.96136,14.60727]]],[[[120.98038,14.6078],[120.97991,14.60753],[120.97991,14.60771],[120.98038,14.6078]]],[[[120.97731,14.60823],[120.97713,14.60804],[120.97712,14.60822],[120.97731,14.60823]]],[[[120.94808,14.60815],[120.94798,14.60824],[120.94808,14.60824],[120.94808,14.60815]]],[[[120.97461,14.60856],[120.97443,14.60838],[120.97443,14.60856],[120.97461,14.60856]]],[[[120.99939,14.60869],[120.99958,14.60878],[120.99958,14.60869],[120.99939,14.60869]]],[[[120.99939,14.60887],[120.9993,14.60878],[120.9993,14.60887],[120.99939,14.60887]]],[[[120.98,14.60834],[120.98046,14.60879],[120.98046,14.60816],[120.98,14.60834]]],[[[120.97545,14.60911],[120.97535,14.60902],[120.97535,14.60911],[120.97545,14.60911]]],[[[120.96217,14.60918],[120.96199,14.609],[120.96199,14.60918],[120.96217,14.60918]]],[[[120.94863,14.60924],[120.94853,14.60915],[120.94853,14.60924],[120.94863,14.60924]]],[[[120.95237,14.6053],[120.952,14.60556],[120.95061,14.6051],[120.94901,14.60735],[120.94864,14.60725],[120.94826,14.60824],[120.949,14.60888],[120.94863,14.60906],[120.9503,14.6088],[120.95237,14.6053]]],[[[120.98036,14.60925],[120.98064,14.60907],[120.98036,14.60907],[120.98036,14.60925]]],[[[120.97786,14.60931],[120.97823,14.60923],[120.97777,14.60904],[120.97786,14.60931]]],[[[120.94862,14.60942],[120.94872,14.60933],[120.94862,14.60933],[120.94862,14.60942]]],[[[120.97136,14.60926],[120.97117,14.60935],[120.97136,14.60944],[120.97136,14.60926]]],[[[120.97155,14.60926],[120.97182,14.60935],[120.97183,14.60917],[120.97155,14.60926]]],[[[120.94881,14.60942],[120.94872,14.60951],[120.94881,14.60951],[120.94881,14.60942]]],[[[120.9489,14.60951],[120.94881,14.6096],[120.9489,14.6096],[120.9489,14.60951]]],[[[120.94918,14.60961],[120.94927,14.60952],[120.94909,14.60924],[120.94918,14.60961]]],[[[120.94899,14.6096],[120.9489,14.60969],[120.94899,14.6097],[120.94899,14.6096]]],[[[120.94964,14.60943],[120.94955,14.60952],[120.94964,14.6097],[120.94964,14.60943]]],[[[120.94908,14.6097],[120.94899,14.60988],[120.94908,14.60988],[120.94908,14.6097]]],[[[120.94936,14.60988],[120.94945,14.60997],[120.94945,14.60988],[120.94936,14.60988]]],[[[120.97841,14.61004],[120.97822,14.60968],[120.97766,14.60995],[120.97766,14.61004],[120.97841,14.61004]]],[[[120.94908,14.61015],[120.94918,14.60997],[120.94908,14.60997],[120.94908,14.61015]]],[[[120.94936,14.61015],[120.94927,14.60997],[120.94927,14.61015],[120.94936,14.61015]]],[[[120.94927,14.61024],[120.94917,14.61015],[120.94917,14.61024],[120.94927,14.61024]]],[[[120.97887,14.61059],[120.97868,14.6105],[120.97868,14.61059],[120.97887,14.61059]]],[[[120.96272,14.61072],[120.96253,14.61081],[120.96272,14.61081],[120.96272,14.61072]]],[[[120.96197,14.61089],[120.96253,14.61036],[120.96207,14.61017],[120.96197,14.61089]]],[[[120.96299,14.61126],[120.9629,14.61117],[120.9629,14.61126],[120.96299,14.61126]]],[[[120.96262,14.61117],[120.96234,14.61144],[120.96262,14.61144],[120.96262,14.61117]]],[[[120.99797,14.61157],[120.99788,14.61148],[120.99788,14.61157],[120.99797,14.61157]]],[[[120.96168,14.61198],[120.96215,14.61171],[120.96169,14.61179],[120.96168,14.61198]]],[[[120.96224,14.61198],[120.96252,14.6118],[120.96234,14.61171],[120.96224,14.61198]]],[[[120.9615,14.61215],[120.96131,14.61197],[120.96131,14.61215],[120.9615,14.61215]]],[[[120.96243,14.61207],[120.96261,14.61216],[120.96261,14.61207],[120.96243,14.61207]]],[[[120.97477,14.61218],[120.97514,14.61191],[120.97477,14.61173],[120.97477,14.61218]]],[[[120.97384,14.61235],[120.9745,14.61136],[120.97395,14.61055],[120.97378,14.60874],[120.97322,14.60846],[120.97333,14.60711],[120.97249,14.60701],[120.97241,14.60656],[120.97185,14.60691],[120.97202,14.60854],[120.97276,14.60891],[120.97229,14.60945],[120.97264,14.61135],[120.97282,14.61171],[120.97338,14.61153],[120.97384,14.61235]]],[[[120.97309,14.61253],[120.973,14.61244],[120.973,14.61253],[120.97309,14.61253]]],[[[120.97606,14.61255],[120.97607,14.61201],[120.9757,14.61192],[120.9757,14.61219],[120.97606,14.61255]]],[[[120.97987,14.61277],[120.97968,14.61258],[120.97968,14.61276],[120.97987,14.61277]]],[[[120.97318,14.6128],[120.97309,14.61271],[120.97309,14.6128],[120.97318,14.6128]]],[[[120.97569,14.61282],[120.97588,14.61273],[120.97569,14.61273],[120.97569,14.61282]]],[[[120.97903,14.61258],[120.97875,14.61276],[120.97903,14.61285],[120.97903,14.61258]]],[[[120.97337,14.61298],[120.97309,14.61316],[120.97337,14.61316],[120.97337,14.61298]]],[[[120.96167,14.61306],[120.96186,14.61315],[120.96186,14.61306],[120.96167,14.61306]]],[[[120.96418,14.61335],[120.96411,14.61028],[120.96337,14.61018],[120.963,14.61045],[120.96336,14.61091],[120.96325,14.61298],[120.96418,14.61335]]],[[[120.97828,14.61329],[120.97856,14.61339],[120.97856,14.6133],[120.97828,14.61329]]],[[[120.96223,14.61324],[120.96241,14.61334],[120.96242,14.61325],[120.96223,14.61324]]],[[[120.97392,14.61371],[120.97448,14.61317],[120.97448,14.61281],[120.9742,14.61308],[120.97356,14.61244],[120.97392,14.61371]]],[[[120.99759,14.61328],[120.99786,14.61364],[120.99814,14.61319],[120.99759,14.61328]]],[[[120.97401,14.61389],[120.97392,14.6138],[120.97392,14.61389],[120.97401,14.61389]]],[[[120.9603,14.61079],[120.96009,14.61368],[120.96037,14.61404],[120.96056,14.61287],[120.96121,14.61269],[120.96094,14.6117],[120.96206,14.61135],[120.96161,14.60962],[120.96106,14.60971],[120.9603,14.61079]]],[[[120.96038,14.61205],[120.96039,14.61151],[120.96048,14.61151],[120.96038,14.61205]]],[[[120.9922,14.61423],[120.9921,14.61414],[120.9921,14.61423],[120.9922,14.61423]]],[[[120.99711,14.61472],[120.99702,14.61463],[120.99702,14.61472],[120.99711,14.61472]]],[[[120.96026,14.61504],[120.96017,14.61494],[120.96017,14.61503],[120.96026,14.61504]]],[[[120.99878,14.61501],[120.99868,14.6151],[120.99878,14.6151],[120.99878,14.61501]]],[[[120.9972,14.61536],[120.9971,14.61526],[120.9971,14.61535],[120.9972,14.61536]]],[[[120.98708,14.61581],[120.98689,14.61572],[120.98689,14.61581],[120.98708,14.61581]]],[[[120.99617,14.61625],[120.99626,14.61634],[120.99626,14.61625],[120.99617,14.61625]]],[[[120.99505,14.61642],[120.99514,14.61651],[120.99515,14.61642],[120.99505,14.61642]]],[[[120.98763,14.61654],[120.98754,14.61627],[120.98753,14.61654],[120.98763,14.61654]]],[[[120.9957,14.61706],[120.99551,14.61688],[120.99551,14.61706],[120.9957,14.61706]]],[[[120.99635,14.61688],[120.99607,14.61706],[120.99634,14.61716],[120.99635,14.61688]]],[[[120.99319,14.6174],[120.99337,14.61731],[120.99319,14.61731],[120.99319,14.6174]]],[[[120.98818,14.61727],[120.98799,14.61735],[120.98818,14.61745],[120.98818,14.61727]]],[[[120.95764,14.61754],[120.95755,14.61727],[120.95746,14.61745],[120.95764,14.61754]]],[[[120.97147,14.61757],[120.97138,14.61739],[120.97138,14.61757],[120.97147,14.61757]]],[[[120.96006,14.61756],[120.96025,14.61648],[120.96026,14.61549],[120.95998,14.61603],[120.96006,14.61756]]],[[[120.97054,14.61765],[120.97045,14.61756],[120.97045,14.61765],[120.97054,14.61765]]],[[[120.9929,14.61785],[120.993,14.61776],[120.99291,14.61776],[120.9929,14.61785]]],[[[120.95773,14.61799],[120.95755,14.6179],[120.95755,14.61799],[120.95773,14.61799]]],[[[120.99318,14.61803],[120.993,14.61785],[120.993,14.61803],[120.99318,14.61803]]],[[[120.99327,14.61803],[120.99318,14.61812],[120.99327,14.61812],[120.99327,14.61803]]],[[[120.97044,14.61811],[120.97054,14.61829],[120.97063,14.61811],[120.97044,14.61811]]],[[[120.95773,14.61836],[120.95754,14.61817],[120.95754,14.61835],[120.95773,14.61836]]],[[[120.99067,14.61828],[120.99132,14.61811],[120.99133,14.61793],[120.99067,14.61828]]],[[[120.97035,14.61838],[120.97016,14.61828],[120.97016,14.61837],[120.97035,14.61838]]],[[[120.97016,14.61846],[120.97007,14.61837],[120.97007,14.61846],[120.97016,14.61846]]],[[[120.97007,14.61855],[120.96998,14.61846],[120.96998,14.61855],[120.97007,14.61855]]],[[[120.99568,14.6186],[120.99587,14.61842],[120.99568,14.61841],[120.99568,14.6186]]],[[[120.95671,14.61853],[120.95698,14.61862],[120.95698,14.61853],[120.95671,14.61853]]],[[[120.9916,14.61865],[120.99179,14.61829],[120.99253,14.61812],[120.9916,14.61811],[120.9916,14.61865]]],[[[120.9567,14.6188],[120.95661,14.61862],[120.95661,14.6188],[120.9567,14.6188]]],[[[120.95708,14.61862],[120.95698,14.6188],[120.95707,14.6188],[120.95708,14.61862]]],[[[120.99382,14.61885],[120.99383,14.61822],[120.99365,14.61795],[120.99327,14.61812],[120.99382,14.61885]]],[[[120.97397,14.61868],[120.97378,14.61877],[120.97396,14.61886],[120.97397,14.61868]]],[[[120.99624,14.61869],[120.99605,14.61878],[120.99624,14.61887],[120.99624,14.61869]]],[[[120.95717,14.6188],[120.95707,14.61889],[120.95717,14.61889],[120.95717,14.6188]]],[[[120.95995,14.61892],[120.95986,14.61865],[120.95986,14.61892],[120.95995,14.61892]]],[[[120.98436,14.61895],[120.98426,14.61886],[120.98426,14.61895],[120.98436,14.61895]]],[[[120.95661,14.61907],[120.95652,14.61898],[120.95651,14.61907],[120.95661,14.61907]]],[[[120.95698,14.61898],[120.95707,14.61916],[120.95707,14.61898],[120.95698,14.61898]]],[[[120.96998,14.61855],[120.96951,14.61873],[120.96951,14.61918],[120.96979,14.619],[120.96998,14.61855]]],[[[120.99252,14.6192],[120.99234,14.61911],[120.99234,14.6192],[120.99252,14.6192]]],[[[120.95679,14.61925],[120.95661,14.61916],[120.95661,14.61925],[120.95679,14.61925]]],[[[120.98436,14.61904],[120.98473,14.61913],[120.98473,14.61904],[120.98436,14.61904]]],[[[120.95716,14.61935],[120.95688,14.61952],[120.95707,14.61962],[120.95716,14.61935]]],[[[120.9927,14.61974],[120.99298,14.61966],[120.9927,14.61956],[120.9927,14.61974]]],[[[120.98434,14.62031],[120.98425,14.62021],[120.98425,14.6203],[120.98434,14.62031]]],[[[120.98787,14.62034],[120.98899,14.62016],[120.98853,14.61935],[120.98778,14.61988],[120.98787,14.62034]]],[[[120.98852,14.61989],[120.98834,14.61971],[120.98853,14.61971],[120.98852,14.61989]]],[[[120.97274,14.62039],[120.97284,14.62048],[120.97284,14.62039],[120.97274,14.62039]]],[[[120.99084,14.62054],[120.9913,14.62064],[120.9913,14.62037],[120.99084,14.62054]]],[[[120.98917,14.6208],[120.98954,14.62053],[120.98917,14.62044],[120.98917,14.6208]]],[[[120.97079,14.62073],[120.9706,14.62091],[120.97079,14.621],[120.97079,14.62073]]],[[[120.96735,14.62106],[120.96578,14.62041],[120.9655,14.6205],[120.96735,14.62106]]],[[[120.99018,14.62108],[120.98972,14.62116],[120.99018,14.62117],[120.99018,14.62108]]],[[[120.97051,14.62136],[120.97032,14.62127],[120.97032,14.62136],[120.97051,14.62136]]],[[[120.95686,14.62142],[120.95677,14.62133],[120.95677,14.62142],[120.95686,14.62142]]],[[[120.95965,14.62154],[120.95984,14.62063],[120.96161,14.62002],[120.96263,14.62021],[120.9631,14.61985],[120.96402,14.6204],[120.96485,14.6205],[120.96541,14.62041],[120.96366,14.61922],[120.96041,14.61974],[120.95967,14.6191],[120.95956,14.62045],[120.95882,14.62081],[120.95947,14.6209],[120.95965,14.62154]]],[[[120.96995,14.62154],[120.97014,14.6209],[120.96995,14.6209],[120.96995,14.62154]]],[[[120.97274,14.62048],[120.97163,14.62047],[120.97145,14.62001],[120.97052,14.62009],[120.97107,14.62073],[120.97163,14.62056],[120.97199,14.62155],[120.97274,14.62048]]],[[[120.99027,14.62153],[120.99065,14.62117],[120.99037,14.62117],[120.99027,14.62153]]],[[[120.95677,14.62187],[120.95668,14.6216],[120.95667,14.62187],[120.95677,14.62187]]],[[[120.98832,14.62169],[120.98804,14.62169],[120.98832,14.62188],[120.98832,14.62169]]],[[[120.99083,14.6219],[120.99064,14.62171],[120.99064,14.6219],[120.99083,14.6219]]],[[[120.95788,14.62197],[120.95779,14.62179],[120.95779,14.62197],[120.95788,14.62197]]],[[[120.97134,14.622],[120.97208,14.62173],[120.97134,14.62182],[120.97134,14.622]]],[[[120.97393,14.62229],[120.97384,14.6222],[120.97384,14.62229],[120.97393,14.62229]]],[[[120.97124,14.62236],[120.97106,14.62218],[120.97105,14.62236],[120.97124,14.62236]]],[[[120.97135,14.62092],[120.96976,14.6218],[120.97003,14.62244],[120.97115,14.622],[120.97078,14.62163],[120.97135,14.62092]]],[[[120.96836,14.62252],[120.96873,14.62234],[120.96865,14.62116],[120.9693,14.6209],[120.96922,14.62026],[120.96829,14.62026],[120.96754,14.62088],[120.96836,14.62252]]],[[[120.96772,14.62125],[120.96828,14.62116],[120.96846,14.62152],[120.96809,14.62161],[120.96772,14.62125]]],[[[120.96791,14.62107],[120.96782,14.62097],[120.96791,14.62098],[120.96791,14.62107]]],[[[120.98831,14.6226],[120.98822,14.62233],[120.98813,14.62251],[120.98831,14.6226]]],[[[120.97458,14.62266],[120.97421,14.6223],[120.97412,14.62257],[120.97458,14.62266]]],[[[120.98971,14.6227],[120.98961,14.62261],[120.98961,14.6227],[120.98971,14.6227]]],[[[120.98683,14.6224],[120.98766,14.62259],[120.98748,14.62223],[120.98683,14.6224]]],[[[120.95861,14.62288],[120.95973,14.62271],[120.95965,14.62163],[120.95769,14.62242],[120.95861,14.62288]]],[[[120.98646,14.62294],[120.98665,14.6224],[120.98609,14.62258],[120.98646,14.62294]]],[[[120.98757,14.62286],[120.98766,14.62295],[120.98766,14.62286],[120.98757,14.62286]]],[[[120.97318,14.62301],[120.97346,14.62274],[120.97309,14.62283],[120.97318,14.62301]]],[[[120.98915,14.62306],[120.98952,14.62243],[120.98934,14.62188],[120.98915,14.62306]]],[[[120.98655,14.62322],[120.98664,14.62331],[120.98664,14.62322],[120.98655,14.62322]]],[[[120.9871,14.62331],[120.98692,14.62313],[120.98692,14.62331],[120.9871,14.62331]]],[[[120.98654,14.6234],[120.98645,14.62331],[120.98645,14.6234],[120.98654,14.6234]]],[[[120.98747,14.6234],[120.98738,14.62295],[120.98729,14.6234],[120.98747,14.6234]]],[[[120.9716,14.62327],[120.97105,14.62308],[120.9716,14.62354],[120.9716,14.62327]]],[[[120.96,14.62371],[120.95991,14.62362],[120.95991,14.62371],[120.96,14.62371]]],[[[120.98914,14.62378],[120.98933,14.6236],[120.98914,14.62351],[120.98914,14.62378]]],[[[120.98895,14.62396],[120.98886,14.62387],[120.98886,14.62396],[120.98895,14.62396]]],[[[120.95768,14.62351],[120.95722,14.6235],[120.9573,14.62405],[120.95768,14.62405],[120.95768,14.62351]]],[[[120.96464,14.62366],[120.96594,14.62394],[120.96575,14.62385],[120.96464,14.62366]]],[[[120.98747,14.62413],[120.98737,14.62386],[120.98737,14.62413],[120.98747,14.62413]]],[[[120.96946,14.62415],[120.97085,14.62398],[120.9704,14.62326],[120.96937,14.62352],[120.96946,14.62415]]],[[[120.98635,14.62421],[120.98617,14.62412],[120.98617,14.62421],[120.98635,14.62421]]],[[[120.96584,14.62421],[120.96575,14.62412],[120.96575,14.62421],[120.96584,14.62421]]],[[[120.98877,14.62405],[120.98849,14.62423],[120.98876,14.62423],[120.98877,14.62405]]],[[[120.96556,14.6243],[120.96565,14.62439],[120.96565,14.6243],[120.96556,14.6243]]],[[[120.95554,14.62439],[120.95535,14.6243],[120.95535,14.62439],[120.95554,14.62439]]],[[[120.95489,14.62448],[120.9547,14.62438],[120.9547,14.62447],[120.95489,14.62448]]],[[[120.96556,14.62448],[120.96547,14.62439],[120.96547,14.62448],[120.96556,14.62448]]],[[[120.96547,14.62457],[120.96537,14.62448],[120.96537,14.62457],[120.96547,14.62457]]],[[[120.95451,14.62465],[120.95461,14.62447],[120.95452,14.62447],[120.95451,14.62465]]],[[[120.96537,14.62466],[120.96528,14.62457],[120.96528,14.62466],[120.96537,14.62466]]],[[[120.9547,14.62466],[120.95461,14.62474],[120.9547,14.62475],[120.9547,14.62466]]],[[[120.96509,14.62466],[120.96463,14.62429],[120.96454,14.62384],[120.96472,14.62483],[120.96509,14.62466]]],[[[120.96519,14.62484],[120.96509,14.62466],[120.96509,14.62484],[120.96519,14.62484]]],[[[120.95553,14.62484],[120.95544,14.62466],[120.95544,14.62484],[120.95553,14.62484]]],[[[120.9869,14.62466],[120.98625,14.62475],[120.9869,14.62485],[120.9869,14.62466]]],[[[120.95442,14.62492],[120.95433,14.62474],[120.95433,14.62492],[120.95442,14.62492]]],[[[120.96509,14.62493],[120.965,14.62484],[120.965,14.62493],[120.96509,14.62493]]],[[[120.98504,14.62501],[120.98495,14.62492],[120.98495,14.62501],[120.98504,14.62501]]],[[[120.95479,14.62475],[120.9547,14.62502],[120.95479,14.62502],[120.95479,14.62475]]],[[[120.95497,14.62502],[120.95479,14.62511],[120.95497,14.62511],[120.95497,14.62502]]],[[[120.95544,14.62502],[120.95516,14.62511],[120.95544,14.62511],[120.95544,14.62502]]],[[[120.97279,14.62581],[120.97298,14.62536],[120.97279,14.62536],[120.97279,14.62581]]],[[[120.9648,14.62601],[120.96518,14.62574],[120.9649,14.62565],[120.9648,14.62601]]],[[[120.96415,14.62591],[120.96491,14.62502],[120.96315,14.62437],[120.96285,14.62644],[120.96361,14.62473],[120.96415,14.62591]]],[[[120.95413,14.62646],[120.95403,14.62637],[120.95403,14.62646],[120.95413,14.62646]]],[[[120.96619,14.62665],[120.9661,14.62656],[120.9661,14.62665],[120.96619,14.62665]]],[[[120.95394,14.62682],[120.95403,14.62655],[120.95394,14.62655],[120.95394,14.62682]]],[[[120.96415,14.62591],[120.96387,14.62609],[120.96359,14.6269],[120.96377,14.62681],[120.96415,14.62591]]],[[[120.96359,14.62699],[120.9634,14.6269],[120.9634,14.62699],[120.96359,14.62699]]],[[[120.97677,14.62702],[120.97667,14.62693],[120.97667,14.62702],[120.97677,14.62702]]],[[[120.9634,14.62699],[120.96322,14.62645],[120.96304,14.62645],[120.96293,14.62735],[120.9634,14.62699]]],[[[120.95431,14.62691],[120.95421,14.627],[120.9543,14.62754],[120.95431,14.62691]]],[[[120.97686,14.62738],[120.97658,14.62756],[120.97685,14.62756],[120.97686,14.62738]]],[[[120.95467,14.62782],[120.95476,14.62773],[120.9543,14.62754],[120.95467,14.62782]]],[[[120.95413,14.62637],[120.95469,14.6261],[120.95506,14.62538],[120.95608,14.62593],[120.95618,14.6253],[120.95729,14.62522],[120.95579,14.62765],[120.95504,14.62764],[120.95606,14.62774],[120.95776,14.62522],[120.95674,14.62513],[120.9546,14.62538],[120.95413,14.62637]]],[[[120.9801,14.62831],[120.98,14.62822],[120.98,14.62831],[120.9801,14.62831]]],[[[120.98093,14.62814],[120.98112,14.62841],[120.98112,14.62814],[120.98093,14.62814]]],[[[120.98213,14.62887],[120.98204,14.62878],[120.98204,14.62887],[120.98213,14.62887]]],[[[120.95949,14.62894],[120.95977,14.62804],[120.96005,14.62841],[120.96005,14.62768],[120.95941,14.62813],[120.95949,14.62894]]],[[[120.95967,14.62895],[120.95949,14.62903],[120.95967,14.62904],[120.95967,14.62895]]],[[[120.95995,14.62904],[120.95986,14.6285],[120.95986,14.62904],[120.95995,14.62904]]],[[[120.95976,14.62949],[120.95948,14.62958],[120.95976,14.62958],[120.95976,14.62949]]],[[[120.95994,14.62967],[120.96013,14.62958],[120.95994,14.62958],[120.95994,14.62967]]],[[[120.98166,14.62986],[120.98175,14.6295],[120.98194,14.62923],[120.98148,14.62932],[120.98166,14.62986]]],[[[120.94453,14.62999],[120.94444,14.62991],[120.94444,14.62999],[120.94453,14.62999]]],[[[120.94388,14.63034],[120.94435,14.63017],[120.94435,14.63008],[120.94417,14.63007],[120.94388,14.63034]]],[[[120.94388,14.63043],[120.94379,14.63038],[120.94379,14.63043],[120.94388,14.63043]]],[[[120.94379,14.63052],[120.94372,14.63045],[120.94369,14.63052],[120.94379,14.63052]]],[[[120.96281,14.63069],[120.96309,14.63051],[120.96272,14.63051],[120.96281,14.63069]]],[[[120.94406,14.63071],[120.94397,14.63062],[120.94397,14.63071],[120.94406,14.63071]]],[[[120.94434,14.63062],[120.94462,14.63071],[120.94462,14.63062],[120.94434,14.63062]]],[[[120.96328,14.63069],[120.96318,14.63078],[120.96327,14.63078],[120.96328,14.63069]]],[[[120.94434,14.6308],[120.94425,14.63071],[120.94425,14.6308],[120.94434,14.6308]]],[[[120.94397,14.63089],[120.94388,14.6308],[120.94388,14.63089],[120.94397,14.63089]]],[[[120.94378,14.63098],[120.94387,14.63107],[120.94388,14.63098],[120.94378,14.63098]]],[[[120.94378,14.63116],[120.94369,14.63106],[120.94369,14.63115],[120.94378,14.63116]]],[[[120.94425,14.63107],[120.94387,14.63143],[120.94434,14.63143],[120.94425,14.63107]]],[[[120.9435,14.63151],[120.94341,14.63124],[120.94341,14.63151],[120.9435,14.63151]]],[[[120.94545,14.63153],[120.94536,14.63144],[120.94536,14.63153],[120.94545,14.63153]]],[[[120.94573,14.63153],[120.94554,14.63144],[120.94554,14.63153],[120.94573,14.63153]]],[[[120.94396,14.63161],[120.94387,14.63152],[120.94387,14.63161],[120.94396,14.63161]]],[[[120.94415,14.63161],[120.94406,14.63152],[120.94406,14.63161],[120.94415,14.63161]]],[[[120.94471,14.63162],[120.94499,14.63126],[120.94462,14.63116],[120.94471,14.63162]]],[[[120.94489,14.63144],[120.9448,14.63135],[120.94489,14.63135],[120.94489,14.63144]]],[[[120.94278,14.63151],[120.94303,14.63178],[120.94303,14.63169],[120.94278,14.63151]]],[[[120.94507,14.6318],[120.94564,14.63126],[120.94564,14.63117],[120.94508,14.63117],[120.94507,14.6318]]],[[[120.94535,14.6318],[120.94526,14.63171],[120.94526,14.6318],[120.94535,14.6318]]],[[[120.94285,14.63196],[120.94257,14.63178],[120.94257,14.63196],[120.94285,14.63196]]],[[[120.9435,14.63197],[120.9434,14.63169],[120.9434,14.63197],[120.9435,14.63197]]],[[[120.94257,14.63205],[120.94247,14.63196],[120.94247,14.63205],[120.94257,14.63205]]],[[[120.9424,14.63214],[120.94247,14.63232],[120.94247,14.63214],[120.9424,14.63214]]],[[[120.9434,14.63224],[120.94349,14.63233],[120.94349,14.63224],[120.9434,14.63224]]],[[[120.9434,14.63242],[120.94331,14.63233],[120.94331,14.63242],[120.9434,14.63242]]],[[[120.94238,14.6325],[120.94232,14.63232],[120.94228,14.6325],[120.94238,14.6325]]],[[[120.9433,14.63251],[120.94321,14.63242],[120.94321,14.63251],[120.9433,14.63251]]],[[[120.94266,14.63232],[120.94293,14.6325],[120.94293,14.63241],[120.94266,14.63232]]],[[[120.94312,14.6326],[120.94303,14.6325],[120.94303,14.63259],[120.94312,14.6326]]],[[[120.94228,14.63268],[120.94225,14.6325],[120.94219,14.63268],[120.94228,14.63268]]],[[[120.94442,14.63279],[120.94423,14.6327],[120.94423,14.63279],[120.94442,14.63279]]],[[[120.94516,14.63279],[120.94507,14.6327],[120.94507,14.63279],[120.94516,14.63279]]],[[[120.94553,14.6328],[120.94562,14.63271],[120.94553,14.63271],[120.94553,14.6328]]],[[[120.94367,14.63269],[120.94386,14.63278],[120.94386,14.63269],[120.94367,14.63269]]],[[[120.94211,14.63277],[120.94219,14.63295],[120.94219,14.63277],[120.94211,14.63277]]],[[[120.94256,14.63295],[120.94247,14.63259],[120.94247,14.63295],[120.94256,14.63295]]],[[[120.94571,14.6328],[120.94562,14.63298],[120.94571,14.63298],[120.94571,14.6328]]],[[[120.97226,14.63303],[120.97207,14.63294],[120.97207,14.63303],[120.97226,14.63303]]],[[[120.97198,14.63312],[120.97188,14.63303],[120.97188,14.63312],[120.97198,14.63312]]],[[[120.97355,14.63313],[120.97383,14.63296],[120.97356,14.63286],[120.97355,14.63313]]],[[[120.94395,14.63305],[120.94367,14.63314],[120.94395,14.63315],[120.94395,14.63305]]],[[[120.94516,14.63307],[120.94562,14.63316],[120.94562,14.63307],[120.94516,14.63307]]],[[[120.9717,14.63312],[120.97179,14.63321],[120.97179,14.63312],[120.9717,14.63312]]],[[[120.94441,14.63315],[120.94404,14.63324],[120.94441,14.63324],[120.94441,14.63315]]],[[[120.94488,14.63324],[120.94478,14.63315],[120.94478,14.63324],[120.94488,14.63324]]],[[[120.94515,14.63325],[120.94497,14.63315],[120.94497,14.63324],[120.94515,14.63325]]],[[[120.9717,14.6333],[120.9716,14.63321],[120.9716,14.6333],[120.9717,14.6333]]],[[[120.9716,14.63339],[120.97142,14.6333],[120.97142,14.63339],[120.9716,14.63339]]],[[[120.951,14.6333],[120.95147,14.63321],[120.95137,14.63303],[120.951,14.6333]]],[[[120.94209,14.6334],[120.942,14.63305],[120.942,14.6334],[120.94209,14.6334]]],[[[120.94237,14.63304],[120.94246,14.6334],[120.94246,14.63304],[120.94237,14.63304]]],[[[120.9419,14.6334],[120.94175,14.63349],[120.9419,14.63349],[120.9419,14.6334]]],[[[120.96013,14.62967],[120.96068,14.63049],[120.9617,14.63032],[120.96225,14.63078],[120.96197,14.63177],[120.9626,14.63358],[120.96264,14.6296],[120.96133,14.63004],[120.96013,14.62967]]],[[[120.95796,14.63363],[120.9589,14.63174],[120.9592,14.62944],[120.95846,14.62978],[120.95882,14.63029],[120.95834,14.63237],[120.95731,14.63308],[120.95796,14.63363]]],[[[120.94172,14.63367],[120.9417,14.63358],[120.94164,14.63367],[120.94172,14.63367]]],[[[120.9432,14.63359],[120.94292,14.63368],[120.9432,14.63368],[120.9432,14.63359]]],[[[120.95805,14.63363],[120.95796,14.63372],[120.95805,14.63372],[120.95805,14.63363]]],[[[120.96232,14.63376],[120.96223,14.63358],[120.96213,14.63376],[120.96232,14.63376]]],[[[120.94236,14.63376],[120.94228,14.6334],[120.94227,14.63376],[120.94236,14.63376]]],[[[120.97429,14.63377],[120.9742,14.63368],[120.9742,14.63377],[120.97429,14.63377]]],[[[120.94339,14.63377],[120.94329,14.63368],[120.94329,14.63377],[120.94339,14.63377]]],[[[120.97466,14.63378],[120.97457,14.63368],[120.97457,14.63378],[120.97466,14.63378]]],[[[120.95814,14.63372],[120.95805,14.63381],[120.95814,14.63381],[120.95814,14.63372]]],[[[120.95842,14.63381],[120.95824,14.63372],[120.95823,14.63381],[120.95842,14.63381]]],[[[120.94227,14.63385],[120.94218,14.63376],[120.94218,14.63385],[120.94227,14.63385]]],[[[120.9586,14.63391],[120.95851,14.63382],[120.95851,14.63391],[120.9586,14.63391]]],[[[120.94171,14.63394],[120.94162,14.63385],[120.94162,14.63394],[120.94171,14.63394]]],[[[120.94218,14.63394],[120.9419,14.63385],[120.9419,14.63394],[120.94218,14.63394]]],[[[120.94292,14.63395],[120.94283,14.63377],[120.94283,14.63395],[120.94292,14.63395]]],[[[120.9587,14.634],[120.95879,14.63391],[120.9587,14.63391],[120.9587,14.634]]],[[[120.94329,14.63395],[120.94338,14.63404],[120.94338,14.63395],[120.94329,14.63395]]],[[[120.95888,14.634],[120.95879,14.63409],[120.95888,14.63409],[120.95888,14.634]]],[[[120.97364,14.63386],[120.97345,14.63404],[120.97364,14.63413],[120.97364,14.63386]]],[[[120.94329,14.63413],[120.94301,14.63404],[120.94301,14.63413],[120.94329,14.63413]]],[[[120.95897,14.63418],[120.95916,14.63409],[120.95897,14.63409],[120.95897,14.63418]]],[[[120.95127,14.63411],[120.95099,14.63425],[120.95127,14.63425],[120.95127,14.63411]]],[[[120.95313,14.63426],[120.95257,14.63403],[120.95146,14.63421],[120.95313,14.63426]]],[[[120.95767,14.63417],[120.95786,14.63426],[120.95786,14.63417],[120.95767,14.63417]]],[[[120.95925,14.63418],[120.95916,14.63427],[120.95925,14.63427],[120.95925,14.63418]]],[[[120.95767,14.63435],[120.95758,14.63426],[120.95758,14.63435],[120.95767,14.63435]]],[[[120.95804,14.63435],[120.95814,14.63426],[120.95804,14.63426],[120.95804,14.63435]]],[[[120.95934,14.63427],[120.95925,14.63436],[120.95934,14.63437],[120.95934,14.63427]]],[[[120.96213,14.63376],[120.96167,14.63393],[120.96138,14.63438],[120.96213,14.63421],[120.96213,14.63376]]],[[[120.95944,14.63437],[120.95934,14.63446],[120.95944,14.63446],[120.95944,14.63437]]],[[[120.97428,14.6345],[120.97447,14.63405],[120.97392,14.63404],[120.97382,14.6344],[120.97428,14.6345]]],[[[120.95962,14.63455],[120.95953,14.63446],[120.95953,14.63455],[120.95962,14.63455]]],[[[120.95971,14.63464],[120.95981,14.63455],[120.95971,14.63455],[120.95971,14.63464]]],[[[120.97141,14.63465],[120.97131,14.63456],[120.97131,14.63465],[120.97141,14.63465]]],[[[120.96138,14.63465],[120.96129,14.63438],[120.96129,14.63465],[120.96138,14.63465]]],[[[120.97419,14.63468],[120.9741,14.63458],[120.9741,14.63467],[120.97419,14.63468]]],[[[120.95869,14.63472],[120.9586,14.63463],[120.9586,14.63472],[120.95869,14.63472]]],[[[120.9599,14.63464],[120.9598,14.63473],[120.9599,14.63473],[120.9599,14.63464]]],[[[120.95832,14.63472],[120.95823,14.63463],[120.95804,14.63481],[120.95832,14.63472]]],[[[120.96008,14.63482],[120.95999,14.63473],[120.95999,14.63482],[120.96008,14.63482]]],[[[120.96036,14.63492],[120.96027,14.63482],[120.96027,14.63492],[120.96036,14.63492]]],[[[120.96138,14.63493],[120.96129,14.63483],[120.96129,14.63492],[120.96138,14.63493]]],[[[120.97437,14.63504],[120.97456,14.63495],[120.97437,14.63495],[120.97437,14.63504]]],[[[120.97799,14.63516],[120.9779,14.63498],[120.9779,14.63516],[120.97799,14.63516]]],[[[120.9779,14.63525],[120.97781,14.63516],[120.9778,14.63525],[120.9779,14.63525]]],[[[120.96073,14.63528],[120.96063,14.63519],[120.96063,14.63528],[120.96073,14.63528]]],[[[120.97734,14.63506],[120.97753,14.63525],[120.97753,14.63507],[120.97734,14.63506]]],[[[120.95804,14.63481],[120.95767,14.63507],[120.95758,14.63435],[120.9573,14.63489],[120.95711,14.63462],[120.95673,14.6347],[120.95757,14.63534],[120.95804,14.63481]]],[[[120.96091,14.63555],[120.96082,14.63546],[120.96082,14.63555],[120.96091,14.63555]]],[[[120.961,14.63555],[120.96128,14.63556],[120.96129,14.63501],[120.961,14.63555]]],[[[120.96768,14.63588],[120.96815,14.63535],[120.9675,14.63507],[120.96722,14.63561],[120.96768,14.63588]]],[[[120.96917,14.63599],[120.97028,14.636],[120.97038,14.63491],[120.96918,14.6349],[120.96917,14.63599]]],[[[120.96146,14.63601],[120.96192,14.63619],[120.96202,14.63574],[120.96146,14.63601]]],[[[120.96183,14.63628],[120.96155,14.63619],[120.96155,14.63628],[120.96183,14.63628]]],[[[120.95904,14.63662],[120.95896,14.63617],[120.95858,14.63626],[120.95867,14.63653],[120.95904,14.63662]]],[[[120.96071,14.63682],[120.96099,14.63655],[120.96062,14.63664],[120.96071,14.63682]]],[[[120.97491,14.63694],[120.97473,14.63658],[120.97473,14.63694],[120.97491,14.63694]]],[[[120.9596,14.63717],[120.95932,14.6368],[120.95923,14.63707],[120.9596,14.63717]]],[[[120.96952,14.63735],[120.97064,14.63717],[120.97056,14.63609],[120.96954,14.63617],[120.96952,14.63735]]],[[[120.97027,14.63681],[120.97018,14.63672],[120.97027,14.63672],[120.97027,14.63681]]],[[[120.97287,14.63719],[120.97268,14.63746],[120.97296,14.63756],[120.97287,14.63719]]],[[[120.95764,14.6376],[120.95746,14.63733],[120.95746,14.6376],[120.95764,14.6376]]],[[[120.95912,14.63798],[120.95903,14.6378],[120.95903,14.63798],[120.95912,14.63798]]],[[[120.97045,14.63817],[120.97073,14.63763],[120.97231,14.63719],[120.97251,14.6352],[120.97372,14.63503],[120.97272,14.63313],[120.97188,14.6333],[120.97048,14.63455],[120.96881,14.63472],[120.96924,14.6377],[120.97045,14.63817]]],[[[120.96952,14.63735],[120.96899,14.63472],[120.9702,14.63464],[120.97083,14.63718],[120.97129,14.63736],[120.96952,14.63735]]],[[[120.97056,14.63555],[120.97131,14.63528],[120.97148,14.63709],[120.97092,14.63709],[120.97056,14.63555]]],[[[120.97166,14.637],[120.97159,14.63519],[120.97214,14.63511],[120.97203,14.63701],[120.97166,14.637]]],[[[120.97057,14.63492],[120.97113,14.63411],[120.97188,14.63384],[120.97215,14.63493],[120.97057,14.63492]]],[[[120.97206,14.63384],[120.97262,14.63358],[120.97298,14.63466],[120.97243,14.63475],[120.97206,14.63384]]],[[[120.97295,14.63864],[120.97286,14.63846],[120.97285,14.63864],[120.97295,14.63864]]],[[[120.97471,14.63866],[120.97453,14.63847],[120.97452,14.63865],[120.97471,14.63866]]],[[[120.96088,14.63872],[120.96126,14.63827],[120.96098,14.63808],[120.96088,14.63872]]],[[[120.96673,14.63877],[120.96608,14.63894],[120.96673,14.63895],[120.96673,14.63877]]],[[[120.9748,14.6392],[120.97471,14.63911],[120.97471,14.6392],[120.9748,14.6392]]],[[[120.96784,14.63914],[120.96793,14.63923],[120.96793,14.63914],[120.96784,14.63914]]],[[[120.97368,14.63955],[120.97369,14.63892],[120.9735,14.63892],[120.97322,14.63946],[120.97368,14.63955]]],[[[120.96802,14.6395],[120.96811,14.63959],[120.96811,14.6395],[120.96802,14.6395]]],[[[120.97275,14.63963],[120.97266,14.63954],[120.97266,14.63963],[120.97275,14.63963]]],[[[120.96792,14.63986],[120.96783,14.63959],[120.96783,14.63986],[120.96792,14.63986]]],[[[120.95929,14.63988],[120.95911,14.63978],[120.95911,14.63988],[120.95929,14.63988]]],[[[120.96969,14.63997],[120.96941,14.63969],[120.96922,14.63987],[120.96969,14.63997]]],[[[120.97349,14.64009],[120.9734,14.63973],[120.9734,14.64009],[120.97349,14.64009]]],[[[120.95743,14.64013],[120.95753,14.63995],[120.95744,14.63995],[120.95743,14.64013]]],[[[120.9578,14.64013],[120.95771,14.64059],[120.95799,14.6405],[120.9578,14.64013]]],[[[120.95771,14.64031],[120.9578,14.64041],[120.95771,14.64041],[120.95771,14.64031]]],[[[120.96179,14.64062],[120.9617,14.64053],[120.9617,14.64062],[120.96179,14.64062]]],[[[120.96198,14.64062],[120.96207,14.64053],[120.96198,14.64053],[120.96198,14.64062]]],[[[120.96216,14.64062],[120.96207,14.64071],[120.96216,14.64072],[120.96216,14.64062]]],[[[120.9616,14.64098],[120.9617,14.64071],[120.9616,14.64071],[120.9616,14.64098]]],[[[120.95984,14.64106],[120.95975,14.64097],[120.95975,14.64106],[120.95984,14.64106]]],[[[120.96179,14.64098],[120.96169,14.64107],[120.96179,14.64107],[120.96179,14.64098]]],[[[120.96207,14.6409],[120.96216,14.64108],[120.96216,14.6409],[120.96207,14.6409]]],[[[120.96206,14.64117],[120.96188,14.64107],[120.96188,14.64116],[120.96206,14.64117]]],[[[120.96531,14.64156],[120.9654,14.64138],[120.96522,14.64137],[120.96531,14.64156]]],[[[120.95825,14.64168],[120.95807,14.64149],[120.95807,14.64167],[120.95825,14.64168]]],[[[120.96336,14.64172],[120.96373,14.64127],[120.96327,14.64145],[120.96336,14.64172]]],[[[120.959,14.64168],[120.95937,14.64159],[120.959,14.64141],[120.959,14.64168]]],[[[120.97403,14.6419],[120.97431,14.64173],[120.97394,14.64172],[120.97403,14.6419]]],[[[120.95881,14.64204],[120.95862,14.64195],[120.95862,14.64204],[120.95881,14.64204]]],[[[120.96784,14.63923],[120.96616,14.63958],[120.96625,14.64003],[120.9656,14.6402],[120.9654,14.6421],[120.96605,14.64174],[120.9666,14.64238],[120.96716,14.64211],[120.96737,14.63986],[120.96784,14.63923]]],[[[120.97328,14.64271],[120.9731,14.64262],[120.9731,14.64271],[120.97328,14.64271]]],[[[120.9717,14.64279],[120.97161,14.6427],[120.97161,14.64279],[120.9717,14.64279]]],[[[120.96038,14.64287],[120.96047,14.64278],[120.96038,14.64278],[120.96038,14.64287]]],[[[120.95982,14.64259],[120.96029,14.64278],[120.9601,14.6425],[120.95982,14.64259]]],[[[120.97272,14.64298],[120.97291,14.64262],[120.97273,14.64252],[120.97272,14.64298]]],[[[120.9601,14.64296],[120.96001,14.64305],[120.9601,14.64305],[120.9601,14.64296]]],[[[120.96056,14.64287],[120.96047,14.64305],[120.96056,14.64305],[120.96056,14.64287]]],[[[120.96019,14.64305],[120.9601,14.64314],[120.96019,14.64314],[120.96019,14.64305]]],[[[120.96047,14.64314],[120.96038,14.64305],[120.96038,14.64314],[120.96047,14.64314]]],[[[120.96037,14.64323],[120.96019,14.64314],[120.96019,14.64323],[120.96037,14.64323]]],[[[120.97253,14.64334],[120.97235,14.64315],[120.97235,14.64333],[120.97253,14.64334]]],[[[120.96446,14.64336],[120.96493,14.64282],[120.96456,14.64263],[120.96446,14.64336]]],[[[120.97197,14.64342],[120.97179,14.64324],[120.97179,14.64342],[120.97197,14.64342]]],[[[120.96111,14.64351],[120.96121,14.64342],[120.96112,14.64342],[120.96111,14.64351]]],[[[120.96093,14.6436],[120.96084,14.64351],[120.96084,14.6436],[120.96093,14.6436]]],[[[120.9613,14.64351],[120.96121,14.6436],[120.9613,14.6436],[120.9613,14.64351]]],[[[120.96139,14.6436],[120.9613,14.64369],[120.96139,14.64369],[120.96139,14.6436]]],[[[120.97188,14.64369],[120.97169,14.6436],[120.97169,14.64369],[120.97188,14.64369]]],[[[120.96083,14.64387],[120.96093,14.64378],[120.96083,14.64378],[120.96083,14.64387]]],[[[120.96167,14.64387],[120.96093,14.64396],[120.96166,14.64433],[120.96167,14.64387]]],[[[120.96185,14.64451],[120.96194,14.64442],[120.96185,14.64442],[120.96185,14.64451]]],[[[120.96213,14.6446],[120.96194,14.64469],[120.96212,14.64469],[120.96213,14.6446]]],[[[120.96574,14.64472],[120.96565,14.64463],[120.96565,14.64472],[120.96574,14.64472]]],[[[120.96222,14.64469],[120.96212,14.64478],[120.96222,14.64478],[120.96222,14.64469]]],[[[120.96343,14.64452],[120.96296,14.64479],[120.96352,14.64488],[120.96343,14.64452]]],[[[120.97158,14.64586],[120.97149,14.64568],[120.9714,14.64586],[120.97158,14.64586]]],[[[120.97093,14.64621],[120.97074,14.64648],[120.97092,14.64658],[120.97093,14.64621]]],[[[120.97083,14.64703],[120.97064,14.64693],[120.97064,14.64702],[120.97083,14.64703]]],[[[120.97306,14.64668],[120.97381,14.64534],[120.97289,14.64488],[120.9741,14.64461],[120.97447,14.64408],[120.97534,14.64119],[120.97536,14.63884],[120.97647,14.63894],[120.976,14.63984],[120.97682,14.64093],[120.97722,14.63859],[120.97852,14.63788],[120.9778,14.63525],[120.97697,14.6356],[120.97539,14.63514],[120.97595,14.63469],[120.97809,14.63498],[120.97921,14.63373],[120.98051,14.63365],[120.97988,14.63102],[120.98025,14.6312],[120.98026,14.63039],[120.98138,14.63004],[120.98083,14.62922],[120.98138,14.62941],[120.9812,14.62886],[120.98148,14.62877],[120.98167,14.62905],[120.98185,14.62896],[120.98167,14.62869],[120.98046,14.62849],[120.98055,14.62886],[120.9799,14.62894],[120.97945,14.62812],[120.98168,14.62751],[120.98084,14.62759],[120.98039,14.62678],[120.97936,14.62713],[120.979,14.62658],[120.97974,14.62659],[120.9803,14.62569],[120.98179,14.62561],[120.98282,14.6249],[120.98291,14.62544],[120.98169,14.62625],[120.98187,14.6267],[120.98132,14.62651],[120.98122,14.62706],[120.9828,14.62707],[120.98205,14.62806],[120.98242,14.62797],[120.98278,14.62906],[120.98325,14.62807],[120.98362,14.62861],[120.98418,14.62862],[120.98418,14.62808],[120.9852,14.62854],[120.98576,14.62782],[120.98559,14.62664],[120.98605,14.62683],[120.98633,14.62629],[120.98597,14.62556],[120.98662,14.62575],[120.98662,14.6252],[120.98551,14.62456],[120.98534,14.62339],[120.98432,14.62338],[120.98451,14.62284],[120.98506,14.62293],[120.98453,14.62076],[120.9849,14.62049],[120.98388,14.6203],[120.98398,14.61967],[120.98472,14.61977],[120.98389,14.61904],[120.98399,14.61868],[120.98464,14.61877],[120.98501,14.61805],[120.98447,14.61705],[120.98595,14.61707],[120.98624,14.61571],[120.9868,14.61608],[120.9869,14.61527],[120.98717,14.61572],[120.98848,14.61456],[120.98866,14.61519],[120.98763,14.61609],[120.98819,14.61591],[120.988,14.61636],[120.98837,14.61645],[120.98735,14.61681],[120.98892,14.61718],[120.98891,14.6179],[120.98798,14.61808],[120.98834,14.61926],[120.98863,14.61835],[120.98919,14.61845],[120.98909,14.61908],[120.98964,14.61963],[120.99039,14.61873],[120.98993,14.61818],[120.99077,14.61801],[120.99143,14.61711],[120.99142,14.61775],[120.99217,14.61721],[120.99272,14.61767],[120.99254,14.61685],[120.99291,14.61722],[120.99365,14.61713],[120.99328,14.61785],[120.99384,14.6175],[120.99383,14.61804],[120.9955,14.61814],[120.99513,14.61778],[120.99551,14.61706],[120.99504,14.61723],[120.99533,14.6166],[120.99478,14.61624],[120.99607,14.61679],[120.9958,14.61625],[120.99664,14.61544],[120.99701,14.61562],[120.99647,14.61399],[120.99786,14.61437],[120.9972,14.61526],[120.99776,14.61482],[120.99868,14.61501],[120.99712,14.61337],[120.99769,14.6122],[120.99861,14.61284],[120.99806,14.61193],[120.9989,14.61166],[120.99919,14.61058],[120.99882,14.6104],[120.99863,14.61085],[120.99836,14.6104],[120.99882,14.61013],[121.00051,14.60834],[121.00014,14.60761],[121.00089,14.60734],[121.0007,14.6077],[121.00079,14.60798],[121.00219,14.60654],[121.00202,14.60564],[121.00258,14.60519],[121.00332,14.60538],[121.00379,14.60466],[121.00352,14.60411],[121.00323,14.60501],[121.0023,14.60501],[121.00231,14.60419],[121.00305,14.60438],[121.00315,14.60357],[121.00222,14.60383],[121.00222,14.60329],[121.00176,14.60338],[121.00175,14.6041],[121.00092,14.60409],[121.00157,14.60374],[121.0013,14.60283],[121.00195,14.60247],[121.00223,14.60302],[121.00316,14.60212],[121.00261,14.60176],[121.00177,14.60238],[121.00168,14.60148],[121.00095,14.60066],[121.00039,14.60092],[121.00021,14.60038],[121.0017,14.59985],[121.00169,14.60048],[121.00299,14.60095],[121.00317,14.60176],[121.00697,14.60197],[121.00688,14.60161],[121.00493,14.60151],[121.00466,14.60069],[121.00429,14.60078],[121.00447,14.60141],[121.00326,14.60122],[121.00382,14.60095],[121.00364,14.60023],[121.0028,14.60067],[121.00198,14.59949],[121.00264,14.59868],[121.00264,14.59787],[121.00199,14.59787],[121.00237,14.59778],[121.002,14.59723],[121.00153,14.59777],[121.0017,14.59967],[121.00105,14.59957],[121.00134,14.59885],[121.00041,14.59876],[121.00069,14.59831],[120.99968,14.59703],[120.99921,14.59757],[120.9969,14.59665],[120.99516,14.59482],[120.99397,14.59265],[120.99268,14.59182],[120.99138,14.59208],[120.9911,14.59145],[120.98943,14.59179],[120.98758,14.59151],[120.98674,14.59213],[120.9859,14.59203],[120.9858,14.59267],[120.98515,14.59257],[120.98552,14.59311],[120.98608,14.59258],[120.98664,14.59276],[120.98635,14.59357],[120.9857,14.59348],[120.98598,14.59411],[120.98514,14.59402],[120.98513,14.59492],[120.98597,14.5952],[120.98755,14.59467],[120.98932,14.59324],[120.98969,14.59324],[120.98978,14.59406],[120.98988,14.59324],[120.99183,14.59335],[120.9922,14.59281],[120.99192,14.59362],[120.99062,14.59361],[120.99125,14.59533],[120.9919,14.59534],[120.99116,14.59551],[120.99087,14.59614],[120.99023,14.59514],[120.98977,14.59514],[120.9896,14.59396],[120.98857,14.59395],[120.98791,14.59512],[120.98596,14.59565],[120.98595,14.59682],[120.9851,14.59826],[120.98575,14.5989],[120.98528,14.59962],[120.98453,14.59952],[120.98444,14.60006],[120.98398,14.59934],[120.98464,14.59772],[120.98317,14.5968],[120.98343,14.59798],[120.98279,14.59752],[120.98241,14.59806],[120.98324,14.59879],[120.98175,14.59905],[120.98166,14.59959],[120.98026,14.60048],[120.98062,14.60148],[120.98118,14.6013],[120.9809,14.60085],[120.98128,14.60058],[120.98164,14.60112],[120.98174,14.60085],[120.98239,14.60086],[120.98202,14.60095],[120.98218,14.60294],[120.98283,14.60312],[120.98216,14.6052],[120.98134,14.60383],[120.98078,14.60392],[120.98096,14.60455],[120.98049,14.60491],[120.98058,14.60527],[120.98142,14.60528],[120.98104,14.60591],[120.98049,14.60572],[120.98057,14.60654],[120.98104,14.60654],[120.98056,14.60771],[120.98084,14.60726],[120.98131,14.60763],[120.98102,14.60844],[120.98065,14.60834],[120.98111,14.60871],[120.9811,14.61025],[120.9799,14.60915],[120.98,14.60861],[120.97953,14.60843],[120.97943,14.60951],[120.97907,14.60896],[120.97851,14.60905],[120.9797,14.61014],[120.97886,14.61077],[120.97923,14.61131],[120.97811,14.61149],[120.97756,14.61103],[120.97766,14.61031],[120.97738,14.61076],[120.97636,14.61084],[120.97671,14.61247],[120.97429,14.61389],[120.97473,14.61643],[120.97407,14.61787],[120.9748,14.61923],[120.97219,14.62002],[120.97432,14.62067],[120.97412,14.62166],[120.97487,14.62167],[120.97467,14.62293],[120.97309,14.62319],[120.97272,14.6231],[120.97291,14.62246],[120.97226,14.62264],[120.97198,14.62228],[120.97188,14.62318],[120.97188,14.62363],[120.97262,14.62355],[120.97233,14.6249],[120.97335,14.62545],[120.97343,14.62599],[120.97381,14.62573],[120.97334,14.62644],[120.97389,14.62708],[120.97333,14.62672],[120.97222,14.62707],[120.97221,14.62752],[120.97315,14.62717],[120.97258,14.62834],[120.97359,14.62898],[120.97303,14.62915],[120.97312,14.6297],[120.97098,14.63031],[120.97116,14.63158],[120.97058,14.63365],[120.97142,14.63348],[120.97086,14.63293],[120.97181,14.63077],[120.97291,14.63204],[120.97291,14.63277],[120.97235,14.63294],[120.97318,14.63304],[120.97311,14.63141],[120.97329,14.63196],[120.97375,14.63187],[120.97365,14.63277],[120.97477,14.6326],[120.97448,14.63323],[120.97485,14.63315],[120.97494,14.63387],[120.97457,14.63414],[120.97493,14.63441],[120.97456,14.63513],[120.97529,14.63577],[120.97446,14.63585],[120.97538,14.63658],[120.97472,14.63739],[120.97583,14.63785],[120.97546,14.63839],[120.97481,14.63821],[120.97527,14.63848],[120.97498,14.63938],[120.97461,14.63938],[120.97488,14.63992],[120.97396,14.63973],[120.97348,14.64081],[120.97404,14.64091],[120.97459,14.64191],[120.97272,14.64334],[120.97271,14.64379],[120.97225,14.6436],[120.97271,14.64415],[120.9729,14.6437],[120.97346,14.64389],[120.97345,14.64425],[120.97243,14.64424],[120.97233,14.64487],[120.9715,14.64477],[120.97224,14.64451],[120.97206,14.64378],[120.97104,14.64387],[120.9715,14.64441],[120.97085,14.64468],[120.96779,14.64483],[120.96733,14.64374],[120.96752,14.64293],[120.96688,14.64256],[120.96687,14.64374],[120.96604,14.64283],[120.96594,14.64391],[120.96631,14.6441],[120.96593,14.64481],[120.96537,14.64463],[120.96557,14.64382],[120.96483,14.64372],[120.96436,14.64408],[120.96519,14.64409],[120.9651,14.64463],[120.96333,14.64533],[120.96536,14.64617],[120.96666,14.64591],[120.96637,14.64708],[120.96721,14.64736],[120.96703,14.64663],[120.96786,14.64655],[120.96796,14.64556],[120.97075,14.64558],[120.97252,14.64505],[120.97335,14.6456],[120.97306,14.64668]]],[[[120.96704,14.64519],[120.9675,14.64537],[120.96704,14.64537],[120.96704,14.64519]]],[[[120.96694,14.646],[120.96722,14.64609],[120.96694,14.64618],[120.96694,14.646]]],[[[120.96705,14.64401],[120.96696,14.64392],[120.96705,14.64392],[120.96705,14.64401]]],[[[120.97441,14.64127],[120.97469,14.6411],[120.97478,14.64128],[120.97441,14.64127]]],[[[120.97506,14.64119],[120.97487,14.6411],[120.97506,14.6411],[120.97506,14.64119]]],[[[120.97648,14.63849],[120.97611,14.63776],[120.97648,14.6375],[120.97648,14.63849]]],[[[120.97685,14.63822],[120.97676,14.63786],[120.97694,14.63786],[120.97685,14.63822]]],[[[120.97565,14.63722],[120.97547,14.63695],[120.97565,14.63704],[120.97565,14.63722]]],[[[120.9764,14.63686],[120.97584,14.63704],[120.97575,14.63686],[120.9764,14.63686]]],[[[120.97751,14.63651],[120.97761,14.6366],[120.97761,14.63651],[120.97751,14.63651]]],[[[120.97751,14.63669],[120.97742,14.6366],[120.97742,14.63669],[120.97751,14.63669]]],[[[120.97724,14.63651],[120.97752,14.63633],[120.97724,14.63642],[120.97724,14.63651]]],[[[120.97659,14.63641],[120.97668,14.6365],[120.97659,14.6365],[120.97659,14.63641]]],[[[120.97752,14.63588],[120.97734,14.6357],[120.97752,14.63579],[120.97752,14.63588]]],[[[120.9765,14.63569],[120.97659,14.63587],[120.9765,14.63587],[120.9765,14.63569]]],[[[120.97576,14.6355],[120.97585,14.63586],[120.97566,14.63586],[120.97576,14.6355]]],[[[120.97641,14.63569],[120.97622,14.6356],[120.97641,14.6356],[120.97641,14.63569]]],[[[120.97707,14.6347],[120.97698,14.63416],[120.97735,14.63425],[120.97707,14.6347]]],[[[120.97996,14.63346],[120.97986,14.63337],[120.97996,14.63337],[120.97996,14.63346]]],[[[120.97625,14.6328],[120.97607,14.63261],[120.97625,14.63261],[120.97625,14.6328]]],[[[120.97467,14.63242],[120.97458,14.63233],[120.97468,14.63233],[120.97467,14.63242]]],[[[120.97755,14.63236],[120.97746,14.63226],[120.97755,14.63226],[120.97755,14.63236]]],[[[120.97458,14.63215],[120.97449,14.63206],[120.97459,14.63206],[120.97458,14.63215]]],[[[120.97941,14.63165],[120.97932,14.63147],[120.97942,14.63147],[120.97941,14.63165]]],[[[120.97942,14.63129],[120.97923,14.6312],[120.97942,14.6312],[120.97942,14.63129]]],[[[120.97998,14.63075],[120.9797,14.63057],[120.97989,14.63057],[120.97998,14.63075]]],[[[120.98101,14.63013],[120.98064,14.62985],[120.98082,14.62985],[120.98101,14.63013]]],[[[120.98045,14.62994],[120.98026,14.63021],[120.98027,14.62994],[120.98045,14.62994]]],[[[120.9747,14.62971],[120.97442,14.62953],[120.9747,14.62962],[120.9747,14.62971]]],[[[120.97925,14.62939],[120.97907,14.62902],[120.97935,14.62903],[120.97925,14.62939]]],[[[120.97722,14.62838],[120.97713,14.62829],[120.97722,14.62829],[120.97722,14.62838]]],[[[120.9787,14.6283],[120.97843,14.62803],[120.97852,14.62766],[120.97898,14.62794],[120.9787,14.6283]]],[[[120.9776,14.62766],[120.97778,14.62784],[120.97759,14.62784],[120.9776,14.62766]]],[[[120.9763,14.62674],[120.97648,14.62837],[120.97714,14.6272],[120.9763,14.62674]]],[[[120.97602,14.62746],[120.97611,14.62737],[120.97602,14.62737],[120.97602,14.62746]]],[[[120.97501,14.62601],[120.97529,14.62592],[120.97511,14.62583],[120.97501,14.62601]]],[[[120.9752,14.62619],[120.97455,14.62591],[120.97427,14.62645],[120.9751,14.62664],[120.97463,14.62754],[120.97407,14.62754],[120.97481,14.62799],[120.97537,14.62737],[120.9752,14.62619]]],[[[120.97417,14.6269],[120.97426,14.627],[120.97417,14.62699],[120.97417,14.6269]]],[[[120.97574,14.62809],[120.97583,14.62791],[120.97601,14.62809],[120.97574,14.62809]]],[[[120.97574,14.62764],[120.97565,14.62746],[120.97574,14.62746],[120.97574,14.62764]]],[[[120.97593,14.62719],[120.97575,14.62683],[120.97602,14.62701],[120.97593,14.62719]]],[[[120.97575,14.62647],[120.97575,14.62601],[120.97575,14.62629],[120.97612,14.6262],[120.9764,14.62656],[120.97575,14.62647]]],[[[120.97919,14.62631],[120.97882,14.62586],[120.9791,14.62577],[120.97919,14.62631]]],[[[120.9764,14.6262],[120.97649,14.62629],[120.9764,14.62629],[120.9764,14.6262]]],[[[120.97815,14.62811],[120.97806,14.62802],[120.97815,14.62802],[120.97815,14.62811]]],[[[120.97797,14.62748],[120.97769,14.62721],[120.97806,14.62721],[120.97797,14.62748]]],[[[120.97741,14.6272],[120.97732,14.62711],[120.97741,14.62711],[120.97741,14.6272]]],[[[120.97872,14.62685],[120.97862,14.62676],[120.97872,14.62676],[120.97872,14.62685]]],[[[120.97622,14.6253],[120.97613,14.6252],[120.97623,14.6252],[120.97622,14.6253]]],[[[120.97567,14.6252],[120.97548,14.62511],[120.97567,14.62511],[120.97567,14.6252]]],[[[120.98189,14.62516],[120.9818,14.62498],[120.98189,14.62498],[120.98189,14.62516]]],[[[120.98161,14.62498],[120.98152,14.62507],[120.98161,14.62507],[120.98161,14.62498]]],[[[120.98124,14.62489],[120.98152,14.62471],[120.98134,14.62462],[120.98124,14.62489]]],[[[120.97326,14.62473],[120.97354,14.62509],[120.97307,14.62509],[120.97326,14.62473]]],[[[120.97641,14.62494],[120.97605,14.62457],[120.97642,14.62475],[120.97641,14.62494]]],[[[120.98171,14.62444],[120.98189,14.62462],[120.98189,14.62435],[120.98171,14.62444]]],[[[120.9817,14.6248],[120.98161,14.62462],[120.98161,14.6248],[120.9817,14.6248]]],[[[120.98431,14.62455],[120.98421,14.62437],[120.98431,14.62437],[120.98431,14.62455]]],[[[120.98264,14.62436],[120.98273,14.62445],[120.98264,14.62445],[120.98264,14.62436]]],[[[120.974,14.62464],[120.97428,14.62474],[120.974,14.62473],[120.974,14.62464]]],[[[120.97354,14.62428],[120.97355,14.62383],[120.97373,14.62419],[120.97354,14.62428]]],[[[120.97596,14.62412],[120.97577,14.62394],[120.97596,14.62394],[120.97596,14.62412]]],[[[120.98505,14.62402],[120.98487,14.62383],[120.98505,14.62393],[120.98505,14.62402]]],[[[120.98422,14.62365],[120.98431,14.62401],[120.98413,14.62401],[120.98422,14.62365]]],[[[120.98376,14.62364],[120.98394,14.62392],[120.98366,14.62391],[120.98376,14.62364]]],[[[120.98153,14.62344],[120.98171,14.62372],[120.98144,14.62371],[120.98153,14.62344]]],[[[120.97652,14.62358],[120.9767,14.62367],[120.97652,14.62376],[120.97652,14.62358]]],[[[120.98078,14.62398],[120.98097,14.62371],[120.98106,14.62398],[120.98078,14.62398]]],[[[120.97531,14.62384],[120.9754,14.62393],[120.97531,14.62393],[120.97531,14.62384]]],[[[120.97717,14.62341],[120.97708,14.62322],[120.97736,14.62323],[120.97717,14.62341]]],[[[120.98414,14.62292],[120.98385,14.62319],[120.98386,14.62292],[120.98414,14.62292]]],[[[120.97968,14.6227],[120.97941,14.62216],[120.97959,14.62216],[120.97968,14.6227]]],[[[120.9847,14.62221],[120.98433,14.62184],[120.98479,14.62185],[120.9847,14.62221]]],[[[120.98368,14.62184],[120.98386,14.62202],[120.98368,14.62202],[120.98368,14.62184]]],[[[120.97496,14.62194],[120.97533,14.62212],[120.97495,14.62212],[120.97496,14.62194]]],[[[120.97607,14.62231],[120.97616,14.62195],[120.97625,14.62222],[120.97607,14.62231]]],[[[120.97597,14.62249],[120.97625,14.62267],[120.97597,14.62267],[120.97597,14.62249]]],[[[120.97524,14.62167],[120.97487,14.62086],[120.97488,14.62013],[120.97525,14.62059],[120.97524,14.62167]]],[[[120.97941,14.62153],[120.97932,14.62126],[120.97951,14.62126],[120.97941,14.62153]]],[[[120.98081,14.62118],[120.98072,14.62109],[120.98081,14.62109],[120.98081,14.62118]]],[[[120.98397,14.62112],[120.98406,14.62057],[120.98434,14.62058],[120.98434,14.62103],[120.98397,14.62112]]],[[[120.98248,14.62074],[120.98267,14.62083],[120.98248,14.62083],[120.98248,14.62074]]],[[[120.9836,14.62084],[120.98369,14.62093],[120.9836,14.62093],[120.9836,14.62084]]],[[[120.97915,14.62044],[120.97887,14.61999],[120.97906,14.6199],[120.97915,14.62044]]],[[[120.98351,14.6203],[120.98295,14.62011],[120.98296,14.61948],[120.98351,14.6203]]],[[[120.98398,14.61958],[120.98389,14.6194],[120.98398,14.6194],[120.98398,14.61958]]],[[[120.97897,14.61963],[120.97887,14.61981],[120.97878,14.61962],[120.97897,14.61963]]],[[[120.98268,14.61984],[120.98259,14.61975],[120.98268,14.61975],[120.98268,14.61984]]],[[[120.98212,14.61992],[120.9824,14.6202],[120.98212,14.62011],[120.98212,14.61992]]],[[[120.97739,14.62006],[120.97757,14.62016],[120.97739,14.62015],[120.97739,14.62006]]],[[[120.9837,14.61922],[120.98352,14.61894],[120.9838,14.61904],[120.9837,14.61922]]],[[[120.97879,14.61899],[120.97888,14.61917],[120.97879,14.61917],[120.97879,14.61899]]],[[[120.98232,14.61884],[120.98289,14.61722],[120.9828,14.61641],[120.98261,14.61668],[120.98234,14.6164],[120.98318,14.61614],[120.98363,14.61741],[120.98297,14.61794],[120.98325,14.61858],[120.98232,14.61884]]],[[[120.98577,14.61688],[120.98577,14.61643],[120.98596,14.61652],[120.98577,14.61688]]],[[[120.98355,14.61632],[120.98336,14.61623],[120.98355,14.61623],[120.98355,14.61632]]],[[[120.97649,14.61635],[120.97668,14.61662],[120.97649,14.61653],[120.97649,14.61635]]],[[[120.97667,14.6168],[120.97705,14.61636],[120.97807,14.61673],[120.97741,14.61708],[120.97667,14.6168]]],[[[120.97593,14.6168],[120.9763,14.61689],[120.97593,14.61689],[120.97593,14.6168]]],[[[120.97843,14.61727],[120.97862,14.61745],[120.97843,14.61745],[120.97843,14.61727]]],[[[120.975,14.61733],[120.97518,14.6176],[120.975,14.6176],[120.975,14.61733]]],[[[120.97973,14.61728],[120.97889,14.61755],[120.9789,14.61737],[120.97973,14.61728]]],[[[120.9787,14.61836],[120.97879,14.61845],[120.9787,14.61845],[120.9787,14.61836]]],[[[120.97622,14.61608],[120.97603,14.61599],[120.97622,14.6159],[120.97622,14.61608]]],[[[120.98151,14.61603],[120.98132,14.61594],[120.98151,14.61594],[120.98151,14.61603]]],[[[120.97928,14.61592],[120.9791,14.61574],[120.97928,14.61565],[120.97928,14.61592]]],[[[120.98262,14.61586],[120.98272,14.6155],[120.98281,14.61586],[120.98262,14.61586]]],[[[120.98522,14.6157],[120.98513,14.61552],[120.98522,14.61552],[120.98522,14.6157]]],[[[120.98096,14.61531],[120.98077,14.61558],[120.98068,14.61539],[120.98096,14.61531]]],[[[120.98588,14.6149],[120.98606,14.61508],[120.98606,14.6149],[120.98588,14.6149]]],[[[120.98578,14.61535],[120.98551,14.61507],[120.9855,14.61534],[120.98578,14.61535]]],[[[120.9831,14.61478],[120.98281,14.61532],[120.98291,14.61478],[120.9831,14.61478]]],[[[120.9843,14.61506],[120.98439,14.61479],[120.98439,14.61506],[120.9843,14.61506]]],[[[120.98467,14.61498],[120.98477,14.61471],[120.98486,14.61498],[120.98467,14.61498]]],[[[120.98718,14.61491],[120.98699,14.61473],[120.98718,14.61473],[120.98718,14.61491]]],[[[120.98625,14.6149],[120.98643,14.61499],[120.98625,14.61499],[120.98625,14.6149]]],[[[120.98755,14.61446],[120.98774,14.61473],[120.98783,14.61446],[120.98755,14.61446]]],[[[120.98737,14.61455],[120.98746,14.61446],[120.98737,14.61446],[120.98737,14.61455]]],[[[120.98894,14.61474],[120.98904,14.61429],[120.98922,14.61465],[120.98894,14.61474]]],[[[120.99191,14.61468],[120.99183,14.61413],[120.99239,14.61378],[120.99257,14.61423],[120.99191,14.61468]]],[[[120.99071,14.61476],[120.99089,14.61494],[120.99061,14.61494],[120.99071,14.61476]]],[[[120.99033,14.6153],[120.99061,14.61503],[120.99052,14.6153],[120.99033,14.6153]]],[[[120.99116,14.6153],[120.99098,14.61503],[120.99117,14.61503],[120.99116,14.6153]]],[[[120.99163,14.6154],[120.992,14.61513],[120.99163,14.61558],[120.99163,14.6154]]],[[[120.98959,14.61538],[120.98977,14.61556],[120.98958,14.61556],[120.98959,14.61538]]],[[[120.9946,14.61515],[120.99414,14.61497],[120.99422,14.6156],[120.9946,14.61515]]],[[[120.99395,14.61479],[120.99442,14.61452],[120.99386,14.61451],[120.99395,14.61479]]],[[[120.9946,14.61479],[120.99516,14.61489],[120.9948,14.6138],[120.99452,14.61389],[120.9946,14.61479]]],[[[120.99228,14.61468],[120.99247,14.61495],[120.99219,14.61495],[120.99228,14.61468]]],[[[120.99126,14.61476],[120.99145,14.61485],[120.99126,14.61485],[120.99126,14.61476]]],[[[120.99145,14.61494],[120.99163,14.61504],[120.99145,14.61503],[120.99145,14.61494]]],[[[120.99367,14.61496],[120.99358,14.61487],[120.99367,14.61487],[120.99367,14.61496]]],[[[120.9958,14.61561],[120.99562,14.61534],[120.9959,14.61543],[120.9958,14.61561]]],[[[120.99506,14.61561],[120.99515,14.6157],[120.99506,14.6157],[120.99506,14.61561]]],[[[120.98828,14.61564],[120.98847,14.61591],[120.98828,14.61591],[120.98828,14.61564]]],[[[120.99385,14.61605],[120.99376,14.61578],[120.99394,14.61578],[120.99385,14.61605]]],[[[120.99014,14.61602],[120.99023,14.6162],[120.99014,14.6162],[120.99014,14.61602]]],[[[120.99264,14.61631],[120.99274,14.61604],[120.99283,14.61622],[120.99264,14.61631]]],[[[120.99143,14.61621],[120.99153,14.61648],[120.99143,14.61648],[120.99143,14.61621]]],[[[120.99023,14.61629],[120.99041,14.61647],[120.99023,14.61656],[120.99023,14.61629]]],[[[120.99283,14.6164],[120.99301,14.61658],[120.99301,14.6164],[120.99283,14.6164]]],[[[120.99282,14.61676],[120.99273,14.61658],[120.99273,14.61676],[120.99282,14.61676]]],[[[120.99403,14.61659],[120.99394,14.61614],[120.99413,14.61614],[120.99403,14.61659]]],[[[120.99449,14.6166],[120.99496,14.61678],[120.99477,14.61732],[120.99449,14.61723],[120.99449,14.6166]]],[[[120.99357,14.61668],[120.99347,14.61686],[120.99338,14.61668],[120.99357,14.61668]]],[[[120.9944,14.61696],[120.99431,14.61678],[120.9944,14.61678],[120.9944,14.61696]]],[[[120.99403,14.61714],[120.99402,14.61741],[120.99393,14.61741],[120.99403,14.61714]]],[[[120.99439,14.61741],[120.9943,14.61732],[120.99439,14.61732],[120.99439,14.61741]]],[[[120.99124,14.61684],[120.99143,14.61702],[120.99143,14.61684],[120.99124,14.61684]]],[[[120.99124,14.61702],[120.99106,14.61657],[120.99078,14.61702],[120.99124,14.61702]]],[[[120.9905,14.61665],[120.99069,14.61675],[120.9905,14.61674],[120.9905,14.61665]]],[[[120.98985,14.61674],[120.98994,14.61692],[120.98985,14.61692],[120.98985,14.61674]]],[[[120.99013,14.61701],[120.99031,14.61719],[120.99013,14.61719],[120.99013,14.61701]]],[[[120.99088,14.61629],[120.99097,14.61639],[120.99097,14.6163],[120.99088,14.61629]]],[[[120.99088,14.61648],[120.99078,14.61638],[120.99078,14.61647],[120.99088,14.61648]]],[[[120.99311,14.61613],[120.99301,14.61604],[120.99311,14.61604],[120.99311,14.61613]]],[[[120.99033,14.61575],[120.99051,14.61584],[120.99032,14.61584],[120.99033,14.61575]]],[[[120.99636,14.61553],[120.99618,14.61535],[120.99636,14.61526],[120.99636,14.61553]]],[[[120.99618,14.61517],[120.99599,14.61498],[120.99618,14.61499],[120.99618,14.61517]]],[[[120.99507,14.61498],[120.99516,14.61516],[120.99497,14.61516],[120.99507,14.61498]]],[[[120.99628,14.61453],[120.99618,14.61444],[120.99628,14.61444],[120.99628,14.61453]]],[[[120.99517,14.61371],[120.99563,14.61408],[120.99572,14.6139],[120.99517,14.61371]]],[[[120.99517,14.61407],[120.99498,14.61398],[120.99498,14.61407],[120.99517,14.61407]]],[[[120.99164,14.61359],[120.99192,14.61377],[120.99164,14.61377],[120.99164,14.61359]]],[[[120.98997,14.61367],[120.98951,14.61393],[120.98942,14.6133],[120.9897,14.6133],[120.98997,14.61367]]],[[[120.99294,14.61369],[120.99304,14.61342],[120.99313,14.6136],[120.99294,14.61369]]],[[[120.9935,14.61361],[120.99416,14.6128],[120.99453,14.61307],[120.99452,14.61325],[120.9935,14.61361]]],[[[120.99564,14.61353],[120.99554,14.61344],[120.99564,14.61344],[120.99564,14.61353]]],[[[120.99601,14.61327],[120.99592,14.61336],[120.99601,14.61336],[120.99601,14.61327]]],[[[120.99582,14.61327],[120.99592,14.61309],[120.99583,14.61308],[120.99582,14.61327]]],[[[120.99601,14.61291],[120.9962,14.61318],[120.9962,14.61291],[120.99601,14.61291]]],[[[120.99807,14.61103],[120.99806,14.61184],[120.99779,14.61156],[120.99704,14.6121],[120.99741,14.61238],[120.99666,14.61264],[120.99675,14.613],[120.99629,14.61264],[120.99807,14.61103]]],[[[120.99761,14.61075],[120.99779,14.61102],[120.9978,14.61075],[120.99761,14.61075]]],[[[120.99761,14.6112],[120.99742,14.61111],[120.99742,14.6112],[120.99761,14.6112]]],[[[120.9938,14.61099],[120.99417,14.61144],[120.99389,14.61153],[120.9938,14.61099]]],[[[120.99316,14.61044],[120.99213,14.61152],[120.99138,14.61151],[120.99298,14.61008],[120.99316,14.61044]]],[[[120.99752,14.61066],[120.99752,14.6103],[120.9978,14.6103],[120.99752,14.61066]]],[[[120.99817,14.61057],[120.99798,14.61048],[120.99817,14.61048],[120.99817,14.61057]]],[[[120.99464,14.61027],[120.99474,14.61036],[120.99464,14.61036],[120.99464,14.61027]]],[[[120.99427,14.61018],[120.99391,14.60991],[120.99418,14.60982],[120.99427,14.61018]]],[[[120.99641,14.61011],[120.99622,14.61002],[120.99641,14.61002],[120.99641,14.61011]]],[[[120.99817,14.61003],[120.99808,14.60985],[120.99817,14.60985],[120.99817,14.61003]]],[[[120.99678,14.60957],[120.9965,14.60993],[120.99632,14.60956],[120.99678,14.60957]]],[[[120.99808,14.60949],[120.99809,14.60913],[120.99827,14.60913],[120.99808,14.60949]]],[[[120.9966,14.60911],[120.9967,14.60921],[120.9966,14.60921],[120.9966,14.60911]]],[[[120.99308,14.60845],[120.9928,14.60935],[120.9929,14.60845],[120.99308,14.60845]]],[[[120.99957,14.60905],[120.9993,14.60851],[120.99976,14.6086],[120.99957,14.60905]]],[[[120.99828,14.60868],[120.99809,14.60886],[120.99828,14.60886],[120.99828,14.60868]]],[[[120.99791,14.60876],[120.99772,14.60849],[120.99763,14.60876],[120.99791,14.60876]]],[[[120.99846,14.60886],[120.99827,14.60904],[120.99846,14.60904],[120.99846,14.60886]]],[[[120.99856,14.6085],[120.99837,14.60832],[120.99856,14.60832],[120.99856,14.6085]]],[[[120.99977,14.60815],[120.99958,14.60833],[120.99977,14.60833],[120.99977,14.60815]]],[[[120.99912,14.60841],[120.99958,14.60788],[120.99884,14.60769],[120.99912,14.60841]]],[[[120.99977,14.6077],[120.99968,14.60761],[120.99977,14.60761],[120.99977,14.6077]]],[[[120.9982,14.6075],[120.99819,14.60795],[120.99791,14.60804],[120.9982,14.6075]]],[[[120.99847,14.6075],[120.99838,14.60732],[120.99857,14.60732],[120.99847,14.6075]]],[[[120.9994,14.60733],[120.99894,14.60697],[120.99894,14.60679],[120.99959,14.60679],[120.9994,14.60733]]],[[[121.00024,14.60725],[121.00015,14.60716],[121.00024,14.60716],[121.00024,14.60725]]],[[[120.99849,14.6057],[120.99829,14.60723],[120.99774,14.60696],[120.99793,14.60642],[120.99737,14.60641],[120.99784,14.60614],[120.99756,14.60542],[120.99803,14.60551],[120.99793,14.60632],[120.99849,14.6057]]],[[[120.99978,14.6067],[120.9996,14.60652],[120.99978,14.60652],[120.99978,14.6067]]],[[[120.99904,14.60642],[120.99895,14.60624],[120.99904,14.60624],[120.99904,14.60642]]],[[[120.99969,14.60634],[120.9996,14.60607],[120.99979,14.60607],[120.99969,14.60634]]],[[[121.00081,14.60554],[121.00025,14.60616],[120.99998,14.60562],[121.00081,14.60554]]],[[[120.9996,14.60562],[120.9997,14.60571],[120.9996,14.60571],[120.9996,14.60562]]],[[[120.99868,14.6057],[120.99895,14.60588],[120.99867,14.60588],[120.99868,14.6057]]],[[[120.99923,14.60606],[120.99942,14.60571],[120.99942,14.60607],[120.99923,14.60606]]],[[[120.99849,14.60525],[120.99831,14.60533],[120.99831,14.60515],[120.99849,14.60525]]],[[[121.00146,14.60518],[121.0011,14.605],[121.00147,14.60491],[121.00146,14.60518]]],[[[121.00184,14.60491],[121.00165,14.60473],[121.00184,14.60473],[121.00184,14.60491]]],[[[120.99943,14.60462],[120.99961,14.6048],[120.99943,14.6048],[120.99943,14.60462]]],[[[120.99451,14.60449],[120.99469,14.60521],[120.99479,14.60476],[120.99525,14.60486],[120.99498,14.60431],[120.99451,14.60449]]],[[[120.99442,14.60449],[120.99451,14.6044],[120.99442,14.6044],[120.99442,14.60449]]],[[[120.99517,14.60395],[120.99525,14.60431],[120.99526,14.60395],[120.99517,14.60395]]],[[[120.99071,14.60455],[120.99089,14.60491],[120.99061,14.60482],[120.99071,14.60455]]],[[[120.99182,14.60456],[120.99173,14.60446],[120.99182,14.60447],[120.99182,14.60456]]],[[[120.99015,14.60436],[120.99015,14.60463],[120.98987,14.60436],[120.99015,14.60436]]],[[[120.99349,14.60439],[120.9934,14.6043],[120.99349,14.6043],[120.99349,14.60439]]],[[[120.99368,14.6043],[120.99359,14.60376],[120.99378,14.60376],[120.99396,14.60403],[120.99368,14.6043]]],[[[120.99479,14.60413],[120.9947,14.60386],[120.99489,14.60395],[120.99479,14.60413]]],[[[120.99591,14.60405],[120.99572,14.60387],[120.99591,14.60378],[120.99591,14.60405]]],[[[121.0001,14.60192],[121.00037,14.60363],[120.99953,14.60372],[120.99999,14.60417],[120.99952,14.60453],[120.99907,14.60362],[121.0001,14.60192]]],[[[121.00056,14.603],[121.00056,14.60255],[121.00084,14.60255],[121.00056,14.603]]],[[[121.0014,14.60193],[121.00113,14.60165],[121.0014,14.60166],[121.0014,14.60193]]],[[[121.00075,14.60156],[121.00066,14.60201],[121.00048,14.60165],[121.00075,14.60156]]],[[[121.00011,14.60128],[121.00001,14.60182],[120.99964,14.60137],[121.00011,14.60128]]],[[[120.99556,14.60115],[120.99547,14.60133],[120.99528,14.60133],[120.99556,14.60115]]],[[[120.99352,14.60105],[120.99278,14.60131],[120.99297,14.60077],[120.99352,14.60105]]],[[[120.9938,14.60105],[120.99362,14.60096],[120.9938,14.60096],[120.9938,14.60105]]],[[[120.99872,14.601],[120.99872,14.60064],[120.9991,14.60037],[120.99928,14.60082],[120.99872,14.601]]],[[[121.00011,14.60092],[121.00002,14.60083],[121.00011,14.60083],[121.00011,14.60092]]],[[[120.99993,14.60056],[120.99984,14.60038],[120.99993,14.60038],[120.99993,14.60056]]],[[[120.99854,14.60046],[120.99733,14.60081],[120.99761,14.60036],[120.99724,14.60017],[120.99808,14.6],[120.99854,14.60046]]],[[[120.9914,14.59976],[120.99149,14.60021],[120.99121,14.60021],[120.9914,14.59976]]],[[[120.99251,14.59995],[120.99242,14.59986],[120.99251,14.59986],[120.99251,14.59995]]],[[[121.00096,14.59993],[121.00068,14.59975],[121.00105,14.59975],[121.00096,14.59993]]],[[[120.99558,14.59971],[120.99576,14.59989],[120.99557,14.5998],[120.99558,14.59971]]],[[[120.9902,14.5993],[120.99028,14.60002],[120.99001,14.5993],[120.9902,14.5993]]],[[[120.99994,14.59975],[120.99976,14.59893],[121.00013,14.59893],[120.99994,14.59975]]],[[[120.99605,14.59881],[120.99614,14.59917],[120.99586,14.59908],[120.99605,14.59881]]],[[[120.99224,14.59869],[120.99214,14.59968],[120.99131,14.59949],[120.99122,14.59886],[120.99224,14.59869]]],[[[120.99669,14.59927],[120.99642,14.59899],[120.99669,14.59908],[120.99669,14.59927]]],[[[120.99614,14.59872],[120.99549,14.59835],[120.99559,14.59772],[120.99606,14.59781],[120.99577,14.59817],[120.99614,14.59872]]],[[[120.99837,14.59865],[120.99846,14.59847],[120.99855,14.59865],[120.99837,14.59865]]],[[[120.99939,14.59848],[120.99911,14.59829],[120.99939,14.59839],[120.99939,14.59848]]],[[[121.00004,14.59839],[120.99967,14.59812],[120.99995,14.59803],[121.00004,14.59839]]],[[[120.99605,14.598],[120.99633,14.59845],[120.99596,14.59827],[120.99605,14.598]]],[[[120.99782,14.59801],[120.99773,14.59774],[120.99791,14.59774],[120.99782,14.59801]]],[[[120.99244,14.59769],[120.99253,14.59796],[120.99244,14.59796],[120.99244,14.59769]]],[[[120.99021,14.59749],[120.99077,14.59759],[120.99059,14.59704],[120.99078,14.59659],[120.99021,14.59749]]],[[[120.99067,14.59804],[120.99058,14.59786],[120.99058,14.59804],[120.99067,14.59804]]],[[[120.99086,14.59786],[120.99114,14.59804],[120.99086,14.59813],[120.99086,14.59786]]],[[[120.98937,14.59812],[120.98881,14.5982],[120.98882,14.59784],[120.98919,14.59776],[120.98937,14.59812]]],[[[120.9878,14.59765],[120.98789,14.59783],[120.9878,14.59783],[120.9878,14.59765]]],[[[120.98594,14.59746],[120.98622,14.59818],[120.98724,14.59756],[120.98716,14.59692],[120.98669,14.59755],[120.98632,14.59692],[120.98594,14.59746]]],[[[120.98585,14.59746],[120.98595,14.59737],[120.98585,14.59737],[120.98585,14.59746]]],[[[120.98612,14.59845],[120.98585,14.59818],[120.98584,14.59845],[120.98612,14.59845]]],[[[120.98705,14.59819],[120.98687,14.59783],[120.98733,14.59801],[120.98705,14.59819]]],[[[120.98827,14.5973],[120.98818,14.59693],[120.98771,14.5972],[120.98753,14.59684],[120.98883,14.59676],[120.98827,14.5973]]],[[[120.98929,14.59703],[120.9892,14.59676],[120.98938,14.59685],[120.98929,14.59703]]],[[[120.98688,14.59674],[120.98614,14.59619],[120.9879,14.5963],[120.98716,14.59638],[120.98688,14.59674]]],[[[120.99106,14.5966],[120.99087,14.59641],[120.99106,14.59642],[120.99106,14.5966]]],[[[120.99133,14.59687],[120.99152,14.59642],[120.9918,14.5966],[120.99133,14.59687]]],[[[120.99542,14.59645],[120.99551,14.59654],[120.99551,14.59645],[120.99542,14.59645]]],[[[120.99542,14.59663],[120.99533,14.59654],[120.99532,14.59663],[120.99542,14.59663]]],[[[120.99551,14.59636],[120.9956,14.59645],[120.99561,14.59636],[120.99551,14.59636]]],[[[120.99653,14.59646],[120.99635,14.59628],[120.99653,14.59628],[120.99653,14.59646]]],[[[120.9905,14.59632],[120.99059,14.59659],[120.99041,14.5965],[120.9905,14.59632]]],[[[120.98837,14.59621],[120.98818,14.59612],[120.98837,14.59612],[120.98837,14.59621]]],[[[120.98669,14.59692],[120.98678,14.5971],[120.98669,14.5971],[120.98669,14.59692]]],[[[120.98789,14.59829],[120.98807,14.59838],[120.98807,14.59829],[120.98789,14.59829]]],[[[120.98816,14.59856],[120.98761,14.59855],[120.98816,14.59874],[120.98816,14.59856]]],[[[120.98696,14.59828],[120.98705,14.59837],[120.98696,14.59837],[120.98696,14.59828]]],[[[120.98835,14.59847],[120.98881,14.59857],[120.98871,14.59902],[120.98844,14.59901],[120.98835,14.59847]]],[[[120.98602,14.5989],[120.98612,14.59908],[120.98602,14.59908],[120.98602,14.5989]]],[[[120.98704,14.599],[120.98695,14.59891],[120.98705,14.59891],[120.98704,14.599]]],[[[120.98992,14.59876],[120.98983,14.59866],[120.98992,14.59867],[120.98992,14.59876]]],[[[120.98918,14.59866],[120.989,14.59848],[120.98928,14.59848],[120.98918,14.59866]]],[[[120.99197,14.59859],[120.99178,14.5985],[120.99197,14.5985],[120.99197,14.59859]]],[[[120.99494,14.59853],[120.99484,14.59844],[120.99494,14.59844],[120.99494,14.59853]]],[[[120.99169,14.59841],[120.9916,14.59814],[120.99188,14.59814],[120.99169,14.59841]]],[[[120.99513,14.59808],[120.99504,14.59781],[120.99513,14.59781],[120.99513,14.59808]]],[[[120.99615,14.59736],[120.99597,14.59709],[120.99616,14.59709],[120.99615,14.59736]]],[[[120.99653,14.59719],[120.99643,14.59709],[120.99653,14.5971],[120.99653,14.59719]]],[[[120.99216,14.59715],[120.99235,14.59733],[120.99216,14.59733],[120.99216,14.59715]]],[[[120.9939,14.59969],[120.99409,14.59942],[120.99418,14.59961],[120.9939,14.59969]]],[[[120.9979,14.59964],[120.9978,14.59955],[120.9979,14.59955],[120.9979,14.59964]]],[[[120.98546,14.59953],[120.98574,14.5998],[120.98537,14.59971],[120.98546,14.59953]]],[[[120.98908,14.6001],[120.9889,14.59956],[120.98936,14.59956],[120.98908,14.6001]]],[[[120.98351,14.60006],[120.98359,14.60105],[120.98396,14.60105],[120.98359,14.60177],[120.98322,14.60078],[120.98248,14.60086],[120.98332,14.6006],[120.98351,14.60006]]],[[[120.98249,14.60014],[120.98184,14.60004],[120.98156,14.60022],[120.98203,14.59968],[120.98249,14.60014]]],[[[120.98284,14.60168],[120.98303,14.60186],[120.98284,14.60186],[120.98284,14.60168]]],[[[120.98739,14.6019],[120.98721,14.60153],[120.9873,14.60153],[120.98739,14.6019]]],[[[120.98925,14.60164],[120.98999,14.60156],[120.9898,14.60246],[120.98952,14.60246],[120.98925,14.60164]]],[[[120.98469,14.60223],[120.98516,14.60251],[120.98506,14.60305],[120.98469,14.60223]]],[[[120.98275,14.60222],[120.98302,14.6024],[120.98274,14.6024],[120.98275,14.60222]]],[[[120.98358,14.60241],[120.9834,14.60222],[120.98358,14.60223],[120.98358,14.60241]]],[[[120.98302,14.60276],[120.98311,14.60294],[120.98302,14.60294],[120.98302,14.60276]]],[[[120.99453,14.60268],[120.99433,14.60367],[120.9935,14.6034],[120.9937,14.60222],[120.99453,14.60268]]],[[[120.9962,14.60279],[120.99703,14.60297],[120.9974,14.60343],[120.9974,14.60289],[120.99657,14.60234],[120.9962,14.60279]]],[[[120.9961,14.60288],[120.99601,14.60269],[120.99592,14.60287],[120.9961,14.60288]]],[[[120.99517,14.60359],[120.99591,14.60369],[120.99619,14.60333],[120.99508,14.60305],[120.99517,14.60359]]],[[[120.99507,14.60377],[120.99489,14.6035],[120.99489,14.60377],[120.99507,14.60377]]],[[[120.99647,14.60333],[120.99628,14.6036],[120.99647,14.6036],[120.99647,14.60333]]],[[[120.99285,14.60339],[120.99229,14.60384],[120.9922,14.60338],[120.99285,14.60339]]],[[[120.99109,14.60337],[120.99118,14.60347],[120.99109,14.60346],[120.99109,14.60337]]],[[[120.99044,14.60328],[120.99053,14.60364],[120.99044,14.60364],[120.99044,14.60328]]],[[[120.98775,14.60316],[120.98793,14.60335],[120.98775,14.60335],[120.98775,14.60316]]],[[[120.98292,14.60321],[120.98301,14.6033],[120.98292,14.6033],[120.98292,14.60321]]],[[[120.98561,14.60378],[120.98523,14.60477],[120.98496,14.60323],[120.98561,14.60378]]],[[[120.98653,14.60451],[120.98644,14.60442],[120.98653,14.60442],[120.98653,14.60451]]],[[[120.99201,14.60438],[120.99191,14.60429],[120.99201,14.60429],[120.99201,14.60438]]],[[[120.99284,14.60429],[120.99256,14.6042],[120.99284,14.6042],[120.99284,14.60429]]],[[[120.98839,14.60407],[120.9883,14.60389],[120.98848,14.60389],[120.98839,14.60407]]],[[[120.99201,14.60401],[120.99183,14.60374],[120.99201,14.60374],[120.99201,14.60401]]],[[[120.9844,14.60386],[120.98449,14.60395],[120.9844,14.60395],[120.9844,14.60386]]],[[[120.9856,14.60468],[120.98587,14.60514],[120.98606,14.60478],[120.9856,14.60468]]],[[[120.9856,14.60522],[120.98541,14.60495],[120.9855,14.60522],[120.9856,14.60522]]],[[[120.99432,14.60521],[120.99423,14.60512],[120.99432,14.60512],[120.99432,14.60521]]],[[[120.98485,14.60513],[120.98495,14.60522],[120.98485,14.60522],[120.98485,14.60513]]],[[[120.99497,14.60549],[120.99515,14.60522],[120.99525,14.6054],[120.99497,14.60549]]],[[[120.99209,14.60537],[120.99273,14.60601],[120.99255,14.60556],[120.99209,14.60537]]],[[[120.99245,14.60628],[120.99218,14.606],[120.99217,14.60628],[120.99245,14.60628]]],[[[120.99477,14.60612],[120.99487,14.60576],[120.99487,14.60612],[120.99477,14.60612]]],[[[120.99422,14.60602],[120.99431,14.6062],[120.99422,14.6062],[120.99422,14.60602]]],[[[120.99599,14.60559],[120.99589,14.60595],[120.99617,14.60595],[120.99599,14.60559]]],[[[120.99561,14.60585],[120.99599,14.60513],[120.99533,14.60576],[120.99561,14.60585]]],[[[120.9971,14.60587],[120.997,14.60577],[120.9971,14.60578],[120.9971,14.60587]]],[[[120.9881,14.60543],[120.98847,14.6057],[120.9881,14.6057],[120.9881,14.60543]]],[[[120.98624,14.6055],[120.98605,14.60577],[120.98596,14.6055],[120.98624,14.6055]]],[[[120.98151,14.60555],[120.98178,14.60591],[120.98141,14.60582],[120.98151,14.60555]]],[[[120.99097,14.60563],[120.99079,14.60545],[120.99098,14.60545],[120.99097,14.60563]]],[[[120.99041,14.60599],[120.9905,14.60626],[120.99032,14.60626],[120.99041,14.60599]]],[[[120.98104,14.60618],[120.9815,14.60627],[120.98104,14.60645],[120.98104,14.60618]]],[[[120.9905,14.6068],[120.99115,14.60654],[120.9905,14.60707],[120.9905,14.6068]]],[[[120.98169,14.60646],[120.98178,14.60655],[120.98178,14.60646],[120.98169,14.60646]]],[[[120.98178,14.60691],[120.9815,14.60664],[120.98159,14.60691],[120.98178,14.60691]]],[[[120.98289,14.60701],[120.98308,14.60674],[120.98307,14.6071],[120.98289,14.60701]]],[[[120.98493,14.60748],[120.9853,14.60658],[120.98539,14.60721],[120.98493,14.60748]]],[[[120.99318,14.60764],[120.993,14.60719],[120.99319,14.60719],[120.99318,14.60764]]],[[[120.99671,14.60776],[120.9969,14.60758],[120.99689,14.60776],[120.99671,14.60776]]],[[[120.98288,14.60782],[120.98306,14.60809],[120.98288,14.60818],[120.98288,14.60782]]],[[[120.98158,14.60799],[120.98158,14.60835],[120.9813,14.60826],[120.98158,14.60799]]],[[[120.98223,14.60827],[120.98241,14.60854],[120.98297,14.60873],[120.98167,14.60881],[120.98223,14.60827]]],[[[120.98315,14.60873],[120.98306,14.60864],[120.98315,14.60864],[120.98315,14.60873]]],[[[120.99447,14.60846],[120.99429,14.60837],[120.99448,14.60837],[120.99447,14.60846]]],[[[120.99707,14.6084],[120.99698,14.60821],[120.99717,14.60822],[120.99707,14.6084]]],[[[120.99837,14.60823],[120.99829,14.60786],[120.99866,14.60769],[120.99837,14.60823]]],[[[120.99745,14.60786],[120.99726,14.60813],[120.99717,14.60795],[120.99745,14.60786]]],[[[120.99374,14.60783],[120.99411,14.60819],[120.99374,14.6081],[120.99374,14.60783]]],[[[120.9929,14.60782],[120.99299,14.608],[120.9929,14.608],[120.9929,14.60782]]],[[[120.98901,14.60778],[120.98928,14.60815],[120.98891,14.60805],[120.98901,14.60778]]],[[[120.99253,14.60827],[120.99272,14.608],[120.99271,14.60827],[120.99253,14.60827]]],[[[120.99132,14.60799],[120.99142,14.60808],[120.99132,14.60808],[120.99132,14.60799]]],[[[120.99773,14.60777],[120.99764,14.60759],[120.99782,14.60759],[120.99773,14.60777]]],[[[120.99773,14.60741],[120.99764,14.60714],[120.99783,14.60714],[120.99773,14.60741]]],[[[120.99746,14.60695],[120.99708,14.6074],[120.99718,14.60695],[120.99746,14.60695]]],[[[120.99263,14.60691],[120.99282,14.60718],[120.99263,14.60709],[120.99263,14.60691]]],[[[120.99217,14.60718],[120.99244,14.60745],[120.99226,14.60745],[120.99217,14.60718]]],[[[120.98938,14.60706],[120.98948,14.60688],[120.98957,14.60707],[120.98938,14.60706]]],[[[120.99505,14.60657],[120.99533,14.60648],[120.99486,14.60639],[120.99477,14.60675],[120.99505,14.60657]]],[[[120.99523,14.60684],[120.99514,14.60666],[120.99514,14.60684],[120.99523,14.60684]]],[[[120.99356,14.60674],[120.99375,14.60683],[120.99356,14.60683],[120.99356,14.60674]]],[[[120.99635,14.60622],[120.99644,14.60631],[120.99644,14.60622],[120.99635,14.60622]]],[[[120.99635,14.60649],[120.99626,14.60631],[120.99626,14.60649],[120.99635,14.60649]]],[[[120.99347,14.60647],[120.99356,14.60656],[120.99347,14.60656],[120.99347,14.60647]]],[[[120.99291,14.60655],[120.9931,14.60664],[120.99291,14.60664],[120.99291,14.60655]]],[[[120.99162,14.60627],[120.99143,14.60609],[120.99162,14.60609],[120.99162,14.60627]]],[[[120.99693,14.60379],[120.99665,14.60387],[120.99684,14.60397],[120.99693,14.60379]]],[[[120.99666,14.60342],[120.99675,14.60351],[120.99684,14.60342],[120.99666,14.60342]]],[[[120.99842,14.60317],[120.99833,14.60289],[120.99852,14.6029],[120.99842,14.60317]]],[[[120.99777,14.6028],[120.99768,14.60271],[120.99778,14.60271],[120.99777,14.6028]]],[[[120.99936,14.60236],[120.99917,14.60218],[120.99936,14.60227],[120.99936,14.60236]]],[[[120.99639,14.60206],[120.99648,14.60225],[120.99639,14.60225],[120.99639,14.60206]]],[[[120.99509,14.60196],[120.9949,14.60214],[120.99491,14.60187],[120.99509,14.60196]]],[[[120.99964,14.60164],[120.99936,14.60182],[120.99946,14.60155],[120.99964,14.60164]]],[[[120.99806,14.60154],[120.99815,14.60181],[120.99797,14.60181],[120.99806,14.60154]]],[[[120.99249,14.60185],[120.99259,14.60194],[120.99259,14.60185],[120.99249,14.60185]]],[[[120.9924,14.60212],[120.99231,14.60194],[120.99231,14.60212],[120.9924,14.60212]]],[[[120.99435,14.60214],[120.99407,14.60195],[120.99444,14.60196],[120.99435,14.60214]]],[[[120.99481,14.6025],[120.99508,14.60269],[120.99481,14.60268],[120.99481,14.6025]]],[[[120.98571,14.60251],[120.9859,14.6027],[120.98571,14.6027],[120.98571,14.60251]]],[[[120.98599,14.60279],[120.98589,14.60297],[120.9858,14.60279],[120.98599,14.60279]]],[[[120.98711,14.60244],[120.98674,14.60225],[120.98711,14.60226],[120.98711,14.60244]]],[[[120.98572,14.60206],[120.98553,14.60233],[120.98535,14.60206],[120.98572,14.60206]]],[[[120.98517,14.60143],[120.98526,14.60161],[120.98507,14.60161],[120.98517,14.60143]]],[[[120.99231,14.60122],[120.99241,14.60067],[120.99269,14.60068],[120.99269,14.60104],[120.99231,14.60122]]],[[[120.98713,14.60027],[120.9874,14.60054],[120.98731,14.60027],[120.98713,14.60027]]],[[[120.98721,14.60081],[120.98684,14.60072],[120.98684,14.60081],[120.98721,14.60081]]],[[[120.98601,14.60062],[120.98536,14.60052],[120.98527,14.60025],[120.98611,14.60017],[120.98601,14.60062]]],[[[120.99047,14.6003],[120.99037,14.60012],[120.99047,14.60012],[120.99047,14.6003]]],[[[120.99241,14.6004],[120.99242,14.60004],[120.9926,14.60041],[120.99241,14.6004]]],[[[120.99139,14.60039],[120.99158,14.60049],[120.99139,14.60049],[120.99139,14.60039]]],[[[120.98434,14.60033],[120.98415,14.60069],[120.98387,14.60069],[120.98388,14.60051],[120.98434,14.60033]]],[[[120.98517,14.60052],[120.98499,14.60043],[120.98518,14.60034],[120.98517,14.60052]]],[[[120.99185,14.60085],[120.99167,14.60076],[120.99185,14.60076],[120.99185,14.60085]]],[[[120.9973,14.60415],[120.99739,14.60433],[120.9973,14.60433],[120.9973,14.60415]]],[[[121.00203,14.60446],[121.00184,14.60419],[121.00212,14.60419],[121.00203,14.60446]]],[[[121.00083,14.60355],[121.00046,14.60327],[121.00083,14.6031],[121.00083,14.60355]]],[[[120.99367,14.60484],[120.99349,14.60475],[120.99367,14.60466],[120.99367,14.60484]]],[[[120.99989,14.60508],[120.9997,14.6048],[120.99989,14.6049],[120.99989,14.60508]]],[[[120.99822,14.6047],[120.99813,14.60497],[120.99803,14.60479],[120.99822,14.6047]]],[[[120.99906,14.6048],[120.99896,14.60471],[120.99906,14.60471],[120.99906,14.6048]]],[[[120.99544,14.60477],[120.99562,14.60495],[120.99543,14.60495],[120.99544,14.60477]]],[[[120.99636,14.60496],[120.99618,14.60477],[120.99636,14.60478],[120.99636,14.60496]]],[[[120.99915,14.60498],[120.99924,14.60507],[120.99915,14.60507],[120.99915,14.60498]]],[[[121.00072,14.60517],[121.00091,14.60527],[121.00072,14.60526],[121.00072,14.60517]]],[[[120.99624,14.60848],[120.99642,14.60875],[120.99605,14.60875],[120.99624,14.60848]]],[[[120.99466,14.60856],[120.99484,14.60865],[120.99466,14.60865],[120.99466,14.60856]]],[[[120.99698,14.60885],[120.99707,14.60867],[120.99716,14.60885],[120.99698,14.60885]]],[[[120.98231,14.60908],[120.9824,14.60926],[120.98231,14.60926],[120.98231,14.60908]]],[[[120.98148,14.60917],[120.98175,14.60953],[120.98157,14.60953],[120.98148,14.60917]]],[[[120.98648,14.60966],[120.9863,14.60939],[120.98658,14.60939],[120.98648,14.60966]]],[[[120.98194,14.60962],[120.9824,14.60981],[120.98184,14.6098],[120.98194,14.60962]]],[[[120.98741,14.60976],[120.98732,14.60958],[120.98741,14.60958],[120.98741,14.60976]]],[[[120.99372,14.60972],[120.99363,14.60954],[120.99382,14.60954],[120.99372,14.60972]]],[[[120.99419,14.60937],[120.994,14.60927],[120.99419,14.60927],[120.99419,14.60937]]],[[[120.98593,14.60929],[120.98584,14.60911],[120.98602,14.60911],[120.98593,14.60929]]],[[[120.99223,14.60989],[120.99233,14.60998],[120.99223,14.60998],[120.99223,14.60989]]],[[[120.98685,14.61021],[120.98731,14.61012],[120.98731,14.61048],[120.98685,14.61021]]],[[[120.98639,14.61002],[120.98648,14.61011],[120.98639,14.61011],[120.98639,14.61002]]],[[[120.98007,14.6106],[120.98063,14.61051],[120.98053,14.61087],[120.98007,14.6106]]],[[[120.98694,14.61084],[120.98685,14.61066],[120.98703,14.61066],[120.98694,14.61084]]],[[[120.99139,14.61079],[120.99121,14.6106],[120.99139,14.61052],[120.99139,14.61079]]],[[[120.98759,14.61048],[120.98787,14.61067],[120.98759,14.61066],[120.98759,14.61048]]],[[[120.98341,14.61063],[120.9835,14.61072],[120.98341,14.61072],[120.98341,14.61063]]],[[[120.98954,14.61077],[120.98944,14.61059],[120.98954,14.61059],[120.98954,14.61077]]],[[[120.98351,14.61045],[120.98341,14.61036],[120.98351,14.61036],[120.98351,14.61045]]],[[[120.98647,14.61093],[120.98666,14.61111],[120.98647,14.61111],[120.98647,14.61093]]],[[[120.98062,14.61115],[120.98071,14.61133],[120.98062,14.61133],[120.98062,14.61115]]],[[[120.99036,14.61168],[120.99055,14.61123],[120.99073,14.61169],[120.99036,14.61168]]],[[[120.98276,14.61144],[120.98285,14.61153],[120.98275,14.61153],[120.98276,14.61144]]],[[[120.97828,14.61338],[120.97848,14.61203],[120.97885,14.61249],[120.97932,14.61204],[120.97904,14.61167],[120.97951,14.61159],[120.97996,14.61295],[120.97912,14.61321],[120.9793,14.61357],[120.97828,14.61338]]],[[[120.98199,14.61387],[120.98181,14.61351],[120.98218,14.61351],[120.98199,14.61387]]],[[[120.9858,14.61354],[120.98589,14.61363],[120.98589,14.61354],[120.9858,14.61354]]],[[[120.9858,14.6139],[120.98561,14.61372],[120.98561,14.6139],[120.9858,14.6139]]],[[[120.98709,14.61391],[120.98691,14.61373],[120.9871,14.61373],[120.98709,14.61391]]],[[[120.98784,14.61338],[120.98793,14.61347],[120.98793,14.61338],[120.98784,14.61338]]],[[[120.98784,14.61347],[120.98747,14.61346],[120.98728,14.61382],[120.98765,14.61383],[120.98784,14.61347]]],[[[120.98692,14.61319],[120.98701,14.61328],[120.98701,14.61319],[120.98692,14.61319]]],[[[120.98691,14.61355],[120.98664,14.61337],[120.98663,14.61355],[120.98691,14.61355]]],[[[120.98701,14.6131],[120.98719,14.61319],[120.98719,14.6131],[120.98701,14.6131]]],[[[120.9872,14.61301],[120.98729,14.6131],[120.98729,14.61301],[120.9872,14.61301]]],[[[120.97958,14.61349],[120.97977,14.61358],[120.97958,14.61358],[120.97958,14.61349]]],[[[120.9884,14.61329],[120.98868,14.61284],[120.98887,14.61284],[120.98877,14.61329],[120.9884,14.61329]]],[[[120.99063,14.61322],[120.99017,14.61295],[120.99063,14.61277],[120.99063,14.61322]]],[[[120.991,14.61313],[120.99174,14.61305],[120.99174,14.61287],[120.99128,14.61259],[120.991,14.61313]]],[[[120.991,14.61331],[120.99081,14.61313],[120.99081,14.61331],[120.991,14.61331]]],[[[120.99174,14.61305],[120.99165,14.61341],[120.99211,14.6135],[120.99211,14.61323],[120.99174,14.61305]]],[[[120.99322,14.61342],[120.99341,14.61315],[120.99341,14.61343],[120.99322,14.61342]]],[[[120.9923,14.61251],[120.99239,14.61305],[120.99258,14.61251],[120.9923,14.61251]]],[[[120.99193,14.61269],[120.99212,14.61251],[120.99193,14.61251],[120.99193,14.61269]]],[[[120.99248,14.61306],[120.99239,14.61324],[120.99248,14.61324],[120.99248,14.61306]]],[[[120.99351,14.61306],[120.9936,14.61279],[120.99369,14.61307],[120.99351,14.61306]]],[[[120.99351,14.6127],[120.99342,14.61261],[120.99351,14.61261],[120.99351,14.6127]]],[[[120.99416,14.61253],[120.99407,14.61235],[120.99416,14.61235],[120.99416,14.61253]]],[[[120.99082,14.61223],[120.9911,14.61259],[120.99073,14.6125],[120.99082,14.61223]]],[[[120.99203,14.61224],[120.99184,14.61197],[120.99203,14.61188],[120.99203,14.61224]]],[[[120.9925,14.61188],[120.99213,14.61161],[120.9925,14.61152],[120.9925,14.61188]]],[[[120.99129,14.61169],[120.99138,14.61205],[120.99119,14.61205],[120.99129,14.61169]]],[[[120.98879,14.61149],[120.9886,14.61176],[120.98851,14.61158],[120.98879,14.61149]]],[[[120.98906,14.61203],[120.98897,14.61221],[120.98878,14.61185],[120.98906,14.61203]]],[[[120.9873,14.6122],[120.98748,14.61247],[120.9872,14.61238],[120.9873,14.6122]]],[[[120.98377,14.61226],[120.98386,14.61235],[120.98377,14.61235],[120.98377,14.61226]]],[[[120.98284,14.61243],[120.98302,14.61261],[120.98284,14.61261],[120.98284,14.61243]]],[[[120.98126,14.6126],[120.98079,14.61295],[120.98051,14.61295],[120.98089,14.6125],[120.98126,14.6126]]],[[[120.98562,14.61282],[120.98544,14.61263],[120.98562,14.61273],[120.98562,14.61282]]],[[[120.98358,14.61244],[120.98367,14.6128],[120.98349,14.61271],[120.98358,14.61244]]],[[[120.98674,14.61255],[120.98664,14.61246],[120.98674,14.61246],[120.98674,14.61255]]],[[[120.98998,14.61249],[120.98989,14.61231],[120.98999,14.61231],[120.98998,14.61249]]],[[[120.98832,14.6123],[120.98841,14.61248],[120.98831,14.61248],[120.98832,14.6123]]],[[[120.98896,14.61293],[120.98914,14.61312],[120.98896,14.61312],[120.98896,14.61293]]],[[[120.98812,14.61302],[120.98822,14.61311],[120.98812,14.61311],[120.98812,14.61302]]],[[[120.99471,14.6128],[120.99481,14.61289],[120.99471,14.61289],[120.99471,14.6128]]],[[[120.98914,14.61393],[120.98923,14.61402],[120.98913,14.61402],[120.98914,14.61393]]],[[[120.9793,14.61403],[120.97967,14.6143],[120.9793,14.61421],[120.9793,14.61403]]],[[[120.98468,14.61443],[120.98486,14.61425],[120.98495,14.61444],[120.98468,14.61443]]],[[[120.98004,14.61439],[120.98013,14.61449],[120.98004,14.61448],[120.98004,14.61439]]],[[[120.9857,14.61453],[120.98551,14.61426],[120.9857,14.61435],[120.9857,14.61453]]],[[[120.98616,14.61472],[120.98644,14.61427],[120.98634,14.61472],[120.98616,14.61472]]],[[[120.98551,14.61462],[120.98569,14.61471],[120.98551,14.61471],[120.98551,14.61462]]],[[[120.97586,14.61463],[120.97614,14.61472],[120.97586,14.61472],[120.97586,14.61463]]],[[[120.97883,14.61474],[120.97919,14.61538],[120.97844,14.61601],[120.97817,14.61519],[120.97883,14.61474]]],[[[120.97669,14.61545],[120.9765,14.61572],[120.97641,14.61536],[120.97669,14.61545]]],[[[120.97613,14.61572],[120.97631,14.61581],[120.97613,14.61581],[120.97613,14.61572]]],[[[120.98078,14.61485],[120.98152,14.61468],[120.98161,14.61513],[120.98114,14.61522],[120.98078,14.61485]]],[[[120.98802,14.61437],[120.98783,14.61419],[120.98802,14.61419],[120.98802,14.61437]]],[[[120.9895,14.61457],[120.98997,14.61421],[120.99015,14.61457],[120.9895,14.61457]]],[[[120.99053,14.61421],[120.99025,14.61412],[120.99053,14.61394],[120.99053,14.61421]]],[[[120.99145,14.61422],[120.99136,14.61404],[120.99145,14.61404],[120.99145,14.61422]]],[[[120.98709,14.614],[120.98718,14.61418],[120.98709,14.61418],[120.98709,14.614]]],[[[120.99034,14.61394],[120.99016,14.61376],[120.99034,14.61376],[120.99034,14.61394]]],[[[120.99146,14.61377],[120.99137,14.61368],[120.99146,14.61368],[120.99146,14.61377]]],[[[120.99266,14.61387],[120.99275,14.61405],[120.99266,14.61405],[120.99266,14.61387]]],[[[120.99414,14.61443],[120.99405,14.61388],[120.99433,14.61388],[120.99414,14.61443]]],[[[120.98736,14.61518],[120.98727,14.61509],[120.98736,14.61509],[120.98736,14.61518]]],[[[120.98008,14.60997],[120.97989,14.60978],[120.98008,14.60979],[120.98008,14.60997]]],[[[120.98388,14.59961],[120.9837,14.59952],[120.98388,14.59952],[120.98388,14.59961]]],[[[120.9867,14.59575],[120.98671,14.59547],[120.98689,14.59593],[120.9867,14.59575]]],[[[120.98754,14.59584],[120.98744,14.59575],[120.98754,14.59575],[120.98754,14.59584]]],[[[120.98828,14.59549],[120.98801,14.59531],[120.98828,14.59531],[120.98828,14.59549]]],[[[120.98959,14.59478],[120.9895,14.59469],[120.98959,14.59469],[120.98959,14.59478]]],[[[120.98959,14.5946],[120.98941,14.59441],[120.98959,14.59442],[120.98959,14.5946]]],[[[120.99255,14.59553],[120.99246,14.59561],[120.99255,14.59562],[120.99255,14.59553]]],[[[120.99237,14.59552],[120.99246,14.59543],[120.99237,14.59543],[120.99237,14.59552]]],[[[120.99126,14.59488],[120.99117,14.59461],[120.99135,14.59461],[120.99126,14.59488]]],[[[120.99423,14.59418],[120.99377,14.59391],[120.99433,14.59373],[120.99423,14.59418]]],[[[120.99108,14.59371],[120.99117,14.5938],[120.99108,14.5938],[120.99108,14.59371]]],[[[120.99089,14.59397],[120.99099,14.59407],[120.99089,14.59406],[120.99089,14.59397]]],[[[120.99341,14.59291],[120.99314,14.59237],[120.9936,14.59255],[120.99341,14.59291]]],[[[120.99156,14.59235],[120.99174,14.59254],[120.99156,14.59253],[120.99156,14.59235]]],[[[120.99026,14.59234],[120.99044,14.59252],[120.99026,14.59252],[120.99026,14.59234]]],[[[120.99128,14.59235],[120.991,14.59226],[120.99128,14.59226],[120.99128,14.59235]]],[[[120.98775,14.59295],[120.98719,14.59268],[120.98748,14.59205],[120.98775,14.59268],[120.98831,14.59224],[120.98989,14.59261],[120.98775,14.59295]]],[[[120.99016,14.59279],[120.99007,14.59261],[120.99016,14.59261],[120.99016,14.59279]]],[[[120.99118,14.59271],[120.99072,14.59244],[120.99128,14.59253],[120.99118,14.59271]]],[[[120.98692,14.59213],[120.98701,14.59222],[120.98692,14.59222],[120.98692,14.59213]]],[[[120.9884,14.59314],[120.98849,14.59332],[120.9884,14.59332],[120.9884,14.59314]]],[[[120.98635,14.59375],[120.98644,14.59385],[120.98635,14.59385],[120.98635,14.59375]]],[[[120.98616,14.5942],[120.98644,14.59412],[120.98644,14.59439],[120.98616,14.5942]]],[[[120.98764,14.59431],[120.98755,14.59422],[120.98764,14.59422],[120.98764,14.59431]]],[[[120.98746,14.59413],[120.98728,14.59403],[120.98746,14.59404],[120.98746,14.59413]]],[[[120.98924,14.59197],[120.98915,14.59188],[120.98924,14.59188],[120.98924,14.59197]]],[[[120.99439,14.61768],[120.99448,14.61777],[120.99439,14.61777],[120.99439,14.61768]]],[[[120.98929,14.61737],[120.98938,14.61746],[120.98929,14.61746],[120.98929,14.61737]]],[[[120.99003,14.61764],[120.99012,14.61773],[120.99003,14.61773],[120.99003,14.61764]]],[[[120.99031,14.61783],[120.99049,14.61801],[120.9903,14.61801],[120.99031,14.61783]]],[[[120.9891,14.61791],[120.98928,14.61818],[120.9891,14.61818],[120.9891,14.61791]]],[[[120.98956,14.61845],[120.98956,14.618],[120.98984,14.618],[120.98956,14.61845]]],[[[120.98374,14.62509],[120.98393,14.62545],[120.98383,14.62545],[120.98374,14.62509]]],[[[120.9855,14.62556],[120.98569,14.62574],[120.9855,14.62574],[120.9855,14.62556]]],[[[120.98318,14.62581],[120.98346,14.6259],[120.98318,14.6259],[120.98318,14.62581]]],[[[120.98522,14.62592],[120.98531,14.62601],[120.98522,14.62601],[120.98522,14.62592]]],[[[120.98262,14.62653],[120.98289,14.62662],[120.98262,14.62662],[120.98262,14.62653]]],[[[120.98243,14.62661],[120.98252,14.62671],[120.98243,14.6267],[120.98243,14.62661]]],[[[120.98429,14.62672],[120.98456,14.62699],[120.98419,14.62699],[120.98429,14.62672]]],[[[120.98373,14.62708],[120.98391,14.62726],[120.98372,14.62726],[120.98373,14.62708]]],[[[120.98437,14.62726],[120.98419,14.62753],[120.98419,14.62726],[120.98437,14.62726]]],[[[120.98474,14.62772],[120.98493,14.62781],[120.98474,14.62781],[120.98474,14.62772]]],[[[120.98539,14.6279],[120.9853,14.62772],[120.98548,14.62772],[120.98539,14.6279]]],[[[120.97306,14.64696],[120.97278,14.64695],[120.97259,14.64767],[120.97306,14.64696]]],[[[120.96841,14.64719],[120.96832,14.64759],[120.96859,14.64773],[120.9686,14.64746],[120.96841,14.64719]]],[[[120.97258,14.64785],[120.97249,14.64767],[120.97249,14.64785],[120.97258,14.64785]]],[[[120.9724,14.64794],[120.97249,14.64803],[120.97249,14.64794],[120.9724,14.64794]]],[[[120.97239,14.64831],[120.9723,14.64803],[120.9723,14.6483],[120.97239,14.64831]]],[[[120.9723,14.64839],[120.97221,14.6483],[120.97221,14.64839],[120.9723,14.64839]]],[[[120.97221,14.64857],[120.97211,14.64839],[120.97211,14.64857],[120.97221,14.64857]]],[[[120.97211,14.64866],[120.97202,14.64857],[120.97202,14.64866],[120.97211,14.64866]]],[[[120.95642,14.64889],[120.95689,14.64862],[120.95657,14.6483],[120.95642,14.64889]]],[[[120.97202,14.64902],[120.97193,14.64866],[120.97192,14.64902],[120.97202,14.64902]]],[[[120.96311,14.64895],[120.96357,14.64877],[120.9633,14.64786],[120.96265,14.64831],[120.96311,14.64895]]],[[[120.97192,14.64911],[120.97183,14.64902],[120.97183,14.64911],[120.97192,14.64911]]],[[[120.97183,14.64938],[120.97174,14.64911],[120.97173,14.64938],[120.97183,14.64938]]],[[[120.9631,14.64949],[120.96301,14.64931],[120.96301,14.64949],[120.9631,14.64949]]],[[[120.94881,14.64954],[120.94876,14.64932],[120.94876,14.64954],[120.94881,14.64954]]],[[[120.97164,14.64947],[120.97173,14.64956],[120.97173,14.64947],[120.97164,14.64947]]],[[[120.97164,14.64974],[120.97155,14.64956],[120.97155,14.64974],[120.97164,14.64974]]],[[[120.97154,14.65001],[120.97145,14.64974],[120.97145,14.65001],[120.97154,14.65001]]],[[[120.97145,14.65038],[120.97136,14.65001],[120.97135,14.65037],[120.97145,14.65038]]],[[[120.97135,14.65056],[120.97126,14.65037],[120.97126,14.65055],[120.97135,14.65056]]],[[[120.97126,14.65073],[120.97117,14.65055],[120.97117,14.65073],[120.97126,14.65073]]],[[[120.96708,14.65079],[120.96765,14.64998],[120.96729,14.64871],[120.96691,14.64943],[120.96718,14.65007],[120.96634,14.65033],[120.96643,14.65078],[120.96708,14.65079]]],[[[120.94796,14.65089],[120.94815,14.65062],[120.94815,14.65044],[120.94792,14.65053],[120.94796,14.65089]]],[[[120.97117,14.65073],[120.97088,14.65109],[120.97097,14.65137],[120.97107,14.65137],[120.97117,14.65073]]],[[[120.97097,14.65155],[120.97088,14.65136],[120.97088,14.65154],[120.97097,14.65155]]],[[[120.97088,14.65173],[120.97079,14.65154],[120.97078,14.65172],[120.97088,14.65173]]],[[[120.96874,14.65153],[120.9693,14.65162],[120.9693,14.65135],[120.96874,14.65153]]],[[[120.97069,14.65181],[120.97078,14.65191],[120.97078,14.65182],[120.97069,14.65181]]],[[[120.96874,14.65207],[120.96865,14.65198],[120.96865,14.65207],[120.96874,14.65207]]],[[[120.96577,14.65222],[120.96605,14.65195],[120.96605,14.65177],[120.96549,14.65186],[120.96577,14.65222]]],[[[120.96679,14.6525],[120.96669,14.65241],[120.96669,14.6525],[120.96679,14.6525]]],[[[120.95166,14.65246],[120.95124,14.65259],[120.95166,14.6526],[120.95166,14.65246]]],[[[120.96864,14.65243],[120.96883,14.65252],[120.96883,14.65243],[120.96864,14.65243]]],[[[120.96836,14.6527],[120.96828,14.6517],[120.96772,14.65143],[120.96819,14.65125],[120.96801,14.6508],[120.96717,14.65097],[120.9666,14.65214],[120.9679,14.65215],[120.96836,14.6527]]],[[[120.95268,14.65283],[120.95263,14.65265],[120.95263,14.65283],[120.95268,14.65283]]],[[[120.96488,14.65303],[120.96539,14.65249],[120.9653,14.65231],[120.96484,14.6524],[120.96488,14.65303]]],[[[120.9679,14.65306],[120.9678,14.65287],[120.9678,14.65305],[120.9679,14.65306]]],[[[120.97069,14.6519],[120.97022,14.65271],[120.97022,14.65308],[120.97059,14.65245],[120.97069,14.6519]]],[[[120.97021,14.65326],[120.96984,14.65334],[120.96984,14.65352],[120.97021,14.65326]]],[[[120.96511,14.65357],[120.96501,14.65353],[120.96501,14.65357],[120.96511,14.65357]]],[[[120.96984,14.65379],[120.96975,14.65352],[120.96965,14.65388],[120.96984,14.65379]]],[[[120.96955,14.65433],[120.96946,14.65397],[120.96946,14.65433],[120.96955,14.65433]]],[[[120.96797,14.65459],[120.96779,14.6545],[120.96779,14.65459],[120.96797,14.65459]]],[[[120.95563,14.65439],[120.95544,14.65466],[120.95563,14.65466],[120.95563,14.65439]]],[[[120.96834,14.65469],[120.96844,14.6546],[120.96835,14.6546],[120.96834,14.65469]]],[[[120.9676,14.65477],[120.96751,14.65459],[120.96751,14.65477],[120.9676,14.65477]]],[[[120.96853,14.65469],[120.96844,14.65487],[120.96853,14.65487],[120.96853,14.65469]]],[[[120.96751,14.65504],[120.96741,14.65486],[120.96741,14.65504],[120.96751,14.65504]]],[[[120.96853,14.65505],[120.96862,14.65496],[120.96853,14.65496],[120.96853,14.65505]]],[[[120.95683,14.65531],[120.95678,14.65513],[120.95678,14.65531],[120.95683,14.65531]]],[[[120.96946,14.65433],[120.96927,14.65496],[120.96862,14.65514],[120.96936,14.65515],[120.96946,14.65433]]],[[[120.96397,14.65555],[120.96425,14.65564],[120.96425,14.65546],[120.96397,14.65555]]],[[[120.96741,14.65576],[120.96732,14.65531],[120.96731,14.65576],[120.96741,14.65576]]],[[[120.96722,14.65594],[120.96731,14.65603],[120.96731,14.65594],[120.96722,14.65594]]],[[[120.96508,14.65601],[120.96545,14.65611],[120.96546,14.65584],[120.96508,14.65601]]],[[[120.96722,14.6563],[120.96713,14.65603],[120.96712,14.6563],[120.96722,14.6563]]],[[[120.96248,14.65671],[120.96239,14.65644],[120.96229,14.65662],[120.96248,14.65671]]],[[[120.96276,14.65662],[120.96313,14.65645],[120.96276,14.65635],[120.96276,14.65662]]],[[[120.96072,14.65634],[120.96067,14.65674],[120.96099,14.65679],[120.96099,14.65652],[120.96072,14.65634]]],[[[120.96702,14.65684],[120.96693,14.65666],[120.96693,14.65684],[120.96702,14.65684]]],[[[120.96656,14.65702],[120.96684,14.65666],[120.96666,14.65612],[120.9661,14.65647],[120.96656,14.65702]]],[[[120.9621,14.65707],[120.96248,14.6568],[120.9621,14.65689],[120.9621,14.65707]]],[[[120.96348,14.65907],[120.96367,14.65871],[120.96599,14.65855],[120.96599,14.65819],[120.96442,14.65799],[120.96423,14.65835],[120.96423,14.6579],[120.96303,14.65735],[120.962,14.6577],[120.96209,14.6587],[120.96348,14.65907]]],[[[120.96458,14.66016],[120.9643,14.66034],[120.96458,14.66035],[120.96458,14.66016]]],[[[120.9707,14.66076],[120.97052,14.66067],[120.97052,14.66076],[120.9707,14.66076]]],[[[120.96628,14.66669],[120.96619,14.66687],[120.96628,14.66687],[120.96628,14.66669]]],[[[120.96675,14.66687],[120.96656,14.66705],[120.96674,14.66714],[120.96675,14.66687]]],[[[120.95217,14.66701],[120.95221,14.66751],[120.95254,14.66751],[120.95254,14.6672],[120.95217,14.66701]]],[[[120.95889,14.66784],[120.95885,14.6678],[120.95885,14.66784],[120.95889,14.66784]]],[[[120.95782,14.6681],[120.95829,14.66797],[120.95783,14.66797],[120.95782,14.6681]]],[[[120.9594,14.66834],[120.95921,14.66843],[120.9594,14.66852],[120.9594,14.66834]]],[[[120.98567,14.66866],[120.98576,14.66875],[120.98576,14.66866],[120.98567,14.66866]]],[[[120.98566,14.66884],[120.98557,14.66875],[120.98557,14.66884],[120.98566,14.66884]]],[[[120.9865,14.66876],[120.98594,14.66885],[120.9865,14.66885],[120.9865,14.66876]]],[[[120.98706,14.66886],[120.98687,14.66858],[120.98595,14.66857],[120.98678,14.66867],[120.98706,14.66886]]],[[[120.96032,14.6688],[120.96098,14.66781],[120.96089,14.66736],[120.96015,14.66758],[120.95977,14.66871],[120.96032,14.6688]]],[[[120.98557,14.66893],[120.98548,14.66884],[120.98548,14.66893],[120.98557,14.66893]]],[[[120.98585,14.66884],[120.98566,14.66893],[120.98585,14.66893],[120.98585,14.66884]]],[[[120.98668,14.66894],[120.98659,14.66885],[120.98659,14.66894],[120.98668,14.66894]]],[[[120.98734,14.66886],[120.98706,14.66895],[120.98733,14.66895],[120.98734,14.66886]]],[[[120.98047,14.66898],[120.98066,14.66835],[120.97936,14.66779],[120.97991,14.66897],[120.98047,14.66898]]],[[[120.98566,14.66902],[120.98557,14.66893],[120.98557,14.66902],[120.98566,14.66902]]],[[[120.98687,14.66903],[120.98678,14.66894],[120.98678,14.66903],[120.98687,14.66903]]],[[[120.98743,14.66904],[120.98752,14.66895],[120.98743,14.66895],[120.98743,14.66904]]],[[[120.98696,14.66913],[120.98715,14.66904],[120.98696,14.66903],[120.98696,14.66913]]],[[[120.9877,14.66904],[120.98752,14.66913],[120.9877,14.66913],[120.9877,14.66904]]],[[[120.98548,14.6692],[120.98539,14.66893],[120.98529,14.66911],[120.98548,14.6692]]],[[[120.98724,14.66913],[120.98715,14.66922],[120.98724,14.66922],[120.98724,14.66913]]],[[[120.98798,14.66913],[120.9877,14.66922],[120.98798,14.66922],[120.98798,14.66913]]],[[[120.95958,14.66916],[120.95948,14.66925],[120.95958,14.66925],[120.95958,14.66916]]],[[[120.9852,14.66929],[120.98511,14.66911],[120.98501,14.66929],[120.9852,14.66929]]],[[[120.98538,14.66929],[120.98529,14.6692],[120.98529,14.66929],[120.98538,14.66929]]],[[[120.98826,14.66923],[120.98798,14.66931],[120.98826,14.66932],[120.98826,14.66923]]],[[[120.98501,14.66938],[120.98492,14.66929],[120.98492,14.66938],[120.98501,14.66938]]],[[[120.98529,14.66938],[120.9852,14.66929],[120.9852,14.66938],[120.98529,14.66938]]],[[[120.98835,14.66932],[120.98826,14.66941],[120.98835,14.66941],[120.98835,14.66932]]],[[[120.95967,14.66925],[120.95958,14.66943],[120.95967,14.66943],[120.95967,14.66925]]],[[[120.98492,14.66947],[120.98482,14.66938],[120.98482,14.66947],[120.98492,14.66947]]],[[[120.98519,14.66947],[120.9851,14.66938],[120.9851,14.66947],[120.98519,14.66947]]],[[[120.98844,14.66941],[120.98835,14.6695],[120.98844,14.6695],[120.98844,14.66941]]],[[[120.95976,14.66943],[120.95967,14.66952],[120.95976,14.66952],[120.95976,14.66943]]],[[[120.95196,14.66945],[120.95261,14.66946],[120.95276,14.66874],[120.95193,14.66859],[120.95196,14.66945]]],[[[120.9851,14.66956],[120.98501,14.66947],[120.98501,14.66956],[120.9851,14.66956]]],[[[120.98724,14.66922],[120.98742,14.66949],[120.98807,14.66959],[120.9877,14.66931],[120.98724,14.66922]]],[[[120.98872,14.6695],[120.98844,14.66959],[120.98872,14.66959],[120.98872,14.6695]]],[[[120.98501,14.66965],[120.98492,14.66956],[120.98491,14.66965],[120.98501,14.66965]]],[[[120.98835,14.66968],[120.98826,14.66959],[120.98826,14.66968],[120.98835,14.66968]]],[[[120.96802,14.66968],[120.96784,14.6695],[120.96783,14.66968],[120.96802,14.66968]]],[[[120.98881,14.66959],[120.98872,14.66968],[120.98881,14.66968],[120.98881,14.66959]]],[[[120.96839,14.6696],[120.96821,14.66968],[120.96839,14.66969],[120.96839,14.6696]]],[[[120.98491,14.66974],[120.98482,14.66965],[120.98482,14.66974],[120.98491,14.66974]]],[[[120.9567,14.6694],[120.95637,14.66967],[120.95669,14.66976],[120.9567,14.6694]]],[[[120.98844,14.66977],[120.98853,14.66968],[120.98844,14.66968],[120.98844,14.66977]]],[[[120.989,14.66969],[120.98881,14.66977],[120.989,14.66978],[120.989,14.66969]]],[[[120.98872,14.66977],[120.98853,14.66986],[120.98872,14.66986],[120.98872,14.66977]]],[[[120.98909,14.66978],[120.989,14.66987],[120.98909,14.66987],[120.98909,14.66978]]],[[[120.97869,14.66987],[120.97879,14.66978],[120.97869,14.66978],[120.97869,14.66987]]],[[[120.98482,14.66992],[120.98473,14.66974],[120.98473,14.66992],[120.98482,14.66992]]],[[[120.96431,14.66992],[120.96412,14.66983],[120.96412,14.66992],[120.96431,14.66992]]],[[[120.9683,14.66978],[120.96848,14.66996],[120.96848,14.66978],[120.9683,14.66978]]],[[[120.95976,14.66961],[120.95985,14.66997],[120.95985,14.66961],[120.95976,14.66961]]],[[[120.98473,14.67001],[120.98463,14.66992],[120.98463,14.67001],[120.98473,14.67001]]],[[[120.989,14.66996],[120.98872,14.67004],[120.989,14.67005],[120.989,14.66996]]],[[[120.98918,14.67005],[120.98927,14.66996],[120.98918,14.66996],[120.98918,14.67005]]],[[[120.98909,14.67005],[120.98899,14.67014],[120.98909,14.67014],[120.98909,14.67005]]],[[[120.98101,14.67016],[120.98092,14.67007],[120.98092,14.67016],[120.98101,14.67016]]],[[[120.96254,14.67018],[120.96245,14.67],[120.96245,14.67018],[120.96254,14.67018]]],[[[120.98955,14.67014],[120.98946,14.67023],[120.98955,14.67023],[120.98955,14.67014]]],[[[120.95233,14.67027],[120.95224,14.66991],[120.95219,14.67027],[120.95233,14.67027]]],[[[120.95976,14.66997],[120.9592,14.66947],[120.95949,14.66907],[120.95917,14.66861],[120.95915,14.67024],[120.95976,14.66997]]],[[[120.98871,14.67032],[120.98881,14.67014],[120.98872,14.67013],[120.98871,14.67032]]],[[[120.98927,14.67032],[120.98946,14.67005],[120.98909,14.67014],[120.98927,14.67032]]],[[[120.98964,14.67032],[120.98974,14.67023],[120.98964,14.67023],[120.98964,14.67032]]],[[[120.98899,14.67032],[120.98881,14.67041],[120.98899,14.67041],[120.98899,14.67032]]],[[[120.98955,14.67032],[120.98946,14.67041],[120.98955,14.67041],[120.98955,14.67032]]],[[[120.98992,14.67033],[120.98973,14.67041],[120.98992,14.67042],[120.98992,14.67033]]],[[[120.95697,14.67022],[120.9566,14.67013],[120.95637,14.66994],[120.9565,14.67049],[120.95697,14.67022]]],[[[120.98964,14.67041],[120.98955,14.6705],[120.98964,14.6705],[120.98964,14.67041]]],[[[120.99001,14.67042],[120.98992,14.67051],[120.99001,14.67051],[120.99001,14.67042]]],[[[120.95716,14.66968],[120.95706,14.67058],[120.95762,14.6705],[120.95716,14.66968]]],[[[120.98973,14.6705],[120.98964,14.67059],[120.98973,14.6706],[120.98973,14.6705]]],[[[120.99011,14.67051],[120.99001,14.6706],[120.9901,14.6706],[120.99011,14.67051]]],[[[120.9902,14.6706],[120.9901,14.67069],[120.9902,14.67069],[120.9902,14.6706]]],[[[120.98091,14.6707],[120.98128,14.6707],[120.98203,14.67044],[120.98129,14.67007],[120.98091,14.6707]]],[[[120.98482,14.66947],[120.98371,14.66991],[120.98371,14.66937],[120.98315,14.66936],[120.98221,14.67053],[120.98361,14.67063],[120.98482,14.66947]]],[[[120.98982,14.67078],[120.98992,14.6706],[120.98983,14.6706],[120.98982,14.67078]]],[[[120.98073,14.6707],[120.98063,14.67079],[120.98073,14.67079],[120.98073,14.6707]]],[[[120.98091,14.67079],[120.98082,14.6707],[120.98082,14.67079],[120.98091,14.67079]]],[[[120.98203,14.6708],[120.98193,14.67071],[120.98193,14.6708],[120.98203,14.6708]]],[[[120.98212,14.6708],[120.98231,14.67071],[120.98212,14.67071],[120.98212,14.6708]]],[[[120.9643,14.67055],[120.96448,14.67074],[120.96448,14.67056],[120.9643,14.67055]]],[[[120.99001,14.67078],[120.98992,14.67087],[120.99001,14.67087],[120.99001,14.67078]]],[[[120.98064,14.6707],[120.98073,14.66997],[120.9799,14.67033],[120.97981,14.66988],[120.97879,14.66987],[120.97887,14.67032],[120.97952,14.67033],[120.97933,14.67087],[120.98064,14.6707]]],[[[120.98314,14.67081],[120.9823,14.67089],[120.98314,14.6709],[120.98314,14.67081]]],[[[120.99029,14.67096],[120.99019,14.67087],[120.99001,14.67096],[120.99029,14.67096]]],[[[120.95947,14.67096],[120.95975,14.67079],[120.95947,14.67087],[120.95947,14.67096]]],[[[120.98063,14.67088],[120.98091,14.67097],[120.98091,14.67088],[120.98063,14.67088]]],[[[120.98342,14.67099],[120.98323,14.6709],[120.98323,14.67099],[120.98342,14.67099]]],[[[120.99038,14.67096],[120.99029,14.67105],[120.99038,14.67105],[120.99038,14.67096]]],[[[120.97998,14.67105],[120.97989,14.67087],[120.97989,14.67105],[120.97998,14.67105]]],[[[120.98063,14.67106],[120.98045,14.67097],[120.98045,14.67106],[120.98063,14.67106]]],[[[120.98463,14.67001],[120.98379,14.67081],[120.98351,14.6709],[120.98444,14.67109],[120.98463,14.67001]]],[[[120.97989,14.67114],[120.9798,14.67105],[120.9798,14.67114],[120.97989,14.67114]]],[[[120.98035,14.67115],[120.98026,14.67106],[120.98026,14.67115],[120.98035,14.67115]]],[[[120.97979,14.67123],[120.9797,14.67114],[120.9797,14.67123],[120.97979,14.67123]]],[[[120.98007,14.67123],[120.97998,14.67114],[120.97998,14.67123],[120.98007,14.67123]]],[[[120.96272,14.67108],[120.96299,14.67118],[120.963,14.67099],[120.96272,14.67108]]],[[[120.96494,14.67119],[120.96466,14.67128],[120.96494,14.67128],[120.96494,14.67119]]],[[[120.9797,14.67141],[120.97961,14.67123],[120.97961,14.67141],[120.9797,14.67141]]],[[[120.97961,14.6715],[120.97942,14.67141],[120.97942,14.6715],[120.97961,14.6715]]],[[[120.95245,14.67153],[120.9526,14.67108],[120.95223,14.67054],[120.9519,14.67135],[120.95245,14.67153]]],[[[120.97728,14.67166],[120.97719,14.67148],[120.9771,14.67166],[120.97728,14.67166]]],[[[120.97849,14.6714],[120.97858,14.67176],[120.97877,14.67167],[120.97849,14.6714]]],[[[120.97933,14.67168],[120.97914,14.67159],[120.97914,14.67177],[120.97933,14.67168]]],[[[120.96642,14.67184],[120.96633,14.67175],[120.96633,14.67184],[120.96642,14.67184]]],[[[120.9771,14.67184],[120.97701,14.67166],[120.977,14.67184],[120.9771,14.67184]]],[[[120.97914,14.67186],[120.97905,14.67177],[120.97905,14.67186],[120.97914,14.67186]]],[[[120.977,14.67193],[120.97682,14.67184],[120.97682,14.67193],[120.977,14.67193]]],[[[120.96698,14.67175],[120.9667,14.67184],[120.96698,14.67193],[120.96698,14.67175]]],[[[120.97905,14.67195],[120.97895,14.67186],[120.97895,14.67195],[120.97905,14.67195]]],[[[120.9796,14.67177],[120.97979,14.67186],[120.97979,14.67177],[120.9796,14.67177]]],[[[120.97895,14.67204],[120.97886,14.67195],[120.97886,14.67204],[120.97895,14.67204]]],[[[120.96354,14.67208],[120.96345,14.67199],[120.96345,14.67208],[120.96354,14.67208]]],[[[120.97608,14.67192],[120.97673,14.67193],[120.97673,14.67184],[120.97608,14.67192]]],[[[120.96586,14.6721],[120.96605,14.67174],[120.96568,14.67192],[120.96586,14.6721]]],[[[120.97886,14.67213],[120.97877,14.67204],[120.97877,14.67213],[120.97886,14.67213]]],[[[120.99121,14.67169],[120.99038,14.67123],[120.9913,14.67214],[120.99121,14.67169]]],[[[120.98294,14.67216],[120.98285,14.67198],[120.98276,14.67216],[120.98294,14.67216]]],[[[120.97598,14.67219],[120.97589,14.6721],[120.97589,14.67219],[120.97598,14.67219]]],[[[120.95277,14.67226],[120.95268,14.6719],[120.95217,14.67185],[120.95217,14.67198],[120.95277,14.67226]]],[[[120.97589,14.67228],[120.97579,14.67219],[120.97579,14.67228],[120.97589,14.67228]]],[[[120.97822,14.6714],[120.97738,14.67139],[120.97765,14.67221],[120.97858,14.67222],[120.97831,14.67167],[120.97784,14.67194],[120.97822,14.6714]]],[[[120.97876,14.67231],[120.97867,14.67213],[120.97867,14.67231],[120.97876,14.67231]]],[[[120.97004,14.67232],[120.96995,14.67205],[120.96995,14.67232],[120.97004,14.67232]]],[[[120.99139,14.67233],[120.99148,14.67224],[120.99139,14.67224],[120.99139,14.67233]]],[[[120.96753,14.67212],[120.96725,14.6723],[120.96753,14.67239],[120.96753,14.67212]]],[[[120.97802,14.6723],[120.97811,14.67239],[120.97811,14.6723],[120.97802,14.6723]]],[[[120.95287,14.67226],[120.95277,14.67244],[120.95286,14.67244],[120.95287,14.67226]]],[[[120.96636,14.65855],[120.96794,14.65857],[120.96766,14.65884],[120.96719,14.65865],[120.96719,14.65919],[120.9658,14.65891],[120.96565,14.6595],[120.96514,14.65954],[120.96467,14.66071],[120.96512,14.66162],[120.96475,14.66243],[120.96335,14.66259],[120.9631,14.66463],[120.9624,14.66543],[120.96276,14.66638],[120.96229,14.66665],[120.96266,14.66684],[120.96172,14.66809],[120.96293,14.66828],[120.9635,14.66711],[120.96423,14.66775],[120.96479,14.66776],[120.96498,14.66722],[120.96525,14.66821],[120.96431,14.6692],[120.96505,14.66948],[120.96543,14.66894],[120.96542,14.6693],[120.96617,14.6694],[120.96514,14.67011],[120.96607,14.67003],[120.96615,14.67111],[120.96541,14.67065],[120.9655,14.67129],[120.96689,14.67148],[120.96809,14.67249],[120.96828,14.67176],[120.96865,14.67231],[120.96875,14.67159],[120.97014,14.67133],[120.97023,14.67205],[120.97051,14.67133],[120.96894,14.67114],[120.96885,14.67041],[120.96751,14.66941],[120.9683,14.66914],[120.96794,14.66833],[120.96738,14.66868],[120.96674,14.66723],[120.96646,14.6675],[120.9661,14.66696],[120.96586,14.66731],[120.96587,14.66682],[120.9665,14.6638],[120.96753,14.66263],[120.96836,14.66264],[120.96763,14.66114],[120.96894,14.66011],[120.9694,14.66084],[120.97033,14.66067],[120.96849,14.65911],[120.96868,14.6583],[120.96989,14.65786],[120.96897,14.65695],[120.96907,14.65596],[120.96804,14.65712],[120.96749,14.65703],[120.96722,14.6563],[120.96748,14.65739],[120.9686,14.65713],[120.96831,14.65794],[120.96785,14.65802],[120.96795,14.65739],[120.96618,14.65792],[120.96636,14.65855]]],[[[120.96727,14.67076],[120.96661,14.6713],[120.96662,14.67048],[120.96727,14.67076]]],[[[120.96736,14.67067],[120.96718,14.67049],[120.96746,14.67049],[120.96736,14.67067]]],[[[120.9669,14.67013],[120.96653,14.6703],[120.9669,14.67031],[120.9669,14.67013]]],[[[120.96644,14.67012],[120.96653,14.67003],[120.96644,14.67003],[120.96644,14.67012]]],[[[120.96774,14.66995],[120.96751,14.66986],[120.96774,14.66986],[120.96774,14.66995]]],[[[120.96616,14.67003],[120.96635,14.67012],[120.96616,14.67012],[120.96616,14.67003]]],[[[120.96507,14.66713],[120.96526,14.66686],[120.96559,14.66677],[120.96558,14.66709],[120.96507,14.66713]]],[[[120.96546,14.66578],[120.96447,14.66708],[120.96449,14.66545],[120.96338,14.66436],[120.96368,14.66273],[120.96534,14.66302],[120.96562,14.66356],[120.96529,14.66361],[120.96546,14.66578]]],[[[120.96582,14.66632],[120.96545,14.66623],[120.96583,14.66605],[120.96582,14.66632]]],[[[120.96308,14.66734],[120.96312,14.66738],[120.96307,14.66774],[120.96308,14.66734]]],[[[120.96653,14.66018],[120.96663,14.65982],[120.96699,14.6601],[120.96653,14.66018]]],[[[120.96811,14.65965],[120.96793,14.65956],[120.96811,14.65956],[120.96811,14.65965]]],[[[120.96888,14.65722],[120.96869,14.65704],[120.96888,14.65713],[120.96888,14.65722]]],[[[120.95203,14.67243],[120.95189,14.67252],[120.95203,14.67252],[120.95203,14.67243]]],[[[120.97291,14.67244],[120.97338,14.67217],[120.97515,14.6721],[120.97524,14.67237],[120.9757,14.67228],[120.97515,14.67182],[120.97301,14.6719],[120.97291,14.67244]]],[[[120.96391,14.67254],[120.96419,14.67227],[120.96391,14.67227],[120.96391,14.67254]]],[[[120.97486,14.67254],[120.97477,14.67245],[120.97477,14.67254],[120.97486,14.67254]]],[[[120.97793,14.67257],[120.97783,14.67239],[120.97783,14.67257],[120.97793,14.67257]]],[[[120.97783,14.67266],[120.97774,14.67257],[120.97774,14.67266],[120.97783,14.67266]]],[[[120.97867,14.67267],[120.97858,14.6724],[120.97857,14.67267],[120.97867,14.67267]]],[[[120.97895,14.67267],[120.97932,14.67231],[120.97904,14.67231],[120.97895,14.67267]]],[[[120.95286,14.6728],[120.95296,14.67253],[120.95286,14.67253],[120.95286,14.6728]]],[[[120.96233,14.67298],[120.96252,14.67226],[120.96179,14.67135],[120.96168,14.6722],[120.96233,14.67298]]],[[[120.96771,14.67302],[120.96846,14.67258],[120.96753,14.67275],[120.96771,14.67302]]],[[[120.97876,14.67303],[120.97867,14.67285],[120.97866,14.67303],[120.97876,14.67303]]],[[[120.9924,14.67297],[120.99194,14.67278],[120.99148,14.67233],[120.99175,14.67287],[120.9924,14.67297]]],[[[120.95314,14.67299],[120.95295,14.67308],[120.95314,14.67321],[120.95314,14.67299]]],[[[120.97885,14.6733],[120.97876,14.67312],[120.97875,14.6733],[120.97885,14.6733]]],[[[120.99287,14.67315],[120.99231,14.67315],[120.99296,14.67333],[120.99287,14.67315]]],[[[120.96529,14.67336],[120.9653,14.67273],[120.96577,14.67219],[120.96484,14.67273],[120.96529,14.67336]]],[[[120.99314,14.67343],[120.99305,14.67333],[120.99305,14.67343],[120.99314,14.67343]]],[[[120.9626,14.67352],[120.96307,14.67334],[120.96251,14.67316],[120.9626,14.67352]]],[[[120.97894,14.67357],[120.97885,14.67339],[120.97884,14.67357],[120.97894,14.67357]]],[[[120.96538,14.674],[120.96557,14.67364],[120.96501,14.67381],[120.96538,14.674]]],[[[120.97792,14.67347],[120.9781,14.67339],[120.97792,14.67275],[120.97728,14.67266],[120.9755,14.67354],[120.97624,14.674],[120.97625,14.67328],[120.97718,14.67293],[120.97764,14.67356],[120.97792,14.67347]]],[[[120.95712,14.67393],[120.95779,14.67185],[120.95761,14.67086],[120.95664,14.67121],[120.95703,14.67347],[120.95634,14.67351],[120.95712,14.67393]]],[[[120.95713,14.67329],[120.95722,14.67311],[120.95731,14.67329],[120.95713,14.67329]]],[[[120.95724,14.67135],[120.95751,14.67158],[120.95732,14.67194],[120.95723,14.67194],[120.95724,14.67135]]],[[[120.98219,14.67297],[120.98256,14.67379],[120.98247,14.67288],[120.98219,14.67297]]],[[[120.9936,14.67406],[120.99351,14.67397],[120.99351,14.67406],[120.9936,14.67406]]],[[[120.97884,14.67412],[120.97875,14.67384],[120.97875,14.67411],[120.97884,14.67412]]],[[[120.99369,14.67415],[120.99379,14.67406],[120.99369,14.67406],[120.99369,14.67415]]],[[[120.98172,14.67387],[120.982,14.67414],[120.982,14.67369],[120.98172,14.67387]]],[[[120.97633,14.674],[120.97615,14.67436],[120.97638,14.67464],[120.97633,14.674]]],[[[120.97837,14.67465],[120.97828,14.67456],[120.97828,14.67465],[120.97837,14.67465]]],[[[120.9767,14.67464],[120.97642,14.67473],[120.9767,14.67473],[120.9767,14.67464]]],[[[120.97809,14.67465],[120.97781,14.67474],[120.97809,14.67474],[120.97809,14.67465]]],[[[120.96389,14.67462],[120.96417,14.67399],[120.96259,14.67443],[120.96259,14.6747],[120.96389,14.67462]]],[[[120.97707,14.67473],[120.97679,14.67482],[120.97707,14.67482],[120.97707,14.67473]]],[[[120.97855,14.67502],[120.97837,14.67492],[120.97837,14.67501],[120.97855,14.67502]]],[[[120.97827,14.6751],[120.97818,14.67501],[120.97818,14.6751],[120.97827,14.6751]]],[[[120.98184,14.6708],[120.97988,14.67159],[120.98035,14.6716],[120.98034,14.67259],[120.98154,14.67278],[120.98145,14.67342],[120.98061,14.67395],[120.9794,14.67367],[120.97865,14.67511],[120.97976,14.67448],[120.98088,14.67486],[120.98144,14.67441],[120.98116,14.67368],[120.98191,14.67324],[120.98184,14.6708]]],[[[120.98072,14.67178],[120.98127,14.67251],[120.98053,14.67232],[120.98072,14.67178]]],[[[120.98088,14.67422],[120.98051,14.6744],[120.98051,14.67413],[120.98088,14.67422]]],[[[120.97001,14.67512],[120.96997,14.67485],[120.96973,14.67512],[120.97001,14.67512]]],[[[120.96389,14.67516],[120.9637,14.67489],[120.96361,14.67507],[120.96389,14.67516]]],[[[120.99378,14.67415],[120.99462,14.6747],[120.99591,14.67517],[120.99499,14.67453],[120.99378,14.67415]]],[[[120.96992,14.6753],[120.96973,14.67521],[120.96973,14.6753],[120.96992,14.6753]]],[[[120.97177,14.67523],[120.97169,14.67441],[120.97113,14.67441],[120.9714,14.67523],[120.97057,14.67486],[120.97066,14.67531],[120.97177,14.67523]]],[[[120.95794,14.67542],[120.95776,14.67538],[120.95776,14.67542],[120.95794,14.67542]]],[[[120.95868,14.67538],[120.95813,14.67543],[120.95868,14.67543],[120.95868,14.67538]]],[[[120.95887,14.67539],[120.95924,14.67539],[120.95924,14.6753],[120.95887,14.67539]]],[[[120.99628,14.67526],[120.996,14.67535],[120.99628,14.67544],[120.99628,14.67526]]],[[[120.9766,14.67536],[120.97744,14.67546],[120.97809,14.6751],[120.97679,14.67509],[120.9766,14.67536]]],[[[120.95743,14.67564],[120.95771,14.67547],[120.95743,14.67555],[120.95743,14.67564]]],[[[120.96861,14.67574],[120.96889,14.67556],[120.96862,14.67547],[120.96861,14.67574]]],[[[120.96407,14.67561],[120.96416,14.67575],[120.96416,14.67561],[120.96407,14.67561]]],[[[120.9701,14.67585],[120.96982,14.67602],[120.9701,14.67603],[120.9701,14.67585]]],[[[120.97056,14.67603],[120.97038,14.67576],[120.97038,14.67603],[120.97056,14.67603]]],[[[120.9726,14.67614],[120.97251,14.67605],[120.97251,14.67614],[120.9726,14.67614]]],[[[120.9635,14.67642],[120.96323,14.67606],[120.96332,14.67642],[120.9635,14.67642]]],[[[120.9726,14.6765],[120.97251,14.67623],[120.97251,14.6765],[120.9726,14.6765]]],[[[120.96633,14.67699],[120.96619,14.67685],[120.96619,14.6769],[120.96633,14.67699]]],[[[120.9609,14.67703],[120.96081,14.67685],[120.9608,14.67703],[120.9609,14.67703]]],[[[120.966,14.67717],[120.96591,14.67707],[120.96591,14.67717],[120.966,14.67717]]],[[[120.96266,14.67696],[120.96294,14.67714],[120.96294,14.67696],[120.96266,14.67696]]],[[[120.96006,14.67729],[120.95997,14.6772],[120.95997,14.67729],[120.96006,14.67729]]],[[[120.96192,14.67677],[120.9623,14.67632],[120.9622,14.67686],[120.96257,14.67696],[120.96285,14.67642],[120.96268,14.67479],[120.96147,14.67523],[120.96183,14.67605],[120.96155,14.67695],[120.96229,14.67731],[120.96192,14.67677]]],[[[120.96211,14.67605],[120.96249,14.67578],[120.96248,14.67605],[120.96211,14.67605]]],[[[120.96609,14.67735],[120.966,14.67726],[120.966,14.67735],[120.96609,14.67735]]],[[[120.96577,14.67739],[120.96554,14.67689],[120.96549,14.67739],[120.96577,14.67739]]],[[[120.96618,14.67753],[120.96609,14.67744],[120.96609,14.67753],[120.96618,14.67753]]],[[[120.96145,14.67758],[120.96127,14.6774],[120.96117,14.67758],[120.96145,14.67758]]],[[[120.97277,14.67777],[120.97314,14.67777],[120.97315,14.67723],[120.97296,14.67732],[120.97277,14.67777]]],[[[120.96627,14.6778],[120.96618,14.67771],[120.96618,14.6778],[120.96627,14.6778]]],[[[120.95681,14.67781],[120.95657,14.67785],[120.95681,14.67785],[120.95681,14.67781]]],[[[120.97277,14.67786],[120.97273,14.67777],[120.97273,14.67786],[120.97277,14.67786]]],[[[120.9766,14.67536],[120.97585,14.67599],[120.97642,14.67509],[120.97484,14.67498],[120.9738,14.67696],[120.97593,14.67789],[120.97891,14.67628],[120.97798,14.67628],[120.97818,14.67565],[120.97752,14.67618],[120.97706,14.67573],[120.97659,14.67599],[120.9766,14.67536]]],[[[120.97724,14.67609],[120.97706,14.67636],[120.97668,14.67636],[120.97669,14.67617],[120.97724,14.67609]]],[[[120.97463,14.67724],[120.97547,14.67698],[120.9764,14.67744],[120.97678,14.67654],[120.97603,14.67671],[120.97529,14.67616],[120.97463,14.67724]]],[[[120.97463,14.67733],[120.97454,14.67724],[120.97454,14.67733],[120.97463,14.67733]]],[[[120.97484,14.67544],[120.9747,14.6753],[120.97484,14.6753],[120.97484,14.67544]]],[[[120.97502,14.67517],[120.97498,14.67508],[120.97503,14.67508],[120.97502,14.67517]]],[[[120.96739,14.67795],[120.96743,14.6779],[120.96739,14.6779],[120.96739,14.67795]]],[[[120.97351,14.67795],[120.97333,14.67786],[120.97333,14.67795],[120.97351,14.67795]]],[[[120.97435,14.67801],[120.9744,14.67796],[120.97435,14.67796],[120.97435,14.67801]]],[[[120.97004,14.67232],[120.97086,14.67377],[120.9717,14.67351],[120.97132,14.67405],[120.97188,14.67424],[120.97188,14.6736],[120.97225,14.6737],[120.97214,14.67641],[120.97094,14.67567],[120.97121,14.67649],[120.97167,14.67649],[120.97138,14.6773],[120.97194,14.67758],[120.9712,14.67757],[120.97063,14.67811],[120.97268,14.67772],[120.9725,14.67677],[120.97222,14.67722],[120.97223,14.67605],[120.9729,14.67397],[120.97282,14.67262],[120.97243,14.67433],[120.97244,14.67307],[120.97004,14.67232]]],[[[120.97133,14.67288],[120.97152,14.67306],[120.97133,14.67306],[120.97133,14.67288]]],[[[120.97077,14.67332],[120.97096,14.6735],[120.97077,14.6735],[120.97077,14.67332]]],[[[120.9569,14.67808],[120.95685,14.67812],[120.95699,14.67813],[120.9569,14.67808]]],[[[120.96525,14.6782],[120.96549,14.67766],[120.96535,14.67766],[120.96525,14.6782]]],[[[120.96664,14.67826],[120.96655,14.67816],[120.96655,14.67826],[120.96664,14.67826]]],[[[120.97035,14.67829],[120.97026,14.6782],[120.97026,14.67829],[120.97035,14.67829]]],[[[120.96218,14.6784],[120.96209,14.67831],[120.96209,14.6784],[120.96218,14.6784]]],[[[120.95713,14.6784],[120.95741,14.6779],[120.95736,14.6779],[120.95713,14.6784]]],[[[120.96775,14.67849],[120.96771,14.67845],[120.96771,14.67849],[120.96775,14.67849]]],[[[120.96692,14.67853],[120.96683,14.67844],[120.96682,14.67853],[120.96692,14.67853]]],[[[120.97295,14.6784],[120.97267,14.67858],[120.97295,14.67858],[120.97295,14.6784]]],[[[120.96348,14.67859],[120.96367,14.67814],[120.96302,14.67795],[120.96302,14.67831],[120.96348,14.67859]]],[[[120.9633,14.67841],[120.96339,14.67814],[120.96339,14.67841],[120.9633,14.67841]]],[[[120.96701,14.67862],[120.9671,14.67853],[120.96701,14.67853],[120.96701,14.67862]]],[[[120.9672,14.67862],[120.9671,14.67871],[120.96719,14.67871],[120.9672,14.67862]]],[[[120.9619,14.67858],[120.96209,14.67867],[120.96209,14.67858],[120.9619,14.67858]]],[[[120.96497,14.67869],[120.9652,14.67874],[120.9652,14.67833],[120.96497,14.67869]]],[[[120.95643,14.6788],[120.95657,14.67866],[120.95643,14.67866],[120.95643,14.6788]]],[[[120.96729,14.67871],[120.96719,14.6788],[120.96729,14.6788],[120.96729,14.67871]]],[[[120.96255,14.67885],[120.96246,14.67876],[120.96246,14.67885],[120.96255,14.67885]]],[[[120.96738,14.6788],[120.96729,14.67889],[120.96738,14.67889],[120.96738,14.6788]]],[[[120.96766,14.67899],[120.96747,14.6789],[120.96747,14.67899],[120.96766,14.67899]]],[[[120.96583,14.67536],[120.96661,14.67686],[120.96717,14.67659],[120.96772,14.67714],[120.96743,14.67808],[120.96868,14.679],[120.96961,14.67873],[120.96952,14.67792],[120.97101,14.67721],[120.97074,14.67621],[120.97009,14.67657],[120.96825,14.67547],[120.96741,14.67582],[120.96695,14.67528],[120.96732,14.67483],[120.96583,14.67536]]],[[[120.97037,14.67684],[120.97064,14.67721],[120.97046,14.67711],[120.97037,14.67684]]],[[[120.96814,14.67691],[120.9698,14.67747],[120.96999,14.67774],[120.96804,14.67736],[120.96814,14.67691]]],[[[120.96896,14.6781],[120.96915,14.67828],[120.96896,14.67828],[120.96896,14.6781]]],[[[120.96775,14.67917],[120.96784,14.67908],[120.96775,14.67908],[120.96775,14.67917]]],[[[120.96014,14.6791],[120.96004,14.67946],[120.96023,14.67937],[120.96014,14.6791]]],[[[120.96533,14.67951],[120.9652,14.67901],[120.96487,14.67887],[120.96487,14.67923],[120.96533,14.67951]]],[[[120.96292,14.67958],[120.96301,14.67895],[120.96283,14.67886],[120.96264,14.67903],[120.96292,14.67958]]],[[[120.96533,14.67951],[120.96551,14.67978],[120.96575,14.67978],[120.96575,14.67956],[120.96533,14.67951]]],[[[120.9734,14.68012],[120.97322,14.67994],[120.97322,14.68012],[120.9734,14.68012]]],[[[120.96236,14.67994],[120.96198,14.68011],[120.96235,14.68021],[120.96236,14.67994]]],[[[120.96402,14.68022],[120.96375,14.67959],[120.96375,14.68022],[120.96402,14.68022]]],[[[120.95947,14.68036],[120.96003,14.68019],[120.95967,14.67964],[120.95929,14.67982],[120.95947,14.68036]]],[[[120.96133,14.68056],[120.96189,14.67975],[120.96181,14.67894],[120.96153,14.67939],[120.9606,14.67911],[120.96115,14.67956],[120.9606,14.67947],[120.96068,14.68019],[120.96133,14.68056]]],[[[120.96114,14.68038],[120.96096,14.68019],[120.96115,14.68011],[120.96114,14.68038]]],[[[120.96225,14.68138],[120.96281,14.68111],[120.96263,14.68021],[120.96235,14.68075],[120.96179,14.68074],[120.96225,14.68138]]],[[[120.95835,14.68144],[120.95844,14.68139],[120.95835,14.68139],[120.95835,14.68144]]],[[[120.96327,14.68139],[120.96299,14.68148],[120.96327,14.68148],[120.96327,14.68139]]],[[[120.96011,14.68154],[120.96002,14.68118],[120.95956,14.68127],[120.95965,14.68145],[120.96011,14.68154]]],[[[120.96791,14.68197],[120.96754,14.68161],[120.96744,14.68197],[120.96791,14.68197]]],[[[120.96317,14.68202],[120.96308,14.68184],[120.96308,14.68202],[120.96317,14.68202]]],[[[120.96224,14.68192],[120.96187,14.68228],[120.96224,14.68228],[120.96224,14.68192]]],[[[120.97357,14.68229],[120.97338,14.68193],[120.97292,14.68211],[120.97301,14.68229],[120.97357,14.68229]]],[[[120.95947,14.68036],[120.95864,14.67999],[120.95921,14.67909],[120.96107,14.67848],[120.96061,14.67811],[120.96071,14.67694],[120.9602,14.67675],[120.96047,14.67789],[120.95959,14.67792],[120.95986,14.67829],[120.95921,14.67855],[120.95942,14.67657],[120.95905,14.67629],[120.95769,14.67786],[120.95795,14.67922],[120.95652,14.67898],[120.95627,14.68029],[120.95669,14.68029],[120.95641,14.68015],[120.95656,14.67975],[120.95711,14.68057],[120.95863,14.68117],[120.95793,14.68216],[120.9582,14.68252],[120.9589,14.68189],[120.95946,14.68199],[120.95947,14.68036]]],[[[120.95836,14.68031],[120.95882,14.68108],[120.95845,14.68089],[120.95836,14.68031]]],[[[120.95866,14.67828],[120.95839,14.67755],[120.95866,14.67801],[120.95866,14.67828]]],[[[120.95876,14.67746],[120.95867,14.67737],[120.95876,14.67737],[120.95876,14.67746]]],[[[120.96038,14.68263],[120.9601,14.68263],[120.96038,14.68272],[120.96038,14.68263]]],[[[120.96094,14.68236],[120.96084,14.6829],[120.96121,14.68291],[120.96122,14.68255],[120.96094,14.68236]]],[[[120.95861,14.68325],[120.95852,14.68306],[120.95852,14.68325],[120.95861,14.68325]]],[[[120.95917,14.68325],[120.95898,14.68307],[120.95889,14.68325],[120.95917,14.68325]]],[[[120.96065,14.68326],[120.96047,14.68335],[120.96065,14.68353],[120.96065,14.68326]]],[[[120.95991,14.68344],[120.95972,14.68357],[120.95991,14.68362],[120.95991,14.68344]]],[[[120.96195,14.68382],[120.96251,14.68301],[120.96186,14.68291],[120.96195,14.68382]]],[[[120.96334,14.68392],[120.96419,14.68275],[120.96439,14.68131],[120.96279,14.68337],[120.96334,14.68392]]],[[[120.94839,14.68401],[120.94821,14.68397],[120.94821,14.68401],[120.94839,14.68401]]],[[[120.96074,14.68417],[120.96065,14.68408],[120.96065,14.68417],[120.96074,14.68417]]],[[[120.94848,14.68433],[120.94844,14.68406],[120.94844,14.68433],[120.94848,14.68433]]],[[[120.94867,14.68456],[120.94857,14.68451],[120.94857,14.68456],[120.94867,14.68456]]],[[[120.95711,14.68477],[120.95768,14.68387],[120.95708,14.68332],[120.95679,14.68463],[120.95711,14.68477]]],[[[120.96277,14.68491],[120.96241,14.68409],[120.96213,14.68463],[120.96277,14.68491]]],[[[120.95108,14.68481],[120.95089,14.68499],[120.95108,14.68508],[120.95108,14.68481]]],[[[120.96166,14.68526],[120.96147,14.68508],[120.96147,14.68526],[120.96166,14.68526]]],[[[120.95126,14.68517],[120.95182,14.6849],[120.95192,14.68454],[120.95126,14.68517]]],[[[120.96184,14.68544],[120.96166,14.68535],[120.96165,14.68544],[120.96184,14.68544]]],[[[120.95079,14.68553],[120.95089,14.68544],[120.95079,14.68544],[120.95079,14.68553]]],[[[120.95107,14.68553],[120.95088,14.68571],[120.95107,14.68562],[120.95107,14.68553]]],[[[120.94485,14.68593],[120.94495,14.6852],[120.94426,14.68479],[120.94429,14.68592],[120.94485,14.68593]]],[[[120.94448,14.68538],[120.94458,14.6852],[120.94476,14.68538],[120.94448,14.68538]]],[[[120.96063,14.68597],[120.961,14.68571],[120.96063,14.68579],[120.96063,14.68597]]],[[[120.94958,14.68606],[120.94995,14.68597],[120.94954,14.68579],[120.94958,14.68606]]],[[[120.96035,14.68642],[120.96026,14.68624],[120.96025,14.68642],[120.96035,14.68642]]],[[[120.94354,14.68646],[120.9441,14.68619],[120.9442,14.68592],[120.94355,14.68591],[120.94354,14.68646]]],[[[120.94475,14.68647],[120.94457,14.68628],[120.94456,14.68647],[120.94475,14.68647]]],[[[120.94428,14.68673],[120.94419,14.68655],[120.94419,14.68673],[120.94428,14.68673]]],[[[120.96573,14.68692],[120.96563,14.68683],[120.96563,14.68692],[120.96573,14.68692]]],[[[120.94447,14.68683],[120.94428,14.68691],[120.94451,14.68696],[120.94447,14.68683]]],[[[120.94985,14.68755],[120.95069,14.68661],[120.9506,14.68607],[120.9498,14.68705],[120.94985,14.68755]]],[[[120.94993,14.68823],[120.94984,14.68814],[120.94984,14.68823],[120.94993,14.68823]]],[[[120.95392,14.68881],[120.95364,14.68899],[120.95392,14.68908],[120.95392,14.68881]]],[[[120.95336,14.68925],[120.95345,14.68907],[120.95327,14.68907],[120.95336,14.68925]]],[[[120.95364,14.68926],[120.95354,14.68944],[120.95363,14.68944],[120.95364,14.68926]]],[[[120.95688,14.68965],[120.95679,14.68956],[120.95679,14.68965],[120.95688,14.68965]]],[[[120.95697,14.68974],[120.9573,14.68956],[120.95697,14.68965],[120.95697,14.68974]]],[[[120.95381,14.68998],[120.95372,14.68989],[120.95372,14.68998],[120.95381,14.68998]]],[[[120.95298,14.69006],[120.95308,14.68961],[120.95012,14.68814],[120.95086,14.68869],[120.95085,14.68923],[120.95123,14.68887],[120.95169,14.68942],[120.9514,14.68969],[120.95039,14.68923],[120.95029,14.68986],[120.95215,14.6896],[120.95298,14.69006]]],[[[120.95057,14.68968],[120.95039,14.68945],[120.95066,14.68941],[120.95057,14.68968]]],[[[120.95057,14.69004],[120.95038,14.69013],[120.95056,14.69031],[120.95057,14.69004]]],[[[120.95344,14.69043],[120.95335,14.69034],[120.95335,14.69043],[120.95344,14.69043]]],[[[120.95613,14.69054],[120.95595,14.69036],[120.95594,14.69054],[120.95613,14.69054]]],[[[120.95715,14.69037],[120.95669,14.69046],[120.95715,14.69055],[120.95715,14.69037]]],[[[120.95084,14.69059],[120.95075,14.69068],[120.95102,14.69068],[120.95084,14.69059]]],[[[120.95548,14.6909],[120.95576,14.69018],[120.954,14.69007],[120.954,14.69034],[120.95548,14.6909]]],[[[120.94861,14.69106],[120.94847,14.69106],[120.94854,14.69111],[120.94861,14.69106]]],[[[120.96978,14.68063],[120.96939,14.6818],[120.96985,14.68262],[120.9691,14.68361],[120.96946,14.68443],[120.96871,14.68514],[120.96797,14.68514],[120.96777,14.68622],[120.96657,14.68612],[120.96553,14.68819],[120.96507,14.68809],[120.96415,14.68637],[120.96417,14.68483],[120.9638,14.68429],[120.96334,14.68446],[120.96202,14.68572],[120.96248,14.68653],[120.96182,14.68725],[120.96098,14.68778],[120.96071,14.68679],[120.96011,14.68696],[120.96009,14.689],[120.95981,14.68954],[120.95869,14.6898],[120.95868,14.69115],[120.96008,14.69035],[120.96065,14.68819],[120.96098,14.68792],[120.96116,14.68833],[120.96294,14.68663],[120.96258,14.68549],[120.96333,14.68469],[120.96398,14.68501],[120.96397,14.68646],[120.96506,14.68827],[120.96496,14.68899],[120.96589,14.68891],[120.96581,14.68783],[120.96647,14.68666],[120.96805,14.68667],[120.96806,14.68523],[120.96871,14.6855],[120.96992,14.6847],[120.97078,14.68281],[120.97142,14.683],[120.97282,14.68229],[120.97236,14.68174],[120.97441,14.68176],[120.97469,14.68113],[120.97562,14.68086],[120.97414,14.6804],[120.97415,14.67913],[120.97508,14.67878],[120.97564,14.67906],[120.97574,14.67843],[120.97439,14.67801],[120.97332,14.67895],[120.97267,14.67885],[120.97266,14.67966],[120.97359,14.68003],[120.97367,14.68085],[120.97312,14.6803],[120.9733,14.6813],[120.97228,14.68102],[120.97228,14.68065],[120.97181,14.68119],[120.97211,14.67912],[120.97248,14.67903],[120.97193,14.67812],[120.96895,14.67954],[120.96784,14.67917],[120.96765,14.67998],[120.96699,14.68034],[120.96579,14.67978],[120.96644,14.68024],[120.96634,14.68069],[120.96681,14.68052],[120.9668,14.6816],[120.96819,14.68152],[120.96838,14.68071],[120.96978,14.68063]]],[[[120.97481,14.67842],[120.9749,14.67869],[120.97471,14.6786],[120.97481,14.67842]]],[[[120.97397,14.67859],[120.97416,14.67868],[120.97397,14.67868],[120.97397,14.67859]]],[[[120.97367,14.68094],[120.97376,14.68103],[120.97367,14.68103],[120.97367,14.68094]]],[[[120.97107,14.68073],[120.96958,14.68181],[120.97025,14.67973],[120.97107,14.68073]]],[[[120.9708,14.68028],[120.9709,14.67938],[120.97117,14.68028],[120.9708,14.68028]]],[[[120.97107,14.68173],[120.97097,14.68164],[120.97107,14.68164],[120.97107,14.68173]]],[[[120.97441,14.68149],[120.97404,14.68139],[120.97441,14.68131],[120.97441,14.68149]]],[[[120.97162,14.68182],[120.97171,14.68191],[120.97162,14.68191],[120.97162,14.68182]]],[[[120.96995,14.68217],[120.97022,14.68253],[120.97004,14.68262],[120.96995,14.68217]]],[[[120.96534,14.68828],[120.96543,14.68846],[120.96525,14.68845],[120.96534,14.68828]]],[[[120.96736,14.68088],[120.96764,14.68107],[120.96736,14.68106],[120.96736,14.68088]]],[[[120.97174,14.67902],[120.97156,14.67875],[120.97184,14.67875],[120.97174,14.67902]]],[[[120.97109,14.67875],[120.97118,14.67884],[120.97109,14.67884],[120.97109,14.67875]]],[[[120.9552,14.69117],[120.95501,14.69126],[120.95519,14.69135],[120.9552,14.69117]]],[[[120.95659,14.69127],[120.95631,14.69136],[120.95659,14.69136],[120.95659,14.69127]]],[[[120.95464,14.69139],[120.95454,14.69134],[120.95454,14.69139],[120.95464,14.69139]]],[[[120.94136,14.69141],[120.94118,14.69127],[120.94118,14.69131],[120.94136,14.69141]]],[[[120.95923,14.69116],[120.95895,14.69143],[120.95923,14.69143],[120.95923,14.69116]]],[[[120.95421,14.69193],[120.95393,14.6922],[120.95421,14.6922],[120.95421,14.69193]]],[[[120.95894,14.69278],[120.95867,14.69197],[120.95866,14.69278],[120.95894,14.69278]]],[[[120.95754,14.69331],[120.95699,14.69304],[120.95699,14.69331],[120.95754,14.69331]]],[[[120.9386,14.69346],[120.93883,14.69364],[120.93893,14.69337],[120.9386,14.69346]]],[[[120.95199,14.69647],[120.95246,14.69566],[120.9514,14.69546],[120.95135,14.69574],[120.95199,14.69647]]],[[[120.91317,14.69766],[120.91299,14.69775],[120.91317,14.69784],[120.91317,14.69766]]],[[[120.91145,14.69778],[120.91127,14.69778],[120.91127,14.69792],[120.91145,14.69778]]],[[[120.91336,14.69784],[120.91326,14.69802],[120.91345,14.69803],[120.91336,14.69784]]],[[[120.91354,14.69803],[120.91345,14.69812],[120.91354,14.69812],[120.91354,14.69803]]],[[[120.91239,14.69698],[120.91155,14.69751],[120.91127,14.69828],[120.91225,14.69729],[120.91299,14.69757],[120.91239,14.69698]]],[[[120.91169,14.69759],[120.91169,14.69765],[120.91161,14.69765],[120.91169,14.69759]]],[[[120.91217,14.6972],[120.91225,14.69713],[120.91225,14.6972],[120.91217,14.6972]]],[[[120.91363,14.69812],[120.91354,14.6983],[120.91363,14.6983],[120.91363,14.69812]]],[[[120.91113,14.69832],[120.91122,14.69837],[120.91122,14.69832],[120.91113,14.69832]]],[[[120.91373,14.6983],[120.91363,14.69839],[120.91372,14.69839],[120.91373,14.6983]]],[[[120.91112,14.69846],[120.91103,14.69836],[120.91103,14.69846],[120.91112,14.69846]]],[[[120.91382,14.69839],[120.91372,14.69848],[120.91382,14.69848],[120.91382,14.69839]]],[[[120.91391,14.69848],[120.91382,14.69857],[120.91391,14.69857],[120.91391,14.69848]]],[[[120.914,14.69857],[120.91391,14.69866],[120.914,14.69866],[120.914,14.69857]]],[[[120.91409,14.69866],[120.914,14.69875],[120.91409,14.69875],[120.91409,14.69866]]],[[[120.91419,14.69875],[120.91409,14.69884],[120.91418,14.69885],[120.91419,14.69875]]],[[[120.91103,14.69846],[120.91075,14.69872],[120.9107,14.69908],[120.91098,14.69886],[120.91103,14.69846]]],[[[120.91437,14.69894],[120.91418,14.69921],[120.91437,14.69921],[120.91437,14.69894]]],[[[120.91408,14.69957],[120.91399,14.6993],[120.9139,14.69966],[120.91408,14.69957]]],[[[120.9139,14.6997],[120.91381,14.69965],[120.91381,14.6997],[120.9139,14.6997]]],[[[120.91018,14.6998],[120.91046,14.69962],[120.91065,14.69913],[120.91047,14.69917],[120.91018,14.6998]]],[[[120.91362,14.69974],[120.91376,14.69984],[120.91376,14.69974],[120.91362,14.69974]]],[[[120.91018,14.69989],[120.91,14.6998],[120.91,14.69989],[120.91018,14.69989]]],[[[120.91362,14.69992],[120.91353,14.69983],[120.91352,14.69992],[120.91362,14.69992]]],[[[120.91315,14.70001],[120.91343,14.70001],[120.91343,14.69992],[120.91315,14.70001]]],[[[120.90981,14.70016],[120.90981,14.69989],[120.90962,14.70016],[120.90981,14.70016]]],[[[120.90962,14.70025],[120.90953,14.70016],[120.90953,14.70025],[120.90962,14.70025]]],[[[120.91296,14.70028],[120.91292,14.70023],[120.91292,14.70028],[120.91296,14.70028]]],[[[120.90953,14.70034],[120.90944,14.70025],[120.90944,14.70034],[120.90953,14.70034]]],[[[120.91278,14.70028],[120.91287,14.70037],[120.91287,14.70028],[120.91278,14.70028]]],[[[120.91278,14.70046],[120.91259,14.70037],[120.91259,14.70046],[120.91278,14.70046]]],[[[120.95302,14.70005],[120.95247,14.70004],[120.95247,14.70032],[120.95302,14.70059],[120.95302,14.70005]]],[[[120.91259,14.70055],[120.91241,14.70046],[120.91231,14.70064],[120.91259,14.70055]]],[[[120.96166,14.7004],[120.96137,14.70067],[120.96165,14.70067],[120.96166,14.7004]]],[[[120.91194,14.70063],[120.91222,14.70072],[120.91222,14.70063],[120.91194,14.70063]]],[[[120.91194,14.70081],[120.91129,14.70063],[120.91129,14.70081],[120.91194,14.70081]]],[[[120.9111,14.7009],[120.91119,14.70099],[120.91119,14.7009],[120.9111,14.7009]]],[[[120.9111,14.70108],[120.91101,14.70099],[120.91101,14.70108],[120.9111,14.70108]]],[[[120.91101,14.70117],[120.91073,14.70107],[120.91073,14.70116],[120.91101,14.70117]]],[[[120.91063,14.70134],[120.91054,14.70116],[120.91054,14.70134],[120.91063,14.70134]]],[[[120.91045,14.70143],[120.91054,14.70152],[120.91054,14.70143],[120.91045,14.70143]]],[[[120.91044,14.70161],[120.91035,14.70152],[120.91035,14.70161],[120.91044,14.70161]]],[[[120.91035,14.7017],[120.91026,14.70161],[120.91026,14.7017],[120.91035,14.7017]]],[[[120.91026,14.70179],[120.91017,14.7017],[120.91016,14.70179],[120.91026,14.70179]]],[[[120.90944,14.70034],[120.90831,14.70132],[120.90821,14.70182],[120.90915,14.70106],[120.90944,14.70034]]],[[[120.94804,14.70159],[120.94739,14.70158],[120.94804,14.70186],[120.94804,14.70159]]],[[[120.91016,14.70188],[120.90998,14.70179],[120.90998,14.70188],[120.91016,14.70188]]],[[[120.90998,14.70206],[120.90989,14.70188],[120.90988,14.70206],[120.90998,14.70206]]],[[[120.90859,14.70196],[120.90849,14.70209],[120.90868,14.70209],[120.90859,14.70196]]],[[[120.90988,14.70215],[120.90979,14.70206],[120.90979,14.70215],[120.90988,14.70215]]],[[[120.90872,14.70232],[120.90886,14.70223],[120.90872,14.70214],[120.90872,14.70232]]],[[[120.90895,14.70232],[120.90886,14.70237],[120.90895,14.70237],[120.90895,14.70232]]],[[[120.90979,14.70233],[120.9096,14.70224],[120.9096,14.70242],[120.90979,14.70233]]],[[[120.909,14.7025],[120.90904,14.70241],[120.909,14.70241],[120.909,14.7025]]],[[[120.9096,14.70251],[120.90951,14.70242],[120.90951,14.70251],[120.9096,14.70251]]],[[[120.90914,14.7025],[120.90904,14.70259],[120.90914,14.70259],[120.90914,14.7025]]],[[[120.90951,14.70269],[120.90941,14.7026],[120.90923,14.70264],[120.90951,14.70269]]],[[[120.94616,14.70419],[120.94617,14.70365],[120.94552,14.70391],[120.94551,14.704],[120.94616,14.70419]]],[[[120.94505,14.70445],[120.94467,14.70454],[120.94504,14.70463],[120.94505,14.70445]]],[[[120.96188,14.70582],[120.96133,14.70527],[120.96133,14.70582],[120.96188,14.70582]]],[[[120.91978,14.70558],[120.91821,14.70521],[120.91788,14.70597],[120.91927,14.70626],[120.91899,14.70558],[120.9195,14.70576],[120.91997,14.70567],[120.91978,14.70558]]],[[[120.91951,14.70549],[120.91923,14.70558],[120.91951,14.70558],[120.91951,14.70549]]],[[[120.91904,14.70549],[120.91923,14.70544],[120.91904,14.70539],[120.91904,14.70549]]],[[[120.91895,14.70539],[120.91877,14.7053],[120.91895,14.7053],[120.91895,14.70539]]],[[[120.91955,14.70626],[120.91926,14.70653],[120.91954,14.70653],[120.91955,14.70626]]],[[[120.91982,14.70653],[120.91954,14.7068],[120.91982,14.7068],[120.91982,14.70653]]],[[[120.9201,14.7068],[120.91982,14.70707],[120.92009,14.70708],[120.9201,14.7068]]],[[[120.92079,14.70731],[120.9207,14.70722],[120.9207,14.70731],[120.92079,14.70731]]],[[[120.92065,14.70735],[120.92037,14.70708],[120.92037,14.70735],[120.92065,14.70735]]],[[[120.9208,14.70586],[120.91997,14.70567],[120.91987,14.70585],[120.92126,14.70632],[120.92163,14.70704],[120.92092,14.70763],[120.92273,14.70814],[120.92259,14.70872],[120.9231,14.70832],[120.92292,14.70769],[120.92376,14.70761],[120.92348,14.70706],[120.92288,14.7071],[120.92302,14.7067],[120.92209,14.70687],[120.9208,14.70586]]],[[[120.92148,14.70768],[120.92162,14.70777],[120.92148,14.70777],[120.92148,14.70768]]],[[[120.94148,14.70858],[120.94139,14.70876],[120.94166,14.70876],[120.94148,14.70858]]],[[[120.94175,14.70894],[120.94185,14.70885],[120.94176,14.70885],[120.94175,14.70894]]],[[[120.9411,14.70903],[120.94101,14.70866],[120.94101,14.70902],[120.9411,14.70903]]],[[[120.92235,14.70877],[120.92231,14.70872],[120.9223,14.70913],[120.92235,14.70877]]],[[[120.94157,14.70921],[120.94138,14.70912],[120.94138,14.70921],[120.94157,14.70921]]],[[[120.94959,14.70978],[120.94903,14.70977],[120.94903,14.71032],[120.94959,14.71032],[120.94959,14.70978]]],[[[120.92062,14.71038],[120.92076,14.71047],[120.9209,14.71034],[120.92062,14.71038]]],[[[120.95515,14.71064],[120.95487,14.71091],[120.95515,14.71091],[120.95515,14.71064]]],[[[120.96101,14.70961],[120.96073,14.71042],[120.96128,14.71042],[120.96128,14.71097],[120.96211,14.71097],[120.96212,14.71016],[120.96101,14.70961]]],[[[120.96071,14.71205],[120.96044,14.7115],[120.96043,14.71204],[120.96071,14.71205]]],[[[120.93815,14.71212],[120.93815,14.71187],[120.93796,14.71212],[120.93815,14.71212]]],[[[120.95105,14.70301],[120.95134,14.70166],[120.9519,14.7014],[120.9508,14.70003],[120.95109,14.69895],[120.95249,14.69815],[120.95416,14.69816],[120.955,14.69681],[120.9564,14.69656],[120.95641,14.69574],[120.95585,14.69547],[120.95588,14.69303],[120.95643,14.69276],[120.95672,14.69172],[120.95478,14.69144],[120.95449,14.69247],[120.95365,14.69274],[120.95394,14.69143],[120.95362,14.6907],[120.95297,14.69061],[120.95232,14.69105],[120.95297,14.69133],[120.95288,14.69088],[120.95339,14.69084],[120.95338,14.69165],[120.95157,14.69141],[120.95031,14.69203],[120.95313,14.69424],[120.95265,14.69544],[120.95334,14.69571],[120.95333,14.6968],[120.95162,14.69692],[120.94737,14.70429],[120.94643,14.70528],[120.94517,14.70563],[120.94573,14.70595],[120.94572,14.70676],[120.94308,14.70642],[120.94349,14.70701],[120.94307,14.70769],[120.94432,14.70783],[120.94459,14.70865],[120.94291,14.70918],[120.94292,14.70796],[120.94269,14.70786],[120.94222,14.70895],[120.94036,14.70938],[120.93956,14.71077],[120.94039,14.71078],[120.94066,14.71133],[120.94261,14.71134],[120.94316,14.7127],[120.94483,14.71272],[120.94485,14.71001],[120.94542,14.70947],[120.94709,14.70921],[120.94627,14.70758],[120.94711,14.70732],[120.94768,14.70597],[120.94908,14.70544],[120.94881,14.70408],[120.94965,14.70327],[120.95105,14.70301]]],[[[120.94825,14.70489],[120.94852,14.70516],[120.94824,14.70516],[120.94825,14.70489]]],[[[120.95475,14.69464],[120.95364,14.69409],[120.95475,14.6941],[120.95475,14.69464]]],[[[120.95072,14.71291],[120.95063,14.71281],[120.95063,14.71291],[120.95072,14.71291]]],[[[120.94288,14.71297],[120.9426,14.71243],[120.9426,14.71297],[120.94288,14.71297]]],[[[120.93953,14.71403],[120.94036,14.71376],[120.94037,14.71295],[120.93953,14.71321],[120.93953,14.71403]]],[[[120.96208,14.71504],[120.9618,14.71477],[120.9618,14.71504],[120.96208,14.71504]]],[[[120.94076,14.71598],[120.94062,14.71593],[120.94062,14.71598],[120.94076,14.71598]]],[[[120.93616,14.71617],[120.93589,14.71562],[120.93588,14.71616],[120.93616,14.71617]]],[[[120.93728,14.71563],[120.937,14.71617],[120.93811,14.71645],[120.93812,14.71564],[120.93728,14.71563]]],[[[120.94089,14.71648],[120.9409,14.71607],[120.94006,14.7162],[120.94006,14.71647],[120.94089,14.71648]]],[[[120.93917,14.71701],[120.93894,14.71673],[120.93894,14.717],[120.93917,14.71701]]],[[[120.93927,14.71701],[120.9395,14.71678],[120.93927,14.71696],[120.93927,14.71701]]],[[[120.93893,14.71782],[120.93907,14.71804],[120.93907,14.71782],[120.93893,14.71782]]],[[[120.93587,14.71811],[120.93643,14.71698],[120.93545,14.7167],[120.93475,14.71805],[120.93587,14.71811]]],[[[120.93725,14.71862],[120.93782,14.71808],[120.93782,14.71754],[120.93726,14.71753],[120.93725,14.71862]]],[[[120.93893,14.71809],[120.93842,14.71822],[120.93837,14.71862],[120.9386,14.71863],[120.93893,14.71809]]],[[[120.93916,14.71863],[120.93888,14.71831],[120.93879,14.71863],[120.93916,14.71863]]],[[[120.93725,14.71889],[120.93698,14.71861],[120.93697,14.71888],[120.93725,14.71889]]],[[[120.93813,14.71903],[120.93809,14.71889],[120.93809,14.71903],[120.93813,14.71903]]],[[[120.94449,14.71922],[120.94477,14.71895],[120.94449,14.71895],[120.94449,14.71922]]],[[[120.9378,14.71943],[120.93785,14.71921],[120.93795,14.71916],[120.93781,14.71916],[120.9378,14.71943]]],[[[120.93697,14.71915],[120.9372,14.71929],[120.9372,14.71916],[120.93697,14.71915]]],[[[120.94449,14.71976],[120.94421,14.71949],[120.94421,14.71976],[120.94449,14.71976]]],[[[120.93543,14.72045],[120.93529,14.7205],[120.93543,14.7205],[120.93543,14.72045]]],[[[120.9364,14.72051],[120.93692,14.7197],[120.93529,14.71968],[120.93552,14.72036],[120.9364,14.72051]]],[[[120.93608,14.7201],[120.93585,14.71996],[120.93617,14.71996],[120.93608,14.7201]]],[[[120.93695,14.7211],[120.93709,14.72078],[120.93696,14.72078],[120.93695,14.7211]]],[[[120.95088,14.7209],[120.9506,14.72117],[120.95088,14.72118],[120.95088,14.7209]]],[[[120.94948,14.72143],[120.9506,14.72063],[120.94921,14.72062],[120.94948,14.72143]]],[[[120.95059,14.72172],[120.95032,14.72117],[120.95032,14.72171],[120.95059,14.72172]]],[[[120.93667,14.72132],[120.93681,14.72164],[120.93681,14.72132],[120.93667,14.72132]]],[[[120.93444,14.72211],[120.93551,14.72163],[120.93501,14.72049],[120.93417,14.72049],[120.93418,14.71994],[120.93334,14.71966],[120.93334,14.72048],[120.93417,14.72076],[120.93388,14.72157],[120.93444,14.72211]]],[[[120.9407,14.72217],[120.94056,14.72244],[120.94061,14.72244],[120.9407,14.72217]]],[[[120.93643,14.72263],[120.93638,14.7224],[120.93638,14.72263],[120.93643,14.72263]]],[[[120.94279,14.72269],[120.94274,14.7225],[120.94274,14.72268],[120.94279,14.72269]]],[[[120.9361,14.72321],[120.93614,14.72326],[120.93624,14.72321],[120.9361,14.72321]]],[[[120.94236,14.72354],[120.94228,14.72277],[120.94256,14.72259],[120.94265,14.72219],[120.94199,14.72299],[120.94236,14.72354]]],[[[120.93582,14.72348],[120.93604,14.7238],[120.93605,14.72348],[120.93582,14.72348]]],[[[120.93859,14.72418],[120.93836,14.72405],[120.93836,14.72409],[120.93859,14.72418]]],[[[120.93887,14.72437],[120.93883,14.72432],[120.93882,14.72437],[120.93887,14.72437]]],[[[120.94056,14.72217],[120.93997,14.72121],[120.94085,14.72109],[120.94164,14.72168],[120.94183,14.72082],[120.94118,14.7205],[120.94183,14.72055],[120.94184,14.72001],[120.94114,14.72028],[120.94059,14.71973],[120.9379,14.72346],[120.93957,14.72446],[120.93902,14.72374],[120.93967,14.72311],[120.93893,14.72265],[120.94,14.72271],[120.94001,14.72189],[120.94056,14.72217]]],[[[120.94337,14.7245],[120.94365,14.72432],[120.94337,14.72432],[120.94337,14.7245]]],[[[120.93567,14.72456],[120.93553,14.72429],[120.93553,14.72456],[120.93567,14.72456]]],[[[120.93873,14.72446],[120.93859,14.72459],[120.93873,14.72459],[120.93873,14.72446]]],[[[120.93136,14.72344],[120.93135,14.72453],[120.9333,14.72481],[120.93247,14.72372],[120.93248,14.72318],[120.93359,14.72287],[120.93333,14.72075],[120.93305,14.72156],[120.93249,14.72155],[120.9323,14.72101],[120.9315,14.72209],[120.93221,14.72237],[120.9322,14.72318],[120.93053,14.72262],[120.93136,14.72344]]],[[[120.93318,14.72233],[120.93327,14.72269],[120.93299,14.72233],[120.93318,14.72233]]],[[[120.93357,14.72482],[120.93372,14.72468],[120.93358,14.72459],[120.93357,14.72482]]],[[[120.94188,14.72516],[120.94193,14.72503],[120.94188,14.72503],[120.94188,14.72516]]],[[[120.93524,14.7251],[120.93529,14.72515],[120.93538,14.7251],[120.93524,14.7251]]],[[[120.93444,14.7265],[120.93472,14.72623],[120.93482,14.72591],[120.9344,14.72618],[120.93444,14.7265]]],[[[120.94159,14.72679],[120.94163,14.72674],[120.94159,14.72674],[120.94159,14.72679]]],[[[120.93411,14.72676],[120.93434,14.72699],[120.93425,14.72672],[120.93411,14.72676]]],[[[120.93016,14.7275],[120.93101,14.72642],[120.93051,14.72533],[120.92994,14.72593],[120.93016,14.7275]]],[[[120.93387,14.72807],[120.93383,14.7278],[120.93382,14.72807],[120.93387,14.72807]]],[[[120.93689,14.7281],[120.93684,14.72805],[120.93684,14.7281],[120.93689,14.7281]]],[[[120.93758,14.72806],[120.93717,14.72761],[120.93716,14.7281],[120.93758,14.72806]]],[[[120.93071,14.72854],[120.93081,14.72791],[120.9302,14.72777],[120.93025,14.72836],[120.93071,14.72854]]],[[[120.93386,14.72862],[120.93382,14.72834],[120.93382,14.72861],[120.93386,14.72862]]],[[[120.95276,14.72878],[120.95303,14.72906],[120.95304,14.72879],[120.95276,14.72878]]],[[[120.93191,14.72937],[120.93186,14.72941],[120.93209,14.72941],[120.93191,14.72937]]],[[[120.93298,14.72915],[120.93321,14.72929],[120.93321,14.72915],[120.93298,14.72915]]],[[[120.92968,14.72953],[120.92959,14.72944],[120.92958,14.72953],[120.92968,14.72953]]],[[[120.93712,14.72751],[120.93796,14.72779],[120.9376,14.72643],[120.93825,14.72662],[120.93882,14.72491],[120.93831,14.72486],[120.93827,14.72405],[120.93719,14.72517],[120.9369,14.72647],[120.93611,14.72687],[120.93633,14.72755],[120.93601,14.72714],[120.93573,14.72768],[120.93583,14.72705],[120.93527,14.7275],[120.93481,14.72713],[120.93383,14.72699],[120.93383,14.72753],[120.9355,14.72755],[120.93522,14.72808],[120.93608,14.72995],[120.93628,14.72877],[120.93758,14.72878],[120.93744,14.72838],[120.9373,14.72869],[120.93637,14.72841],[120.93712,14.72751]]],[[[120.93773,14.72757],[120.93745,14.72729],[120.93773,14.72729],[120.93773,14.72757]]],[[[120.93675,14.72733],[120.93685,14.72742],[120.93675,14.72742],[120.93675,14.72733]]],[[[120.93717,14.72729],[120.9369,14.72702],[120.93717,14.72702],[120.93717,14.72729]]],[[[120.95249,14.72984],[120.95247,14.72961],[120.95247,14.72996],[120.95249,14.72984]]],[[[120.9294,14.72952],[120.92992,14.72885],[120.93047,14.72913],[120.93131,14.72909],[120.92997,14.72831],[120.92864,14.7283],[120.92829,14.72911],[120.92936,14.72885],[120.92935,14.72988],[120.92977,14.72998],[120.9294,14.72952]]],[[[120.93408,14.72997],[120.93367,14.72974],[120.93395,14.72929],[120.93381,14.72889],[120.93325,14.73024],[120.93408,14.72997]]],[[[120.93069,14.73026],[120.9306,14.73017],[120.9306,14.73026],[120.93069,14.73026]]],[[[120.93951,14.73007],[120.93965,14.73029],[120.93965,14.73016],[120.93951,14.73007]]],[[[120.93078,14.73053],[120.93069,14.73044],[120.93069,14.73048],[120.93078,14.73053]]],[[[120.93293,14.72965],[120.93242,14.72955],[120.93185,14.73072],[120.93293,14.72965]]],[[[120.93157,14.73076],[120.93171,14.73099],[120.9318,14.73077],[120.93157,14.73076]]],[[[120.92621,14.7328],[120.92626,14.73288],[120.92646,14.73289],[120.92621,14.7328]]],[[[120.92584,14.73311],[120.92574,14.73264],[120.92583,14.73335],[120.92584,14.73311]]],[[[120.92592,14.73365],[120.92585,14.73347],[120.92587,14.73365],[120.92592,14.73365]]],[[[120.93126,14.73374],[120.93157,14.73103],[120.93096,14.73135],[120.92929,14.73097],[120.9293,14.72993],[120.92827,14.73073],[120.9277,14.73285],[120.92667,14.73289],[120.92764,14.73344],[120.92708,14.73398],[120.92734,14.73561],[120.93126,14.73374]]],[[[120.93043,14.73374],[120.92987,14.73346],[120.93043,14.73346],[120.93043,14.73374]]],[[[120.93016,14.73292],[120.92988,14.73265],[120.93016,14.73265],[120.93016,14.73292]]],[[[120.92711,14.73538],[120.92656,14.7356],[120.9267,14.73589],[120.92706,14.73587],[120.92711,14.73538]]],[[[120.94221,14.72517],[120.94113,14.72619],[120.94107,14.72705],[120.93991,14.72736],[120.93995,14.7284],[120.93897,14.72907],[120.9391,14.73002],[120.93756,14.73023],[120.93741,14.73163],[120.93578,14.73211],[120.93549,14.7289],[120.93465,14.72944],[120.93464,14.72998],[120.93408,14.72997],[120.93436,14.73052],[120.93352,14.73051],[120.93407,14.73106],[120.93282,14.73109],[120.93324,14.73078],[120.93297,14.73023],[120.93184,14.73158],[120.93183,14.73266],[120.93217,14.73154],[120.93323,14.73159],[120.93378,14.73214],[120.9335,14.73295],[120.9321,14.73307],[120.9321,14.73348],[120.93489,14.73323],[120.93634,14.73682],[120.9414,14.73711],[120.94296,14.73412],[120.94659,14.73334],[120.94742,14.73334],[120.94688,14.73361],[120.94748,14.73417],[120.94936,14.73415],[120.95168,14.73195],[120.95233,14.73041],[120.95107,14.73012],[120.95081,14.72877],[120.95025,14.72849],[120.95081,14.72795],[120.95192,14.7285],[120.95305,14.72716],[120.95278,14.72634],[120.95167,14.72606],[120.95225,14.72394],[120.95599,14.72416],[120.95644,14.72326],[120.9531,14.72205],[120.95394,14.72147],[120.95395,14.71985],[120.95299,14.71875],[120.95704,14.71798],[120.9576,14.71717],[120.95871,14.71718],[120.95846,14.71501],[120.96041,14.71448],[120.95987,14.71258],[120.95959,14.71312],[120.95903,14.71312],[120.95793,14.71148],[120.95682,14.7112],[120.95684,14.70876],[120.9599,14.70906],[120.96019,14.70852],[120.9602,14.70743],[120.95965,14.70661],[120.95968,14.70336],[120.96052,14.70283],[120.96137,14.70094],[120.9611,14.69985],[120.96082,14.70066],[120.96026,14.70066],[120.96028,14.69903],[120.96083,14.69931],[120.96029,14.69767],[120.95862,14.69766],[120.95866,14.69305],[120.95782,14.69359],[120.95666,14.69846],[120.95554,14.69926],[120.95331,14.69897],[120.9533,14.70087],[120.95246,14.70059],[120.95246,14.70113],[120.95162,14.70166],[120.95161,14.70248],[120.953,14.70276],[120.95272,14.7033],[120.95188,14.70329],[120.9527,14.70547],[120.95103,14.70491],[120.95074,14.70572],[120.9499,14.70626],[120.94989,14.70734],[120.951,14.70789],[120.951,14.70844],[120.94989,14.70815],[120.94988,14.70897],[120.9496,14.70842],[120.94905,14.70869],[120.94904,14.7095],[120.95015,14.70978],[120.95014,14.7106],[120.94874,14.71167],[120.94817,14.71329],[120.94761,14.71356],[120.94731,14.71518],[120.94814,14.71654],[120.9473,14.71654],[120.94675,14.71572],[120.94675,14.71626],[120.94619,14.71625],[120.94478,14.71787],[120.94533,14.71896],[120.94477,14.71922],[120.94476,14.72031],[120.94392,14.72057],[120.94337,14.72002],[120.94253,14.72056],[120.94252,14.72164],[120.94363,14.72138],[120.94391,14.72193],[120.94307,14.72251],[120.94334,14.72301],[120.94226,14.72435],[120.94221,14.72517]]],[[[120.94436,14.73332],[120.94463,14.73359],[120.94436,14.73359],[120.94436,14.73332]]],[[[120.94046,14.73328],[120.93961,14.73422],[120.93963,14.73251],[120.94015,14.73192],[120.94102,14.73247],[120.94102,14.73329],[120.94046,14.73328]]],[[[120.94938,14.73255],[120.9491,14.73227],[120.94938,14.73228],[120.94938,14.73255]]],[[[120.94186,14.73221],[120.94214,14.73248],[120.94186,14.73248],[120.94186,14.73221]]],[[[120.93964,14.73192],[120.93977,14.73197],[120.93963,14.73206],[120.93964,14.73192]]],[[[120.93905,14.73463],[120.93919,14.73476],[120.93905,14.73476],[120.93905,14.73463]]],[[[120.939,14.7349],[120.93928,14.73503],[120.939,14.73503],[120.939,14.7349]]],[[[120.94128,14.73519],[120.94127,14.73573],[120.94039,14.73531],[120.94044,14.73504],[120.94128,14.73519]]],[[[120.93919,14.73517],[120.93937,14.73522],[120.93965,14.73531],[120.93919,14.73517]]],[[[120.93681,14.73628],[120.93709,14.73651],[120.93681,14.7365],[120.93681,14.73628]]],[[[120.93462,14.7316],[120.93463,14.73106],[120.93574,14.73134],[120.93574,14.73188],[120.93462,14.7316]]],[[[120.93435,14.73106],[120.93449,14.7312],[120.93435,14.73133],[120.93435,14.73106]]],[[[120.93551,14.73102],[120.93459,14.73056],[120.93575,14.73053],[120.93551,14.73102]]],[[[120.94215,14.73167],[120.94187,14.7314],[120.94215,14.7314],[120.94215,14.73167]]],[[[120.94132,14.73031],[120.9402,14.73165],[120.94021,14.7303],[120.94132,14.73031]]],[[[120.93933,14.73025],[120.93826,14.73055],[120.93802,14.73123],[120.93964,14.73111],[120.9405,14.72895],[120.94106,14.72868],[120.94079,14.72786],[120.94028,14.72799],[120.93933,14.73025]]],[[[120.94046,14.72773],[120.94135,14.72787],[120.94135,14.72733],[120.94046,14.72773]]],[[[120.94131,14.72665],[120.94163,14.72733],[120.94163,14.72679],[120.94219,14.72652],[120.94131,14.72665]]],[[[120.94131,14.72719],[120.94121,14.72701],[120.94121,14.72719],[120.94131,14.72719]]],[[[120.94998,14.72767],[120.94943,14.7274],[120.94999,14.72713],[120.94998,14.72767]]],[[[120.94387,14.72599],[120.94274,14.72734],[120.94275,14.72653],[120.94387,14.72599]]],[[[120.94888,14.72685],[120.94943,14.72713],[120.95028,14.72578],[120.94945,14.72496],[120.94888,14.72685]]],[[[120.94887,14.72712],[120.9486,14.72685],[120.94859,14.72712],[120.94887,14.72712]]],[[[120.94973,14.72496],[120.94974,14.72415],[120.95085,14.72443],[120.95056,14.72524],[120.94973,14.72496]]],[[[120.95169,14.72416],[120.95141,14.72362],[120.95169,14.72362],[120.95169,14.72416]]],[[[120.94948,14.72225],[120.94919,14.72252],[120.94947,14.72252],[120.94948,14.72225]]],[[[120.9492,14.72225],[120.9492,14.7217],[120.95032,14.72171],[120.95031,14.72226],[120.94975,14.72225],[120.94947,14.72279],[120.94946,14.7236],[120.95113,14.72416],[120.95145,14.7201],[120.9506,14.72063],[120.95061,14.72009],[120.9495,14.71954],[120.94865,14.72143],[120.9492,14.72225]]],[[[120.95172,14.72091],[120.95144,14.72118],[120.95171,14.72118],[120.95172,14.72091]]],[[[120.95061,14.72009],[120.95173,14.71956],[120.95172,14.7201],[120.95228,14.72037],[120.95172,14.72064],[120.95255,14.72065],[120.95283,14.72119],[120.95284,14.72038],[120.95339,14.72038],[120.95118,14.71901],[120.95034,14.71927],[120.95061,14.72009]]],[[[120.95283,14.72146],[120.95199,14.72091],[120.95199,14.72146],[120.95283,14.72146]]],[[[120.95254,14.722],[120.95171,14.72145],[120.9517,14.72281],[120.95226,14.72281],[120.95254,14.722]]],[[[120.94836,14.72197],[120.94919,14.72333],[120.94835,14.72332],[120.94724,14.7225],[120.94725,14.72196],[120.94836,14.72197]]],[[[120.94752,14.72331],[120.94751,14.72413],[120.94945,14.72469],[120.94946,14.72387],[120.94752,14.72331]]],[[[120.94696,14.72331],[120.94752,14.72304],[120.94696,14.72277],[120.94696,14.72331]]],[[[120.94389,14.72355],[120.945,14.72438],[120.94443,14.72519],[120.94333,14.72463],[120.94333,14.72382],[120.94389,14.72355]]],[[[120.94611,14.7252],[120.94583,14.72493],[120.94611,14.72493],[120.94611,14.7252]]],[[[120.94722,14.72521],[120.94666,14.72493],[120.94722,14.72494],[120.94722,14.72521]]],[[[120.94805,14.72522],[120.94778,14.72494],[120.94806,14.72495],[120.94805,14.72522]]],[[[120.94861,14.72495],[120.94834,14.72468],[120.94862,14.72468],[120.94861,14.72495]]],[[[120.94806,14.72468],[120.94751,14.7244],[120.94806,14.7244],[120.94806,14.72468]]],[[[120.94639,14.72439],[120.94695,14.72467],[120.94639,14.72466],[120.94639,14.72439]]],[[[120.94723,14.72413],[120.94696,14.72358],[120.94723,14.72358],[120.94723,14.72413]]],[[[120.9464,14.72358],[120.94667,14.72412],[120.94612,14.72412],[120.9464,14.72358]]],[[[120.94923,14.71899],[120.94978,14.71927],[120.95007,14.71846],[120.94951,14.71845],[120.94923,14.71899]]],[[[120.94922,14.71953],[120.94895,14.71899],[120.94894,14.71953],[120.94922,14.71953]]],[[[120.95062,14.71846],[120.95063,14.71792],[120.95146,14.7182],[120.95146,14.71874],[120.95062,14.71846]]],[[[120.94646,14.71734],[120.94729,14.71816],[120.94812,14.71817],[120.94813,14.71763],[120.94646,14.71734]]],[[[120.94618,14.71734],[120.94646,14.71707],[120.94618,14.71707],[120.94618,14.71734]]],[[[120.95342,14.7174],[120.95287,14.71631],[120.95343,14.71632],[120.95342,14.7174]]],[[[120.95538,14.71634],[120.95511,14.71579],[120.95594,14.71553],[120.95594,14.71607],[120.95538,14.71634]]],[[[120.94925,14.71628],[120.94925,14.71709],[120.94869,14.71709],[120.94869,14.71655],[120.94925,14.71628]]],[[[120.94504,14.72031],[120.94587,14.72086],[120.94503,14.72085],[120.94504,14.72031]]],[[[120.94753,14.72169],[120.94838,14.72061],[120.94837,14.72142],[120.94753,14.72169]]],[[[120.94304,14.72544],[120.94359,14.72572],[120.94304,14.72571],[120.94304,14.72544]]],[[[120.94471,14.726],[120.94443,14.72546],[120.94471,14.72546],[120.94471,14.726]]],[[[120.94526,14.72628],[120.94499,14.72573],[120.94526,14.72573],[120.94526,14.72628]]],[[[120.94582,14.72628],[120.9461,14.72574],[120.9461,14.72628],[120.94582,14.72628]]],[[[120.94833,14.72576],[120.94805,14.72549],[120.94833,14.72549],[120.94833,14.72576]]],[[[120.94693,14.72656],[120.94665,14.72683],[120.94693,14.72683],[120.94693,14.72656]]],[[[120.94637,14.72656],[120.94665,14.72629],[120.94637,14.72629],[120.94637,14.72656]]],[[[120.95958,14.71448],[120.95874,14.71393],[120.95986,14.71394],[120.95958,14.71448]]],[[[120.95488,14.71064],[120.95405,14.70982],[120.95294,14.70954],[120.95209,14.71061],[120.95179,14.71278],[120.9504,14.71277],[120.95011,14.71385],[120.9515,14.7144],[120.95346,14.71307],[120.95429,14.71334],[120.9543,14.7128],[120.95542,14.71227],[120.95653,14.71282],[120.95653,14.71228],[120.95515,14.71118],[120.95655,14.71065],[120.95656,14.70957],[120.956,14.70984],[120.95599,14.71038],[120.95488,14.71064]]],[[[120.95681,14.71282],[120.95652,14.71309],[120.9568,14.7131],[120.95681,14.71282]]],[[[120.95572,14.70983],[120.95544,14.70956],[120.95572,14.70956],[120.95572,14.70983]]],[[[120.95182,14.70953],[120.95126,14.70979],[120.95127,14.70925],[120.95071,14.70898],[120.95127,14.70871],[120.95182,14.70953]]],[[[120.95628,14.70902],[120.95601,14.70848],[120.95657,14.70848],[120.95628,14.70902]]],[[[120.95568,14.71363],[120.95541,14.71335],[120.95569,14.71336],[120.95568,14.71363]]],[[[120.95791,14.71338],[120.95708,14.7131],[120.95792,14.71311],[120.95791,14.71338]]],[[[120.95769,14.70714],[120.95713,14.70741],[120.95769,14.70741],[120.95769,14.70714]]],[[[120.95714,14.70713],[120.9563,14.70686],[120.9563,14.7074],[120.95686,14.7074],[120.95714,14.70713]]],[[[120.95714,14.70632],[120.95715,14.70551],[120.95882,14.70579],[120.95826,14.7066],[120.95714,14.70632]]],[[[120.95158,14.70519],[120.95181,14.70573],[120.95158,14.70573],[120.95158,14.70519]]],[[[120.95274,14.70597],[120.95297,14.70552],[120.95297,14.70615],[120.95274,14.70597]]],[[[120.95228,14.70578],[120.95218,14.70614],[120.95246,14.70628],[120.95213,14.70628],[120.95228,14.70578]]],[[[120.95828,14.70443],[120.958,14.70389],[120.95744,14.70443],[120.95746,14.70226],[120.95886,14.702],[120.9594,14.70309],[120.95856,14.70335],[120.95857,14.70281],[120.95801,14.7028],[120.95828,14.70443]]],[[[120.95747,14.70172],[120.95718,14.70226],[120.95663,14.70225],[120.95691,14.70144],[120.95747,14.70172]]],[[[120.95414,14.69952],[120.95385,14.70114],[120.95329,14.70141],[120.95328,14.70303],[120.95411,14.70331],[120.9541,14.70413],[120.95494,14.70413],[120.95578,14.70333],[120.95635,14.70143],[120.95581,14.70035],[120.95692,14.70036],[120.95693,14.69981],[120.95609,14.69953],[120.95637,14.70008],[120.95581,14.70007],[120.95554,14.69953],[120.95414,14.69952]]],[[[120.95387,14.69951],[120.95415,14.69925],[120.95387,14.69924],[120.95387,14.69951]]],[[[120.95779,14.69711],[120.95751,14.69656],[120.95807,14.69657],[120.95779,14.69711]]]]}},{"type":"Feature","properties":{"hazard":"storm-surge","level":"high","advisory":"SSA3"},"geometry":{"type":"MultiPolygon","coordinates":[[[[120.9676,14.46238],[120.96758,14.46211],[120.96755,14.46238],[120.9676,14.46238]]],[[[120.96609,14.46571],[120.96638,14.46445],[120.96629,14.46418],[120.96595,14.46518],[120.96609,14.46571]]],[[[120.96646,14.4659],[120.96612,14.46591],[120.96645,14.46599],[120.96646,14.4659]]],[[[120.96756,14.46636],[120.96692,14.46554],[120.96664,14.46605],[120.96756,14.46636]]],[[[120.9695,14.46719],[120.96997,14.4671],[120.97006,14.46674],[120.96942,14.46664],[120.9695,14.46719]]],[[[120.97117,14.4672],[120.97155,14.46702],[120.97118,14.46693],[120.97117,14.4672]]],[[[120.97293,14.46794],[120.97284,14.46776],[120.97284,14.46794],[120.97293,14.46794]]],[[[120.97664,14.46797],[120.97682,14.46779],[120.97655,14.46779],[120.97664,14.46797]]],[[[120.9746,14.46822],[120.97432,14.46831],[120.97459,14.46831],[120.9746,14.46822]]],[[[120.97747,14.46834],[120.97803,14.46816],[120.97775,14.4678],[120.97747,14.46834]]],[[[120.97107,14.46856],[120.97098,14.46846],[120.97098,14.46855],[120.97107,14.46856]]],[[[120.9744,14.46877],[120.97431,14.46867],[120.97431,14.46876],[120.9744,14.46877]]],[[[120.97153,14.46901],[120.97144,14.46892],[120.97143,14.46901],[120.97153,14.46901]]],[[[120.97152,14.46937],[120.97143,14.46928],[120.97143,14.46937],[120.97152,14.46937]]],[[[120.97569,14.46995],[120.97514,14.46958],[120.97514,14.46986],[120.97569,14.46995]]],[[[120.9768,14.47104],[120.9767,14.47086],[120.9767,14.47104],[120.9768,14.47104]]],[[[120.98616,14.4714],[120.98607,14.47103],[120.98607,14.4714],[120.98616,14.4714]]],[[[120.9741,14.47138],[120.97485,14.4713],[120.9756,14.4704],[120.97477,14.46922],[120.97524,14.4685],[120.97459,14.46841],[120.97496,14.46877],[120.97449,14.46913],[120.97273,14.46911],[120.97237,14.46857],[120.97272,14.47029],[120.97355,14.47066],[120.97346,14.47111],[120.97402,14.47048],[120.9741,14.47138]]],[[[120.9743,14.47012],[120.97467,14.47048],[120.97504,14.47022],[120.97495,14.47004],[120.9743,14.47012]]],[[[120.97411,14.47012],[120.9743,14.47003],[120.97412,14.47003],[120.97411,14.47012]]],[[[120.97402,14.46994],[120.97384,14.47012],[120.97365,14.46984],[120.97402,14.46994]]],[[[120.97338,14.46975],[120.97356,14.46993],[120.97337,14.46993],[120.97338,14.46975]]],[[[120.973,14.46984],[120.9731,14.46993],[120.973,14.46993],[120.973,14.46984]]],[[[120.9767,14.47159],[120.97716,14.4715],[120.97716,14.47123],[120.9767,14.47159]]],[[[120.97844,14.4735],[120.97772,14.47187],[120.97725,14.4715],[120.97696,14.47322],[120.97761,14.47295],[120.97844,14.4735]]],[[[120.97575,14.47366],[120.97566,14.47357],[120.97566,14.47366],[120.97575,14.47366]]],[[[120.98568,14.47329],[120.98586,14.47356],[120.98586,14.4732],[120.98568,14.47329]]],[[[120.98549,14.47392],[120.9854,14.47365],[120.98539,14.47392],[120.98549,14.47392]]],[[[120.97287,14.47399],[120.97315,14.47372],[120.97288,14.47372],[120.97287,14.47399]]],[[[120.97881,14.47423],[120.97871,14.47413],[120.97871,14.47422],[120.97881,14.47423]]],[[[120.98539,14.47437],[120.9853,14.47401],[120.9853,14.47437],[120.98539,14.47437]]],[[[120.97908,14.47441],[120.97927,14.4745],[120.97927,14.47441],[120.97908,14.47441]]],[[[120.9853,14.47455],[120.9852,14.47446],[120.9852,14.47455],[120.9853,14.47455]]],[[[120.98696,14.47466],[120.98762,14.47403],[120.98762,14.47358],[120.98697,14.47402],[120.98696,14.47466]]],[[[120.98492,14.47491],[120.98511,14.475],[120.98511,14.47482],[120.98492,14.47491]]],[[[120.98678,14.47502],[120.98668,14.47493],[120.98668,14.47502],[120.98678,14.47502]]],[[[120.97982,14.47496],[120.97954,14.47495],[120.97982,14.47505],[120.97982,14.47496]]],[[[120.98492,14.47509],[120.98483,14.475],[120.98483,14.47509],[120.98492,14.47509]]],[[[120.98622,14.4751],[120.98613,14.47501],[120.98613,14.4751],[120.98622,14.4751]]],[[[120.98974,14.47513],[120.98984,14.47504],[120.98974,14.47504],[120.98974,14.47513]]],[[[120.98993,14.47513],[120.98983,14.47522],[120.98993,14.47522],[120.98993,14.47513]]],[[[120.98047,14.47514],[120.98019,14.4746],[120.97927,14.4745],[120.9801,14.47487],[120.98,14.47523],[120.98047,14.47514]]],[[[120.97907,14.4754],[120.97898,14.47522],[120.9788,14.4754],[120.97907,14.4754]]],[[[120.97879,14.47576],[120.9787,14.47549],[120.9787,14.47576],[120.97879,14.47576]]],[[[120.98436,14.4759],[120.98426,14.47599],[120.98436,14.47599],[120.98436,14.4759]]],[[[120.98602,14.476],[120.98659,14.47538],[120.98594,14.47555],[120.98575,14.4751],[120.98622,14.47474],[120.98548,14.47446],[120.98566,14.4751],[120.9852,14.47545],[120.98602,14.476]]],[[[120.98426,14.4759],[120.98408,14.47554],[120.9826,14.47525],[120.98324,14.47607],[120.98426,14.4759]]],[[[120.97908,14.4745],[120.97686,14.47448],[120.97621,14.47375],[120.97547,14.47402],[120.97585,14.47284],[120.97492,14.47329],[120.97502,14.47248],[120.9718,14.47001],[120.97124,14.47055],[120.97003,14.47008],[120.97032,14.46918],[120.96967,14.46909],[120.96959,14.46773],[120.96802,14.46672],[120.96961,14.46853],[120.96935,14.4693],[120.96752,14.4699],[120.96811,14.47122],[120.96915,14.47196],[120.97063,14.47098],[120.97158,14.47162],[120.96993,14.47545],[120.97035,14.4756],[120.97083,14.47488],[120.97156,14.47516],[120.97074,14.47425],[120.9714,14.47308],[120.97223,14.47381],[120.97203,14.47444],[120.97279,14.47336],[120.97399,14.47337],[120.97491,14.47455],[120.97612,14.4742],[120.97564,14.47519],[120.97713,14.47484],[120.97713,14.47548],[120.97796,14.47575],[120.97795,14.47621],[120.97833,14.47567],[120.97806,14.47485],[120.97908,14.4745]]],[[[120.98241,14.47624],[120.98213,14.47597],[120.98222,14.47624],[120.98241,14.47624]]],[[[120.97944,14.47649],[120.97953,14.4764],[120.97944,14.4764],[120.97944,14.47649]]],[[[120.97962,14.47649],[120.97953,14.47658],[120.97962,14.47658],[120.97962,14.47649]]],[[[120.97915,14.47712],[120.97906,14.47703],[120.97906,14.47712],[120.97915,14.47712]]],[[[120.98684,14.47764],[120.98482,14.47599],[120.98564,14.47736],[120.98684,14.47764]]],[[[120.9796,14.4783],[120.97952,14.47776],[120.9797,14.47758],[120.97924,14.47793],[120.9796,14.4783]]],[[[120.99212,14.47877],[120.99268,14.47886],[120.99212,14.47859],[120.99212,14.47877]]],[[[120.9821,14.47913],[120.98201,14.47904],[120.98201,14.47913],[120.9821,14.47913]]],[[[120.98646,14.47926],[120.98665,14.47899],[120.98665,14.47872],[120.98618,14.4789],[120.98646,14.47926]]],[[[120.98738,14.4799],[120.9871,14.47999],[120.98738,14.47999],[120.98738,14.4799]]],[[[120.98589,14.48043],[120.98626,14.48043],[120.98626,14.48034],[120.98589,14.48043]]],[[[120.98737,14.4809],[120.98756,14.48081],[120.98737,14.48071],[120.98737,14.4809]]],[[[120.98774,14.48117],[120.98755,14.48126],[120.98774,14.48135],[120.98774,14.48117]]],[[[120.9857,14.48142],[120.98598,14.48115],[120.9857,14.48079],[120.9857,14.48142]]],[[[120.98783,14.48135],[120.98774,14.48144],[120.98783,14.48144],[120.98783,14.48135]]],[[[120.99488,14.48132],[120.99498,14.4806],[120.99451,14.48087],[120.99406,14.48014],[120.99359,14.4805],[120.99377,14.48104],[120.99293,14.48149],[120.99488,14.48132]]],[[[120.9946,14.48177],[120.99451,14.48168],[120.99451,14.48177],[120.9946,14.48177]]],[[[120.97947,14.48318],[120.97938,14.48309],[120.97938,14.48318],[120.97947,14.48318]]],[[[120.98772,14.48361],[120.98763,14.48307],[120.98763,14.48361],[120.98772,14.48361]]],[[[120.98818,14.48361],[120.988,14.48343],[120.988,14.48361],[120.98818,14.48361]]],[[[120.97956,14.48363],[120.97965,14.48354],[120.97956,14.48354],[120.97956,14.48363]]],[[[120.98456,14.48385],[120.98475,14.48367],[120.98456,14.48367],[120.98456,14.48385]]],[[[120.98484,14.48386],[120.98475,14.48395],[120.98484,14.48395],[120.98484,14.48386]]],[[[120.98503,14.48395],[120.98484,14.48422],[120.98512,14.48413],[120.98503,14.48395]]],[[[120.97965,14.48363],[120.97983,14.48408],[120.9802,14.48445],[120.98039,14.48391],[120.97965,14.48363]]],[[[120.98558,14.48449],[120.98539,14.4844],[120.98539,14.48449],[120.98558,14.48449]]],[[[120.98048,14.48445],[120.98038,14.48481],[120.98047,14.48481],[120.98048,14.48445]]],[[[120.98084,14.48509],[120.98066,14.48472],[120.98056,14.48499],[120.98084,14.48509]]],[[[120.98084,14.48527],[120.98075,14.48518],[120.98075,14.48527],[120.98084,14.48527]]],[[[120.98232,14.48591],[120.98223,14.48582],[120.98223,14.48591],[120.98232,14.48591]]],[[[120.98241,14.48609],[120.98232,14.486],[120.98232,14.48609],[120.98241,14.48609]]],[[[120.98166,14.48654],[120.98139,14.48563],[120.98084,14.48536],[120.9813,14.48617],[120.98166,14.48654]]],[[[120.9825,14.48655],[120.98231,14.48645],[120.98231,14.48655],[120.9825,14.48655]]],[[[120.97573,14.48622],[120.97536,14.48585],[120.97499,14.48603],[120.97526,14.48657],[120.97573,14.48622]]],[[[120.98176,14.48654],[120.98166,14.48663],[120.98176,14.48663],[120.98176,14.48654]]],[[[120.98185,14.48663],[120.98175,14.48672],[120.98185,14.48672],[120.98185,14.48663]]],[[[120.98852,14.48777],[120.98907,14.48787],[120.98898,14.4876],[120.98852,14.48777]]],[[[120.98832,14.48904],[120.9886,14.48895],[120.98832,14.48886],[120.98832,14.48904]]],[[[120.98432,14.49009],[120.98423,14.49],[120.98423,14.49009],[120.98432,14.49009]]],[[[120.98979,14.49013],[120.9897,14.49004],[120.9897,14.49013],[120.98979,14.49013]]],[[[120.98979,14.49031],[120.98988,14.49022],[120.98979,14.49022],[120.98979,14.49031]]],[[[120.98998,14.49032],[120.98988,14.49041],[120.98998,14.49041],[120.98998,14.49032]]],[[[120.98988,14.49122],[120.99016,14.49086],[120.99016,14.49068],[120.98969,14.49086],[120.98988,14.49122]]],[[[120.99785,14.49156],[120.99822,14.49129],[120.99785,14.49147],[120.99785,14.49156]]],[[[120.9895,14.49185],[120.98941,14.49176],[120.98941,14.49185],[120.9895,14.49185]]],[[[120.98913,14.49184],[120.98922,14.49194],[120.98922,14.49185],[120.98913,14.49184]]],[[[120.98913,14.49203],[120.98903,14.49193],[120.98903,14.49202],[120.98913,14.49203]]],[[[120.997,14.49273],[120.99691,14.49263],[120.99691,14.49272],[120.997,14.49273]]],[[[120.99236,14.49296],[120.99246,14.49242],[120.99237,14.49241],[120.99236,14.49296]]],[[[120.99533,14.49307],[120.99524,14.49298],[120.99524,14.49307],[120.99533,14.49307]]],[[[120.99255,14.49296],[120.99245,14.4935],[120.99255,14.4935],[120.99255,14.49296]]],[[[120.99533,14.49298],[120.99589,14.49299],[120.99588,14.49371],[120.99607,14.4938],[120.99617,14.4929],[120.99533,14.49298]]],[[[121.00163,14.49403],[121.00172,14.49394],[121.00163,14.49394],[121.00163,14.49403]]],[[[121.00089,14.49411],[121.0008,14.49402],[121.00079,14.49411],[121.00089,14.49411]]],[[[121.00191,14.49403],[121.00172,14.49412],[121.00191,14.49412],[121.00191,14.49403]]],[[[120.98771,14.49436],[120.98762,14.49445],[120.98771,14.49445],[120.98771,14.49436]]],[[[120.9878,14.49473],[120.98771,14.49463],[120.98771,14.49472],[120.9878,14.49473]]],[[[120.99995,14.49465],[121.00023,14.49465],[121.00051,14.49429],[120.99995,14.49465]]],[[[121.00023,14.49528],[121.00004,14.49537],[121.00023,14.49537],[121.00023,14.49528]]],[[[120.98808,14.49545],[120.98798,14.49536],[120.98798,14.49545],[120.98808,14.49545]]],[[[120.99976,14.49555],[120.99986,14.49483],[120.99939,14.49537],[120.99976,14.49555]]],[[[120.98816,14.49581],[120.98807,14.49563],[120.98807,14.49581],[120.98816,14.49581]]],[[[120.98826,14.49599],[120.98816,14.4959],[120.98816,14.49599],[120.98826,14.49599]]],[[[120.98835,14.49627],[120.98826,14.49608],[120.98825,14.49627],[120.98835,14.49627]]],[[[120.98844,14.49654],[120.98835,14.49636],[120.98834,14.49654],[120.98844,14.49654]]],[[[120.98853,14.49681],[120.98844,14.49663],[120.98843,14.49681],[120.98853,14.49681]]],[[[120.9888,14.49744],[120.98871,14.49735],[120.98871,14.49744],[120.9888,14.49744]]],[[[120.98889,14.49781],[120.9888,14.49772],[120.9888,14.49781],[120.98889,14.49781]]],[[[120.99862,14.49852],[120.9989,14.49834],[120.99863,14.49807],[120.99862,14.49852]]],[[[120.98952,14.49989],[120.98943,14.49998],[120.98952,14.49998],[120.98952,14.49989]]],[[[120.9897,14.50007],[120.98961,14.49998],[120.98961,14.50007],[120.9897,14.50007]]],[[[120.98894,14.50287],[120.98903,14.50281],[120.98879,14.50287],[120.98894,14.50287]]],[[[120.99514,14.50437],[120.99551,14.50428],[120.99551,14.50374],[120.99505,14.50382],[120.99514,14.50437]]],[[[120.97787,14.50609],[120.98084,14.50533],[120.98149,14.50561],[120.98149,14.50524],[120.9827,14.50516],[120.98316,14.50562],[120.98316,14.50517],[120.984,14.50481],[120.98363,14.50445],[120.98903,14.50305],[120.98821,14.50296],[120.97787,14.50609]]],[[[120.97963,14.50631],[120.97981,14.5064],[120.97981,14.50631],[120.97963,14.50631]]],[[[120.98009,14.50623],[120.98056,14.50632],[120.98056,14.50614],[120.98009,14.50623]]],[[[120.97953,14.50658],[120.97889,14.5064],[120.9787,14.50676],[120.97953,14.50658]]],[[[120.97823,14.50693],[120.9786,14.50676],[120.97824,14.50657],[120.97823,14.50693]]],[[[120.97572,14.50727],[120.97573,14.50723],[120.97566,14.50727],[120.97572,14.50727]]],[[[120.97498,14.50772],[120.97498,14.50768],[120.9749,14.50772],[120.97498,14.50772]]],[[[120.97516,14.50772],[120.97544,14.50781],[120.97544,14.50772],[120.97516,14.50772]]],[[[120.97711,14.50783],[120.97758,14.50738],[120.97703,14.50674],[120.9774,14.50632],[120.97563,14.50763],[120.97721,14.5071],[120.97711,14.50783]]],[[[120.97608,14.50881],[120.97738,14.50864],[120.97608,14.50845],[120.97608,14.50881]]],[[[120.97516,14.50781],[120.97422,14.50813],[120.97597,14.51121],[120.97478,14.50871],[120.97516,14.50781]]],[[[120.97606,14.51134],[120.97599,14.51125],[120.97606,14.51138],[120.97606,14.51134]]],[[[120.97615,14.51143],[120.9761,14.51143],[120.97615,14.51151],[120.97615,14.51143]]],[[[120.97633,14.51171],[120.97629,14.51171],[120.97633,14.51179],[120.97633,14.51171]]],[[[120.97642,14.51189],[120.97638,14.51189],[120.97642,14.51196],[120.97642,14.51189]]],[[[120.97893,14.51209],[120.97921,14.51191],[120.97884,14.51182],[120.97893,14.51209]]],[[[120.9793,14.512],[120.9792,14.51218],[120.9793,14.51218],[120.9793,14.512]]],[[[120.9767,14.51234],[120.97665,14.51234],[120.9767,14.51242],[120.9767,14.51234]]],[[[120.97939,14.51246],[120.9793,14.51236],[120.9793,14.51245],[120.97939,14.51246]]],[[[120.97688,14.51269],[120.97688,14.51252],[120.9767,14.51243],[120.97688,14.51269]]],[[[120.98671,14.5127],[120.98662,14.51261],[120.98662,14.5127],[120.98671,14.5127]]],[[[120.97707,14.5128],[120.97689,14.5127],[120.97706,14.51293],[120.97707,14.5128]]],[[[120.97725,14.51316],[120.97721,14.51316],[120.97725,14.51322],[120.97725,14.51316]]],[[[120.98671,14.51324],[120.98662,14.51315],[120.98662,14.51324],[120.98671,14.51324]]],[[[120.97734,14.51334],[120.97727,14.51325],[120.97734,14.51337],[120.97734,14.51334]]],[[[120.97752,14.51352],[120.97737,14.51343],[120.97752,14.51375],[120.97752,14.51352]]],[[[120.98633,14.51387],[120.98615,14.51369],[120.98615,14.51387],[120.98633,14.51387]]],[[[120.98689,14.51397],[120.9868,14.51387],[120.98679,14.51396],[120.98689,14.51397]]],[[[120.98735,14.51397],[120.98726,14.51379],[120.98707,14.51397],[120.98735,14.51397]]],[[[120.98781,14.51406],[120.98782,14.5137],[120.988,14.51361],[120.98763,14.51361],[120.98781,14.51406]]],[[[120.98355,14.51421],[120.98383,14.51394],[120.9842,14.51403],[120.98531,14.51368],[120.98457,14.51367],[120.98421,14.51304],[120.98309,14.51321],[120.98355,14.51421]]],[[[120.98429,14.51385],[120.98411,14.51376],[120.98429,14.51367],[120.98429,14.51385]]],[[[120.98308,14.51438],[120.98309,14.51384],[120.98263,14.5133],[120.98253,14.51366],[120.98308,14.51438]]],[[[120.97798,14.51461],[120.97791,14.51452],[120.97798,14.51466],[120.97798,14.51461]]],[[[120.98772,14.5147],[120.98762,14.5146],[120.98762,14.51469],[120.98772,14.5147]]],[[[120.97807,14.51488],[120.97801,14.51479],[120.97807,14.51492],[120.97807,14.51488]]],[[[120.98121,14.51563],[120.98178,14.51455],[120.98151,14.51383],[120.98058,14.51436],[120.98057,14.51527],[120.98121,14.51563]]],[[[120.98066,14.5159],[120.98075,14.51599],[120.98075,14.5159],[120.98066,14.5159]]],[[[120.98065,14.51608],[120.98056,14.51599],[120.98056,14.51608],[120.98065,14.51608]]],[[[120.98056,14.51617],[120.98047,14.51608],[120.98047,14.51617],[120.98056,14.51617]]],[[[120.98121,14.51663],[120.98083,14.51671],[120.9812,14.51672],[120.98121,14.51663]]],[[[120.98184,14.5179],[120.98175,14.51772],[120.98175,14.5179],[120.98184,14.5179]]],[[[120.98537,14.51802],[120.98555,14.51784],[120.98537,14.51775],[120.98537,14.51802]]],[[[120.98648,14.51821],[120.98797,14.5175],[120.98713,14.5174],[120.98705,14.51677],[120.98612,14.51649],[120.98623,14.51532],[120.98707,14.51442],[120.98614,14.51432],[120.98606,14.51369],[120.9855,14.5135],[120.98596,14.51396],[120.98602,14.51766],[120.98648,14.51821]]],[[[120.98649,14.51712],[120.98639,14.51721],[120.98649,14.51722],[120.98649,14.51712]]],[[[120.98621,14.51712],[120.9864,14.51703],[120.98621,14.51703],[120.98621,14.51712]]],[[[120.9849,14.51838],[120.98481,14.51829],[120.98481,14.51838],[120.9849,14.51838]]],[[[120.9794,14.51884],[120.98007,14.51879],[120.97952,14.5186],[120.97898,14.51697],[120.97991,14.51626],[120.97917,14.51607],[120.97954,14.51562],[120.97863,14.51471],[120.97862,14.51579],[120.97825,14.51507],[120.97809,14.51497],[120.9794,14.51884]]],[[[120.97889,14.51616],[120.9788,14.51606],[120.97889,14.51607],[120.97889,14.51616]]],[[[120.98573,14.51938],[120.98609,14.51965],[120.98628,14.51938],[120.98573,14.51938]]],[[[120.97969,14.51978],[120.97988,14.51987],[120.97988,14.51978],[120.97969,14.51978]]],[[[120.98645,14.52083],[120.98646,14.52038],[120.98581,14.52028],[120.98571,14.52064],[120.98645,14.52083]]],[[[120.99786,14.5212],[120.99777,14.52111],[120.99777,14.5212],[120.99786,14.5212]]],[[[120.98729,14.5212],[120.98757,14.52084],[120.98738,14.52075],[120.98729,14.5212]]],[[[120.98459,14.52217],[120.98468,14.52208],[120.98459,14.52208],[120.98459,14.52217]]],[[[120.9934,14.52224],[120.99331,14.52215],[120.99331,14.52224],[120.9934,14.52224]]],[[[120.98477,14.52217],[120.98468,14.52226],[120.98477,14.52226],[120.98477,14.52217]]],[[[120.98486,14.52226],[120.98477,14.52235],[120.98486,14.52235],[120.98486,14.52226]]],[[[120.98374,14.52325],[120.98365,14.52316],[120.98365,14.52325],[120.98374,14.52325]]],[[[120.98402,14.52334],[120.98384,14.52325],[120.98383,14.52334],[120.98402,14.52334]]],[[[120.98411,14.52397],[120.98383,14.52379],[120.98374,14.52397],[120.98411,14.52397]]],[[[120.98522,14.52416],[120.98504,14.52389],[120.98503,14.52416],[120.98522,14.52416]]],[[[120.98967,14.52474],[120.99023,14.52384],[120.99034,14.52204],[120.98904,14.52176],[120.98837,14.52464],[120.98967,14.52474]]],[[[120.99319,14.52504],[120.9933,14.52306],[120.99293,14.52251],[120.99228,14.5226],[120.99226,14.52495],[120.99319,14.52504]]],[[[120.98484,14.52488],[120.98465,14.52506],[120.98484,14.52515],[120.98484,14.52488]]],[[[120.99336,14.52712],[120.99326,14.52694],[120.99326,14.52712],[120.99336,14.52712]]],[[[120.98565,14.52733],[120.98537,14.52742],[120.98565,14.52742],[120.98565,14.52733]]],[[[120.98593,14.52751],[120.98584,14.52733],[120.98584,14.52751],[120.98593,14.52751]]],[[[120.9838,14.52767],[120.9837,14.52749],[120.9837,14.52767],[120.9838,14.52767]]],[[[120.98658,14.52797],[120.98648,14.52779],[120.98648,14.52797],[120.98658,14.52797]]],[[[120.98296,14.52812],[120.98323,14.52821],[120.98324,14.52803],[120.98296,14.52812]]],[[[120.98648,14.52869],[120.98704,14.52824],[120.98657,14.52815],[120.98648,14.52869]]],[[[120.98619,14.52905],[120.9861,14.52887],[120.9861,14.52905],[120.98619,14.52905]]],[[[120.98432,14.49018],[120.9857,14.49091],[120.98579,14.49173],[120.98708,14.49309],[120.98753,14.49436],[120.988,14.49373],[120.98827,14.49437],[120.98884,14.4932],[120.9882,14.49193],[120.98969,14.4914],[120.98914,14.49022],[120.98867,14.49121],[120.98783,14.49138],[120.98896,14.4894],[120.98869,14.48904],[120.98841,14.4894],[120.98739,14.48921],[120.98758,14.48831],[120.98684,14.4883],[120.98759,14.48767],[120.98767,14.48849],[120.98851,14.4885],[120.98806,14.48741],[120.98871,14.48696],[120.98834,14.48651],[120.98778,14.48695],[120.9876,14.48641],[120.98798,14.48524],[120.98945,14.48661],[120.98926,14.48706],[120.99205,14.48708],[120.99251,14.48763],[120.99196,14.48645],[120.99168,14.4869],[120.98973,14.48652],[120.99039,14.48544],[120.98994,14.48444],[120.99077,14.48436],[120.9906,14.483],[120.99236,14.4832],[120.99283,14.48284],[120.99239,14.48031],[120.99165,14.48003],[120.99165,14.4794],[120.99046,14.47839],[120.99084,14.47722],[120.98964,14.47676],[120.98954,14.47757],[120.98851,14.4781],[120.98925,14.47874],[120.98868,14.48],[120.98998,14.4801],[120.98978,14.48092],[120.98867,14.48054],[120.98849,14.48081],[120.98876,14.48091],[120.98867,14.48118],[120.98812,14.48063],[120.98783,14.48171],[120.98616,14.48161],[120.98522,14.48277],[120.98551,14.48214],[120.98515,14.48097],[120.98609,14.47944],[120.98534,14.47943],[120.98332,14.47815],[120.98146,14.47804],[120.98204,14.47597],[120.98092,14.47668],[120.98018,14.47622],[120.98056,14.47514],[120.97963,14.47559],[120.97962,14.47685],[120.98008,14.47713],[120.9797,14.47848],[120.98292,14.48113],[120.98558,14.48413],[120.98595,14.48477],[120.98511,14.4853],[120.98492,14.48494],[120.98437,14.48512],[120.98465,14.48431],[120.984,14.48403],[120.98438,14.48322],[120.98364,14.48357],[120.98402,14.48285],[120.98273,14.48194],[120.98235,14.48212],[120.98245,14.48158],[120.98189,14.4822],[120.97997,14.47902],[120.97886,14.47838],[120.97887,14.47739],[120.97767,14.47702],[120.97795,14.47621],[120.97657,14.47583],[120.97619,14.4761],[120.97637,14.4771],[120.97581,14.47727],[120.97489,14.47654],[120.97425,14.47527],[120.97445,14.47455],[120.97258,14.47562],[120.97184,14.47543],[120.97202,14.47661],[120.9715,14.4766],[120.97253,14.47777],[120.97174,14.47797],[120.97132,14.47693],[120.97122,14.47766],[120.97183,14.47815],[120.97346,14.47825],[120.97775,14.48196],[120.97827,14.48352],[120.97963,14.4849],[120.98018,14.48667],[120.98146,14.48826],[120.98198,14.49142],[120.98251,14.49167],[120.98063,14.49277],[120.97913,14.49224],[120.97886,14.4919],[120.97928,14.49133],[120.97887,14.49105],[120.97922,14.49058],[120.97825,14.49113],[120.97811,14.49095],[120.97906,14.49031],[120.97894,14.48947],[120.97867,14.49028],[120.97827,14.49004],[120.97881,14.48901],[120.97815,14.48933],[120.97771,14.48865],[120.97835,14.48832],[120.97859,14.48873],[120.97855,14.48826],[120.97799,14.48833],[120.97613,14.4867],[120.97551,14.48555],[120.97485,14.48549],[120.97458,14.48462],[120.9725,14.4822],[120.9725,14.48167],[120.97201,14.48141],[120.97366,14.48652],[120.97672,14.49096],[120.97676,14.49232],[120.97565,14.49232],[120.97561,14.49269],[120.97992,14.49289],[120.98119,14.49346],[120.98218,14.49975],[120.98176,14.50198],[120.9828,14.50204],[120.98483,14.50332],[120.98807,14.50195],[120.98738,14.50157],[120.98745,14.50064],[120.98652,14.49996],[120.98608,14.50023],[120.98527,14.49942],[120.98543,14.49893],[120.98422,14.49787],[120.98482,14.49746],[120.98399,14.49762],[120.98351,14.49652],[120.98479,14.49678],[120.98479,14.49634],[120.98323,14.49614],[120.98327,14.49663],[120.98278,14.49658],[120.98118,14.49294],[120.98284,14.49175],[120.98451,14.49183],[120.98575,14.4924],[120.98759,14.49554],[120.98886,14.49965],[120.98889,14.50154],[120.98974,14.50259],[120.98947,14.5026],[120.98912,14.50278],[120.99033,14.50252],[120.9907,14.50288],[120.99293,14.50227],[120.99367,14.503],[120.99591,14.51115],[120.99756,14.51351],[120.99727,14.51478],[120.99762,14.51668],[120.99918,14.51949],[120.99808,14.52744],[120.9991,14.52799],[120.99982,14.5298],[120.99938,14.52781],[120.99846,14.52735],[120.99955,14.5195],[120.99799,14.51686],[120.99784,14.51297],[120.99637,14.51125],[120.9953,14.50735],[120.9953,14.50699],[120.99669,14.50655],[120.9967,14.50583],[120.99625,14.50474],[120.99596,14.506],[120.99521,14.50681],[120.99386,14.50219],[120.99442,14.50129],[120.99417,14.49794],[120.99724,14.49788],[120.99845,14.4968],[120.99947,14.49663],[120.99957,14.49573],[120.99911,14.49618],[120.99855,14.49599],[120.99817,14.4968],[120.99734,14.4967],[120.99633,14.4957],[120.99381,14.49676],[120.99477,14.49352],[120.99255,14.4935],[120.99392,14.49514],[120.99326,14.49676],[120.99379,14.49966],[120.99331,14.50083],[120.99368,14.50119],[120.99285,14.50118],[120.99321,14.50164],[120.99284,14.50182],[120.98959,14.50197],[120.98907,14.49826],[120.98889,14.49799],[120.98897,14.4988],[120.98888,14.4988],[120.98689,14.49372],[120.98505,14.49127],[120.9832,14.49098],[120.98367,14.4908],[120.98367,14.49053],[120.98431,14.4909],[120.98432,14.49018]]],[[[120.99484,14.49668],[120.99493,14.49677],[120.99493,14.49668],[120.99484,14.49668]]],[[[120.99483,14.49686],[120.99474,14.49677],[120.99474,14.49686],[120.99483,14.49686]]],[[[120.99418,14.49731],[120.99399,14.4974],[120.99418,14.4974],[120.99418,14.49731]]],[[[120.99381,14.49713],[120.994,14.49686],[120.99381,14.49686],[120.99381,14.49713]]],[[[120.99446,14.49722],[120.99474,14.49731],[120.99446,14.49731],[120.99446,14.49722]]],[[[120.99771,14.49698],[120.9978,14.49707],[120.9978,14.49698],[120.99771,14.49698]]],[[[120.99771,14.49716],[120.99761,14.49707],[120.99761,14.49716],[120.99771,14.49716]]],[[[120.9978,14.49689],[120.99799,14.49698],[120.99799,14.49689],[120.9978,14.49689]]],[[[120.99705,14.49742],[120.99696,14.49733],[120.99706,14.49733],[120.99705,14.49742]]],[[[120.99511,14.49669],[120.99502,14.49659],[120.99511,14.4966],[120.99511,14.49669]]],[[[120.99539,14.4966],[120.99521,14.49651],[120.99539,14.49651],[120.99539,14.4966]]],[[[120.99558,14.49651],[120.99549,14.49642],[120.99558,14.49642],[120.99558,14.49651]]],[[[120.97562,14.48848],[120.97608,14.48839],[120.97626,14.48893],[120.97571,14.48884],[120.97562,14.48848]]],[[[120.97518,14.48585],[120.97582,14.48622],[120.97545,14.48685],[120.97471,14.48621],[120.97518,14.48585]]],[[[120.9785,14.47739],[120.97859,14.47766],[120.9785,14.47766],[120.9785,14.47739]]],[[[120.98244,14.48239],[120.98225,14.48266],[120.98226,14.48239],[120.98244,14.48239]]],[[[120.98337,14.48294],[120.98355,14.4833],[120.98345,14.4833],[120.98337,14.48294]]],[[[120.98298,14.48402],[120.98317,14.48429],[120.98298,14.4842],[120.98298,14.48402]]],[[[120.984,14.48448],[120.98437,14.48476],[120.984,14.48466],[120.984,14.48448]]],[[[120.98372,14.4852],[120.98381,14.48529],[120.98372,14.48529],[120.98372,14.4852]]],[[[120.98622,14.48531],[120.98594,14.48495],[120.98613,14.48495],[120.98622,14.48531]]],[[[120.98706,14.48442],[120.98659,14.48477],[120.98679,14.48423],[120.98706,14.48442]]],[[[120.98901,14.48452],[120.98855,14.48353],[120.98734,14.48406],[120.98605,14.48387],[120.9867,14.4836],[120.9869,14.48189],[120.98764,14.48243],[120.98792,14.48189],[120.98866,14.4819],[120.99032,14.48345],[120.98975,14.48435],[120.98901,14.48452]]],[[[120.99117,14.48192],[120.99107,14.48183],[120.99117,14.48183],[120.99117,14.48192]]],[[[120.98577,14.48314],[120.98587,14.48332],[120.98568,14.48332],[120.98577,14.48314]]],[[[120.98558,14.48386],[120.98577,14.48395],[120.98558,14.48395],[120.98558,14.48386]]],[[[120.98485,14.4825],[120.98495,14.48232],[120.98504,14.4825],[120.98485,14.4825]]],[[[120.98523,14.48214],[120.98514,14.48196],[120.98532,14.48196],[120.98523,14.48214]]],[[[120.98301,14.48068],[120.98311,14.48041],[120.9832,14.48059],[120.98301,14.48068]]],[[[120.9821,14.47904],[120.98164,14.47922],[120.98173,14.47958],[120.9821,14.4794],[120.9821,14.47904]]],[[[120.9822,14.47895],[120.98229,14.47904],[120.98229,14.47895],[120.9822,14.47895]]],[[[120.98275,14.47914],[120.98257,14.47905],[120.98275,14.47905],[120.98275,14.47914]]],[[[120.98211,14.47868],[120.98201,14.4785],[120.9822,14.4785],[120.98211,14.47868]]],[[[120.99061,14.48174],[120.99043,14.48164],[120.99061,14.48165],[120.99061,14.48174]]],[[[120.98969,14.48128],[120.9895,14.48118],[120.98969,14.48119],[120.98969,14.48128]]],[[[120.99081,14.48056],[120.99071,14.48047],[120.99081,14.48047],[120.99081,14.48056]]],[[[120.99007,14.47992],[120.98998,14.47974],[120.99007,14.47974],[120.99007,14.47992]]],[[[120.98905,14.47973],[120.98914,14.47992],[120.98905,14.47992],[120.98905,14.47973]]],[[[120.98687,14.4855],[120.98714,14.48568],[120.98686,14.48568],[120.98687,14.4855]]],[[[120.98612,14.48558],[120.98714,14.48613],[120.98565,14.48621],[120.98612,14.48558]]],[[[120.98436,14.48566],[120.98445,14.48575],[120.98436,14.48575],[120.98436,14.48566]]],[[[120.98278,14.48592],[120.98297,14.48601],[120.98278,14.48601],[120.98278,14.48592]]],[[[120.98594,14.48576],[120.98584,14.48567],[120.98594,14.48567],[120.98594,14.48576]]],[[[120.98519,14.48621],[120.98528,14.48648],[120.98519,14.48648],[120.98519,14.48621]]],[[[120.98751,14.48605],[120.98742,14.48596],[120.98751,14.48596],[120.98751,14.48605]]],[[[120.9875,14.48677],[120.9876,14.48686],[120.9875,14.48686],[120.9875,14.48677]]],[[[120.9863,14.48712],[120.98704,14.48713],[120.98704,14.48731],[120.9863,14.48712]]],[[[120.98731,14.4874],[120.98722,14.48731],[120.98731,14.48731],[120.98731,14.4874]]],[[[120.98592,14.48757],[120.98601,14.48766],[120.98592,14.48766],[120.98592,14.48757]]],[[[120.98786,14.48804],[120.98796,14.48822],[120.98786,14.48822],[120.98786,14.48804]]],[[[120.98582,14.48829],[120.9861,14.48848],[120.98582,14.48847],[120.98582,14.48829]]],[[[120.98656,14.48884],[120.98646,14.48902],[120.98656,14.48902],[120.98656,14.48884]]],[[[120.98637,14.48884],[120.98647,14.48875],[120.98637,14.48875],[120.98637,14.48884]]],[[[120.98424,14.48918],[120.98451,14.48946],[120.98414,14.48963],[120.98424,14.48918]]],[[[120.98868,14.48976],[120.9885,14.48958],[120.98868,14.48958],[120.98868,14.48976]]],[[[120.98692,14.49011],[120.9871,14.49029],[120.98692,14.49029],[120.98692,14.49011]]],[[[120.98803,14.49039],[120.98766,14.49057],[120.98803,14.49057],[120.98803,14.49039]]],[[[120.98738,14.49047],[120.98766,14.49021],[120.98729,14.49029],[120.98738,14.49047]]],[[[120.98831,14.49048],[120.98822,14.49021],[120.9884,14.49021],[120.98831,14.49048]]],[[[120.98654,14.49083],[120.987,14.49128],[120.98691,14.49074],[120.98654,14.49083]]],[[[120.98663,14.49137],[120.98654,14.49128],[120.98654,14.49137],[120.98663,14.49137]]],[[[120.98904,14.4913],[120.98886,14.49121],[120.98904,14.49112],[120.98904,14.4913]]],[[[120.98663,14.49155],[120.98653,14.49164],[120.98663,14.49164],[120.98663,14.49155]]],[[[120.98635,14.49155],[120.98653,14.49146],[120.98635,14.49146],[120.98635,14.49155]]],[[[120.98607,14.49164],[120.98625,14.49182],[120.98607,14.49182],[120.98607,14.49164]]],[[[120.98811,14.49184],[120.98792,14.49165],[120.98811,14.49166],[120.98811,14.49184]]],[[[120.98672,14.49182],[120.9869,14.4921],[120.98672,14.492],[120.98672,14.49182]]],[[[120.98838,14.49265],[120.98847,14.49292],[120.98838,14.49292],[120.98838,14.49265]]],[[[120.98736,14.493],[120.98745,14.4931],[120.98745,14.49301],[120.98736,14.493]]],[[[120.98735,14.49319],[120.98726,14.49309],[120.98726,14.49318],[120.98735,14.49319]]],[[[120.98545,14.52986],[120.98592,14.52887],[120.98545,14.52913],[120.98564,14.52859],[120.98434,14.52858],[120.98425,14.52921],[120.98508,14.52877],[120.98508,14.52976],[120.98545,14.52986]]],[[[120.98813,14.53024],[120.98851,14.52979],[120.98833,14.52934],[120.98777,14.52979],[120.98813,14.53024]]],[[[120.99982,14.5298],[121.0001,14.53025],[121.00121,14.53053],[121.00038,14.52962],[120.99982,14.5298]]],[[[121.00121,14.53053],[121.00222,14.53118],[121.00278,14.53127],[121.00223,14.53091],[121.00121,14.53053]]],[[[120.98766,14.53132],[120.98757,14.53123],[120.98757,14.53132],[120.98766,14.53132]]],[[[120.98692,14.53141],[120.98701,14.53105],[120.98645,14.5314],[120.98692,14.53141]]],[[[121.00343,14.53137],[121.00287,14.53145],[121.0038,14.53182],[121.00343,14.53137]]],[[[120.98635,14.53231],[120.98617,14.53212],[120.98617,14.5323],[120.98635,14.53231]]],[[[120.98858,14.53251],[120.98923,14.53206],[120.98849,14.53214],[120.98858,14.53251]]],[[[120.98421,14.53256],[120.98478,14.53166],[120.98478,14.53112],[120.98441,14.53111],[120.98421,14.53256]]],[[[120.98885,14.53269],[120.98867,14.5326],[120.98867,14.53269],[120.98885,14.53269]]],[[[120.98468,14.53274],[120.98459,14.53256],[120.98458,14.53274],[120.98468,14.53274]]],[[[120.98579,14.5332],[120.98616,14.53285],[120.98579,14.53284],[120.98579,14.5332]]],[[[120.9843,14.53373],[120.98467,14.53347],[120.98458,14.53301],[120.98393,14.53328],[120.9843,14.53373]]],[[[120.98457,14.53419],[120.98448,14.53364],[120.98448,14.53419],[120.98457,14.53419]]],[[[120.99598,14.5341],[120.9957,14.53428],[120.99598,14.53438],[120.99598,14.5341]]],[[[120.99626,14.53438],[120.99607,14.5342],[120.99607,14.53438],[120.99626,14.53438]]],[[[120.98679,14.53448],[120.9867,14.5343],[120.98661,14.53448],[120.98679,14.53448]]],[[[120.98661,14.53475],[120.98642,14.53466],[120.98642,14.53475],[120.98661,14.53475]]],[[[120.9841,14.53545],[120.984,14.53554],[120.98409,14.53554],[120.9841,14.53545]]],[[[120.98558,14.53573],[120.98567,14.53528],[120.98456,14.53536],[120.98558,14.53573]]],[[[120.98799,14.53593],[120.9879,14.53584],[120.98789,14.53593],[120.98799,14.53593]]],[[[120.98845,14.53594],[120.98817,14.53603],[120.98845,14.53603],[120.98845,14.53594]]],[[[120.98456,14.53581],[120.98382,14.53563],[120.98373,14.53517],[120.984,14.53545],[120.98401,14.53463],[120.98438,14.53491],[120.9843,14.53382],[120.98354,14.53508],[120.984,14.53608],[120.98456,14.53581]]],[[[120.98808,14.53621],[120.98799,14.53611],[120.98799,14.53621],[120.98808,14.53621]]],[[[120.98863,14.53639],[120.98845,14.5363],[120.98845,14.53639],[120.98863,14.53639]]],[[[120.98409,14.53644],[120.9839,14.53626],[120.9839,14.53644],[120.98409,14.53644]]],[[[120.99438,14.53662],[120.99429,14.53653],[120.99429,14.53662],[120.99438,14.53662]]],[[[120.98371,14.53698],[120.98426,14.53753],[120.98427,14.53681],[120.98417,14.53735],[120.98399,14.5368],[120.98371,14.53698]]],[[[120.98508,14.53943],[120.98527,14.53916],[120.98528,14.53835],[120.98508,14.53943]]],[[[120.98554,14.53953],[120.98592,14.53935],[120.98573,14.53926],[120.98554,14.53953]]],[[[120.98508,14.53989],[120.98498,14.53979],[120.98498,14.53988],[120.98508,14.53989]]],[[[120.98822,14.54064],[120.98813,14.54054],[120.98813,14.54063],[120.98822,14.54064]]],[[[120.98488,14.54079],[120.98479,14.54052],[120.98479,14.54079],[120.98488,14.54079]]],[[[120.98479,14.54115],[120.9847,14.54097],[120.98469,14.54115],[120.98479,14.54115]]],[[[120.98766,14.54135],[120.98757,14.54081],[120.98674,14.54062],[120.98664,14.54143],[120.98766,14.54135]]],[[[120.98293,14.54149],[120.98284,14.5414],[120.98283,14.54149],[120.98293,14.54149]]],[[[120.99165,14.54157],[120.99183,14.54193],[120.99183,14.54139],[120.99165,14.54157]]],[[[120.98037,14.5422],[120.98034,14.54201],[120.98014,14.54228],[120.98037,14.5422]]],[[[120.99164,14.54229],[120.99155,14.54211],[120.99155,14.54229],[120.99164,14.54229]]],[[[120.97936,14.53559],[120.9789,14.53595],[120.97876,14.54064],[120.97869,14.54064],[120.97866,14.54123],[120.97866,14.54147],[120.98188,14.54228],[120.98135,14.54193],[120.98274,14.54176],[120.98478,14.54232],[120.98348,14.54177],[120.98396,14.54015],[120.98498,14.54034],[120.98498,14.53997],[120.98396,14.53997],[120.98406,14.53888],[120.98368,14.53987],[120.98379,14.53861],[120.98249,14.53869],[120.98267,14.53914],[120.98202,14.53914],[120.98202,14.53977],[120.98184,14.53868],[120.98082,14.53867],[120.98063,14.53958],[120.97988,14.53957],[120.97989,14.53885],[120.98063,14.53858],[120.98009,14.53695],[120.97954,14.53667],[120.98032,14.53234],[120.97968,14.5318],[120.9795,14.53026],[120.98182,14.53037],[120.98191,14.53073],[120.98395,14.5312],[120.98479,14.53058],[120.98553,14.53121],[120.98664,14.53077],[120.99267,14.53146],[120.99243,14.5367],[120.99186,14.5385],[120.99194,14.54049],[120.99214,14.53886],[120.99288,14.53814],[120.99298,14.53733],[120.99281,14.53607],[120.99253,14.53624],[120.99295,14.53101],[120.98285,14.52993],[120.9823,14.52911],[120.98136,14.52973],[120.98175,14.52856],[120.97998,14.52855],[120.98064,14.52783],[120.98157,14.52793],[120.9814,14.5263],[120.98203,14.52802],[120.98277,14.52821],[120.98287,14.52721],[120.98417,14.52686],[120.98463,14.52723],[120.98474,14.52579],[120.98427,14.52687],[120.98409,14.52605],[120.98371,14.52632],[120.98363,14.52523],[120.98316,14.52559],[120.98317,14.52496],[120.98188,14.52431],[120.98253,14.52423],[120.98253,14.52405],[120.97984,14.52366],[120.98253,14.52387],[120.98272,14.52315],[120.98236,14.52251],[120.98004,14.52267],[120.97975,14.52312],[120.97996,14.52114],[120.98126,14.52106],[120.98117,14.52024],[120.98163,14.52106],[120.98191,14.5207],[120.98145,14.52006],[120.97997,14.52041],[120.97942,14.51968],[120.97998,14.51924],[120.98415,14.51909],[120.98396,14.51981],[120.9835,14.51963],[120.98339,14.5208],[120.98385,14.52135],[120.98479,14.52009],[120.98461,14.51919],[120.98564,14.51892],[120.99165,14.52024],[120.99304,14.52043],[120.99323,14.52026],[120.98629,14.51839],[120.97937,14.5192],[120.97912,14.52956],[120.98015,14.52966],[120.98015,14.53011],[120.97912,14.53002],[120.97891,14.53513],[120.97919,14.5345],[120.97936,14.53559]]],[[[120.98302,14.54122],[120.98265,14.54167],[120.98256,14.54113],[120.98302,14.54122]]],[[[120.98135,14.54112],[120.98098,14.54112],[120.9809,14.54012],[120.98164,14.54013],[120.98135,14.54112]]],[[[120.9822,14.54022],[120.98211,14.54013],[120.9822,14.54013],[120.9822,14.54022]]],[[[120.97987,14.54111],[120.97968,14.54128],[120.9795,14.54083],[120.97987,14.54111]]],[[[120.9812,14.5272],[120.98111,14.52702],[120.9812,14.52702],[120.9812,14.5272]]],[[[120.9813,14.52675],[120.98112,14.52657],[120.9813,14.52657],[120.9813,14.52675]]],[[[120.97966,14.52357],[120.97947,14.52348],[120.97975,14.5233],[120.97966,14.52357]]],[[[120.97968,14.52095],[120.97959,14.52041],[120.97969,14.52041],[120.97968,14.52095]]],[[[120.98033,14.52069],[120.98024,14.5206],[120.98033,14.5206],[120.98033,14.52069]]],[[[120.98544,14.53076],[120.98562,14.53085],[120.98544,14.53085],[120.98544,14.53076]]],[[[120.98581,14.53085],[120.9859,14.53104],[120.98581,14.53104],[120.98581,14.53085]]],[[[120.98218,14.5423],[120.98201,14.5423],[120.98218,14.54234],[120.98218,14.5423]]],[[[120.98524,14.54242],[120.98515,14.54233],[120.98515,14.54242],[120.98524,14.54242]]],[[[120.98366,14.54249],[120.98357,14.5424],[120.98357,14.54249],[120.98366,14.54249]]],[[[120.98598,14.54242],[120.98533,14.54251],[120.98616,14.5427],[120.98598,14.54242]]],[[[120.98223,14.54262],[120.98264,14.54258],[120.98227,14.54239],[120.98223,14.54262]]],[[[120.99154,14.54283],[120.99145,14.54256],[120.99145,14.54283],[120.99154,14.54283]]],[[[120.98792,14.54298],[120.98783,14.54289],[120.98783,14.54298],[120.98792,14.54298]]],[[[120.98263,14.54357],[120.98263,14.54343],[120.9826,14.54357],[120.98263,14.54357]]],[[[120.98248,14.54366],[120.98254,14.54357],[120.98252,14.54354],[120.98248,14.54366]]],[[[120.99116,14.54382],[120.99154,14.54365],[120.99145,14.54301],[120.99116,14.54382]]],[[[120.98223,14.54682],[120.98241,14.54736],[120.98242,14.54682],[120.98223,14.54682]]],[[[120.99039,14.54779],[120.99094,14.54762],[120.99076,14.54707],[120.99039,14.54779]]],[[[120.99029,14.54861],[120.99019,14.54851],[120.99019,14.5486],[120.99029,14.54861]]],[[[120.98231,14.54827],[120.98223,14.54637],[120.98335,14.54611],[120.98271,14.54529],[120.98299,14.54502],[120.984,14.54602],[120.9841,14.54548],[120.9854,14.54549],[120.98624,14.54459],[120.99041,14.54526],[120.99114,14.5459],[120.99125,14.54419],[120.99088,14.54463],[120.9828,14.54276],[120.98264,14.54339],[120.983,14.54321],[120.98309,14.54375],[120.98189,14.54422],[120.982,14.54351],[120.98153,14.54537],[120.98234,14.54447],[120.98158,14.54708],[120.98204,14.54718],[120.98221,14.54863],[120.98286,14.5489],[120.98314,14.54845],[120.98231,14.54827]]],[[[120.98205,14.54664],[120.98196,14.54627],[120.98214,14.54637],[120.98205,14.54664]]],[[[120.98382,14.54512],[120.98392,14.54485],[120.98401,14.54503],[120.98382,14.54512]]],[[[120.98503,14.54504],[120.98494,14.54485],[120.98503,14.54486],[120.98503,14.54504]]],[[[120.98225,14.54438],[120.98207,14.54429],[120.98225,14.54429],[120.98225,14.54438]]],[[[120.98128,14.54925],[120.98072,14.54934],[120.98128,14.54943],[120.98128,14.54925]]],[[[120.98062,14.55015],[120.98044,14.55033],[120.98062,14.55042],[120.98062,14.55015]]],[[[120.99008,14.55059],[120.99027,14.55023],[120.99028,14.54951],[120.99008,14.55059]]],[[[120.98052,14.55069],[120.98043,14.5506],[120.98043,14.55069],[120.98052,14.55069]]],[[[120.98896,14.55194],[120.98877,14.55185],[120.98877,14.55194],[120.98896,14.55194]]],[[[120.98904,14.55239],[120.98951,14.55248],[120.99007,14.55186],[120.98998,14.55131],[120.98904,14.55239]]],[[[120.98004,14.55322],[120.9806,14.55241],[120.98162,14.55269],[120.98209,14.55188],[120.98061,14.55187],[120.98004,14.55322]]],[[[120.98412,14.55343],[120.98265,14.55206],[120.98208,14.5526],[120.98412,14.55343]]],[[[120.98904,14.55239],[120.98812,14.55166],[120.98608,14.55191],[120.98607,14.55255],[120.98737,14.55256],[120.98756,14.55292],[120.98821,14.55247],[120.98857,14.55338],[120.98941,14.55357],[120.98904,14.55239]]],[[[120.98504,14.5538],[120.98486,14.55362],[120.98486,14.5538],[120.98504,14.5538]]],[[[120.98894,14.55411],[120.98885,14.55392],[120.98884,14.55411],[120.98894,14.55411]]],[[[120.98049,14.55439],[120.98087,14.55386],[120.97985,14.55394],[120.97975,14.55439],[120.98049,14.55439]]],[[[120.98095,14.55458],[120.98142,14.55413],[120.98114,14.55413],[120.98095,14.55458]]],[[[120.97919,14.55429],[120.97875,14.55519],[120.97928,14.55538],[120.97919,14.55429]]],[[[120.98104,14.55548],[120.98095,14.5553],[120.98095,14.55548],[120.98104,14.55548]]],[[[120.98865,14.55546],[120.98874,14.55555],[120.98874,14.55546],[120.98865,14.55546]]],[[[120.98901,14.55591],[120.98892,14.55573],[120.98892,14.55591],[120.98901,14.55591]]],[[[120.9802,14.55629],[120.98038,14.55638],[120.98038,14.55629],[120.9802,14.55629]]],[[[120.99986,14.55718],[120.99976,14.55709],[120.99976,14.55718],[120.99986,14.55718]]],[[[120.98334,14.55722],[120.98363,14.5565],[120.98243,14.55595],[120.98214,14.55667],[120.98334,14.55722]]],[[[120.9838,14.55741],[120.9839,14.55732],[120.9838,14.55732],[120.9838,14.55741]]],[[[120.98659,14.55734],[120.9877,14.55726],[120.98799,14.55609],[120.98659,14.55734]]],[[[120.98742,14.55726],[120.98733,14.55716],[120.98742,14.55717],[120.98742,14.55726]]],[[[120.9839,14.55741],[120.98463,14.55786],[120.9851,14.55733],[120.98399,14.55686],[120.98436,14.55741],[120.9839,14.55741]]],[[[121.00003,14.55818],[120.99994,14.558],[120.99994,14.55818],[121.00003,14.55818]]],[[[120.99456,14.55813],[120.99493,14.55822],[120.99493,14.55804],[120.99456,14.55813]]],[[[120.99465,14.55876],[120.99455,14.55867],[120.99455,14.55876],[120.99465,14.55876]]],[[[120.99975,14.55908],[120.99994,14.55854],[120.99975,14.55845],[120.99975,14.55908]]],[[[120.99474,14.55913],[120.99511,14.55886],[120.99492,14.55877],[120.99474,14.55913]]],[[[120.98157,14.55928],[120.98165,14.55919],[120.98165,14.55915],[120.98157,14.55928]]],[[[121.00021,14.55953],[121.00002,14.55944],[121.00002,14.55953],[121.00021,14.55953]]],[[[120.99464,14.55967],[120.99436,14.55939],[120.99427,14.55966],[120.99464,14.55967]]],[[[120.98861,14.55989],[120.98851,14.55998],[120.9886,14.55998],[120.98861,14.55989]]],[[[120.98173,14.55929],[120.98156,14.55955],[120.98147,14.55946],[120.98112,14.56009],[120.98127,14.56007],[120.98128,14.55982],[120.98137,14.5599],[120.98173,14.55929]]],[[[120.98137,14.55964],[120.98146,14.55973],[120.98137,14.55973],[120.98137,14.55964]]],[[[120.99463,14.56012],[120.99454,14.55985],[120.99445,14.56012],[120.99463,14.56012]]],[[[120.99899,14.56016],[120.9989,14.56007],[120.9989,14.56016],[120.99899,14.56016]]],[[[120.995,14.56021],[120.99491,14.56003],[120.99482,14.56021],[120.995,14.56021]]],[[[120.99918,14.56043],[120.99909,14.56025],[120.99908,14.56043],[120.99918,14.56043]]],[[[120.99064,14.56045],[120.99055,14.56036],[120.99055,14.56045],[120.99064,14.56045]]],[[[120.99083,14.56045],[120.99074,14.56036],[120.99073,14.56045],[120.99083,14.56045]]],[[[120.99454,14.56057],[120.99445,14.56048],[120.99444,14.56057],[120.99454,14.56057]]],[[[120.98877,14.5617],[120.98868,14.56151],[120.98868,14.56169],[120.98877,14.5617]]],[[[120.98915,14.56161],[120.98896,14.5617],[120.98915,14.56179],[120.98915,14.56161]]],[[[120.98859,14.56178],[120.98868,14.56188],[120.98868,14.56178],[120.98859,14.56178]]],[[[120.98905,14.56188],[120.98877,14.56206],[120.98914,14.56206],[120.98905,14.56188]]],[[[120.99257,14.56227],[120.99257,14.56245],[120.99304,14.56245],[120.99257,14.56227]]],[[[120.99851,14.56259],[120.99879,14.56232],[120.99842,14.56214],[120.99851,14.56259]]],[[[120.98663,14.56276],[120.987,14.56267],[120.98701,14.5624],[120.98663,14.56276]]],[[[120.99489,14.56292],[120.99526,14.56275],[120.99517,14.56247],[120.99489,14.56292]]],[[[120.99841,14.56304],[120.99822,14.56331],[120.99841,14.5634],[120.99841,14.56304]]],[[[120.99377,14.56336],[120.99386,14.56346],[120.99386,14.56337],[120.99377,14.56336]]],[[[120.98118,14.56009],[120.97978,14.56242],[120.98022,14.56372],[120.9799,14.56245],[120.98118,14.56009]]],[[[120.98081,14.56063],[120.9809,14.56072],[120.9808,14.56072],[120.98081,14.56063]]],[[[120.99831,14.56377],[120.99822,14.56358],[120.99822,14.56376],[120.99831,14.56377]]],[[[120.9946,14.56364],[120.99469,14.56382],[120.9947,14.56364],[120.9946,14.56364]]],[[[120.99404,14.56382],[120.9933,14.56363],[120.9933,14.56445],[120.99404,14.56382]]],[[[120.9945,14.56455],[120.99441,14.56391],[120.99422,14.56463],[120.9945,14.56455]]],[[[120.99422,14.56472],[120.99413,14.56463],[120.99413,14.56472],[120.99422,14.56472]]],[[[120.99143,14.56551],[120.99125,14.56533],[120.99125,14.56551],[120.99143,14.56551]]],[[[120.99273,14.56525],[120.99264,14.56552],[120.99282,14.56553],[120.99273,14.56525]]],[[[120.99756,14.5653],[120.99756,14.56484],[120.99775,14.56448],[120.99728,14.56502],[120.99756,14.5653]]],[[[120.99124,14.56623],[120.99133,14.56615],[120.99124,14.56614],[120.99124,14.56623]]],[[[120.99151,14.56669],[120.99114,14.56641],[120.99133,14.56678],[120.99151,14.56669]]],[[[120.99429,14.56689],[120.9942,14.5668],[120.9942,14.56689],[120.99429,14.56689]]],[[[120.99309,14.56679],[120.99337,14.5668],[120.99337,14.56652],[120.99309,14.56679]]],[[[120.99402,14.56698],[120.99411,14.56716],[120.99411,14.56698],[120.99402,14.56698]]],[[[120.99123,14.56687],[120.99142,14.56705],[120.99142,14.56687],[120.99123,14.56687]]],[[[120.99401,14.56743],[120.99392,14.56716],[120.99392,14.56743],[120.99401,14.56743]]],[[[120.99736,14.56665],[120.99735,14.56737],[120.99772,14.56756],[120.99764,14.56683],[120.99736,14.56665]]],[[[120.99382,14.56761],[120.99392,14.5677],[120.99392,14.56761],[120.99382,14.56761]]],[[[120.99188,14.5676],[120.99141,14.56759],[120.99187,14.56778],[120.99188,14.5676]]],[[[120.99382,14.56788],[120.99373,14.5677],[120.99373,14.56788],[120.99382,14.56788]]],[[[120.99363,14.56815],[120.99354,14.56806],[120.99354,14.56815],[120.99363,14.56815]]],[[[120.99372,14.56852],[120.99345,14.56833],[120.99335,14.56851],[120.99372,14.56852]]],[[[120.99224,14.56886],[120.9928,14.56815],[120.9928,14.56769],[120.99224,14.56832],[120.99224,14.56886]]],[[[120.9977,14.56954],[120.99762,14.56828],[120.99697,14.56836],[120.99696,14.57008],[120.99743,14.56954],[120.99825,14.57027],[120.9977,14.56954]]],[[[120.99881,14.57046],[120.99872,14.57037],[120.99872,14.57046],[120.99881,14.57046]]],[[[120.99324,14.57086],[120.99315,14.57077],[120.99315,14.57086],[120.99324,14.57086]]],[[[120.98897,14.57091],[120.98888,14.57082],[120.98888,14.57091],[120.98897,14.57091]]],[[[120.99852,14.57127],[120.9988,14.57118],[120.99843,14.57082],[120.99852,14.57127]]],[[[120.98924,14.57137],[120.98915,14.57128],[120.98915,14.57137],[120.98924,14.57137]]],[[[120.98961,14.57146],[120.98952,14.57137],[120.98952,14.57146],[120.98961,14.57146]]],[[[120.99267,14.57176],[120.99258,14.57167],[120.99258,14.57176],[120.99267,14.57176]]],[[[120.99546,14.57169],[120.99565,14.57124],[120.99528,14.57115],[120.99546,14.57169]]],[[[120.99861,14.57181],[120.99889,14.5719],[120.99889,14.57154],[120.99861,14.57181]]],[[[120.9986,14.57335],[120.99888,14.5729],[120.99879,14.57263],[120.9986,14.57262],[120.9986,14.57335]]],[[[120.99331,14.57357],[120.9934,14.57366],[120.9934,14.57357],[120.99331,14.57357]]],[[[120.9933,14.57375],[120.99312,14.57366],[120.99312,14.57375],[120.9933,14.57375]]],[[[120.99117,14.57383],[120.99099,14.57373],[120.99098,14.57382],[120.99117,14.57383]]],[[[120.99312,14.57402],[120.99302,14.57393],[120.99302,14.57402],[120.99312,14.57402]]],[[[120.99135,14.57419],[120.99126,14.5741],[120.99126,14.57419],[120.99135,14.57419]]],[[[120.99135,14.57392],[120.99154,14.57419],[120.99154,14.57401],[120.99135,14.57392]]],[[[120.99079,14.57482],[120.99088,14.57491],[120.99088,14.57482],[120.99079,14.57482]]],[[[120.99348,14.57511],[120.99394,14.57484],[120.99357,14.57475],[120.99348,14.57511]]],[[[120.98708,14.57515],[120.98698,14.57505],[120.98698,14.57514],[120.98708,14.57515]]],[[[120.99069,14.57509],[120.99042,14.57481],[120.99032,14.57517],[120.99069,14.57509]]],[[[120.9906,14.57527],[120.99041,14.57535],[120.9906,14.57545],[120.9906,14.57527]]],[[[120.99357,14.57565],[120.99329,14.57538],[120.9931,14.57556],[120.99357,14.57565]]],[[[120.99718,14.57586],[120.99737,14.57523],[120.99663,14.57505],[120.99682,14.57478],[120.99608,14.57513],[120.99691,14.57523],[120.99681,14.57577],[120.99718,14.57586]]],[[[120.9905,14.57599],[120.99041,14.57563],[120.99022,14.5759],[120.9905,14.57599]]],[[[120.99709,14.57623],[120.9969,14.57604],[120.9969,14.57622],[120.99709,14.57623]]],[[[120.99532,14.57639],[120.99523,14.5763],[120.99523,14.57639],[120.99532,14.57639]]],[[[120.99486,14.57675],[120.99476,14.57648],[120.99467,14.57675],[120.99486,14.57675]]],[[[120.98511,14.57676],[120.98502,14.57666],[120.98502,14.57675],[120.98511,14.57676]]],[[[120.99253,14.57691],[120.99272,14.57655],[120.99263,14.57655],[120.99253,14.57691]]],[[[120.99179,14.57699],[120.99207,14.57691],[120.99179,14.5769],[120.99179,14.57699]]],[[[120.99216,14.577],[120.99207,14.57709],[120.99216,14.57709],[120.99216,14.577]]],[[[120.98928,14.57733],[120.98956,14.57743],[120.98956,14.57725],[120.98928,14.57733]]],[[[120.98584,14.57803],[120.98594,14.57794],[120.98584,14.57794],[120.98584,14.57803]]],[[[120.99364,14.57773],[120.99475,14.57783],[120.99438,14.57747],[120.9955,14.57684],[120.99532,14.57648],[120.99374,14.57728],[120.99364,14.57773]]],[[[120.98575,14.57812],[120.98556,14.57802],[120.98556,14.57811],[120.98575,14.57812]]],[[[120.98603,14.57803],[120.98594,14.57812],[120.98603,14.57812],[120.98603,14.57803]]],[[[120.99252,14.57826],[120.99243,14.57817],[120.99243,14.57826],[120.99252,14.57826]]],[[[120.99317,14.57836],[120.99298,14.57845],[120.99317,14.57854],[120.99317,14.57836]]],[[[120.99465,14.57837],[120.99456,14.57855],[120.99484,14.57856],[120.99465,14.57837]]],[[[120.99716,14.57885],[120.99632,14.57848],[120.99604,14.57884],[120.99716,14.57885]]],[[[120.99094,14.57879],[120.99075,14.57888],[120.99094,14.57897],[120.99094,14.57879]]],[[[120.98834,14.57913],[120.98815,14.57895],[120.98815,14.57913],[120.98834,14.57913]]],[[[120.99251,14.57998],[120.99279,14.5798],[120.99251,14.5798],[120.99251,14.57998]]],[[[120.99445,14.58],[120.99427,14.57982],[120.99427,14.58],[120.99445,14.58]]],[[[120.99084,14.58006],[120.99074,14.57997],[120.99074,14.58006],[120.99084,14.58006]]],[[[120.9951,14.58018],[120.99538,14.58001],[120.9951,14.58],[120.9951,14.58018]]],[[[120.99659,14.58029],[120.99649,14.58011],[120.99649,14.58029],[120.99659,14.58029]]],[[[120.9925,14.58034],[120.99241,14.58025],[120.99241,14.58034],[120.9925,14.58034]]],[[[120.99287,14.58026],[120.99371,14.58008],[120.99363,14.57909],[120.99297,14.57953],[120.99289,14.57899],[120.99287,14.58026]]],[[[120.98768,14.58057],[120.98777,14.5803],[120.9873,14.58057],[120.98768,14.58057]]],[[[120.99055,14.5806],[120.99037,14.58042],[120.99037,14.5806],[120.99055,14.5806]]],[[[120.99547,14.58055],[120.99565,14.58082],[120.99575,14.58064],[120.99547,14.58055]]],[[[120.99658,14.58083],[120.9964,14.58074],[120.9964,14.58083],[120.99658,14.58083]]],[[[120.96911,14.58115],[120.97047,14.58115],[120.96887,14.57959],[120.96819,14.58026],[120.96911,14.58115]]],[[[120.99538,14.58073],[120.99472,14.58099],[120.99472,14.58127],[120.99509,14.58136],[120.99538,14.58073]]],[[[120.99101,14.58141],[120.99157,14.58052],[120.99046,14.58096],[120.99101,14.58141]]],[[[120.99342,14.58144],[120.99333,14.58125],[120.99333,14.58143],[120.99342,14.58144]]],[[[120.995,14.58154],[120.99491,14.58145],[120.9949,14.58154],[120.995,14.58154]]],[[[120.99648,14.58155],[120.9963,14.58146],[120.9963,14.58155],[120.99648,14.58155]]],[[[120.98665,14.58147],[120.98674,14.58156],[120.98674,14.58147],[120.98665,14.58147]]],[[[120.98943,14.58104],[120.98962,14.58149],[120.98962,14.58104],[120.98943,14.58104]]],[[[120.97185,14.58141],[120.97226,14.58169],[120.97196,14.5813],[120.97185,14.58141]]],[[[120.97114,14.58179],[120.97106,14.5817],[120.97106,14.58178],[120.97114,14.58179]]],[[[120.99518,14.58199],[120.99499,14.58181],[120.99499,14.58199],[120.99518,14.58199]]],[[[120.99555,14.58145],[120.99574,14.58173],[120.99574,14.58146],[120.99555,14.58145]]],[[[120.99045,14.58186],[120.99072,14.58204],[120.99073,14.58186],[120.99045,14.58186]]],[[[120.99397,14.58216],[120.9937,14.58189],[120.99369,14.58216],[120.99397,14.58216]]],[[[120.99406,14.58225],[120.99444,14.58144],[120.99389,14.58072],[120.99406,14.58225]]],[[[120.99258,14.58233],[120.99249,14.58224],[120.99248,14.58233],[120.99258,14.58233]]],[[[120.99397,14.58234],[120.99406,14.58243],[120.99406,14.58234],[120.99397,14.58234]]],[[[120.97049,14.58241],[120.9704,14.58239],[120.97049,14.58248],[120.97049,14.58241]]],[[[120.99564,14.582],[120.99554,14.58254],[120.99601,14.58254],[120.99611,14.58209],[120.99564,14.582]]],[[[120.99573,14.58218],[120.99592,14.58236],[120.99573,14.58227],[120.99573,14.58218]]],[[[120.9768,14.58265],[120.97662,14.58247],[120.97662,14.58265],[120.9768,14.58265]]],[[[120.98821,14.58284],[120.98812,14.58275],[120.98812,14.58284],[120.98821,14.58284]]],[[[120.98728,14.5831],[120.98803,14.58283],[120.98747,14.58265],[120.98728,14.5831]]],[[[120.98533,14.58326],[120.98524,14.58308],[120.98524,14.58326],[120.98533,14.58326]]],[[[120.9948,14.58334],[120.9948,14.5828],[120.99471,14.58235],[120.99415,14.58289],[120.99424,14.58334],[120.9948,14.58334]]],[[[120.97948,14.58339],[120.97958,14.58276],[120.97838,14.58203],[120.97792,14.58221],[120.97782,14.58266],[120.97948,14.58339]]],[[[120.97726,14.58328],[120.978,14.5832],[120.97736,14.58274],[120.97726,14.58328]]],[[[120.99915,14.58401],[120.99897,14.58392],[120.99896,14.58401],[120.99915,14.58401]]],[[[120.99998,14.5842],[121.00092,14.58331],[121.00093,14.58267],[120.9998,14.58384],[120.99998,14.5842]]],[[[120.97901,14.58438],[120.97929,14.58421],[120.97911,14.58411],[120.97901,14.58438]]],[[[120.99961,14.58438],[120.9998,14.58447],[120.9998,14.58438],[120.99961,14.58438]]],[[[120.99154,14.58458],[120.99181,14.58477],[120.99181,14.58458],[120.99154,14.58458]]],[[[120.98392,14.58497],[120.98374,14.58488],[120.98374,14.58497],[120.98392,14.58497]]],[[[120.99627,14.58462],[120.99636,14.58498],[120.99645,14.58471],[120.99627,14.58462]]],[[[120.99608,14.58507],[120.99599,14.58498],[120.99599,14.58507],[120.99608,14.58507]]],[[[120.98995,14.5852],[120.98977,14.58502],[120.98977,14.5852],[120.98995,14.5852]]],[[[120.98661,14.58526],[120.9867,14.58553],[120.9868,14.58508],[120.98661,14.58526]]],[[[120.96695,14.58446],[120.96558,14.58289],[120.9649,14.58353],[120.96703,14.58558],[120.96695,14.58446]]],[[[120.99561,14.58561],[120.9958,14.58534],[120.9958,14.58516],[120.99552,14.58525],[120.99561,14.58561]]],[[[120.98948,14.58574],[120.98939,14.58583],[120.98948,14.58583],[120.98948,14.58574]]],[[[120.99765,14.58581],[120.99794,14.58455],[120.9984,14.58437],[120.99832,14.58401],[120.99719,14.58508],[120.99765,14.58581]]],[[[120.99756,14.58572],[120.99747,14.58545],[120.99765,14.58554],[120.99756,14.58572]]],[[[120.97974,14.58602],[120.97937,14.58592],[120.97937,14.58601],[120.97974,14.58602]]],[[[120.99189,14.58621],[120.99171,14.58576],[120.99171,14.58621],[120.99189,14.58621]]],[[[120.9956,14.58624],[120.99551,14.58606],[120.99551,14.58624],[120.9956,14.58624]]],[[[120.99783,14.58626],[120.99774,14.58617],[120.99774,14.58626],[120.99783,14.58626]]],[[[120.97806,14.58663],[120.97788,14.58645],[120.97778,14.58663],[120.97806,14.58663]]],[[[120.99142,14.58666],[120.99161,14.5863],[120.99125,14.58603],[120.99142,14.58666]]],[[[120.9814,14.5873],[120.98121,14.5872],[120.98121,14.58729],[120.9814,14.5873]]],[[[120.98993,14.58791],[120.98965,14.588],[120.98993,14.588],[120.98993,14.58791]]],[[[120.99846,14.58808],[120.99885,14.58618],[120.99961,14.58474],[120.99849,14.58518],[120.99848,14.58645],[120.99802,14.58617],[120.99736,14.58671],[120.99801,14.58717],[120.99791,14.58789],[120.99846,14.58808]]],[[[120.99829,14.58699],[120.9982,14.5869],[120.99829,14.5869],[120.99829,14.58699]]],[[[120.99801,14.58681],[120.99783,14.58662],[120.99801,14.58663],[120.99801,14.58681]]],[[[120.98937,14.58827],[120.98918,14.58818],[120.98918,14.58827],[120.98937,14.58827]]],[[[120.98788,14.58853],[120.98816,14.58862],[120.98816,14.58844],[120.98788,14.58853]]],[[[120.97944,14.58872],[120.97934,14.58863],[120.97934,14.58872],[120.97944,14.58872]]],[[[120.99196,14.58856],[120.99215,14.58865],[120.99215,14.58847],[120.99196,14.58856]]],[[[121.01516,14.58867],[121.01525,14.58876],[121.01525,14.58867],[121.01516,14.58867]]],[[[121.01516,14.58885],[121.01507,14.58876],[121.01507,14.58885],[121.01516,14.58885]]],[[[120.97517,14.58869],[120.97498,14.58878],[120.97517,14.58887],[120.97517,14.58869]]],[[[120.97711,14.58898],[120.97693,14.58879],[120.97693,14.58897],[120.97711,14.58898]]],[[[121.01497,14.58903],[121.01488,14.58885],[121.01488,14.58903],[121.01497,14.58903]]],[[[120.97312,14.58912],[120.9735,14.58867],[120.97294,14.58831],[120.97275,14.58876],[120.97312,14.58912]]],[[[121.0005,14.58909],[121.00031,14.58918],[121.00049,14.58927],[121.0005,14.58909]]],[[[120.9951,14.59049],[120.99547,14.59031],[120.9951,14.5904],[120.9951,14.59049]]],[[[120.97218,14.59065],[120.97274,14.58993],[120.97275,14.5893],[120.972,14.59002],[120.97218,14.59065]]],[[[120.97218,14.59074],[120.97209,14.59065],[120.97209,14.59074],[120.97218,14.59074]]],[[[120.97867,14.59107],[120.97876,14.59116],[120.97877,14.59107],[120.97867,14.59107]]],[[[120.9847,14.5913],[120.98443,14.59103],[120.98433,14.5913],[120.9847,14.5913]]],[[[120.98924,14.59197],[120.98915,14.59188],[120.98915,14.59197],[120.98924,14.59197]]],[[[120.99128,14.59226],[120.991,14.59235],[120.99128,14.59235],[120.99128,14.59226]]],[[[120.99044,14.59252],[120.99026,14.59234],[120.99026,14.59252],[120.99044,14.59252]]],[[[120.99174,14.59254],[120.99156,14.59235],[120.99156,14.59253],[120.99174,14.59254]]],[[[120.99091,14.59271],[120.99128,14.59253],[120.99072,14.59244],[120.99091,14.59271]]],[[[120.99016,14.59279],[120.99007,14.59261],[120.99007,14.59279],[120.99016,14.59279]]],[[[120.9923,14.59281],[120.99239,14.5929],[120.99239,14.59281],[120.9923,14.59281]]],[[[120.97652,14.59286],[120.97708,14.59268],[120.97634,14.59249],[120.97652,14.59286]]],[[[120.98775,14.59295],[120.98812,14.59314],[120.98989,14.59261],[120.98831,14.59224],[120.98775,14.59268],[120.98748,14.59205],[120.98719,14.59268],[120.98775,14.59295]]],[[[120.97021,14.59298],[120.97058,14.59308],[120.97058,14.59271],[120.97021,14.59298]]],[[[120.98849,14.59332],[120.9884,14.59314],[120.9884,14.59332],[120.98849,14.59332]]],[[[120.98644,14.59385],[120.98635,14.59375],[120.98635,14.59385],[120.98644,14.59385]]],[[[120.97911,14.59369],[120.97819,14.59287],[120.97866,14.59251],[120.97867,14.59116],[120.97709,14.59142],[120.97745,14.59232],[120.97792,14.59224],[120.97763,14.59314],[120.97708,14.59304],[120.97726,14.59368],[120.97837,14.59405],[120.97874,14.59351],[120.97911,14.59369]]],[[[120.99423,14.59418],[120.99433,14.59373],[120.99377,14.59391],[120.99377,14.59409],[120.99423,14.59418]]],[[[121.01488,14.58903],[121.0145,14.58957],[121.01385,14.58956],[121.0121,14.5881],[121.00812,14.58716],[121.00739,14.58607],[121.00797,14.58301],[121.00947,14.58211],[121.01076,14.58231],[121.01453,14.58631],[121.01861,14.58725],[121.01935,14.58726],[121.01973,14.58672],[121.01833,14.58671],[121.01426,14.58541],[121.01077,14.58176],[121.00789,14.58246],[121.00666,14.58516],[121.00729,14.58707],[121.00876,14.58825],[121.01099,14.58836],[121.01228,14.58955],[121.01468,14.59056],[121.01587,14.59193],[121.0154,14.59292],[121.01224,14.5938],[121.01279,14.59443],[121.01512,14.59364],[121.01643,14.5922],[121.01634,14.59121],[121.01469,14.58984],[121.01488,14.58903]]],[[[120.98959,14.5946],[120.98941,14.59441],[120.9894,14.59459],[120.98959,14.5946]]],[[[120.98959,14.59478],[120.9895,14.59469],[120.9895,14.59478],[120.98959,14.59478]]],[[[120.99117,14.59461],[120.99135,14.59479],[120.99135,14.59461],[120.99117,14.59461]]],[[[120.97947,14.59496],[120.97919,14.59505],[120.97947,14.59505],[120.97947,14.59496]]],[[[120.97956,14.59514],[120.97975,14.59505],[120.97956,14.59505],[120.97956,14.59514]]],[[[120.98828,14.59531],[120.988,14.59549],[120.98828,14.59549],[120.98828,14.59531]]],[[[120.99237,14.59552],[120.99246,14.59543],[120.99237,14.59543],[120.99237,14.59552]]],[[[120.99255,14.59553],[120.99246,14.59561],[120.99255,14.59562],[120.99255,14.59553]]],[[[120.98689,14.59566],[120.98652,14.59574],[120.98689,14.59593],[120.98689,14.59566]]],[[[120.98837,14.59621],[120.98818,14.59612],[120.98818,14.59621],[120.98837,14.59621]]],[[[120.98688,14.59683],[120.98716,14.59638],[120.9879,14.5963],[120.98614,14.59619],[120.98688,14.59683]]],[[[120.99134,14.59642],[120.9918,14.5966],[120.9918,14.59651],[120.99134,14.59642]]],[[[120.98669,14.59692],[120.98688,14.59701],[120.98688,14.59692],[120.98669,14.59692]]],[[[120.99653,14.59719],[120.99643,14.59709],[120.99643,14.59719],[120.99653,14.59719]]],[[[120.98771,14.5972],[120.98883,14.59676],[120.98753,14.59684],[120.98771,14.5972]]],[[[120.99235,14.59733],[120.99216,14.59715],[120.99216,14.59733],[120.99235,14.59733]]],[[[120.99597,14.59709],[120.99615,14.59718],[120.99616,14.59709],[120.99597,14.59709]]],[[[120.98585,14.59746],[120.98595,14.59737],[120.98585,14.59737],[120.98585,14.59746]]],[[[120.98789,14.59783],[120.9878,14.59765],[120.9878,14.59783],[120.98789,14.59783]]],[[[120.99021,14.59749],[120.99077,14.59759],[120.99059,14.59704],[120.99078,14.59659],[120.99021,14.59749]]],[[[120.99067,14.59804],[120.99058,14.59786],[120.99058,14.59804],[120.99067,14.59804]]],[[[120.99513,14.59808],[120.99504,14.59781],[120.99503,14.59808],[120.99513,14.59808]]],[[[120.98594,14.59746],[120.98622,14.59818],[120.98724,14.59756],[120.98716,14.59692],[120.98669,14.59755],[120.98632,14.59692],[120.98594,14.59746]]],[[[120.98687,14.5981],[120.98733,14.59801],[120.98687,14.59783],[120.98687,14.5981]]],[[[120.98937,14.59812],[120.98881,14.5982],[120.98937,14.5983],[120.98937,14.59812]]],[[[120.98705,14.59837],[120.98696,14.59828],[120.98696,14.59837],[120.98705,14.59837]]],[[[120.98807,14.59838],[120.98789,14.59829],[120.98789,14.59838],[120.98807,14.59838]]],[[[120.98612,14.59845],[120.98585,14.59818],[120.98584,14.59845],[120.98612,14.59845]]],[[[120.99939,14.59839],[120.99911,14.59847],[120.99939,14.59848],[120.99939,14.59839]]],[[[120.99494,14.59853],[120.99484,14.59844],[120.99484,14.59853],[120.99494,14.59853]]],[[[120.99197,14.59859],[120.99178,14.5985],[120.99178,14.59859],[120.99197,14.59859]]],[[[120.99855,14.59865],[120.99837,14.59847],[120.99837,14.59865],[120.99855,14.59865]]],[[[120.99577,14.59817],[120.99606,14.59781],[120.99559,14.59772],[120.99549,14.59835],[120.99642,14.59872],[120.99577,14.59817]]],[[[120.98704,14.599],[120.98695,14.59891],[120.98695,14.599],[120.98704,14.599]]],[[[120.98612,14.59908],[120.98602,14.5989],[120.98602,14.59908],[120.98612,14.59908]]],[[[120.99196,14.59941],[120.99224,14.59869],[120.99122,14.59886],[120.99131,14.59949],[120.99196,14.59941]]],[[[120.98388,14.59961],[120.9837,14.59952],[120.9837,14.59961],[120.98388,14.59961]]],[[[120.99214,14.59941],[120.99186,14.59968],[120.99214,14.59968],[120.99214,14.59941]]],[[[120.98574,14.5998],[120.98546,14.59953],[120.98537,14.59971],[120.98574,14.5998]]],[[[120.99567,14.59989],[120.99585,14.59971],[120.99558,14.59971],[120.99567,14.59989]]],[[[120.99251,14.59995],[120.99242,14.59986],[120.99242,14.59995],[120.99251,14.59995]]],[[[120.98166,14.59977],[120.98249,14.60023],[120.98249,14.59996],[120.98166,14.59977]]],[[[120.9926,14.60041],[120.99232,14.60004],[120.99223,14.60031],[120.9926,14.60041]]],[[[120.93896,14.60048],[120.93896,14.60043],[120.93888,14.60048],[120.93896,14.60048]]],[[[120.99158,14.60049],[120.99139,14.60039],[120.99139,14.60049],[120.99158,14.60049]]],[[[120.98499,14.60043],[120.98517,14.60052],[120.98518,14.60034],[120.98499,14.60043]]],[[[120.98713,14.60027],[120.9874,14.60054],[120.98731,14.60027],[120.98713,14.60027]]],[[[120.98387,14.60069],[120.98434,14.60051],[120.98434,14.60033],[120.98387,14.60069]]],[[[120.98582,14.60071],[120.98611,14.60017],[120.98527,14.60025],[120.98582,14.60071]]],[[[120.9385,14.60075],[120.93887,14.60057],[120.93887,14.60049],[120.9385,14.60075]]],[[[120.98721,14.60081],[120.98684,14.60072],[120.98684,14.60081],[120.98721,14.60081]]],[[[120.99185,14.60085],[120.99167,14.60076],[120.99167,14.60085],[120.99185,14.60085]]],[[[120.98526,14.60161],[120.98517,14.60143],[120.98507,14.60161],[120.98526,14.60161]]],[[[120.98349,14.60177],[120.98396,14.60105],[120.98359,14.60105],[120.98378,14.60051],[120.98323,14.60005],[120.98341,14.60051],[120.98248,14.60086],[120.98322,14.60078],[120.98349,14.60177]]],[[[120.98739,14.60163],[120.9872,14.6018],[120.98739,14.6019],[120.98739,14.60163]]],[[[120.98553,14.60233],[120.98572,14.60206],[120.98535,14.60206],[120.98553,14.60233]]],[[[120.98274,14.6024],[120.98312,14.60213],[120.98275,14.60222],[120.98274,14.6024]]],[[[120.98358,14.60241],[120.9834,14.60222],[120.98339,14.6024],[120.98358,14.60241]]],[[[120.98711,14.60226],[120.98673,14.60243],[120.98711,14.60244],[120.98711,14.60226]]],[[[120.9859,14.6027],[120.98571,14.60251],[120.98571,14.6027],[120.9859,14.6027]]],[[[120.98311,14.60294],[120.98302,14.60276],[120.98302,14.60294],[120.98311,14.60294]]],[[[120.93516,14.60286],[120.93812,14.60101],[120.93511,14.6028],[120.9328,14.60295],[120.93516,14.60286]]],[[[120.98608,14.60288],[120.9858,14.60288],[120.98608,14.60297],[120.98608,14.60288]]],[[[120.98506,14.60305],[120.98516,14.60251],[120.9847,14.60196],[120.98478,14.60269],[120.98506,14.60305]]],[[[120.98301,14.6033],[120.98292,14.60321],[120.98292,14.6033],[120.98301,14.6033]]],[[[120.95183,14.60339],[120.95184,14.60333],[120.95177,14.60339],[120.95183,14.60339]]],[[[120.98653,14.60451],[120.98644,14.60442],[120.98644,14.60451],[120.98653,14.60451]]],[[[120.98542,14.60468],[120.98561,14.60378],[120.98496,14.60323],[120.98542,14.60468]]],[[[120.9856,14.60495],[120.98541,14.60513],[120.9856,14.60522],[120.9856,14.60495]]],[[[120.98847,14.60561],[120.9881,14.6057],[120.98847,14.6057],[120.98847,14.60561]]],[[[120.98104,14.60618],[120.9815,14.60627],[120.9815,14.60618],[120.98104,14.60618]]],[[[120.98169,14.60646],[120.98178,14.60655],[120.98178,14.60646],[120.98169,14.60646]]],[[[120.98178,14.60691],[120.9815,14.60664],[120.98159,14.60691],[120.98178,14.60691]]],[[[120.98308,14.60674],[120.98289,14.60701],[120.98307,14.6071],[120.98308,14.60674]]],[[[120.98493,14.60739],[120.98539,14.60721],[120.9853,14.60658],[120.98493,14.60739]]],[[[120.952,14.60556],[120.95266,14.60458],[120.9521,14.60457],[120.9522,14.60394],[120.95165,14.60357],[120.95087,14.60456],[120.95012,14.60434],[120.9482,14.60707],[120.94883,14.60752],[120.95061,14.6051],[120.952,14.60556]]],[[[120.95108,14.60465],[120.95099,14.60456],[120.95108,14.60456],[120.95108,14.60465]]],[[[120.95173,14.60448],[120.95164,14.60439],[120.95173,14.60439],[120.95173,14.60448]]],[[[120.98288,14.60782],[120.98306,14.60809],[120.98307,14.60773],[120.98288,14.60782]]],[[[120.9813,14.60817],[120.98176,14.60817],[120.98167,14.60799],[120.9813,14.60817]]],[[[120.98315,14.60873],[120.98306,14.60864],[120.98306,14.60873],[120.98315,14.60873]]],[[[120.98167,14.60862],[120.98297,14.60864],[120.98232,14.60818],[120.98167,14.60862]]],[[[120.9824,14.60926],[120.98231,14.60908],[120.98231,14.60926],[120.9824,14.60926]]],[[[120.98175,14.60935],[120.98157,14.60953],[120.98175,14.60953],[120.98175,14.60935]]],[[[120.98741,14.60976],[120.98732,14.60958],[120.98732,14.60976],[120.98741,14.60976]]],[[[120.9824,14.60981],[120.98194,14.60962],[120.98184,14.6098],[120.9824,14.60981]]],[[[120.98008,14.60997],[120.97989,14.60978],[120.97989,14.60996],[120.98008,14.60997]]],[[[120.98035,14.61087],[120.98063,14.61051],[120.97998,14.61033],[120.98035,14.61087]]],[[[120.97819,14.61356],[120.978,14.61347],[120.978,14.61356],[120.97819,14.61356]]],[[[120.97977,14.61358],[120.97958,14.61349],[120.97958,14.61358],[120.97977,14.61358]]],[[[120.97885,14.61249],[120.97857,14.61194],[120.97828,14.61357],[120.9793,14.61357],[120.97912,14.61321],[120.97996,14.61295],[120.97932,14.6115],[120.97885,14.61249]]],[[[120.97968,14.61258],[120.97987,14.61277],[120.97968,14.61276],[120.97968,14.61258]]],[[[120.97828,14.61329],[120.97856,14.61339],[120.97828,14.61338],[120.97828,14.61329]]],[[[120.97763,14.61356],[120.97744,14.61383],[120.97763,14.61392],[120.97763,14.61356]]],[[[120.98923,14.61402],[120.98914,14.61393],[120.98913,14.61402],[120.98923,14.61402]]],[[[120.97967,14.6143],[120.9793,14.61403],[120.9793,14.61421],[120.97967,14.6143]]],[[[120.97614,14.61463],[120.97586,14.61472],[120.97614,14.61472],[120.97614,14.61463]]],[[[120.97631,14.61581],[120.97613,14.61572],[120.97613,14.61581],[120.97631,14.61581]]],[[[120.9791,14.61574],[120.97928,14.61592],[120.97928,14.61556],[120.9791,14.61574]]],[[[120.97622,14.61608],[120.97613,14.6159],[120.97603,14.61608],[120.97622,14.61608]]],[[[120.97649,14.61653],[120.97677,14.61635],[120.97649,14.61635],[120.97649,14.61653]]],[[[120.9763,14.6168],[120.97593,14.61689],[120.9763,14.61689],[120.9763,14.6168]]],[[[120.97741,14.61708],[120.97807,14.61664],[120.97705,14.61636],[120.97667,14.61671],[120.97741,14.61708]]],[[[120.97862,14.61745],[120.97871,14.61718],[120.97843,14.61745],[120.97862,14.61745]]],[[[120.97964,14.61755],[120.97964,14.61719],[120.9789,14.61737],[120.97889,14.61755],[120.97964,14.61755]]],[[[120.97879,14.61845],[120.9787,14.61836],[120.9787,14.61845],[120.97879,14.61845]]],[[[120.97888,14.61917],[120.97879,14.61899],[120.97879,14.61917],[120.97888,14.61917]]],[[[120.976,14.61924],[120.97591,14.61933],[120.976,14.61933],[120.976,14.61924]]],[[[120.97897,14.61963],[120.97878,14.61971],[120.97897,14.61981],[120.97897,14.61963]]],[[[120.96078,14.61992],[120.9605,14.62001],[120.96078,14.62001],[120.96078,14.61992]]],[[[120.97757,14.62016],[120.97739,14.62006],[120.97739,14.62015],[120.97757,14.62016]]],[[[120.96087,14.62028],[120.96068,14.62019],[120.96068,14.62028],[120.96087,14.62028]]],[[[120.97887,14.62053],[120.97915,14.62026],[120.97897,14.6199],[120.97887,14.62053]]],[[[120.97932,14.62126],[120.97951,14.62144],[120.97951,14.62126],[120.97932,14.62126]]],[[[120.97523,14.62194],[120.97495,14.62212],[120.97533,14.62212],[120.97523,14.62194]]],[[[120.97588,14.62213],[120.97625,14.62213],[120.97598,14.62195],[120.97588,14.62213]]],[[[120.97625,14.62249],[120.97597,14.62267],[120.97625,14.62267],[120.97625,14.62249]]],[[[120.9794,14.62279],[120.97959,14.62216],[120.97941,14.62216],[120.9794,14.62279]]],[[[120.97708,14.62322],[120.97736,14.62332],[120.97736,14.62323],[120.97708,14.62322]]],[[[120.97652,14.62358],[120.9768,14.62358],[120.9768,14.62349],[120.97652,14.62358]]],[[[120.9754,14.62393],[120.97531,14.62384],[120.97531,14.62393],[120.9754,14.62393]]],[[[120.97596,14.62394],[120.97577,14.62403],[120.97596,14.62412],[120.97596,14.62394]]],[[[120.97336,14.6241],[120.97373,14.6241],[120.97336,14.62382],[120.97336,14.6241]]],[[[120.97428,14.62465],[120.974,14.62473],[120.97428,14.62474],[120.97428,14.62465]]],[[[120.97641,14.62494],[120.97605,14.62457],[120.97595,14.62493],[120.97641,14.62494]]],[[[120.97307,14.62509],[120.97354,14.62473],[120.97307,14.62491],[120.97307,14.62509]]],[[[120.97567,14.6252],[120.97548,14.62511],[120.97548,14.6252],[120.97567,14.6252]]],[[[120.97622,14.6253],[120.97613,14.6252],[120.97613,14.62529],[120.97622,14.6253]]],[[[120.97501,14.62601],[120.97529,14.62592],[120.97511,14.62583],[120.97501,14.62601]]],[[[120.97649,14.62629],[120.9764,14.6262],[120.9764,14.62629],[120.97649,14.62629]]],[[[120.9764,14.62656],[120.97575,14.62601],[120.97557,14.6261],[120.9764,14.62656]]],[[[120.97872,14.62685],[120.97862,14.62676],[120.97862,14.62685],[120.97872,14.62685]]],[[[120.97426,14.627],[120.97417,14.6269],[120.97417,14.62699],[120.97426,14.627]]],[[[120.97565,14.62719],[120.97602,14.62701],[120.97575,14.62683],[120.97565,14.62719]]],[[[120.97741,14.6272],[120.97732,14.62711],[120.97732,14.6272],[120.97741,14.6272]]],[[[120.97602,14.62746],[120.97611,14.62737],[120.97602,14.62737],[120.97602,14.62746]]],[[[120.97574,14.62764],[120.97565,14.62746],[120.97565,14.62764],[120.97574,14.62764]]],[[[120.97778,14.62784],[120.9776,14.62766],[120.97759,14.62784],[120.97778,14.62784]]],[[[120.9752,14.62619],[120.97455,14.62591],[120.97427,14.62645],[120.9751,14.62664],[120.97463,14.62754],[120.97407,14.62754],[120.97481,14.62799],[120.97537,14.62737],[120.9752,14.62619]]],[[[120.97583,14.628],[120.97574,14.62809],[120.97601,14.62809],[120.97583,14.628]]],[[[120.97815,14.62811],[120.97806,14.62802],[120.97806,14.62811],[120.97815,14.62811]]],[[[120.9763,14.62674],[120.97648,14.62837],[120.97714,14.6272],[120.9763,14.62674]]],[[[120.97685,14.62756],[120.97658,14.62729],[120.97686,14.62738],[120.97685,14.62756]]],[[[120.97677,14.62702],[120.97667,14.62693],[120.97677,14.62693],[120.97677,14.62702]]],[[[120.97722,14.62838],[120.97713,14.62829],[120.97712,14.62838],[120.97722,14.62838]]],[[[120.94379,14.63043],[120.94379,14.63038],[120.94374,14.63043],[120.94379,14.63043]]],[[[120.94294,14.63178],[120.94275,14.63187],[120.94294,14.63187],[120.94294,14.63178]]],[[[120.9424,14.63214],[120.94276,14.63153],[120.94246,14.63191],[120.9424,14.63214]]],[[[120.97458,14.63215],[120.97449,14.63206],[120.97449,14.63215],[120.97458,14.63215]]],[[[120.94238,14.63232],[120.94238,14.63218],[120.94232,14.63232],[120.94238,14.63232]]],[[[120.97467,14.63242],[120.97458,14.63233],[120.97458,14.63242],[120.97467,14.63242]]],[[[120.94228,14.6325],[120.94228,14.63243],[120.94225,14.6325],[120.94228,14.6325]]],[[[120.94219,14.63277],[120.94219,14.63261],[120.94211,14.63277],[120.94219,14.63277]]],[[[120.94209,14.63295],[120.9421,14.6328],[120.94206,14.63295],[120.94209,14.63295]]],[[[120.942,14.6334],[120.942,14.63305],[120.9418,14.6334],[120.942,14.6334]]],[[[120.94419,14.63005],[120.9435,14.63124],[120.94349,14.63233],[120.94266,14.6325],[120.94236,14.63376],[120.94162,14.63368],[120.9414,14.63424],[120.95285,14.63404],[120.95331,14.63438],[120.95705,14.63333],[120.95777,14.63357],[120.95731,14.63308],[120.95834,14.63237],[120.95883,14.63011],[120.95846,14.62978],[120.94605,14.62982],[120.94509,14.62939],[120.94556,14.62982],[120.94419,14.63005]]],[[[120.94508,14.63117],[120.94573,14.63153],[120.94507,14.6318],[120.94508,14.63117]]],[[[120.94562,14.63271],[120.94562,14.63316],[120.94367,14.63314],[120.94367,14.63269],[120.94562,14.63271]]],[[[120.951,14.63339],[120.95119,14.63303],[120.95147,14.63312],[120.951,14.63339]]],[[[120.94339,14.63368],[120.94301,14.63413],[120.94292,14.63359],[120.94339,14.63368]]],[[[120.97679,14.63434],[120.97735,14.63452],[120.97726,14.63416],[120.97679,14.63434]]],[[[120.9727,14.63475],[120.97271,14.63367],[120.97206,14.63366],[120.97233,14.63466],[120.9727,14.63475]]],[[[120.97799,14.63471],[120.97809,14.6348],[120.97809,14.63471],[120.97799,14.63471]]],[[[120.9573,14.63489],[120.95749,14.63437],[120.957,14.63396],[120.95676,14.63461],[120.9573,14.63489]]],[[[120.97057,14.63482],[120.97224,14.63484],[120.97188,14.63384],[120.97057,14.63482]]],[[[120.97141,14.63465],[120.97131,14.63456],[120.97141,14.63456],[120.97141,14.63465]]],[[[120.97799,14.6348],[120.9766,14.63506],[120.97595,14.63469],[120.97539,14.63532],[120.97734,14.63561],[120.97799,14.6348]]],[[[120.97734,14.63506],[120.97743,14.63534],[120.97734,14.63534],[120.97734,14.63506]]],[[[120.97641,14.63569],[120.97622,14.6356],[120.97622,14.63569],[120.97641,14.63569]]],[[[120.97566,14.63586],[120.97594,14.63559],[120.97576,14.6355],[120.97566,14.63586]]],[[[120.97659,14.63587],[120.9765,14.63569],[120.9765,14.63587],[120.97659,14.63587]]],[[[120.97752,14.63588],[120.97734,14.6357],[120.97733,14.63588],[120.97752,14.63588]]],[[[120.97668,14.6365],[120.97659,14.63641],[120.97659,14.6365],[120.97668,14.6365]]],[[[120.97724,14.63651],[120.97752,14.63633],[120.97724,14.63642],[120.97724,14.63651]]],[[[120.97761,14.63651],[120.97751,14.6366],[120.97761,14.6366],[120.97761,14.63651]]],[[[120.97751,14.63669],[120.97742,14.6366],[120.97742,14.63669],[120.97751,14.63669]]],[[[120.97203,14.63701],[120.97223,14.6361],[120.97214,14.63511],[120.97159,14.63519],[120.97166,14.637],[120.97203,14.63701]]],[[[120.9764,14.63695],[120.97612,14.63677],[120.97575,14.63686],[120.97584,14.63704],[120.9764,14.63695]]],[[[120.97148,14.63709],[120.9714,14.63546],[120.97075,14.63528],[120.97092,14.63709],[120.97148,14.63709]]],[[[120.97667,14.63795],[120.97694,14.63804],[120.97694,14.63786],[120.97667,14.63795]]],[[[120.97638,14.63858],[120.97657,14.63777],[120.97648,14.6375],[120.97611,14.63776],[120.97638,14.63858]]],[[[120.97506,14.64119],[120.97487,14.6411],[120.97487,14.64119],[120.97506,14.64119]]],[[[120.97469,14.6411],[120.97441,14.64127],[120.97478,14.64128],[120.97469,14.6411]]],[[[120.96705,14.64401],[120.96696,14.64392],[120.96696,14.64401],[120.96705,14.64401]]],[[[120.96704,14.64537],[120.9676,14.64519],[120.96704,14.64519],[120.96704,14.64537]]],[[[120.96694,14.646],[120.96722,14.64609],[120.96722,14.646],[120.96694,14.646]]],[[[120.96888,14.65722],[120.96869,14.65704],[120.96869,14.65722],[120.96888,14.65722]]],[[[120.96757,14.65838],[120.96776,14.65811],[120.96748,14.6582],[120.96757,14.65838]]],[[[120.96811,14.65965],[120.96793,14.65956],[120.96793,14.65965],[120.96811,14.65965]]],[[[120.96653,14.66018],[120.967,14.66001],[120.96653,14.65982],[120.96653,14.66018]]],[[[120.96545,14.66623],[120.96582,14.66632],[120.96583,14.66605],[120.96545,14.66623]]],[[[120.98566,14.66893],[120.98557,14.66884],[120.98557,14.66893],[120.98566,14.66893]]],[[[120.98557,14.66902],[120.98548,14.66893],[120.98548,14.66902],[120.98557,14.66902]]],[[[120.98529,14.66911],[120.98538,14.6692],[120.98538,14.66911],[120.98529,14.66911]]],[[[120.98529,14.66929],[120.9852,14.6692],[120.9852,14.66929],[120.98529,14.66929]]],[[[120.96635,14.67012],[120.96616,14.67003],[120.96616,14.67012],[120.96635,14.67012]]],[[[120.96644,14.67012],[120.96653,14.67003],[120.96644,14.67003],[120.96644,14.67012]]],[[[120.98566,14.66884],[120.9865,14.66876],[120.98927,14.67014],[120.98678,14.66867],[120.98566,14.66884]]],[[[120.98936,14.67023],[120.98946,14.67014],[120.98937,14.67014],[120.98936,14.67023]]],[[[120.9669,14.67013],[120.96653,14.6703],[120.9669,14.67031],[120.9669,14.67013]]],[[[120.96727,14.67067],[120.96746,14.67049],[120.96718,14.67049],[120.96727,14.67067]]],[[[120.98946,14.67023],[120.99001,14.67087],[120.99019,14.67087],[120.98992,14.67042],[120.98946,14.67023]]],[[[120.96661,14.6713],[120.96727,14.67076],[120.96662,14.67048],[120.96661,14.6713]]],[[[120.95723,14.67194],[120.95751,14.67158],[120.95724,14.67131],[120.95723,14.67194]]],[[[120.9924,14.67306],[120.99222,14.67297],[120.99222,14.67306],[120.9924,14.67306]]],[[[120.95731,14.6732],[120.95713,14.67329],[120.95731,14.67329],[120.95731,14.6732]]],[[[120.97764,14.67338],[120.97783,14.67311],[120.97764,14.67311],[120.97764,14.67338]]],[[[120.97792,14.67338],[120.97782,14.67347],[120.97792,14.67347],[120.97792,14.67338]]],[[[120.97096,14.6735],[120.97077,14.67332],[120.97077,14.6735],[120.97096,14.6735]]],[[[120.97669,14.67617],[120.97724,14.67618],[120.97724,14.676],[120.97669,14.67617]]],[[[120.97463,14.67733],[120.97454,14.67724],[120.97454,14.67733],[120.97463,14.67733]]],[[[120.97463,14.67724],[120.97547,14.67698],[120.9764,14.67744],[120.97678,14.67654],[120.97603,14.67671],[120.97529,14.67616],[120.97463,14.67724]]],[[[120.97416,14.67868],[120.97397,14.67859],[120.97397,14.67868],[120.97416,14.67868]]],[[[120.97471,14.6786],[120.97499,14.67851],[120.97481,14.67842],[120.97471,14.6786]]],[[[120.97118,14.67884],[120.97109,14.67875],[120.97109,14.67884],[120.97118,14.67884]]],[[[120.9708,14.68028],[120.97127,14.67983],[120.97072,14.67938],[120.9708,14.68028]]],[[[120.96114,14.68038],[120.96105,14.6801],[120.96096,14.68037],[120.96114,14.68038]]],[[[120.96978,14.68054],[120.96987,14.68063],[120.96987,14.68054],[120.96978,14.68054]]],[[[120.97376,14.68103],[120.97367,14.68094],[120.97367,14.68103],[120.97376,14.68103]]],[[[120.97441,14.68149],[120.97423,14.6813],[120.97404,14.68148],[120.97441,14.68149]]],[[[120.96994,14.68244],[120.97022,14.68244],[120.96995,14.68217],[120.96994,14.68244]]],[[[120.94476,14.68529],[120.94448,14.68538],[120.94476,14.68538],[120.94476,14.68529]]],[[[120.96525,14.68845],[120.96553,14.68828],[120.96525,14.68836],[120.96525,14.68845]]],[[[120.95237,14.69575],[120.95293,14.69503],[120.95284,14.69452],[120.95161,14.69538],[120.95237,14.69575]]],[[[120.91225,14.6972],[120.91225,14.69713],[120.91217,14.6972],[120.91225,14.6972]]],[[[120.91169,14.69765],[120.91169,14.69759],[120.91161,14.69765],[120.91169,14.69765]]],[[[120.95387,14.69951],[120.95415,14.69925],[120.95387,14.69924],[120.95387,14.69951]]],[[[120.9519,14.70167],[120.95162,14.70139],[120.95162,14.70166],[120.9519,14.70167]]],[[[120.95414,14.69952],[120.95385,14.70114],[120.95329,14.70141],[120.95328,14.70303],[120.95411,14.70331],[120.9541,14.70413],[120.95494,14.70413],[120.95578,14.70333],[120.95636,14.70089],[120.9558,14.70062],[120.95609,14.70008],[120.95554,14.69953],[120.95414,14.69952]]],[[[120.93998,14.71028],[120.94278,14.70841],[120.94291,14.70918],[120.94459,14.70865],[120.94432,14.70783],[120.94325,14.70782],[120.94345,14.70643],[120.94572,14.70676],[120.94573,14.70595],[120.94517,14.70563],[120.94643,14.70528],[120.9485,14.70268],[120.95199,14.69656],[120.95163,14.69574],[120.95135,14.69554],[120.94951,14.69856],[120.94926,14.69837],[120.9473,14.7006],[120.93998,14.71028]]],[[[120.94486,14.70463],[120.94505,14.70445],[120.94504,14.70463],[120.94486,14.70463]]],[[[120.94739,14.70149],[120.94804,14.70159],[120.94804,14.70186],[120.94786,14.70186],[120.94739,14.70149]]],[[[120.95627,14.71092],[120.95656,14.70957],[120.956,14.70984],[120.95599,14.71038],[120.95488,14.71037],[120.95515,14.71091],[120.95627,14.71092]]],[[[120.95362,14.6907],[120.95365,14.69274],[120.95449,14.69247],[120.95478,14.69144],[120.95672,14.69172],[120.95643,14.69276],[120.95588,14.69303],[120.95585,14.69547],[120.95641,14.69574],[120.9564,14.69656],[120.955,14.69681],[120.95416,14.69816],[120.95249,14.69815],[120.95109,14.69895],[120.9508,14.70003],[120.9519,14.7014],[120.95246,14.70113],[120.95247,14.70004],[120.95302,14.70005],[120.95331,14.69897],[120.95554,14.69926],[120.95666,14.69846],[120.95782,14.69359],[120.95866,14.69305],[120.95895,14.69197],[120.95869,14.6898],[120.95981,14.68954],[120.96009,14.689],[120.96011,14.68696],[120.96071,14.68679],[120.96098,14.68778],[120.96182,14.68725],[120.96248,14.68653],[120.96202,14.68572],[120.9638,14.68429],[120.96443,14.687],[120.96553,14.68819],[120.96657,14.68612],[120.96777,14.68622],[120.96797,14.68514],[120.96927,14.68479],[120.9691,14.68361],[120.96985,14.68262],[120.96939,14.6818],[120.96978,14.68063],[120.96838,14.68071],[120.96819,14.68152],[120.9668,14.6816],[120.96681,14.68052],[120.96634,14.68069],[120.96644,14.68024],[120.96487,14.67923],[120.96554,14.67689],[120.96673,14.67844],[120.96858,14.67954],[120.96979,14.67928],[120.9711,14.67829],[120.97221,14.67821],[120.97248,14.67903],[120.97211,14.67912],[120.97181,14.68119],[120.97228,14.68065],[120.97228,14.68102],[120.9733,14.6813],[120.97312,14.6803],[120.97367,14.68085],[120.97359,14.68003],[120.97266,14.67966],[120.97267,14.67885],[120.97332,14.67895],[120.97467,14.67801],[120.97468,14.67747],[120.9738,14.67696],[120.97437,14.67543],[120.97503,14.6749],[120.97642,14.67509],[120.97585,14.67572],[120.97613,14.67599],[120.97679,14.67509],[120.97902,14.67466],[120.9794,14.67367],[120.98061,14.67395],[120.98145,14.67342],[120.98154,14.67278],[120.98016,14.67241],[120.98035,14.6716],[120.97988,14.67159],[120.97998,14.67114],[120.98379,14.67081],[120.9852,14.66938],[120.98361,14.67063],[120.97998,14.67087],[120.97867,14.67231],[120.97884,14.67412],[120.97809,14.67474],[120.97642,14.67473],[120.97624,14.674],[120.9755,14.67354],[120.97728,14.67266],[120.97783,14.67284],[120.97839,14.67203],[120.97765,14.67221],[120.97756,14.67148],[120.9757,14.67237],[120.97292,14.67235],[120.97268,14.67772],[120.97063,14.67811],[120.97194,14.67758],[120.97138,14.6773],[120.97167,14.67649],[120.97121,14.67649],[120.97094,14.67567],[120.97214,14.67641],[120.97216,14.67351],[120.9716,14.67423],[120.97132,14.67396],[120.9717,14.67351],[120.97086,14.67377],[120.97031,14.67332],[120.97014,14.67133],[120.96875,14.67159],[120.96865,14.67231],[120.96828,14.67176],[120.96809,14.67249],[120.96689,14.67148],[120.96559,14.67138],[120.96541,14.67065],[120.96615,14.67111],[120.96607,14.67003],[120.96551,14.67029],[120.96514,14.67011],[120.96617,14.6694],[120.96542,14.6693],[120.96543,14.66894],[120.96505,14.66948],[120.96431,14.6692],[120.96525,14.66821],[120.96498,14.66722],[120.96479,14.66776],[120.96423,14.66775],[120.9635,14.66711],[120.96293,14.66828],[120.96172,14.66809],[120.96266,14.66684],[120.96229,14.66665],[120.96276,14.66638],[120.9624,14.66543],[120.9631,14.66463],[120.96335,14.66259],[120.96475,14.66243],[120.96512,14.66162],[120.96467,14.66071],[120.96514,14.65954],[120.96565,14.6595],[120.9658,14.65891],[120.96719,14.65919],[120.96719,14.65865],[120.96794,14.65857],[120.96636,14.65855],[120.96618,14.65792],[120.96786,14.65739],[120.96785,14.65802],[120.9685,14.65767],[120.96851,14.65704],[120.96767,14.65739],[120.96721,14.65703],[120.96751,14.65459],[120.96927,14.65496],[120.97334,14.64587],[120.97252,14.64505],[120.97075,14.64558],[120.96796,14.64556],[120.96786,14.64655],[120.96703,14.64663],[120.96721,14.64699],[120.96711,14.64736],[120.96628,14.64681],[120.96666,14.64591],[120.96536,14.64617],[120.96333,14.64533],[120.9651,14.64463],[120.96519,14.64409],[120.96436,14.64408],[120.96483,14.64372],[120.96557,14.64382],[120.96537,14.64463],[120.96593,14.64481],[120.96631,14.6441],[120.96594,14.64391],[120.96604,14.64283],[120.96687,14.64374],[120.96688,14.64256],[120.96752,14.64293],[120.96733,14.64374],[120.96779,14.64483],[120.97085,14.64468],[120.9715,14.64441],[120.97104,14.64387],[120.97216,14.64388],[120.97224,14.64451],[120.9715,14.64477],[120.97233,14.64487],[120.97243,14.64424],[120.97345,14.64425],[120.97336,14.6438],[120.9729,14.6437],[120.97271,14.64415],[120.97225,14.6436],[120.97271,14.64379],[120.97272,14.64334],[120.97459,14.64191],[120.97404,14.64091],[120.97348,14.64081],[120.97396,14.63973],[120.97488,14.63992],[120.97461,14.63938],[120.97498,14.63938],[120.97527,14.63848],[120.97481,14.63821],[120.97546,14.63839],[120.97583,14.63785],[120.97472,14.63739],[120.97538,14.63631],[120.97446,14.63585],[120.97529,14.63577],[120.97456,14.63513],[120.97493,14.63441],[120.97457,14.63414],[120.97494,14.63387],[120.97485,14.63315],[120.97448,14.63323],[120.97467,14.63251],[120.97365,14.63277],[120.97375,14.63187],[120.97329,14.63196],[120.97311,14.63141],[120.97318,14.63304],[120.97226,14.63294],[120.97076,14.63374],[120.97059,14.63293],[120.97116,14.63158],[120.97098,14.63031],[120.97312,14.6297],[120.97303,14.62915],[120.97359,14.62898],[120.97258,14.62834],[120.97315,14.62717],[120.97221,14.62752],[120.97287,14.62671],[120.9737,14.62708],[120.97389,14.6269],[120.97334,14.62644],[120.97381,14.62573],[120.97343,14.62599],[120.97335,14.62545],[120.97233,14.6249],[120.97262,14.62355],[120.97188,14.62363],[120.97198,14.62228],[120.97226,14.62264],[120.97291,14.62246],[120.97272,14.6231],[120.97309,14.62319],[120.97467,14.62293],[120.97487,14.62167],[120.97412,14.62166],[120.9745,14.62121],[120.97404,14.6204],[120.97451,14.62049],[120.97488,14.6204],[120.97496,14.62158],[120.97524,14.62167],[120.97506,14.62022],[120.97572,14.61996],[120.97591,14.61906],[120.9748,14.61923],[120.97435,14.61742],[120.97536,14.6186],[120.975,14.6176],[120.97575,14.61662],[120.97575,14.61625],[120.9753,14.61444],[120.97689,14.61355],[120.97643,14.61283],[120.97672,14.61202],[120.97636,14.61084],[120.97738,14.61076],[120.97766,14.61031],[120.97756,14.61103],[120.97811,14.61149],[120.97923,14.61131],[120.97886,14.61077],[120.9797,14.61014],[120.97851,14.60905],[120.97907,14.60896],[120.97943,14.60951],[120.97953,14.60843],[120.9811,14.61025],[120.98111,14.60871],[120.98065,14.60834],[120.98102,14.60844],[120.98131,14.60763],[120.98084,14.60726],[120.98056,14.60771],[120.98104,14.60654],[120.98057,14.60654],[120.98049,14.60572],[120.98104,14.60591],[120.98142,14.60528],[120.98058,14.60527],[120.98049,14.60491],[120.98096,14.60455],[120.98078,14.60392],[120.98134,14.60383],[120.98189,14.60429],[120.98179,14.60483],[120.98198,14.60519],[120.98216,14.6052],[120.98283,14.60312],[120.98218,14.60294],[120.98202,14.60095],[120.98239,14.60086],[120.98174,14.60085],[120.98164,14.60112],[120.98128,14.60058],[120.9809,14.60085],[120.98118,14.6013],[120.98062,14.60148],[120.98026,14.60048],[120.98166,14.59959],[120.98175,14.59905],[120.98324,14.59879],[120.98241,14.59806],[120.98279,14.59752],[120.98343,14.59798],[120.98317,14.5968],[120.98464,14.59772],[120.98398,14.59934],[120.98425,14.60006],[120.98453,14.59952],[120.98528,14.59962],[120.98565,14.59917],[120.98575,14.59854],[120.9851,14.59826],[120.98595,14.59682],[120.98596,14.59565],[120.98791,14.59512],[120.98857,14.59395],[120.9896,14.59396],[120.98977,14.59514],[120.99023,14.59514],[120.99087,14.59614],[120.99116,14.59551],[120.99181,14.59552],[120.99172,14.59516],[120.99125,14.59533],[120.99062,14.59361],[120.99192,14.59362],[120.9923,14.59299],[120.9922,14.59281],[120.99183,14.59335],[120.98988,14.59324],[120.98978,14.59406],[120.98969,14.59324],[120.98932,14.59324],[120.98708,14.59494],[120.98522,14.59501],[120.98514,14.59402],[120.98598,14.59411],[120.9857,14.59348],[120.98635,14.59357],[120.98664,14.59276],[120.98608,14.59258],[120.98552,14.59311],[120.98515,14.59257],[120.9858,14.59267],[120.9859,14.59203],[120.98674,14.59213],[120.98758,14.59151],[120.98943,14.59179],[120.9911,14.59145],[120.99138,14.59208],[120.99184,14.59172],[120.99332,14.5921],[120.9969,14.59665],[120.99921,14.59757],[121.00145,14.59614],[121.00395,14.59752],[121.00617,14.59781],[121.00952,14.59666],[121.01214,14.59479],[121.01159,14.59424],[121.00572,14.59672],[121.00396,14.59653],[121.00312,14.59607],[121.00304,14.59552],[121.00174,14.59533],[120.9995,14.59613],[120.99802,14.59593],[120.99618,14.59438],[120.9949,14.59202],[120.99324,14.59083],[120.99334,14.59038],[120.99436,14.59039],[120.99427,14.59003],[120.99278,14.59038],[120.99168,14.58973],[120.99196,14.58874],[120.99131,14.58937],[120.99085,14.58909],[120.99076,14.58783],[120.99114,14.58756],[120.99077,14.58747],[120.99069,14.58575],[120.99079,14.58521],[120.99153,14.58512],[120.99155,14.58332],[120.99118,14.58313],[120.99155,14.58268],[120.9923,14.58278],[120.9923,14.58197],[120.99322,14.58315],[120.99256,14.5845],[120.99173,14.58422],[120.99237,14.58477],[120.99199,14.58531],[120.99254,14.58631],[120.99235,14.58721],[120.99281,14.5873],[120.99215,14.58829],[120.99318,14.58749],[120.99475,14.58786],[120.99495,14.58669],[120.99448,14.58768],[120.99337,14.58713],[120.99366,14.58587],[120.99421,14.58596],[120.99432,14.5847],[120.99357,14.58514],[120.99375,14.58569],[120.99264,14.5854],[120.99293,14.58423],[120.99386,14.58406],[120.9934,14.5836],[120.99396,14.5837],[120.99397,14.58243],[120.99322,14.58288],[120.9935,14.58252],[120.99203,14.58178],[120.9925,14.58116],[120.99305,14.58134],[120.99305,14.58089],[120.99166,14.58088],[120.99212,14.58142],[120.9911,14.58187],[120.9909,14.58322],[120.98996,14.58394],[120.98959,14.58384],[120.9896,14.58303],[120.98913,14.58366],[120.98784,14.58338],[120.98783,14.58437],[120.98708,14.58454],[120.98745,14.58491],[120.98707,14.58572],[120.98651,14.58589],[120.98587,14.58489],[120.98494,14.58516],[120.98494,14.58579],[120.98364,14.5856],[120.98374,14.5847],[120.98606,14.58444],[120.98598,14.5839],[120.98523,14.5838],[120.98533,14.58335],[120.98449,14.58344],[120.98469,14.58272],[120.98571,14.58281],[120.98664,14.58174],[120.98553,14.58164],[120.9861,14.58038],[120.98712,14.58048],[120.98731,14.57985],[120.98815,14.57994],[120.98843,14.57931],[120.98797,14.57922],[120.98806,14.57859],[120.98853,14.5785],[120.98862,14.57904],[120.989,14.57823],[120.98946,14.57824],[120.98873,14.57724],[120.98995,14.57571],[120.99024,14.57445],[120.99135,14.57464],[120.9907,14.574],[120.99118,14.57301],[120.99136,14.57383],[120.99229,14.57347],[120.99146,14.57265],[120.99316,14.56941],[120.99194,14.57031],[120.99222,14.57076],[120.99167,14.5704],[120.99224,14.56886],[120.99075,14.56912],[120.99039,14.56831],[120.99141,14.56795],[120.99022,14.5665],[120.99124,14.56596],[120.99161,14.56642],[120.99283,14.56507],[120.99265,14.56417],[120.99126,14.56407],[120.99135,14.56371],[120.992,14.56407],[120.99238,14.56353],[120.99248,14.5629],[120.99183,14.56263],[120.99211,14.56181],[120.99268,14.56128],[120.9937,14.56129],[120.99323,14.56164],[120.99312,14.56327],[120.99489,14.56247],[120.99426,14.56102],[120.99258,14.56119],[120.99024,14.56397],[120.99033,14.5646],[120.98921,14.56432],[120.98839,14.5635],[120.98859,14.56187],[120.98765,14.56331],[120.98617,14.56285],[120.98721,14.55997],[120.98851,14.55989],[120.9876,14.55861],[120.98864,14.55627],[120.98884,14.55429],[120.98846,14.55546],[120.98799,14.55563],[120.98827,14.55591],[120.9877,14.55789],[120.98638,14.56014],[120.98564,14.55986],[120.98564,14.55914],[120.98518,14.55886],[120.98462,14.55922],[120.98388,14.55894],[120.9838,14.55795],[120.98268,14.55812],[120.97964,14.55656],[120.97936,14.55601],[120.9801,14.55611],[120.97983,14.55556],[120.97871,14.55601],[120.97759,14.55549],[120.97861,14.55606],[120.97841,14.55654],[120.97848,14.55743],[120.97893,14.55801],[120.97932,14.55828],[120.97852,14.5574],[120.97866,14.55611],[120.98228,14.5581],[120.98168,14.5591],[120.98175,14.55926],[120.98188,14.55904],[120.9819,14.55892],[120.98238,14.55816],[120.98585,14.56006],[120.98571,14.56055],[120.98511,14.56027],[120.98565,14.56068],[120.98507,14.56164],[120.98464,14.56145],[120.98537,14.56186],[120.98363,14.56114],[120.98272,14.56176],[120.98302,14.56218],[120.98388,14.56145],[120.98546,14.56242],[120.97942,14.57529],[120.97708,14.57585],[120.97558,14.57845],[120.97437,14.57738],[120.97397,14.57836],[120.97356,14.57864],[120.97303,14.5781],[120.97215,14.57907],[120.9718,14.58023],[120.97253,14.58043],[120.97216,14.58144],[120.97338,14.58218],[120.97317,14.58254],[120.97254,14.58207],[120.97306,14.58259],[120.97276,14.58315],[120.97115,14.58179],[120.97052,14.5825],[120.97073,14.58278],[120.96947,14.58363],[120.96681,14.58105],[120.96627,14.58158],[120.96904,14.58428],[120.96638,14.5868],[120.96228,14.58288],[120.96195,14.58323],[120.96574,14.58751],[120.96471,14.58857],[120.96225,14.58623],[120.96195,14.58656],[120.96403,14.58925],[120.96406,14.59011],[120.96483,14.5911],[120.96495,14.59201],[120.96298,14.5928],[120.96306,14.59382],[120.9629,14.59302],[120.96243,14.59293],[120.96281,14.59024],[120.96189,14.59052],[120.96206,14.59222],[120.96161,14.59223],[120.96128,14.58891],[120.95579,14.5782],[120.95571,14.57253],[120.95566,14.57251],[120.95575,14.57823],[120.95904,14.58465],[120.95649,14.58731],[120.95578,14.58886],[120.95388,14.5903],[120.95387,14.59112],[120.95584,14.59292],[120.95869,14.59446],[120.95949,14.59434],[120.9597,14.59491],[120.96267,14.59507],[120.96275,14.59435],[120.96319,14.59424],[120.96339,14.59511],[120.96753,14.59532],[120.96678,14.59642],[120.96022,14.59647],[120.95932,14.59603],[120.95814,14.59647],[120.95606,14.59638],[120.94337,14.59477],[120.9426,14.59825],[120.93903,14.60039],[120.94252,14.59855],[120.95424,14.60119],[120.95367,14.60261],[120.95188,14.6032],[120.95285,14.60349],[120.95284,14.60503],[120.9503,14.6088],[120.94909,14.60906],[120.94964,14.60943],[120.94936,14.61015],[120.94853,14.60924],[120.949,14.6087],[120.94799,14.60815],[120.94695,14.60963],[120.94694,14.61011],[120.94826,14.61114],[120.94807,14.61205],[120.94392,14.61778],[120.94399,14.61786],[120.95633,14.60072],[120.96047,14.60085],[120.9603,14.602],[120.95781,14.60181],[120.95774,14.60269],[120.96024,14.60288],[120.96014,14.60404],[120.95815,14.60389],[120.9581,14.60463],[120.9601,14.60479],[120.95999,14.60601],[120.95798,14.60587],[120.95792,14.60662],[120.95993,14.60675],[120.95983,14.60799],[120.95782,14.60786],[120.95776,14.60859],[120.95976,14.60873],[120.95967,14.60997],[120.95761,14.60984],[120.95757,14.61056],[120.95957,14.61071],[120.95948,14.61195],[120.95745,14.61179],[120.95741,14.61253],[120.95945,14.61269],[120.95937,14.61359],[120.95687,14.6134],[120.95657,14.61955],[120.95545,14.61922],[120.95802,14.62037],[120.95511,14.62082],[120.95423,14.62516],[120.95363,14.62552],[120.95411,14.62566],[120.9536,14.62578],[120.95404,14.62593],[120.9537,14.62763],[120.95385,14.62816],[120.95715,14.62824],[120.95958,14.62601],[120.95941,14.62813],[120.96005,14.62768],[120.96005,14.62841],[120.95995,14.62904],[120.95939,14.62885],[120.9592,14.62948],[120.96078,14.62959],[120.96087,14.63004],[120.96264,14.6296],[120.96233,14.63213],[120.96288,14.63304],[120.96213,14.63421],[120.96138,14.63438],[120.96119,14.63565],[120.95788,14.63363],[120.95751,14.63435],[120.95814,14.63426],[120.95832,14.63472],[120.95776,14.63535],[120.95676,14.63505],[120.95686,14.63556],[120.95626,14.63592],[120.95543,14.63598],[120.95527,14.63539],[120.95512,14.63591],[120.95281,14.6361],[120.95266,14.63521],[120.95357,14.63518],[120.95266,14.635],[120.95185,14.63519],[120.95263,14.63541],[120.95269,14.63614],[120.94915,14.6365],[120.94902,14.63528],[120.9508,14.63519],[120.95002,14.63506],[120.94898,14.63526],[120.94904,14.63655],[120.94716,14.63682],[120.95379,14.63609],[120.95458,14.63683],[120.95391,14.63701],[120.95262,14.63892],[120.95186,14.63843],[120.95255,14.63899],[120.94916,14.64381],[120.94763,14.6429],[120.94904,14.64399],[120.9484,14.64492],[120.9468,14.64397],[120.94832,14.64501],[120.94766,14.64603],[120.94826,14.64646],[120.94747,14.6476],[120.94863,14.64882],[120.9479,14.65028],[120.94688,14.65108],[120.94788,14.65208],[120.94705,14.65325],[120.94718,14.65319],[120.94783,14.65226],[120.94796,14.65222],[120.948,14.65274],[120.94081,14.66169],[120.93968,14.66239],[120.93926,14.66181],[120.93896,14.66257],[120.93784,14.66181],[120.93963,14.66326],[120.93873,14.66365],[120.93886,14.6649],[120.93622,14.66803],[120.93191,14.67194],[120.9305,14.67409],[120.93056,14.67525],[120.93128,14.67604],[120.92971,14.67664],[120.92787,14.67833],[120.92658,14.68038],[120.92651,14.68155],[120.9251,14.68433],[120.91695,14.69193],[120.91676,14.69167],[120.91266,14.69503],[120.91214,14.69564],[120.91285,14.69653],[120.91293,14.69685],[120.91225,14.6961],[120.91224,14.6967],[120.9116,14.69598],[120.91105,14.69628],[120.9064,14.70071],[120.90911,14.70297],[120.91142,14.70415],[120.91416,14.70731],[120.91487,14.70872],[120.91431,14.71103],[120.91459,14.71207],[120.91598,14.7126],[120.91765,14.71215],[120.91841,14.71296],[120.92356,14.70849],[120.92638,14.70535],[120.92713,14.70427],[120.92733,14.70265],[120.93012,14.70222],[120.93398,14.69784],[120.93768,14.69499],[120.94316,14.68961],[120.94534,14.68849],[120.95027,14.69232],[120.95157,14.69141],[120.95287,14.69133],[120.95232,14.69078],[120.95297,14.69061],[120.95362,14.6907]]],[[[120.95464,14.69139],[120.95454,14.69134],[120.95464,14.69134],[120.95464,14.69139]]],[[[120.95659,14.69136],[120.95631,14.69127],[120.95659,14.69127],[120.95659,14.69136]]],[[[120.9552,14.69117],[120.9551,14.69135],[120.95501,14.69112],[120.9552,14.69117]]],[[[120.95548,14.69099],[120.95409,14.68998],[120.9552,14.69045],[120.95576,14.69018],[120.95548,14.69099]]],[[[120.95715,14.69037],[120.95669,14.69046],[120.95669,14.69037],[120.95715,14.69037]]],[[[120.95595,14.69036],[120.95613,14.69054],[120.95594,14.69054],[120.95595,14.69036]]],[[[120.95298,14.68997],[120.95215,14.6896],[120.95029,14.68986],[120.95039,14.68923],[120.9514,14.68969],[120.95169,14.68942],[120.95123,14.68887],[120.95085,14.68923],[120.95086,14.68869],[120.95012,14.68814],[120.95308,14.68961],[120.95298,14.68997]]],[[[120.95381,14.68998],[120.95372,14.68989],[120.95382,14.68989],[120.95381,14.68998]]],[[[120.9573,14.68974],[120.95707,14.68956],[120.9573,14.68956],[120.9573,14.68974]]],[[[120.95679,14.68956],[120.95688,14.68965],[120.95679,14.68965],[120.95679,14.68956]]],[[[120.95364,14.68926],[120.95354,14.68944],[120.95363,14.68944],[120.95364,14.68926]]],[[[120.95336,14.68925],[120.95345,14.68907],[120.95327,14.68907],[120.95336,14.68925]]],[[[120.95392,14.68908],[120.95364,14.6888],[120.95392,14.68881],[120.95392,14.68908]]],[[[120.94984,14.68814],[120.94993,14.68823],[120.94984,14.68823],[120.94984,14.68814]]],[[[120.95038,14.69004],[120.95056,14.69031],[120.95047,14.69031],[120.95038,14.69004]]],[[[120.95335,14.69034],[120.95344,14.69043],[120.95335,14.69043],[120.95335,14.69034]]],[[[120.95075,14.6905],[120.95102,14.69068],[120.95075,14.69068],[120.95075,14.6905]]],[[[120.94136,14.69127],[120.94127,14.69141],[120.94118,14.69127],[120.94136,14.69127]]],[[[120.9386,14.69346],[120.93883,14.69364],[120.9386,14.69369],[120.9386,14.69346]]],[[[120.91437,14.69916],[120.91278,14.70046],[120.91063,14.70116],[120.90951,14.70269],[120.90817,14.70177],[120.91018,14.6998],[120.91211,14.69697],[120.91437,14.69916]]],[[[120.91145,14.69778],[120.91127,14.69792],[120.91127,14.69778],[120.91145,14.69778]]],[[[120.92163,14.7065],[120.92162,14.70768],[120.92208,14.70791],[120.9212,14.7079],[120.91927,14.70626],[120.91792,14.70584],[120.91877,14.7053],[120.92163,14.7065]]],[[[120.92259,14.70841],[120.92273,14.70868],[120.92282,14.7085],[120.92259,14.70841]]],[[[120.92235,14.70877],[120.92231,14.70872],[120.9223,14.70913],[120.92235,14.70877]]],[[[120.92067,14.71033],[120.92076,14.71056],[120.92062,14.71056],[120.92067,14.71033]]],[[[120.9498,14.68728],[120.95042,14.68607],[120.9506,14.68607],[120.9506,14.68679],[120.9498,14.68728]]],[[[120.96035,14.68642],[120.96026,14.68624],[120.96035,14.68624],[120.96035,14.68642]]],[[[120.94977,14.68579],[120.94958,14.68606],[120.94954,14.68579],[120.94977,14.68579]]],[[[120.961,14.68598],[120.96072,14.6857],[120.96109,14.6858],[120.961,14.68598]]],[[[120.95107,14.68553],[120.95088,14.68571],[120.95107,14.68562],[120.95107,14.68553]]],[[[120.95079,14.68553],[120.95089,14.68544],[120.95079,14.68544],[120.95079,14.68553]]],[[[120.96184,14.68544],[120.96166,14.68535],[120.96184,14.68535],[120.96184,14.68544]]],[[[120.9443,14.68479],[120.94503,14.68584],[120.94429,14.68592],[120.94397,14.68506],[120.9443,14.68479]]],[[[120.95126,14.68526],[120.95154,14.68481],[120.95192,14.68454],[120.95182,14.6849],[120.95126,14.68526]]],[[[120.96166,14.68526],[120.96147,14.68508],[120.96166,14.68517],[120.96166,14.68526]]],[[[120.96277,14.68491],[120.96213,14.68436],[120.96269,14.6841],[120.96277,14.68491]]],[[[120.96065,14.68408],[120.96074,14.68417],[120.96065,14.68417],[120.96065,14.68408]]],[[[120.95759,14.68369],[120.95679,14.68463],[120.95708,14.68332],[120.95759,14.68369]]],[[[120.96306,14.68392],[120.96279,14.68337],[120.96439,14.68131],[120.96419,14.68275],[120.96306,14.68392]]],[[[120.96744,14.68197],[120.96754,14.68161],[120.96791,14.68188],[120.96791,14.68197],[120.96744,14.68197]]],[[[120.96299,14.6813],[120.96327,14.68148],[120.96299,14.68148],[120.96299,14.6813]]],[[[120.96225,14.68129],[120.96179,14.68074],[120.96235,14.68075],[120.96263,14.68021],[120.96281,14.68111],[120.96225,14.68129]]],[[[120.96402,14.68022],[120.96366,14.67977],[120.96394,14.67959],[120.96402,14.68022]]],[[[120.96189,14.67966],[120.96114,14.68065],[120.9606,14.67947],[120.96097,14.67965],[120.96115,14.67956],[120.9606,14.67911],[120.96153,14.67939],[120.96181,14.67894],[120.96189,14.67966]]],[[[120.96301,14.67949],[120.96264,14.67894],[120.96292,14.67886],[120.96301,14.67949]]],[[[120.95863,14.68117],[120.95797,14.68247],[120.95955,14.68181],[120.95947,14.68036],[120.95864,14.67999],[120.95921,14.67909],[120.96107,14.67866],[120.96061,14.67811],[120.96071,14.67694],[120.96025,14.67675],[120.96047,14.67789],[120.95959,14.67792],[120.95986,14.67829],[120.95921,14.67855],[120.95923,14.67629],[120.95769,14.67786],[120.95795,14.67922],[120.95661,14.67894],[120.95628,14.67925],[120.95627,14.68029],[120.95766,14.68057],[120.95863,14.68117]]],[[[120.95835,14.68144],[120.95844,14.68139],[120.95835,14.68139],[120.95835,14.68144]]],[[[120.95947,14.68036],[120.96003,14.68019],[120.95967,14.67964],[120.95929,14.67982],[120.95947,14.68036]]],[[[120.96014,14.6791],[120.96004,14.67946],[120.96023,14.67937],[120.96014,14.6791]]],[[[120.96255,14.67885],[120.96246,14.67876],[120.96255,14.67876],[120.96255,14.67885]]],[[[120.962,14.67876],[120.9619,14.67858],[120.96209,14.67858],[120.962,14.67876]]],[[[120.9633,14.67859],[120.96293,14.67813],[120.96302,14.67795],[120.96367,14.67814],[120.9633,14.67859]]],[[[120.96209,14.67831],[120.96218,14.6784],[120.96209,14.6784],[120.96209,14.67831]]],[[[120.96145,14.67758],[120.96127,14.6774],[120.96145,14.6774],[120.96145,14.67758]]],[[[120.96164,14.67704],[120.96147,14.67523],[120.96268,14.67479],[120.96285,14.67642],[120.96248,14.67695],[120.96202,14.67641],[120.96229,14.67731],[120.96164,14.67704]]],[[[120.96275,14.67723],[120.96266,14.67696],[120.96294,14.67696],[120.96275,14.67723]]],[[[120.96628,14.6769],[120.96633,14.67685],[120.96633,14.67699],[120.96628,14.6769]]],[[[120.96743,14.67795],[120.96868,14.679],[120.96961,14.67873],[120.96952,14.67792],[120.97101,14.67721],[120.97074,14.67621],[120.97009,14.67657],[120.96825,14.67547],[120.96741,14.67582],[120.96695,14.67528],[120.96732,14.67483],[120.9663,14.67491],[120.96578,14.67576],[120.96661,14.67686],[120.96717,14.67659],[120.96772,14.67714],[120.96743,14.67795]]],[[[120.96739,14.67795],[120.96743,14.6779],[120.96739,14.6779],[120.96739,14.67795]]],[[[120.97035,14.67829],[120.97026,14.6782],[120.97036,14.6782],[120.97035,14.67829]]],[[[120.97056,14.67603],[120.97038,14.67576],[120.97056,14.67576],[120.97056,14.67603]]],[[[120.97001,14.67576],[120.96982,14.67602],[120.96982,14.67575],[120.97001,14.67576]]],[[[120.96861,14.67574],[120.9688,14.67547],[120.96889,14.67566],[120.96861,14.67574]]],[[[120.97066,14.67531],[120.97057,14.67486],[120.9714,14.67523],[120.97113,14.67441],[120.97169,14.67441],[120.97177,14.67541],[120.97066,14.67531]]],[[[120.96417,14.67399],[120.96389,14.6748],[120.96334,14.67443],[120.96259,14.6747],[120.96352,14.67398],[120.96417,14.67399]]],[[[120.96557,14.67364],[120.96501,14.6739],[120.96501,14.67381],[120.96557,14.67364]]],[[[120.95731,14.67366],[120.95689,14.67401],[120.95634,14.67324],[120.95664,14.67121],[120.95761,14.67086],[120.95731,14.67366]]],[[[120.96306,14.67357],[120.96251,14.67316],[120.96316,14.67344],[120.96306,14.67357]]],[[[120.9652,14.67318],[120.96484,14.67273],[120.96577,14.67219],[120.96586,14.67247],[120.9652,14.67318]]],[[[120.96846,14.67258],[120.96771,14.67302],[120.96753,14.67275],[120.96846,14.67258]]],[[[120.96725,14.6723],[120.96744,14.67203],[120.96753,14.67239],[120.96725,14.6723]]],[[[120.96605,14.67174],[120.96586,14.6721],[120.96568,14.67192],[120.96605,14.67174]]],[[[120.96698,14.67193],[120.9667,14.67166],[120.96698,14.67175],[120.96698,14.67193]]],[[[120.96234,14.67171],[120.96252,14.67253],[120.96219,14.67298],[120.96169,14.67153],[120.96234,14.67171]]],[[[120.9641,14.67254],[120.96391,14.67227],[120.96419,14.67227],[120.9641,14.67254]]],[[[120.96354,14.67208],[120.96345,14.67199],[120.96354,14.67199],[120.96354,14.67208]]],[[[120.96633,14.67175],[120.96642,14.67184],[120.96633,14.67184],[120.96633,14.67175]]],[[[120.96494,14.67128],[120.96467,14.6711],[120.96494,14.67119],[120.96494,14.67128]]],[[[120.96281,14.67099],[120.9629,14.67127],[120.96272,14.67117],[120.96281,14.67099]]],[[[120.95965,14.67097],[120.95947,14.67087],[120.95975,14.67079],[120.95965,14.67097]]],[[[120.96448,14.67074],[120.9643,14.67055],[120.96448,14.67056],[120.96448,14.67074]]],[[[120.95716,14.66968],[120.95706,14.67058],[120.95762,14.6705],[120.95716,14.66968]]],[[[120.95697,14.67022],[120.9566,14.67013],[120.95637,14.66994],[120.9565,14.67049],[120.95697,14.67022]]],[[[120.95242,14.67054],[120.9526,14.67131],[120.95204,14.67158],[120.9519,14.67103],[120.95242,14.67054]]],[[[120.9592,14.67028],[120.95917,14.66861],[120.95921,14.66861],[120.95985,14.66997],[120.9592,14.67028]]],[[[120.96254,14.67018],[120.96245,14.67],[120.96254,14.67],[120.96254,14.67018]]],[[[120.96431,14.66992],[120.96412,14.66983],[120.96431,14.66983],[120.96431,14.66992]]],[[[120.95977,14.66866],[120.96015,14.66758],[120.96089,14.66736],[120.96032,14.66889],[120.95977,14.66866]]],[[[120.95236,14.66702],[120.95221,14.66751],[120.95208,14.66701],[120.95236,14.66702]]],[[[120.95885,14.6678],[120.95889,14.66784],[120.95885,14.66784],[120.95885,14.6678]]],[[[120.95783,14.66797],[120.9582,14.66811],[120.95782,14.6681],[120.95783,14.66797]]],[[[120.95921,14.66834],[120.9594,14.66852],[120.95921,14.66843],[120.95921,14.66834]]],[[[120.95244,14.6686],[120.95271,14.66937],[120.95192,14.66954],[120.95193,14.66859],[120.95244,14.6686]]],[[[120.95669,14.66976],[120.95637,14.66931],[120.95661,14.66931],[120.95669,14.66976]]],[[[120.95224,14.66991],[120.95233,14.67027],[120.95219,14.67027],[120.95224,14.66991]]],[[[120.95287,14.67226],[120.95277,14.67244],[120.95286,14.67244],[120.95287,14.67226]]],[[[120.95277,14.67226],[120.95268,14.6719],[120.95217,14.67185],[120.95217,14.67198],[120.95277,14.67226]]],[[[120.95189,14.67243],[120.95203,14.67252],[120.95189,14.67252],[120.95189,14.67243]]],[[[120.95314,14.67299],[120.95295,14.67308],[120.95314,14.67321],[120.95314,14.67299]]],[[[120.95286,14.6728],[120.95296,14.67253],[120.95286,14.67253],[120.95286,14.6728]]],[[[120.96973,14.67498],[120.97001,14.67512],[120.96973,14.67512],[120.96973,14.67498]]],[[[120.96973,14.67521],[120.96992,14.6753],[120.96973,14.6753],[120.96973,14.67521]]],[[[120.96361,14.67498],[120.96389,14.67516],[120.9637,14.67516],[120.96361,14.67498]]],[[[120.96407,14.67561],[120.96411,14.67579],[120.96407,14.67579],[120.96407,14.67561]]],[[[120.96351,14.67597],[120.96322,14.67633],[120.96332,14.67597],[120.96351,14.67597]]],[[[120.95896,14.6753],[120.95924,14.67539],[120.95887,14.67543],[120.95896,14.6753]]],[[[120.95776,14.67538],[120.95794,14.67542],[120.95776,14.67542],[120.95776,14.67538]]],[[[120.95868,14.67543],[120.95813,14.67538],[120.95868,14.67538],[120.95868,14.67543]]],[[[120.95743,14.67555],[120.95766,14.67565],[120.95743,14.67564],[120.95743,14.67555]]],[[[120.96081,14.67685],[120.9609,14.67703],[120.9608,14.67703],[120.96081,14.67685]]],[[[120.95997,14.6772],[120.96006,14.67729],[120.95997,14.67729],[120.95997,14.6772]]],[[[120.95657,14.67781],[120.95681,14.67785],[120.95657,14.67785],[120.95657,14.67781]]],[[[120.95685,14.67812],[120.9569,14.67808],[120.95699,14.67813],[120.95685,14.67812]]],[[[120.9574,14.6784],[120.95717,14.67808],[120.95741,14.6779],[120.9574,14.6784]]],[[[120.95643,14.67866],[120.95652,14.6788],[120.95643,14.6788],[120.95643,14.67866]]],[[[120.96085,14.68245],[120.96122,14.68255],[120.96121,14.68291],[120.96084,14.6829],[120.96085,14.68245]]],[[[120.96029,14.68254],[120.96019,14.68272],[120.9601,14.68254],[120.96029,14.68254]]],[[[120.96205,14.68291],[120.96251,14.68301],[120.96241,14.68391],[120.96195,14.68382],[120.96205,14.68291]]],[[[120.95852,14.68306],[120.95861,14.68325],[120.95852,14.68325],[120.95852,14.68306]]],[[[120.95917,14.68325],[120.95898,14.68307],[120.95917,14.68307],[120.95917,14.68325]]],[[[120.96065,14.68326],[120.96056,14.68353],[120.96047,14.68326],[120.96065,14.68326]]],[[[120.95991,14.68344],[120.95972,14.68357],[120.95972,14.68344],[120.95991,14.68344]]],[[[120.96224,14.68228],[120.96187,14.68192],[120.96224,14.68192],[120.96224,14.68228]]],[[[120.96317,14.68202],[120.96308,14.68184],[120.96317,14.68184],[120.96317,14.68202]]],[[[120.95956,14.68136],[120.95975,14.68109],[120.96016,14.68127],[120.96011,14.68154],[120.95956,14.68136]]],[[[120.96235,14.68021],[120.96199,14.67984],[120.96226,14.67984],[120.96235,14.68021]]],[[[120.94821,14.68397],[120.94839,14.68401],[120.94821,14.68401],[120.94821,14.68397]]],[[[120.94844,14.68406],[120.94848,14.68433],[120.94844,14.68433],[120.94844,14.68406]]],[[[120.94857,14.68451],[120.94867,14.68456],[120.94857,14.68456],[120.94857,14.68451]]],[[[120.95089,14.6848],[120.95108,14.68508],[120.95098,14.68508],[120.95089,14.6848]]],[[[120.94355,14.68591],[120.9442,14.6861],[120.94327,14.68645],[120.94355,14.68591]]],[[[120.94456,14.68647],[120.94466,14.68629],[120.94475,14.68647],[120.94456,14.68647]]],[[[120.94419,14.68655],[120.94428,14.68673],[120.94419,14.68673],[120.94419,14.68655]]],[[[120.94428,14.68682],[120.94451,14.68696],[120.94428,14.68691],[120.94428,14.68682]]],[[[120.9643,14.66034],[120.9644,14.65998],[120.96458,14.66035],[120.9643,14.66034]]],[[[120.96496,14.6589],[120.96181,14.65842],[120.96256,14.65735],[120.96423,14.6579],[120.96423,14.65835],[120.96442,14.65799],[120.96599,14.65819],[120.96599,14.65855],[120.9646,14.65854],[120.96496,14.6589]]],[[[120.96238,14.65707],[120.9622,14.6568],[120.96248,14.6568],[120.96238,14.65707]]],[[[120.96647,14.65702],[120.9661,14.65647],[120.96666,14.65612],[120.96684,14.65666],[120.96647,14.65702]]],[[[120.96702,14.65684],[120.96693,14.65666],[120.96703,14.65666],[120.96702,14.65684]]],[[[120.96546,14.65584],[120.96517,14.65619],[120.96508,14.65601],[120.96546,14.65584]]],[[[120.96072,14.65634],[120.96099,14.65652],[120.96099,14.65679],[120.96067,14.65674],[120.96072,14.65634]]],[[[120.96313,14.65645],[120.96276,14.65662],[120.96276,14.65635],[120.96313,14.65645]]],[[[120.96248,14.65644],[120.96239,14.65671],[120.96229,14.65653],[120.96248,14.65644]]],[[[120.96416,14.65573],[120.96407,14.65546],[120.96425,14.65546],[120.96416,14.65573]]],[[[120.95683,14.65531],[120.95678,14.65513],[120.95683,14.65513],[120.95683,14.65531]]],[[[120.95563,14.65466],[120.9554,14.65439],[120.95563,14.65439],[120.95563,14.65466]]],[[[120.96511,14.65357],[120.96501,14.65353],[120.96511,14.65353],[120.96511,14.65357]]],[[[120.9679,14.65306],[120.9678,14.65287],[120.9679,14.65287],[120.9679,14.65306]]],[[[120.9653,14.65231],[120.96474,14.65303],[120.96484,14.6524],[120.9653,14.65231]]],[[[120.96808,14.65279],[120.9679,14.65215],[120.9666,14.65214],[120.96717,14.65097],[120.96819,14.65107],[120.96773,14.65125],[120.96828,14.6517],[120.96846,14.65261],[120.96808,14.65279]]],[[[120.96873,14.65261],[120.96864,14.65243],[120.96883,14.65243],[120.96873,14.65261]]],[[[120.96874,14.65207],[120.96865,14.65198],[120.96874,14.65198],[120.96874,14.65207]]],[[[120.96874,14.65162],[120.96902,14.65135],[120.9693,14.65135],[120.9693,14.65162],[120.96874,14.65162]]],[[[120.94815,14.65062],[120.94787,14.65089],[120.94815,14.65044],[120.94815,14.65062]]],[[[120.96634,14.65051],[120.96718,14.65007],[120.96691,14.64943],[120.96729,14.64871],[120.96755,14.65016],[120.96708,14.65079],[120.96634,14.65051]]],[[[120.96357,14.64868],[120.96301,14.64904],[120.96265,14.64831],[120.9633,14.64786],[120.96357,14.64868]]],[[[120.95662,14.6483],[120.95689,14.64871],[120.9568,14.64889],[120.95642,14.64889],[120.95662,14.6483]]],[[[120.96301,14.64931],[120.9631,14.64949],[120.96301,14.64949],[120.96301,14.64931]]],[[[120.94881,14.64932],[120.94876,14.64954],[120.94876,14.64932],[120.94881,14.64932]]],[[[120.96605,14.65177],[120.96577,14.65222],[120.9654,14.65222],[120.96559,14.65177],[120.96605,14.65177]]],[[[120.96669,14.65241],[120.96679,14.6525],[120.96669,14.6525],[120.96669,14.65241]]],[[[120.95166,14.65246],[120.95124,14.65259],[120.95124,14.65246],[120.95166,14.65246]]],[[[120.95263,14.65265],[120.95268,14.65283],[120.95263,14.65283],[120.95263,14.65265]]],[[[120.96832,14.64759],[120.96851,14.64719],[120.96859,14.64773],[120.96832,14.64759]]],[[[120.96352,14.64488],[120.96296,14.64452],[120.96352,14.64461],[120.96352,14.64488]]],[[[120.96213,14.6446],[120.96194,14.64469],[120.96212,14.64469],[120.96213,14.6446]]],[[[120.96185,14.64451],[120.96194,14.64442],[120.96185,14.64442],[120.96185,14.64451]]],[[[120.96222,14.64469],[120.96212,14.64478],[120.96222,14.64478],[120.96222,14.64469]]],[[[120.96102,14.64405],[120.96121,14.64342],[120.96166,14.64433],[120.96102,14.64405]]],[[[120.96446,14.64327],[120.96456,14.64263],[120.96474,14.64264],[120.96492,14.64336],[120.96446,14.64327]]],[[[120.96056,14.64296],[120.96019,14.64323],[120.95982,14.64259],[120.9601,14.6425],[120.96056,14.64296]]],[[[120.97263,14.64279],[120.97291,14.64262],[120.97281,14.64298],[120.97263,14.64279]]],[[[120.97161,14.6427],[120.9717,14.64279],[120.97161,14.64279],[120.97161,14.6427]]],[[[120.97328,14.64271],[120.9731,14.64262],[120.97328,14.64262],[120.97328,14.64271]]],[[[120.9656,14.6402],[120.9654,14.6421],[120.96605,14.64174],[120.9666,14.64238],[120.96716,14.64211],[120.96737,14.63986],[120.96784,14.63923],[120.96616,14.63958],[120.96625,14.64003],[120.9656,14.6402]]],[[[120.96531,14.64156],[120.9654,14.64138],[120.96522,14.64137],[120.96531,14.64156]]],[[[120.96784,14.63914],[120.96793,14.63923],[120.96793,14.63914],[120.96784,14.63914]]],[[[120.95919,14.64141],[120.95918,14.64186],[120.959,14.64141],[120.95919,14.64141]]],[[[120.96364,14.64172],[120.96346,14.64127],[120.96373,14.64127],[120.96364,14.64172]]],[[[120.95807,14.64149],[120.95825,14.64168],[120.95807,14.64167],[120.95807,14.64149]]],[[[120.95862,14.64195],[120.95881,14.64204],[120.95862,14.64204],[120.95862,14.64195]]],[[[120.97422,14.6419],[120.97394,14.64172],[120.97431,14.64173],[120.97422,14.6419]]],[[[120.97349,14.64009],[120.9734,14.63973],[120.97349,14.63973],[120.97349,14.64009]]],[[[120.9696,14.6397],[120.96941,14.63997],[120.96922,14.63978],[120.9696,14.6397]]],[[[120.96802,14.6395],[120.96811,14.63959],[120.96811,14.6395],[120.96802,14.6395]]],[[[120.96792,14.63986],[120.96783,14.63959],[120.96783,14.63986],[120.96792,14.63986]]],[[[120.97275,14.63963],[120.97266,14.63954],[120.97275,14.63954],[120.97275,14.63963]]],[[[120.97377,14.63946],[120.97322,14.63937],[120.97369,14.63892],[120.97377,14.63946]]],[[[120.9748,14.6392],[120.97471,14.63911],[120.9748,14.63911],[120.9748,14.6392]]],[[[120.96608,14.63876],[120.96673,14.63895],[120.96608,14.63894],[120.96608,14.63876]]],[[[120.95911,14.63978],[120.95929,14.63988],[120.95911,14.63988],[120.95911,14.63978]]],[[[120.9578,14.64013],[120.95771,14.64059],[120.95799,14.6405],[120.9578,14.64013]]],[[[120.95743,14.64013],[120.95753,14.63995],[120.95744,14.63995],[120.95743,14.64013]]],[[[120.9616,14.64098],[120.96216,14.64062],[120.96206,14.64117],[120.9616,14.64098]]],[[[120.95975,14.64097],[120.95984,14.64106],[120.95975,14.64106],[120.95975,14.64097]]],[[[120.96088,14.63863],[120.96089,14.63817],[120.96107,14.63809],[120.96126,14.63836],[120.96088,14.63863]]],[[[120.97471,14.63866],[120.97453,14.63847],[120.97471,14.63848],[120.97471,14.63866]]],[[[120.97286,14.63846],[120.97295,14.63864],[120.97285,14.63864],[120.97286,14.63846]]],[[[120.97035,14.63817],[120.96924,14.6377],[120.96881,14.63472],[120.97048,14.63455],[120.97188,14.6333],[120.97272,14.63313],[120.97372,14.63503],[120.97251,14.6352],[120.97231,14.63719],[120.97073,14.63763],[120.97035,14.63817]]],[[[120.97296,14.63738],[120.97268,14.63746],[120.97259,14.63719],[120.97296,14.63738]]],[[[120.97473,14.63694],[120.97491,14.63667],[120.97491,14.63694],[120.97473,14.63694]]],[[[120.97419,14.63468],[120.9741,14.63458],[120.97419,14.63459],[120.97419,14.63468]]],[[[120.97382,14.63431],[120.9741,14.63395],[120.97447,14.63405],[120.97428,14.6345],[120.97382,14.63431]]],[[[120.97364,14.63386],[120.97345,14.63404],[120.97345,14.63386],[120.97364,14.63386]]],[[[120.97466,14.63378],[120.97457,14.63368],[120.97466,14.63369],[120.97466,14.63378]]],[[[120.9742,14.63368],[120.97429,14.63377],[120.9742,14.63377],[120.9742,14.63368]]],[[[120.97374,14.63314],[120.97356,14.63286],[120.97383,14.63296],[120.97374,14.63314]]],[[[120.96815,14.63535],[120.96768,14.63588],[120.96722,14.63561],[120.9675,14.63507],[120.96815,14.63535]]],[[[120.96184,14.63574],[120.96183,14.63628],[120.96146,14.63619],[120.96184,14.63574]]],[[[120.95868,14.63617],[120.95904,14.63662],[120.95858,14.63644],[120.95868,14.63617]]],[[[120.96062,14.63673],[120.96099,14.63655],[120.96108,14.63673],[120.96062,14.63673]]],[[[120.95923,14.63689],[120.9596,14.63717],[120.95932,14.63717],[120.95923,14.63689]]],[[[120.95764,14.63742],[120.95746,14.6376],[120.95746,14.63733],[120.95764,14.63742]]],[[[120.95903,14.6378],[120.95912,14.63798],[120.95903,14.63798],[120.95903,14.6378]]],[[[120.95869,14.63472],[120.9586,14.63463],[120.95869,14.63463],[120.95869,14.63472]]],[[[120.96328,14.63069],[120.96318,14.63078],[120.96327,14.63078],[120.96328,14.63069]]],[[[120.96281,14.63069],[120.96309,14.63051],[120.96272,14.63051],[120.96281,14.63069]]],[[[120.96294,14.62717],[120.96315,14.62437],[120.96472,14.62483],[120.96464,14.62366],[120.96594,14.62394],[120.96444,14.62537],[120.96377,14.62681],[120.96294,14.62717]]],[[[120.96619,14.62665],[120.9661,14.62656],[120.96619,14.62656],[120.96619,14.62665]]],[[[120.96517,14.62601],[120.9648,14.62583],[120.96508,14.62565],[120.96517,14.62601]]],[[[120.97297,14.62581],[120.97279,14.62536],[120.97298,14.62536],[120.97297,14.62581]]],[[[120.96946,14.62415],[120.96937,14.62352],[120.97012,14.62325],[120.97086,14.6238],[120.96946,14.62415]]],[[[120.97151,14.62354],[120.97142,14.6229],[120.9716,14.62354],[120.97151,14.62354]]],[[[120.95768,14.62342],[120.95768,14.62405],[120.9573,14.62405],[120.95722,14.6235],[120.95768,14.62342]]],[[[120.96,14.62371],[120.95991,14.62362],[120.96,14.62362],[120.96,14.62371]]],[[[120.95554,14.6243],[120.95544,14.62511],[120.9547,14.62502],[120.95452,14.62447],[120.95554,14.6243]]],[[[120.95433,14.62474],[120.95442,14.62492],[120.95433,14.62492],[120.95433,14.62474]]],[[[120.95776,14.62522],[120.95606,14.62774],[120.9543,14.62772],[120.95394,14.62655],[120.9546,14.62538],[120.95776,14.62522]]],[[[120.95964,14.6228],[120.95769,14.62242],[120.95965,14.62163],[120.95964,14.6228]]],[[[120.96799,14.62233],[120.96764,14.62079],[120.96922,14.62035],[120.96846,14.6217],[120.96873,14.62234],[120.96799,14.62233]]],[[[120.97003,14.62244],[120.96976,14.6219],[120.96986,14.62163],[120.97031,14.62226],[120.97003,14.62244]]],[[[120.97124,14.62236],[120.97106,14.62218],[120.97124,14.62218],[120.97124,14.62236]]],[[[120.97393,14.62229],[120.97384,14.6222],[120.97393,14.6222],[120.97393,14.62229]]],[[[120.97189,14.62209],[120.97152,14.62173],[120.97208,14.62173],[120.97189,14.62209]]],[[[120.97208,14.62155],[120.97181,14.62092],[120.97227,14.62092],[120.97208,14.62155]]],[[[120.96513,14.62032],[120.96411,14.6204],[120.96384,14.62013],[120.96365,14.62031],[120.96319,14.61985],[120.96263,14.62021],[120.96152,14.61993],[120.96123,14.62047],[120.95984,14.62063],[120.95965,14.62154],[120.95947,14.6209],[120.95882,14.62081],[120.95956,14.62054],[120.95967,14.6191],[120.95994,14.62],[120.9631,14.61922],[120.96513,14.62032]]],[[[120.96998,14.61846],[120.97007,14.61855],[120.97007,14.61846],[120.96998,14.61846]]],[[[120.96998,14.61855],[120.96951,14.61873],[120.96951,14.61918],[120.96979,14.619],[120.96998,14.61855]]],[[[120.97007,14.61837],[120.97016,14.61846],[120.97016,14.61837],[120.97007,14.61837]]],[[[120.97016,14.61828],[120.97035,14.61838],[120.97035,14.61829],[120.97016,14.61828]]],[[[120.97044,14.61811],[120.97054,14.61829],[120.97063,14.61811],[120.97044,14.61811]]],[[[120.95708,14.61862],[120.95716,14.61953],[120.95697,14.61961],[120.95652,14.61898],[120.95708,14.61862]]],[[[120.95995,14.61892],[120.95986,14.61865],[120.95995,14.61865],[120.95995,14.61892]]],[[[120.97396,14.61886],[120.97378,14.61868],[120.97397,14.61868],[120.97396,14.61886]]],[[[120.95754,14.61817],[120.95773,14.61836],[120.95754,14.61835],[120.95754,14.61817]]],[[[120.95677,14.62133],[120.95686,14.62142],[120.95677,14.62142],[120.95677,14.62133]]],[[[120.96624,14.62078],[120.96708,14.62061],[120.96736,14.62097],[120.9668,14.62106],[120.96624,14.62078]]],[[[120.95668,14.6216],[120.95677,14.62187],[120.95667,14.62187],[120.95668,14.6216]]],[[[120.95788,14.62197],[120.95779,14.62179],[120.95788,14.62179],[120.95788,14.62197]]],[[[120.95773,14.61799],[120.95755,14.6179],[120.95773,14.6179],[120.95773,14.61799]]],[[[120.97054,14.61765],[120.97045,14.61756],[120.97054,14.61756],[120.97054,14.61765]]],[[[120.97147,14.61757],[120.97138,14.61739],[120.97147,14.61739],[120.97147,14.61757]]],[[[120.96025,14.61648],[120.95996,14.61765],[120.96026,14.61549],[120.96025,14.61648]]],[[[120.97482,14.61706],[120.97463,14.61688],[120.97482,14.61697],[120.97482,14.61706]]],[[[120.95765,14.61727],[120.95755,14.61754],[120.95746,14.61736],[120.95765,14.61727]]],[[[120.97502,14.61525],[120.97493,14.61516],[120.97502,14.61516],[120.97502,14.61525]]],[[[120.96026,14.61504],[120.96017,14.61494],[120.96027,14.61494],[120.96026,14.61504]]],[[[120.97446,14.61498],[120.97419,14.61452],[120.97475,14.6139],[120.97502,14.61489],[120.97446,14.61498]]],[[[120.96037,14.61395],[120.9603,14.61079],[120.96106,14.60971],[120.96161,14.60962],[120.96206,14.61135],[120.96094,14.6117],[120.96121,14.61269],[120.96056,14.61287],[120.96037,14.61395]]],[[[120.97401,14.61389],[120.97392,14.6138],[120.97401,14.6138],[120.97401,14.61389]]],[[[120.97383,14.61371],[120.97346,14.61271],[120.97356,14.61244],[120.9742,14.61308],[120.97448,14.61281],[120.97383,14.61371]]],[[[120.97577,14.61363],[120.9755,14.61354],[120.97578,14.61354],[120.97577,14.61363]]],[[[120.97531,14.61354],[120.9754,14.61363],[120.97531,14.61363],[120.97531,14.61354]]],[[[120.97457,14.61344],[120.97485,14.61363],[120.97457,14.61362],[120.97457,14.61344]]],[[[120.97633,14.61346],[120.97597,14.61291],[120.97615,14.61291],[120.97633,14.61346]]],[[[120.97588,14.61282],[120.97569,14.61273],[120.97588,14.61273],[120.97588,14.61282]]],[[[120.97616,14.61219],[120.9757,14.61219],[120.9757,14.61192],[120.97616,14.61219]]],[[[120.97514,14.61191],[120.97486,14.61227],[120.97477,14.61173],[120.97514,14.61191]]],[[[120.97431,14.61172],[120.97384,14.61235],[120.97338,14.61153],[120.97282,14.61171],[120.97264,14.61135],[120.97229,14.60945],[120.97276,14.60891],[120.97202,14.60854],[120.97194,14.60673],[120.9725,14.60656],[120.97249,14.60701],[120.97333,14.60711],[120.97322,14.60846],[120.97378,14.60874],[120.97431,14.61172]]],[[[120.97766,14.61004],[120.97785,14.60968],[120.97859,14.60986],[120.97841,14.61004],[120.97766,14.61004]]],[[[120.97795,14.60941],[120.97804,14.60905],[120.97823,14.60932],[120.97795,14.60941]]],[[[120.97535,14.60902],[120.97545,14.60911],[120.97535,14.60911],[120.97535,14.60902]]],[[[120.97443,14.60856],[120.97452,14.60838],[120.97461,14.60856],[120.97443,14.60856]]],[[[120.97731,14.60823],[120.97713,14.60804],[120.97731,14.60804],[120.97731,14.60823]]],[[[120.98038,14.6078],[120.97991,14.60753],[120.98038,14.60753],[120.98038,14.6078]]],[[[120.97584,14.60704],[120.97658,14.60632],[120.97695,14.6066],[120.97695,14.60705],[120.97584,14.60704]]],[[[120.97955,14.60671],[120.97909,14.60652],[120.97955,14.60653],[120.97955,14.60671]]],[[[120.96211,14.60574],[120.96127,14.60673],[120.96129,14.60492],[120.96211,14.60574]]],[[[120.97891,14.60607],[120.97881,14.60598],[120.97891,14.60598],[120.97891,14.60607]]],[[[120.97585,14.60586],[120.97585,14.60532],[120.97613,14.60541],[120.97585,14.60586]]],[[[120.97863,14.60562],[120.97845,14.60552],[120.97863,14.60553],[120.97863,14.60562]]],[[[120.9623,14.6052],[120.96221,14.60511],[120.9623,14.60511],[120.9623,14.6052]]],[[[120.97873,14.6048],[120.97808,14.60489],[120.97799,14.60462],[120.97873,14.6048]]],[[[120.9805,14.60446],[120.98013,14.60418],[120.9805,14.60419],[120.9805,14.60446]]],[[[120.96175,14.60475],[120.96193,14.60493],[120.96175,14.60493],[120.96175,14.60475]]],[[[120.97697,14.60497],[120.97688,14.60488],[120.97697,14.60488],[120.97697,14.60497]]],[[[120.96126,14.60718],[120.96136,14.60727],[120.96126,14.60727],[120.96126,14.60718]]],[[[120.96199,14.609],[120.96217,14.60918],[120.96199,14.60918],[120.96199,14.609]]],[[[120.97173,14.60944],[120.97164,14.60917],[120.97183,14.60917],[120.97173,14.60944]]],[[[120.97136,14.60926],[120.97127,14.60944],[120.97118,14.60926],[120.97136,14.60926]]],[[[120.96272,14.61072],[120.96253,14.61081],[120.96272,14.61081],[120.96272,14.61072]]],[[[120.96197,14.61089],[120.96253,14.61036],[120.96207,14.61017],[120.96197,14.61089]]],[[[120.96309,14.61045],[120.96411,14.61028],[120.96382,14.61136],[120.96419,14.61164],[120.96418,14.61335],[120.96325,14.61298],[120.96309,14.61045]]],[[[120.96234,14.61117],[120.96262,14.61144],[120.96234,14.61144],[120.96234,14.61117]]],[[[120.96299,14.61126],[120.9629,14.61117],[120.96299,14.61117],[120.96299,14.61126]]],[[[120.96178,14.6117],[120.96206,14.61198],[120.96168,14.61198],[120.96178,14.6117]]],[[[120.96131,14.61197],[120.9615,14.61215],[120.96131,14.61215],[120.96131,14.61197]]],[[[120.96252,14.61225],[120.96243,14.61207],[120.96261,14.61207],[120.96252,14.61225]]],[[[120.96243,14.61198],[120.96234,14.61171],[120.96252,14.6118],[120.96243,14.61198]]],[[[120.96167,14.61306],[120.96177,14.61324],[120.96167,14.61324],[120.96167,14.61306]]],[[[120.96223,14.61324],[120.96232,14.61343],[120.96223,14.61343],[120.96223,14.61324]]],[[[120.97337,14.61316],[120.97309,14.61298],[120.97337,14.61298],[120.97337,14.61316]]],[[[120.97318,14.6128],[120.97309,14.61271],[120.97318,14.61271],[120.97318,14.6128]]],[[[120.97309,14.61253],[120.973,14.61244],[120.97309,14.61244],[120.97309,14.61253]]],[[[120.97623,14.60415],[120.97614,14.60406],[120.97623,14.60406],[120.97623,14.60415]]],[[[120.97948,14.604],[120.97958,14.60327],[120.97985,14.60391],[120.97948,14.604]]],[[[120.98023,14.60373],[120.98004,14.60355],[120.98023,14.60355],[120.98023,14.60373]]],[[[120.98106,14.60356],[120.98098,14.60293],[120.98154,14.60257],[120.98153,14.6032],[120.98106,14.60356]]],[[[120.97996,14.60237],[120.98024,14.60274],[120.97977,14.60273],[120.97996,14.60237]]],[[[120.9808,14.60238],[120.98127,14.60175],[120.98173,14.60212],[120.98135,14.60248],[120.9808,14.60238]]],[[[120.98043,14.60175],[120.9795,14.60219],[120.97895,14.60146],[120.9796,14.60138],[120.98043,14.60175]]],[[[120.98025,14.60138],[120.97997,14.60111],[120.98025,14.6012],[120.98025,14.60138]]],[[[120.96346,14.60033],[120.96178,14.60195],[120.96148,14.60357],[120.96113,14.60167],[120.96179,14.60104],[120.9616,14.60059],[120.96189,14.60023],[120.96346,14.60033]]],[[[120.97979,14.60084],[120.97933,14.60047],[120.97961,14.60038],[120.97979,14.60084]]],[[[120.97033,14.60012],[120.97051,14.60049],[120.97033,14.60048],[120.97033,14.60012]]],[[[120.96625,14.6],[120.96653,14.60018],[120.96625,14.60018],[120.96625,14.6]]],[[[120.98054,14.59985],[120.98017,14.59994],[120.98017,14.59976],[120.98054,14.59985]]],[[[120.97117,14.59977],[120.97062,14.59922],[120.96978,14.59948],[120.96988,14.59903],[120.97053,14.59895],[120.96961,14.59831],[120.97109,14.59823],[120.97081,14.59895],[120.97127,14.59905],[120.97117,14.59977]]],[[[120.97943,14.59966],[120.97906,14.59929],[120.97943,14.59948],[120.97943,14.59966]]],[[[120.98017,14.59958],[120.98008,14.59939],[120.98017,14.59939],[120.98017,14.59958]]],[[[120.98064,14.59931],[120.98045,14.59913],[120.98064,14.59913],[120.98064,14.59931]]],[[[120.98008,14.59912],[120.9799,14.59885],[120.98009,14.59885],[120.98008,14.59912]]],[[[120.98074,14.59886],[120.98064,14.59877],[120.98074,14.59877],[120.98074,14.59886]]],[[[120.9812,14.59877],[120.98111,14.59868],[120.9812,14.59868],[120.9812,14.59877]]],[[[120.97267,14.59852],[120.97257,14.5987],[120.97248,14.59851],[120.97267,14.59852]]],[[[120.97805,14.59829],[120.97777,14.59838],[120.97786,14.5982],[120.97805,14.59829]]],[[[120.98037,14.5984],[120.98028,14.59804],[120.98074,14.59804],[120.98037,14.5984]]],[[[120.98186,14.59814],[120.98158,14.59787],[120.98186,14.59787],[120.98186,14.59814]]],[[[120.96933,14.59767],[120.96961,14.59804],[120.96914,14.59803],[120.96933,14.59767]]],[[[120.98195,14.59742],[120.98167,14.59769],[120.98168,14.59733],[120.98195,14.59742]]],[[[120.97342,14.59708],[120.97333,14.59735],[120.97324,14.59708],[120.97342,14.59708]]],[[[120.98214,14.59715],[120.98205,14.59706],[120.98214,14.59706],[120.98214,14.59715]]],[[[120.97166,14.59679],[120.97119,14.59778],[120.97055,14.59696],[120.97129,14.59724],[120.97166,14.59679]]],[[[120.98558,14.59727],[120.98493,14.59627],[120.98429,14.59582],[120.98549,14.59601],[120.98558,14.59727]]],[[[120.9725,14.59671],[120.97259,14.5968],[120.9725,14.5968],[120.9725,14.59671]]],[[[120.98409,14.59681],[120.98428,14.59699],[120.98409,14.5969],[120.98409,14.59681]]],[[[120.98446,14.59699],[120.98456,14.59681],[120.98465,14.59699],[120.98446,14.59699]]],[[[120.96674,14.59711],[120.96664,14.59774],[120.96599,14.59773],[120.96637,14.59702],[120.96674,14.59711]]],[[[120.9698,14.59768],[120.96952,14.59731],[120.96962,14.59713],[120.96999,14.59732],[120.9698,14.59768]]],[[[120.98028,14.59768],[120.98019,14.59759],[120.98028,14.59759],[120.98028,14.59768]]],[[[120.9723,14.59806],[120.97221,14.59797],[120.9723,14.59797],[120.9723,14.59806]]],[[[120.96339,14.59834],[120.96348,14.59844],[120.96339,14.59844],[120.96339,14.59834]]],[[[120.96895,14.59848],[120.96886,14.59839],[120.96895,14.59839],[120.96895,14.59848]]],[[[120.96292,14.59861],[120.96347,14.59898],[120.96283,14.59888],[120.96292,14.59861]]],[[[120.9696,14.59903],[120.96951,14.59885],[120.9696,14.59885],[120.9696,14.59903]]],[[[120.9554,14.59909],[120.95568,14.59927],[120.95531,14.59927],[120.9554,14.59909]]],[[[120.95994,14.59976],[120.96041,14.59922],[120.96059,14.59968],[120.95994,14.59976]]],[[[120.96282,14.5997],[120.96319,14.59916],[120.96394,14.59934],[120.96309,14.60006],[120.96282,14.5997]]],[[[120.9695,14.59948],[120.96932,14.5993],[120.9695,14.5993],[120.9695,14.59948]]],[[[120.97088,14.60049],[120.9707,14.6004],[120.97089,14.6004],[120.97088,14.60049]]],[[[120.97355,14.60358],[120.97383,14.60332],[120.97401,14.60341],[120.97401,14.60368],[120.97355,14.60358]]],[[[120.97763,14.60362],[120.97791,14.60335],[120.97791,14.60362],[120.97763,14.60362]]],[[[120.98033,14.60292],[120.98024,14.60283],[120.98033,14.60283],[120.98033,14.60292]]],[[[120.97755,14.60244],[120.97755,14.60172],[120.97792,14.60191],[120.97755,14.60244]]],[[[120.97394,14.60133],[120.97393,14.60223],[120.97357,14.60142],[120.97394,14.60133]]],[[[120.97784,14.60136],[120.97737,14.60118],[120.97784,14.60127],[120.97784,14.60136]]],[[[120.96327,14.60151],[120.96336,14.6016],[120.96326,14.6016],[120.96327,14.60151]]],[[[120.96206,14.60168],[120.96224,14.60186],[120.96206,14.60186],[120.96206,14.60168]]],[[[120.95492,14.60134],[120.95501,14.60143],[120.95491,14.60143],[120.95492,14.60134]]],[[[120.95444,14.60251],[120.95491,14.60207],[120.9551,14.60153],[120.95473,14.6017],[120.95444,14.60251]]],[[[120.95444,14.6026],[120.95435,14.60251],[120.95435,14.6026],[120.95444,14.6026]]],[[[120.95397,14.60305],[120.95406,14.60314],[120.95397,14.60314],[120.95397,14.60305]]],[[[120.9536,14.6035],[120.95378,14.60359],[120.95378,14.60341],[120.9536,14.6035]]],[[[120.95359,14.60377],[120.9535,14.60368],[120.9535,14.60377],[120.95359,14.60377]]],[[[120.95378,14.60332],[120.95388,14.60341],[120.95388,14.60332],[120.95378,14.60332]]],[[[120.97975,14.59514],[120.97956,14.59568],[120.97872,14.5955],[120.97854,14.59495],[120.97919,14.59487],[120.97864,14.5945],[120.97761,14.59531],[120.97781,14.5944],[120.97716,14.59413],[120.97726,14.59368],[120.97587,14.5933],[120.97549,14.59375],[120.97513,14.59284],[120.97345,14.59391],[120.97122,14.59435],[120.97021,14.59325],[120.96947,14.59334],[120.96975,14.59253],[120.96882,14.59243],[120.96855,14.5917],[120.96947,14.59234],[120.96957,14.59162],[120.97041,14.59172],[120.96995,14.59099],[120.97088,14.59046],[120.97061,14.58964],[120.97145,14.58947],[120.97127,14.58883],[120.97193,14.58776],[120.97305,14.58731],[120.97268,14.58659],[120.97389,14.58606],[120.97446,14.58525],[120.97342,14.58723],[120.97359,14.58831],[120.97519,14.58616],[120.97492,14.5857],[120.97585,14.58526],[120.97788,14.58636],[120.97845,14.58546],[120.97881,14.58601],[120.97825,14.58655],[120.97908,14.58664],[120.97889,14.58755],[120.97963,14.58809],[120.97971,14.58909],[120.98036,14.58937],[120.98064,14.58892],[120.98054,14.58982],[120.97989,14.58981],[120.98035,14.59063],[120.97979,14.5909],[120.9797,14.59026],[120.97904,14.59125],[120.97979,14.59099],[120.97902,14.59324],[120.97996,14.59243],[120.97976,14.59442],[120.9805,14.5947],[120.9803,14.59524],[120.98096,14.59461],[120.98179,14.59507],[120.98057,14.59624],[120.98011,14.59614],[120.97975,14.59514]]],[[[120.98217,14.59453],[120.98254,14.59426],[120.98292,14.59345],[120.98246,14.59336],[120.98217,14.59453]]],[[[120.98217,14.59462],[120.98207,14.59453],[120.98207,14.59462],[120.98217,14.59462]]],[[[120.98292,14.59336],[120.98301,14.59345],[120.98301,14.59336],[120.98292,14.59336]]],[[[120.98459,14.59392],[120.98422,14.59356],[120.98478,14.59311],[120.98524,14.59365],[120.98459,14.59392]]],[[[120.9832,14.59309],[120.98236,14.59327],[120.98311,14.593],[120.98265,14.59246],[120.98321,14.59255],[120.98321,14.59183],[120.98395,14.59184],[120.98387,14.59066],[120.98554,14.59086],[120.9832,14.59309]]],[[[120.98832,14.59115],[120.98851,14.59079],[120.98897,14.59098],[120.98897,14.59107],[120.98832,14.59115]]],[[[120.98953,14.59107],[120.98963,14.59062],[120.99028,14.59063],[120.99027,14.59099],[120.98953,14.59107]]],[[[120.98926,14.59026],[120.98907,14.59062],[120.98917,14.59025],[120.98926,14.59026]]],[[[120.98963,14.59044],[120.98991,14.59017],[120.99,14.59044],[120.98963,14.59044]]],[[[120.98676,14.58978],[120.98629,14.59059],[120.98564,14.5904],[120.98629,14.58969],[120.98676,14.58978]]],[[[120.98481,14.58977],[120.98518,14.59022],[120.98471,14.59013],[120.98481,14.58977]]],[[[120.98332,14.59048],[120.98341,14.59057],[120.98332,14.59057],[120.98332,14.59048]]],[[[120.98739,14.59105],[120.9873,14.59114],[120.98739,14.59114],[120.98739,14.59105]]],[[[120.9873,14.59105],[120.9874,14.59051],[120.98665,14.59096],[120.98665,14.59105],[120.9873,14.59105]]],[[[120.98786,14.59106],[120.98777,14.59097],[120.98786,14.59097],[120.98786,14.59106]]],[[[120.98174,14.59064],[120.98183,14.59119],[120.98127,14.59127],[120.98137,14.59082],[120.98174,14.59064]]],[[[120.981,14.59073],[120.98118,14.59109],[120.9809,14.591],[120.981,14.59073]]],[[[120.97978,14.59135],[120.97996,14.5918],[120.97969,14.5918],[120.97978,14.59135]]],[[[120.98275,14.59146],[120.98256,14.59191],[120.98284,14.59201],[120.98275,14.59146]]],[[[120.98228,14.59191],[120.98219,14.59164],[120.9821,14.59182],[120.98228,14.59191]]],[[[120.9808,14.59208],[120.98144,14.59236],[120.98107,14.59253],[120.9808,14.59208]]],[[[120.98294,14.59119],[120.98239,14.59074],[120.98294,14.59074],[120.98294,14.59119]]],[[[120.98313,14.59102],[120.98341,14.59066],[120.9835,14.59102],[120.98313,14.59102]]],[[[120.98079,14.5928],[120.98134,14.59317],[120.98051,14.59316],[120.98079,14.5928]]],[[[120.98162,14.59371],[120.98152,14.59416],[120.98124,14.59434],[120.98124,14.59398],[120.98162,14.59371]]],[[[120.98462,14.58967],[120.98435,14.58949],[120.98463,14.58949],[120.98462,14.58967]]],[[[120.98769,14.58943],[120.98741,14.58916],[120.9876,14.58916],[120.98769,14.58943]]],[[[120.98761,14.58762],[120.98742,14.5887],[120.98815,14.58943],[120.9889,14.58863],[120.99057,14.58891],[120.9903,14.58773],[120.98761,14.58762]]],[[[120.98761,14.58762],[120.98762,14.58699],[120.98687,14.58752],[120.9865,14.58725],[120.9864,14.58824],[120.98761,14.58762]]],[[[120.98343,14.58813],[120.9838,14.58831],[120.98371,14.58795],[120.98343,14.58813]]],[[[120.98343,14.5884],[120.9825,14.58848],[120.9824,14.5892],[120.98425,14.58949],[120.98352,14.58912],[120.98343,14.5884]]],[[[120.98408,14.58849],[120.98454,14.58868],[120.98444,14.58904],[120.98417,14.58904],[120.98408,14.58849]]],[[[120.98612,14.58815],[120.98603,14.58797],[120.98612,14.58797],[120.98612,14.58815]]],[[[120.9812,14.58829],[120.98185,14.58847],[120.98194,14.58929],[120.98101,14.5891],[120.9812,14.58829]]],[[[120.98622,14.58725],[120.98576,14.58751],[120.98622,14.58752],[120.98622,14.58725]]],[[[120.98548,14.58715],[120.98614,14.58661],[120.98577,14.58634],[120.98651,14.58671],[120.98669,14.58644],[120.98577,14.5858],[120.98548,14.58715]]],[[[120.98262,14.58577],[120.98234,14.5855],[120.98271,14.58541],[120.98262,14.58577]]],[[[120.9816,14.58531],[120.98169,14.58549],[120.9816,14.58549],[120.9816,14.58531]]],[[[120.98272,14.5846],[120.9829,14.58505],[120.98235,14.58514],[120.9829,14.58532],[120.98318,14.58478],[120.98272,14.5846]]],[[[120.98244,14.58459],[120.98245,14.58432],[120.98217,14.58432],[120.98244,14.58459]]],[[[120.9769,14.58247],[120.97728,14.58148],[120.97625,14.58237],[120.97689,14.58301],[120.97697,14.58419],[120.97743,14.58437],[120.97753,14.58392],[120.97975,14.58493],[120.9804,14.58449],[120.98004,14.58376],[120.98033,14.58268],[120.97959,14.58231],[120.97959,14.5815],[120.97876,14.58095],[120.9783,14.58103],[120.97754,14.58256],[120.9769,14.58247]]],[[[120.98022,14.58385],[120.98069,14.58386],[120.98069,14.58358],[120.98041,14.58358],[120.98022,14.58385]]],[[[120.97654,14.58048],[120.97495,14.58218],[120.9744,14.58172],[120.97441,14.58064],[120.97599,14.57966],[120.97654,14.58048]]],[[[120.98489,14.58091],[120.9848,14.58073],[120.98489,14.58073],[120.98489,14.58091]]],[[[120.98313,14.58053],[120.98285,14.5808],[120.98285,14.58053],[120.98313,14.58053]]],[[[120.98406,14.58063],[120.98434,14.58045],[120.98433,14.58072],[120.98406,14.58063]]],[[[120.98452,14.58018],[120.98322,14.58026],[120.98332,14.57945],[120.98277,14.57954],[120.98315,14.57882],[120.98379,14.57909],[120.98369,14.57972],[120.98416,14.57964],[120.98407,14.57891],[120.98463,14.5791],[120.98452,14.58018]]],[[[120.98471,14.58037],[120.98462,14.58018],[120.98471,14.58019],[120.98471,14.58037]]],[[[120.98694,14.58011],[120.98657,14.57939],[120.98722,14.57957],[120.98694,14.58011]]],[[[120.98805,14.57976],[120.98769,14.57931],[120.98806,14.57949],[120.98805,14.57976]]],[[[120.98546,14.57929],[120.98555,14.57938],[120.98546,14.57938],[120.98546,14.57929]]],[[[120.98592,14.57956],[120.98601,14.57974],[120.98592,14.57974],[120.98592,14.57956]]],[[[120.98537,14.57929],[120.98509,14.57874],[120.98547,14.57866],[120.98537,14.57929]]],[[[120.98723,14.57813],[120.98769,14.57877],[120.98789,14.57795],[120.98723,14.57813]]],[[[120.98732,14.57876],[120.98723,14.57858],[120.98723,14.57876],[120.98732,14.57876]]],[[[120.98872,14.57832],[120.98835,14.57778],[120.98863,14.57778],[120.98872,14.57832]]],[[[120.98584,14.57857],[120.98649,14.57794],[120.98641,14.57668],[120.98669,14.57713],[120.98734,14.57705],[120.98809,14.57633],[120.988,14.57588],[120.98679,14.5755],[120.98754,14.57551],[120.98791,14.57497],[120.9868,14.57487],[120.98708,14.57433],[120.98624,14.57487],[120.98643,14.57523],[120.98541,14.57495],[120.98558,14.57631],[120.98502,14.57648],[120.98476,14.57467],[120.98393,14.5744],[120.98364,14.57521],[120.98456,14.57612],[120.98372,14.57701],[120.98289,14.57665],[120.98288,14.57719],[120.98307,14.57692],[120.98325,14.5771],[120.98278,14.578],[120.98353,14.57728],[120.98464,14.57738],[120.98473,14.57793],[120.98427,14.5781],[120.98454,14.57892],[120.98528,14.57838],[120.98584,14.57857]]],[[[120.98828,14.57516],[120.98791,14.5756],[120.98837,14.57534],[120.98828,14.57516]]],[[[120.98649,14.57821],[120.98677,14.57803],[120.98686,14.57831],[120.98649,14.57821]]],[[[120.98807,14.57777],[120.98798,14.57768],[120.98807,14.57768],[120.98807,14.57777]]],[[[120.98817,14.5775],[120.98789,14.57705],[120.98836,14.57687],[120.98863,14.57733],[120.98817,14.5775]]],[[[120.98864,14.57679],[120.98846,14.57642],[120.98883,14.57643],[120.98864,14.57679]]],[[[120.98939,14.57571],[120.9892,14.57589],[120.98939,14.57589],[120.98939,14.57571]]],[[[120.98893,14.5757],[120.98911,14.57561],[120.98893,14.57561],[120.98893,14.5757]]],[[[120.98856,14.57507],[120.98829,14.5747],[120.98866,14.57471],[120.98856,14.57507]]],[[[120.98995,14.57481],[120.98968,14.57444],[120.98996,14.57436],[120.98995,14.57481]]],[[[120.98941,14.5739],[120.98866,14.57435],[120.98895,14.57363],[120.98941,14.5739]]],[[[120.99024,14.57382],[120.98997,14.57354],[120.99024,14.57355],[120.99024,14.57382]]],[[[120.98876,14.57353],[120.98839,14.57389],[120.98792,14.57371],[120.9883,14.57317],[120.98876,14.57353]]],[[[120.98913,14.57327],[120.9897,14.57219],[120.99016,14.57246],[120.9896,14.57345],[120.98913,14.57327]]],[[[120.99082,14.57165],[120.99118,14.57274],[120.99146,14.57211],[120.9911,14.57175],[120.99194,14.57094],[120.99148,14.57066],[120.99082,14.57165]]],[[[120.99016,14.57219],[120.9912,14.57093],[120.99092,14.5703],[120.99026,14.57156],[120.98961,14.57137],[120.99055,14.57048],[120.9901,14.56957],[120.98898,14.57001],[120.98869,14.57073],[120.98823,14.57064],[120.9885,14.57127],[120.98989,14.57165],[120.99016,14.57219]]],[[[120.99056,14.56993],[120.99074,14.56966],[120.99056,14.56948],[120.99065,14.5693],[120.99093,14.56994],[120.99056,14.56993]]],[[[120.99029,14.56876],[120.98907,14.56974],[120.98917,14.56893],[120.99029,14.56876]]],[[[120.98834,14.56856],[120.98843,14.56874],[120.98834,14.56874],[120.98834,14.56856]]],[[[120.98556,14.56835],[120.98565,14.56872],[120.98546,14.56863],[120.98556,14.56835]]],[[[120.98964,14.56848],[120.98955,14.56821],[120.98964,14.56821],[120.98964,14.56848]]],[[[120.99011,14.56767],[120.99039,14.56785],[120.99039,14.56758],[120.99011,14.56767]]],[[[120.9902,14.56821],[120.99011,14.56803],[120.99011,14.56821],[120.9902,14.56821]]],[[[120.99021,14.56731],[120.99077,14.56722],[120.9903,14.56704],[120.99021,14.56731]]],[[[120.98788,14.56792],[120.98751,14.5681],[120.98789,14.56765],[120.98788,14.56792]]],[[[120.99002,14.56785],[120.98974,14.56749],[120.99002,14.56749],[120.99002,14.56785]]],[[[120.98659,14.56728],[120.9864,14.56809],[120.98584,14.568],[120.98613,14.56719],[120.98659,14.56728]]],[[[120.98984,14.56713],[120.98966,14.56685],[120.98984,14.56686],[120.98984,14.56713]]],[[[120.98845,14.56675],[120.98854,14.56693],[120.98845,14.56693],[120.98845,14.56675]]],[[[120.98808,14.56657],[120.98724,14.5671],[120.98743,14.56656],[120.98706,14.56629],[120.9865,14.56719],[120.98596,14.56565],[120.98781,14.56584],[120.98808,14.56657]]],[[[120.9891,14.5664],[120.98901,14.56631],[120.9891,14.56631],[120.9891,14.5664]]],[[[120.99013,14.56614],[120.99004,14.56559],[120.99022,14.5655],[120.99013,14.56614]]],[[[120.99078,14.56596],[120.9905,14.5656],[120.99087,14.56578],[120.99078,14.56596]]],[[[120.99097,14.5656],[120.99116,14.56506],[120.99189,14.56552],[120.99161,14.5657],[120.99097,14.5656]]],[[[120.98809,14.56512],[120.98846,14.56531],[120.98809,14.56539],[120.98809,14.56512]]],[[[120.99097,14.56506],[120.99088,14.56497],[120.99097,14.56497],[120.99097,14.56506]]],[[[120.988,14.56494],[120.98772,14.56512],[120.98726,14.56475],[120.98754,14.56449],[120.988,14.56494]]],[[[120.98577,14.56537],[120.98558,14.56637],[120.98493,14.56636],[120.98475,14.56564],[120.98577,14.56537]]],[[[120.988,14.56557],[120.98827,14.56585],[120.988,14.56566],[120.988,14.56557]]],[[[120.99041,14.56523],[120.99032,14.56514],[120.99041,14.56514],[120.99041,14.56523]]],[[[120.98465,14.56645],[120.98493,14.56672],[120.98465,14.56663],[120.98465,14.56645]]],[[[120.98548,14.567],[120.98595,14.56646],[120.98557,14.56718],[120.98548,14.567]]],[[[120.98465,14.5669],[120.98454,14.56789],[120.9838,14.56816],[120.98418,14.56699],[120.98465,14.5669]]],[[[120.98658,14.56818],[120.98649,14.56809],[120.98658,14.56809],[120.98658,14.56818]]],[[[120.98547,14.56781],[120.98538,14.56763],[120.98547,14.56763],[120.98547,14.56781]]],[[[120.98686,14.568],[120.98668,14.56782],[120.98686,14.56782],[120.98686,14.568]]],[[[120.98714,14.56792],[120.98705,14.56774],[120.98724,14.56774],[120.98714,14.56792]]],[[[120.98742,14.56819],[120.98751,14.56837],[120.98742,14.56837],[120.98742,14.56819]]],[[[120.98927,14.56803],[120.98918,14.56793],[120.98927,14.56794],[120.98927,14.56803]]],[[[120.98389,14.56852],[120.98435,14.56898],[120.98528,14.56889],[120.98527,14.56962],[120.98342,14.56888],[120.98389,14.56852]]],[[[120.98415,14.5706],[120.98423,14.57124],[120.9847,14.57133],[120.98499,14.57025],[120.98415,14.5706]]],[[[120.98415,14.5706],[120.98471,14.56979],[120.98342,14.56924],[120.98388,14.56961],[120.98378,14.57042],[120.98415,14.5706]]],[[[120.98276,14.57023],[120.98313,14.57077],[120.98266,14.57077],[120.98276,14.57023]]],[[[120.98359,14.57087],[120.98368,14.57114],[120.98377,14.57096],[120.98359,14.57087]]],[[[120.98349,14.57114],[120.98275,14.57104],[120.98349,14.57159],[120.98265,14.57258],[120.9832,14.57294],[120.98386,14.57205],[120.98349,14.57114]]],[[[120.98219,14.57194],[120.98256,14.57212],[120.98246,14.57267],[120.98181,14.57248],[120.98219,14.57194]]],[[[120.98171,14.57293],[120.98199,14.5732],[120.98171,14.57302],[120.98171,14.57293]]],[[[120.98254,14.57366],[120.98273,14.57303],[120.98301,14.57357],[120.98254,14.57366]]],[[[120.98199,14.57357],[120.9818,14.57374],[120.9818,14.57347],[120.98199,14.57357]]],[[[120.98384,14.57385],[120.98366,14.57358],[120.98384,14.57349],[120.98384,14.57385]]],[[[120.98784,14.57289],[120.98802,14.57308],[120.98802,14.57289],[120.98784,14.57289]]],[[[120.98784,14.57307],[120.98728,14.57316],[120.98727,14.5737],[120.98764,14.57379],[120.98784,14.57307]]],[[[120.98839,14.57308],[120.98859,14.57227],[120.98942,14.572],[120.98895,14.57299],[120.98839,14.57308]]],[[[120.98859,14.57191],[120.98822,14.57163],[120.98859,14.57145],[120.98859,14.57191]]],[[[120.98776,14.57136],[120.98804,14.57154],[120.98776,14.57154],[120.98776,14.57136]]],[[[120.98414,14.57169],[120.98441,14.57187],[120.98414,14.57187],[120.98414,14.57169]]],[[[120.98404,14.57214],[120.98459,14.5725],[120.9845,14.57286],[120.98376,14.57286],[120.98404,14.57214]]],[[[120.98598,14.57279],[120.98589,14.5726],[120.98599,14.57261],[120.98598,14.57279]]],[[[120.9884,14.57254],[120.98812,14.57235],[120.9884,14.57245],[120.9884,14.57254]]],[[[120.98534,14.57242],[120.98543,14.57251],[120.98534,14.57251],[120.98534,14.57242]]],[[[120.98737,14.57298],[120.98756,14.57307],[120.98737,14.57307],[120.98737,14.57298]]],[[[120.98813,14.57109],[120.98804,14.571],[120.98813,14.571],[120.98813,14.57109]]],[[[120.98554,14.5707],[120.98535,14.57052],[120.98554,14.57052],[120.98554,14.5707]]],[[[120.98823,14.57037],[120.98814,14.57027],[120.98823,14.57028],[120.98823,14.57037]]],[[[120.98439,14.57413],[120.98458,14.57431],[120.98439,14.57431],[120.98439,14.57413]]],[[[120.98495,14.5744],[120.98486,14.57422],[120.98495,14.57422],[120.98495,14.5744]]],[[[120.98792,14.57443],[120.98773,14.57479],[120.98745,14.57443],[120.98792,14.57443]]],[[[120.98503,14.57531],[120.98522,14.5754],[120.98503,14.5754],[120.98503,14.57531]]],[[[120.98216,14.57447],[120.98244,14.57474],[120.98216,14.57465],[120.98216,14.57447]]],[[[120.98198,14.57474],[120.98207,14.57483],[120.98198,14.57483],[120.98198,14.57474]]],[[[120.98179,14.57492],[120.98187,14.57591],[120.98169,14.57591],[120.98104,14.57509],[120.98179,14.57492]]],[[[120.98085,14.57563],[120.98095,14.57582],[120.98085,14.57581],[120.98085,14.57563]]],[[[120.98234,14.57556],[120.98253,14.57529],[120.98253,14.57556],[120.98234,14.57556]]],[[[120.98308,14.57538],[120.98253,14.57493],[120.98309,14.5752],[120.98308,14.57538]]],[[[120.98234,14.57592],[120.98243,14.57601],[120.98243,14.57592],[120.98234,14.57592]]],[[[120.98233,14.5761],[120.98224,14.57601],[120.98224,14.5761],[120.98233,14.5761]]],[[[120.98085,14.57645],[120.98112,14.57663],[120.98085,14.57663],[120.98085,14.57645]]],[[[120.97964,14.57653],[120.97973,14.57662],[120.97973,14.57653],[120.97964,14.57653]]],[[[120.97964,14.57671],[120.97955,14.57662],[120.97955,14.57671],[120.97964,14.57671]]],[[[120.97982,14.5768],[120.97992,14.57689],[120.97982,14.57689],[120.97982,14.5768]]],[[[120.98075,14.57717],[120.98084,14.57762],[120.98046,14.57771],[120.98028,14.57726],[120.98075,14.57717]]],[[[120.98185,14.57799],[120.98231,14.57845],[120.98194,14.57854],[120.98185,14.57799]]],[[[120.98074,14.57825],[120.98017,14.57978],[120.97933,14.57951],[120.9799,14.57816],[120.98074,14.57825]]],[[[120.97841,14.57941],[120.9785,14.57959],[120.97831,14.57959],[120.97841,14.57941]]],[[[120.98053,14.58015],[120.98082,14.57961],[120.98128,14.58016],[120.98053,14.58015]]],[[[120.97877,14.57995],[120.97886,14.58023],[120.97868,14.58013],[120.97877,14.57995]]],[[[120.97951,14.58032],[120.97924,14.57996],[120.97952,14.57996],[120.97951,14.58032]]],[[[120.98035,14.58042],[120.98026,14.58024],[120.98035,14.58024],[120.98035,14.58042]]],[[[120.98183,14.58052],[120.98119,14.57943],[120.98184,14.57908],[120.98221,14.57998],[120.98183,14.58052]]],[[[120.98221,14.57926],[120.98194,14.57908],[120.98221,14.57908],[120.98221,14.57926]]],[[[120.98277,14.57908],[120.98222,14.57854],[120.98296,14.57836],[120.98277,14.57908]]],[[[120.97756,14.58076],[120.97765,14.58085],[120.97756,14.58085],[120.97756,14.58076]]],[[[120.97531,14.58381],[120.97558,14.58408],[120.9753,14.58408],[120.97531,14.58381]]],[[[120.97511,14.58435],[120.97539,14.58462],[120.97511,14.58462],[120.97511,14.58435]]],[[[120.97799,14.58483],[120.97817,14.58501],[120.97799,14.58492],[120.97799,14.58483]]],[[[120.98105,14.58521],[120.98114,14.58485],[120.98132,14.58513],[120.98105,14.58521]]],[[[120.98002,14.58539],[120.98021,14.58575],[120.98048,14.58566],[120.98039,14.58548],[120.98002,14.58539]]],[[[120.97984,14.58529],[120.98012,14.58512],[120.97993,14.58502],[120.97984,14.58529]]],[[[120.97771,14.5851],[120.97807,14.58546],[120.97705,14.58563],[120.97771,14.5851]]],[[[120.97974,14.58593],[120.97927,14.58619],[120.979,14.58556],[120.97947,14.58547],[120.97974,14.58593]]],[[[120.98067,14.58621],[120.98113,14.58621],[120.98103,14.58666],[120.98168,14.58712],[120.9813,14.58784],[120.98075,14.58729],[120.98067,14.58621]]],[[[120.97908,14.58655],[120.97927,14.58646],[120.97927,14.58664],[120.97908,14.58655]]],[[[120.97983,14.58665],[120.97992,14.58638],[120.97992,14.58665],[120.97983,14.58665]]],[[[120.97954,14.58701],[120.97973,14.5871],[120.97954,14.5871],[120.97954,14.58701]]],[[[120.97973,14.58728],[120.97982,14.58746],[120.97973,14.58746],[120.97973,14.58728]]],[[[120.97991,14.58773],[120.97981,14.58791],[120.97972,14.58773],[120.97991,14.58773]]],[[[120.98409,14.58768],[120.98391,14.58687],[120.98465,14.58669],[120.98483,14.5876],[120.98409,14.58768]]],[[[120.9814,14.58657],[120.9815,14.58666],[120.9815,14.58657],[120.9814,14.58657]]],[[[120.9814,14.58675],[120.98131,14.58666],[120.98131,14.58675],[120.9814,14.58675]]],[[[120.98381,14.58723],[120.9839,14.58732],[120.98381,14.58732],[120.98381,14.58723]]],[[[120.98502,14.58651],[120.98493,14.58642],[120.98502,14.58642],[120.98502,14.58651]]],[[[120.98437,14.58642],[120.98428,14.58624],[120.98447,14.58624],[120.98437,14.58642]]],[[[120.98382,14.58614],[120.98354,14.58632],[120.98336,14.58605],[120.98382,14.58614]]],[[[120.98178,14.58603],[120.98178,14.58567],[120.98206,14.58595],[120.98178,14.58603]]],[[[120.98198,14.58486],[120.98188,14.58477],[120.98198,14.58477],[120.98198,14.58486]]],[[[120.983,14.58451],[120.98319,14.58415],[120.98328,14.58451],[120.983,14.58451]]],[[[120.98124,14.58404],[120.98142,14.58431],[120.98115,14.58431],[120.98124,14.58404]]],[[[120.98208,14.58369],[120.98181,14.58332],[120.98236,14.58324],[120.98208,14.58369]]],[[[120.98534,14.58209],[120.98516,14.582],[120.98534,14.58191],[120.98534,14.58209]]],[[[120.9846,14.58163],[120.98442,14.58145],[120.98461,14.58145],[120.9846,14.58163]]],[[[120.98359,14.58144],[120.98387,14.58117],[120.98386,14.58144],[120.98359,14.58144]]],[[[120.9847,14.58136],[120.98479,14.58118],[120.98488,14.58136],[120.9847,14.58136]]],[[[120.97445,14.58615],[120.97454,14.58624],[120.97445,14.58624],[120.97445,14.58615]]],[[[120.96905,14.58755],[120.96915,14.58764],[120.96905,14.58764],[120.96905,14.58755]]],[[[120.97137,14.58793],[120.97146,14.58802],[120.97137,14.58802],[120.97137,14.58793]]],[[[120.96959,14.59036],[120.96967,14.5909],[120.96939,14.59099],[120.96912,14.59062],[120.96959,14.59036]]],[[[120.96958,14.59144],[120.96902,14.59144],[120.96893,14.59125],[120.9693,14.59117],[120.96958,14.59144]]],[[[120.9679,14.59242],[120.96826,14.59306],[120.96753,14.59233],[120.9679,14.59242]]],[[[120.96706,14.5925],[120.96687,14.59304],[120.96595,14.59267],[120.96604,14.59249],[120.96706,14.5925]]],[[[120.96882,14.59324],[120.969,14.59342],[120.96881,14.59342],[120.96882,14.59324]]],[[[120.97085,14.59434],[120.96935,14.59541],[120.96861,14.59523],[120.96918,14.5946],[120.96899,14.59415],[120.96843,14.59505],[120.96741,14.59495],[120.96788,14.59423],[120.96927,14.59388],[120.96927,14.59451],[120.96982,14.59479],[120.96993,14.59343],[120.97085,14.59434]]],[[[120.96705,14.59359],[120.96714,14.59377],[120.96705,14.59377],[120.96705,14.59359]]],[[[120.96965,14.59379],[120.96956,14.59361],[120.96974,14.59361],[120.96965,14.59379]]],[[[120.97641,14.59493],[120.97623,14.59466],[120.97641,14.59466],[120.97641,14.59493]]],[[[120.97585,14.59475],[120.97604,14.59484],[120.97585,14.59484],[120.97585,14.59475]]],[[[120.97595,14.59466],[120.97567,14.59439],[120.97586,14.59439],[120.97595,14.59466]]],[[[120.97475,14.59429],[120.97493,14.59456],[120.97428,14.59455],[120.97475,14.59429]]],[[[120.97456,14.59401],[120.97438,14.59374],[120.97456,14.59383],[120.97456,14.59401]]],[[[120.97484,14.59393],[120.97475,14.59384],[120.97484,14.59384],[120.97484,14.59393]]],[[[120.95742,14.59106],[120.95733,14.59097],[120.95742,14.59097],[120.95742,14.59106]]],[[[120.95705,14.59088],[120.95696,14.59106],[120.95687,14.59088],[120.95705,14.59088]]],[[[120.98615,14.56429],[120.98606,14.5642],[120.98615,14.5642],[120.98615,14.56429]]],[[[120.9875,14.55943],[120.98741,14.55897],[120.98769,14.55888],[120.9875,14.55943]]],[[[120.99379,14.56165],[120.9936,14.5621],[120.9935,14.5621],[120.99332,14.56173],[120.99379,14.56165]]],[[[120.99136,14.58377],[120.99127,14.58359],[120.99136,14.58359],[120.99136,14.58377]]],[[[120.99137,14.58241],[120.99174,14.58214],[120.99165,14.5825],[120.99137,14.58241]]],[[[120.99264,14.58577],[120.99282,14.58604],[120.99264,14.58604],[120.99264,14.58577]]],[[[120.99006,14.58403],[120.99015,14.58421],[120.99006,14.58421],[120.99006,14.58403]]],[[[120.99089,14.58431],[120.99098,14.5844],[120.99089,14.5844],[120.99089,14.58431]]],[[[120.99033,14.58439],[120.99052,14.58457],[120.99033,14.58457],[120.99033,14.58439]]],[[[120.99042,14.59496],[120.99061,14.59515],[120.99042,14.59515],[120.99042,14.59496]]],[[[120.98483,14.59781],[120.98501,14.5979],[120.98483,14.5979],[120.98483,14.59781]]],[[[120.98036,14.60907],[120.98055,14.60925],[120.98036,14.60925],[120.98036,14.60907]]],[[[120.97868,14.6105],[120.97887,14.61059],[120.97868,14.61059],[120.97868,14.6105]]],[[[120.97421,14.6223],[120.97458,14.62266],[120.97412,14.62257],[120.97421,14.6223]]],[[[120.97235,14.64315],[120.97253,14.64334],[120.97235,14.64333],[120.97235,14.64315]]],[[[120.97179,14.64324],[120.97197,14.64342],[120.97179,14.64342],[120.97179,14.64324]]],[[[120.97169,14.6436],[120.97188,14.64369],[120.97169,14.64369],[120.97169,14.6436]]],[[[120.96565,14.64463],[120.96574,14.64472],[120.96565,14.64472],[120.96565,14.64463]]],[[[120.97083,14.64703],[120.97064,14.64693],[120.97083,14.64694],[120.97083,14.64703]]],[[[120.97092,14.64658],[120.97074,14.64621],[120.97093,14.64621],[120.97092,14.64658]]],[[[120.97158,14.64586],[120.9714,14.64577],[120.97158,14.64568],[120.97158,14.64586]]],[[[120.97351,14.67795],[120.97333,14.67786],[120.97351,14.67786],[120.97351,14.67795]]],[[[120.97277,14.67777],[120.97314,14.67777],[120.97315,14.67723],[120.97296,14.67732],[120.97277,14.67777]]],[[[120.97277,14.67786],[120.97273,14.67777],[120.97273,14.67786],[120.97277,14.67786]]],[[[120.97486,14.67254],[120.97477,14.67245],[120.97486,14.67245],[120.97486,14.67254]]],[[[120.97922,14.67267],[120.97904,14.67231],[120.97932,14.67231],[120.97922,14.67267]]],[[[120.9797,14.67195],[120.9796,14.67177],[120.97979,14.67177],[120.9797,14.67195]]],[[[120.97267,14.6784],[120.97295,14.67858],[120.97267,14.67858],[120.97267,14.6784]]],[[[120.97322,14.67994],[120.9734,14.68012],[120.97322,14.68012],[120.97322,14.67994]]],[[[120.96563,14.68683],[120.96573,14.68692],[120.96563,14.68692],[120.96563,14.68683]]],[[[120.95699,14.69304],[120.95754,14.69331],[120.95699,14.69331],[120.95699,14.69304]]],[[[120.95958,14.71448],[120.95986,14.71394],[120.95874,14.71393],[120.95874,14.7142],[120.95958,14.71448]]],[[[120.95566,14.71634],[120.95594,14.71607],[120.95594,14.71553],[120.95511,14.71579],[120.95566,14.71634]]],[[[120.94618,14.71734],[120.94646,14.71707],[120.94618,14.71707],[120.94618,14.71734]]],[[[120.94646,14.71734],[120.94729,14.71816],[120.94812,14.71817],[120.94813,14.71763],[120.94646,14.71734]]],[[[120.95091,14.71792],[120.95062,14.71873],[120.95146,14.71874],[120.95146,14.7182],[120.95091,14.71792]]],[[[120.94923,14.71899],[120.94978,14.71927],[120.95007,14.71846],[120.94951,14.71845],[120.94923,14.71899]]],[[[120.94922,14.71953],[120.94895,14.71899],[120.94894,14.71953],[120.94922,14.71953]]],[[[120.94534,14.71814],[120.9456,14.72004],[120.94671,14.7206],[120.94866,14.7198],[120.94839,14.71899],[120.94701,14.71816],[120.94534,14.71814]]],[[[120.94532,14.72031],[120.94503,14.72085],[120.94587,14.72086],[120.94587,14.72059],[120.94532,14.72031]]],[[[120.9506,14.72063],[120.95061,14.72009],[120.9495,14.71954],[120.94949,14.72089],[120.9506,14.72063]]],[[[120.9506,14.72117],[120.95032,14.7209],[120.95032,14.72117],[120.9506,14.72117]]],[[[120.95172,14.72091],[120.95144,14.72118],[120.95171,14.72118],[120.95172,14.72091]]],[[[120.95061,14.72009],[120.95173,14.71956],[120.95172,14.7201],[120.95228,14.72037],[120.95172,14.72064],[120.95255,14.72065],[120.95283,14.72119],[120.95284,14.72038],[120.95339,14.72038],[120.95118,14.71901],[120.95034,14.71927],[120.95061,14.72009]]],[[[120.95283,14.72146],[120.95199,14.72091],[120.95199,14.72146],[120.95283,14.72146]]],[[[120.94753,14.72142],[120.94837,14.72142],[120.94838,14.72061],[120.94782,14.72061],[120.94753,14.72142]]],[[[120.95032,14.72171],[120.95032,14.72117],[120.94948,14.72143],[120.94893,14.72062],[120.94892,14.72224],[120.9492,14.7217],[120.95032,14.72171]]],[[[120.94948,14.72225],[120.94919,14.72252],[120.94947,14.72252],[120.94948,14.72225]]],[[[120.93346,14.7226],[120.93299,14.72251],[120.93346,14.72269],[120.93346,14.7226]]],[[[120.95254,14.722],[120.95171,14.72145],[120.9517,14.72281],[120.95226,14.72281],[120.95254,14.722]]],[[[120.94696,14.72331],[120.94752,14.72304],[120.94696,14.72277],[120.94696,14.72331]]],[[[120.94753,14.72196],[120.94724,14.7225],[120.9478,14.72305],[120.94919,14.72333],[120.94836,14.72197],[120.94753,14.72196]]],[[[120.94667,14.72412],[120.9464,14.72358],[120.94612,14.72412],[120.94667,14.72412]]],[[[120.94723,14.72413],[120.94696,14.72358],[120.94695,14.72412],[120.94723,14.72413]]],[[[120.95113,14.72416],[120.95117,14.72009],[120.9506,14.72063],[120.95088,14.72118],[120.95031,14.72226],[120.94975,14.72225],[120.94947,14.72279],[120.94946,14.7236],[120.95113,14.72416]]],[[[120.95169,14.72416],[120.95141,14.72362],[120.95141,14.72416],[120.95169,14.72416]]],[[[120.94695,14.72467],[120.94639,14.72439],[120.94639,14.72466],[120.94695,14.72467]]],[[[120.94806,14.72468],[120.94751,14.7244],[120.9475,14.72467],[120.94806,14.72468]]],[[[120.94752,14.72331],[120.94751,14.72413],[120.94945,14.72469],[120.94946,14.72387],[120.94752,14.72331]]],[[[120.94861,14.72495],[120.94834,14.72468],[120.94834,14.72495],[120.94861,14.72495]]],[[[120.95168,14.72444],[120.95196,14.72498],[120.95196,14.72444],[120.95168,14.72444]]],[[[120.94249,14.72463],[120.94276,14.72517],[120.94277,14.72463],[120.94249,14.72463]]],[[[120.94611,14.7252],[120.94583,14.72493],[120.94583,14.7252],[120.94611,14.7252]]],[[[120.94722,14.72521],[120.94666,14.72493],[120.94666,14.7252],[120.94722,14.72521]]],[[[120.94805,14.72522],[120.94778,14.72494],[120.94778,14.72521],[120.94805,14.72522]]],[[[120.95056,14.72524],[120.95085,14.72443],[120.94974,14.72415],[120.94973,14.72496],[120.95056,14.72524]]],[[[120.95168,14.72525],[120.9514,14.72498],[120.9514,14.72525],[120.95168,14.72525]]],[[[120.94248,14.72544],[120.94221,14.72517],[120.9422,14.72544],[120.94248,14.72544]]],[[[120.9436,14.72545],[120.94304,14.72571],[120.94359,14.72572],[120.9436,14.72545]]],[[[120.94833,14.72576],[120.94805,14.72549],[120.94805,14.72576],[120.94833,14.72576]]],[[[120.9461,14.72628],[120.94582,14.72574],[120.94582,14.72628],[120.9461,14.72628]]],[[[120.94637,14.72656],[120.94665,14.72629],[120.94637,14.72629],[120.94637,14.72656]]],[[[120.94693,14.72656],[120.94665,14.72683],[120.94693,14.72683],[120.94693,14.72656]]],[[[120.94887,14.72712],[120.9486,14.72685],[120.94859,14.72712],[120.94887,14.72712]]],[[[120.94888,14.72685],[120.94943,14.72713],[120.95028,14.72578],[120.94945,14.72496],[120.94888,14.72685]]],[[[120.94131,14.72719],[120.94121,14.72701],[120.94121,14.72719],[120.94131,14.72719]]],[[[120.93717,14.72729],[120.9369,14.72702],[120.93689,14.72729],[120.93717,14.72729]]],[[[120.94163,14.72679],[120.94219,14.72679],[120.94219,14.72652],[120.94131,14.72665],[120.94135,14.72733],[120.94163,14.72679]]],[[[120.93685,14.72742],[120.93675,14.72733],[120.93675,14.72742],[120.93685,14.72742]]],[[[120.93703,14.72751],[120.93712,14.72742],[120.93703,14.72742],[120.93703,14.72751]]],[[[120.93773,14.72757],[120.93745,14.72729],[120.93745,14.72756],[120.93773,14.72757]]],[[[120.93749,14.72761],[120.93731,14.7277],[120.93749,14.7277],[120.93749,14.72761]]],[[[120.94135,14.72787],[120.94112,14.72728],[120.94046,14.72782],[120.94135,14.72787]]],[[[120.93551,14.73102],[120.93575,14.73053],[120.93449,14.73065],[120.93449,14.73083],[120.93551,14.73102]]],[[[120.93408,14.72997],[120.93353,14.72997],[120.93273,14.731],[120.93407,14.73106],[120.93352,14.73078],[120.93436,14.73052],[120.93408,14.72997]]],[[[120.93933,14.73025],[120.93826,14.73055],[120.93802,14.73123],[120.93964,14.73111],[120.9405,14.72895],[120.94106,14.72868],[120.94079,14.72786],[120.94028,14.72799],[120.93933,14.73025]]],[[[120.93491,14.73106],[120.9349,14.73188],[120.93574,14.73188],[120.93574,14.73134],[120.93491,14.73106]]],[[[120.93016,14.73292],[120.92988,14.73265],[120.92988,14.73292],[120.93016,14.73292]]],[[[120.93387,14.73322],[120.93377,14.73322],[120.93377,14.73326],[120.93387,14.73322]]],[[[120.93489,14.73323],[120.9346,14.73323],[120.93489,14.73327],[120.93489,14.73323]]],[[[120.93043,14.73374],[120.92987,14.73346],[120.92987,14.73373],[120.93043,14.73374]]],[[[120.93071,14.73374],[120.93126,14.73347],[120.93071,14.73347],[120.93071,14.73374]]],[[[120.92679,14.73555],[120.92735,14.73479],[120.92708,14.73398],[120.92764,14.73344],[120.92593,14.7327],[120.92596,14.7343],[120.92679,14.73555]]],[[[120.93157,14.73103],[120.93154,14.73375],[120.92902,14.73508],[120.92819,14.73507],[120.9279,14.73561],[120.92707,14.7356],[120.92702,14.73608],[120.93316,14.73349],[120.9321,14.73348],[120.9321,14.73307],[120.9335,14.73295],[120.93379,14.73187],[120.93217,14.73154],[120.93183,14.73266],[120.93184,14.73158],[120.93325,14.73024],[120.93381,14.72889],[120.93367,14.72974],[120.93431,14.73002],[120.93549,14.7289],[120.93578,14.73211],[120.93769,14.73136],[120.93766,14.73014],[120.9391,14.73002],[120.93897,14.72907],[120.93995,14.7284],[120.93991,14.72736],[120.94107,14.72705],[120.94108,14.72628],[120.94192,14.7257],[120.94254,14.72386],[120.94305,14.72382],[120.94307,14.72251],[120.94391,14.72193],[120.94363,14.72138],[120.94252,14.72164],[120.94253,14.72056],[120.94337,14.72002],[120.94392,14.72057],[120.94476,14.72031],[120.94477,14.71922],[120.94533,14.71896],[120.94478,14.71787],[120.94619,14.71625],[120.94675,14.71626],[120.94675,14.71572],[120.9473,14.71654],[120.94814,14.71654],[120.94731,14.71518],[120.94761,14.71356],[120.94817,14.71329],[120.94874,14.71167],[120.95014,14.7106],[120.95015,14.70978],[120.94904,14.7095],[120.94905,14.70869],[120.9496,14.70842],[120.94988,14.70897],[120.94989,14.70815],[120.951,14.70844],[120.951,14.70789],[120.94989,14.70734],[120.9499,14.70626],[120.95074,14.70572],[120.95103,14.70491],[120.9527,14.70547],[120.95188,14.70329],[120.95272,14.7033],[120.953,14.70276],[120.95161,14.70248],[120.95162,14.70166],[120.95133,14.70302],[120.94965,14.70327],[120.94881,14.70408],[120.94908,14.70544],[120.94768,14.70597],[120.94711,14.70732],[120.94627,14.70758],[120.94709,14.70921],[120.94542,14.70947],[120.94485,14.71001],[120.94483,14.71272],[120.94316,14.7127],[120.94261,14.71134],[120.94066,14.71133],[120.93953,14.7105],[120.93571,14.71487],[120.93545,14.7167],[120.93643,14.71698],[120.93615,14.71806],[120.93531,14.71833],[120.93475,14.71793],[120.9323,14.72101],[120.93249,14.72155],[120.93305,14.72156],[120.93333,14.72075],[120.93359,14.72287],[120.93248,14.72318],[120.93247,14.72372],[120.9328,14.72377],[120.9333,14.7245],[120.9333,14.72481],[120.93135,14.72453],[120.93164,14.72372],[120.93053,14.72262],[120.9322,14.72318],[120.93193,14.72209],[120.93124,14.72241],[120.93084,14.72208],[120.92938,14.72431],[120.93058,14.72495],[120.93027,14.72547],[120.93101,14.72642],[120.92993,14.7275],[120.92994,14.72593],[120.92864,14.7283],[120.92997,14.72831],[120.93131,14.72913],[120.92992,14.72885],[120.9294,14.72943],[120.92977,14.72998],[120.92935,14.72988],[120.92936,14.72885],[120.92829,14.72911],[120.92669,14.73284],[120.9277,14.73285],[120.92827,14.73073],[120.92907,14.72993],[120.92929,14.73097],[120.93096,14.73135],[120.93157,14.73103]]],[[[120.93298,14.72915],[120.93321,14.72929],[120.93321,14.72915],[120.93298,14.72915]]],[[[120.93293,14.72965],[120.93242,14.72955],[120.93185,14.73072],[120.93293,14.72965]]],[[[120.92959,14.72944],[120.92968,14.72953],[120.92958,14.72953],[120.92959,14.72944]]],[[[120.9306,14.73017],[120.93069,14.73026],[120.9306,14.73026],[120.9306,14.73017]]],[[[120.93069,14.73044],[120.93078,14.73053],[120.93069,14.73048],[120.93069,14.73044]]],[[[120.93191,14.72937],[120.93186,14.72941],[120.93186,14.72927],[120.93191,14.72937]]],[[[120.93386,14.72862],[120.93382,14.72834],[120.93387,14.72834],[120.93386,14.72862]]],[[[120.93081,14.72791],[120.93034,14.72845],[120.9302,14.72777],[120.93081,14.72791]]],[[[120.93387,14.72807],[120.93383,14.7278],[120.93387,14.7278],[120.93387,14.72807]]],[[[120.93444,14.72659],[120.9344,14.72618],[120.93482,14.72591],[120.93444,14.72659]]],[[[120.93538,14.72515],[120.93524,14.7251],[120.93538,14.7251],[120.93538,14.72515]]],[[[120.93371,14.72477],[120.93358,14.72459],[120.93362,14.72459],[120.93371,14.72477]]],[[[120.93567,14.72456],[120.93553,14.72429],[120.93576,14.72429],[120.93567,14.72456]]],[[[120.93586,14.72402],[120.93582,14.72348],[120.93605,14.72348],[120.93586,14.72402]]],[[[120.93614,14.72326],[120.9361,14.72321],[120.93624,14.72321],[120.93614,14.72326]]],[[[120.93643,14.72263],[120.93638,14.7224],[120.93643,14.7224],[120.93643,14.72263]]],[[[120.93389,14.7213],[120.93417,14.72076],[120.93334,14.72048],[120.93334,14.71966],[120.93418,14.71994],[120.93417,14.72049],[120.93501,14.72049],[120.93551,14.72163],[120.93444,14.72211],[120.93389,14.7213]]],[[[120.93681,14.72164],[120.93667,14.72132],[120.93681,14.72132],[120.93681,14.72164]]],[[[120.937,14.7211],[120.93696,14.72078],[120.93709,14.72078],[120.937,14.7211]]],[[[120.93635,14.7205],[120.93552,14.72036],[120.93529,14.71968],[120.93692,14.7197],[120.93635,14.7205]]],[[[120.94449,14.71976],[120.94421,14.71949],[120.94449,14.71949],[120.94449,14.71976]]],[[[120.9372,14.71929],[120.93697,14.71915],[120.9372,14.71916],[120.9372,14.71929]]],[[[120.93785,14.71921],[120.93781,14.71916],[120.93795,14.71916],[120.93785,14.71921]]],[[[120.93529,14.72045],[120.93543,14.7205],[120.93529,14.7205],[120.93529,14.72045]]],[[[120.93813,14.71903],[120.93809,14.71889],[120.93813,14.71889],[120.93813,14.71903]]],[[[120.93725,14.71862],[120.93782,14.71808],[120.93782,14.71754],[120.93726,14.71753],[120.93725,14.71862]]],[[[120.93725,14.71889],[120.93698,14.71861],[120.93697,14.71888],[120.93725,14.71889]]],[[[120.93916,14.71863],[120.93888,14.71831],[120.93916,14.71841],[120.93916,14.71863]]],[[[120.93893,14.71782],[120.93907,14.71804],[120.93907,14.71782],[120.93893,14.71782]]],[[[120.93893,14.71809],[120.93842,14.71822],[120.93837,14.71862],[120.9386,14.71863],[120.93893,14.71809]]],[[[120.9395,14.71701],[120.93936,14.71696],[120.9395,14.71678],[120.9395,14.71701]]],[[[120.93894,14.71673],[120.93917,14.71701],[120.93894,14.717],[120.93894,14.71673]]],[[[120.9409,14.71607],[120.94006,14.71647],[120.94006,14.7162],[120.9409,14.71607]]],[[[120.93812,14.71564],[120.93755,14.71645],[120.937,14.71617],[120.937,14.71563],[120.93812,14.71564]]],[[[120.94076,14.71598],[120.94062,14.71593],[120.94076,14.71594],[120.94076,14.71598]]],[[[120.93589,14.71562],[120.93616,14.71617],[120.93588,14.71616],[120.93589,14.71562]]],[[[120.93953,14.71403],[120.93981,14.71294],[120.94037,14.71295],[120.94008,14.71403],[120.93953,14.71403]]],[[[120.94265,14.72219],[120.94256,14.72259],[120.94228,14.72277],[120.94222,14.72354],[120.94199,14.72299],[120.94265,14.72219]]],[[[120.94279,14.72269],[120.94274,14.7225],[120.94279,14.7225],[120.94279,14.72269]]],[[[120.93859,14.72446],[120.93873,14.72459],[120.93859,14.72459],[120.93859,14.72446]]],[[[120.93689,14.7281],[120.93684,14.72805],[120.93689,14.72805],[120.93689,14.7281]]],[[[120.93887,14.72437],[120.93883,14.72432],[120.93887,14.72432],[120.93887,14.72437]]]]}}],"properties":{"source":"Project NOAH (DOST)","hazard":"storm-surge","advisory":"SSA3"}}