{"type":"FeatureCollection","features":[{"type":"Feature","properties":{"hazard":"storm-surge","level":"low","advisory":"SSA2"},"geometry":{"type":"MultiPolygon","coordinates":[[[[120.97593,14.47411],[120.97612,14.4742],[120.97612,14.47411],[120.97593,14.47411]]],[[[120.97593,14.47429],[120.97556,14.4742],[120.97556,14.47429],[120.97593,14.47429]]],[[[120.97676,14.47457],[120.97667,14.47439],[120.97667,14.47457],[120.97676,14.47457]]],[[[120.97713,14.47493],[120.97722,14.47484],[120.97713,14.47484],[120.97713,14.47493]]],[[[120.97759,14.47494],[120.97731,14.4753],[120.97769,14.47521],[120.97759,14.47494]]],[[[120.97694,14.47575],[120.97703,14.47584],[120.97703,14.47575],[120.97694,14.47575]]],[[[120.97694,14.47593],[120.97684,14.47583],[120.97684,14.47593],[120.97694,14.47593]]],[[[120.97703,14.47611],[120.97694,14.47602],[120.97694,14.47611],[120.97703,14.47611]]],[[[120.97795,14.4763],[120.97824,14.47576],[120.97777,14.47557],[120.97805,14.47575],[120.97795,14.4763]]],[[[120.97211,14.47643],[120.97202,14.47625],[120.97202,14.47643],[120.97211,14.47643]]],[[[120.97146,14.47659],[120.97155,14.47651],[120.97146,14.47651],[120.97146,14.47659]]],[[[120.97674,14.47674],[120.97684,14.47683],[120.97684,14.47674],[120.97674,14.47674]]],[[[120.97387,14.47689],[120.97378,14.4768],[120.97377,14.47689],[120.97387,14.47689]]],[[[120.97674,14.47692],[120.97665,14.47683],[120.97665,14.47692],[120.97674,14.47692]]],[[[120.97303,14.47698],[120.97294,14.47689],[120.97294,14.47698],[120.97303,14.47698]]],[[[120.97424,14.47717],[120.97414,14.47708],[120.97414,14.47717],[120.97424,14.47717]]],[[[120.97563,14.47718],[120.97553,14.47709],[120.97553,14.47718],[120.97563,14.47718]]],[[[120.97247,14.47724],[120.97238,14.47715],[120.97238,14.47724],[120.97247,14.47724]]],[[[120.9746,14.47753],[120.9747,14.47744],[120.9746,14.47744],[120.9746,14.47753]]],[[[120.97479,14.47753],[120.9747,14.47762],[120.97479,14.47762],[120.97479,14.47753]]],[[[120.9759,14.47827],[120.97571,14.47836],[120.97589,14.47845],[120.9759,14.47827]]],[[[120.97886,14.47847],[120.97877,14.47838],[120.97877,14.47847],[120.97886,14.47847]]],[[[120.97847,14.48118],[120.97856,14.48109],[120.97847,14.48109],[120.97847,14.48118]]],[[[120.97865,14.48118],[120.97856,14.48127],[120.97865,14.48127],[120.97865,14.48118]]],[[[120.98013,14.48138],[120.98004,14.48128],[120.98004,14.48137],[120.98013,14.48138]]],[[[120.98078,14.48147],[120.98097,14.48156],[120.98097,14.48138],[120.98078,14.48147]]],[[[120.9805,14.48174],[120.98041,14.48165],[120.98041,14.48174],[120.9805,14.48174]]],[[[120.98087,14.48174],[120.98069,14.48156],[120.98069,14.48174],[120.98087,14.48174]]],[[[120.98124,14.48175],[120.98106,14.48165],[120.98106,14.48174],[120.98124,14.48175]]],[[[120.97985,14.48182],[120.97976,14.48173],[120.97976,14.48182],[120.97985,14.48182]]],[[[120.98069,14.48183],[120.98059,14.48174],[120.98059,14.48183],[120.98069,14.48183]]],[[[120.98143,14.48184],[120.98134,14.48175],[120.98133,14.48184],[120.98143,14.48184]]],[[[120.97938,14.48218],[120.97929,14.48209],[120.97929,14.48218],[120.97938,14.48218]]],[[[120.97948,14.48236],[120.97957,14.48227],[120.97948,14.48227],[120.97948,14.48236]]],[[[120.9817,14.48238],[120.98161,14.48229],[120.98161,14.48238],[120.9817,14.48238]]],[[[120.97966,14.48237],[120.97957,14.48245],[120.97966,14.48246],[120.97966,14.48237]]],[[[120.97975,14.48246],[120.97966,14.48255],[120.97975,14.48255],[120.97975,14.48246]]],[[[120.9817,14.48274],[120.98161,14.48265],[120.9816,14.48274],[120.9817,14.48274]]],[[[120.98224,14.4841],[120.98215,14.48401],[120.98215,14.4841],[120.98224,14.4841]]],[[[120.98243,14.48411],[120.98234,14.48401],[120.98233,14.48411],[120.98243,14.48411]]],[[[120.98233,14.48429],[120.98224,14.48419],[120.98224,14.48429],[120.98233,14.48429]]],[[[120.9827,14.4842],[120.98243,14.48429],[120.9827,14.48429],[120.9827,14.4842]]],[[[120.98233,14.48447],[120.98224,14.48438],[120.98224,14.48447],[120.98233,14.48447]]],[[[120.98205,14.48455],[120.98196,14.48437],[120.98196,14.48455],[120.98205,14.48455]]],[[[120.98233,14.48492],[120.98242,14.48501],[120.98242,14.48492],[120.98233,14.48492]]],[[[120.98233,14.4851],[120.98223,14.48501],[120.98223,14.4851],[120.98233,14.4851]]],[[[120.98297,14.48556],[120.98288,14.48547],[120.98288,14.48556],[120.98297,14.48556]]],[[[120.98353,14.48565],[120.98371,14.48547],[120.98344,14.48529],[120.98353,14.48565]]],[[[120.97536,14.48567],[120.97527,14.48558],[120.97527,14.48567],[120.97536,14.48567]]],[[[120.97554,14.48685],[120.97545,14.48676],[120.97545,14.48685],[120.97554,14.48685]]],[[[120.98361,14.48701],[120.9837,14.48692],[120.98361,14.48692],[120.98361,14.48701]]],[[[120.98379,14.48701],[120.9837,14.4871],[120.98379,14.4871],[120.98379,14.48701]]],[[[120.98388,14.4871],[120.98379,14.48719],[120.98388,14.48719],[120.98388,14.4871]]],[[[120.98388,14.48737],[120.98398,14.48728],[120.98388,14.48728],[120.98388,14.48737]]],[[[120.98407,14.48737],[120.98397,14.48755],[120.98407,14.48755],[120.98407,14.48737]]],[[[120.98407,14.48755],[120.98425,14.4881],[120.98434,14.4881],[120.98434,14.48774],[120.98407,14.48755]]],[[[120.98526,14.48901],[120.98535,14.48919],[120.98535,14.48901],[120.98526,14.48901]]],[[[120.98526,14.48928],[120.98516,14.48919],[120.98516,14.48928],[120.98526,14.48928]]],[[[120.98591,14.4892],[120.98563,14.48928],[120.9859,14.48929],[120.98591,14.4892]]],[[[120.98498,14.48937],[120.98488,14.48928],[120.98488,14.48937],[120.98498,14.48937]]],[[[120.98516,14.48937],[120.98507,14.48928],[120.98507,14.48937],[120.98516,14.48937]]],[[[120.98525,14.48955],[120.98516,14.48946],[120.98516,14.48955],[120.98525,14.48955]]],[[[120.98664,14.48975],[120.98674,14.48966],[120.98664,14.48965],[120.98664,14.48975]]],[[[120.98386,14.48963],[120.98368,14.48972],[120.98386,14.48981],[120.98386,14.48963]]],[[[120.98683,14.48975],[120.98673,14.48984],[120.98683,14.48984],[120.98683,14.48975]]],[[[120.98404,14.49008],[120.98414,14.48999],[120.98404,14.48999],[120.98404,14.49008]]],[[[120.98423,14.49],[120.98432,14.49009],[120.98432,14.49],[120.98423,14.49]]],[[[120.98358,14.49017],[120.98367,14.49008],[120.98358,14.49008],[120.98358,14.49017]]],[[[120.98423,14.49018],[120.98414,14.49009],[120.98413,14.49018],[120.98423,14.49018]]],[[[120.98386,14.49017],[120.98367,14.49035],[120.98385,14.49035],[120.98386,14.49017]]],[[[120.98432,14.49018],[120.98423,14.49036],[120.98432,14.49036],[120.98432,14.49018]]],[[[120.9859,14.49037],[120.9858,14.49028],[120.9858,14.49037],[120.9859,14.49037]]],[[[120.9833,14.49053],[120.9832,14.49044],[120.9832,14.49053],[120.9833,14.49053]]],[[[120.98441,14.49054],[120.98432,14.49045],[120.98432,14.49054],[120.98441,14.49054]]],[[[120.98283,14.49062],[120.98274,14.49052],[120.98274,14.49062],[120.98283,14.49062]]],[[[120.98357,14.4908],[120.98395,14.49063],[120.98358,14.49044],[120.98357,14.4908]]],[[[120.98274,14.49089],[120.98265,14.4908],[120.98264,14.49089],[120.98274,14.49089]]],[[[120.98431,14.49081],[120.9845,14.4909],[120.9845,14.49081],[120.98431,14.49081]]],[[[120.98302,14.49089],[120.98339,14.49089],[120.98339,14.4908],[120.98302,14.49089]]],[[[120.98431,14.49099],[120.98422,14.4909],[120.98422,14.49099],[120.98431,14.49099]]],[[[120.98264,14.49107],[120.98255,14.49098],[120.98255,14.49107],[120.98264,14.49107]]],[[[120.98329,14.49098],[120.9832,14.49107],[120.98329,14.49107],[120.98329,14.49098]]],[[[120.98422,14.49108],[120.98413,14.49099],[120.98413,14.49108],[120.98422,14.49108]]],[[[120.98292,14.49125],[120.98283,14.49116],[120.98283,14.49125],[120.98292,14.49125]]],[[[120.99236,14.49296],[120.99246,14.49287],[120.99237,14.49287],[120.99236,14.49296]]],[[[120.99255,14.49296],[120.99246,14.49305],[120.99255,14.49305],[120.99255,14.49296]]],[[[120.99264,14.49359],[120.99255,14.4935],[120.99254,14.49359],[120.99264,14.49359]]],[[[120.99382,14.49559],[120.99373,14.4955],[120.99373,14.49559],[120.99382,14.49559]]],[[[120.99373,14.49595],[120.99364,14.49586],[120.99364,14.49595],[120.99373,14.49595]]],[[[120.99363,14.49622],[120.99354,14.49613],[120.99354,14.49622],[120.99363,14.49622]]],[[[120.98834,14.49663],[120.98844,14.49654],[120.98834,14.49654],[120.98834,14.49663]]],[[[120.99836,14.49671],[120.99827,14.49662],[120.99827,14.49671],[120.99836,14.49671]]],[[[120.98853,14.49663],[120.98843,14.49672],[120.98853,14.49672],[120.98853,14.49663]]],[[[120.99483,14.49677],[120.99474,14.49668],[120.99474,14.49677],[120.99483,14.49677]]],[[[120.994,14.49686],[120.99391,14.49677],[120.99391,14.49686],[120.994,14.49686]]],[[[120.99474,14.49713],[120.99465,14.49704],[120.99465,14.49713],[120.99474,14.49713]]],[[[120.9978,14.49716],[120.99771,14.49707],[120.99771,14.49716],[120.9978,14.49716]]],[[[120.99335,14.49721],[120.99326,14.49703],[120.99325,14.49721],[120.99335,14.49721]]],[[[120.994,14.49713],[120.99409,14.49722],[120.99409,14.49713],[120.994,14.49713]]],[[[120.99418,14.49722],[120.99409,14.49731],[120.99418,14.49731],[120.99418,14.49722]]],[[[120.9952,14.49723],[120.99474,14.49731],[120.9952,14.49732],[120.9952,14.49723]]],[[[120.99789,14.49734],[120.9978,14.49725],[120.9978,14.49734],[120.99789,14.49734]]],[[[120.99399,14.4974],[120.9939,14.49722],[120.9939,14.4974],[120.99399,14.4974]]],[[[120.99464,14.4974],[120.99455,14.49731],[120.99455,14.4974],[120.99464,14.4974]]],[[[120.99409,14.4974],[120.99399,14.49749],[120.99409,14.49749],[120.99409,14.4974]]],[[[120.9952,14.49768],[120.99511,14.49759],[120.9951,14.49768],[120.9952,14.49768]]],[[[120.99436,14.49794],[120.99427,14.49785],[120.99427,14.49794],[120.99436,14.49794]]],[[[120.99343,14.49821],[120.99334,14.49812],[120.99334,14.49821],[120.99343,14.49821]]],[[[120.99352,14.49839],[120.99343,14.4983],[120.99343,14.49839],[120.99352,14.49839]]],[[[120.99352,14.49866],[120.99343,14.49857],[120.99343,14.49866],[120.99352,14.49866]]],[[[120.99407,14.49894],[120.99398,14.49884],[120.99398,14.49893],[120.99407,14.49894]]],[[[120.98953,14.49926],[120.98943,14.49917],[120.98943,14.49926],[120.98953,14.49926]]],[[[120.99324,14.49911],[120.99361,14.4992],[120.99352,14.49884],[120.99324,14.49911]]],[[[120.99425,14.49939],[120.99435,14.4993],[120.99426,14.4993],[120.99425,14.49939]]],[[[120.99444,14.49939],[120.99435,14.49948],[120.99444,14.49948],[120.99444,14.49939]]],[[[120.99342,14.49974],[120.99332,14.49965],[120.99332,14.49974],[120.99342,14.49974]]],[[[120.99332,14.49983],[120.99323,14.49974],[120.99323,14.49983],[120.99332,14.49983]]],[[[120.99434,14.49984],[120.99425,14.49966],[120.99425,14.49984],[120.99434,14.49984]]],[[[120.98961,14.50007],[120.98952,14.49998],[120.98952,14.50007],[120.98961,14.50007]]],[[[120.99443,14.5002],[120.99434,14.50011],[120.99434,14.5002],[120.99443,14.5002]]],[[[120.9937,14.49947],[120.99332,14.50028],[120.99369,14.50029],[120.9937,14.49947]]],[[[120.98979,14.50035],[120.98989,14.50007],[120.9898,14.50007],[120.98979,14.50035]]],[[[120.99313,14.50028],[120.99323,14.50037],[120.99323,14.50028],[120.99313,14.50028]]],[[[120.98998,14.50035],[120.98989,14.50044],[120.98998,14.50044],[120.98998,14.50035]]],[[[120.98979,14.50062],[120.98988,14.50053],[120.98979,14.50053],[120.98979,14.50062]]],[[[120.98998,14.50053],[120.99007,14.50062],[120.99007,14.50053],[120.98998,14.50053]]],[[[120.99295,14.50055],[120.99313,14.50046],[120.99295,14.50028],[120.99258,14.50046],[120.99267,14.50064],[120.99295,14.50055]]],[[[120.99016,14.50062],[120.99007,14.50071],[120.99016,14.50071],[120.99016,14.50062]]],[[[120.98997,14.5008],[120.98988,14.50062],[120.98988,14.5008],[120.98997,14.5008]]],[[[120.98997,14.50098],[120.99007,14.50089],[120.98997,14.50089],[120.98997,14.50098]]],[[[120.99266,14.50091],[120.99285,14.501],[120.99285,14.50091],[120.99266,14.50091]]],[[[120.99155,14.50117],[120.99136,14.50108],[120.99136,14.50117],[120.99155,14.50117]]],[[[120.99452,14.5012],[120.99442,14.50111],[120.99442,14.5012],[120.99452,14.5012]]],[[[120.99108,14.50135],[120.99127,14.50144],[120.99127,14.50135],[120.99108,14.50135]]],[[[120.99433,14.50147],[120.99442,14.50156],[120.99442,14.50147],[120.99433,14.50147]]],[[[120.99108,14.50144],[120.99025,14.50152],[120.99007,14.50098],[120.99015,14.50161],[120.99108,14.50144]]],[[[120.99433,14.50165],[120.99423,14.50156],[120.99423,14.50165],[120.99433,14.50165]]],[[[120.99164,14.50181],[120.99136,14.50153],[120.99136,14.50171],[120.99164,14.50181]]],[[[120.99257,14.50055],[120.99201,14.501],[120.99173,14.50163],[120.99275,14.50182],[120.99257,14.50055]]],[[[120.9922,14.50127],[120.99229,14.50145],[120.9922,14.50145],[120.9922,14.50127]]],[[[120.99201,14.50136],[120.9921,14.50145],[120.99201,14.50145],[120.99201,14.50136]]],[[[120.99247,14.50145],[120.99256,14.50163],[120.99238,14.50163],[120.99247,14.50145]]],[[[120.99414,14.50183],[120.99405,14.50174],[120.99405,14.50183],[120.99414,14.50183]]],[[[120.99015,14.50188],[120.99006,14.50179],[120.99006,14.50188],[120.99015,14.50188]]],[[[120.99274,14.50227],[120.99284,14.50236],[120.99284,14.50227],[120.99274,14.50227]]],[[[120.99404,14.50237],[120.99395,14.50228],[120.99395,14.50237],[120.99404,14.50237]]],[[[120.99274,14.50245],[120.99265,14.50236],[120.99265,14.50245],[120.99274,14.50245]]],[[[120.99246,14.50254],[120.99237,14.50245],[120.99237,14.50254],[120.99246,14.50254]]],[[[120.99321,14.50254],[120.99311,14.50245],[120.99311,14.50254],[120.99321,14.50254]]],[[[120.99413,14.50255],[120.99404,14.50246],[120.99404,14.50255],[120.99413,14.50255]]],[[[120.99181,14.50253],[120.99228,14.50263],[120.99228,14.50254],[120.99181,14.50253]]],[[[120.99079,14.5027],[120.99098,14.50261],[120.99079,14.50261],[120.99079,14.5027]]],[[[120.99181,14.50271],[120.99154,14.50262],[120.99153,14.50271],[120.99181,14.50271]]],[[[120.99432,14.50273],[120.99423,14.50264],[120.99422,14.50273],[120.99432,14.50273]]],[[[120.98968,14.50278],[120.98949,14.50269],[120.98949,14.50278],[120.98968,14.50278]]],[[[120.99144,14.50271],[120.99098,14.5028],[120.99144,14.5028],[120.99144,14.50271]]],[[[120.9932,14.50281],[120.9933,14.50272],[120.9932,14.50272],[120.9932,14.50281]]],[[[120.98912,14.50287],[120.98903,14.50281],[120.98903,14.50287],[120.98912,14.50287]]],[[[120.99339,14.50282],[120.9933,14.50291],[120.99339,14.50291],[120.99339,14.50282]]],[[[120.99079,14.50315],[120.9907,14.50288],[120.9906,14.50306],[120.99079,14.50315]]],[[[120.99357,14.503],[120.99339,14.50309],[120.99357,14.50318],[120.99357,14.503]]],[[[120.99431,14.50319],[120.99441,14.50301],[120.99431,14.503],[120.99431,14.50319]]],[[[120.99533,14.50319],[120.99524,14.5031],[120.99524,14.50319],[120.99533,14.50319]]],[[[120.98838,14.50313],[120.98782,14.50322],[120.98838,14.50322],[120.98838,14.50313]]],[[[120.9945,14.50319],[120.9944,14.50328],[120.9945,14.50328],[120.9945,14.50319]]],[[[120.98773,14.50331],[120.98763,14.50322],[120.98763,14.50331],[120.98773,14.50331]]],[[[120.99357,14.50336],[120.99366,14.50327],[120.99357,14.50327],[120.99357,14.50336]]],[[[120.98735,14.5034],[120.98726,14.50331],[120.98726,14.5034],[120.98735,14.5034]]],[[[120.99375,14.50336],[120.99366,14.50345],[120.99375,14.50345],[120.99375,14.50336]]],[[[120.98708,14.50348],[120.98698,14.50339],[120.98698,14.50348],[120.98708,14.50348]]],[[[120.9868,14.50357],[120.9867,14.50348],[120.9867,14.50357],[120.9868,14.50357]]],[[[120.98652,14.50366],[120.98643,14.50357],[120.98642,14.50366],[120.98652,14.50366]]],[[[120.9944,14.50355],[120.99459,14.50373],[120.99459,14.50355],[120.9944,14.50355]]],[[[120.99542,14.50338],[120.99524,14.50374],[120.99551,14.50374],[120.99542,14.50338]]],[[[120.99449,14.50382],[120.9944,14.50373],[120.9944,14.50382],[120.99449,14.50382]]],[[[120.99384,14.50399],[120.99394,14.5039],[120.99384,14.5039],[120.99384,14.50399]]],[[[120.98522,14.50401],[120.98512,14.50392],[120.98512,14.50401],[120.98522,14.50401]]],[[[120.99403,14.504],[120.99393,14.50418],[120.99403,14.50418],[120.99403,14.504]]],[[[120.98475,14.50419],[120.98466,14.5041],[120.98466,14.50419],[120.98475,14.50419]]],[[[120.99412,14.50418],[120.99402,14.50427],[120.99412,14.50427],[120.99412,14.50418]]],[[[120.99421,14.50445],[120.99412,14.50436],[120.99412,14.50445],[120.99421,14.50445]]],[[[120.98363,14.50472],[120.98354,14.50454],[120.98354,14.50472],[120.98363,14.50472]]],[[[120.9943,14.50472],[120.99421,14.50463],[120.99421,14.50472],[120.9943,14.50472]]],[[[120.9943,14.50499],[120.9942,14.5049],[120.9942,14.50499],[120.9943,14.50499]]],[[[120.99485,14.50509],[120.99476,14.505],[120.99476,14.50509],[120.99485,14.50509]]],[[[120.99439,14.50517],[120.9943,14.50508],[120.99429,14.50517],[120.99439,14.50517]]],[[[120.98242,14.50525],[120.98224,14.50516],[120.98224,14.50525],[120.98242,14.50525]]],[[[120.98149,14.50533],[120.9814,14.50524],[120.9814,14.50533],[120.98149,14.50533]]],[[[120.98177,14.50534],[120.98168,14.50525],[120.98168,14.50534],[120.98177,14.50534]]],[[[120.99448,14.50536],[120.99439,14.50526],[120.99439,14.50535],[120.99448,14.50536]]],[[[120.98131,14.50533],[120.98103,14.50542],[120.98131,14.50542],[120.98131,14.50533]]],[[[120.99494,14.50554],[120.99485,14.50545],[120.99485,14.50554],[120.99494,14.50554]]],[[[120.98019,14.50559],[120.9801,14.5055],[120.9801,14.50559],[120.98019,14.50559]]],[[[120.97973,14.50577],[120.97963,14.50568],[120.97963,14.50577],[120.97973,14.50577]]],[[[120.99457,14.50581],[120.99448,14.50563],[120.99447,14.50581],[120.99457,14.50581]]],[[[120.99503,14.50599],[120.99494,14.5059],[120.99494,14.50599],[120.99503,14.50599]]],[[[120.99466,14.50617],[120.99457,14.50608],[120.99456,14.50617],[120.99466,14.50617]]],[[[120.98009,14.50623],[120.98019,14.50632],[120.98019,14.50623],[120.98009,14.50623]]],[[[120.98009,14.50632],[120.97972,14.50631],[120.97963,14.50595],[120.97963,14.50649],[120.98009,14.50632]]],[[[120.99475,14.50653],[120.99465,14.50644],[120.99465,14.50653],[120.99475,14.50653]]],[[[120.97833,14.50657],[120.97814,14.50639],[120.97814,14.50657],[120.97833,14.50657]]],[[[120.99548,14.50699],[120.9953,14.50681],[120.9953,14.50699],[120.99548,14.50699]]],[[[120.99502,14.50717],[120.99493,14.50708],[120.99493,14.50717],[120.99502,14.50717]]],[[[120.99511,14.50762],[120.99502,14.50753],[120.99502,14.50762],[120.99511,14.50762]]],[[[120.99548,14.50762],[120.99539,14.50753],[120.99539,14.50762],[120.99548,14.50762]]],[[[120.99548,14.50798],[120.99538,14.5078],[120.99538,14.50798],[120.99548,14.50798]]],[[[120.99529,14.50807],[120.9952,14.50798],[120.9952,14.50807],[120.99529,14.50807]]],[[[120.99538,14.50871],[120.99528,14.50862],[120.99528,14.50871],[120.99538,14.50871]]],[[[120.99547,14.50898],[120.99538,14.5088],[120.99537,14.50898],[120.99547,14.50898]]],[[[120.99556,14.50934],[120.99546,14.50925],[120.99546,14.50934],[120.99556,14.50934]]],[[[120.99611,14.51007],[120.99601,14.50998],[120.99601,14.51007],[120.99611,14.51007]]],[[[120.99582,14.51043],[120.99573,14.51034],[120.99573,14.51043],[120.99582,14.51043]]],[[[120.99591,14.51079],[120.99582,14.5107],[120.99582,14.51079],[120.99591,14.51079]]],[[[120.996,14.51106],[120.99591,14.51097],[120.99591,14.51106],[120.996,14.51106]]],[[[120.99609,14.51133],[120.996,14.51124],[120.996,14.51133],[120.99609,14.51133]]],[[[120.99692,14.51188],[120.99683,14.51179],[120.99683,14.51188],[120.99692,14.51188]]],[[[120.99655,14.51197],[120.99646,14.51188],[120.99646,14.51197],[120.99655,14.51197]]],[[[120.99738,14.51306],[120.99729,14.51297],[120.99729,14.51306],[120.99738,14.51306]]],[[[120.99784,14.51325],[120.99775,14.51315],[120.99775,14.51325],[120.99784,14.51325]]],[[[120.99756,14.51342],[120.99747,14.51333],[120.99747,14.51342],[120.99756,14.51342]]],[[[120.99765,14.51388],[120.99756,14.51361],[120.99756,14.51388],[120.99765,14.51388]]],[[[120.99755,14.51415],[120.99746,14.51406],[120.99746,14.51415],[120.99755,14.51415]]],[[[120.99783,14.51433],[120.99774,14.51424],[120.99774,14.51433],[120.99783,14.51433]]],[[[120.99782,14.5156],[120.99773,14.5155],[120.99773,14.51559],[120.99782,14.5156]]],[[[120.97889,14.51616],[120.9788,14.51606],[120.9788,14.51616],[120.97889,14.51616]]],[[[120.99763,14.51623],[120.99754,14.51614],[120.99753,14.51623],[120.99763,14.51623]]],[[[120.98612,14.51667],[120.98603,14.51658],[120.98603,14.51667],[120.98612,14.51667]]],[[[120.9979,14.51695],[120.99781,14.51686],[120.99781,14.51695],[120.9979,14.51695]]],[[[120.98612,14.51721],[120.98621,14.51676],[120.98612,14.51676],[120.98612,14.51721]]],[[[120.98686,14.51722],[120.98677,14.51713],[120.98677,14.51722],[120.98686,14.51722]]],[[[120.99799,14.51722],[120.9979,14.51713],[120.9979,14.51722],[120.99799,14.51722]]],[[[120.99827,14.51723],[120.99818,14.51713],[120.99818,14.51722],[120.99827,14.51723]]],[[[120.9863,14.51721],[120.98621,14.5173],[120.9863,14.5173],[120.9863,14.51721]]],[[[120.98695,14.51749],[120.98676,14.5174],[120.98676,14.51749],[120.98695,14.51749]]],[[[120.99817,14.5175],[120.99808,14.5174],[120.99808,14.5175],[120.99817,14.5175]]],[[[120.98741,14.51749],[120.98723,14.51758],[120.98741,14.51768],[120.98741,14.51749]]],[[[120.98658,14.51776],[120.9863,14.51776],[120.98657,14.51785],[120.98658,14.51776]]],[[[120.98685,14.51785],[120.98676,14.51767],[120.98676,14.51785],[120.98685,14.51785]]],[[[120.99845,14.51786],[120.99836,14.51777],[120.99836,14.51786],[120.99845,14.51786]]],[[[120.99854,14.51804],[120.99845,14.51795],[120.99845,14.51804],[120.99854,14.51804]]],[[[120.99872,14.51831],[120.99863,14.51822],[120.99863,14.51831],[120.99872,14.51831]]],[[[120.9849,14.5182],[120.98509,14.51838],[120.98518,14.5182],[120.9849,14.5182]]],[[[120.98629,14.51848],[120.9862,14.5183],[120.9862,14.51848],[120.98629,14.51848]]],[[[120.99881,14.5185],[120.99872,14.5184],[120.99872,14.51849],[120.99881,14.5185]]],[[[120.98499,14.51856],[120.98481,14.51838],[120.98481,14.51856],[120.98499,14.51856]]],[[[120.99909,14.51859],[120.999,14.5185],[120.999,14.51859],[120.99909,14.51859]]],[[[120.98434,14.51864],[120.98425,14.51855],[120.98425,14.51864],[120.98434,14.51864]]],[[[120.98564,14.51865],[120.98545,14.51856],[120.98545,14.51865],[120.98564,14.51865]]],[[[120.98582,14.51866],[120.98573,14.51856],[120.98573,14.51865],[120.98582,14.51866]]],[[[120.98638,14.51857],[120.98675,14.51848],[120.98638,14.51848],[120.98638,14.51857]]],[[[120.9989,14.51868],[120.99881,14.51859],[120.99881,14.51868],[120.9989,14.51868]]],[[[120.98694,14.51876],[120.98685,14.51866],[120.98684,14.51875],[120.98694,14.51876]]],[[[120.98722,14.51876],[120.98712,14.51867],[120.98712,14.51876],[120.98722,14.51876]]],[[[120.99918,14.51877],[120.99909,14.51868],[120.99909,14.51877],[120.99918,14.51877]]],[[[120.98156,14.5188],[120.98146,14.51871],[120.98146,14.5188],[120.98156,14.5188]]],[[[120.98007,14.51879],[120.98026,14.5188],[120.98044,14.51879],[120.98007,14.51879]]],[[[120.9861,14.51893],[120.98564,14.51902],[120.9861,14.51902],[120.9861,14.51893]]],[[[120.99927,14.51904],[120.99918,14.51895],[120.99918,14.51904],[120.99927,14.51904]]],[[[120.98647,14.51911],[120.98638,14.51902],[120.98638,14.51911],[120.98647,14.51911]]],[[[120.98378,14.51918],[120.98369,14.51909],[120.98369,14.51918],[120.98378,14.51918]]],[[[120.98471,14.5191],[120.98536,14.51919],[120.98536,14.5191],[120.98471,14.5191]]],[[[120.98712,14.51921],[120.98693,14.51912],[120.98693,14.51921],[120.98712,14.51921]]],[[[120.98146,14.51925],[120.98137,14.51916],[120.98137,14.51925],[120.98146,14.51925]]],[[[120.98471,14.51928],[120.98461,14.51919],[120.98461,14.51928],[120.98471,14.51928]]],[[[120.98758,14.5193],[120.98749,14.51921],[120.98749,14.5193],[120.98758,14.5193]]],[[[120.98823,14.5194],[120.98805,14.51931],[120.98804,14.5194],[120.98823,14.5194]]],[[[120.9848,14.51946],[120.98471,14.51937],[120.9847,14.51946],[120.9848,14.51946]]],[[[120.9886,14.51949],[120.98851,14.5194],[120.98851,14.51949],[120.9886,14.51949]]],[[[120.99945,14.5195],[120.99936,14.5194],[120.99936,14.51949],[120.99945,14.5195]]],[[[120.9796,14.5196],[120.97951,14.5195],[120.97951,14.5196],[120.9796,14.5196]]],[[[120.97988,14.51969],[120.97979,14.51951],[120.97979,14.51969],[120.97988,14.51969]]],[[[120.99064,14.51969],[120.99055,14.5196],[120.99055,14.51969],[120.99064,14.51969]]],[[[120.99954,14.51977],[120.99945,14.51968],[120.99945,14.51977],[120.99954,14.51977]]],[[[120.99082,14.51978],[120.99073,14.51969],[120.99073,14.51978],[120.99082,14.51978]]],[[[120.98489,14.51991],[120.98479,14.51973],[120.98479,14.51991],[120.98489,14.51991]]],[[[120.99945,14.51995],[120.99936,14.51986],[120.99936,14.51995],[120.99945,14.51995]]],[[[120.99936,14.52013],[120.99926,14.52004],[120.99926,14.52013],[120.99936,14.52013]]],[[[120.97969,14.52014],[120.9796,14.52005],[120.9796,14.52014],[120.97969,14.52014]]],[[[120.98182,14.52025],[120.98173,14.52016],[120.98173,14.52025],[120.98182,14.52025]]],[[[120.99908,14.52031],[120.99898,14.52021],[120.99898,14.5203],[120.99908,14.52031]]],[[[120.98117,14.52024],[120.98126,14.52033],[120.98127,14.52024],[120.98117,14.52024]]],[[[120.98358,14.52026],[120.98368,14.52035],[120.98368,14.52026],[120.98358,14.52026]]],[[[120.99926,14.5204],[120.99917,14.52022],[120.99917,14.5204],[120.99926,14.5204]]],[[[120.98015,14.52041],[120.98006,14.52032],[120.98006,14.52041],[120.98015,14.52041]]],[[[120.98117,14.52042],[120.98108,14.52033],[120.98108,14.52042],[120.98117,14.52042]]],[[[120.98145,14.52043],[120.98136,14.52033],[120.98136,14.52042],[120.98145,14.52043]]],[[[120.98219,14.52043],[120.9821,14.52034],[120.9821,14.52043],[120.98219,14.52043]]],[[[120.98358,14.52044],[120.98349,14.52035],[120.98349,14.52044],[120.98358,14.52044]]],[[[120.982,14.52052],[120.98182,14.52043],[120.98182,14.52052],[120.982,14.52052]]],[[[120.98117,14.5206],[120.98108,14.52051],[120.98108,14.5206],[120.98117,14.5206]]],[[[120.98145,14.52061],[120.98136,14.52051],[120.98135,14.52061],[120.98145,14.52061]]],[[[120.9834,14.52062],[120.98349,14.52071],[120.98349,14.52062],[120.9834,14.52062]]],[[[120.98145,14.52079],[120.98126,14.52069],[120.98126,14.52079],[120.98145,14.52079]]],[[[120.99916,14.52085],[120.99907,14.52067],[120.99907,14.52085],[120.99916,14.52085]]],[[[120.98349,14.52089],[120.98284,14.52062],[120.98274,14.5208],[120.98349,14.52089]]],[[[120.98154,14.52106],[120.98135,14.52097],[120.98135,14.52106],[120.98154,14.52106]]],[[[120.9807,14.52114],[120.98061,14.52105],[120.98061,14.52114],[120.9807,14.52114]]],[[[120.98116,14.52115],[120.98107,14.52105],[120.98107,14.52114],[120.98116,14.52115]]],[[[120.98024,14.52123],[120.98014,14.52114],[120.98014,14.52123],[120.98024,14.52123]]],[[[120.99906,14.52157],[120.99897,14.52139],[120.99897,14.52157],[120.99906,14.52157]]],[[[120.98404,14.52162],[120.98422,14.52153],[120.98404,14.52144],[120.98404,14.52162]]],[[[120.99888,14.52175],[120.99878,14.52166],[120.99878,14.52175],[120.99888,14.52175]]],[[[120.98431,14.52171],[120.98422,14.5218],[120.98431,14.52181],[120.98431,14.52171]]],[[[120.9844,14.52181],[120.98431,14.5219],[120.9844,14.5219],[120.9844,14.52181]]],[[[120.98514,14.52235],[120.98505,14.52226],[120.98505,14.52235],[120.98514,14.52235]]],[[[120.98486,14.52253],[120.98496,14.52244],[120.98486,14.52244],[120.98486,14.52253]]],[[[120.98533,14.52263],[120.98523,14.52272],[120.98532,14.52272],[120.98533,14.52263]]],[[[120.98505,14.52281],[120.98523,14.52245],[120.98495,14.52253],[120.98505,14.52281]]],[[[120.98273,14.52288],[120.98263,14.52278],[120.98263,14.52288],[120.98273,14.52288]]],[[[120.98551,14.5229],[120.98542,14.52281],[120.98542,14.5229],[120.98551,14.5229]]],[[[120.99887,14.52292],[120.99878,14.5222],[120.99877,14.52292],[120.99887,14.52292]]],[[[120.98272,14.52306],[120.98263,14.52297],[120.98263,14.52306],[120.98272,14.52306]]],[[[120.97985,14.52312],[120.97976,14.52303],[120.97975,14.52312],[120.97985,14.52312]]],[[[120.98513,14.52326],[120.9856,14.52299],[120.98513,14.52317],[120.98513,14.52326]]],[[[120.98291,14.52333],[120.98282,14.52315],[120.98281,14.52333],[120.98291,14.52333]]],[[[120.98569,14.52326],[120.9856,14.52335],[120.98569,14.52335],[120.98569,14.52326]]],[[[120.97975,14.52348],[120.97966,14.52339],[120.97966,14.52348],[120.97975,14.52348]]],[[[120.98309,14.52351],[120.98318,14.52342],[120.98309,14.52342],[120.98309,14.52351]]],[[[120.98337,14.52342],[120.98346,14.52351],[120.98346,14.52342],[120.98337,14.52342]]],[[[120.97957,14.52357],[120.97947,14.52348],[120.97947,14.52357],[120.97957,14.52357]]],[[[120.98003,14.52358],[120.97994,14.52348],[120.97994,14.52357],[120.98003,14.52358]]],[[[120.98337,14.5236],[120.98318,14.52351],[120.98318,14.5236],[120.98337,14.5236]]],[[[120.98049,14.52358],[120.98068,14.52367],[120.98068,14.52358],[120.98049,14.52358]]],[[[120.98049,14.52376],[120.98031,14.52358],[120.98012,14.52376],[120.98049,14.52376]]],[[[120.98244,14.52396],[120.98235,14.52387],[120.98234,14.52396],[120.98244,14.52396]]],[[[120.98281,14.52396],[120.98272,14.52387],[120.98272,14.52396],[120.98281,14.52396]]],[[[120.98337,14.52397],[120.98327,14.52387],[120.98327,14.52397],[120.98337,14.52397]]],[[[120.98439,14.52361],[120.98476,14.52371],[120.98476,14.52362],[120.98439,14.52361]]],[[[120.98615,14.52408],[120.98605,14.52399],[120.98605,14.52408],[120.98615,14.52408]]],[[[120.98336,14.52415],[120.98318,14.52405],[120.98318,14.52415],[120.98336,14.52415]]],[[[120.98587,14.52408],[120.98596,14.52417],[120.98596,14.52408],[120.98587,14.52408]]],[[[120.98587,14.52426],[120.98578,14.52417],[120.98577,14.52426],[120.98587,14.52426]]],[[[120.98726,14.52418],[120.98735,14.52427],[120.98735,14.52418],[120.98726,14.52418]]],[[[120.98466,14.52425],[120.98429,14.52434],[120.98466,14.52434],[120.98466,14.52425]]],[[[120.98726,14.52436],[120.98717,14.52427],[120.98716,14.52436],[120.98726,14.52436]]],[[[120.98318,14.52442],[120.98308,14.52433],[120.98308,14.52442],[120.98318,14.52442]]],[[[120.98531,14.52443],[120.98522,14.52434],[120.98522,14.52443],[120.98531,14.52443]]],[[[120.98707,14.52445],[120.98689,14.52436],[120.98689,14.52445],[120.98707,14.52445]]],[[[120.98706,14.52526],[120.98734,14.52517],[120.98706,14.52517],[120.98706,14.52526]]],[[[120.98743,14.52527],[120.98734,14.52536],[120.98743,14.52536],[120.98743,14.52527]]],[[[120.98484,14.52542],[120.98474,14.52524],[120.98465,14.52542],[120.98484,14.52542]]],[[[120.99857,14.52545],[120.99905,14.52347],[120.99905,14.52293],[120.99857,14.52545]]],[[[120.98576,14.52588],[120.98567,14.52579],[120.98567,14.52588],[120.98576,14.52588]]],[[[120.9852,14.52669],[120.98529,14.52615],[120.9852,14.52615],[120.9852,14.52669]]],[[[120.98547,14.5266],[120.98538,14.52669],[120.98547,14.5267],[120.98547,14.5266]]],[[[120.9851,14.52714],[120.98519,14.52696],[120.9851,14.52696],[120.9851,14.52714]]],[[[120.98529,14.52705],[120.98538,14.52715],[120.98538,14.52706],[120.98529,14.52705]]],[[[120.98528,14.52724],[120.98519,14.52714],[120.98519,14.52723],[120.98528,14.52724]]],[[[120.98509,14.5276],[120.985,14.5275],[120.985,14.52759],[120.98509,14.5276]]],[[[120.98175,14.52784],[120.98166,14.52775],[120.98166,14.52784],[120.98175,14.52784]]],[[[120.985,14.52769],[120.98481,14.52777],[120.985,14.52787],[120.985,14.52769]]],[[[120.98073,14.52783],[120.98092,14.52792],[120.98092,14.52783],[120.98073,14.52783]]],[[[120.98073,14.52801],[120.98055,14.52792],[120.98055,14.52801],[120.98073,14.52801]]],[[[120.98194,14.52793],[120.98166,14.52802],[120.98194,14.52802],[120.98194,14.52793]]],[[[120.98657,14.52806],[120.98648,14.52788],[120.98648,14.52806],[120.98657,14.52806]]],[[[120.98054,14.5281],[120.98036,14.52801],[120.98036,14.5281],[120.98054,14.5281]]],[[[120.98036,14.52819],[120.98017,14.52837],[120.98082,14.52828],[120.98036,14.52819]]],[[[120.98119,14.52838],[120.98101,14.52828],[120.98101,14.52837],[120.98119,14.52838]]],[[[120.98017,14.52846],[120.98008,14.52837],[120.98008,14.52846],[120.98017,14.52846]]],[[[120.98147,14.52847],[120.98128,14.52838],[120.98128,14.52847],[120.98147,14.52847]]],[[[120.98499,14.52877],[120.9849,14.52868],[120.9849,14.52877],[120.98499,14.52877]]],[[[120.98555,14.52886],[120.98546,14.52877],[120.98545,14.52886],[120.98555,14.52886]]],[[[120.9862,14.52887],[120.98666,14.5286],[120.9862,14.52869],[120.9862,14.52887]]],[[[120.98434,14.52885],[120.98471,14.52886],[120.98471,14.52868],[120.98434,14.52885]]],[[[120.98582,14.52923],[120.98573,14.52905],[120.98545,14.52923],[120.98582,14.52923]]],[[[120.98601,14.52923],[120.98592,14.52914],[120.98591,14.52923],[120.98601,14.52923]]],[[[120.98156,14.52919],[120.98165,14.52892],[120.98156,14.52892],[120.98156,14.52919]]],[[[120.98202,14.5292],[120.98211,14.52929],[120.98211,14.5292],[120.98202,14.5292]]],[[[120.98536,14.52931],[120.98527,14.52922],[120.98526,14.52931],[120.98536,14.52931]]],[[[120.98202,14.52938],[120.98183,14.52928],[120.98183,14.52937],[120.98202,14.52938]]],[[[120.98554,14.52941],[120.98545,14.52932],[120.98545,14.52941],[120.98554,14.52941]]],[[[120.98526,14.52959],[120.98517,14.52949],[120.98517,14.52958],[120.98526,14.52959]]],[[[120.98517,14.52976],[120.98508,14.52967],[120.98508,14.52976],[120.98517,14.52976]]],[[[120.98823,14.52979],[120.98814,14.52961],[120.98804,14.52979],[120.98823,14.52979]]],[[[120.98266,14.52983],[120.98248,14.52956],[120.98248,14.52983],[120.98266,14.52983]]],[[[120.98303,14.52993],[120.98294,14.52984],[120.98294,14.52993],[120.98303,14.52993]]],[[[120.98544,14.52995],[120.98526,14.52986],[120.98526,14.52995],[120.98544,14.52995]]],[[[120.98563,14.52977],[120.98554,14.52995],[120.98572,14.52995],[120.98563,14.52977]]],[[[120.98804,14.52997],[120.98795,14.52988],[120.98795,14.52997],[120.98804,14.52997]]],[[[120.98405,14.53003],[120.98387,14.52993],[120.98387,14.53002],[120.98405,14.53003]]],[[[120.98582,14.52995],[120.98572,14.53004],[120.98581,14.53004],[120.98582,14.52995]]],[[[120.98452,14.53012],[120.98442,14.53003],[120.98442,14.53012],[120.98452,14.53012]]],[[[120.98535,14.53013],[120.98526,14.53004],[120.98526,14.53013],[120.98535,14.53013]]],[[[120.98572,14.53022],[120.98563,14.53013],[120.98563,14.53022],[120.98572,14.53022]]],[[[120.97969,14.53026],[120.9796,14.53017],[120.9796,14.53026],[120.97969,14.53026]]],[[[120.98006,14.53017],[120.97978,14.53026],[120.98006,14.53026],[120.98006,14.53017]]],[[[120.98043,14.53027],[120.98034,14.53018],[120.98034,14.53027],[120.98043,14.53027]]],[[[120.98479,14.53067],[120.9847,14.53057],[120.9847,14.53066],[120.98479,14.53067]]],[[[120.98173,14.53064],[120.98191,14.53073],[120.98191,14.53064],[120.98173,14.53064]]],[[[120.98126,14.53082],[120.98173,14.53055],[120.98173,14.53037],[120.98126,14.53082]]],[[[120.98173,14.53082],[120.98163,14.53073],[120.98163,14.53082],[120.98173,14.53082]]],[[[120.98238,14.53083],[120.98228,14.53073],[120.98228,14.53082],[120.98238,14.53083]]],[[[120.98664,14.53086],[120.98655,14.53077],[120.98655,14.53086],[120.98664,14.53086]]],[[[120.98265,14.53092],[120.98256,14.53074],[120.98256,14.53092],[120.98265,14.53092]]],[[[120.98497,14.53085],[120.98506,14.53094],[120.98507,14.53085],[120.98497,14.53085]]],[[[120.98599,14.53095],[120.98581,14.53085],[120.98581,14.53095],[120.98599,14.53095]]],[[[120.98627,14.53095],[120.98618,14.53086],[120.98618,14.53095],[120.98627,14.53095]]],[[[120.9833,14.5311],[120.98312,14.53101],[120.98311,14.5311],[120.9833,14.5311]]],[[[120.98358,14.53111],[120.98349,14.53102],[120.98349,14.53111],[120.98358,14.53111]]],[[[120.98914,14.53115],[120.98905,14.53106],[120.98905,14.53115],[120.98914,14.53115]]],[[[120.98386,14.5312],[120.98367,14.53111],[120.98367,14.5312],[120.98386,14.5312]]],[[[120.98627,14.53113],[120.9858,14.53122],[120.98627,14.53122],[120.98627,14.53113]]],[[[120.98571,14.53122],[120.98543,14.5313],[120.98571,14.53131],[120.98571,14.53122]]],[[[120.98673,14.53131],[120.98664,14.53122],[120.98664,14.53131],[120.98673,14.53131]]],[[[120.98543,14.53121],[120.98432,14.53066],[120.98404,14.53138],[120.98441,14.53148],[120.98432,14.53111],[120.98487,14.53148],[120.98543,14.53121]]],[[[120.98645,14.5314],[120.98636,14.53149],[120.98691,14.5315],[120.98645,14.5314]]],[[[120.99267,14.53155],[120.99257,14.53146],[120.99257,14.53155],[120.99267,14.53155]]],[[[120.9845,14.53148],[120.98441,14.53157],[120.9845,14.53157],[120.9845,14.53148]]],[[[120.98487,14.53157],[120.98478,14.53148],[120.98478,14.53157],[120.98487,14.53157]]],[[[120.99304,14.53173],[120.99294,14.53164],[120.99294,14.53173],[120.99304,14.53173]]],[[[120.98589,14.53185],[120.98608,14.53167],[120.98589,14.53158],[120.98589,14.53185]]],[[[120.99155,14.5319],[120.99146,14.53172],[120.99146,14.5319],[120.99155,14.5319]]],[[[120.98459,14.53193],[120.9845,14.53184],[120.9845,14.53193],[120.98459,14.53193]]],[[[120.98478,14.53211],[120.98469,14.53175],[120.98468,14.53211],[120.98478,14.53211]]],[[[120.98626,14.53212],[120.98617,14.53203],[120.98617,14.53212],[120.98626,14.53212]]],[[[120.99293,14.53281],[120.99285,14.532],[120.99284,14.53281],[120.99293,14.53281]]],[[[120.98588,14.53284],[120.98579,14.53248],[120.98579,14.53284],[120.98588,14.53284]]],[[[120.98662,14.53285],[120.98607,14.53294],[120.98662,14.53294],[120.98662,14.53285]]],[[[120.9843,14.53301],[120.98449,14.53265],[120.9844,14.53211],[120.9843,14.53301]]],[[[120.98467,14.53365],[120.98448,14.53355],[120.98448,14.53364],[120.98467,14.53365]]],[[[120.9868,14.53348],[120.9869,14.53367],[120.9869,14.53348],[120.9868,14.53348]]],[[[120.9868,14.53385],[120.98671,14.53366],[120.98671,14.53384],[120.9868,14.53385]]],[[[120.98439,14.53401],[120.9842,14.53373],[120.98429,14.534],[120.98439,14.53401]]],[[[120.98569,14.53402],[120.98587,14.53366],[120.98588,14.53311],[120.98569,14.53402]]],[[[120.98411,14.53436],[120.98401,14.53418],[120.98401,14.53436],[120.98411,14.53436]]],[[[120.98429,14.53437],[120.9842,14.53427],[120.9842,14.53437],[120.98429,14.53437]]],[[[120.98578,14.53438],[120.98568,14.5342],[120.98568,14.53438],[120.98578,14.53438]]],[[[120.99273,14.53444],[120.99264,14.53435],[120.99264,14.53444],[120.99273,14.53444]]],[[[120.98457,14.53446],[120.98448,14.53419],[120.98448,14.53446],[120.98457,14.53446]]],[[[120.98671,14.53412],[120.98679,14.53448],[120.9868,14.53412],[120.98671,14.53412]]],[[[120.98661,14.53466],[120.98652,14.53457],[120.98651,14.53466],[120.98661,14.53466]]],[[[120.99264,14.53471],[120.99255,14.53462],[120.99254,14.53471],[120.99264,14.53471]]],[[[120.98438,14.53491],[120.98447,14.53482],[120.98438,14.53482],[120.98438,14.53491]]],[[[120.98568,14.53492],[120.98559,14.53456],[120.98558,14.53492],[120.98568,14.53492]]],[[[120.98456,14.53491],[120.98447,14.535],[120.98456,14.535],[120.98456,14.53491]]],[[[120.98466,14.535],[120.98456,14.53509],[120.98466,14.53509],[120.98466,14.535]]],[[[120.98549,14.53528],[120.9853,14.53519],[120.9853,14.53528],[120.98549,14.53528]]],[[[120.98428,14.53554],[120.98447,14.53545],[120.98428,14.53545],[120.98428,14.53554]]],[[[120.98558,14.53555],[120.98539,14.53546],[120.98539,14.53555],[120.98558,14.53555]]],[[[120.98558,14.53537],[120.98586,14.53555],[120.98586,14.53537],[120.98558,14.53537]]],[[[120.98632,14.53547],[120.98604,14.53556],[120.98632,14.53556],[120.98632,14.53547]]],[[[120.98391,14.53563],[120.98382,14.53554],[120.98382,14.53563],[120.98391,14.53563]]],[[[120.98456,14.53554],[120.98447,14.53563],[120.98456,14.53563],[120.98456,14.53554]]],[[[120.98465,14.53554],[120.98474,14.53564],[120.98474,14.53554],[120.98465,14.53554]]],[[[120.98669,14.53565],[120.98651,14.53556],[120.98651,14.53565],[120.98669,14.53565]]],[[[120.98409,14.53572],[120.984,14.53563],[120.984,14.53572],[120.98409,14.53572]]],[[[120.98465,14.53572],[120.98456,14.53563],[120.98456,14.53572],[120.98465,14.53572]]],[[[120.98493,14.53564],[120.98474,14.53573],[120.98493,14.53573],[120.98493,14.53564]]],[[[120.98539,14.53573],[120.9853,14.53564],[120.9853,14.53573],[120.98539,14.53573]]],[[[120.98595,14.53574],[120.98558,14.53555],[120.98558,14.53573],[120.98595,14.53574]]],[[[120.98706,14.53575],[120.98688,14.53565],[120.98688,14.53574],[120.98706,14.53575]]],[[[120.98632,14.53574],[120.98595,14.53583],[120.98632,14.53583],[120.98632,14.53574]]],[[[120.98418,14.5359],[120.98428,14.53581],[120.98419,14.53581],[120.98418,14.5359]]],[[[120.98446,14.53581],[120.98456,14.5359],[120.98456,14.53581],[120.98446,14.53581]]],[[[120.9865,14.53592],[120.98678,14.53583],[120.9865,14.53583],[120.9865,14.53592]]],[[[120.98725,14.53593],[120.98678,14.53601],[120.98724,14.53602],[120.98725,14.53593]]],[[[120.98418,14.53617],[120.98409,14.53608],[120.98409,14.53617],[120.98418,14.53617]]],[[[120.98557,14.53618],[120.98548,14.53573],[120.98548,14.53618],[120.98557,14.53618]]],[[[120.984,14.53626],[120.98391,14.53599],[120.9839,14.53626],[120.984,14.53626]]],[[[120.98734,14.53611],[120.98817,14.53612],[120.98734,14.53602],[120.98734,14.53611]]],[[[120.98548,14.53636],[120.98539,14.53618],[120.98539,14.53636],[120.98548,14.53636]]],[[[120.98863,14.53639],[120.98854,14.53594],[120.98715,14.53575],[120.98863,14.53639]]],[[[120.9891,14.53649],[120.989,14.53639],[120.989,14.53649],[120.9891,14.53649]]],[[[120.98436,14.53663],[120.98428,14.5359],[120.98427,14.53663],[120.98436,14.53663]]],[[[120.9839,14.53689],[120.98381,14.53671],[120.9838,14.53689],[120.9839,14.53689]]],[[[120.9839,14.53644],[120.98408,14.53689],[120.98399,14.53644],[120.9839,14.53644]]],[[[120.9838,14.53698],[120.98371,14.53689],[120.98371,14.53698],[120.9838,14.53698]]],[[[120.98371,14.53716],[120.98362,14.53698],[120.98362,14.53716],[120.98371,14.53716]]],[[[120.98538,14.53718],[120.98529,14.53663],[120.98529,14.53718],[120.98538,14.53718]]],[[[120.9838,14.53716],[120.98371,14.53725],[120.9838,14.53725],[120.9838,14.53716]]],[[[120.98399,14.53726],[120.98408,14.53708],[120.98399,14.53707],[120.98399,14.53726]]],[[[120.98417,14.53726],[120.98408,14.53735],[120.98417,14.53735],[120.98417,14.53726]]],[[[120.98547,14.53736],[120.98538,14.53727],[120.98538,14.53736],[120.98547,14.53736]]],[[[120.98389,14.53753],[120.9838,14.53743],[120.9838,14.53752],[120.98389,14.53753]]],[[[120.98408,14.53744],[120.98417,14.53753],[120.98417,14.53744],[120.98408,14.53744]]],[[[120.98436,14.53753],[120.98426,14.53726],[120.98426,14.53753],[120.98436,14.53753]]],[[[120.98547,14.53754],[120.98538,14.53745],[120.98538,14.53754],[120.98547,14.53754]]],[[[120.98407,14.53789],[120.98398,14.53753],[120.98398,14.53789],[120.98407,14.53789]]],[[[120.98416,14.53825],[120.98407,14.53807],[120.98407,14.53825],[120.98416,14.53825]]],[[[120.98417,14.53762],[120.98435,14.53825],[120.98426,14.53762],[120.98417,14.53762]]],[[[120.98398,14.53834],[120.98379,14.53798],[120.98379,14.53834],[120.98398,14.53834]]],[[[120.98518,14.53844],[120.98509,14.53826],[120.98509,14.53844],[120.98518,14.53844]]],[[[120.98537,14.53844],[120.98519,14.53772],[120.98527,14.53844],[120.98537,14.53844]]],[[[120.98082,14.53849],[120.98073,14.53831],[120.98064,14.53849],[120.98082,14.53849]]],[[[120.99279,14.53851],[120.99288,14.53824],[120.99279,14.53823],[120.99279,14.53851]]],[[[120.98296,14.53842],[120.98305,14.53851],[120.98305,14.53842],[120.98296,14.53842]]],[[[120.98379,14.53852],[120.9837,14.53843],[120.9837,14.53852],[120.98379,14.53852]]],[[[120.98138,14.5385],[120.9811,14.53859],[120.98138,14.53859],[120.98138,14.5385]]],[[[120.9823,14.5386],[120.98221,14.53851],[120.98221,14.5386],[120.9823,14.5386]]],[[[120.99297,14.53851],[120.99288,14.5386],[120.99297,14.5386],[120.99297,14.53851]]],[[[120.98295,14.5386],[120.98249,14.53851],[120.98249,14.5386],[120.98295,14.5386]]],[[[120.9836,14.53852],[120.98323,14.5386],[120.9836,14.53861],[120.9836,14.53852]]],[[[120.99307,14.5386],[120.99297,14.53869],[120.99307,14.53869],[120.99307,14.5386]]],[[[120.9926,14.53878],[120.99251,14.53868],[120.99251,14.53877],[120.9926,14.53878]]],[[[120.98407,14.53879],[120.98397,14.5387],[120.98397,14.53879],[120.98407,14.53879]]],[[[120.98063,14.53885],[120.98045,14.53876],[120.98045,14.53885],[120.98063,14.53885]]],[[[120.99232,14.53868],[120.99241,14.53886],[120.99242,14.53868],[120.99232,14.53868]]],[[[120.98425,14.53888],[120.98416,14.53843],[120.98416,14.53888],[120.98425,14.53888]]],[[[120.98536,14.53889],[120.98527,14.53871],[120.98527,14.53889],[120.98536,14.53889]]],[[[120.98202,14.53896],[120.98193,14.53877],[120.98193,14.53895],[120.98202,14.53896]]],[[[120.98063,14.53912],[120.98054,14.53903],[120.98054,14.53912],[120.98063,14.53912]]],[[[120.98202,14.53914],[120.98193,14.53904],[120.98193,14.53914],[120.98202,14.53914]]],[[[120.98508,14.53916],[120.98499,14.5388],[120.98499,14.53916],[120.98508,14.53916]]],[[[120.98397,14.53924],[120.98388,14.53897],[120.98378,14.53915],[120.98397,14.53924]]],[[[120.98555,14.53926],[120.98545,14.53917],[120.98545,14.53926],[120.98555,14.53926]]],[[[120.98527,14.53934],[120.98517,14.53925],[120.98517,14.53934],[120.98527,14.53934]]],[[[120.98517,14.53971],[120.98508,14.53952],[120.98508,14.5397],[120.98517,14.53971]]],[[[120.98498,14.53988],[120.98489,14.53961],[120.98489,14.53988],[120.98498,14.53988]]],[[[120.99231,14.53995],[120.99222,14.53977],[120.99222,14.53995],[120.99231,14.53995]]],[[[120.98415,14.53997],[120.98406,14.53988],[120.98405,14.53997],[120.98415,14.53997]]],[[[120.9848,14.53997],[120.98424,14.54006],[120.9848,14.54006],[120.9848,14.53997]]],[[[120.98507,14.54007],[120.98498,14.53997],[120.98498,14.54007],[120.98507,14.54007]]],[[[120.98405,14.54033],[120.98396,14.54024],[120.98396,14.54033],[120.98405,14.54033]]],[[[120.98479,14.54024],[120.98433,14.54033],[120.98479,14.54033],[120.98479,14.54024]]],[[[120.99184,14.5404],[120.99175,14.5403],[120.99175,14.54039],[120.99184,14.5404]]],[[[120.98155,14.5404],[120.98145,14.54022],[120.98136,14.5404],[120.98155,14.5404]]],[[[120.98396,14.54051],[120.98387,14.54042],[120.98386,14.54051],[120.98396,14.54051]]],[[[120.99194,14.54049],[120.99203,14.54058],[120.99203,14.54049],[120.99194,14.54049]]],[[[120.98154,14.54067],[120.98145,14.54058],[120.98145,14.54067],[120.98154,14.54067]]],[[[120.99193,14.54076],[120.99184,14.54058],[120.99184,14.54076],[120.99193,14.54076]]],[[[120.98358,14.54087],[120.98349,14.54078],[120.98349,14.54087],[120.98358,14.54087]]],[[[120.98822,14.541],[120.98813,14.54082],[120.98813,14.541],[120.98822,14.541]]],[[[120.9885,14.541],[120.98841,14.54073],[120.98841,14.541],[120.9885,14.541]]],[[[120.98117,14.54112],[120.98098,14.54102],[120.98098,14.54112],[120.98117,14.54112]]],[[[120.98812,14.54136],[120.98803,14.54118],[120.98803,14.54136],[120.98812,14.54136]]],[[[120.99232,14.53886],[120.99211,14.54148],[120.99258,14.54058],[120.9925,14.54004],[120.99268,14.54031],[120.99269,14.53932],[120.99232,14.53886]]],[[[120.99211,14.54157],[120.99202,14.54148],[120.99202,14.54157],[120.99211,14.54157]]],[[[120.98283,14.54167],[120.98274,14.54158],[120.98274,14.54167],[120.98283,14.54167]]],[[[120.9884,14.54172],[120.98831,14.54118],[120.98831,14.54172],[120.9884,14.54172]]],[[[120.99202,14.54175],[120.99193,14.54166],[120.99192,14.54175],[120.99202,14.54175]]],[[[120.98228,14.54176],[120.98237,14.54185],[120.98237,14.54176],[120.98228,14.54176]]],[[[120.98265,14.54185],[120.98255,14.54176],[120.98255,14.54185],[120.98265,14.54185]]],[[[120.98376,14.54186],[120.98367,14.54177],[120.98367,14.54186],[120.98376,14.54186]]],[[[120.99164,14.54193],[120.99155,14.54184],[120.99155,14.54193],[120.99164,14.54193]]],[[[120.98227,14.54194],[120.98218,14.54185],[120.98218,14.54194],[120.98227,14.54194]]],[[[120.98283,14.54194],[120.98274,14.54185],[120.98274,14.54194],[120.98283,14.54194]]],[[[120.99201,14.54202],[120.99211,14.54211],[120.99211,14.54202],[120.99201,14.54202]]],[[[120.9832,14.54213],[120.98329,14.54204],[120.9832,14.54204],[120.9832,14.54213]]],[[[120.9883,14.54217],[120.98821,14.54181],[120.98821,14.54217],[120.9883,14.54217]]],[[[120.99155,14.5422],[120.99146,14.54211],[120.99146,14.5422],[120.99155,14.5422]]],[[[120.98209,14.54221],[120.98172,14.54184],[120.98153,14.54211],[120.98209,14.54221]]],[[[120.98339,14.54213],[120.98329,14.54222],[120.98338,14.54222],[120.98339,14.54213]]],[[[120.98227,14.54221],[120.98209,14.5423],[120.98227,14.5423],[120.98227,14.54221]]],[[[120.98394,14.54232],[120.98385,14.54222],[120.98385,14.54231],[120.98394,14.54232]]],[[[120.98496,14.5425],[120.98487,14.54241],[120.98487,14.5425],[120.98496,14.5425]]],[[[120.98617,14.54252],[120.98607,14.54242],[120.98607,14.54251],[120.98617,14.54252]]],[[[120.98663,14.54261],[120.98654,14.54252],[120.98654,14.54261],[120.98663,14.54261]]],[[[120.98821,14.54262],[120.98811,14.54244],[120.98811,14.54262],[120.98821,14.54262]]],[[[120.99145,14.54265],[120.99136,14.54247],[120.99136,14.54265],[120.99145,14.54265]]],[[[120.98681,14.54261],[120.98691,14.5427],[120.98691,14.54261],[120.98681,14.54261]]],[[[120.98505,14.54278],[120.98496,14.54269],[120.98496,14.54278],[120.98505,14.54278]]],[[[120.98533,14.54278],[120.98524,14.54269],[120.98524,14.54278],[120.98533,14.54278]]],[[[120.98616,14.54279],[120.98607,14.5427],[120.98607,14.54279],[120.98616,14.54279]]],[[[120.98681,14.54279],[120.98672,14.5427],[120.98672,14.54279],[120.98681,14.54279]]],[[[120.987,14.54279],[120.98728,14.54271],[120.987,14.5427],[120.987,14.54279]]],[[[120.99182,14.54283],[120.99173,14.54256],[120.99173,14.54283],[120.99182,14.54283]]],[[[120.98774,14.5428],[120.98728,14.54289],[120.98774,14.54298],[120.98774,14.5428]]],[[[120.99247,14.54302],[120.99238,14.54293],[120.99238,14.54302],[120.99247,14.54302]]],[[[120.99136,14.5431],[120.99126,14.54292],[120.99126,14.5431],[120.99136,14.5431]]],[[[120.9922,14.54257],[120.99183,14.54229],[120.99182,14.54329],[120.9922,14.54257]]],[[[120.983,14.54321],[120.98273,14.5433],[120.983,14.5433],[120.983,14.54321]]],[[[120.99237,14.54338],[120.99228,14.54311],[120.99219,14.54329],[120.99237,14.54338]]],[[[120.98597,14.54342],[120.98588,14.54333],[120.98588,14.54342],[120.98597,14.54342]]],[[[120.9831,14.54348],[120.983,14.54339],[120.983,14.54348],[120.9831,14.54348]]],[[[120.99126,14.54355],[120.99117,14.54337],[120.99117,14.54355],[120.99126,14.54355]]],[[[120.98254,14.54375],[120.98248,14.54366],[120.98244,14.54375],[120.98254,14.54375]]],[[[120.98281,14.54402],[120.98272,14.54393],[120.98272,14.54402],[120.98281,14.54402]]],[[[120.99172,14.54365],[120.9919,14.54419],[120.99219,14.54347],[120.99172,14.54365]]],[[[120.99172,14.54437],[120.99162,14.54428],[120.99162,14.54437],[120.99172,14.54437]]],[[[120.99051,14.54445],[120.99079,14.54436],[120.99051,14.54436],[120.99051,14.54445]]],[[[120.99097,14.54445],[120.99079,14.54454],[120.99097,14.54454],[120.99097,14.54445]]],[[[120.99162,14.54455],[120.99153,14.54437],[120.99153,14.54455],[120.99162,14.54455]]],[[[120.98225,14.54465],[120.98206,14.54456],[120.98206,14.54465],[120.98225,14.54465]]],[[[120.98707,14.54469],[120.98698,14.5446],[120.98698,14.54469],[120.98707,14.54469]]],[[[120.98197,14.54483],[120.98188,14.54474],[120.98188,14.54483],[120.98197,14.54483]]],[[[120.99162,14.54509],[120.99152,14.545],[120.99152,14.54509],[120.99162,14.54509]]],[[[120.98299,14.54511],[120.98317,14.5452],[120.98317,14.54511],[120.98299,14.54511]]],[[[120.98642,14.54532],[120.98633,14.54523],[120.98633,14.54532],[120.98642,14.54532]]],[[[120.98605,14.54532],[120.98577,14.5454],[120.98605,14.54541],[120.98605,14.54532]]],[[[120.99068,14.54545],[120.99059,14.54535],[120.99059,14.54545],[120.99068,14.54545]]],[[[120.99078,14.54554],[120.99087,14.54545],[120.99078,14.54545],[120.99078,14.54554]]],[[[120.9815,14.54555],[120.98196,14.54555],[120.98153,14.54537],[120.9815,14.54555]]],[[[120.99096,14.54554],[120.99087,14.5459],[120.99096,14.5459],[120.99096,14.54554]]],[[[120.99142,14.54581],[120.99152,14.5459],[120.99152,14.54581],[120.99142,14.54581]]],[[[120.98205,14.54591],[120.98196,14.54582],[120.98196,14.54591],[120.98205,14.54591]]],[[[120.99142,14.54618],[120.99133,14.5459],[120.99133,14.54617],[120.99142,14.54618]]],[[[120.99086,14.54635],[120.99077,14.54608],[120.99077,14.54635],[120.99086,14.54635]]],[[[120.99068,14.54644],[120.99077,14.54653],[120.99077,14.54644],[120.99068,14.54644]]],[[[120.99142,14.54654],[120.99133,14.54635],[120.99132,14.54654],[120.99142,14.54654]]],[[[120.99067,14.54662],[120.99058,14.54653],[120.99058,14.54662],[120.99067,14.54662]]],[[[120.99132,14.54699],[120.99123,14.5469],[120.99123,14.54699],[120.99132,14.54699]]],[[[120.99048,14.54707],[120.99039,14.54698],[120.99039,14.54707],[120.99048,14.54707]]],[[[120.99048,14.54716],[120.99058,14.54725],[120.99058,14.54716],[120.99048,14.54716]]],[[[120.99048,14.54743],[120.99039,14.54725],[120.99039,14.54743],[120.99048,14.54743]]],[[[120.99048,14.5477],[120.99039,14.54761],[120.99039,14.5477],[120.99048,14.5477]]],[[[120.99103,14.5478],[120.99094,14.54762],[120.99094,14.5478],[120.99103,14.5478]]],[[[120.98222,14.54826],[120.98213,14.54808],[120.98212,14.54826],[120.98222,14.54826]]],[[[120.9824,14.54827],[120.98231,14.54808],[120.98231,14.54827],[120.9824,14.54827]]],[[[120.99019,14.54897],[120.99047,14.54897],[120.99047,14.54861],[120.99019,14.54897]]],[[[120.99037,14.54924],[120.99019,14.54933],[120.99037,14.54942],[120.99037,14.54924]]],[[[120.99008,14.55068],[120.99017,14.55077],[120.99027,14.55068],[120.99008,14.55068]]],[[[120.99026,14.55095],[120.99017,14.55104],[120.99026,14.55104],[120.99026,14.55095]]],[[[120.99017,14.55113],[120.99008,14.55104],[120.99008,14.55113],[120.99017,14.55113]]],[[[120.98135,14.55205],[120.98126,14.55196],[120.98125,14.55205],[120.98135,14.55205]]],[[[120.982,14.55206],[120.98209,14.55224],[120.98209,14.55206],[120.982,14.55206]]],[[[120.98199,14.55233],[120.9819,14.55224],[120.9819,14.55233],[120.98199,14.55233]]],[[[120.98237,14.55224],[120.98255,14.55233],[120.98255,14.55224],[120.98237,14.55224]]],[[[120.9883,14.55238],[120.98821,14.5522],[120.98821,14.55238],[120.9883,14.55238]]],[[[120.9819,14.55242],[120.98181,14.55233],[120.98181,14.55242],[120.9819,14.55242]]],[[[120.98236,14.55242],[120.98227,14.55233],[120.98227,14.55242],[120.98236,14.55242]]],[[[120.98264,14.55243],[120.98274,14.55234],[120.98264,14.55233],[120.98264,14.55243]]],[[[120.98923,14.55248],[120.98904,14.55239],[120.98904,14.55248],[120.98923,14.55248]]],[[[120.98951,14.5523],[120.98969,14.5524],[120.9897,14.55221],[120.98951,14.5523]]],[[[120.98042,14.55232],[120.9806,14.5525],[120.9806,14.55241],[120.98042,14.55232]]],[[[120.98181,14.55251],[120.98172,14.55242],[120.98171,14.55251],[120.98181,14.55251]]],[[[120.98199,14.55251],[120.98209,14.55242],[120.98199,14.55242],[120.98199,14.55251]]],[[[120.98227,14.55251],[120.98218,14.55242],[120.98218,14.55251],[120.98227,14.55251]]],[[[120.98041,14.55259],[120.98023,14.55249],[120.98023,14.55259],[120.98041,14.55259]]],[[[120.98218,14.5526],[120.98209,14.55251],[120.98208,14.5526],[120.98218,14.5526]]],[[[120.98023,14.55268],[120.98014,14.55258],[120.98014,14.55267],[120.98023,14.55268]]],[[[120.98051,14.55259],[120.98041,14.55268],[120.98051,14.55268],[120.98051,14.55259]]],[[[120.98041,14.55277],[120.98032,14.55268],[120.98032,14.55277],[120.98041,14.55277]]],[[[120.98032,14.55286],[120.98023,14.55277],[120.98023,14.55286],[120.98032,14.55286]]],[[[120.98013,14.55295],[120.98004,14.55267],[120.98004,14.55294],[120.98013,14.55295]]],[[[120.98023,14.55295],[120.98013,14.55304],[120.98023,14.55304],[120.98023,14.55295]]],[[[120.97995,14.55312],[120.97949,14.55285],[120.97942,14.55303],[120.97995,14.55312]]],[[[120.98366,14.55289],[120.98255,14.5527],[120.98384,14.55316],[120.98366,14.55289]]],[[[120.98941,14.55303],[120.98959,14.55321],[120.9896,14.55294],[120.98941,14.55303]]],[[[120.98839,14.55329],[120.98848,14.55284],[120.98839,14.55284],[120.98839,14.55329]]],[[[120.98904,14.55338],[120.98913,14.55329],[120.98904,14.55329],[120.98904,14.55338]]],[[[120.98959,14.55339],[120.98941,14.55321],[120.98941,14.55339],[120.98959,14.55339]]],[[[120.98922,14.55339],[120.98913,14.55348],[120.98922,14.55348],[120.98922,14.55339]]],[[[120.98941,14.55348],[120.9895,14.55357],[120.9895,14.55348],[120.98941,14.55348]]],[[[120.98912,14.55411],[120.98941,14.55357],[120.98903,14.55384],[120.98848,14.55329],[120.98866,14.55437],[120.98875,14.55365],[120.98912,14.55411]]],[[[120.98865,14.55447],[120.98856,14.55437],[120.98856,14.55446],[120.98865,14.55447]]],[[[120.98912,14.55447],[120.98903,14.55411],[120.98903,14.55447],[120.98912,14.55447]]],[[[120.98865,14.55474],[120.98856,14.55464],[120.98856,14.55474],[120.98865,14.55474]]],[[[120.98921,14.55492],[120.98912,14.55483],[120.98911,14.55492],[120.98921,14.55492]]],[[[120.98902,14.5551],[120.98893,14.55501],[120.98893,14.5551],[120.98902,14.5551]]],[[[120.97919,14.55511],[120.97928,14.55502],[120.97919,14.55502],[120.97919,14.55511]]],[[[120.97937,14.55511],[120.97928,14.5552],[120.97937,14.5552],[120.97937,14.55511]]],[[[120.98846,14.55528],[120.98837,14.55537],[120.98846,14.55537],[120.98846,14.55528]]],[[[120.988,14.55545],[120.98846,14.5551],[120.98847,14.55492],[120.988,14.55545]]],[[[120.98837,14.55546],[120.98828,14.55537],[120.98827,14.55546],[120.98837,14.55546]]],[[[120.988,14.55554],[120.9879,14.55545],[120.9879,14.55554],[120.988,14.55554]]],[[[120.98911,14.55546],[120.98883,14.55564],[120.98911,14.55564],[120.98911,14.55546]]],[[[120.97853,14.55582],[120.97853,14.55575],[120.9785,14.55582],[120.97853,14.55582]]],[[[120.97862,14.55582],[120.97853,14.55591],[120.97862,14.55591],[120.97862,14.55582]]],[[[120.9879,14.55599],[120.98781,14.5559],[120.98781,14.55599],[120.9879,14.55599]]],[[[120.98873,14.55591],[120.98883,14.556],[120.98883,14.55591],[120.98873,14.55591]]],[[[120.98771,14.55608],[120.98762,14.55599],[120.98762,14.55608],[120.98771,14.55608]]],[[[120.98818,14.55609],[120.98808,14.556],[120.98808,14.55609],[120.98818,14.55609]]],[[[120.98938,14.5561],[120.9892,14.55601],[120.9892,14.5561],[120.98938,14.5561]]],[[[120.97946,14.5561],[120.97936,14.55601],[120.97936,14.5561],[120.97946,14.5561]]],[[[120.9802,14.5562],[120.9801,14.55611],[120.9801,14.5562],[120.9802,14.5562]]],[[[120.98753,14.55626],[120.98743,14.55617],[120.98743,14.55626],[120.98753,14.55626]]],[[[120.98873,14.55627],[120.98864,14.556],[120.98864,14.55627],[120.98873,14.55627]]],[[[120.98938,14.55628],[120.98929,14.55619],[120.98929,14.55628],[120.98938,14.55628]]],[[[120.98808,14.55636],[120.98799,14.55618],[120.98799,14.55636],[120.98808,14.55636]]],[[[120.98743,14.55644],[120.98734,14.55635],[120.98734,14.55644],[120.98743,14.55644]]],[[[120.98864,14.55645],[120.98854,14.55636],[120.98854,14.55645],[120.98864,14.55645]]],[[[120.99031,14.55665],[120.99021,14.55647],[120.99021,14.55665],[120.99031,14.55665]]],[[[120.98019,14.55665],[120.9801,14.55656],[120.9801,14.55665],[120.98019,14.55665]]],[[[120.98724,14.55671],[120.98715,14.55662],[120.98715,14.55671],[120.98724,14.55671]]],[[[120.98984,14.55673],[120.98975,14.55646],[120.98975,14.55673],[120.98984,14.55673]]],[[[120.98836,14.55663],[120.98845,14.55708],[120.98845,14.55663],[120.98836,14.55663]]],[[[120.98937,14.55718],[120.98928,14.55709],[120.98928,14.55718],[120.98937,14.55718]]],[[[120.99624,14.55724],[120.99605,14.55715],[120.99605,14.55724],[120.99624,14.55724]]],[[[120.98919,14.55727],[120.98909,14.55718],[120.98909,14.55727],[120.98919,14.55727]]],[[[120.99587,14.55724],[120.99559,14.55733],[120.99587,14.55733],[120.99587,14.55724]]],[[[120.99447,14.55723],[120.99466,14.55732],[120.99466,14.55723],[120.99447,14.55723]]],[[[120.99494,14.55714],[120.99531,14.55714],[120.99531,14.55696],[120.99494,14.55714]]],[[[120.99642,14.55733],[120.99651,14.55742],[120.99652,14.55733],[120.99642,14.55733]]],[[[120.98835,14.55744],[120.98826,14.55708],[120.98826,14.55744],[120.98835,14.55744]]],[[[120.99466,14.55741],[120.99457,14.5575],[120.99466,14.5575],[120.99466,14.55741]]],[[[120.98826,14.55753],[120.98816,14.55744],[120.98816,14.55753],[120.98826,14.55753]]],[[[120.98854,14.55745],[120.98835,14.55753],[120.98853,14.55754],[120.98854,14.55745]]],[[[120.99512,14.55741],[120.99503,14.55759],[120.99512,14.55759],[120.99512,14.55741]]],[[[120.99475,14.55768],[120.99466,14.55759],[120.99466,14.55768],[120.99475,14.55768]]],[[[120.99623,14.55778],[120.99614,14.55769],[120.99614,14.55778],[120.99623,14.55778]]],[[[120.99642,14.55778],[120.99623,14.5576],[120.99633,14.55778],[120.99642,14.55778]]],[[[120.9877,14.5578],[120.98751,14.55744],[120.9876,14.5578],[120.9877,14.5578]]],[[[120.98816,14.5578],[120.98798,14.55753],[120.98807,14.5578],[120.98816,14.5578]]],[[[120.99493,14.55786],[120.99484,14.55768],[120.99475,14.55786],[120.99493,14.55786]]],[[[120.98463,14.55795],[120.98473,14.55787],[120.98463,14.55786],[120.98463,14.55795]]],[[[120.99465,14.55804],[120.99456,14.55795],[120.99456,14.55804],[120.99465,14.55804]]],[[[120.98482,14.55796],[120.98473,14.55805],[120.98482,14.55805],[120.98482,14.55796]]],[[[120.9876,14.55807],[120.98751,14.55798],[120.98751,14.55807],[120.9876,14.55807]]],[[[120.99521,14.55823],[120.99502,14.55795],[120.99512,14.55823],[120.99521,14.55823]]],[[[120.99521,14.55777],[120.99549,14.55823],[120.99596,14.55769],[120.99521,14.55777]]],[[[120.99549,14.55787],[120.99558,14.55796],[120.99549,14.55796],[120.99549,14.55787]]],[[[120.98797,14.55825],[120.98788,14.55789],[120.98788,14.55825],[120.98797,14.55825]]],[[[120.9953,14.55823],[120.99521,14.55832],[120.9953,14.55832],[120.9953,14.55823]]],[[[120.99502,14.55841],[120.99493,14.55831],[120.99493,14.5584],[120.99502,14.55841]]],[[[120.99521,14.55841],[120.99511,14.55832],[120.99511,14.55841],[120.99521,14.55841]]],[[[120.99632,14.55842],[120.99623,14.55824],[120.99623,14.55842],[120.99632,14.55842]]],[[[120.99613,14.55851],[120.99604,14.55841],[120.99604,14.5585],[120.99613,14.55851]]],[[[120.98722,14.5587],[120.98713,14.55861],[120.98713,14.5587],[120.98722,14.5587]]],[[[120.98806,14.55826],[120.98797,14.55871],[120.98806,14.55871],[120.98806,14.55826]]],[[[120.99418,14.55885],[120.99409,14.55876],[120.99409,14.55885],[120.99418,14.55885]]],[[[120.99483,14.55886],[120.99474,14.55876],[120.99474,14.55885],[120.99483,14.55886]]],[[[120.99622,14.55869],[120.99604,14.55878],[120.99622,14.55887],[120.99622,14.55869]]],[[[120.98797,14.55889],[120.98787,14.55871],[120.98787,14.55889],[120.98797,14.55889]]],[[[120.98713,14.55897],[120.98704,14.55888],[120.98704,14.55897],[120.98713,14.55897]]],[[[120.99548,14.55895],[120.99557,14.55904],[120.99557,14.55895],[120.99548,14.55895]]],[[[120.98759,14.55906],[120.9875,14.55897],[120.9875,14.55906],[120.98759,14.55906]]],[[[120.99464,14.55913],[120.99455,14.55894],[120.99455,14.55912],[120.99464,14.55913]]],[[[120.98704,14.55915],[120.98694,14.55906],[120.98694,14.55915],[120.98704,14.55915]]],[[[120.98806,14.55916],[120.98796,14.55907],[120.98796,14.55916],[120.98806,14.55916]]],[[[120.99501,14.55922],[120.9952,14.55913],[120.99501,14.55913],[120.99501,14.55922]]],[[[120.9875,14.55924],[120.98741,14.55915],[120.98741,14.55924],[120.9875,14.55924]]],[[[120.99566,14.55931],[120.99557,14.55922],[120.99557,14.55931],[120.99566,14.55931]]],[[[120.98843,14.55934],[120.98852,14.55925],[120.98843,14.55925],[120.98843,14.55934]]],[[[120.99464,14.5594],[120.99455,14.55921],[120.99455,14.5594],[120.99464,14.5594]]],[[[120.99576,14.55913],[120.99613,14.55923],[120.99604,14.55896],[120.99576,14.55913]]],[[[120.9874,14.55942],[120.98731,14.55933],[120.98731,14.55942],[120.9874,14.55942]]],[[[120.99427,14.55939],[120.99436,14.55948],[120.99436,14.55939],[120.99427,14.55939]]],[[[120.99427,14.55957],[120.99418,14.55948],[120.99418,14.55957],[120.99427,14.55957]]],[[[120.98675,14.5596],[120.98666,14.55951],[120.98666,14.5596],[120.98675,14.5596]]],[[[120.9887,14.55944],[120.98852,14.55961],[120.98861,14.55962],[120.9887,14.55944]]],[[[120.99417,14.55966],[120.99408,14.55957],[120.99408,14.55966],[120.99417,14.55966]]],[[[120.99575,14.55968],[120.99566,14.55959],[120.99566,14.55968],[120.99575,14.55968]]],[[[120.98564,14.55977],[120.98573,14.55968],[120.98564,14.55968],[120.98564,14.55977]]],[[[120.98768,14.55979],[120.98759,14.5597],[120.98759,14.55979],[120.98768,14.55979]]],[[[120.98898,14.55962],[120.98879,14.55971],[120.98898,14.5598],[120.98898,14.55962]]],[[[120.99232,14.55983],[120.99223,14.55974],[120.99222,14.55983],[120.99232,14.55983]]],[[[120.99417,14.55984],[120.99408,14.55975],[120.99408,14.55984],[120.99417,14.55984]]],[[[120.98582,14.55977],[120.98573,14.55986],[120.98582,14.55986],[120.98582,14.55977]]],[[[120.9887,14.55989],[120.98861,14.5598],[120.98861,14.55989],[120.9887,14.55989]]],[[[120.99389,14.55993],[120.9938,14.55984],[120.9938,14.55993],[120.99389,14.55993]]],[[[120.99538,14.55976],[120.9953,14.55886],[120.99501,14.55994],[120.99538,14.55976]]],[[[120.9951,14.55967],[120.99519,14.55985],[120.9951,14.55985],[120.9951,14.55967]]],[[[120.98601,14.55986],[120.98582,14.55995],[120.98601,14.55995],[120.98601,14.55986]]],[[[120.98656,14.55996],[120.98647,14.55987],[120.98647,14.55996],[120.98656,14.55996]]],[[[120.98842,14.55998],[120.98833,14.55988],[120.98833,14.55997],[120.98842,14.55998]]],[[[120.98907,14.55998],[120.98916,14.5598],[120.98907,14.5598],[120.98907,14.55998]]],[[[120.99593,14.56004],[120.99584,14.55995],[120.99584,14.56004],[120.99593,14.56004]]],[[[120.98619,14.56005],[120.98629,14.55996],[120.98619,14.55996],[120.98619,14.56005]]],[[[120.9886,14.56007],[120.98851,14.55998],[120.98851,14.56007],[120.9886,14.56007]]],[[[120.98925,14.55998],[120.98916,14.56007],[120.98925,14.56007],[120.98925,14.55998]]],[[[120.99649,14.56014],[120.9964,14.56004],[120.9964,14.56013],[120.99649,14.56014]]],[[[120.98638,14.56005],[120.98628,14.56014],[120.98638,14.56014],[120.98638,14.56005]]],[[[120.98907,14.56016],[120.98898,14.56007],[120.98897,14.56016],[120.98907,14.56016]]],[[[120.99398,14.5602],[120.99389,14.56011],[120.99389,14.5602],[120.99398,14.5602]]],[[[120.99287,14.56028],[120.99278,14.5601],[120.99278,14.56028],[120.99287,14.56028]]],[[[120.99584,14.56013],[120.99621,14.56022],[120.99612,14.55995],[120.99584,14.56013]]],[[[120.99649,14.56032],[120.9964,14.56022],[120.9964,14.56031],[120.99649,14.56032]]],[[[120.99074,14.56036],[120.99064,14.56027],[120.99064,14.56036],[120.99074,14.56036]]],[[[120.99528,14.5604],[120.99519,14.5603],[120.99519,14.56039],[120.99528,14.5604]]],[[[120.99018,14.56026],[120.99055,14.56036],[120.99055,14.56026],[120.99018,14.56026]]],[[[120.99556,14.56022],[120.99565,14.56013],[120.99547,14.56004],[120.99556,14.56022]]],[[[120.99584,14.56049],[120.99575,14.5604],[120.99574,14.56049],[120.99584,14.56049]]],[[[120.98925,14.56007],[120.98925,14.56052],[120.99009,14.56035],[120.98981,14.56008],[120.98925,14.56007]]],[[[120.99036,14.56044],[120.99027,14.56053],[120.99036,14.56053],[120.99036,14.56044]]],[[[120.99073,14.56054],[120.99055,14.56045],[120.99055,14.56054],[120.99073,14.56054]]],[[[120.99129,14.56054],[120.99111,14.56045],[120.9911,14.56054],[120.99129,14.56054]]],[[[120.99101,14.56063],[120.99083,14.56054],[120.99083,14.56063],[120.99101,14.56063]]],[[[120.99138,14.56054],[120.99157,14.56064],[120.99157,14.56054],[120.99138,14.56054]]],[[[120.99509,14.56067],[120.99491,14.56039],[120.995,14.56066],[120.99509,14.56067]]],[[[120.99027,14.56071],[120.99008,14.56062],[120.99008,14.56071],[120.99027,14.56071]]],[[[120.99138,14.56072],[120.99129,14.56063],[120.99129,14.56072],[120.99138,14.56072]]],[[[120.99574,14.56076],[120.99565,14.56067],[120.99565,14.56076],[120.99574,14.56076]]],[[[120.99175,14.56082],[120.99166,14.56073],[120.99166,14.56082],[120.99175,14.56082]]],[[[120.9937,14.56065],[120.99379,14.56083],[120.99379,14.56065],[120.9937,14.56065]]],[[[120.99417,14.56002],[120.99407,14.56075],[120.99463,14.56084],[120.99436,14.55994],[120.99417,14.56002]]],[[[120.99509,14.56085],[120.99519,14.56076],[120.99509,14.56076],[120.99509,14.56085]]],[[[120.99212,14.56091],[120.99194,14.56073],[120.99194,14.56091],[120.99212,14.56091]]],[[[120.99528,14.56085],[120.99518,14.56094],[120.99528,14.56094],[120.99528,14.56085]]],[[[120.99574,14.56094],[120.99565,14.56085],[120.99565,14.56094],[120.99574,14.56094]]],[[[120.9899,14.56089],[120.98999,14.56098],[120.98999,14.56089],[120.9899,14.56089]]],[[[120.99231,14.561],[120.99221,14.56091],[120.99221,14.561],[120.99231,14.561]]],[[[120.9937,14.56101],[120.99361,14.56083],[120.99361,14.56101],[120.9937,14.56101]]],[[[120.99518,14.56103],[120.99509,14.56094],[120.99509,14.56103],[120.99518,14.56103]]],[[[120.99249,14.56109],[120.99314,14.56101],[120.99314,14.56092],[120.99259,14.56073],[120.99249,14.56109]]],[[[120.99351,14.56101],[120.99323,14.5611],[120.99351,14.5611],[120.99351,14.56101]]],[[[120.99546,14.56112],[120.99537,14.56058],[120.99537,14.56112],[120.99546,14.56112]]],[[[120.99565,14.56112],[120.99555,14.56103],[120.99555,14.56112],[120.99565,14.56112]]],[[[120.98897,14.56115],[120.98916,14.56061],[120.98906,14.56061],[120.98897,14.56115]]],[[[120.98989,14.56116],[120.9898,14.56098],[120.9898,14.56116],[120.98989,14.56116]]],[[[120.99249,14.56119],[120.9924,14.56109],[120.9924,14.56118],[120.99249,14.56119]]],[[[120.99528,14.56103],[120.99518,14.56121],[120.99527,14.56121],[120.99528,14.56103]]],[[[120.9924,14.56127],[120.99231,14.56118],[120.9923,14.56127],[120.9924,14.56127]]],[[[120.99509,14.5613],[120.995,14.56121],[120.99499,14.5613],[120.99509,14.5613]]],[[[120.9898,14.56125],[120.98989,14.56134],[120.98989,14.56125],[120.9898,14.56125]]],[[[120.99546,14.56139],[120.99537,14.5613],[120.99537,14.56139],[120.99546,14.56139]]],[[[120.99193,14.56136],[120.99202,14.56145],[120.99203,14.56136],[120.99193,14.56136]]],[[[120.99453,14.56102],[120.99481,14.56148],[120.99463,14.56102],[120.99453,14.56102]]],[[[120.99193,14.56154],[120.99184,14.56145],[120.99184,14.56154],[120.99193,14.56154]]],[[[120.99453,14.56156],[120.99444,14.56147],[120.99444,14.56156],[120.99453,14.56156]]],[[[120.99564,14.56157],[120.99555,14.56148],[120.99555,14.56157],[120.99564,14.56157]]],[[[120.99267,14.56155],[120.99258,14.56146],[120.99258,14.56164],[120.99267,14.56155]]],[[[120.99304,14.56155],[120.99295,14.56164],[120.99304,14.56164],[120.99304,14.56155]]],[[[120.99462,14.56175],[120.99453,14.56165],[120.99453,14.56174],[120.99462,14.56175]]],[[[120.98664,14.56177],[120.98673,14.56168],[120.98664,14.56168],[120.98664,14.56177]]],[[[120.9885,14.56169],[120.98859,14.56178],[120.98859,14.56169],[120.9885,14.56169]]],[[[120.98849,14.56187],[120.9884,14.56178],[120.9884,14.56187],[120.98849,14.56187]]],[[[120.99248,14.56191],[120.99258,14.56173],[120.99249,14.56173],[120.99248,14.56191]]],[[[120.98692,14.56195],[120.98673,14.56186],[120.98655,14.56195],[120.98692,14.56195]]],[[[120.98961,14.56206],[120.98952,14.56188],[120.98951,14.56206],[120.98961,14.56206]]],[[[120.99137,14.56199],[120.99155,14.56208],[120.99174,14.56181],[120.99137,14.56199]]],[[[120.99239,14.56209],[120.99221,14.562],[120.9922,14.56209],[120.99239,14.56209]]],[[[120.99295,14.56209],[120.99295,14.56191],[120.99258,14.562],[120.99295,14.56209]]],[[[120.98979,14.56207],[120.98961,14.56215],[120.98979,14.56216],[120.98979,14.56207]]],[[[120.99545,14.56184],[120.99527,14.56202],[120.99545,14.5622],[120.99545,14.56184]]],[[[120.98988,14.56216],[120.98979,14.56225],[120.98988,14.56225],[120.98988,14.56216]]],[[[120.99554,14.56266],[120.99545,14.56257],[120.99545,14.56266],[120.99554,14.56266]]],[[[120.98626,14.56258],[120.98635,14.56267],[120.98635,14.56258],[120.98626,14.56258]]],[[[120.98626,14.56276],[120.98617,14.56267],[120.98617,14.56276],[120.98626,14.56276]]],[[[120.98802,14.56277],[120.98793,14.56268],[120.98793,14.56277],[120.98802,14.56277]]],[[[120.98858,14.56287],[120.98849,14.5626],[120.98849,14.56287],[120.98858,14.56287]]],[[[120.98635,14.56294],[120.98626,14.56285],[120.98626,14.56294],[120.98635,14.56294]]],[[[120.99433,14.56301],[120.99424,14.56292],[120.99424,14.56301],[120.99433,14.56301]]],[[[120.98682,14.56294],[120.98644,14.56303],[120.98691,14.56313],[120.98682,14.56294]]],[[[120.98774,14.56304],[120.98783,14.56313],[120.98783,14.56304],[120.98774,14.56304]]],[[[120.99424,14.56319],[120.99414,14.5631],[120.99414,14.56319],[120.99424,14.56319]]],[[[120.98718,14.56322],[120.98709,14.56313],[120.98709,14.56322],[120.98718,14.56322]]],[[[120.98774,14.56322],[120.98765,14.56313],[120.98765,14.56322],[120.98774,14.56322]]],[[[120.99507,14.56329],[120.99498,14.56319],[120.99498,14.56328],[120.99507,14.56329]]],[[[120.98755,14.56331],[120.98737,14.56322],[120.98737,14.56331],[120.98755,14.56331]]],[[[120.99414,14.56337],[120.99405,14.56328],[120.99405,14.56337],[120.99414,14.56337]]],[[[120.9947,14.56337],[120.99461,14.56328],[120.9946,14.56337],[120.9947,14.56337]]],[[[120.99358,14.56345],[120.99349,14.56336],[120.99349,14.56345],[120.99358,14.56345]]],[[[120.99109,14.56199],[120.98915,14.56098],[120.98961,14.56188],[120.98989,14.56152],[120.99054,14.5618],[120.98998,14.56225],[120.99034,14.56288],[120.9896,14.56306],[120.98914,14.56233],[120.98858,14.56233],[120.98858,14.5626],[120.98895,14.56242],[120.98923,14.56315],[120.99034,14.56352],[120.99044,14.56225],[120.99109,14.56199]]],[[[120.99275,14.56336],[120.99284,14.56354],[120.99284,14.56336],[120.99275,14.56336]]],[[[120.99451,14.56355],[120.99433,14.56346],[120.99432,14.56355],[120.99451,14.56355]]],[[[120.99275,14.56363],[120.99265,14.56354],[120.99265,14.56363],[120.99275,14.56363]]],[[[120.9933,14.56363],[120.99321,14.56354],[120.99321,14.56363],[120.9933,14.56363]]],[[[120.98867,14.5635],[120.98904,14.56351],[120.98858,14.56296],[120.98867,14.5635]]],[[[120.99265,14.56372],[120.99256,14.56363],[120.99256,14.56372],[120.99265,14.56372]]],[[[120.99024,14.56379],[120.99015,14.5636],[120.99015,14.56379],[120.99024,14.56379]]],[[[120.99265,14.5639],[120.99247,14.56381],[120.99247,14.5639],[120.99265,14.5639]]],[[[120.99534,14.56392],[120.99543,14.56401],[120.99543,14.56392],[120.99534,14.56392]]],[[[120.98903,14.56405],[120.98894,14.56396],[120.98894,14.56405],[120.98903,14.56405]]],[[[120.99302,14.56399],[120.99311,14.56408],[120.99311,14.56399],[120.99302,14.56399]]],[[[120.99478,14.5641],[120.99469,14.56401],[120.99469,14.5641],[120.99478,14.5641]]],[[[120.99534,14.5641],[120.99516,14.56401],[120.99515,14.5641],[120.99534,14.5641]]],[[[120.99228,14.56426],[120.99219,14.56416],[120.99218,14.56426],[120.99228,14.56426]]],[[[120.98615,14.56429],[120.98606,14.5642],[120.98606,14.56429],[120.98615,14.56429]]],[[[120.9894,14.56432],[120.98931,14.56423],[120.98931,14.56432],[120.9894,14.56432]]],[[[120.992,14.56434],[120.99181,14.56425],[120.99181,14.56434],[120.992,14.56434]]],[[[120.99358,14.56436],[120.99348,14.56427],[120.99348,14.56436],[120.99358,14.56436]]],[[[120.99469,14.56437],[120.9946,14.56428],[120.9946,14.56437],[120.99469,14.56437]]],[[[120.99589,14.56438],[120.99571,14.56429],[120.99571,14.56438],[120.99589,14.56438]]],[[[120.99413,14.56445],[120.99395,14.56427],[120.99395,14.56445],[120.99413,14.56445]]],[[[120.99617,14.56447],[120.99673,14.56411],[120.99599,14.5642],[120.99617,14.56447]]],[[[120.99793,14.56449],[120.99784,14.56439],[120.99784,14.56448],[120.99793,14.56449]]],[[[120.99005,14.56415],[120.98996,14.56424],[120.99033,14.56451],[120.99005,14.56415]]],[[[120.99478,14.56455],[120.99469,14.56446],[120.99469,14.56455],[120.99478,14.56455]]],[[[120.99357,14.56463],[120.99367,14.56454],[120.99357,14.56454],[120.99357,14.56463]]],[[[120.99691,14.56466],[120.99682,14.56457],[120.99682,14.56466],[120.99691,14.56466]]],[[[120.99302,14.56408],[120.99283,14.56444],[120.9932,14.56472],[120.9932,14.56435],[120.99302,14.56408]]],[[[120.99329,14.56472],[120.9932,14.56481],[120.99329,14.56481],[120.99329,14.56472]]],[[[120.9945,14.56473],[120.99459,14.56482],[120.99459,14.56473],[120.9945,14.56473]]],[[[120.99487,14.56482],[120.99469,14.56473],[120.99468,14.56482],[120.99487,14.56482]]],[[[120.99339,14.56481],[120.99329,14.5649],[120.99338,14.5649],[120.99339,14.56481]]],[[[120.99394,14.56463],[120.99376,14.56481],[120.99394,14.5649],[120.99394,14.56463]]],[[[120.9945,14.56491],[120.99441,14.56482],[120.99441,14.56491],[120.9945,14.56491]]],[[[120.99505,14.56491],[120.99496,14.56482],[120.99496,14.56491],[120.99505,14.56491]]],[[[120.99747,14.56493],[120.99738,14.56484],[120.99737,14.56493],[120.99747,14.56493]]],[[[120.98745,14.56494],[120.98735,14.56485],[120.98735,14.56494],[120.98745,14.56494]]],[[[120.99199,14.56498],[120.9919,14.56489],[120.9919,14.56498],[120.99199,14.56498]]],[[[120.99227,14.56498],[120.99218,14.56489],[120.99218,14.56498],[120.99227,14.56498]]],[[[120.99385,14.56499],[120.99376,14.5649],[120.99376,14.56499],[120.99385,14.56499]]],[[[120.99431,14.565],[120.99422,14.56491],[120.99422,14.565],[120.99431,14.565]]],[[[120.99524,14.56491],[120.99533,14.565],[120.99533,14.56491],[120.99524,14.56491]]],[[[120.99357,14.56499],[120.99366,14.56508],[120.99366,14.56499],[120.99357,14.56499]]],[[[120.99524,14.56509],[120.99505,14.565],[120.99505,14.56509],[120.99524,14.56509]]],[[[120.99737,14.56511],[120.99728,14.56502],[120.99728,14.56511],[120.99737,14.56511]]],[[[120.99236,14.56516],[120.99227,14.56507],[120.99227,14.56516],[120.99236,14.56516]]],[[[120.9932,14.56508],[120.99292,14.56498],[120.99292,14.56516],[120.9932,14.56508]]],[[[120.99134,14.56524],[120.99125,14.56515],[120.99125,14.56524],[120.99134,14.56524]]],[[[120.99218,14.56525],[120.99208,14.56516],[120.99208,14.56525],[120.99218,14.56525]]],[[[120.99329,14.56526],[120.99338,14.56508],[120.99329,14.56508],[120.99329,14.56526]]],[[[120.99357,14.56526],[120.99348,14.56508],[120.99347,14.56526],[120.99357,14.56526]]],[[[120.99385,14.56526],[120.99375,14.56517],[120.99375,14.56526],[120.99385,14.56526]]],[[[120.99737,14.56529],[120.99728,14.5652],[120.99728,14.56529],[120.99737,14.56529]]],[[[120.99765,14.56512],[120.99756,14.5653],[120.99793,14.5653],[120.99765,14.56512]]],[[[120.98837,14.56531],[120.98828,14.56513],[120.98819,14.56531],[120.98837,14.56531]]],[[[120.99347,14.56535],[120.99338,14.56526],[120.99338,14.56535],[120.99347,14.56535]]],[[[120.9854,14.56528],[120.98549,14.56537],[120.98549,14.56528],[120.9854,14.56528]]],[[[120.98568,14.56537],[120.98559,14.56528],[120.98559,14.56537],[120.98568,14.56537]]],[[[120.99338,14.56544],[120.99329,14.56535],[120.99329,14.56544],[120.99338,14.56544]]],[[[120.99551,14.56546],[120.99542,14.56537],[120.99542,14.56546],[120.99551,14.56546]]],[[[120.99644,14.5652],[120.99607,14.56528],[120.99681,14.56547],[120.99644,14.5652]]],[[[120.99811,14.56548],[120.99802,14.56539],[120.99802,14.56548],[120.99811,14.56548]]],[[[120.99366,14.56553],[120.99357,14.56535],[120.99356,14.56553],[120.99366,14.56553]]],[[[120.9944,14.56554],[120.99431,14.56545],[120.99431,14.56554],[120.9944,14.56554]]],[[[120.9854,14.56555],[120.98531,14.56537],[120.98531,14.56555],[120.9854,14.56555]]],[[[120.98503,14.56564],[120.98494,14.56555],[120.98494,14.56564],[120.98503,14.56564]]],[[[120.99301,14.56571],[120.99291,14.56562],[120.99291,14.56571],[120.99301,14.56571]]],[[[120.9931,14.56571],[120.99329,14.56544],[120.99301,14.56553],[120.9931,14.56571]]],[[[120.99338,14.56562],[120.99328,14.56571],[120.99338,14.56571],[120.99338,14.56562]]],[[[120.99477,14.56545],[120.99486,14.56572],[120.99496,14.56545],[120.99477,14.56545]]],[[[120.9854,14.56573],[120.98531,14.56564],[120.98531,14.56573],[120.9854,14.56573]]],[[[120.98577,14.56574],[120.98568,14.56555],[120.98568,14.56574],[120.98577,14.56574]]],[[[120.98837,14.56558],[120.98809,14.56576],[120.98837,14.56576],[120.98837,14.56558]]],[[[120.99291,14.5658],[120.99282,14.56571],[120.99282,14.5658],[120.99291,14.5658]]],[[[120.99477,14.56581],[120.99468,14.56572],[120.99468,14.56581],[120.99477,14.56581]]],[[[120.98512,14.56582],[120.98503,14.56573],[120.98503,14.56582],[120.98512,14.56582]]],[[[120.99069,14.56569],[120.99078,14.56587],[120.99078,14.56569],[120.99069,14.56569]]],[[[120.99226,14.56588],[120.99254,14.5657],[120.99236,14.56543],[120.99226,14.56588]]],[[[120.99282,14.56589],[120.99273,14.5658],[120.99273,14.56589],[120.99282,14.56589]]],[[[120.99403,14.5659],[120.99412,14.56581],[120.99403,14.56581],[120.99403,14.5659]]],[[[120.99467,14.5659],[120.99449,14.56581],[120.99449,14.5659],[120.99467,14.5659]]],[[[120.98558,14.56592],[120.98549,14.56582],[120.98549,14.56591],[120.98558,14.56592]]],[[[120.98614,14.56592],[120.98605,14.56583],[120.98605,14.56592],[120.98614,14.56592]]],[[[120.99068,14.56596],[120.99059,14.56587],[120.99059,14.56596],[120.99068,14.56596]]],[[[120.9931,14.56589],[120.99319,14.56598],[120.99319,14.56589],[120.9931,14.56589]]],[[[120.9943,14.5659],[120.99412,14.56599],[120.9943,14.56599],[120.9943,14.5659]]],[[[120.98493,14.566],[120.98484,14.56591],[120.98484,14.566],[120.98493,14.566]]],[[[120.98679,14.56565],[120.98688,14.56575],[120.98725,14.56566],[120.98679,14.56565]]],[[[120.99217,14.56606],[120.99198,14.56597],[120.99198,14.56606],[120.99217,14.56606]]],[[[120.98651,14.56601],[120.98623,14.5661],[120.98651,14.5661],[120.98651,14.56601]]],[[[120.99189,14.56615],[120.9918,14.56606],[120.9918,14.56615],[120.99189,14.56615]]],[[[120.99263,14.56616],[120.99254,14.56607],[120.99254,14.56616],[120.99263,14.56616]]],[[[120.98558,14.56619],[120.98549,14.5661],[120.98549,14.56619],[120.98558,14.56619]]],[[[120.993,14.56625],[120.99282,14.56589],[120.99291,14.56625],[120.993,14.56625]]],[[[120.98484,14.56627],[120.98493,14.56618],[120.98484,14.56618],[120.98484,14.56627]]],[[[120.98716,14.56629],[120.98706,14.5662],[120.98706,14.56629],[120.98716,14.56629]]],[[[120.98502,14.56627],[120.98493,14.56636],[120.98502,14.56636],[120.98502,14.56627]]],[[[120.98558,14.56637],[120.98549,14.56628],[120.98549,14.56637],[120.98558,14.56637]]],[[[120.98706,14.56638],[120.98697,14.56629],[120.98697,14.56638],[120.98706,14.56638]]],[[[120.98734,14.56638],[120.98734,14.56611],[120.98725,14.56584],[120.98734,14.56638]]],[[[120.98688,14.56647],[120.98678,14.56638],[120.98678,14.56647],[120.98688,14.56647]]],[[[120.98734,14.56656],[120.98743,14.56647],[120.98734,14.56647],[120.98734,14.56656]]],[[[120.99086,14.56659],[120.99096,14.5665],[120.99087,14.5665],[120.99086,14.56659]]],[[[120.98502,14.56654],[120.98493,14.56663],[120.98502,14.56663],[120.98502,14.56654]]],[[[120.99059,14.56614],[120.99068,14.56623],[120.99115,14.56614],[120.99059,14.56614]]],[[[120.99114,14.5666],[120.99096,14.56668],[120.99114,14.56669],[120.99114,14.5666]]],[[[120.98474,14.56672],[120.98493,14.56645],[120.98474,14.56645],[120.98474,14.56672]]],[[[120.98585,14.56673],[120.98576,14.56646],[120.98567,14.56673],[120.98585,14.56673]]],[[[120.98678,14.56665],[120.98687,14.56674],[120.98687,14.56665],[120.98678,14.56665]]],[[[120.98743,14.56683],[120.98734,14.56674],[120.98734,14.56683],[120.98743,14.56683]]],[[[120.99253,14.56679],[120.99198,14.56687],[120.99253,14.56688],[120.99253,14.56679]]],[[[120.99077,14.56695],[120.99068,14.56686],[120.99068,14.56695],[120.99077,14.56695]]],[[[120.9916,14.56696],[120.99151,14.56687],[120.99151,14.56696],[120.9916,14.56696]]],[[[120.9929,14.56688],[120.99262,14.56697],[120.9929,14.56697],[120.9929,14.56688]]],[[[120.98659,14.56701],[120.98641,14.56655],[120.9865,14.56647],[120.98641,14.56619],[120.98632,14.56664],[120.98659,14.56701]]],[[[120.98781,14.56593],[120.98743,14.56656],[120.98752,14.56702],[120.98799,14.56657],[120.98781,14.56593]]],[[[120.99337,14.56707],[120.99327,14.56698],[120.99327,14.56707],[120.99337,14.56707]]],[[[120.98659,14.5671],[120.9865,14.56701],[120.9865,14.5671],[120.98659,14.5671]]],[[[120.98752,14.56711],[120.98743,14.56702],[120.98743,14.56711],[120.98752,14.56711]]],[[[120.9929,14.56706],[120.99244,14.56715],[120.9929,14.56715],[120.9929,14.56706]]],[[[120.99383,14.56707],[120.99355,14.56707],[120.99383,14.56716],[120.99383,14.56707]]],[[[120.98557,14.567],[120.98576,14.56709],[120.98576,14.567],[120.98557,14.567]]],[[[120.98678,14.5671],[120.98659,14.56719],[120.98678,14.56719],[120.98678,14.5671]]],[[[120.99188,14.56723],[120.99179,14.56714],[120.99179,14.56723],[120.99188,14.56723]]],[[[120.98427,14.56699],[120.98464,14.56717],[120.98465,14.5669],[120.98427,14.56699]]],[[[120.98446,14.56735],[120.98436,14.56726],[120.98436,14.56735],[120.98446,14.56735]]],[[[120.99197,14.56742],[120.99206,14.56751],[120.99206,14.56742],[120.99197,14.56742]]],[[[120.99197,14.5676],[120.99188,14.56751],[120.99188,14.5676],[120.99197,14.5676]]],[[[120.98622,14.56764],[120.98612,14.56755],[120.98612,14.56764],[120.98622,14.56764]]],[[[120.98641,14.56719],[120.98613,14.56728],[120.9864,14.56764],[120.98641,14.56719]]],[[[120.99262,14.56769],[120.99216,14.56751],[120.99262,14.56778],[120.99262,14.56769]]],[[[120.99197,14.56787],[120.99206,14.56778],[120.99197,14.56778],[120.99197,14.56787]]],[[[120.99289,14.56788],[120.99299,14.56779],[120.99289,14.56779],[120.99289,14.56788]]],[[[120.99215,14.56787],[120.99206,14.56796],[120.99215,14.56796],[120.99215,14.56787]]],[[[120.98593,14.568],[120.98584,14.56791],[120.98584,14.568],[120.98593,14.568]]],[[[120.99336,14.56788],[120.99308,14.56806],[120.99336,14.56806],[120.99336,14.56788]]],[[[120.98445,14.56798],[120.98409,14.56717],[120.98389,14.56807],[120.98445,14.56798]]],[[[120.9863,14.56809],[120.98612,14.568],[120.98612,14.56809],[120.9863,14.56809]]],[[[120.99298,14.56815],[120.99289,14.56806],[120.99289,14.56815],[120.99298,14.56815]]],[[[120.99187,14.56823],[120.99178,14.56814],[120.99178,14.56823],[120.99187,14.56823]]],[[[120.99243,14.56805],[120.99187,14.56814],[120.99224,14.56832],[120.99243,14.56805]]],[[[120.99345,14.56833],[120.99335,14.56824],[120.99335,14.56833],[120.99345,14.56833]]],[[[120.994,14.56834],[120.99391,14.56825],[120.99391,14.56834],[120.994,14.56834]]],[[[120.99419,14.56843],[120.9941,14.56834],[120.9941,14.56843],[120.99419,14.56843]]],[[[120.99502,14.56835],[120.99474,14.56843],[120.99502,14.56844],[120.99502,14.56835]]],[[[120.99447,14.56843],[120.99437,14.56852],[120.99465,14.56852],[120.99447,14.56843]]],[[[120.99103,14.56831],[120.99131,14.56859],[120.99122,14.56831],[120.99103,14.56831]]],[[[120.99159,14.56859],[120.9915,14.56841],[120.9915,14.56859],[120.99159,14.56859]]],[[[120.98379,14.56861],[120.98361,14.56852],[120.98361,14.56861],[120.98379,14.56861]]],[[[120.98556,14.56845],[120.98574,14.56854],[120.98574,14.56845],[120.98556,14.56845]]],[[[120.99725,14.56855],[120.99762,14.56846],[120.99753,14.56828],[120.99725,14.56855]]],[[[120.99066,14.56849],[120.99048,14.56858],[120.99066,14.56867],[120.99066,14.56849]]],[[[120.99094,14.56867],[120.99085,14.56858],[120.99085,14.56867],[120.99094,14.56867]]],[[[120.9914,14.56859],[120.99131,14.56868],[120.9914,14.56868],[120.9914,14.56859]]],[[[120.99381,14.5687],[120.99372,14.56861],[120.99372,14.5687],[120.99381,14.5687]]],[[[120.98407,14.5687],[120.98398,14.56861],[120.98398,14.5687],[120.98407,14.5687]]],[[[120.99632,14.56872],[120.99623,14.56863],[120.99623,14.56872],[120.99632,14.56872]]],[[[120.99084,14.56876],[120.99075,14.56867],[120.99075,14.56876],[120.99084,14.56876]]],[[[120.99316,14.56878],[120.99307,14.56869],[120.99307,14.56878],[120.99316,14.56878]]],[[[120.98342,14.56888],[120.98352,14.5687],[120.98342,14.5687],[120.98342,14.56888]]],[[[120.98463,14.56889],[120.98454,14.5688],[120.98453,14.56889],[120.98463,14.56889]]],[[[120.98491,14.56889],[120.985,14.5688],[120.98491,14.5688],[120.98491,14.56889]]],[[[120.99687,14.5689],[120.99678,14.56881],[120.99678,14.5689],[120.99687,14.5689]]],[[[120.98954,14.56893],[120.98936,14.56884],[120.98936,14.56893],[120.98954,14.56893]]],[[[120.99149,14.56895],[120.99159,14.56868],[120.9915,14.56868],[120.99149,14.56895]]],[[[120.98361,14.56888],[120.98351,14.56897],[120.98361,14.56897],[120.98361,14.56888]]],[[[120.98509,14.56889],[120.985,14.56898],[120.98509,14.56898],[120.98509,14.56889]]],[[[120.99019,14.56903],[120.99001,14.56885],[120.99001,14.56903],[120.99019,14.56903]]],[[[120.99168,14.56895],[120.99158,14.56904],[120.99168,14.56904],[120.99168,14.56895]]],[[[120.9927,14.56905],[120.99289,14.56887],[120.99261,14.56878],[120.9927,14.56905]]],[[[120.98379,14.56906],[120.9837,14.56897],[120.9837,14.56906],[120.98379,14.56906]]],[[[120.98416,14.56907],[120.98435,14.56889],[120.98416,14.56898],[120.98416,14.56907]]],[[[120.98528,14.56899],[120.98509,14.56907],[120.98527,14.56908],[120.98528,14.56899]]],[[[120.99084,14.56912],[120.99094,14.56903],[120.99084,14.56903],[120.99084,14.56912]]],[[[120.99177,14.56904],[120.99168,14.56913],[120.99177,14.56913],[120.99177,14.56904]]],[[[120.99298,14.56905],[120.99288,14.56914],[120.99298,14.56914],[120.99298,14.56905]]],[[[120.99362,14.56915],[120.99344,14.56906],[120.99344,14.56915],[120.99362,14.56915]]],[[[120.98945,14.5692],[120.98936,14.56902],[120.98936,14.5692],[120.98945,14.5692]]],[[[120.99112,14.56913],[120.99093,14.56921],[120.99112,14.56922],[120.99112,14.56913]]],[[[120.99242,14.56923],[120.99233,14.56914],[120.99233,14.56923],[120.99242,14.56923]]],[[[120.99325,14.56923],[120.99316,14.56914],[120.99316,14.56923],[120.99325,14.56923]]],[[[120.99297,14.56932],[120.99279,14.56923],[120.99279,14.56932],[120.99297,14.56932]]],[[[120.98444,14.56907],[120.98434,14.56934],[120.98444,14.56934],[120.98444,14.56907]]],[[[120.9849,14.56925],[120.98499,14.56934],[120.985,14.56925],[120.9849,14.56925]]],[[[120.99242,14.56941],[120.99232,14.56932],[120.99232,14.56941],[120.99242,14.56941]]],[[[120.98462,14.56934],[120.98444,14.56943],[120.98462,14.56943],[120.98462,14.56934]]],[[[120.9849,14.56943],[120.98481,14.56934],[120.98481,14.56943],[120.9849,14.56943]]],[[[120.99362,14.56942],[120.99334,14.56951],[120.99362,14.56951],[120.99362,14.56942]]],[[[120.98351,14.56942],[120.98397,14.56924],[120.98351,14.56924],[120.98351,14.56942]]],[[[120.99752,14.56954],[120.99743,14.56945],[120.99743,14.56954],[120.99752,14.56954]]],[[[120.98462,14.56979],[120.98443,14.5697],[120.98443,14.56979],[120.98462,14.56979]]],[[[120.99083,14.56985],[120.99074,14.56975],[120.99074,14.56985],[120.99083,14.56985]]],[[[120.9926,14.56986],[120.99241,14.56959],[120.99232,14.56986],[120.9926,14.56986]]],[[[120.99315,14.56987],[120.99306,14.56977],[120.99306,14.56987],[120.99315,14.56987]]],[[[120.99009,14.56975],[120.98981,14.56993],[120.99009,14.56993],[120.99009,14.56975]]],[[[120.99297,14.56995],[120.99306,14.57005],[120.99306,14.56996],[120.99297,14.56995]]],[[[120.98388,14.56952],[120.98406,14.57006],[120.98434,14.5697],[120.98388,14.56952]]],[[[120.98462,14.57006],[120.98452,14.56997],[120.98452,14.57006],[120.98462,14.57006]]],[[[120.99575,14.57007],[120.99566,14.56989],[120.99566,14.57007],[120.99575,14.57007]]],[[[120.99297,14.57014],[120.99287,14.57004],[120.99287,14.57013],[120.99297,14.57014]]],[[[120.98387,14.57024],[120.98378,14.57006],[120.98378,14.57024],[120.98387,14.57024]]],[[[120.98434,14.57015],[120.98443,14.57024],[120.98443,14.57015],[120.98434,14.57015]]],[[[120.9848,14.57025],[120.98471,14.57015],[120.98471,14.57025],[120.9848,14.57025]]],[[[120.99779,14.57009],[120.99826,14.57009],[120.99779,14.56973],[120.99779,14.57009]]],[[[120.98972,14.57029],[120.98963,14.57011],[120.98962,14.57029],[120.98972,14.57029]]],[[[120.98285,14.57032],[120.98276,14.57023],[120.98276,14.57032],[120.98285,14.57032]]],[[[120.98397,14.57024],[120.98387,14.57033],[120.98396,14.57033],[120.98397,14.57024]]],[[[120.98434,14.57033],[120.98424,14.57024],[120.98424,14.57033],[120.98434,14.57033]]],[[[120.99705,14.57035],[120.9977,14.57],[120.99724,14.56999],[120.99743,14.56918],[120.99697,14.56909],[120.99705,14.57035]]],[[[120.98304,14.57041],[120.98294,14.57032],[120.98294,14.57041],[120.98304,14.57041]]],[[[120.99371,14.57032],[120.9938,14.57041],[120.9938,14.57032],[120.99371,14.57032]]],[[[120.98406,14.57033],[120.98396,14.57042],[120.98406,14.57042],[120.98406,14.57033]]],[[[120.98424,14.57042],[120.98415,14.57033],[120.98415,14.57042],[120.98424,14.57042]]],[[[120.9848,14.57034],[120.98489,14.57043],[120.98489,14.57034],[120.9848,14.57034]]],[[[120.99566,14.57016],[120.99529,14.57016],[120.99565,14.57043],[120.99566,14.57016]]],[[[120.99037,14.57011],[120.99018,14.57029],[120.99037,14.57047],[120.99037,14.57011]]],[[[120.99371,14.5705],[120.99361,14.57041],[120.99361,14.5705],[120.99371,14.5705]]],[[[120.98415,14.57051],[120.98406,14.57042],[120.98406,14.57051],[120.98415,14.57051]]],[[[120.98981,14.57056],[120.98962,14.57047],[120.98962,14.57056],[120.98981,14.57056]]],[[[120.9899,14.57029],[120.99009,14.57056],[120.99009,14.57029],[120.9899,14.57029]]],[[[120.99296,14.57059],[120.99306,14.5705],[120.99296,14.5705],[120.99296,14.57059]]],[[[120.98545,14.57061],[120.98535,14.57052],[120.98535,14.57061],[120.98545,14.57061]]],[[[120.98935,14.57029],[120.98944,14.57001],[120.98879,14.57055],[120.98916,14.57065],[120.98935,14.57029]]],[[[120.99018,14.57056],[120.99009,14.57065],[120.99018,14.57065],[120.99018,14.57056]]],[[[120.99278,14.57068],[120.99268,14.57058],[120.99268,14.57068],[120.99278,14.57068]]],[[[120.99315,14.57059],[120.99305,14.57068],[120.99315,14.57068],[120.99315,14.57059]]],[[[120.9938,14.57059],[120.99352,14.57068],[120.9938,14.57068],[120.9938,14.57059]]],[[[120.99565,14.57061],[120.99528,14.5707],[120.99565,14.5707],[120.99565,14.57061]]],[[[120.98888,14.57073],[120.98879,14.57064],[120.98879,14.57073],[120.98888,14.57073]]],[[[120.9925,14.57067],[120.99259,14.57076],[120.99259,14.57067],[120.9925,14.57067]]],[[[120.99296,14.57077],[120.99287,14.57068],[120.99287,14.57077],[120.99296,14.57077]]],[[[120.98313,14.57077],[120.98303,14.57068],[120.98303,14.57077],[120.98313,14.57077]]],[[[120.98433,14.57078],[120.98424,14.5706],[120.98424,14.57078],[120.98433,14.57078]]],[[[120.98981,14.57074],[120.99008,14.57083],[120.99008,14.57074],[120.98981,14.57074]]],[[[120.99593,14.5707],[120.99612,14.5708],[120.99612,14.5707],[120.99593,14.5707]]],[[[120.99305,14.57095],[120.99296,14.57086],[120.99296,14.57095],[120.99305,14.57095]]],[[[120.99379,14.57096],[120.99389,14.57087],[120.99379,14.57087],[120.99379,14.57096]]],[[[120.99157,14.57094],[120.99148,14.57085],[120.99147,14.57103],[120.99157,14.57094]]],[[[120.99185,14.57094],[120.99175,14.57103],[120.99184,14.57103],[120.99185,14.57094]]],[[[120.99259,14.57095],[120.99231,14.57085],[120.9924,14.57103],[120.99259,14.57095]]],[[[120.98451,14.57106],[120.98433,14.57096],[120.98433,14.57106],[120.98451,14.57106]]],[[[120.995,14.57097],[120.99518,14.57106],[120.99519,14.57097],[120.995,14.57097]]],[[[120.9848,14.57043],[120.98443,14.57069],[120.9847,14.57106],[120.98489,14.57097],[120.9848,14.57043]]],[[[120.98906,14.57082],[120.98925,14.57092],[120.98925,14.57074],[120.98906,14.57082]]],[[[120.9898,14.57101],[120.98953,14.57065],[120.98952,14.5711],[120.9898,14.57101]]],[[[120.98359,14.57096],[120.98377,14.57105],[120.98377,14.57096],[120.98359,14.57096]]],[[[120.99565,14.57115],[120.99584,14.57097],[120.99556,14.57097],[120.99565,14.57115]]],[[[120.98906,14.5711],[120.98878,14.57082],[120.98841,14.571],[120.9885,14.57118],[120.98906,14.5711]]],[[[120.99054,14.5712],[120.99101,14.57111],[120.99101,14.57084],[120.99064,14.57066],[120.99054,14.5712]]],[[[120.99147,14.57121],[120.99138,14.57103],[120.99138,14.57121],[120.99147,14.57121]]],[[[120.99166,14.57112],[120.99175,14.57121],[120.99175,14.57112],[120.99166,14.57112]]],[[[120.98479,14.57124],[120.9847,14.57115],[120.9847,14.57124],[120.98479,14.57124]]],[[[120.99593,14.57115],[120.99583,14.57124],[120.99593,14.57125],[120.99593,14.57115]]],[[[120.99166,14.5713],[120.99147,14.57121],[120.99147,14.5713],[120.99166,14.5713]]],[[[120.99259,14.57122],[120.99249,14.57131],[120.99277,14.57131],[120.99259,14.57122]]],[[[120.99602,14.57125],[120.99592,14.57134],[120.99602,14.57134],[120.99602,14.57125]]],[[[120.98906,14.57137],[120.98897,14.57128],[120.98897,14.57137],[120.98906,14.57137]]],[[[120.99054,14.57138],[120.99045,14.5712],[120.99045,14.57138],[120.99054,14.57138]]],[[[120.98284,14.57104],[120.98321,14.57123],[120.98322,14.57105],[120.98284,14.57104]]],[[[120.9937,14.57132],[120.99379,14.57141],[120.99379,14.57132],[120.9937,14.57132]]],[[[120.9834,14.57141],[120.98331,14.57123],[120.98331,14.57141],[120.9834,14.57141]]],[[[120.9885,14.57154],[120.98841,14.57145],[120.98841,14.57154],[120.9885,14.57154]]],[[[120.9937,14.57159],[120.9936,14.57168],[120.99369,14.57168],[120.9937,14.57159]]],[[[120.99462,14.57169],[120.995,14.57106],[120.99379,14.57114],[120.99462,14.57169]]],[[[120.99426,14.57123],[120.99416,14.57105],[120.99426,14.57105],[120.99426,14.57123]]],[[[120.98831,14.57172],[120.98841,14.57163],[120.98831,14.57163],[120.98831,14.57172]]],[[[120.99295,14.57176],[120.99286,14.57167],[120.99286,14.57176],[120.99295,14.57176]]],[[[120.9885,14.57172],[120.9884,14.57181],[120.9885,14.57181],[120.9885,14.57172]]],[[[120.98441,14.57187],[120.98423,14.57169],[120.98423,14.57187],[120.98441,14.57187]]],[[[120.99518,14.57142],[120.99509,14.5716],[120.99518,14.57187],[120.99518,14.57142]]],[[[120.9884,14.5719],[120.98831,14.57181],[120.98831,14.5719],[120.9884,14.5719]]],[[[120.99026,14.57174],[120.99045,14.57183],[120.99045,14.57165],[120.99026,14.57174]]],[[[120.99193,14.57166],[120.99212,14.57166],[120.99231,14.5713],[120.99193,14.57166]]],[[[120.98349,14.57168],[120.98386,14.57195],[120.98386,14.57177],[120.98349,14.57168]]],[[[120.99546,14.57187],[120.99555,14.57197],[120.99555,14.57187],[120.99546,14.57187]]],[[[120.99313,14.57203],[120.9936,14.57177],[120.99361,14.57104],[120.99305,14.57122],[120.99313,14.57203]]],[[[120.99499,14.57196],[120.99508,14.57205],[120.99508,14.57196],[120.99499,14.57196]]],[[[120.99545,14.57205],[120.99536,14.57196],[120.99536,14.57205],[120.99545,14.57205]]],[[[120.99564,14.57197],[120.99555,14.57206],[120.99564,14.57206],[120.99564,14.57197]]],[[[120.99675,14.57198],[120.99629,14.57206],[120.99675,14.57207],[120.99675,14.57198]]],[[[120.99119,14.57202],[120.99137,14.57211],[120.99137,14.57202],[120.99119,14.57202]]],[[[120.98246,14.57212],[120.98237,14.57203],[120.98237,14.57212],[120.98246,14.57212]]],[[[120.98376,14.57213],[120.98367,14.57204],[120.98367,14.57213],[120.98376,14.57213]]],[[[120.99118,14.5722],[120.99109,14.57211],[120.99109,14.5722],[120.99118,14.5722]]],[[[120.99231,14.5714],[120.99212,14.57185],[120.99211,14.57221],[120.99249,14.57185],[120.99231,14.5714]]],[[[120.99471,14.57223],[120.99462,14.57214],[120.99462,14.57223],[120.99471,14.57223]]],[[[120.99573,14.57224],[120.99564,14.57215],[120.99564,14.57224],[120.99573,14.57224]]],[[[120.99573,14.57206],[120.9961,14.57224],[120.9961,14.57206],[120.99573,14.57206]]],[[[120.99675,14.57225],[120.99666,14.57216],[120.99666,14.57225],[120.99675,14.57225]]],[[[120.99128,14.5722],[120.99118,14.57229],[120.99128,14.57229],[120.99128,14.5722]]],[[[120.99184,14.57211],[120.99193,14.5723],[120.99193,14.57211],[120.99184,14.57211]]],[[[120.99258,14.5723],[120.99267,14.57203],[120.99258,14.57203],[120.99258,14.5723]]],[[[120.98395,14.57223],[120.98404,14.57232],[120.98404,14.57223],[120.98395,14.57223]]],[[[120.98413,14.57232],[120.98423,14.57223],[120.98413,14.57223],[120.98413,14.57232]]],[[[120.99508,14.57223],[120.99517,14.57232],[120.99517,14.57223],[120.99508,14.57223]]],[[[120.99694,14.57234],[120.99684,14.57225],[120.99684,14.57234],[120.99694,14.57234]]],[[[120.99248,14.57212],[120.9922,14.57239],[120.99248,14.57239],[120.99248,14.57212]]],[[[120.98339,14.57195],[120.98293,14.57204],[120.98283,14.57231],[120.98348,14.5724],[120.98339,14.57195]]],[[[120.98432,14.57232],[120.98422,14.57241],[120.98432,14.57241],[120.98432,14.57232]]],[[[120.99638,14.57233],[120.99647,14.57242],[120.99647,14.57233],[120.99638,14.57233]]],[[[120.99777,14.57235],[120.99759,14.57207],[120.99712,14.57216],[120.99731,14.57243],[120.99777,14.57235]]],[[[120.99211,14.57248],[120.99202,14.57239],[120.99202,14.57248],[120.99211,14.57248]]],[[[120.9819,14.57248],[120.98181,14.57239],[120.98181,14.57248],[120.9819,14.57248]]],[[[120.99286,14.57212],[120.99304,14.5724],[120.99304,14.57212],[120.99286,14.57212]]],[[[120.99332,14.57204],[120.99322,14.5724],[120.9935,14.57249],[120.99332,14.57204]]],[[[120.9832,14.5724],[120.98311,14.57249],[120.9832,14.57249],[120.9832,14.5724]]],[[[120.98394,14.5725],[120.98385,14.57232],[120.98385,14.5725],[120.98394,14.5725]]],[[[120.98441,14.5725],[120.9845,14.57241],[120.98441,14.57241],[120.98441,14.5725]]],[[[120.99601,14.57251],[120.9961,14.57242],[120.99592,14.57233],[120.99601,14.57251]]],[[[120.98209,14.57257],[120.982,14.57248],[120.982,14.57257],[120.98209,14.57257]]],[[[120.99359,14.57249],[120.9935,14.57258],[120.99359,14.57258],[120.99359,14.57249]]],[[[120.98339,14.57258],[120.9833,14.57249],[120.98329,14.57258],[120.98339,14.57258]]],[[[120.98404,14.5725],[120.98394,14.57259],[120.98404,14.57259],[120.98404,14.5725]]],[[[120.99554,14.57251],[120.99545,14.5726],[120.99554,14.5726],[120.99554,14.57251]]],[[[120.99601,14.5726],[120.99591,14.57251],[120.99591,14.5726],[120.99601,14.5726]]],[[[120.98868,14.57245],[120.98896,14.57245],[120.98887,14.57218],[120.98868,14.57245]]],[[[120.99192,14.57257],[120.99174,14.57229],[120.99174,14.57266],[120.99192,14.57257]]],[[[120.98227,14.57266],[120.98218,14.57257],[120.98218,14.57266],[120.98227,14.57266]]],[[[120.98274,14.57267],[120.98283,14.5724],[120.98274,14.5724],[120.98274,14.57267]]],[[[120.99378,14.57258],[120.99359,14.57267],[120.99378,14.57267],[120.99378,14.57258]]],[[[120.98422,14.57268],[120.98432,14.57259],[120.98422,14.57259],[120.98422,14.57268]]],[[[120.99536,14.57269],[120.99536,14.57214],[120.99498,14.57268],[120.99536,14.57269]]],[[[120.99573,14.57269],[120.99563,14.5726],[120.99563,14.57269],[120.99573,14.57269]]],[[[120.98951,14.57255],[120.9897,14.57264],[120.9897,14.57255],[120.98951,14.57255]]],[[[120.98292,14.57267],[120.98283,14.57276],[120.98292,14.57276],[120.98292,14.57267]]],[[[120.98459,14.57277],[120.9845,14.57268],[120.98431,14.57277],[120.98459,14.57277]]],[[[120.99842,14.5728],[120.99832,14.57271],[120.99832,14.5728],[120.99842,14.5728]]],[[[120.98997,14.57264],[120.98979,14.57273],[120.98997,14.57282],[120.98997,14.57264]]],[[[120.98301,14.57285],[120.9832,14.57276],[120.98301,14.57276],[120.98301,14.57285]]],[[[120.99433,14.57277],[120.99443,14.57286],[120.99443,14.57277],[120.99433,14.57277]]],[[[120.98394,14.57286],[120.98385,14.57268],[120.98376,14.57286],[120.98394,14.57286]]],[[[120.98348,14.57286],[120.9832,14.57294],[120.98348,14.57295],[120.98348,14.57286]]],[[[120.9947,14.57295],[120.99499,14.57205],[120.99471,14.57205],[120.9947,14.57295]]],[[[120.98849,14.57299],[120.9884,14.57281],[120.98839,14.57299],[120.98849,14.57299]]],[[[120.98969,14.573],[120.9896,14.57282],[120.9896,14.573],[120.98969,14.573]]],[[[120.99433,14.57286],[120.99396,14.57286],[120.99378,14.57276],[120.99387,14.57304],[120.99433,14.57286]]],[[[120.99489,14.57313],[120.99498,14.57304],[120.99489,14.57304],[120.99489,14.57313]]],[[[120.99619,14.57315],[120.9961,14.57296],[120.996,14.57314],[120.99619,14.57315]]],[[[120.9896,14.57318],[120.98951,14.57309],[120.98951,14.57318],[120.9896,14.57318]]],[[[120.98273,14.57321],[120.98255,14.57312],[120.98255,14.57321],[120.98273,14.57321]]],[[[120.99813,14.57325],[120.99795,14.57316],[120.99795,14.57325],[120.99813,14.57325]]],[[[120.99851,14.57317],[120.9986,14.57326],[120.9986,14.57317],[120.99851,14.57317]]],[[[120.98858,14.57326],[120.98849,14.57317],[120.98848,14.57326],[120.98858,14.57326]]],[[[120.98932,14.57327],[120.98923,14.57318],[120.98923,14.57327],[120.98932,14.57327]]],[[[120.99507,14.57332],[120.99498,14.57323],[120.99479,14.57331],[120.99507,14.57332]]],[[[120.9985,14.57335],[120.99841,14.57325],[120.99841,14.57335],[120.9985,14.57335]]],[[[120.98839,14.57335],[120.9883,14.57326],[120.9883,14.57335],[120.98839,14.57335]]],[[[120.98876,14.57335],[120.98867,14.57326],[120.98867,14.57335],[120.98876,14.57335]]],[[[120.99294,14.57339],[120.99303,14.57294],[120.99359,14.57294],[120.9935,14.57267],[120.99267,14.57257],[120.99294,14.57339]]],[[[120.99322,14.57285],[120.99304,14.57276],[120.99322,14.57276],[120.99322,14.57285]]],[[[120.99331,14.57339],[120.99312,14.57321],[120.99312,14.57339],[120.99331,14.57339]]],[[[120.99479,14.5734],[120.9947,14.57331],[120.9947,14.5734],[120.99479,14.5734]]],[[[120.9895,14.57345],[120.98932,14.57336],[120.98932,14.57345],[120.9895,14.57345]]],[[[120.98301,14.57348],[120.98292,14.57339],[120.98292,14.57348],[120.98301,14.57348]]],[[[120.996,14.57341],[120.99609,14.57351],[120.99609,14.57342],[120.996,14.57341]]],[[[120.99767,14.57352],[120.99748,14.57343],[120.99748,14.57352],[120.99767,14.57352]]],[[[120.98245,14.57357],[120.98254,14.57348],[120.98245,14.57348],[120.98245,14.57357]]],[[[120.99312,14.57357],[120.99303,14.57348],[120.99303,14.57357],[120.99312,14.57357]]],[[[120.99433,14.57358],[120.99461,14.57331],[120.99424,14.57331],[120.99433,14.57358]]],[[[120.99535,14.57359],[120.99526,14.5735],[120.99525,14.57359],[120.99535,14.57359]]],[[[120.99563,14.57332],[120.99581,14.57341],[120.99581,14.57323],[120.99563,14.57332]]],[[[120.996,14.5736],[120.99591,14.5735],[120.9959,14.57359],[120.996,14.5736]]],[[[120.98755,14.57361],[120.98746,14.57352],[120.98746,14.57361],[120.98755,14.57361]]],[[[120.9883,14.57362],[120.98839,14.57353],[120.9883,14.57353],[120.9883,14.57362]]],[[[120.99173,14.57356],[120.99182,14.57365],[120.99182,14.57356],[120.99173,14.57356]]],[[[120.98199,14.57366],[120.98189,14.57356],[120.98189,14.57365],[120.98199,14.57366]]],[[[120.98264,14.57357],[120.98254,14.57366],[120.98264,14.57366],[120.98264,14.57357]]],[[[120.98857,14.57362],[120.98839,14.57371],[120.98857,14.57371],[120.98857,14.57362]]],[[[120.99173,14.57374],[120.99164,14.57365],[120.99163,14.57374],[120.99173,14.57374]]],[[[120.99191,14.57365],[120.99182,14.57374],[120.99191,14.57374],[120.99191,14.57365]]],[[[120.9959,14.57378],[120.99581,14.57359],[120.99581,14.57377],[120.9959,14.57378]]],[[[120.99182,14.57383],[120.99173,14.57374],[120.99173,14.57383],[120.99182,14.57383]]],[[[120.99405,14.57385],[120.99423,14.57376],[120.99405,14.57376],[120.99405,14.57385]]],[[[120.98931,14.5739],[120.98922,14.57381],[120.98922,14.5739],[120.98931,14.5739]]],[[[120.99432,14.57385],[120.99423,14.57394],[120.99432,14.57394],[120.99432,14.57385]]],[[[120.99451,14.57358],[120.9946,14.57395],[120.99488,14.57395],[120.9947,14.57386],[120.99451,14.57358]]],[[[120.99442,14.57394],[120.99432,14.57403],[120.99442,14.57403],[120.99442,14.57394]]],[[[120.99395,14.57412],[120.99386,14.57403],[120.99386,14.57412],[120.99395,14.57412]]],[[[120.99506,14.57413],[120.99497,14.57404],[120.99497,14.57413],[120.99506,14.57413]]],[[[120.98922,14.57408],[120.98931,14.57417],[120.98931,14.57408],[120.98922,14.57408]]],[[[120.99098,14.574],[120.99117,14.5741],[120.99117,14.57401],[120.99098,14.574]]],[[[120.9946,14.57404],[120.99451,14.57422],[120.99469,14.57422],[120.9946,14.57404]]],[[[120.99571,14.57423],[120.99562,14.57404],[120.99562,14.57422],[120.99571,14.57423]]],[[[120.98894,14.57399],[120.98903,14.57426],[120.98903,14.57399],[120.98894,14.57399]]],[[[120.98922,14.57426],[120.98913,14.57417],[120.98912,14.57426],[120.98922,14.57426]]],[[[120.99302,14.57429],[120.99293,14.5742],[120.99293,14.57429],[120.99302,14.57429]]],[[[120.99302,14.57411],[120.99321,14.57429],[120.99321,14.57411],[120.99302,14.57411]]],[[[120.98458,14.57413],[120.98439,14.57422],[120.98458,14.57431],[120.98458,14.57413]]],[[[120.99543,14.57431],[120.99525,14.57422],[120.99525,14.57431],[120.99543,14.57431]]],[[[120.98885,14.57435],[120.98875,14.57426],[120.98875,14.57435],[120.98885,14.57435]]],[[[120.98912,14.57435],[120.98903,14.57426],[120.98903,14.57435],[120.98912,14.57435]]],[[[120.99284,14.57438],[120.99274,14.57429],[120.99274,14.57438],[120.99284,14.57438]]],[[[120.98411,14.57449],[120.98421,14.5744],[120.98411,14.5744],[120.98411,14.57449]]],[[[120.99478,14.57449],[120.99469,14.57431],[120.99469,14.57449],[120.99478,14.57449]]],[[[120.99506,14.57422],[120.99515,14.57449],[120.99516,14.57422],[120.99506,14.57422]]],[[[120.98699,14.57451],[120.9869,14.57442],[120.9869,14.57451],[120.98699,14.57451]]],[[[120.99302,14.57447],[120.99311,14.57456],[120.99311,14.57447],[120.99302,14.57447]]],[[[120.98439,14.57449],[120.9842,14.57458],[120.98439,14.57458],[120.98439,14.57449]]],[[[120.99506,14.57458],[120.99497,14.57449],[120.99497,14.57458],[120.99506,14.57458]]],[[[120.99525,14.57449],[120.99515,14.57458],[120.99525,14.57458],[120.99525,14.57449]]],[[[120.99042,14.57463],[120.99033,14.57454],[120.99033,14.57463],[120.99042,14.57463]]],[[[120.99172,14.57464],[120.99153,14.57455],[120.99153,14.57464],[120.99172,14.57464]]],[[[120.99256,14.57456],[120.99265,14.57465],[120.99265,14.57456],[120.99256,14.57456]]],[[[120.98244,14.57465],[120.98226,14.57456],[120.98226,14.57465],[120.98244,14.57465]]],[[[120.99367,14.57466],[120.99348,14.57448],[120.99348,14.57466],[120.99367,14.57466]]],[[[120.99534,14.57458],[120.99524,14.57467],[120.99534,14.57467],[120.99534,14.57458]]],[[[120.99543,14.57468],[120.99562,14.57432],[120.99553,14.57431],[120.99543,14.57468]]],[[[120.98801,14.57461],[120.98773,14.5747],[120.98801,14.5747],[120.98801,14.57461]]],[[[120.99302,14.57474],[120.99283,14.57456],[120.99274,14.57474],[120.99302,14.57474]]],[[[120.99255,14.57483],[120.99246,14.57465],[120.99246,14.57483],[120.99255,14.57483]]],[[[120.99311,14.57484],[120.9932,14.57475],[120.99311,14.57475],[120.99311,14.57484]]],[[[120.99496,14.57485],[120.99506,14.57476],[120.99497,14.57476],[120.99496,14.57485]]],[[[120.98671,14.57487],[120.98661,14.57478],[120.98661,14.57487],[120.98671,14.57487]]],[[[120.99144,14.57491],[120.99135,14.57482],[120.99135,14.57491],[120.99144,14.57491]]],[[[120.99265,14.57483],[120.99255,14.57492],[120.99264,14.57492],[120.99265,14.57483]]],[[[120.99469,14.57494],[120.99459,14.57476],[120.99459,14.57494],[120.99469,14.57494]]],[[[120.99515,14.57485],[120.99506,14.57494],[120.99515,14.57494],[120.99515,14.57485]]],[[[120.99218,14.57483],[120.99237,14.57492],[120.99237,14.57456],[120.99218,14.57483]]],[[[120.99608,14.57468],[120.99543,14.57495],[120.99645,14.57495],[120.99608,14.57468]]],[[[120.99673,14.57505],[120.99663,14.57496],[120.99663,14.57505],[120.99673,14.57505]]],[[[120.98661,14.57505],[120.98643,14.57478],[120.98643,14.57505],[120.98661,14.57505]]],[[[120.9868,14.57505],[120.98671,14.57496],[120.98671,14.57505],[120.9868,14.57505]]],[[[120.99023,14.57508],[120.99014,14.57499],[120.99014,14.57508],[120.99023,14.57508]]],[[[120.99097,14.57509],[120.99088,14.575],[120.99088,14.57509],[120.99097,14.57509]]],[[[120.98271,14.57511],[120.98262,14.57493],[120.98253,14.57511],[120.98271,14.57511]]],[[[120.99747,14.57514],[120.99738,14.57505],[120.99737,14.57514],[120.99747,14.57514]]],[[[120.98791,14.57515],[120.98782,14.57497],[120.98782,14.57515],[120.98791,14.57515]]],[[[120.99153,14.57518],[120.99144,14.575],[120.99144,14.57518],[120.99153,14.57518]]],[[[120.98179,14.57501],[120.98151,14.5751],[120.98179,14.57519],[120.98179,14.57501]]],[[[120.99329,14.57502],[120.99311,14.57493],[120.99311,14.5752],[120.99329,14.57502]]],[[[120.99608,14.57522],[120.99598,14.57513],[120.99598,14.57522],[120.99608,14.57522]]],[[[120.9971,14.57523],[120.997,14.57514],[120.997,14.57523],[120.9971,14.57523]]],[[[120.98123,14.57528],[120.98114,14.57509],[120.98114,14.57527],[120.98123,14.57528]]],[[[120.98141,14.57528],[120.98132,14.57519],[120.98132,14.57528],[120.98141,14.57528]]],[[[120.99246,14.57528],[120.99255,14.57501],[120.99246,14.57501],[120.99246,14.57528]]],[[[120.99691,14.57532],[120.99682,14.57523],[120.99682,14.57532],[120.99691,14.57532]]],[[[120.98819,14.57525],[120.98828,14.57534],[120.98828,14.57525],[120.98819,14.57525]]],[[[120.9919,14.57537],[120.99208,14.57528],[120.9919,14.57528],[120.9919,14.57537]]],[[[120.99236,14.57537],[120.99227,14.57528],[120.99227,14.57537],[120.99236,14.57537]]],[[[120.98299,14.57538],[120.9829,14.5752],[120.9829,14.57538],[120.98299,14.57538]]],[[[120.99385,14.57538],[120.99394,14.57502],[120.99385,14.57502],[120.99385,14.57538]]],[[[120.9841,14.5753],[120.98457,14.57485],[120.98411,14.57512],[120.98393,14.57467],[120.9841,14.5753]]],[[[120.9855,14.5754],[120.98605,14.57514],[120.98568,14.57513],[120.9855,14.5754]]],[[[120.98735,14.57542],[120.98772,14.57524],[120.98773,14.57497],[120.98735,14.57542]]],[[[120.98819,14.57543],[120.988,14.57524],[120.988,14.57542],[120.98819,14.57543]]],[[[120.99097,14.57545],[120.99088,14.57536],[120.99088,14.57545],[120.99097,14.57545]]],[[[120.98169,14.57546],[120.98151,14.57537],[120.98151,14.57546],[120.98169,14.57546]]],[[[120.99301,14.57538],[120.99273,14.57547],[120.99301,14.57547],[120.99301,14.57538]]],[[[120.98253,14.57547],[120.98234,14.57538],[120.98234,14.57547],[120.98253,14.57547]]],[[[120.99691,14.5755],[120.99672,14.57541],[120.99672,14.5755],[120.99691,14.5755]]],[[[120.98661,14.5755],[120.98652,14.57541],[120.98652,14.5755],[120.98661,14.5755]]],[[[120.98624,14.57532],[120.98614,14.57559],[120.98633,14.5755],[120.98624,14.57532]]],[[[120.9867,14.57559],[120.98679,14.5755],[120.9867,14.5755],[120.9867,14.57559]]],[[[120.99218,14.57537],[120.99208,14.57564],[120.99227,14.57564],[120.99218,14.57537]]],[[[120.99301,14.57565],[120.99292,14.57556],[120.99292,14.57565],[120.99301,14.57565]]],[[[120.98689,14.5756],[120.98679,14.57569],[120.98689,14.57569],[120.98689,14.5756]]],[[[120.99004,14.57553],[120.99032,14.57572],[120.99032,14.57553],[120.99004,14.57553]]],[[[120.9815,14.57555],[120.98169,14.57564],[120.98169,14.57555],[120.9815,14.57555]]],[[[120.99319,14.57574],[120.9931,14.57565],[120.9931,14.57574],[120.99319,14.57574]]],[[[120.99329,14.57574],[120.99338,14.57565],[120.99329,14.57565],[120.99329,14.57574]]],[[[120.98568,14.57577],[120.98577,14.57568],[120.98568,14.57568],[120.98568,14.57577]]],[[[120.98716,14.57569],[120.98688,14.57578],[120.98716,14.57578],[120.98716,14.57569]]],[[[120.99022,14.57581],[120.99013,14.57571],[120.99013,14.5758],[120.99022,14.57581]]],[[[120.98187,14.57582],[120.98169,14.57573],[120.98169,14.57582],[120.98187,14.57582]]],[[[120.99291,14.57583],[120.99282,14.57574],[120.99282,14.57583],[120.99291,14.57583]]],[[[120.99551,14.57576],[120.99543,14.57504],[120.99515,14.57494],[120.99514,14.57558],[120.99551,14.57576]]],[[[120.99004,14.5758],[120.98976,14.57589],[120.99004,14.57589],[120.99004,14.5758]]],[[[120.99097,14.57581],[120.99069,14.5759],[120.99097,14.5759],[120.99097,14.57581]]],[[[120.99357,14.57574],[120.99338,14.57592],[120.99356,14.57583],[120.99357,14.57574]]],[[[120.9956,14.57594],[120.99551,14.57585],[120.99542,14.57594],[120.9956,14.57594]]],[[[120.98596,14.57577],[120.98577,14.57595],[120.98596,14.57586],[120.98596,14.57577]]],[[[120.99282,14.57601],[120.99273,14.57592],[120.99273,14.57601],[120.99282,14.57601]]],[[[120.99328,14.57601],[120.9931,14.57592],[120.9931,14.57601],[120.99328,14.57601]]],[[[120.99709,14.57604],[120.997,14.57586],[120.9969,14.57604],[120.99709,14.57604]]],[[[120.99022,14.57608],[120.99013,14.57599],[120.99013,14.57608],[120.99022,14.57608]]],[[[120.99115,14.57608],[120.99152,14.576],[120.99115,14.57599],[120.99115,14.57608]]],[[[120.9918,14.57609],[120.9918,14.57546],[120.99143,14.57545],[120.99143,14.57573],[120.9918,14.57609]]],[[[120.9918,14.57591],[120.99171,14.57582],[120.9918,14.57582],[120.9918,14.57591]]],[[[120.99162,14.57564],[120.99153,14.57555],[120.99162,14.57555],[120.99162,14.57564]]],[[[120.99263,14.57601],[120.99254,14.5761],[120.99263,14.5761],[120.99263,14.57601]]],[[[120.99356,14.57592],[120.99347,14.5761],[120.99356,14.5761],[120.99356,14.57592]]],[[[120.99523,14.57603],[120.99532,14.57612],[120.99533,14.57603],[120.99523,14.57603]]],[[[120.98966,14.57616],[120.98957,14.57607],[120.98957,14.57616],[120.98966,14.57616]]],[[[120.99161,14.57609],[120.99152,14.57618],[120.99161,14.57618],[120.99161,14.57609]]],[[[120.99226,14.576],[120.99208,14.57573],[120.99208,14.57627],[120.99226,14.576]]],[[[120.99087,14.57635],[120.99078,14.57644],[120.99087,14.57644],[120.99087,14.57635]]],[[[120.99171,14.57618],[120.99161,14.57645],[120.9917,14.57645],[120.99171,14.57618]]],[[[120.98781,14.57642],[120.9879,14.57651],[120.9879,14.57642],[120.98781,14.57642]]],[[[120.98966,14.57652],[120.98948,14.57643],[120.98948,14.57652],[120.98966,14.57652]]],[[[120.99031,14.57653],[120.99022,14.57626],[120.99022,14.57653],[120.99031,14.57653]]],[[[120.98085,14.57654],[120.98094,14.57645],[120.98085,14.57645],[120.98085,14.57654]]],[[[120.99198,14.57654],[120.99189,14.57645],[120.99189,14.57654],[120.99198,14.57654]]],[[[120.99207,14.57654],[120.99217,14.57645],[120.99207,14.57645],[120.99207,14.57654]]],[[[120.99347,14.57638],[120.9931,14.57628],[120.99309,14.57655],[120.99347,14.57638]]],[[[120.98474,14.57657],[120.98465,14.57639],[120.98465,14.57657],[120.98474,14.57657]]],[[[120.98493,14.57657],[120.98484,14.5763],[120.98484,14.57657],[120.98493,14.57657]]],[[[120.9956,14.57594],[120.99542,14.57621],[120.99541,14.57657],[120.9956,14.57657],[120.9956,14.57594]]],[[[120.98103,14.57654],[120.98094,14.57663],[120.98103,14.57663],[120.98103,14.57654]]],[[[120.9917,14.57663],[120.99152,14.57654],[120.99152,14.57663],[120.9917,14.57663]]],[[[120.99346,14.57665],[120.99328,14.57655],[120.99328,14.57664],[120.99346,14.57665]]],[[[120.99523,14.57612],[120.99486,14.57621],[120.99394,14.57539],[120.99467,14.57666],[120.99523,14.57612]]],[[[120.98456,14.57666],[120.98446,14.57657],[120.98446,14.57666],[120.98456,14.57666]]],[[[120.99569,14.57658],[120.9956,14.57666],[120.99569,14.57667],[120.99569,14.57658]]],[[[120.98781,14.57651],[120.98762,14.57596],[120.98716,14.57578],[120.98734,14.57668],[120.98781,14.57651]]],[[[120.99077,14.57671],[120.99069,14.57599],[120.99031,14.57671],[120.99077,14.57671]]],[[[120.99578,14.57667],[120.99569,14.57676],[120.99578,14.57676],[120.99578,14.57667]]],[[[120.98919,14.57679],[120.9891,14.5767],[120.9891,14.57679],[120.98919,14.57679]]],[[[120.99189,14.57681],[120.9917,14.57672],[120.9917,14.57681],[120.99189,14.57681]]],[[[120.99448,14.57684],[120.99439,14.57674],[120.99439,14.57683],[120.99448,14.57684]]],[[[120.98418,14.57675],[120.98428,14.57684],[120.98428,14.57675],[120.98418,14.57675]]],[[[120.99495,14.57684],[120.99513,14.57666],[120.99495,14.57657],[120.99495,14.57684]]],[[[120.98734,14.57686],[120.98725,14.57668],[120.98725,14.57686],[120.98734,14.57686]]],[[[120.98938,14.57688],[120.98929,14.57679],[120.98929,14.57688],[120.98938,14.57688]]],[[[120.99244,14.57664],[120.99207,14.57682],[120.99244,14.57691],[120.99244,14.57664]]],[[[120.9891,14.57697],[120.98901,14.57688],[120.98901,14.57697],[120.9891,14.57697]]],[[[120.99086,14.57699],[120.99077,14.5768],[120.99077,14.57698],[120.99086,14.57699]]],[[[120.9942,14.57692],[120.9943,14.57701],[120.9943,14.57692],[120.9942,14.57692]]],[[[120.99457,14.57702],[120.99448,14.57693],[120.99448,14.57702],[120.99457,14.57702]]],[[[120.99634,14.57685],[120.99569,14.57694],[120.99634,14.57703],[120.99634,14.57685]]],[[[120.99114,14.57708],[120.99096,14.57699],[120.99096,14.57708],[120.99114,14.57708]]],[[[120.99597,14.57712],[120.99587,14.57703],[120.99587,14.57712],[120.99597,14.57712]]],[[[120.98799,14.57705],[120.98836,14.57696],[120.98799,14.57696],[120.98799,14.57705]]],[[[120.98418,14.5772],[120.9839,14.57693],[120.98399,14.5772],[120.98418,14.5772]]],[[[120.98492,14.57721],[120.98483,14.57693],[120.98474,14.57711],[120.98492,14.57721]]],[[[120.98863,14.57724],[120.98854,14.57706],[120.98854,14.57724],[120.98863,14.57724]]],[[[120.98047,14.57726],[120.98056,14.57717],[120.98047,14.57717],[120.98047,14.57726]]],[[[120.99309,14.57728],[120.993,14.57718],[120.99299,14.57727],[120.99309,14.57728]]],[[[120.98325,14.57728],[120.98316,14.57719],[120.98316,14.57728],[120.98325,14.57728]]],[[[120.98325,14.5771],[120.98344,14.57728],[120.98344,14.5771],[120.98325,14.5771]]],[[[120.98437,14.5772],[120.98418,14.57729],[120.98437,14.57729],[120.98437,14.5772]]],[[[120.98075,14.57726],[120.98056,14.57735],[120.98075,14.57735],[120.98075,14.57726]]],[[[120.9942,14.57738],[120.99402,14.57719],[120.99411,14.57737],[120.9942,14.57738]]],[[[120.99494,14.57738],[120.99467,14.5772],[120.99466,14.57729],[120.99494,14.57738]]],[[[120.98854,14.57742],[120.98845,14.57733],[120.98845,14.57742],[120.98854,14.57742]]],[[[120.99318,14.57719],[120.99383,14.5771],[120.99346,14.57674],[120.99318,14.57719]]],[[[120.98835,14.57751],[120.98826,14.57741],[120.98826,14.57751],[120.98835,14.57751]]],[[[120.98919,14.57751],[120.9891,14.57742],[120.9891,14.57751],[120.98919,14.57751]]],[[[120.98028,14.57753],[120.98047,14.57744],[120.98028,14.57735],[120.98028,14.57753]]],[[[120.98084,14.57735],[120.98074,14.57753],[120.98084,14.57753],[120.98084,14.57735]]],[[[120.98056,14.57753],[120.98047,14.57762],[120.98056,14.57762],[120.98056,14.57753]]],[[[120.99494,14.5772],[120.99513,14.57765],[120.99569,14.5773],[120.9955,14.57693],[120.99494,14.5772]]],[[[120.98974,14.5777],[120.98937,14.57761],[120.98937,14.5777],[120.98974,14.5777]]],[[[120.98065,14.57762],[120.98056,14.57771],[120.98065,14.57771],[120.98065,14.57762]]],[[[120.98288,14.57773],[120.98306,14.57746],[120.98297,14.57746],[120.98288,14.57773]]],[[[120.99457,14.57765],[120.99476,14.57747],[120.99457,14.57738],[120.99457,14.57765]]],[[[120.99559,14.57775],[120.9955,14.57766],[120.9955,14.57775],[120.99559,14.57775]]],[[[120.98325,14.57773],[120.98306,14.57782],[120.98325,14.57782],[120.98325,14.57773]]],[[[120.99494,14.57774],[120.99485,14.57783],[120.99494,14.57783],[120.99494,14.57774]]],[[[120.99503,14.57783],[120.99522,14.57775],[120.99503,14.57774],[120.99503,14.57783]]],[[[120.99568,14.57784],[120.99577,14.57775],[120.99568,14.57775],[120.99568,14.57784]]],[[[120.98844,14.57787],[120.98854,14.57778],[120.98844,14.57778],[120.98844,14.57787]]],[[[120.98937,14.57788],[120.98956,14.57779],[120.98937,14.57779],[120.98937,14.57788]]],[[[120.99392,14.57782],[120.99382,14.57791],[120.99392,14.57792],[120.99392,14.57782]]],[[[120.99707,14.57794],[120.99698,14.57785],[120.99698,14.57794],[120.99707,14.57794]]],[[[120.98863,14.57787],[120.98853,14.57796],[120.98863,14.57796],[120.98863,14.57787]]],[[[120.98974,14.57788],[120.98956,14.57797],[120.98974,14.57797],[120.98974,14.57788]]],[[[120.98445,14.57792],[120.98464,14.57802],[120.98464,14.57793],[120.98445,14.57792]]],[[[120.98547,14.57793],[120.98575,14.57803],[120.98575,14.57794],[120.98547,14.57793]]],[[[120.98631,14.57812],[120.98612,14.57803],[120.98612,14.57812],[120.98631,14.57812]]],[[[120.98872,14.57796],[120.98863,14.57814],[120.98872,14.57814],[120.98872,14.57796]]],[[[120.99271,14.57809],[120.99253,14.57736],[120.99197,14.57781],[120.99123,14.57735],[120.99197,14.57817],[120.99271,14.57809]]],[[[120.99419,14.57819],[120.99429,14.5781],[120.99419,14.5781],[120.99419,14.57819]]],[[[120.98445,14.5782],[120.98436,14.57801],[120.98436,14.57819],[120.98445,14.5782]]],[[[120.99382,14.57782],[120.99355,14.57755],[120.99271,14.57818],[120.99326,14.57827],[120.99382,14.57782]]],[[[120.99456,14.57819],[120.99428,14.57828],[120.99456,14.57828],[120.99456,14.57819]]],[[[120.98575,14.5783],[120.98566,14.57821],[120.98566,14.5783],[120.98575,14.5783]]],[[[120.98575,14.57812],[120.98593,14.5783],[120.98594,14.57812],[120.98575,14.57812]]],[[[120.98779,14.57831],[120.9877,14.57822],[120.9877,14.57831],[120.98779,14.57831]]],[[[120.98927,14.57833],[120.98918,14.57824],[120.98918,14.57833],[120.98927,14.57833]]],[[[120.99493,14.57838],[120.99466,14.57819],[120.99475,14.57837],[120.99493,14.57838]]],[[[120.98445,14.57838],[120.98436,14.57828],[120.98436,14.57838],[120.98445,14.57838]]],[[[120.98556,14.57839],[120.98538,14.57829],[120.98538,14.57838],[120.98556,14.57839]]],[[[120.98732,14.5784],[120.98742,14.57831],[120.98733,14.57831],[120.98732,14.5784]]],[[[120.98946,14.57842],[120.98937,14.57833],[120.98937,14.57842],[120.98946,14.57842]]],[[[120.98194,14.57844],[120.98213,14.57799],[120.98185,14.57808],[120.98194,14.57844]]],[[[120.98213,14.57827],[120.98204,14.57817],[120.98213,14.57818],[120.98213,14.57827]]],[[[120.98278,14.57845],[120.98287,14.57836],[120.98278,14.57836],[120.98278,14.57845]]],[[[120.98519,14.57847],[120.985,14.57838],[120.985,14.57847],[120.98519,14.57847]]],[[[120.99633,14.57785],[120.99586,14.57811],[120.99642,14.57848],[120.99633,14.57785]]],[[[120.98751,14.5784],[120.98742,14.57849],[120.98751,14.57849],[120.98751,14.5784]]],[[[120.98575,14.57857],[120.98556,14.57848],[120.98556,14.57857],[120.98575,14.57857]]],[[[120.99632,14.57857],[120.9966,14.57866],[120.9966,14.57857],[120.99632,14.57857]]],[[[120.98918,14.57869],[120.98909,14.57851],[120.9889,14.57869],[120.98918,14.57869]]],[[[120.99085,14.5787],[120.99104,14.57843],[120.99076,14.57843],[120.99085,14.5787]]],[[[120.99086,14.5778],[120.99122,14.57871],[120.99122,14.57834],[120.99178,14.57853],[120.99086,14.5778]]],[[[120.99095,14.57807],[120.99104,14.57816],[120.99095,14.57816],[120.99095,14.57807]]],[[[120.98296,14.57845],[120.98287,14.57872],[120.98296,14.57872],[120.98296,14.57845]]],[[[120.98454,14.57874],[120.98482,14.57847],[120.98454,14.57838],[120.98454,14.57874]]],[[[120.99679,14.57866],[120.9966,14.57875],[120.99679,14.57875],[120.99679,14.57866]]],[[[120.98853,14.57877],[120.98844,14.57868],[120.98843,14.57877],[120.98853,14.57877]]],[[[120.99075,14.5787],[120.99057,14.57879],[120.99075,14.57879],[120.99075,14.5787]]],[[[120.99103,14.5787],[120.99094,14.57879],[120.99103,14.57879],[120.99103,14.5787]]],[[[120.98268,14.57872],[120.98277,14.57881],[120.98277,14.57872],[120.98268,14.57872]]],[[[120.99771,14.57885],[120.9979,14.57867],[120.99762,14.57867],[120.99771,14.57885]]],[[[120.98528,14.57893],[120.98519,14.57883],[120.98519,14.57892],[120.98528,14.57893]]],[[[120.98027,14.57897],[120.98055,14.57879],[120.98065,14.57816],[120.98046,14.5787],[120.98008,14.57879],[120.98,14.57825],[120.97971,14.57861],[120.98027,14.57897]]],[[[120.99057,14.57888],[120.99075,14.57897],[120.99075,14.57888],[120.99057,14.57888]]],[[[120.98946,14.57869],[120.99029,14.57906],[120.99048,14.57807],[120.99141,14.57762],[120.98994,14.57698],[120.99012,14.57752],[120.98974,14.57752],[120.98983,14.57851],[120.98946,14.57869]]],[[[120.98992,14.57842],[120.99011,14.57815],[120.9902,14.57843],[120.98992,14.57842]]],[[[120.99058,14.5778],[120.9903,14.57788],[120.9903,14.5777],[120.99058,14.5778]]],[[[120.99085,14.57897],[120.99075,14.57906],[120.99084,14.57906],[120.99085,14.57897]]],[[[120.99112,14.57898],[120.99103,14.57907],[120.99159,14.57898],[120.99112,14.57898]]],[[[120.98249,14.57908],[120.98268,14.57854],[120.98222,14.57872],[120.98249,14.57908]]],[[[120.98426,14.5791],[120.98435,14.57901],[120.98426,14.57901],[120.98426,14.5791]]],[[[120.98806,14.57913],[120.98797,14.57904],[120.98797,14.57913],[120.98806,14.57913]]],[[[120.9914,14.57907],[120.99159,14.57916],[120.99159,14.57907],[120.9914,14.57907]]],[[[120.98333,14.57918],[120.98314,14.579],[120.98314,14.57918],[120.98333,14.57918]]],[[[120.98453,14.5791],[120.98435,14.57919],[120.98453,14.57919],[120.98453,14.5791]]],[[[120.99743,14.57921],[120.99753,14.57876],[120.99688,14.57866],[120.99743,14.57885],[120.99743,14.57921]]],[[[120.97971,14.57906],[120.98008,14.57924],[120.98008,14.57906],[120.97971,14.57906]]],[[[120.98147,14.57925],[120.98138,14.57916],[120.98138,14.57925],[120.98147,14.57925]]],[[[120.98175,14.57926],[120.98156,14.57916],[120.98156,14.57925],[120.98175,14.57926]]],[[[120.99242,14.57926],[120.99233,14.57917],[120.99233,14.57926],[120.99242,14.57926]]],[[[120.98398,14.57928],[120.98407,14.5791],[120.98398,14.57909],[120.98398,14.57928]]],[[[120.98852,14.57931],[120.98843,14.57913],[120.98843,14.57931],[120.98852,14.57931]]],[[[120.97971,14.57933],[120.97962,14.57915],[120.97961,14.57933],[120.97971,14.57933]]],[[[120.9914,14.57934],[120.99131,14.57916],[120.99131,14.57934],[120.9914,14.57934]]],[[[120.98416,14.57928],[120.98407,14.57937],[120.98416,14.57937],[120.98416,14.57928]]],[[[120.99632,14.57866],[120.99558,14.57865],[120.99531,14.57802],[120.99568,14.57793],[120.99531,14.57784],[120.99465,14.57855],[120.99539,14.57937],[120.99632,14.57866]]],[[[120.99743,14.57939],[120.99734,14.57921],[120.99734,14.57939],[120.99743,14.57939]]],[[[120.98138,14.57943],[120.98128,14.57934],[120.98128,14.57943],[120.98138,14.57943]]],[[[120.98184,14.57944],[120.98175,14.57935],[120.98175,14.57944],[120.98184,14.57944]]],[[[120.99659,14.57938],[120.99687,14.57948],[120.99687,14.57939],[120.99659,14.57938]]],[[[120.98852,14.5795],[120.98861,14.57941],[120.98852,14.57941],[120.98852,14.5795]]],[[[120.98203,14.57953],[120.98193,14.57944],[120.98193,14.57953],[120.98203,14.57953]]],[[[120.99316,14.57954],[120.99298,14.57908],[120.99297,14.57953],[120.99316,14.57954]]],[[[120.98666,14.57966],[120.98704,14.57957],[120.98666,14.57957],[120.98666,14.57966]]],[[[120.9887,14.57968],[120.98861,14.57959],[120.98843,14.57968],[120.9887,14.57968]]],[[[120.98713,14.57966],[120.98703,14.57975],[120.98713,14.57975],[120.98713,14.57966]]],[[[120.98017,14.57942],[120.97943,14.57951],[120.98007,14.57978],[120.98017,14.57942]]],[[[120.98063,14.57961],[120.98082,14.57979],[120.98082,14.5797],[120.98063,14.57961]]],[[[120.99353,14.57981],[120.99362,14.57972],[120.99353,14.57972],[120.99353,14.57981]]],[[[120.9939,14.57981],[120.99409,14.57972],[120.9939,14.57972],[120.9939,14.57981]]],[[[120.97553,14.57974],[120.97571,14.57984],[120.97571,14.57966],[120.97553,14.57974]]],[[[120.98221,14.57989],[120.98212,14.57953],[120.98211,14.57989],[120.98221,14.57989]]],[[[120.99501,14.57973],[120.99464,14.57964],[120.99427,14.57982],[120.99455,14.57991],[120.99501,14.57973]]],[[[120.98675,14.57993],[120.98666,14.57984],[120.98666,14.57993],[120.98675,14.57993]]],[[[120.98768,14.57985],[120.9874,14.57994],[120.98768,14.57994],[120.98768,14.57985]]],[[[120.97553,14.58002],[120.97543,14.57983],[120.97543,14.58001],[120.97553,14.58002]]],[[[120.98731,14.58003],[120.98722,14.57994],[120.98722,14.58003],[120.98731,14.58003]]],[[[120.98054,14.57997],[120.98044,14.58006],[120.98072,14.58006],[120.98054,14.57997]]],[[[120.99306,14.58008],[120.99325,14.5799],[120.99306,14.5799],[120.99306,14.58008]]],[[[120.97525,14.58001],[120.97534,14.5801],[120.97534,14.58001],[120.97525,14.58001]]],[[[120.98842,14.58013],[120.98833,14.57967],[120.98824,14.58013],[120.98842,14.58013]]],[[[120.97886,14.58014],[120.97877,14.58004],[120.97877,14.58013],[120.97886,14.58014]]],[[[120.98118,14.58016],[120.981,14.57997],[120.981,14.58015],[120.98118,14.58016]]],[[[120.98165,14.58016],[120.98211,14.58007],[120.98211,14.57998],[120.98165,14.5798],[120.98165,14.58016]]],[[[120.99242,14.57881],[120.99269,14.57971],[120.99186,14.57943],[120.99187,14.5788],[120.99158,14.57952],[120.99288,14.58017],[120.99289,14.57836],[120.99187,14.57862],[120.99242,14.57881]]],[[[120.99251,14.5798],[120.99269,14.57998],[120.99251,14.57998],[120.99251,14.5798]]],[[[120.99445,14.58009],[120.9939,14.57999],[120.9939,14.58017],[120.99445,14.58009]]],[[[120.97645,14.5802],[120.97636,14.58011],[120.97636,14.5802],[120.97645,14.5802]]],[[[120.98796,14.58021],[120.98787,14.58012],[120.98786,14.58021],[120.98796,14.58021]]],[[[120.98434,14.58027],[120.98425,14.58018],[120.98425,14.58027],[120.98434,14.58027]]],[[[120.97525,14.58019],[120.97478,14.5801],[120.97478,14.58028],[120.97525,14.58019]]],[[[120.98916,14.58031],[120.98907,14.58022],[120.98907,14.58031],[120.98916,14.58031]]],[[[120.97924,14.58023],[120.97951,14.58014],[120.97924,14.58005],[120.97924,14.58023]]],[[[120.99297,14.58017],[120.99287,14.58035],[120.99297,14.58035],[120.99297,14.58017]]],[[[120.98721,14.58039],[120.98712,14.5803],[120.98712,14.58039],[120.98721,14.58039]]],[[[120.98796,14.58039],[120.98786,14.5803],[120.98786,14.58039],[120.98796,14.58039]]],[[[120.98944,14.58041],[120.98935,14.58032],[120.98935,14.58041],[120.98944,14.58041]]],[[[120.98378,14.58],[120.98443,14.58009],[120.98453,14.57937],[120.98341,14.57999],[120.98397,14.58045],[120.98378,14.58]]],[[[120.99659,14.57947],[120.99557,14.57929],[120.9965,14.58002],[120.99501,14.57973],[120.9951,14.58037],[120.99658,14.58047],[120.99696,14.5802],[120.99659,14.57947]]],[[[120.98666,14.58047],[120.98647,14.58038],[120.98647,14.58047],[120.98666,14.58047]]],[[[120.98183,14.58025],[120.98155,14.58043],[120.98183,14.58052],[120.98183,14.58025]]],[[[120.99297,14.58053],[120.99287,14.58044],[120.99287,14.58053],[120.99297,14.58053]]],[[[120.98703,14.58048],[120.98721,14.58057],[120.98721,14.58048],[120.98703,14.58048]]],[[[120.98795,14.58057],[120.98777,14.58048],[120.98777,14.58057],[120.98795,14.58057]]],[[[120.9912,14.58051],[120.99102,14.5806],[120.9912,14.5806],[120.9912,14.58051]]],[[[120.99139,14.5806],[120.99148,14.58015],[120.99139,14.58015],[120.99139,14.5806]]],[[[120.98294,14.58062],[120.98285,14.58053],[120.98285,14.58062],[120.98294,14.58062]]],[[[120.9951,14.58064],[120.99501,14.58045],[120.99501,14.58064],[120.9951,14.58064]]],[[[120.98628,14.58065],[120.98619,14.58056],[120.98619,14.58065],[120.98628,14.58065]]],[[[120.98703,14.58066],[120.98684,14.58057],[120.98684,14.58066],[120.98703,14.58066]]],[[[120.9873,14.58057],[120.98721,14.58066],[120.9873,14.58066],[120.9873,14.58057]]],[[[120.9745,14.58064],[120.97459,14.58073],[120.97459,14.58064],[120.9745,14.58064]]],[[[120.98758,14.58075],[120.9874,14.58066],[120.9874,14.58075],[120.98758,14.58075]]],[[[120.98795,14.58076],[120.98786,14.58066],[120.98786,14.58075],[120.98795,14.58076]]],[[[120.98981,14.58059],[120.98944,14.58059],[120.98981,14.58077],[120.98981,14.58059]]],[[[120.98313,14.5808],[120.98304,14.58062],[120.98294,14.5808],[120.98313,14.5808]]],[[[120.9745,14.58082],[120.97441,14.58073],[120.9744,14.58082],[120.9745,14.58082]]],[[[120.99064,14.58087],[120.99093,14.58006],[120.99139,14.58015],[120.99093,14.57961],[120.99121,14.57925],[120.99038,14.57897],[120.99037,14.58051],[120.99064,14.58087]]],[[[120.99084,14.58006],[120.99065,14.57997],[120.99084,14.57988],[120.99084,14.58006]]],[[[120.99204,14.5807],[120.99231,14.58061],[120.9925,14.58034],[120.99204,14.5807]]],[[[120.99362,14.57981],[120.99315,14.58035],[120.99398,14.5809],[120.99408,14.58063],[120.99362,14.57981]]],[[[120.99353,14.58017],[120.99362,14.58026],[120.99352,14.58026],[120.99353,14.58017]]],[[[120.97459,14.58082],[120.9745,14.58091],[120.97459,14.58091],[120.97459,14.58082]]],[[[120.99259,14.58089],[120.99231,14.58097],[120.99259,14.58098],[120.99259,14.58089]]],[[[120.99296,14.58098],[120.99315,14.58089],[120.99296,14.58089],[120.99296,14.58098]]],[[[120.99417,14.58099],[120.99408,14.5809],[120.99407,14.58099],[120.99417,14.58099]]],[[[120.98804,14.58103],[120.98795,14.58094],[120.98795,14.58103],[120.98804,14.58103]]],[[[120.98582,14.5811],[120.98591,14.58092],[120.98582,14.58092],[120.98582,14.5811]]],[[[120.96986,14.58114],[120.96976,14.58105],[120.96976,14.58114],[120.96986,14.58114]]],[[[120.97038,14.58106],[120.97023,14.58114],[120.97047,14.58115],[120.97038,14.58106]]],[[[120.99194,14.58106],[120.99203,14.58115],[120.99203,14.58106],[120.99194,14.58106]]],[[[120.986,14.5811],[120.98591,14.58119],[120.986,14.58119],[120.986,14.5811]]],[[[120.9924,14.58116],[120.99249,14.58125],[120.9925,14.58116],[120.9924,14.58116]]],[[[120.99268,14.58125],[120.99259,14.58116],[120.99259,14.58125],[120.99268,14.58125]]],[[[120.98619,14.58119],[120.986,14.58128],[120.98618,14.58128],[120.98619,14.58119]]],[[[120.98386,14.58135],[120.98368,14.58117],[120.98359,14.58135],[120.98386,14.58135]]],[[[120.97468,14.58091],[120.97459,14.58136],[120.97468,14.58136],[120.97468,14.58091]]],[[[120.98656,14.58129],[120.98618,14.58137],[120.98655,14.58138],[120.98656,14.58129]]],[[[120.98711,14.58138],[120.98702,14.58129],[120.98702,14.58138],[120.98711,14.58138]]],[[[120.99426,14.58144],[120.99435,14.58135],[120.99426,14.58135],[120.99426,14.58144]]],[[[120.98832,14.58121],[120.98813,14.5813],[120.98832,14.58148],[120.98832,14.58121]]],[[[120.99444,14.58144],[120.99435,14.58153],[120.99444,14.58153],[120.99444,14.58144]]],[[[120.97458,14.58154],[120.97449,14.58136],[120.97449,14.58154],[120.97458,14.58154]]],[[[120.99315,14.58098],[120.99324,14.58143],[120.99407,14.58162],[120.99407,14.58108],[120.99361,14.58135],[120.99315,14.58098]]],[[[120.97718,14.58166],[120.977,14.58156],[120.977,14.58166],[120.97718,14.58166]]],[[[120.98961,14.58167],[120.98952,14.58149],[120.98952,14.58167],[120.98961,14.58167]]],[[[120.99416,14.58162],[120.99407,14.58171],[120.99416,14.58171],[120.99416,14.58162]]],[[[120.97449,14.58172],[120.9744,14.58154],[120.9744,14.58172],[120.97449,14.58172]]],[[[120.98562,14.58164],[120.98609,14.58146],[120.98563,14.58137],[120.98562,14.58164]]],[[[120.99444,14.58181],[120.99435,14.58162],[120.99435,14.5818],[120.99444,14.58181]]],[[[120.97458,14.58172],[120.97449,14.58181],[120.97458,14.58181],[120.97458,14.58172]]],[[[120.9859,14.58182],[120.98581,14.58173],[120.98581,14.58182],[120.9859,14.58182]]],[[[120.98943,14.58185],[120.98934,14.58176],[120.98933,14.58185],[120.98943,14.58185]]],[[[120.97959,14.58159],[120.97941,14.58186],[120.9795,14.58186],[120.97959,14.58159]]],[[[120.99147,14.58187],[120.99138,14.58178],[120.99138,14.58187],[120.99147,14.58187]]],[[[120.99165,14.58187],[120.99156,14.58178],[120.99156,14.58187],[120.99165,14.58187]]],[[[120.97124,14.58188],[120.97115,14.58179],[120.97115,14.58188],[120.97124,14.58188]]],[[[120.97467,14.58182],[120.97458,14.58191],[120.97467,14.58191],[120.97467,14.58182]]],[[[120.97959,14.58186],[120.9795,14.58195],[120.97959,14.58195],[120.97959,14.58186]]],[[[120.9769,14.58193],[120.97671,14.58192],[120.97708,14.58202],[120.9769,14.58193]]],[[[120.97941,14.5815],[120.97839,14.58113],[120.97829,14.58185],[120.97858,14.5814],[120.97941,14.5815]]],[[[120.98915,14.58203],[120.98906,14.58194],[120.98905,14.58203],[120.98915,14.58203]]],[[[120.97968,14.58195],[120.97959,14.58204],[120.97968,14.58204],[120.97968,14.58195]]],[[[120.98664,14.5821],[120.98683,14.58183],[120.98664,14.58174],[120.98664,14.5821]]],[[[120.99063,14.58213],[120.99054,14.58186],[120.99045,14.58204],[120.99063,14.58213]]],[[[120.99379,14.58216],[120.99425,14.5818],[120.99369,14.58198],[120.99379,14.58216]]],[[[120.97662,14.58219],[120.97653,14.5821],[120.97653,14.58219],[120.97662,14.58219]]],[[[120.9768,14.5822],[120.97671,14.5821],[120.97671,14.58219],[120.9768,14.5822]]],[[[120.99425,14.58226],[120.99406,14.58207],[120.99406,14.58225],[120.99425,14.58226]]],[[[120.99434,14.58217],[120.99453,14.58208],[120.99434,14.5819],[120.99434,14.58217]]],[[[120.98757,14.58229],[120.98748,14.5822],[120.98747,14.58229],[120.98757,14.58229]]],[[[120.97949,14.58231],[120.97959,14.58213],[120.9795,14.58213],[120.97949,14.58231]]],[[[120.98627,14.58237],[120.98618,14.58228],[120.98617,14.58237],[120.98627,14.58237]]],[[[120.98655,14.58237],[120.98636,14.5821],[120.98636,14.58237],[120.98655,14.58237]]],[[[120.97848,14.58203],[120.97884,14.58239],[120.97903,14.5824],[120.97894,14.58203],[120.97848,14.58203]]],[[[120.97977,14.58231],[120.97959,14.5824],[120.97977,14.5824],[120.97977,14.58231]]],[[[120.99119,14.58232],[120.99137,14.58205],[120.99147,14.58196],[120.99128,14.58196],[120.99119,14.58232]]],[[[120.98664,14.58246],[120.98673,14.58237],[120.98664,14.58237],[120.98664,14.58246]]],[[[120.99146,14.58241],[120.99137,14.5825],[120.99146,14.5825],[120.99146,14.58241]]],[[[120.99406,14.58243],[120.99388,14.58234],[120.99387,14.58252],[120.99406,14.58243]]],[[[120.99387,14.58261],[120.99378,14.58252],[120.99378,14.58261],[120.99387,14.58261]]],[[[120.97736,14.58256],[120.97754,14.58274],[120.97754,14.58265],[120.97736,14.58256]]],[[[120.98858,14.58275],[120.98849,14.58257],[120.98849,14.58275],[120.98858,14.58275]]],[[[120.98487,14.58281],[120.98478,14.58272],[120.98478,14.58281],[120.98487,14.58281]]],[[[120.98589,14.58273],[120.98617,14.58282],[120.98617,14.58264],[120.9858,14.58245],[120.98589,14.58273]]],[[[120.97643,14.58282],[120.97634,14.58273],[120.97634,14.58282],[120.97643,14.58282]]],[[[120.97819,14.58284],[120.9781,14.58275],[120.9781,14.58284],[120.97819,14.58284]]],[[[120.9935,14.58288],[120.99341,14.58279],[120.99341,14.58288],[120.9935,14.58288]]],[[[120.99471,14.58244],[120.99443,14.58253],[120.99443,14.58289],[120.99471,14.58244]]],[[[120.97736,14.58283],[120.97708,14.58274],[120.97708,14.58292],[120.97736,14.58283]]],[[[120.99378,14.58297],[120.99369,14.58288],[120.99369,14.58297],[120.99378,14.58297]]],[[[120.98598,14.583],[120.98589,14.58291],[120.98589,14.583],[120.98598,14.583]]],[[[120.98784,14.58274],[120.98701,14.58237],[120.98738,14.58211],[120.98673,14.5821],[120.98738,14.58301],[120.98784,14.58274]]],[[[120.97708,14.58301],[120.97689,14.58292],[120.97689,14.58301],[120.97708,14.58301]]],[[[120.97837,14.58302],[120.97828,14.58293],[120.97828,14.58302],[120.97837,14.58302]]],[[[120.98737,14.5831],[120.98728,14.58301],[120.98728,14.5831],[120.98737,14.5831]]],[[[120.9912,14.58105],[120.9911,14.58142],[120.99055,14.58087],[120.98944,14.58095],[120.98879,14.58013],[120.98842,14.58058],[120.99082,14.58168],[120.99082,14.58205],[120.99119,14.58178],[120.99064,14.58123],[120.99147,14.58169],[120.99203,14.58169],[120.99165,14.58259],[120.99248,14.58287],[120.99202,14.58242],[120.99249,14.58206],[120.99331,14.58315],[120.99322,14.58261],[120.9935,14.58279],[120.9936,14.58261],[120.99276,14.58215],[120.9924,14.58125],[120.99175,14.58124],[120.99194,14.5807],[120.99157,14.58052],[120.9912,14.58105]]],[[[120.9924,14.58197],[120.99212,14.58188],[120.9924,14.58188],[120.9924,14.58197]]],[[[120.99221,14.58179],[120.99212,14.5817],[120.99221,14.5817],[120.99221,14.58179]]],[[[120.99443,14.58316],[120.99434,14.58289],[120.99433,14.58316],[120.99443,14.58316]]],[[[120.98756,14.5831],[120.98737,14.58319],[120.98756,14.58319],[120.98756,14.5831]]],[[[120.99322,14.58324],[120.99313,14.58315],[120.99313,14.58324],[120.99322,14.58324]]],[[[120.99452,14.58316],[120.99443,14.58325],[120.99452,14.58325],[120.99452,14.58316]]],[[[120.9871,14.5831],[120.98626,14.58309],[120.98709,14.58328],[120.9871,14.5831]]],[[[120.97893,14.5833],[120.97902,14.58321],[120.97893,14.58321],[120.97893,14.5833]]],[[[120.98218,14.58324],[120.98227,14.58333],[120.98227,14.58324],[120.98218,14.58324]]],[[[120.98459,14.58308],[120.98487,14.58317],[120.98487,14.58299],[120.98459,14.58308]]],[[[120.98552,14.58308],[120.9858,14.58309],[120.9858,14.58291],[120.98552,14.58308]]],[[[120.97911,14.5833],[120.97902,14.58339],[120.97911,14.58339],[120.97911,14.5833]]],[[[120.98181,14.58332],[120.9819,14.58341],[120.9819,14.58332],[120.98181,14.58332]]],[[[120.98218,14.58342],[120.98208,14.58333],[120.98208,14.58342],[120.98218,14.58342]]],[[[120.99303,14.58342],[120.99303,14.58315],[120.99285,14.58315],[120.99303,14.58342]]],[[[120.99377,14.58343],[120.99359,14.58306],[120.99359,14.58342],[120.99377,14.58343]]],[[[120.98941,14.58321],[120.98951,14.58348],[120.98951,14.58321],[120.98941,14.58321]]],[[[120.9793,14.58339],[120.97911,14.58348],[120.9793,14.58348],[120.9793,14.58339]]],[[[120.9818,14.5835],[120.98171,14.58341],[120.98171,14.5835],[120.9818,14.5835]]],[[[120.99349,14.58351],[120.9934,14.58342],[120.9934,14.58351],[120.99349,14.58351]]],[[[120.9857,14.58336],[120.98561,14.58354],[120.9857,14.58354],[120.9857,14.58336]]],[[[120.97689,14.58355],[120.97698,14.58346],[120.97689,14.58346],[120.97689,14.58355]]],[[[120.98941,14.58357],[120.98932,14.58348],[120.98932,14.58357],[120.98941,14.58357]]],[[[120.97707,14.58355],[120.97698,14.58364],[120.97707,14.58364],[120.97707,14.58355]]],[[[120.98858,14.58356],[120.98849,14.58284],[120.98784,14.58274],[120.9883,14.58329],[120.98775,14.58292],[120.98756,14.58346],[120.98858,14.58356]]],[[[120.99154,14.58368],[120.99145,14.58359],[120.99136,14.58368],[120.99154,14.58368]]],[[[120.99321,14.58369],[120.99331,14.5836],[120.99322,14.5836],[120.99321,14.58369]]],[[[120.97716,14.58373],[120.97726,14.58365],[120.97716,14.58364],[120.97716,14.58373]]],[[[120.9909,14.58349],[120.99127,14.58377],[120.99155,14.58287],[120.99109,14.58223],[120.99118,14.58304],[120.9909,14.58295],[120.9909,14.58349]]],[[[120.99136,14.58332],[120.99127,14.58304],[120.99136,14.58304],[120.99136,14.58332]]],[[[120.99303,14.58378],[120.99294,14.58342],[120.99294,14.58378],[120.99303,14.58378]]],[[[120.98588,14.58363],[120.9857,14.58372],[120.98588,14.58381],[120.98588,14.58363]]],[[[120.97735,14.58374],[120.97725,14.58383],[120.97735,14.58383],[120.97735,14.58374]]],[[[120.98857,14.58383],[120.98839,14.58374],[120.98839,14.58383],[120.98857,14.58383]]],[[[120.99034,14.58376],[120.99043,14.58385],[120.99043,14.58376],[120.99034,14.58376]]],[[[120.97986,14.58295],[120.97939,14.58357],[120.98004,14.58385],[120.98023,14.58259],[120.97903,14.5824],[120.97986,14.58295]]],[[[120.98032,14.58385],[120.9806,14.58358],[120.98032,14.58367],[120.98032,14.58385]]],[[[120.99145,14.58377],[120.99126,14.58386],[120.99145,14.58386],[120.99145,14.58377]]],[[[120.98598,14.58381],[120.98588,14.5839],[120.98598,14.5839],[120.98598,14.58381]]],[[[120.97744,14.58392],[120.97762,14.58383],[120.97744,14.58383],[120.97744,14.58392]]],[[[120.98876,14.58393],[120.98932,14.58357],[120.98858,14.58356],[120.98876,14.58393]]],[[[120.99034,14.58394],[120.99024,14.58385],[120.99024,14.58394],[120.99034,14.58394]]],[[[120.99293,14.58396],[120.99284,14.58387],[120.99284,14.58396],[120.99293,14.58396]]],[[[120.99321,14.58396],[120.99312,14.58387],[120.99312,14.58396],[120.99321,14.58396]]],[[[120.9754,14.58399],[120.9753,14.5839],[120.9753,14.58399],[120.9754,14.58399]]],[[[120.9754,14.58381],[120.97558,14.58399],[120.97558,14.58381],[120.9754,14.58381]]],[[[120.97688,14.584],[120.97697,14.58391],[120.97688,14.58391],[120.97688,14.584]]],[[[120.97772,14.58392],[120.97762,14.58401],[120.97772,14.58401],[120.97772,14.58392]]],[[[120.99108,14.58404],[120.99099,14.58394],[120.99098,14.58404],[120.99108,14.58404]]],[[[120.99154,14.58386],[120.99145,14.58404],[120.99154,14.58404],[120.99154,14.58386]]],[[[120.99377,14.58388],[120.9934,14.58397],[120.99377,14.58406],[120.99377,14.58388]]],[[[120.97549,14.58408],[120.9754,14.58399],[120.9754,14.58408],[120.97549,14.58408]]],[[[120.9779,14.5841],[120.97781,14.58401],[120.97781,14.5841],[120.9779,14.5841]]],[[[120.98022,14.58412],[120.98031,14.58403],[120.98022,14.58403],[120.98022,14.58412]]],[[[120.99145,14.58413],[120.99136,14.58404],[120.99136,14.58413],[120.99145,14.58413]]],[[[120.97716,14.58401],[120.97706,14.58419],[120.97716,14.58419],[120.97716,14.58401]]],[[[120.97809,14.58419],[120.97799,14.5841],[120.97799,14.58419],[120.97809,14.58419]]],[[[120.98013,14.58412],[120.98004,14.58403],[120.97994,14.58421],[120.98013,14.58412]]],[[[120.99302,14.58423],[120.99293,14.58414],[120.99293,14.58423],[120.99302,14.58423]]],[[[120.98616,14.58426],[120.98625,14.58417],[120.98616,14.58417],[120.98616,14.58426]]],[[[120.97744,14.58428],[120.97725,14.58419],[120.97725,14.58428],[120.97744,14.58428]]],[[[120.97827,14.58429],[120.97818,14.5842],[120.97818,14.58429],[120.97827,14.58429]]],[[[120.98124,14.58431],[120.98115,14.58413],[120.98115,14.58431],[120.98124,14.58431]]],[[[120.98142,14.58431],[120.98133,14.58422],[120.98133,14.58431],[120.98142,14.58431]]],[[[120.98634,14.58427],[120.98625,14.58436],[120.98634,14.58436],[120.98634,14.58427]]],[[[120.97846,14.58438],[120.97836,14.58429],[120.97836,14.58438],[120.97846,14.58438]]],[[[120.99024,14.58385],[120.98969,14.58357],[120.99006,14.58385],[120.98932,14.58366],[120.9895,14.58393],[120.98904,14.58402],[120.99024,14.58439],[120.99024,14.58385]]],[[[120.99182,14.5844],[120.99191,14.58431],[120.99182,14.58431],[120.99182,14.5844]]],[[[120.98235,14.58441],[120.98226,14.58432],[120.98226,14.58441],[120.98235,14.58441]]],[[[120.99293,14.58441],[120.99284,14.58432],[120.99284,14.58441],[120.99293,14.58441]]],[[[120.97521,14.58435],[120.9753,14.58444],[120.9753,14.58435],[120.97521,14.58435]]],[[[120.98644,14.58436],[120.98634,14.58445],[120.98643,14.58445],[120.98644,14.58436]]],[[[120.98783,14.58446],[120.98773,14.58437],[120.98773,14.58446],[120.98783,14.58446]]],[[[120.97855,14.58447],[120.97864,14.58438],[120.97855,14.58438],[120.97855,14.58447]]],[[[120.98041,14.58412],[120.98031,14.58449],[120.9804,14.58449],[120.98041,14.58412]]],[[[120.99265,14.5845],[120.99256,14.58441],[120.99256,14.5845],[120.99265,14.5845]]],[[[120.98244,14.5845],[120.98254,14.58441],[120.98244,14.58441],[120.98244,14.5845]]],[[[120.98319,14.58424],[120.983,14.58442],[120.98328,14.58451],[120.98319,14.58424]]],[[[120.98439,14.58443],[120.98449,14.58452],[120.98449,14.58443],[120.98439,14.58443]]],[[[120.97539,14.58444],[120.9753,14.58453],[120.97539,14.58453],[120.97539,14.58444]]],[[[120.98606,14.58453],[120.98616,14.58435],[120.98606,14.58435],[120.98606,14.58453]]],[[[120.9883,14.58383],[120.98783,14.58383],[120.98792,14.58455],[120.9883,14.58383]]],[[[120.97873,14.58447],[120.97864,14.58456],[120.97873,14.58456],[120.97873,14.58447]]],[[[120.99052,14.58457],[120.9908,14.58421],[120.99043,14.58421],[120.99052,14.58457]]],[[[120.98031,14.58458],[120.98022,14.58448],[120.98022,14.58457],[120.98031,14.58458]]],[[[120.99126,14.58449],[120.99108,14.58422],[120.99107,14.58458],[120.99126,14.58449]]],[[[120.98272,14.58451],[120.98254,14.58459],[120.98272,14.5846],[120.98272,14.58451]]],[[[120.98439,14.58461],[120.9843,14.58452],[120.9843,14.58461],[120.98439,14.58461]]],[[[120.9753,14.58462],[120.97511,14.58444],[120.97511,14.58462],[120.9753,14.58462]]],[[[120.98792,14.58464],[120.98783,14.58455],[120.98782,14.58464],[120.98792,14.58464]]],[[[120.97882,14.58456],[120.97873,14.58465],[120.97882,14.58465],[120.97882,14.58456]]],[[[120.97957,14.58466],[120.97947,14.58457],[120.97947,14.58466],[120.97957,14.58466]]],[[[120.97966,14.58466],[120.97975,14.58457],[120.97966,14.58457],[120.97966,14.58466]]],[[[120.99042,14.58466],[120.99033,14.58457],[120.99033,14.58466],[120.99042,14.58466]]],[[[120.98022,14.58467],[120.98012,14.58457],[120.98012,14.58466],[120.98022,14.58467]]],[[[120.99172,14.58467],[120.99154,14.58458],[120.99154,14.58467],[120.99172,14.58467]]],[[[120.98291,14.5846],[120.98272,14.58469],[120.98291,14.58469],[120.98291,14.5846]]],[[[120.98773,14.58446],[120.98736,14.58455],[120.98736,14.58464],[120.98755,14.58473],[120.98773,14.58446]]],[[[120.97929,14.58466],[120.97892,14.58474],[120.97929,14.58475],[120.97929,14.58466]]],[[[120.99079,14.58476],[120.9908,14.58449],[120.99061,14.58466],[120.99079,14.58476]]],[[[120.9843,14.58479],[120.98421,14.5847],[120.9842,14.58479],[120.9843,14.58479]]],[[[120.98198,14.58486],[120.98188,14.58477],[120.98188,14.58486],[120.98198,14.58486]]],[[[120.98643,14.58454],[120.98624,14.5849],[120.98634,14.5849],[120.98643,14.58454]]],[[[120.98003,14.58475],[120.97975,14.58493],[120.98003,14.58484],[120.98003,14.58475]]],[[[120.98504,14.58462],[120.98597,14.58499],[120.98597,14.58453],[120.98504,14.58462]]],[[[120.98782,14.585],[120.98773,14.58482],[120.98773,14.585],[120.98782,14.585]]],[[[120.97817,14.58501],[120.97808,14.58483],[120.97808,14.58501],[120.97817,14.58501]]],[[[120.99079,14.58503],[120.99088,14.58485],[120.99079,14.58485],[120.99079,14.58503]]],[[[120.98095,14.58503],[120.98086,14.58485],[120.98086,14.58503],[120.98095,14.58503]]],[[[120.98318,14.58478],[120.9829,14.58496],[120.98309,14.58505],[120.98318,14.58478]]],[[[120.98374,14.58506],[120.98355,14.58497],[120.98355,14.58506],[120.98374,14.58506]]],[[[120.98402,14.58497],[120.98411,14.58506],[120.98411,14.58497],[120.98402,14.58497]]],[[[120.9855,14.58507],[120.98532,14.58498],[120.98532,14.58507],[120.9855,14.58507]]],[[[120.98606,14.58499],[120.98596,14.58508],[120.98606,14.58508],[120.98606,14.58499]]],[[[120.98652,14.58508],[120.98643,14.58499],[120.98643,14.58508],[120.98652,14.58508]]],[[[120.98003,14.58512],[120.97993,14.58502],[120.97993,14.58511],[120.98003,14.58512]]],[[[120.98132,14.58513],[120.98123,14.58494],[120.98123,14.58513],[120.98132,14.58513]]],[[[120.99256,14.58459],[120.99191,14.58468],[120.99246,14.58513],[120.99256,14.58459]]],[[[120.99264,14.58513],[120.99255,14.58495],[120.99255,14.58513],[120.99264,14.58513]]],[[[120.98801,14.58518],[120.98791,14.58509],[120.98791,14.58518],[120.98801,14.58518]]],[[[120.97808,14.58519],[120.97798,14.5851],[120.97798,14.58519],[120.97808,14.58519]]],[[[120.98114,14.58522],[120.98105,14.58512],[120.98105,14.58521],[120.98114,14.58522]]],[[[120.9829,14.58514],[120.98299,14.58523],[120.98299,14.58514],[120.9829,14.58514]]],[[[120.99097,14.58521],[120.99088,14.58512],[120.9906,14.5853],[120.99088,14.5853],[120.99097,14.58521]]],[[[120.98262,14.58532],[120.98281,14.58514],[120.98253,14.58514],[120.98262,14.58532]]],[[[120.9881,14.58518],[120.98828,14.58528],[120.98828,14.58519],[120.9881,14.58518]]],[[[120.98856,14.58537],[120.98847,14.58528],[120.98847,14.58537],[120.98856,14.58537]]],[[[120.97808,14.58528],[120.97817,14.58537],[120.97817,14.58528],[120.97808,14.58528]]],[[[120.98002,14.58539],[120.97993,14.5853],[120.97993,14.58539],[120.98002,14.58539]]],[[[120.97733,14.58545],[120.97752,14.58536],[120.97733,14.58536],[120.97733,14.58545]]],[[[120.97761,14.58518],[120.9777,14.58546],[120.97771,14.58519],[120.97761,14.58518]]],[[[120.97807,14.58546],[120.97789,14.58537],[120.97789,14.58546],[120.97807,14.58546]]],[[[120.96787,14.58546],[120.96778,14.58537],[120.96777,14.58546],[120.96787,14.58546]]],[[[120.98021,14.58548],[120.98012,14.58539],[120.98012,14.58548],[120.98021,14.58548]]],[[[120.99134,14.58548],[120.99144,14.58476],[120.99107,14.58476],[120.99134,14.58548]]],[[[120.98169,14.58549],[120.9816,14.58531],[120.9816,14.58549],[120.98169,14.58549]]],[[[120.99227,14.58549],[120.99218,14.5854],[120.99218,14.58549],[120.99227,14.58549]]],[[[120.96703,14.58554],[120.96694,14.58527],[120.96699,14.58554],[120.96703,14.58554]]],[[[120.97946,14.58556],[120.97937,14.58547],[120.97937,14.58556],[120.97946,14.58556]]],[[[120.9803,14.58557],[120.98039,14.58548],[120.9803,14.58548],[120.9803,14.58557]]],[[[120.98243,14.58559],[120.98234,14.5855],[120.98234,14.58559],[120.98243,14.58559]]],[[[120.98271,14.58559],[120.98262,14.58541],[120.98262,14.58559],[120.98271,14.58559]]],[[[120.98401,14.58551],[120.98374,14.58515],[120.98364,14.5856],[120.98401,14.58551]]],[[[120.98383,14.58524],[120.98392,14.58542],[120.98383,14.58542],[120.98383,14.58524]]],[[[120.98438,14.5856],[120.98448,14.58552],[120.98438,14.58551],[120.98438,14.5856]]],[[[120.97705,14.58563],[120.97715,14.58554],[120.97705,14.58554],[120.97705,14.58563]]],[[[120.97761,14.58564],[120.97752,14.58546],[120.97752,14.58564],[120.97761,14.58564]]],[[[120.96759,14.58555],[120.96768,14.58564],[120.96768,14.58555],[120.96759,14.58555]]],[[[120.98921,14.58565],[120.98912,14.58556],[120.98911,14.58565],[120.98921,14.58565]]],[[[120.97928,14.58565],[120.97909,14.58547],[120.979,14.58565],[120.97928,14.58565]]],[[[120.98011,14.58566],[120.98021,14.58557],[120.98011,14.58557],[120.98011,14.58566]]],[[[120.98457,14.58561],[120.98447,14.5857],[120.98457,14.5857],[120.98457,14.58561]]],[[[120.98494,14.58561],[120.98503,14.5857],[120.98503,14.58561],[120.98494,14.58561]]],[[[120.97538,14.58571],[120.97529,14.58562],[120.97529,14.58571],[120.97538,14.58571]]],[[[120.97631,14.58572],[120.97622,14.58562],[120.97622,14.58571],[120.97631,14.58572]]],[[[120.97733,14.58563],[120.97714,14.58572],[120.97733,14.58572],[120.97733,14.58563]]],[[[120.96759,14.58573],[120.96749,14.58564],[120.96749,14.58573],[120.96759,14.58573]]],[[[120.97956,14.58574],[120.97965,14.58565],[120.97956,14.58565],[120.97956,14.58574]]],[[[120.99051,14.58575],[120.99041,14.58566],[120.99041,14.58575],[120.99051,14.58575]]],[[[120.98048,14.58575],[120.98039,14.58566],[120.98021,14.58575],[120.98048,14.58575]]],[[[120.98169,14.58576],[120.98178,14.58567],[120.98169,14.58567],[120.98169,14.58576]]],[[[120.99236,14.58576],[120.99227,14.58567],[120.99227,14.58576],[120.99236,14.58576]]],[[[120.98466,14.5857],[120.98457,14.58579],[120.98466,14.58579],[120.98466,14.5857]]],[[[120.98494,14.58579],[120.98485,14.5857],[120.98484,14.58579],[120.98494,14.58579]]],[[[120.98744,14.58572],[120.98754,14.58581],[120.98754,14.58572],[120.98744,14.58572]]],[[[120.98883,14.58582],[120.98874,14.58573],[120.98874,14.58582],[120.98883,14.58582]]],[[[120.97872,14.58583],[120.97863,14.58574],[120.97863,14.58583],[120.97872,14.58583]]],[[[120.97928,14.58583],[120.97937,14.58574],[120.97928,14.58574],[120.97928,14.58583]]],[[[120.98243,14.58586],[120.98225,14.58568],[120.98225,14.58586],[120.98243,14.58586]]],[[[120.9751,14.58589],[120.9752,14.58571],[120.9751,14.58571],[120.9751,14.58589]]],[[[120.98606,14.58508],[120.98624,14.58589],[120.98689,14.58572],[120.9868,14.58526],[120.98717,14.58554],[120.98754,14.58554],[120.98763,14.58536],[120.98754,14.58482],[120.98745,14.58545],[120.98726,14.58518],[120.98606,14.58508]]],[[[120.98624,14.58544],[120.98642,14.58553],[120.98624,14.58553],[120.98624,14.58544]]],[[[120.9867,14.58562],[120.98661,14.58571],[120.9867,14.58572],[120.9867,14.58562]]],[[[120.98652,14.58562],[120.98661,14.58553],[120.98652,14.58553],[120.98652,14.58562]]],[[[120.97659,14.5859],[120.97649,14.58581],[120.97649,14.5859],[120.97659,14.5859]]],[[[120.96731,14.58591],[120.96731,14.58585],[120.96725,14.58591],[120.96731,14.58591]]],[[[120.97817,14.58555],[120.97844,14.58582],[120.97835,14.58546],[120.97817,14.58555]]],[[[120.97946,14.58583],[120.97937,14.58592],[120.97946,14.58592],[120.97946,14.58583]]],[[[120.97974,14.58575],[120.97965,14.58593],[120.97974,14.58593],[120.97974,14.58575]]],[[[120.98169,14.58594],[120.9816,14.58585],[120.9816,14.58594],[120.98169,14.58594]]],[[[120.98197,14.58585],[120.98206,14.58595],[120.98206,14.58586],[120.98197,14.58585]]],[[[120.97408,14.58597],[120.97399,14.58588],[120.97399,14.58597],[120.97408,14.58597]]],[[[120.97418,14.58561],[120.97426,14.58597],[120.97436,14.58552],[120.97418,14.58561]]],[[[120.97529,14.58589],[120.97519,14.58598],[120.97529,14.58598],[120.97529,14.58589]]],[[[120.97677,14.58599],[120.97668,14.5859],[120.97668,14.58599],[120.97677,14.58599]]],[[[120.98707,14.58599],[120.98716,14.58581],[120.98698,14.58572],[120.98707,14.58599]]],[[[120.97825,14.586],[120.97816,14.58591],[120.97816,14.586],[120.97825,14.586]]],[[[120.97881,14.58601],[120.97872,14.58592],[120.97872,14.58601],[120.97881,14.58601]]],[[[120.9893,14.58601],[120.9892,14.58592],[120.9892,14.58601],[120.9893,14.58601]]],[[[120.99069,14.58602],[120.9906,14.58584],[120.9906,14.58602],[120.99069,14.58602]]],[[[120.98178,14.58603],[120.98187,14.58594],[120.98178,14.58576],[120.98178,14.58603]]],[[[120.97686,14.58608],[120.97696,14.58599],[120.97686,14.58599],[120.97686,14.58608]]],[[[120.98893,14.58601],[120.98911,14.5861],[120.98911,14.58601],[120.98893,14.58601]]],[[[120.98948,14.5861],[120.98939,14.58601],[120.98939,14.5861],[120.98948,14.5861]]],[[[120.99189,14.58612],[120.99171,14.58567],[120.99171,14.58612],[120.99189,14.58612]]],[[[120.97398,14.58615],[120.97389,14.58597],[120.97389,14.58615],[120.97398,14.58615]]],[[[120.97408,14.58606],[120.97417,14.58615],[120.97417,14.58606],[120.97408,14.58606]]],[[[120.98558,14.58616],[120.98549,14.58607],[120.98549,14.58616],[120.98558,14.58616]]],[[[120.98614,14.58616],[120.98605,14.58571],[120.98568,14.58589],[120.98568,14.58598],[120.98614,14.58616]]],[[[120.97705,14.58608],[120.97695,14.58617],[120.97705,14.58617],[120.97705,14.58608]]],[[[120.98892,14.5861],[120.98809,14.58582],[120.98791,14.58545],[120.988,14.586],[120.98892,14.5861]]],[[[120.97992,14.58611],[120.97928,14.58592],[120.97927,14.58619],[120.97992,14.58611]]],[[[120.99264,14.58622],[120.99255,14.5854],[120.99246,14.5854],[120.99236,14.58603],[120.99264,14.58622]]],[[[120.97389,14.58624],[120.9738,14.58615],[120.9738,14.58624],[120.97389,14.58624]]],[[[120.97408,14.58624],[120.97398,14.58615],[120.97398,14.58624],[120.97408,14.58624]]],[[[120.98493,14.58624],[120.98484,14.58615],[120.98484,14.58624],[120.98493,14.58624]]],[[[120.98623,14.58616],[120.98614,14.58625],[120.98623,14.58625],[120.98623,14.58616]]],[[[120.97723,14.58627],[120.97714,14.58617],[120.97714,14.58627],[120.97723,14.58627]]],[[[120.98336,14.58623],[120.98382,14.58614],[120.98336,14.58605],[120.98336,14.58623]]],[[[120.9738,14.58633],[120.97371,14.58624],[120.9737,14.58633],[120.9738,14.58633]]],[[[120.98633,14.58625],[120.98623,14.58634],[120.98632,14.58634],[120.98633,14.58625]]],[[[120.97834,14.58628],[120.97844,14.58637],[120.97844,14.58628],[120.97834,14.58628]]],[[[120.98419,14.58642],[120.98447,14.58624],[120.98419,14.58624],[120.98419,14.58642]]],[[[120.98605,14.58643],[120.98595,14.58634],[120.98595,14.58643],[120.98605,14.58643]]],[[[120.97742,14.58645],[120.97751,14.58636],[120.97742,14.58636],[120.97742,14.58645]]],[[[120.97806,14.58645],[120.97797,14.58636],[120.97797,14.58645],[120.97806,14.58645]]],[[[120.97834,14.58646],[120.97825,14.58637],[120.97825,14.58646],[120.97834,14.58646]]],[[[120.98939,14.58619],[120.98948,14.58646],[120.98948,14.58619],[120.98939,14.58619]]],[[[120.97918,14.58646],[120.97909,14.58637],[120.97909,14.58646],[120.97918,14.58646]]],[[[120.98066,14.58648],[120.98057,14.58629],[120.98057,14.58648],[120.98066,14.58648]]],[[[120.9737,14.58642],[120.9738,14.58651],[120.9738,14.58642],[120.9737,14.58642]]],[[[120.98938,14.58655],[120.98929,14.58646],[120.98929,14.58655],[120.98938,14.58655]]],[[[120.99068,14.58656],[120.99059,14.58629],[120.99059,14.58656],[120.99068,14.58656]]],[[[120.97315,14.58659],[120.97333,14.58641],[120.97305,14.58641],[120.97315,14.58659]]],[[[120.9737,14.5866],[120.97361,14.58651],[120.97361,14.5866],[120.9737,14.5866]]],[[[120.98502,14.5866],[120.98493,14.58642],[120.98493,14.5866],[120.98502,14.5866]]],[[[120.98539,14.58661],[120.98549,14.58652],[120.98539,14.58652],[120.98539,14.58661]]],[[[120.98586,14.58661],[120.98604,14.58652],[120.98586,14.58652],[120.98586,14.58661]]],[[[120.98642,14.58635],[120.98688,14.58635],[120.98688,14.58608],[120.98642,14.58635]]],[[[120.98929,14.58664],[120.9892,14.58655],[120.9892,14.58664],[120.98929,14.58664]]],[[[120.97927,14.58664],[120.97918,14.58655],[120.97918,14.58664],[120.97927,14.58664]]],[[[120.97992,14.58638],[120.97973,14.58656],[120.97992,14.58665],[120.97992,14.58638]]],[[[120.98103,14.58666],[120.98113,14.58621],[120.98067,14.58611],[120.98094,14.5863],[120.98103,14.58666]]],[[[120.97361,14.58669],[120.97352,14.5866],[120.97352,14.58669],[120.97361,14.58669]]],[[[120.98669,14.58671],[120.98641,14.58662],[120.98641,14.58671],[120.98669,14.58671]]],[[[120.97769,14.58645],[120.9776,14.58672],[120.97769,14.58672],[120.97769,14.58645]]],[[[120.97825,14.58655],[120.97834,14.58673],[120.97844,14.58655],[120.97825,14.58655]]],[[[120.97908,14.58673],[120.97899,14.58664],[120.97899,14.58673],[120.97908,14.58673]]],[[[120.98113,14.58666],[120.98103,14.58675],[120.98112,14.58675],[120.98113,14.58666]]],[[[120.98131,14.58657],[120.9815,14.58675],[120.9815,14.58648],[120.98131,14.58657]]],[[[120.97296,14.58686],[120.97287,14.58677],[120.97286,14.58686],[120.97296,14.58686]]],[[[120.97815,14.58691],[120.97778,14.58672],[120.97778,14.58681],[120.97815,14.58691]]],[[[120.99077,14.58692],[120.99068,14.58674],[120.99068,14.58692],[120.99077,14.58692]]],[[[120.9814,14.58693],[120.98122,14.58675],[120.98122,14.58693],[120.9814,14.58693]]],[[[120.97973,14.58692],[120.97982,14.58701],[120.97982,14.58692],[120.97973,14.58692]]],[[[120.97342,14.58705],[120.97333,14.58668],[120.97333,14.58705],[120.97342,14.58705]]],[[[120.98391,14.58705],[120.984,14.58687],[120.98391,14.58687],[120.98391,14.58705]]],[[[120.98771,14.58708],[120.98762,14.58699],[120.98762,14.58708],[120.98771,14.58708]]],[[[120.97973,14.5871],[120.97954,14.58701],[120.97954,14.5871],[120.97973,14.5871]]],[[[120.98363,14.58713],[120.98372,14.58704],[120.98363,14.58704],[120.98363,14.58713]]],[[[120.97351,14.58705],[120.97342,14.58714],[120.97351,14.58714],[120.97351,14.58705]]],[[[120.98409,14.58705],[120.984,14.58714],[120.98409,14.58714],[120.98409,14.58705]]],[[[120.98715,14.58689],[120.98734,14.58699],[120.98734,14.5869],[120.98715,14.58689]]],[[[120.98789,14.58717],[120.9878,14.58708],[120.9878,14.58717],[120.98789,14.58717]]],[[[120.97917,14.58719],[120.97908,14.58682],[120.97908,14.58719],[120.97917,14.58719]]],[[[120.98474,14.58723],[120.98474,14.58669],[120.98409,14.58669],[120.98437,14.58678],[120.98474,14.58723]]],[[[120.98929,14.58664],[120.98901,14.58727],[120.9904,14.58728],[120.9904,14.58692],[120.99021,14.58719],[120.98929,14.58664]]],[[[120.99086,14.58729],[120.99077,14.5872],[120.99077,14.58729],[120.99086,14.58729]]],[[[120.98084,14.58729],[120.98075,14.5872],[120.98075,14.58729],[120.98084,14.58729]]],[[[120.9814,14.5873],[120.98131,14.5872],[120.9813,14.5873],[120.9814,14.5873]]],[[[120.9839,14.58723],[120.98372,14.58732],[120.9839,14.58732],[120.9839,14.58723]]],[[[120.98418,14.58714],[120.98409,14.58732],[120.98418,14.58732],[120.98418,14.58714]]],[[[120.9865,14.58725],[120.98659,14.58734],[120.98659,14.58725],[120.9865,14.58725]]],[[[120.97899,14.58728],[120.97908,14.58737],[120.97908,14.58728],[120.97899,14.58728]]],[[[120.97323,14.58741],[120.97314,14.58731],[120.97314,14.58741],[120.97323,14.58741]]],[[[120.9865,14.58743],[120.98641,14.58734],[120.98641,14.58743],[120.9865,14.58743]]],[[[120.97898,14.58746],[120.97889,14.58736],[120.97889,14.58745],[120.97898,14.58746]]],[[[120.97982,14.58746],[120.97973,14.58728],[120.97973,14.58746],[120.97982,14.58746]]],[[[120.98093,14.58747],[120.98084,14.58738],[120.98084,14.58747],[120.98093,14.58747]]],[[[120.97351,14.5875],[120.97323,14.58704],[120.97332,14.5875],[120.97351,14.5875]]],[[[120.97889,14.58755],[120.9788,14.58745],[120.9788,14.58754],[120.97889,14.58755]]],[[[120.98177,14.58712],[120.9814,14.58712],[120.98158,14.58712],[120.98167,14.58757],[120.98177,14.58712]]],[[[120.97249,14.58758],[120.9724,14.58749],[120.97239,14.58758],[120.97249,14.58758]]],[[[120.97249,14.5874],[120.97267,14.58758],[120.97267,14.5874],[120.97249,14.5874]]],[[[120.97314,14.58759],[120.97305,14.5874],[120.97304,14.58758],[120.97314,14.58759]]],[[[120.98845,14.58763],[120.98835,14.58754],[120.98835,14.58763],[120.98845,14.58763]]],[[[120.98937,14.58764],[120.98928,14.58754],[120.98928,14.58764],[120.98937,14.58764]]],[[[120.97898,14.58755],[120.97889,14.58764],[120.97898,14.58764],[120.97898,14.58755]]],[[[120.98956,14.58764],[120.98947,14.58755],[120.98947,14.58764],[120.98956,14.58764]]],[[[120.98037,14.58765],[120.98028,14.58756],[120.98028,14.58765],[120.98037,14.58765]]],[[[120.98102,14.58765],[120.98093,14.58756],[120.98093,14.58765],[120.98102,14.58765]]],[[[120.9814,14.58757],[120.98149,14.58766],[120.98149,14.58757],[120.9814,14.58757]]],[[[120.97221,14.58758],[120.9723,14.58767],[120.9723,14.58758],[120.97221,14.58758]]],[[[120.98492,14.5876],[120.98418,14.58732],[120.98409,14.58768],[120.98492,14.5876]]],[[[120.9865,14.5877],[120.98641,14.58761],[120.9864,14.5877],[120.9865,14.5877]]],[[[120.98724,14.58771],[120.98715,14.58762],[120.98715,14.58771],[120.98724,14.58771]]],[[[120.97917,14.58773],[120.97907,14.58764],[120.97907,14.58773],[120.97917,14.58773]]],[[[120.99002,14.58764],[120.98974,14.58773],[120.99002,14.58773],[120.99002,14.58764]]],[[[120.98139,14.58775],[120.9813,14.58766],[120.9813,14.58775],[120.98139,14.58775]]],[[[120.97221,14.58776],[120.97212,14.58767],[120.97211,14.58776],[120.97221,14.58776]]],[[[120.97286,14.58776],[120.97276,14.58767],[120.97276,14.58776],[120.97286,14.58776]]],[[[120.98891,14.58763],[120.98872,14.58772],[120.98891,14.58781],[120.98891,14.58763]]],[[[120.99039,14.58783],[120.9903,14.58773],[120.9903,14.58782],[120.99039,14.58783]]],[[[120.99077,14.58774],[120.99086,14.58783],[120.99086,14.58774],[120.99077,14.58774]]],[[[120.97211,14.58785],[120.97202,14.58776],[120.97202,14.58785],[120.97211,14.58785]]],[[[120.97926,14.58791],[120.97917,14.58782],[120.97917,14.58791],[120.97926,14.58791]]],[[[120.97981,14.58791],[120.97972,14.58773],[120.97972,14.58791],[120.97981,14.58791]]],[[[120.98,14.58792],[120.97991,14.58783],[120.97991,14.58792],[120.98,14.58792]]],[[[120.99076,14.58792],[120.99067,14.58783],[120.99067,14.58792],[120.99076,14.58792]]],[[[120.97267,14.58794],[120.97258,14.58767],[120.97258,14.58794],[120.97267,14.58794]]],[[[120.97406,14.58796],[120.97397,14.58786],[120.97397,14.58795],[120.97406,14.58796]]],[[[120.9813,14.58793],[120.98102,14.58774],[120.98111,14.58802],[120.9813,14.58793]]],[[[120.98677,14.58797],[120.98696,14.58807],[120.98696,14.58798],[120.98677,14.58797]]],[[[120.98641,14.58752],[120.98623,14.58671],[120.98549,14.58661],[120.98575,14.58815],[120.98622,14.58815],[120.98603,14.58788],[120.98641,14.58752]]],[[[120.98567,14.58688],[120.98595,14.58697],[120.98595,14.58688],[120.98567,14.58688]]],[[[120.98567,14.58706],[120.98558,14.58697],[120.98558,14.58706],[120.98567,14.58706]]],[[[120.9877,14.58816],[120.98761,14.58798],[120.98761,14.58816],[120.9877,14.58816]]],[[[120.97926,14.58818],[120.97935,14.58809],[120.97926,14.58809],[120.97926,14.58818]]],[[[120.99057,14.58837],[120.99048,14.58828],[120.99048,14.58837],[120.99057,14.58837]]],[[[120.9812,14.5882],[120.98092,14.58829],[120.9812,14.58838],[120.9812,14.5882]]],[[[120.97285,14.5884],[120.97276,14.58831],[120.97276,14.5884],[120.97285,14.5884]]],[[[120.98436,14.5885],[120.98426,14.58841],[120.98426,14.5885],[120.98436,14.5885]]],[[[120.98677,14.58852],[120.98631,14.58788],[120.98631,14.58824],[120.98677,14.58852]]],[[[120.98742,14.58852],[120.98733,14.58834],[120.98733,14.58852],[120.98742,14.58852]]],[[[120.99085,14.58855],[120.99076,14.58828],[120.99076,14.58855],[120.99085,14.58855]]],[[[120.9812,14.58856],[120.98139,14.58847],[120.9812,14.58847],[120.9812,14.58856]]],[[[120.98166,14.58856],[120.98185,14.58847],[120.98167,14.58847],[120.98166,14.58856]]],[[[120.9825,14.58848],[120.98259,14.58857],[120.98259,14.58848],[120.9825,14.58848]]],[[[120.98399,14.5884],[120.98417,14.58849],[120.98417,14.5884],[120.98399,14.5884]]],[[[120.97972,14.58819],[120.97953,14.58827],[120.97962,14.58864],[120.97972,14.58819]]],[[[120.98101,14.58865],[120.98092,14.58838],[120.98092,14.58865],[120.98101,14.58865]]],[[[120.98408,14.58876],[120.98417,14.58868],[120.98408,14.58867],[120.98408,14.58876]]],[[[120.97368,14.58858],[120.9735,14.58876],[120.97378,14.58877],[120.97368,14.58858]]],[[[120.98649,14.58879],[120.9863,14.5886],[120.9863,14.58878],[120.98649,14.58879]]],[[[120.9876,14.5888],[120.98751,14.5887],[120.98751,14.58879],[120.9876,14.5888]]],[[[120.97971,14.58882],[120.97962,14.58873],[120.97962,14.58882],[120.97971,14.58882]]],[[[120.98454,14.58886],[120.98445,14.58868],[120.98445,14.58886],[120.98454,14.58886]]],[[[120.98194,14.58857],[120.98185,14.58893],[120.98194,14.58893],[120.98194,14.58857]]],[[[120.98769,14.58898],[120.98779,14.58889],[120.98769,14.58889],[120.98769,14.58898]]],[[[120.98955,14.58899],[120.98946,14.5889],[120.98946,14.58899],[120.98955,14.58899]]],[[[120.98064,14.58901],[120.98055,14.58892],[120.98055,14.58901],[120.98064,14.58901]]],[[[120.98352,14.58903],[120.98343,14.58867],[120.9838,14.58795],[120.98287,14.58839],[120.98352,14.58903]]],[[[120.98788,14.58898],[120.98778,14.58907],[120.98788,14.58907],[120.98788,14.58898]]],[[[120.98918,14.58908],[120.98899,14.58899],[120.98899,14.58908],[120.98918,14.58908]]],[[[120.98045,14.5891],[120.98036,14.589],[120.98036,14.58909],[120.98045,14.5891]]],[[[120.97285,14.58903],[120.97294,14.58912],[120.97294,14.58903],[120.97285,14.58903]]],[[[120.9888,14.58917],[120.98871,14.58908],[120.98871,14.58917],[120.9888,14.58917]]],[[[120.97284,14.58921],[120.97275,14.58912],[120.97275,14.58921],[120.97284,14.58921]]],[[[120.98379,14.58912],[120.98351,14.58921],[120.98379,14.58921],[120.98379,14.58912]]],[[[120.98853,14.58916],[120.98862,14.58926],[120.98862,14.58917],[120.98853,14.58916]]],[[[120.98017,14.58927],[120.98008,14.58918],[120.98008,14.58927],[120.98017,14.58927]]],[[[120.98119,14.58928],[120.98101,14.5891],[120.98101,14.58919],[120.98119,14.58928]]],[[[120.98157,14.58856],[120.9811,14.58892],[120.98157,14.58929],[120.98157,14.58856]]],[[[120.98444,14.58895],[120.98389,14.58922],[120.98426,14.58931],[120.98444,14.58895]]],[[[120.98769,14.58925],[120.9876,14.58934],[120.98769,14.58934],[120.98769,14.58925]]],[[[120.98797,14.58934],[120.98806,14.58925],[120.98797,14.58925],[120.98797,14.58934]]],[[[120.98852,14.58935],[120.98843,14.58925],[120.98843,14.58934],[120.98852,14.58935]]],[[[120.98045,14.58937],[120.98036,14.58927],[120.98036,14.58937],[120.98045,14.58937]]],[[[120.98175,14.58929],[120.98156,14.58938],[120.98175,14.58938],[120.98175,14.58929]]],[[[120.97275,14.58939],[120.97266,14.58921],[120.97266,14.58939],[120.97275,14.58939]]],[[[120.98778,14.58934],[120.98769,14.58943],[120.98778,14.58943],[120.98778,14.58934]]],[[[120.98815,14.58934],[120.98806,14.58943],[120.98815,14.58943],[120.98815,14.58934]]],[[[120.98064,14.58919],[120.98054,14.58946],[120.98064,14.58946],[120.98064,14.58919]]],[[[120.98593,14.58932],[120.98574,14.58941],[120.98592,14.5895],[120.98593,14.58932]]],[[[120.98769,14.58952],[120.9876,14.58943],[120.98759,14.58952],[120.98769,14.58952]]],[[[120.98824,14.58943],[120.98815,14.58952],[120.98824,14.58952],[120.98824,14.58943]]],[[[120.9876,14.58925],[120.98705,14.58852],[120.98686,14.58852],[120.98676,14.5896],[120.9876,14.58925]]],[[[120.9825,14.58857],[120.98249,14.58947],[120.98416,14.58958],[120.98268,14.58939],[120.9825,14.58857]]],[[[120.98462,14.58976],[120.98444,14.58967],[120.98444,14.58976],[120.98462,14.58976]]],[[[120.97265,14.58984],[120.97256,14.58966],[120.97256,14.58984],[120.97265,14.58984]]],[[[120.98611,14.58978],[120.9862,14.58987],[120.9862,14.58978],[120.98611,14.58978]]],[[[120.98685,14.58987],[120.98648,14.5896],[120.98629,14.58978],[120.98685,14.58987]]],[[[120.98611,14.58996],[120.98601,14.58987],[120.98601,14.58996],[120.98611,14.58996]]],[[[120.98045,14.59],[120.98026,14.58991],[120.98026,14.59],[120.98045,14.59]]],[[[120.98675,14.59005],[120.98666,14.58996],[120.98666,14.59005],[120.98675,14.59005]]],[[[120.98573,14.59004],[120.98583,14.59014],[120.98583,14.59005],[120.98573,14.59004]]],[[[120.98945,14.59008],[120.98954,14.59017],[120.98954,14.59008],[120.98945,14.59008]]],[[[120.98471,14.59022],[120.98481,14.58986],[120.98462,14.58985],[120.98471,14.59022]]],[[[120.98527,14.59022],[120.98518,14.59013],[120.98518,14.59022],[120.98527,14.59022]]],[[[120.98573,14.59023],[120.98564,14.59013],[120.98564,14.59022],[120.98573,14.59023]]],[[[120.98499,14.59022],[120.9848,14.59031],[120.98499,14.59031],[120.98499,14.59022]]],[[[120.99019,14.59035],[120.99009,14.59026],[120.99009,14.59035],[120.99019,14.59035]]],[[[120.99028,14.59044],[120.99037,14.59036],[120.99028,14.59035],[120.99028,14.59044]]],[[[120.96949,14.59045],[120.9694,14.59026],[120.9694,14.59045],[120.96949,14.59045]]],[[[120.98044,14.59045],[120.98035,14.59036],[120.98035,14.59045],[120.98044,14.59045]]],[[[120.98564,14.5905],[120.98573,14.59041],[120.98564,14.5904],[120.98564,14.5905]]],[[[120.98647,14.5905],[120.98638,14.59041],[120.98638,14.5905],[120.98647,14.5905]]],[[[120.99056,14.59045],[120.99037,14.59054],[120.99055,14.59054],[120.99056,14.59045]]],[[[120.98731,14.5906],[120.98721,14.59051],[120.98721,14.5906],[120.98731,14.5906]]],[[[120.9707,14.59064],[120.9706,14.59055],[120.9706,14.59064],[120.9707,14.59064]]],[[[120.98332,14.59066],[120.9835,14.59048],[120.98322,14.59047],[120.98332,14.59066]]],[[[120.98508,14.59058],[120.98499,14.59067],[120.98508,14.59067],[120.98508,14.59058]]],[[[120.98601,14.5905],[120.98591,14.59068],[120.98619,14.59068],[120.98601,14.5905]]],[[[120.98721,14.59069],[120.98712,14.5906],[120.98712,14.59069],[120.98721,14.59069]]],[[[120.98954,14.59026],[120.98935,14.59044],[120.98953,14.59071],[120.98954,14.59026]]],[[[120.98035,14.59072],[120.98025,14.59063],[120.98025,14.59072],[120.98035,14.59072]]],[[[120.98109,14.59073],[120.981,14.59064],[120.981,14.59073],[120.98109,14.59073]]],[[[120.98239,14.59065],[120.98257,14.59074],[120.98257,14.59065],[120.98239,14.59065]]],[[[120.98285,14.59074],[120.98294,14.59065],[120.98285,14.59065],[120.98285,14.59074]]],[[[120.9835,14.59066],[120.98341,14.59075],[120.9835,14.59075],[120.9835,14.59066]]],[[[120.98406,14.59066],[120.98378,14.59075],[120.98406,14.59075],[120.98406,14.59066]]],[[[120.98434,14.59076],[120.98424,14.59066],[120.98424,14.59075],[120.98434,14.59076]]],[[[120.98693,14.59078],[120.98684,14.59069],[120.98684,14.59078],[120.98693,14.59078]]],[[[120.9693,14.59072],[120.96921,14.59062],[120.96921,14.5908],[120.9693,14.59072]]],[[[120.96967,14.59072],[120.96958,14.59081],[120.96967,14.59081],[120.96967,14.59072]]],[[[120.98276,14.59074],[120.98257,14.59083],[120.98276,14.59083],[120.98276,14.59074]]],[[[120.98461,14.59085],[120.98471,14.59049],[120.98434,14.59066],[120.98461,14.59085]]],[[[120.98498,14.59085],[120.98489,14.59067],[120.98489,14.59085],[120.98498,14.59085]]],[[[120.9796,14.5909],[120.9797,14.59081],[120.9796,14.5908],[120.9796,14.5909]]],[[[120.96958,14.5909],[120.9693,14.59081],[120.9693,14.5909],[120.96958,14.5909]]],[[[120.98016,14.5909],[120.98007,14.59081],[120.98007,14.5909],[120.98016,14.5909]]],[[[120.98099,14.59091],[120.9809,14.59082],[120.9809,14.59091],[120.98099,14.59091]]],[[[120.9706,14.59091],[120.97051,14.59073],[120.97051,14.59091],[120.9706,14.59091]]],[[[120.98832,14.59088],[120.98805,14.59097],[120.98832,14.59097],[120.98832,14.59088]]],[[[120.97988,14.5909],[120.97969,14.59099],[120.97988,14.59099],[120.97988,14.5909]]],[[[120.98944,14.59098],[120.98934,14.59107],[120.98944,14.59107],[120.98944,14.59098]]],[[[120.97051,14.59109],[120.97041,14.591],[120.97041,14.59109],[120.97051,14.59109]]],[[[120.9809,14.59109],[120.98099,14.591],[120.9809,14.591],[120.9809,14.59109]]],[[[120.98693,14.59105],[120.98665,14.59114],[120.98693,14.59114],[120.98693,14.59105]]],[[[120.9873,14.59114],[120.98712,14.59105],[120.98712,14.59114],[120.9873,14.59114]]],[[[120.98749,14.59114],[120.98833,14.59052],[120.98934,14.59098],[120.9887,14.59061],[120.98935,14.59008],[120.98731,14.59042],[120.98749,14.59114]]],[[[120.98777,14.59069],[120.98768,14.59042],[120.98805,14.59043],[120.98777,14.59069]]],[[[120.98832,14.59106],[120.98804,14.59115],[120.98832,14.59115],[120.98832,14.59106]]],[[[120.98925,14.59116],[120.98916,14.59107],[120.98916,14.59116],[120.98925,14.59116]]],[[[120.98108,14.59109],[120.98099,14.59118],[120.98108,14.59118],[120.98108,14.59109]]],[[[120.98239,14.59074],[120.9822,14.59119],[120.98275,14.59119],[120.98248,14.5911],[120.98239,14.59074]]],[[[120.98294,14.59074],[120.98294,14.5911],[120.98285,14.59119],[120.98322,14.59102],[120.98294,14.59074]]],[[[120.9937,14.5912],[120.99361,14.59111],[120.99361,14.5912],[120.9937,14.5912]]],[[[120.98508,14.59103],[120.98563,14.59086],[120.98526,14.59067],[120.98508,14.59103]]],[[[120.98545,14.59095],[120.98536,14.59085],[120.98545,14.59086],[120.98545,14.59095]]],[[[120.97988,14.59126],[120.97978,14.59117],[120.97978,14.59126],[120.97988,14.59126]]],[[[120.97004,14.59099],[120.97023,14.59118],[120.97023,14.59099],[120.97004,14.59099]]],[[[120.97041,14.59127],[120.97032,14.59118],[120.97032,14.59127],[120.97041,14.59127]]],[[[120.98173,14.59127],[120.98183,14.59055],[120.98155,14.59055],[120.98118,14.59109],[120.98174,14.59073],[120.98173,14.59127]]],[[[120.98377,14.59129],[120.98368,14.59102],[120.98368,14.59129],[120.98377,14.59129]]],[[[120.98006,14.59135],[120.98025,14.59108],[120.97997,14.59108],[120.98006,14.59135]]],[[[120.98173,14.59137],[120.98155,14.59127],[120.98155,14.59136],[120.98173,14.59137]]],[[[120.98433,14.59139],[120.98424,14.5913],[120.98424,14.59139],[120.98433,14.59139]]],[[[120.96948,14.59144],[120.96939,14.59135],[120.96939,14.59144],[120.96948,14.59144]]],[[[120.9822,14.59137],[120.98257,14.59146],[120.98257,14.59137],[120.9822,14.59137]]],[[[120.99398,14.59147],[120.99407,14.59138],[120.99398,14.59138],[120.99398,14.59147]]],[[[120.99073,14.59153],[120.99064,14.59144],[120.99064,14.59153],[120.99073,14.59153]]],[[[120.97041,14.59154],[120.97032,14.59145],[120.97032,14.59154],[120.97041,14.59154]]],[[[120.99416,14.59147],[120.99407,14.59156],[120.99416,14.59156],[120.99416,14.59147]]],[[[120.98442,14.5913],[120.98517,14.5913],[120.98443,14.59103],[120.98442,14.5913]]],[[[120.98952,14.59152],[120.98962,14.59161],[120.98962,14.59152],[120.98952,14.59152]]],[[[120.98219,14.59164],[120.9821,14.59146],[120.9821,14.59164],[120.98219,14.59164]]],[[[120.98488,14.59166],[120.98479,14.59157],[120.98479,14.59166],[120.98488,14.59166]]],[[[120.98739,14.59169],[120.9873,14.59159],[120.9873,14.59168],[120.98739,14.59169]]],[[[120.98906,14.59161],[120.98869,14.5917],[120.98906,14.5917],[120.98906,14.59161]]],[[[120.98952,14.5917],[120.98943,14.59161],[120.98943,14.5917],[120.98952,14.5917]]],[[[120.99166,14.59172],[120.99157,14.59163],[120.99156,14.59172],[120.99166,14.59172]]],[[[120.99194,14.59172],[120.99184,14.59163],[120.99184,14.59172],[120.99194,14.59172]]],[[[120.96864,14.5917],[120.96883,14.5918],[120.96883,14.59171],[120.96864,14.5917]]],[[[120.98006,14.5918],[120.97997,14.59162],[120.97996,14.5918],[120.98006,14.5918]]],[[[120.98275,14.59183],[120.98284,14.59147],[120.98275,14.59146],[120.98275,14.59183]]],[[[120.98395,14.59184],[120.98377,14.59147],[120.98358,14.59165],[120.98395,14.59184]]],[[[120.98433,14.59184],[120.98442,14.59175],[120.98433,14.59175],[120.98433,14.59184]]],[[[120.96892,14.5918],[120.96883,14.59189],[120.96892,14.59189],[120.96892,14.5918]]],[[[120.98219,14.59191],[120.98201,14.59164],[120.98201,14.59191],[120.98219,14.59191]]],[[[120.98228,14.59191],[120.98247,14.59164],[120.98238,14.59164],[120.98228,14.59191]]],[[[120.98451,14.59184],[120.98442,14.59193],[120.98451,14.59193],[120.98451,14.59184]]],[[[120.98683,14.59195],[120.98674,14.59186],[120.98674,14.59195],[120.98683,14.59195]]],[[[120.96994,14.59199],[120.96985,14.5918],[120.96985,14.59199],[120.96994,14.59199]]],[[[120.98618,14.59204],[120.98599,14.59194],[120.98599,14.59203],[120.98618,14.59204]]],[[[120.98655,14.59204],[120.98646,14.59195],[120.98646,14.59204],[120.98655,14.59204]]],[[[120.97959,14.59207],[120.97968,14.59198],[120.97959,14.59198],[120.97959,14.59207]]],[[[120.97013,14.59199],[120.97022,14.59208],[120.97022,14.59199],[120.97013,14.59199]]],[[[120.96873,14.59216],[120.96855,14.59179],[120.96855,14.59215],[120.96873,14.59216]]],[[[120.97978,14.59207],[120.97968,14.59216],[120.97978,14.59216],[120.97978,14.59207]]],[[[120.97013,14.59217],[120.97003,14.59208],[120.97003,14.59217],[120.97013,14.59217]]],[[[120.96883,14.59216],[120.96873,14.59225],[120.96883,14.59225],[120.96883,14.59216]]],[[[120.96976,14.59207],[120.96985,14.59226],[120.96985,14.59208],[120.96976,14.59207]]],[[[120.97003,14.59226],[120.96994,14.59217],[120.96994,14.59226],[120.97003,14.59226]]],[[[120.9936,14.59228],[120.99351,14.59219],[120.99351,14.59228],[120.9936,14.59228]]],[[[120.9834,14.59174],[120.98284,14.59201],[120.98256,14.59191],[120.98237,14.59218],[120.98321,14.59228],[120.9834,14.59174]]],[[[120.98571,14.59221],[120.98581,14.5923],[120.98581,14.59221],[120.98571,14.59221]]],[[[120.96911,14.59207],[120.9692,14.59234],[120.9692,14.59207],[120.96911,14.59207]]],[[[120.97977,14.59234],[120.97968,14.59225],[120.97968,14.59234],[120.97977,14.59234]]],[[[120.98571,14.59239],[120.98553,14.5923],[120.98553,14.59239],[120.98571,14.59239]]],[[[120.9691,14.59243],[120.96883,14.59225],[120.96882,14.59243],[120.9691,14.59243]]],[[[120.97996,14.59243],[120.98015,14.59198],[120.98006,14.59198],[120.97996,14.59243]]],[[[120.96938,14.59252],[120.96929,14.59234],[120.96929,14.59252],[120.96938,14.59252]]],[[[120.96957,14.59252],[120.96966,14.59189],[120.96939,14.5918],[120.96957,14.59252]]],[[[120.98302,14.59255],[120.9833,14.59237],[120.98302,14.59246],[120.98302,14.59255]]],[[[120.97968,14.59261],[120.97959,14.59252],[120.97959,14.59261],[120.97968,14.59261]]],[[[120.96956,14.59262],[120.96947,14.59252],[120.96947,14.59261],[120.96956,14.59262]]],[[[120.96994,14.59262],[120.96985,14.59226],[120.96984,14.59262],[120.96994,14.59262]]],[[[120.98367,14.59256],[120.98376,14.59265],[120.98376,14.59256],[120.98367,14.59256]]],[[[120.99527,14.59266],[120.99518,14.59257],[120.99517,14.59266],[120.99527,14.59266]]],[[[120.98052,14.5919],[120.9807,14.59253],[120.98071,14.5919],[120.98117,14.59163],[120.98052,14.5919]]],[[[120.99406,14.59274],[120.99397,14.59265],[120.99397,14.59274],[120.99406,14.59274]]],[[[120.98617,14.59276],[120.98608,14.59267],[120.98608,14.59276],[120.98617,14.59276]]],[[[120.9666,14.59241],[120.96706,14.59268],[120.96697,14.59232],[120.9666,14.59241]]],[[[120.98014,14.5928],[120.98005,14.59271],[120.98005,14.5928],[120.98014,14.5928]]],[[[120.98144,14.59281],[120.98172,14.59236],[120.98164,14.59173],[120.98126,14.59181],[120.98144,14.59281]]],[[[120.98246,14.59273],[120.98293,14.59237],[120.98237,14.59246],[120.98246,14.59273]]],[[[120.98357,14.59283],[120.9833,14.59255],[120.9833,14.59282],[120.98357,14.59283]]],[[[120.98654,14.59276],[120.98664,14.59285],[120.98664,14.59276],[120.98654,14.59276]]],[[[120.99545,14.59293],[120.99536,14.59284],[120.99536,14.59293],[120.99545,14.59293]]],[[[120.97021,14.59289],[120.9703,14.59298],[120.9703,14.59289],[120.97021,14.59289]]],[[[120.97067,14.59299],[120.97058,14.5929],[120.97058,14.59299],[120.97067,14.59299]]],[[[120.98645,14.59303],[120.98627,14.59285],[120.98626,14.59294],[120.98645,14.59303]]],[[[120.96659,14.59304],[120.96622,14.59268],[120.9665,14.5925],[120.96585,14.59249],[120.96659,14.59304]]],[[[120.96956,14.59307],[120.96947,14.59298],[120.96947,14.59307],[120.96956,14.59307]]],[[[120.98329,14.59301],[120.98339,14.5931],[120.98339,14.59301],[120.98329,14.59301]]],[[[120.96817,14.59315],[120.96826,14.59278],[120.96753,14.59233],[120.96752,14.59251],[120.96817,14.59315]]],[[[120.98144,14.59317],[120.98135,14.59281],[120.98134,14.59317],[120.98144,14.59317]]],[[[120.98255,14.593],[120.98227,14.59318],[120.98255,14.59309],[120.98255,14.593]]],[[[120.98329,14.59319],[120.9832,14.59309],[120.9832,14.59319],[120.98329,14.59319]]],[[[120.98459,14.5932],[120.9845,14.59311],[120.9845,14.5932],[120.98459,14.5932]]],[[[120.96891,14.59315],[120.969,14.59324],[120.969,14.59315],[120.96891,14.59315]]],[[[120.98153,14.59317],[120.98144,14.59326],[120.98153,14.59326],[120.98153,14.59317]]],[[[120.98571,14.59321],[120.98561,14.5933],[120.9857,14.5933],[120.98571,14.59321]]],[[[120.96687,14.59304],[120.96659,14.59313],[120.96696,14.59332],[120.96687,14.59304]]],[[[120.96891,14.59333],[120.96882,14.59324],[120.96882,14.59333],[120.96891,14.59333]]],[[[120.9703,14.59334],[120.96994,14.59262],[120.96947,14.59334],[120.9703,14.59334]]],[[[120.99452,14.59337],[120.99443,14.59328],[120.99443,14.59337],[120.99452,14.59337]]],[[[120.98561,14.59321],[120.98525,14.59275],[120.98487,14.59311],[120.98505,14.59338],[120.98561,14.59321]]],[[[120.969,14.59333],[120.96891,14.59342],[120.969,14.59342],[120.969,14.59333]]],[[[120.98143,14.59344],[120.98134,14.59335],[120.98134,14.59344],[120.98143,14.59344]]],[[[120.96158,14.59345],[120.96139,14.59327],[120.96139,14.59345],[120.96158,14.59345]]],[[[120.98431,14.59347],[120.98422,14.59337],[120.98422,14.59347],[120.98431,14.59347]]],[[[120.98543,14.59339],[120.98533,14.59347],[120.98542,14.59348],[120.98543,14.59339]]],[[[120.9858,14.59348],[120.9857,14.59339],[120.9857,14.59348],[120.9858,14.59348]]],[[[120.98301,14.59355],[120.98302,14.59282],[120.98274,14.59282],[120.98246,14.59336],[120.98301,14.59355]]],[[[120.99461,14.59355],[120.99452,14.59346],[120.99452,14.59355],[120.99461,14.59355]]],[[[120.96705,14.5935],[120.96714,14.59359],[120.96714,14.5935],[120.96705,14.5935]]],[[[120.98125,14.59353],[120.98134,14.59362],[120.98134,14.59353],[120.98125,14.59353]]],[[[120.96705,14.59368],[120.96696,14.59359],[120.96696,14.59368],[120.96705,14.59368]]],[[[120.96965,14.5937],[120.96956,14.59361],[120.96955,14.5937],[120.96965,14.5937]]],[[[120.98125,14.59371],[120.98115,14.59362],[120.98115,14.59371],[120.98125,14.59371]]],[[[120.98292,14.59373],[120.98282,14.59363],[120.98282,14.59372],[120.98292,14.59373]]],[[[120.99461,14.59374],[120.9947,14.59365],[120.99461,14.59365],[120.99461,14.59374]]],[[[120.97484,14.59375],[120.97475,14.59365],[120.97475,14.59374],[120.97484,14.59375]]],[[[120.97624,14.59376],[120.97661,14.59367],[120.97624,14.59367],[120.97624,14.59376]]],[[[120.97716,14.59358],[120.97735,14.59368],[120.97735,14.5935],[120.97716,14.59358]]],[[[120.96724,14.59359],[120.96714,14.59377],[120.96723,14.59377],[120.96724,14.59359]]],[[[120.98115,14.5938],[120.98106,14.59371],[120.98106,14.5938],[120.98115,14.5938]]],[[[120.99479,14.59374],[120.9947,14.59383],[120.99479,14.59383],[120.99479,14.59374]]],[[[120.97382,14.59383],[120.97392,14.59374],[120.97382,14.59374],[120.97382,14.59383]]],[[[120.98524,14.59384],[120.98514,14.59374],[120.98514,14.59383],[120.98524,14.59384]]],[[[120.98635,14.59385],[120.98644,14.59367],[120.98635,14.59366],[120.98635,14.59385]]],[[[120.9767,14.59376],[120.97661,14.59385],[120.9767,14.59385],[120.9767,14.59376]]],[[[120.97716,14.59386],[120.97707,14.59376],[120.97707,14.59386],[120.97716,14.59386]]],[[[120.9805,14.59388],[120.98041,14.59379],[120.98041,14.59388],[120.9805,14.59388]]],[[[120.97364,14.59392],[120.97354,14.59382],[120.97354,14.59391],[120.97364,14.59392]]],[[[120.99489,14.59383],[120.99479,14.59392],[120.99489,14.59392],[120.99489,14.59383]]],[[[120.98551,14.59393],[120.98561,14.59375],[120.98542,14.59375],[120.98551,14.59393]]],[[[120.98653,14.59385],[120.98644,14.59394],[120.98653,14.59394],[120.98653,14.59385]]],[[[120.9805,14.59379],[120.98078,14.59398],[120.98106,14.59353],[120.9806,14.59361],[120.98033,14.59289],[120.9805,14.59379]]],[[[120.97289,14.594],[120.9728,14.59391],[120.9728,14.594],[120.97289,14.594]]],[[[120.98041,14.59406],[120.98032,14.59388],[120.98032,14.59406],[120.98041,14.59406]]],[[[120.97048,14.59398],[120.97039,14.59407],[120.97048,14.59407],[120.97048,14.59398]]],[[[120.9741,14.59356],[120.9741,14.5941],[120.97429,14.59356],[120.9741,14.59356]]],[[[120.98514,14.59411],[120.98496,14.59401],[120.98495,14.5941],[120.98514,14.59411]]],[[[120.97503,14.59411],[120.97493,14.59402],[120.97493,14.59411],[120.97503,14.59411]]],[[[120.98607,14.59393],[120.98588,14.59411],[120.98607,14.59402],[120.98607,14.59393]]],[[[120.97707,14.59386],[120.9767,14.59385],[120.9767,14.59403],[120.97688,14.59412],[120.97707,14.59386]]],[[[120.96993,14.59352],[120.96992,14.59415],[120.97039,14.59398],[120.97011,14.59343],[120.96993,14.59352]]],[[[120.97057,14.59407],[120.97048,14.59416],[120.97057,14.59416],[120.97057,14.59407]]],[[[120.98161,14.59417],[120.98152,14.59407],[120.98152,14.59416],[120.98161,14.59417]]],[[[120.98198,14.59417],[120.982,14.5929],[120.98153,14.59353],[120.98198,14.59417]]],[[[120.99609,14.5942],[120.996,14.59411],[120.996,14.5942],[120.99609,14.5942]]],[[[120.97512,14.5942],[120.97521,14.59411],[120.97512,14.59411],[120.97512,14.5942]]],[[[120.97707,14.59422],[120.97697,14.59413],[120.97697,14.59422],[120.97707,14.59422]]],[[[120.96834,14.59423],[120.96844,14.59414],[120.96834,14.59414],[120.96834,14.59423]]],[[[120.98041,14.59425],[120.9805,14.59416],[120.98041,14.59416],[120.98041,14.59425]]],[[[120.98068,14.59425],[120.98059,14.59416],[120.98059,14.59425],[120.98068,14.59425]]],[[[120.98087,14.59398],[120.98069,14.59416],[120.98087,14.59425],[120.98087,14.59398]]],[[[120.97066,14.59416],[120.97057,14.59425],[120.97066,14.59425],[120.97066,14.59416]]],[[[120.97465,14.59429],[120.97484,14.59411],[120.97438,14.5941],[120.97465,14.59429]]],[[[120.9753,14.5942],[120.97521,14.59429],[120.9753,14.59429],[120.9753,14.5942]]],[[[120.97716,14.59431],[120.97725,14.59422],[120.97716,14.59422],[120.97716,14.59431]]],[[[120.96853,14.59423],[120.96844,14.59432],[120.96853,14.59432],[120.96853,14.59423]]],[[[120.96871,14.59432],[120.96862,14.59423],[120.96862,14.59432],[120.96871,14.59432]]],[[[120.96881,14.59405],[120.96936,14.59424],[120.96946,14.59397],[120.96881,14.59405]]],[[[120.98059,14.59434],[120.9805,14.59425],[120.9805,14.59434],[120.98059,14.59434]]],[[[120.97076,14.59425],[120.97066,14.59434],[120.97076,14.59434],[120.97076,14.59425]]],[[[120.98143,14.59425],[120.98152,14.59435],[120.98152,14.59426],[120.98143,14.59425]]],[[[120.97187,14.59426],[120.97196,14.59435],[120.97196,14.59426],[120.97187,14.59426]]],[[[120.98254,14.59435],[120.98245,14.59426],[120.98245,14.59435],[120.98254,14.59435]]],[[[120.98403,14.59373],[120.98384,14.594],[120.9843,14.59437],[120.98477,14.59419],[120.98422,14.59356],[120.98403,14.59373]]],[[[120.98421,14.59401],[120.9844,14.5941],[120.98421,14.5941],[120.98421,14.59401]]],[[[120.99516,14.59437],[120.99507,14.59428],[120.99507,14.59437],[120.99516,14.59437]]],[[[120.97456,14.59429],[120.974,14.59437],[120.97456,14.59438],[120.97456,14.59429]]],[[[120.97502,14.59429],[120.97493,14.59438],[120.97502,14.59438],[120.97502,14.59429]]],[[[120.97734,14.59431],[120.97725,14.5944],[120.97734,14.5944],[120.97734,14.59431]]],[[[120.97085,14.59434],[120.97075,14.59443],[120.97085,14.59443],[120.97085,14.59434]]],[[[120.98143,14.59444],[120.98133,14.59434],[120.98133,14.59443],[120.98143,14.59444]]],[[[120.97187,14.59444],[120.9715,14.59435],[120.9715,14.59444],[120.97187,14.59444]]],[[[120.99627,14.59447],[120.99618,14.59438],[120.99618,14.59447],[120.99627,14.59447]]],[[[120.97743,14.59449],[120.97753,14.5944],[120.97744,14.5944],[120.97743,14.59449]]],[[[120.9676,14.59441],[120.96769,14.5945],[120.96769,14.59441],[120.9676,14.59441]]],[[[120.96927,14.59451],[120.96909,14.59424],[120.96918,14.59451],[120.96927,14.59451]]],[[[120.97224,14.59454],[120.97215,14.59444],[120.97215,14.59454],[120.97224,14.59454]]],[[[120.98458,14.59455],[120.98449,14.59446],[120.98449,14.59455],[120.98458,14.59455]]],[[[120.97502,14.59456],[120.97521,14.59438],[120.97502,14.59447],[120.97502,14.59456]]],[[[120.9753,14.59447],[120.97539,14.59456],[120.97539,14.59447],[120.9753,14.59447]]],[[[120.97595,14.59457],[120.97604,14.59448],[120.97595,14.59448],[120.97595,14.59457]]],[[[120.97632,14.59457],[120.97623,14.59448],[120.97623,14.59457],[120.97632,14.59457]]],[[[120.97762,14.59449],[120.97753,14.59458],[120.97762,14.59458],[120.97762,14.59449]]],[[[120.9676,14.59459],[120.96751,14.59449],[120.96751,14.59459],[120.9676,14.59459]]],[[[120.96899,14.59433],[120.9689,14.5946],[120.96899,14.5946],[120.96899,14.59433]]],[[[120.98078,14.59452],[120.98115,14.59443],[120.98124,14.59407],[120.98115,14.5938],[120.98078,14.59452]]],[[[120.97094,14.59443],[120.97085,14.59461],[120.97094,14.59462],[120.97094,14.59443]]],[[[120.98161,14.59462],[120.98152,14.59453],[120.98152,14.59462],[120.98161,14.59462]]],[[[120.97242,14.59463],[120.9728,14.59427],[120.97233,14.59418],[120.97242,14.59463]]],[[[120.97316,14.59463],[120.97373,14.5941],[120.97308,14.59427],[120.97316,14.59463]]],[[[120.97419,14.59464],[120.97409,14.59455],[120.97409,14.59464],[120.97419,14.59464]]],[[[120.98476,14.59464],[120.98467,14.59455],[120.98467,14.59464],[120.98476,14.59464]]],[[[120.97549,14.59456],[120.97539,14.59465],[120.97548,14.59465],[120.97549,14.59456]]],[[[120.97613,14.59457],[120.97604,14.59466],[120.97613,14.59466],[120.97613,14.59457]]],[[[120.97539,14.59438],[120.9766,14.59466],[120.97651,14.5943],[120.97568,14.59411],[120.97559,14.59375],[120.97494,14.59348],[120.97539,14.59438]]],[[[120.9689,14.59469],[120.9688,14.5946],[120.9688,14.59469],[120.9689,14.59469]]],[[[120.96908,14.5946],[120.96917,14.59469],[120.96918,14.5946],[120.96908,14.5946]]],[[[120.98124,14.59461],[120.98114,14.5947],[120.98124,14.5947],[120.98124,14.59461]]],[[[120.98448,14.59473],[120.98439,14.59464],[120.98439,14.59473],[120.98448,14.59473]]],[[[120.97539,14.59474],[120.97521,14.59456],[120.97502,14.59474],[120.97539,14.59474]]],[[[120.9675,14.59477],[120.96741,14.59467],[120.96741,14.59477],[120.9675,14.59477]]],[[[120.9688,14.59478],[120.96871,14.59469],[120.96871,14.59478],[120.9688,14.59478]]],[[[120.96908,14.59478],[120.96899,14.59469],[120.96899,14.59478],[120.96908,14.59478]]],[[[120.98189,14.5948],[120.98226,14.59462],[120.98217,14.59426],[120.98189,14.59426],[120.98189,14.5948]]],[[[120.97882,14.59486],[120.97873,14.59477],[120.97873,14.59486],[120.97882,14.59486]]],[[[120.96871,14.59487],[120.96862,14.59478],[120.96862,14.59487],[120.96871,14.59487]]],[[[120.96899,14.59487],[120.9689,14.59478],[120.96889,14.59487],[120.96899,14.59487]]],[[[120.96862,14.59496],[120.96852,14.59487],[120.96852,14.59496],[120.96862,14.59496]]],[[[120.96889,14.59496],[120.9688,14.59487],[120.9688,14.59496],[120.96889,14.59496]]],[[[120.98142,14.59498],[120.98161,14.59489],[120.98142,14.59489],[120.98142,14.59498]]],[[[120.9765,14.59502],[120.97641,14.59493],[120.97641,14.59502],[120.9765,14.59502]]],[[[120.97687,14.59503],[120.97697,14.59494],[120.97687,14.59494],[120.97687,14.59503]]],[[[120.97752,14.59503],[120.97743,14.59485],[120.97743,14.59503],[120.97752,14.59503]]],[[[120.9688,14.59505],[120.96871,14.59496],[120.96871,14.59505],[120.9688,14.59505]]],[[[120.97938,14.59505],[120.97919,14.59496],[120.97919,14.59505],[120.97938,14.59505]]],[[[120.96964,14.59488],[120.97047,14.59479],[120.96974,14.59415],[120.96964,14.59488]]],[[[120.9805,14.59461],[120.98068,14.59488],[120.98068,14.59461],[120.9805,14.59461]]],[[[120.98188,14.59507],[120.98161,14.59498],[120.98161,14.59507],[120.98188,14.59507]]],[[[120.97706,14.59503],[120.97697,14.59512],[120.97706,14.59512],[120.97706,14.59503]]],[[[120.96834,14.59513],[120.96824,14.59504],[120.96824,14.59513],[120.96834,14.59513]]],[[[120.96871,14.59514],[120.96861,14.59505],[120.96861,14.59514],[120.96871,14.59514]]],[[[120.98049,14.59515],[120.9804,14.59506],[120.9804,14.59515],[120.98049,14.59515]]],[[[120.98458,14.59491],[120.98439,14.595],[120.98457,14.59519],[120.98458,14.59491]]],[[[120.98504,14.59519],[120.98532,14.59474],[120.98486,14.59465],[120.98504,14.59519]]],[[[120.98569,14.5951],[120.98541,14.59519],[120.98569,14.59519],[120.98569,14.5951]]],[[[120.96861,14.59523],[120.96852,14.59514],[120.96852,14.59523],[120.96861,14.59523]]],[[[120.98485,14.59528],[120.98476,14.59519],[120.98476,14.59528],[120.98485,14.59528]]],[[[120.97761,14.59531],[120.97752,14.59521],[120.97752,14.5953],[120.97761,14.59531]]],[[[120.97808,14.59531],[120.97798,14.59522],[120.97798,14.59531],[120.97808,14.59531]]],[[[120.98522,14.59537],[120.98513,14.59528],[120.98513,14.59537],[120.98522,14.59537]]],[[[120.98587,14.59529],[120.98643,14.5952],[120.98587,14.5952],[120.98587,14.59529]]],[[[120.98504,14.59546],[120.98494,14.59537],[120.98494,14.59546],[120.98504,14.59546]]],[[[120.99738,14.59548],[120.99728,14.59538],[120.99728,14.59548],[120.99738,14.59548]]],[[[120.97882,14.59559],[120.97872,14.5955],[120.97872,14.59559],[120.97882,14.59559]]],[[[120.98299,14.59562],[120.98336,14.59572],[120.98281,14.59526],[120.98299,14.59562]]],[[[120.98345,14.59581],[120.98336,14.5959],[120.98345,14.5959],[120.98345,14.59581]]],[[[120.98577,14.59592],[120.98587,14.59556],[120.98568,14.59556],[120.98577,14.59592]]],[[[121.00118,14.59605],[121.00155,14.59578],[121.00118,14.59569],[121.00118,14.59605]]],[[[120.98104,14.59606],[120.98095,14.59597],[120.98095,14.59606],[120.98104,14.59606]]],[[[120.98401,14.59599],[120.98448,14.59564],[120.98429,14.59545],[120.98401,14.59599]]],[[[120.99821,14.59612],[120.99811,14.59602],[120.99811,14.59612],[120.99821,14.59612]]],[[[120.98345,14.59617],[120.98354,14.59608],[120.98345,14.59608],[120.98345,14.59617]]],[[[120.99867,14.59612],[120.9983,14.59621],[120.99867,14.59621],[120.99867,14.59612]]],[[[120.98243,14.59634],[120.98262,14.59625],[120.98243,14.59625],[120.98243,14.59634]]],[[[120.98326,14.59635],[120.98336,14.59644],[120.98336,14.59635],[120.98326,14.59635]]],[[[120.98326,14.59653],[120.98308,14.59644],[120.98308,14.59653],[120.98326,14.59653]]],[[[120.99709,14.59656],[120.997,14.59647],[120.997,14.59656],[120.99709,14.59656]]],[[[120.98196,14.59661],[120.98187,14.59643],[120.98187,14.59661],[120.98196,14.59661]]],[[[120.97231,14.59652],[120.97259,14.59662],[120.97259,14.59653],[120.97231,14.59652]]],[[[120.97732,14.59666],[120.97723,14.59648],[120.97723,14.59666],[120.97732,14.59666]]],[[[120.98224,14.59661],[120.98233,14.5967],[120.98233,14.59661],[120.98224,14.59661]]],[[[120.97148,14.5967],[120.97166,14.59679],[120.97166,14.5967],[120.97148,14.5967]]],[[[120.98224,14.59679],[120.98205,14.5967],[120.98205,14.59679],[120.98224,14.59679]]],[[[120.98289,14.5968],[120.98308,14.59653],[120.98261,14.59634],[120.98289,14.5968]]],[[[120.98558,14.59673],[120.98567,14.59682],[120.98567,14.59673],[120.98558,14.59673]]],[[[120.99746,14.59683],[120.99737,14.59674],[120.99736,14.59683],[120.99746,14.59683]]],[[[120.97175,14.59679],[120.97166,14.59688],[120.97175,14.59688],[120.97175,14.59679]]],[[[120.98539,14.59691],[120.9853,14.59682],[120.9853,14.59691],[120.98539,14.59691]]],[[[120.98558,14.59691],[120.98549,14.59682],[120.98549,14.59691],[120.98558,14.59691]]],[[[120.97055,14.59696],[120.97073,14.59687],[120.97055,14.59687],[120.97055,14.59696]]],[[[120.98372,14.59699],[120.98363,14.59689],[120.98363,14.59698],[120.98372,14.59699]]],[[[120.97482,14.59673],[120.975,14.59682],[120.975,14.59664],[120.97482,14.59673]]],[[[120.97082,14.59696],[120.97073,14.59705],[120.97082,14.59705],[120.97082,14.59696]]],[[[120.97138,14.59706],[120.97129,14.59679],[120.97129,14.59706],[120.97138,14.59706]]],[[[120.98205,14.59706],[120.98214,14.59697],[120.98205,14.59697],[120.98205,14.59706]]],[[[120.98345,14.59671],[120.98307,14.59707],[120.98345,14.5968],[120.98345,14.59671]]],[[[120.96665,14.59711],[120.96655,14.59702],[120.96655,14.59711],[120.96665,14.59711]]],[[[120.9981,14.59711],[120.99801,14.59702],[120.99801,14.59711],[120.9981,14.59711]]],[[[120.98224,14.59706],[120.98214,14.59715],[120.98224,14.59715],[120.98224,14.59706]]],[[[120.97351,14.59717],[120.97342,14.59708],[120.97342,14.59717],[120.97351,14.59717]]],[[[120.96683,14.5972],[120.96674,14.59711],[120.96674,14.5972],[120.96683,14.5972]]],[[[120.9698,14.59723],[120.96989,14.59714],[120.9698,14.59714],[120.9698,14.59723]]],[[[120.97119,14.59724],[120.97101,14.59715],[120.97101,14.59724],[120.97119,14.59724]]],[[[120.98214,14.59724],[120.98205,14.59715],[120.98205,14.59724],[120.98214,14.59724]]],[[[120.97185,14.59688],[120.97175,14.59724],[120.97184,14.59724],[120.97185,14.59688]]],[[[120.96961,14.59731],[120.96952,14.59713],[120.96952,14.59731],[120.96961,14.59731]]],[[[120.96999,14.59723],[120.96989,14.59732],[120.96999,14.59732],[120.96999,14.59723]]],[[[120.97073,14.59732],[120.97064,14.59723],[120.97063,14.59732],[120.97073,14.59732]]],[[[120.97323,14.59735],[120.97305,14.59725],[120.97305,14.59734],[120.97323,14.59735]]],[[[120.98558,14.59718],[120.98567,14.59736],[120.98567,14.59718],[120.98558,14.59718]]],[[[120.98195,14.59742],[120.98186,14.59733],[120.98186,14.59742],[120.98195,14.59742]]],[[[120.98557,14.59745],[120.98548,14.59736],[120.98548,14.59745],[120.98557,14.59745]]],[[[120.96609,14.59746],[120.96599,14.59737],[120.96599,14.59746],[120.96609,14.59746]]],[[[120.97008,14.5975],[120.96998,14.59741],[120.96998,14.5975],[120.97008,14.5975]]],[[[120.97091,14.59751],[120.97073,14.59741],[120.97073,14.59751],[120.97091,14.59751]]],[[[120.98279,14.59752],[120.9827,14.59743],[120.9827,14.59752],[120.98279,14.59752]]],[[[120.97342,14.59744],[120.97351,14.59753],[120.97351,14.59744],[120.97342,14.59744]]],[[[120.98019,14.5975],[120.98028,14.59759],[120.98028,14.5975],[120.98019,14.5975]]],[[[120.98251,14.59752],[120.9826,14.59761],[120.9826,14.59752],[120.98251,14.59752]]],[[[120.98316,14.59761],[120.98307,14.59752],[120.98307,14.59761],[120.98316,14.59761]]],[[[120.98354,14.59617],[120.98401,14.59645],[120.98372,14.59689],[120.98419,14.59708],[120.984,14.59672],[120.98456,14.59663],[120.98502,14.59754],[120.98493,14.59654],[120.98354,14.59617]]],[[[120.98438,14.59645],[120.98447,14.59654],[120.98438,14.59654],[120.98438,14.59645]]],[[[120.98483,14.59736],[120.98492,14.59745],[120.98483,14.59745],[120.98483,14.59736]]],[[[120.96674,14.59756],[120.96683,14.59765],[120.96683,14.59756],[120.96674,14.59756]]],[[[120.98251,14.5977],[120.98242,14.59761],[120.98242,14.5977],[120.98251,14.5977]]],[[[120.98502,14.59763],[120.98492,14.59772],[120.98501,14.59772],[120.98502,14.59763]]],[[[120.96673,14.59774],[120.96664,14.59765],[120.96664,14.59774],[120.96673,14.59774]]],[[[120.96933,14.59767],[120.96942,14.59776],[120.96943,14.59767],[120.96933,14.59767]]],[[[120.98149,14.59769],[120.98167,14.59778],[120.98167,14.59769],[120.98149,14.59769]]],[[[120.97137,14.59769],[120.97147,14.59778],[120.97147,14.59769],[120.97137,14.59769]]],[[[120.96599,14.59783],[120.96608,14.59774],[120.96599,14.59773],[120.96599,14.59783]]],[[[120.96655,14.59783],[120.96646,14.59774],[120.96645,14.59783],[120.96655,14.59783]]],[[[120.96933,14.59785],[120.96924,14.59776],[120.96924,14.59785],[120.96933,14.59785]]],[[[120.97109,14.59787],[120.97128,14.59778],[120.9711,14.59751],[120.97109,14.59787]]],[[[120.98195,14.59778],[120.98167,14.59787],[120.98195,14.59787],[120.98195,14.59778]]],[[[120.97342,14.59753],[120.97286,14.59743],[120.97276,14.59788],[120.97332,14.59789],[120.97342,14.59753]]],[[[120.9852,14.59781],[120.98529,14.5979],[120.98529,14.59781],[120.9852,14.59781]]],[[[120.96636,14.59783],[120.96608,14.59792],[120.96636,14.59792],[120.96636,14.59783]]],[[[120.98149,14.59796],[120.98139,14.59778],[120.98139,14.59796],[120.98149,14.59796]]],[[[120.97239,14.59797],[120.97277,14.59698],[120.97352,14.59672],[120.97324,14.59626],[120.97259,14.59689],[120.97222,14.59661],[120.97184,14.59779],[120.97239,14.59797]]],[[[120.97249,14.59716],[120.9724,14.59725],[120.97249,14.59725],[120.97249,14.59716]]],[[[120.97231,14.59716],[120.9724,14.59707],[120.97231,14.59707],[120.97231,14.59716]]],[[[120.9852,14.59799],[120.98501,14.59781],[120.98501,14.59799],[120.9852,14.59799]]],[[[120.96952,14.59768],[120.97007,14.59777],[120.97008,14.59759],[120.96952,14.59768]]],[[[120.98065,14.59795],[120.98046,14.59804],[120.98065,14.59804],[120.98065,14.59795]]],[[[120.97221,14.59797],[120.97211,14.59806],[120.97221,14.59806],[120.97221,14.59797]]],[[[120.96924,14.59812],[120.96915,14.59785],[120.96914,14.59812],[120.96924,14.59812]]],[[[120.96933,14.59804],[120.96942,14.59813],[120.96942,14.59804],[120.96933,14.59804]]],[[[120.98019,14.59813],[120.98038,14.59759],[120.9801,14.59759],[120.98019,14.59813]]],[[[120.98148,14.59814],[120.98139,14.59805],[120.98139,14.59814],[120.98148,14.59814]]],[[[120.97248,14.59815],[120.97239,14.59806],[120.9722,14.59815],[120.97248,14.59815]]],[[[120.96933,14.59822],[120.96924,14.59812],[120.96923,14.59822],[120.96933,14.59822]]],[[[120.98018,14.59822],[120.98009,14.59813],[120.98009,14.59822],[120.98018,14.59822]]],[[[120.98074,14.59813],[120.98083,14.59823],[120.98083,14.59813],[120.98074,14.59813]]],[[[120.97063,14.59823],[120.97007,14.59786],[120.96988,14.59822],[120.97063,14.59823]]],[[[120.98185,14.59823],[120.98167,14.59814],[120.98167,14.59823],[120.98185,14.59823]]],[[[120.97786,14.59829],[120.97777,14.5982],[120.97777,14.59829],[120.97786,14.59829]]],[[[120.97796,14.59829],[120.97805,14.5982],[120.97796,14.5982],[120.97796,14.59829]]],[[[120.96961,14.59822],[120.96979,14.59831],[120.96979,14.59822],[120.96961,14.59822]]],[[[120.98074,14.59831],[120.98056,14.59822],[120.98055,14.59831],[120.98074,14.59831]]],[[[120.98009,14.5984],[120.98018,14.59831],[120.98009,14.59831],[120.98009,14.5984]]],[[[120.97081,14.59841],[120.97118,14.59814],[120.97072,14.59823],[120.97081,14.59841]]],[[[120.98482,14.59844],[120.98464,14.59781],[120.98473,14.59844],[120.98482,14.59844]]],[[[120.96598,14.59846],[120.96608,14.59837],[120.96599,14.59837],[120.96598,14.59846]]],[[[120.97796,14.59847],[120.97786,14.59838],[120.97786,14.59847],[120.97796,14.59847]]],[[[120.97814,14.59829],[120.97805,14.59847],[120.97814,14.59847],[120.97814,14.59829]]],[[[120.98037,14.5984],[120.98018,14.59849],[120.98037,14.59849],[120.98037,14.5984]]],[[[120.98157,14.5985],[120.98148,14.59841],[120.98148,14.5985],[120.98157,14.5985]]],[[[120.97128,14.59832],[120.97118,14.5985],[120.97127,14.5985],[120.97128,14.59832]]],[[[120.97248,14.59824],[120.97276,14.59852],[120.97285,14.59834],[120.97248,14.59824]]],[[[120.94223,14.59852],[120.94214,14.59847],[120.94214,14.59852],[120.94223,14.59852]]],[[[120.94334,14.59853],[120.94325,14.59844],[120.94325,14.59853],[120.94334,14.59853]]],[[[120.94195,14.59861],[120.94204,14.59852],[120.9419,14.59861],[120.94195,14.59861]]],[[[120.9426,14.59861],[120.94251,14.59852],[120.94252,14.59861],[120.9426,14.59861]]],[[[120.94278,14.59862],[120.94269,14.59852],[120.94269,14.59862],[120.94278,14.59862]]],[[[120.94306,14.59862],[120.94297,14.59835],[120.94288,14.59853],[120.94306,14.59862]]],[[[120.98482,14.59853],[120.98501,14.59862],[120.98501,14.59853],[120.98482,14.59853]]],[[[120.98213,14.59842],[120.98259,14.59869],[120.98223,14.59824],[120.98213,14.59842]]],[[[120.96301,14.5987],[120.96283,14.59861],[120.96283,14.5987],[120.96301,14.5987]]],[[[120.98482,14.59871],[120.98473,14.59862],[120.98473,14.59871],[120.98482,14.59871]]],[[[120.96895,14.59875],[120.96923,14.59858],[120.96886,14.59821],[120.96895,14.59875]]],[[[120.97248,14.5987],[120.97229,14.59878],[120.97266,14.59879],[120.97248,14.5987]]],[[[120.98315,14.59861],[120.98296,14.5987],[120.98315,14.59879],[120.98315,14.59861]]],[[[120.96357,14.5988],[120.96357,14.59835],[120.9632,14.59834],[120.96311,14.59861],[120.96357,14.5988]]],[[[120.9438,14.59881],[120.94371,14.59871],[120.94371,14.59879],[120.9438,14.59881]]],[[[120.9799,14.59885],[120.98009,14.59867],[120.9799,14.59876],[120.9799,14.59885]]],[[[120.98064,14.59886],[120.98055,14.59877],[120.98055,14.59886],[120.98064,14.59886]]],[[[120.96366,14.5988],[120.96357,14.59889],[120.96366,14.59889],[120.96366,14.5988]]],[[[120.98491,14.59871],[120.98482,14.59889],[120.98491,14.59889],[120.98491,14.59871]]],[[[120.94482,14.5989],[120.94473,14.59881],[120.94473,14.5989],[120.94482,14.5989]]],[[[120.96636,14.59855],[120.9658,14.59882],[120.96635,14.59891],[120.96636,14.59855]]],[[[120.96886,14.59893],[120.96867,14.59884],[120.96867,14.59893],[120.96886,14.59893]]],[[[120.97962,14.59876],[120.97981,14.59885],[120.97981,14.59867],[120.97962,14.59876]]],[[[120.98018,14.59885],[120.98009,14.59894],[120.98018,14.59894],[120.98018,14.59885]]],[[[120.98083,14.59868],[120.98064,14.59895],[120.98083,14.59895],[120.98083,14.59868]]],[[[120.97081,14.59886],[120.9709,14.59895],[120.9709,14.59886],[120.97081,14.59886]]],[[[120.96283,14.59897],[120.9632,14.59889],[120.96283,14.59879],[120.96283,14.59897]]],[[[120.98454,14.59898],[120.98463,14.59889],[120.98454,14.59889],[120.98454,14.59898]]],[[[120.985,14.59889],[120.98491,14.59898],[120.985,14.59898],[120.985,14.59889]]],[[[120.97025,14.59895],[120.97016,14.59904],[120.97025,14.59904],[120.97025,14.59895]]],[[[120.9811,14.59904],[120.98111,14.59895],[120.98102,14.5985],[120.98092,14.59895],[120.9811,14.59904]]],[[[120.98268,14.59896],[120.98213,14.5986],[120.98166,14.59905],[120.98268,14.59896]]],[[[120.97145,14.59905],[120.97174,14.5986],[120.97137,14.5985],[120.97145,14.59905]]],[[[120.98472,14.59898],[120.98463,14.59907],[120.98472,14.59907],[120.98472,14.59898]]],[[[120.97981,14.59912],[120.9799,14.59903],[120.97981,14.59903],[120.97981,14.59912]]],[[[120.97043,14.59904],[120.97053,14.59913],[120.97053,14.59895],[120.97043,14.59904]]],[[[120.97071,14.59913],[120.97062,14.59895],[120.97062,14.59913],[120.97071,14.59913]]],[[[120.98166,14.59914],[120.98157,14.59904],[120.98157,14.59914],[120.98166,14.59914]]],[[[120.96347,14.59916],[120.9632,14.59898],[120.9632,14.59907],[120.96347,14.59916]]],[[[120.97164,14.59923],[120.97155,14.59914],[120.97155,14.59923],[120.97164,14.59923]]],[[[120.96245,14.59924],[120.96236,14.59906],[120.96227,14.59924],[120.96245,14.59924]]],[[[120.96329,14.59925],[120.9631,14.59916],[120.9631,14.59925],[120.96329,14.59925]]],[[[120.96375,14.59925],[120.96357,14.59916],[120.96356,14.59925],[120.96375,14.59925]]],[[[120.96022,14.59931],[120.96004,14.59922],[120.96004,14.59931],[120.96022,14.59931]]],[[[120.97062,14.59931],[120.97053,14.59913],[120.97052,14.59931],[120.97062,14.59931]]],[[[120.96041,14.59931],[120.9605,14.59922],[120.96041,14.59922],[120.96041,14.59931]]],[[[120.96292,14.59924],[120.96301,14.59934],[120.96301,14.59925],[120.96292,14.59924]]],[[[120.96384,14.59934],[120.96394,14.59925],[120.96384,14.59925],[120.96384,14.59934]]],[[[120.95892,14.59939],[120.95911,14.59912],[120.95893,14.59903],[120.95892,14.59939]]],[[[120.95994,14.5994],[120.95985,14.59931],[120.95985,14.5994],[120.95994,14.5994]]],[[[120.96291,14.59943],[120.96282,14.59933],[120.96282,14.59942],[120.96291,14.59943]]],[[[120.98416,14.59952],[120.98407,14.59943],[120.98407,14.59952],[120.98416,14.59952]]],[[[120.96403,14.59934],[120.96393,14.59952],[120.96403,14.59953],[120.96403,14.59934]]],[[[120.97136,14.59959],[120.97126,14.5995],[120.97126,14.59959],[120.97136,14.59959]]],[[[120.96263,14.5996],[120.96254,14.59951],[120.96254,14.5996],[120.96263,14.5996]]],[[[120.98398,14.59952],[120.9837,14.59961],[120.98398,14.59961],[120.98398,14.59952]]],[[[120.96366,14.59952],[120.96384,14.59961],[120.96384,14.59952],[120.96366,14.59952]]],[[[120.95985,14.59967],[120.95994,14.59958],[120.95985,14.59958],[120.95985,14.59967]]],[[[120.98082,14.59958],[120.98073,14.59967],[120.98082,14.59967],[120.98082,14.59958]]],[[[120.97368,14.5997],[120.97358,14.59961],[120.97358,14.5997],[120.97368,14.5997]]],[[[120.97016,14.59895],[120.96951,14.59831],[120.96913,14.59975],[120.96987,14.59958],[120.96951,14.59885],[120.97016,14.59895]]],[[[120.96988,14.59885],[120.96979,14.59876],[120.96988,14.59876],[120.96988,14.59885]]],[[[120.96941,14.5993],[120.9695,14.59948],[120.96941,14.59948],[120.96941,14.5993]]],[[[120.98045,14.59967],[120.98036,14.59976],[120.98045,14.59976],[120.98045,14.59967]]],[[[120.97033,14.59976],[120.96997,14.59949],[120.96996,14.59967],[120.97033,14.59976]]],[[[120.96022,14.59967],[120.95994,14.59976],[120.96022,14.59976],[120.96022,14.59967]]],[[[120.9605,14.59931],[120.9605,14.59977],[120.96096,14.59968],[120.96096,14.5995],[120.9605,14.59931]]],[[[120.97191,14.5995],[120.97173,14.59968],[120.97191,14.59977],[120.97191,14.5995]]],[[[120.98157,14.59914],[120.98101,14.59958],[120.98073,14.59904],[120.9799,14.59912],[120.97989,14.59966],[120.98054,14.5994],[120.98119,14.59986],[120.98157,14.59914]]],[[[120.97999,14.59939],[120.98026,14.59958],[120.97999,14.59957],[120.97999,14.59939]]],[[[120.98064,14.59931],[120.98027,14.59912],[120.98064,14.59913],[120.98064,14.59931]]],[[[120.98008,14.59994],[120.98017,14.59985],[120.98008,14.59985],[120.98008,14.59994]]],[[[120.981,14.59994],[120.98091,14.59985],[120.98091,14.59994],[120.981,14.59994]]],[[[120.98184,14.59968],[120.98156,14.59968],[120.98184,14.59995],[120.98184,14.59968]]],[[[120.98202,14.59995],[120.98193,14.59986],[120.98193,14.59995],[120.98202,14.59995]]],[[[120.96653,14.6],[120.96634,14.59991],[120.96634,14.6],[120.96653,14.6]]],[[[120.98026,14.59994],[120.98017,14.60003],[120.98026,14.60003],[120.98026,14.59994]]],[[[120.9772,14.60009],[120.97711,14.6],[120.97711,14.60009],[120.9772,14.60009]]],[[[120.96365,14.59961],[120.963,14.59988],[120.96273,14.59951],[120.96272,14.59988],[120.96319,14.60015],[120.96365,14.59961]]],[[[120.98045,14.60003],[120.98072,14.60003],[120.98063,14.59985],[120.98045,14.60003]]],[[[120.96857,14.6002],[120.96829,14.60029],[120.96857,14.60029],[120.96857,14.6002]]],[[[120.98351,14.60006],[120.98332,14.60023],[120.9836,14.60033],[120.98351,14.60006]]],[[[120.96272,14.60033],[120.96281,14.60024],[120.96272,14.60024],[120.96272,14.60033]]],[[[120.96346,14.60024],[120.96318,14.60033],[120.96346,14.60033],[120.96346,14.60024]]],[[[120.97942,14.60029],[120.97961,14.60038],[120.97961,14.60029],[120.97942,14.60029]]],[[[120.98425,14.60042],[120.98416,14.60033],[120.98415,14.60042],[120.98425,14.60042]]],[[[120.97942,14.60047],[120.97933,14.60038],[120.97933,14.60047],[120.97942,14.60047]]],[[[120.9797,14.60038],[120.97961,14.60047],[120.9797,14.60047],[120.9797,14.60038]]],[[[120.96309,14.60033],[120.9629,14.60051],[120.96309,14.60042],[120.96309,14.60033]]],[[[120.9656,14.60044],[120.96653,14.60018],[120.9656,14.60017],[120.9656,14.60044]]],[[[120.97979,14.60048],[120.9797,14.60057],[120.97979,14.60057],[120.97979,14.60048]]],[[[120.98026,14.60057],[120.98016,14.60048],[120.98016,14.60057],[120.98026,14.60057]]],[[[120.97043,14.59949],[120.97014,14.60057],[120.97098,14.60058],[120.97145,14.59977],[120.97043,14.59949]]],[[[120.97024,14.6003],[120.9707,14.6004],[120.97088,14.60049],[120.97024,14.6003]]],[[[120.97079,14.60022],[120.9707,14.60013],[120.97079,14.60013],[120.97079,14.60022]]],[[[120.96309,14.60069],[120.963,14.6006],[120.96299,14.60069],[120.96309,14.60069]]],[[[120.97933,14.60074],[120.97923,14.60065],[120.97923,14.60074],[120.97933,14.60074]]],[[[120.97988,14.60057],[120.97979,14.60075],[120.97988,14.60075],[120.97988,14.60057]]],[[[120.98035,14.60075],[120.98026,14.60066],[120.98025,14.60075],[120.98035,14.60075]]],[[[120.95344,14.60079],[120.95334,14.6007],[120.95334,14.60079],[120.95344,14.60079]]],[[[120.97877,14.60083],[120.97868,14.60074],[120.97868,14.60083],[120.97877,14.60083]]],[[[120.9617,14.60068],[120.96198,14.60032],[120.96263,14.60024],[120.96133,14.60041],[120.9617,14.60068]]],[[[120.96299,14.60087],[120.9629,14.60078],[120.9629,14.60087],[120.96299,14.60087]]],[[[120.97942,14.60092],[120.97933,14.60083],[120.97932,14.60092],[120.97942,14.60092]]],[[[120.9797,14.60084],[120.97979,14.60093],[120.97979,14.60084],[120.9797,14.60084]]],[[[120.98285,14.60095],[120.98276,14.60086],[120.98276,14.60095],[120.98285,14.60095]]],[[[120.95353,14.60097],[120.95344,14.60088],[120.95343,14.60095],[120.95353,14.60097]]],[[[120.95371,14.60097],[120.95362,14.60088],[120.95362,14.60097],[120.95371,14.60097]]],[[[120.9797,14.60102],[120.97951,14.60092],[120.97951,14.60102],[120.9797,14.60102]]],[[[120.98072,14.60103],[120.98062,14.60093],[120.98062,14.60102],[120.98072,14.60103]]],[[[120.96336,14.60087],[120.96392,14.60088],[120.96392,14.60061],[120.96336,14.60087]]],[[[120.97997,14.60111],[120.97988,14.60102],[120.97988,14.60111],[120.97997,14.60111]]],[[[120.98192,14.60113],[120.98183,14.60094],[120.98183,14.60113],[120.98192,14.60113]]],[[[120.97737,14.60109],[120.97756,14.60118],[120.97756,14.60109],[120.97737,14.60109]]],[[[120.98137,14.60103],[120.98146,14.60121],[120.98155,14.60103],[120.98137,14.60103]]],[[[120.96271,14.60123],[120.96262,14.60114],[120.96262,14.60123],[120.96271,14.60123]]],[[[120.97737,14.60127],[120.97728,14.60118],[120.97728,14.60127],[120.97737,14.60127]]],[[[120.97979,14.60129],[120.97988,14.6012],[120.97979,14.6012],[120.97979,14.60129]]],[[[120.97375,14.60133],[120.97394,14.60124],[120.97375,14.60124],[120.97375,14.60133]]],[[[120.98053,14.60139],[120.98044,14.60102],[120.98007,14.60102],[120.98053,14.60139]]],[[[120.97366,14.60142],[120.97357,14.60133],[120.97357,14.60142],[120.97366,14.60142]]],[[[120.97403,14.60133],[120.97394,14.60142],[120.97403,14.60142],[120.97403,14.60133]]],[[[120.97774,14.60145],[120.97765,14.60136],[120.97765,14.60145],[120.97774,14.60145]]],[[[120.97951,14.60147],[120.97932,14.60138],[120.97932,14.60147],[120.97951,14.60147]]],[[[120.97969,14.60147],[120.9796,14.60138],[120.9796,14.60147],[120.97969,14.60147]]],[[[120.98062,14.60148],[120.98071,14.60139],[120.98062,14.60139],[120.98062,14.60148]]],[[[120.96336,14.60151],[120.96345,14.60142],[120.96336,14.60142],[120.96336,14.60151]]],[[[120.98025,14.60138],[120.97988,14.60156],[120.98025,14.60156],[120.98025,14.60138]]],[[[120.96224,14.60159],[120.96215,14.6015],[120.96215,14.60159],[120.96224,14.60159]]],[[[120.96317,14.6016],[120.96327,14.60142],[120.96317,14.60142],[120.96317,14.6016]]],[[[120.96364,14.6016],[120.96354,14.60142],[120.96345,14.6016],[120.96364,14.6016]]],[[[120.97987,14.60165],[120.97978,14.60156],[120.97978,14.60165],[120.97987,14.60165]]],[[[120.98034,14.60156],[120.98025,14.60165],[120.98034,14.60165],[120.98034,14.60156]]],[[[120.98202,14.60095],[120.98341,14.60096],[120.98359,14.60168],[120.98396,14.60105],[120.9835,14.60069],[120.98415,14.60051],[120.98258,14.60041],[120.98202,14.60095]]],[[[120.96345,14.60169],[120.96326,14.6016],[120.96326,14.60169],[120.96345,14.60169]]],[[[120.98043,14.60166],[120.98034,14.60175],[120.98043,14.60175],[120.98043,14.60166]]],[[[120.97746,14.60172],[120.97755,14.60181],[120.97755,14.60172],[120.97746,14.60172]]],[[[120.97774,14.60181],[120.97765,14.60172],[120.97765,14.60181],[120.97774,14.60181]]],[[[120.96206,14.60186],[120.96197,14.60159],[120.96187,14.60186],[120.96206,14.60186]]],[[[120.97412,14.60187],[120.97403,14.60178],[120.97403,14.60187],[120.97412,14.60187]]],[[[120.9641,14.60169],[120.96373,14.60178],[120.9641,14.60188],[120.9641,14.60169]]],[[[120.97746,14.6019],[120.97737,14.60181],[120.97737,14.6019],[120.97746,14.6019]]],[[[120.97987,14.60192],[120.97997,14.60183],[120.97987,14.60183],[120.97987,14.60192]]],[[[120.98154,14.60194],[120.98164,14.60185],[120.98154,14.60185],[120.98154,14.60194]]],[[[120.97737,14.60199],[120.97727,14.6019],[120.97727,14.60199],[120.97737,14.60199]]],[[[120.98006,14.60192],[120.97996,14.60201],[120.98006,14.60201],[120.98006,14.60192]]],[[[120.98183,14.6014],[120.98071,14.60148],[120.98089,14.60202],[120.98183,14.6014]]],[[[120.98173,14.60194],[120.98163,14.60203],[120.98173,14.60203],[120.98173,14.60194]]],[[[120.98191,14.60203],[120.98201,14.60194],[120.98191,14.60194],[120.98191,14.60203]]],[[[120.97913,14.6021],[120.97904,14.60201],[120.97904,14.6021],[120.97913,14.6021]]],[[[120.98015,14.60201],[120.98006,14.6021],[120.98015,14.60211],[120.98015,14.60201]]],[[[120.98024,14.60202],[120.98033,14.60211],[120.98034,14.60202],[120.98024,14.60202]]],[[[120.96113,14.60212],[120.96122,14.60203],[120.96113,14.60203],[120.96113,14.60212]]],[[[120.9821,14.60203],[120.982,14.60212],[120.9821,14.60212],[120.9821,14.60203]]],[[[120.9718,14.60212],[120.97161,14.60203],[120.97161,14.60212],[120.9718,14.60212]]],[[[120.96187,14.60213],[120.96178,14.60204],[120.96178,14.60213],[120.96187,14.60213]]],[[[120.96317,14.60205],[120.96354,14.60214],[120.96354,14.60187],[120.96298,14.60187],[120.96317,14.60205]]],[[[120.9795,14.60219],[120.97931,14.6021],[120.97931,14.60219],[120.9795,14.60219]]],[[[120.97978,14.60219],[120.97969,14.6021],[120.97968,14.60219],[120.97978,14.60219]]],[[[120.98024,14.6022],[120.98015,14.60211],[120.98015,14.6022],[120.98024,14.6022]]],[[[120.96131,14.60212],[120.96122,14.60221],[120.96131,14.60221],[120.96131,14.60212]]],[[[120.97412,14.60232],[120.97393,14.60223],[120.97393,14.60232],[120.97412,14.60232]]],[[[120.9782,14.60227],[120.97838,14.60236],[120.97838,14.60227],[120.9782,14.60227]]],[[[120.97996,14.60246],[120.97987,14.60237],[120.97987,14.60246],[120.97996,14.60246]]],[[[120.98015,14.60247],[120.98024,14.60229],[120.98005,14.60229],[120.98015,14.60247]]],[[[120.98098,14.60247],[120.9808,14.60238],[120.9808,14.60247],[120.98098,14.60247]]],[[[120.97745,14.60253],[120.97736,14.60244],[120.97736,14.60253],[120.97745,14.60253]]],[[[120.98033,14.60247],[120.98024,14.60256],[120.98033,14.60256],[120.98033,14.60247]]],[[[120.96251,14.60249],[120.96261,14.60204],[120.96234,14.60168],[120.96233,14.60249],[120.96186,14.60258],[120.96251,14.60249]]],[[[120.96233,14.60213],[120.96224,14.60204],[120.96233,14.60204],[120.96233,14.60213]]],[[[120.98358,14.60268],[120.98349,14.60259],[120.98348,14.60268],[120.98358,14.60268]]],[[[120.97968,14.60273],[120.97977,14.60264],[120.97968,14.60264],[120.97968,14.60273]]],[[[120.98033,14.60265],[120.98042,14.60274],[120.98042,14.60265],[120.98033,14.60265]]],[[[120.97123,14.60275],[120.97114,14.60257],[120.97105,14.60275],[120.97123,14.60275]]],[[[120.98293,14.60231],[120.98358,14.60223],[120.98228,14.6023],[120.98293,14.60231]]],[[[120.97996,14.60274],[120.97977,14.60282],[120.97996,14.60283],[120.97996,14.60274]]],[[[120.98033,14.60283],[120.98014,14.60274],[120.98014,14.60283],[120.98033,14.60283]]],[[[120.98051,14.60274],[120.98042,14.60283],[120.98051,14.60283],[120.98051,14.60274]]],[[[120.98135,14.60284],[120.98126,14.60275],[120.98126,14.60284],[120.98135,14.60284]]],[[[120.97838,14.60272],[120.97866,14.60291],[120.97866,14.60272],[120.97838,14.60272]]],[[[120.98116,14.60293],[120.98107,14.60284],[120.98107,14.60293],[120.98116,14.60293]]],[[[120.98135,14.60239],[120.98163,14.60293],[120.98172,14.60239],[120.98135,14.60239]]],[[[120.98209,14.60294],[120.98218,14.60285],[120.98209,14.60284],[120.98209,14.60294]]],[[[120.96131,14.60221],[120.9614,14.60294],[120.96177,14.60285],[120.96177,14.60231],[120.96131,14.60221]]],[[[120.97559,14.60297],[120.9755,14.60288],[120.9755,14.60297],[120.97559,14.60297]]],[[[120.97856,14.603],[120.97847,14.6029],[120.97847,14.60299],[120.97856,14.603]]],[[[120.98098,14.60302],[120.98088,14.60292],[120.98088,14.60302],[120.98098,14.60302]]],[[[120.98246,14.60303],[120.98255,14.60312],[120.98255,14.60303],[120.98246,14.60303]]],[[[120.98293,14.60294],[120.98311,14.60303],[120.98311,14.60285],[120.98293,14.60294]]],[[[120.97995,14.60319],[120.98042,14.60292],[120.97995,14.6031],[120.97995,14.60319]]],[[[120.98246,14.60321],[120.98237,14.60312],[120.98237,14.60321],[120.98246,14.60321]]],[[[120.96167,14.60312],[120.96177,14.60321],[120.96177,14.60312],[120.96167,14.60312]]],[[[120.97244,14.60303],[120.97216,14.60321],[120.97244,14.60321],[120.97244,14.60303]]],[[[120.97958,14.60318],[120.9793,14.60327],[120.97958,14.60327],[120.97958,14.60318]]],[[[120.98283,14.6033],[120.98274,14.60321],[120.98274,14.6033],[120.98283,14.6033]]],[[[120.97782,14.60335],[120.97773,14.60326],[120.97772,14.60335],[120.97782,14.60335]]],[[[120.97967,14.60346],[120.97958,14.60337],[120.97958,14.60346],[120.97967,14.60346]]],[[[120.98004,14.60346],[120.98014,14.60337],[120.98004,14.60337],[120.98004,14.60346]]],[[[120.98097,14.60347],[120.98107,14.60338],[120.98097,14.60338],[120.98097,14.60347]]],[[[120.98144,14.60347],[120.98134,14.60338],[120.98134,14.60347],[120.98144,14.60347]]],[[[120.98218,14.60294],[120.98181,14.60302],[120.9819,14.60348],[120.98209,14.60348],[120.98218,14.60294]]],[[[120.97355,14.60349],[120.97402,14.60296],[120.97383,14.60286],[120.97355,14.60349]]],[[[120.98023,14.60346],[120.98014,14.60355],[120.98023,14.60355],[120.98023,14.60346]]],[[[120.98116,14.60347],[120.98106,14.60356],[120.98116,14.60356],[120.98116,14.60347]]],[[[120.98264,14.60357],[120.98255,14.60348],[120.98255,14.60357],[120.98264,14.60357]]],[[[120.96705,14.60362],[120.96687,14.60344],[120.96687,14.60362],[120.96705,14.60362]]],[[[120.97763,14.60362],[120.97754,14.60353],[120.97754,14.60362],[120.97763,14.60362]]],[[[120.97986,14.60364],[120.97976,14.60355],[120.97976,14.60364],[120.97986,14.60364]]],[[[120.98032,14.60355],[120.98023,14.60364],[120.98032,14.60364],[120.98032,14.60355]]],[[[120.96167,14.60348],[120.9614,14.60303],[120.96148,14.60366],[120.96167,14.60348]]],[[[120.98348,14.60367],[120.98311,14.6034],[120.98292,14.60367],[120.98348,14.60367]]],[[[120.97382,14.60368],[120.97364,14.60358],[120.97364,14.60368],[120.97382,14.60368]]],[[[120.97791,14.60371],[120.97772,14.60362],[120.97772,14.60371],[120.97791,14.60371]]],[[[120.98227,14.60375],[120.98208,14.60366],[120.98208,14.60375],[120.98227,14.60375]]],[[[120.9741,14.60377],[120.97401,14.60368],[120.97392,14.60377],[120.9741,14.60377]]],[[[120.98097,14.60392],[120.98078,14.60383],[120.98078,14.60392],[120.98097,14.60392]]],[[[120.98125,14.60392],[120.98153,14.60383],[120.98125,14.60383],[120.98125,14.60392]]],[[[120.98162,14.60393],[120.98152,14.60401],[120.98162,14.60402],[120.98162,14.60393]]],[[[120.97911,14.60408],[120.97893,14.6039],[120.97892,14.60408],[120.97911,14.60408]]],[[[120.98171,14.60402],[120.98162,14.60411],[120.98171,14.60411],[120.98171,14.60402]]],[[[120.97605,14.60397],[120.97623,14.60406],[120.97623,14.60397],[120.97605,14.60397]]],[[[120.98041,14.60419],[120.98032,14.60409],[120.98032,14.60419],[120.98041,14.60419]]],[[[120.9818,14.60411],[120.98171,14.6042],[120.9818,14.6042],[120.9818,14.60411]]],[[[120.97577,14.60424],[120.97568,14.60405],[120.97568,14.60424],[120.97577,14.60424]]],[[[120.97623,14.60415],[120.97614,14.60424],[120.97623,14.60424],[120.97623,14.60415]]],[[[120.98189,14.6042],[120.9818,14.60429],[120.98189,14.60429],[120.98189,14.6042]]],[[[120.95201,14.60439],[120.95192,14.6043],[120.95192,14.60439],[120.95201,14.60439]]],[[[120.95117,14.60465],[120.95108,14.60456],[120.95108,14.60465],[120.95117,14.60465]]],[[[120.97845,14.60471],[120.97836,14.60453],[120.97836,14.60471],[120.97845,14.60471]]],[[[120.97521,14.60477],[120.97511,14.60468],[120.97511,14.60477],[120.97521,14.60477]]],[[[120.95238,14.60485],[120.95229,14.60475],[120.95228,14.60484],[120.95238,14.60485]]],[[[120.97808,14.60489],[120.97799,14.6048],[120.97799,14.60489],[120.97808,14.60489]]],[[[120.97882,14.6049],[120.97873,14.6048],[120.97873,14.60489],[120.97882,14.6049]]],[[[120.97985,14.6049],[120.97975,14.60472],[120.97975,14.6049],[120.97985,14.6049]]],[[[120.96193,14.60493],[120.96175,14.60475],[120.96175,14.60493],[120.96193,14.60493]]],[[[120.97697,14.6047],[120.97706,14.60497],[120.97706,14.6047],[120.97697,14.6047]]],[[[120.98207,14.60501],[120.98198,14.60492],[120.98198,14.60501],[120.98207,14.60501]]],[[[120.95228,14.60502],[120.95219,14.60493],[120.95219,14.60502],[120.95228,14.60502]]],[[[120.97697,14.60506],[120.97687,14.60497],[120.97687,14.60506],[120.97697,14.60506]]],[[[120.9508,14.6051],[120.95071,14.60501],[120.95071,14.6051],[120.9508,14.6051]]],[[[120.983,14.6052],[120.98291,14.60511],[120.9829,14.6052],[120.983,14.6052]]],[[[120.9623,14.6052],[120.96212,14.60502],[120.96212,14.6052],[120.9623,14.6052]]],[[[120.98058,14.60527],[120.98049,14.60518],[120.98049,14.60527],[120.98058,14.60527]]],[[[120.98123,14.60537],[120.98105,14.60528],[120.98105,14.60537],[120.98123,14.60537]]],[[[120.97594,14.60541],[120.97585,14.60532],[120.97585,14.60541],[120.97594,14.60541]]],[[[120.97604,14.60541],[120.97613,14.60532],[120.97604,14.60532],[120.97604,14.60541]]],[[[120.97817,14.60543],[120.97808,14.60534],[120.97808,14.60543],[120.97817,14.60543]]],[[[120.96193,14.60547],[120.96175,14.60529],[120.96174,14.60547],[120.96193,14.60547]]],[[[120.97622,14.60541],[120.97613,14.60559],[120.97622,14.6056],[120.97622,14.60541]]],[[[120.97845,14.60561],[120.97835,14.60552],[120.97835,14.60561],[120.97845,14.60561]]],[[[120.97873,14.60562],[120.97863,14.60553],[120.97863,14.60562],[120.97873,14.60562]]],[[[120.97566,14.60568],[120.97557,14.6055],[120.97557,14.60568],[120.97566,14.60568]]],[[[120.96119,14.60501],[120.96156,14.60547],[120.96147,14.60492],[120.96119,14.60501]]],[[[120.96165,14.60574],[120.96156,14.60556],[120.96156,14.60574],[120.96165,14.60574]]],[[[120.96183,14.60574],[120.96193,14.60556],[120.96184,14.60556],[120.96183,14.60574]]],[[[120.97575,14.60586],[120.97566,14.60577],[120.97566,14.60586],[120.97575,14.60586]]],[[[120.97594,14.60586],[120.97585,14.60577],[120.97585,14.60586],[120.97594,14.60586]]],[[[120.96221,14.60574],[120.96174,14.60592],[120.9622,14.60593],[120.96221,14.60574]]],[[[120.98002,14.60599],[120.97984,14.60581],[120.97984,14.60599],[120.98002,14.60599]]],[[[120.97891,14.60598],[120.979,14.60607],[120.979,14.60598],[120.97891,14.60598]]],[[[120.96146,14.60583],[120.96155,14.6061],[120.96156,14.60583],[120.96146,14.60583]]],[[[120.97891,14.60616],[120.97881,14.60607],[120.97881,14.60616],[120.97891,14.60616]]],[[[120.98123,14.60618],[120.98104,14.60609],[120.98104,14.60618],[120.98123,14.60618]]],[[[120.98132,14.60618],[120.98141,14.60609],[120.98132,14.60609],[120.98132,14.60618]]],[[[120.9816,14.60618],[120.98141,14.60627],[120.9816,14.60627],[120.9816,14.60618]]],[[[120.97677,14.60641],[120.97668,14.60632],[120.97668,14.60641],[120.97677,14.60641]]],[[[120.98057,14.60645],[120.98048,14.60636],[120.98048,14.60645],[120.98057,14.60645]]],[[[120.98132,14.60645],[120.98122,14.60654],[120.98131,14.60654],[120.98132,14.60645]]],[[[120.9764,14.60659],[120.9763,14.6065],[120.9763,14.60659],[120.9764,14.60659]]],[[[120.97686,14.60659],[120.97677,14.6065],[120.97677,14.60659],[120.97686,14.60659]]],[[[120.98104,14.60663],[120.98104,14.60627],[120.98085,14.60663],[120.98104,14.60663]]],[[[120.98141,14.60654],[120.98131,14.60663],[120.98141,14.60663],[120.98141,14.60654]]],[[[120.97602,14.60668],[120.97593,14.60659],[120.97593,14.60668],[120.97602,14.60668]]],[[[120.97918,14.60671],[120.979,14.60652],[120.97899,14.6067],[120.97918,14.60671]]],[[[120.98168,14.60673],[120.98159,14.60664],[120.98159,14.60673],[120.98168,14.60673]]],[[[120.98206,14.60664],[120.98178,14.60673],[120.98206,14.60673],[120.98206,14.60664]]],[[[120.96136,14.60673],[120.96109,14.60592],[120.96118,14.60673],[120.96136,14.60673]]],[[[120.98224,14.60673],[120.98215,14.60664],[120.98215,14.60673],[120.98224,14.60673]]],[[[120.97259,14.60665],[120.9725,14.60674],[120.97259,14.60674],[120.97259,14.60665]]],[[[120.97704,14.60687],[120.97695,14.60678],[120.97695,14.60687],[120.97704,14.60687]]],[[[120.9725,14.60692],[120.9724,14.60674],[120.9724,14.60692],[120.9725,14.60692]]],[[[120.97742,14.60669],[120.97723,14.60687],[120.97741,14.60696],[120.97742,14.60669]]],[[[120.9724,14.60674],[120.97185,14.60673],[120.97185,14.607],[120.97194,14.60682],[120.9724,14.60674]]],[[[120.975,14.60694],[120.97472,14.60703],[120.975,14.60712],[120.975,14.60694]]],[[[120.97574,14.60713],[120.97584,14.60695],[120.97574,14.60695],[120.97574,14.60713]]],[[[120.9763,14.60704],[120.97686,14.60714],[120.97686,14.60705],[120.9763,14.60704]]],[[[120.98168,14.60718],[120.98159,14.607],[120.98159,14.60718],[120.98168,14.60718]]],[[[120.98066,14.60726],[120.98085,14.60699],[120.98075,14.60699],[120.98066,14.60726]]],[[[120.96136,14.60727],[120.96126,14.60718],[120.96126,14.60727],[120.96136,14.60727]]],[[[120.98308,14.60674],[120.9828,14.60674],[120.98307,14.60728],[120.98308,14.60674]]],[[[120.98149,14.60736],[120.98131,14.60727],[120.98131,14.60736],[120.98149,14.60736]]],[[[120.9762,14.6074],[120.97583,14.60713],[120.97583,14.60722],[120.9762,14.6074]]],[[[120.97361,14.60693],[120.97388,14.60756],[120.97379,14.60693],[120.97361,14.60693]]],[[[120.9801,14.60762],[120.98038,14.60753],[120.9801,14.60753],[120.9801,14.60762]]],[[[120.98047,14.60753],[120.98056,14.60762],[120.98056,14.60753],[120.98047,14.60753]]],[[[120.97342,14.60765],[120.97324,14.60692],[120.97259,14.60692],[120.97342,14.60765]]],[[[120.97991,14.60771],[120.97982,14.60752],[120.97982,14.6077],[120.97991,14.60771]]],[[[120.98047,14.60771],[120.98038,14.60762],[120.98038,14.60771],[120.98047,14.60771]]],[[[120.97342,14.60774],[120.97332,14.60765],[120.97332,14.60774],[120.97342,14.60774]]],[[[120.98103,14.60726],[120.98112,14.6079],[120.98149,14.60781],[120.98103,14.60726]]],[[[120.98177,14.6079],[120.98205,14.60772],[120.98177,14.60772],[120.98177,14.6079]]],[[[120.97453,14.60802],[120.97444,14.60793],[120.97443,14.60802],[120.97453,14.60802]]],[[[120.98112,14.60808],[120.98102,14.6079],[120.98102,14.60808],[120.98112,14.60808]]],[[[120.9813,14.60808],[120.98121,14.60799],[120.98121,14.60808],[120.9813,14.60808]]],[[[120.9748,14.60811],[120.97471,14.60802],[120.97471,14.60811],[120.9748,14.60811]]],[[[120.9749,14.60775],[120.97518,14.60812],[120.97509,14.60766],[120.9749,14.60775]]],[[[120.97712,14.60813],[120.97703,14.60804],[120.97703,14.60813],[120.97712,14.60813]]],[[[120.98046,14.60816],[120.98028,14.60807],[120.98028,14.60816],[120.98046,14.60816]]],[[[120.98149,14.60817],[120.98139,14.60808],[120.98139,14.60817],[120.98149,14.60817]]],[[[120.98111,14.60826],[120.98102,14.60817],[120.98102,14.60826],[120.98111,14.60826]]],[[[120.98009,14.60834],[120.98028,14.60825],[120.98009,14.60825],[120.98009,14.60834]]],[[[120.98065,14.60825],[120.98083,14.60835],[120.98084,14.60826],[120.98065,14.60825]]],[[[120.97954,14.60834],[120.97972,14.60843],[120.97972,14.60834],[120.97954,14.60834]]],[[[120.97462,14.60847],[120.97452,14.60838],[120.97452,14.60847],[120.97462,14.60847]]],[[[120.98065,14.60853],[120.98046,14.60825],[120.98028,14.60843],[120.98065,14.60853]]],[[[120.98241,14.60854],[120.98223,14.60827],[120.98222,14.60854],[120.98241,14.60854]]],[[[120.97202,14.60854],[120.97211,14.60845],[120.97202,14.60845],[120.97202,14.60854]]],[[[120.97341,14.60855],[120.97332,14.60783],[120.97276,14.60846],[120.97341,14.60855]]],[[[120.97443,14.60856],[120.97434,14.60847],[120.97434,14.60856],[120.97443,14.60856]]],[[[120.97953,14.60861],[120.97944,14.60842],[120.97944,14.60861],[120.97953,14.60861]]],[[[120.97963,14.60852],[120.97972,14.60861],[120.97972,14.60852],[120.97963,14.60852]]],[[[120.97981,14.60861],[120.9799,14.60852],[120.97981,14.60852],[120.97981,14.60861]]],[[[120.98037,14.60861],[120.98046,14.60852],[120.98037,14.60852],[120.98037,14.60861]]],[[[120.98102,14.60862],[120.98093,14.60835],[120.98092,14.60862],[120.98102,14.60862]]],[[[120.97359,14.60864],[120.97369,14.60856],[120.97359,14.60855],[120.97359,14.60864]]],[[[120.97415,14.60847],[120.97387,14.60856],[120.97415,14.60865],[120.97415,14.60847]]],[[[120.97962,14.6087],[120.97953,14.60861],[120.97953,14.6087],[120.97962,14.6087]]],[[[120.98055,14.60861],[120.98046,14.6087],[120.98055,14.60871],[120.98055,14.60861]]],[[[120.98065,14.60871],[120.98074,14.60862],[120.98065,14.60862],[120.98065,14.60871]]],[[[120.98324,14.60873],[120.98287,14.60854],[120.98259,14.60872],[120.98324,14.60873]]],[[[120.97378,14.60865],[120.97369,14.60874],[120.97378,14.60874],[120.97378,14.60865]]],[[[120.97461,14.60874],[120.97452,14.60865],[120.97452,14.60874],[120.97461,14.60874]]],[[[120.97536,14.60875],[120.97526,14.60866],[120.97526,14.60875],[120.97536,14.60875]]],[[[120.97953,14.60879],[120.97935,14.60869],[120.97935,14.60879],[120.97953,14.60879]]],[[[120.98092,14.60871],[120.98074,14.6088],[120.98092,14.6088],[120.98092,14.60871]]],[[[120.98148,14.6088],[120.98204,14.60863],[120.98148,14.60871],[120.98148,14.6088]]],[[[120.97211,14.60872],[120.97257,14.60846],[120.97211,14.60854],[120.97211,14.60872]]],[[[120.97387,14.60874],[120.97378,14.60883],[120.97387,14.60883],[120.97387,14.60874]]],[[[120.98046,14.60879],[120.98018,14.60888],[120.98046,14.60889],[120.98046,14.60879]]],[[[120.97897,14.60896],[120.97879,14.60878],[120.97879,14.60896],[120.97897,14.60896]]],[[[120.97916,14.60869],[120.97925,14.60897],[120.97925,14.60869],[120.97916,14.60869]]],[[[120.97999,14.60897],[120.98009,14.60852],[120.9799,14.60861],[120.97999,14.60897]]],[[[120.97276,14.60873],[120.97266,14.609],[120.97275,14.609],[120.97276,14.60873]]],[[[120.97795,14.60904],[120.97786,14.60895],[120.97786,14.60904],[120.97795,14.60904]]],[[[120.97916,14.60905],[120.97907,14.60896],[120.97906,14.60905],[120.97916,14.60905]]],[[[120.97405,14.6091],[120.97387,14.60901],[120.97387,14.6091],[120.97405,14.6091]]],[[[120.97804,14.60914],[120.97814,14.60905],[120.97804,14.60905],[120.97804,14.60914]]],[[[120.97999,14.60915],[120.9799,14.60897],[120.9799,14.60915],[120.97999,14.60915]]],[[[120.98101,14.60916],[120.98092,14.60898],[120.98092,14.60916],[120.98101,14.60916]]],[[[120.97415,14.6091],[120.97424,14.60919],[120.97424,14.6091],[120.97415,14.6091]]],[[[120.97535,14.6092],[120.97526,14.60902],[120.97526,14.6092],[120.97535,14.6092]]],[[[120.97554,14.6092],[120.97545,14.60902],[120.97544,14.6092],[120.97554,14.6092]]],[[[120.97823,14.60914],[120.97814,14.60923],[120.97823,14.60923],[120.97823,14.60914]]],[[[120.97869,14.60923],[120.97851,14.60896],[120.97841,14.60923],[120.97869,14.60923]]],[[[120.97925,14.60924],[120.97934,14.60906],[120.97925,14.60906],[120.97925,14.60924]]],[[[120.98018,14.60915],[120.97999,14.60924],[120.98018,14.60924],[120.98018,14.60915]]],[[[120.97182,14.60926],[120.97164,14.60917],[120.97164,14.60926],[120.97182,14.60926]]],[[[120.9824,14.60926],[120.98231,14.60899],[120.98231,14.60926],[120.9824,14.60926]]],[[[120.96218,14.609],[120.96199,14.60918],[120.96217,14.60927],[120.96218,14.609]]],[[[120.97414,14.60928],[120.97405,14.60919],[120.97405,14.60928],[120.97414,14.60928]]],[[[120.97888,14.60932],[120.97878,14.60923],[120.97878,14.60932],[120.97888,14.60932]]],[[[120.97117,14.60935],[120.97108,14.60926],[120.97108,14.60935],[120.97117,14.60935]]],[[[120.97526,14.60947],[120.97516,14.60938],[120.97516,14.60947],[120.97526,14.60947]]],[[[120.97943,14.60924],[120.97934,14.60951],[120.97943,14.60951],[120.97943,14.60924]]],[[[120.97915,14.6096],[120.97925,14.60951],[120.97915,14.60951],[120.97915,14.6096]]],[[[120.97795,14.60968],[120.97823,14.60932],[120.97813,14.60932],[120.97795,14.60968]]],[[[120.98017,14.6097],[120.98008,14.6096],[120.98008,14.6097],[120.98017,14.6097]]],[[[120.98082,14.6097],[120.98073,14.60961],[120.98073,14.6097],[120.98082,14.6097]]],[[[120.97785,14.60977],[120.97776,14.60968],[120.97776,14.60977],[120.97785,14.60977]]],[[[120.97832,14.60968],[120.97822,14.60977],[120.97832,14.60977],[120.97832,14.60968]]],[[[120.96171,14.60972],[120.96161,14.60981],[120.9617,14.60981],[120.96171,14.60972]]],[[[120.9785,14.60986],[120.97859,14.60977],[120.9785,14.60977],[120.9785,14.60986]]],[[[120.97943,14.60969],[120.97924,14.60987],[120.97934,14.60987],[120.97943,14.60969]]],[[[120.97767,14.60986],[120.97776,14.60995],[120.97776,14.60986],[120.97767,14.60986]]],[[[120.97869,14.60986],[120.97859,14.60995],[120.97869,14.60995],[120.97869,14.60986]]],[[[120.97943,14.60987],[120.97952,14.60996],[120.97952,14.60987],[120.97943,14.60987]]],[[[120.98091,14.60997],[120.98101,14.60988],[120.98091,14.60988],[120.98091,14.60997]]],[[[120.97766,14.61004],[120.97757,14.60994],[120.97757,14.61004],[120.97766,14.61004]]],[[[120.97859,14.61004],[120.9785,14.60995],[120.9785,14.61004],[120.97859,14.61004]]],[[[120.97989,14.60996],[120.97998,14.61006],[120.97998,14.60997],[120.97989,14.60996]]],[[[120.9811,14.60998],[120.981,14.61006],[120.9811,14.61007],[120.9811,14.60998]]],[[[120.97943,14.61014],[120.97933,14.60996],[120.97933,14.61014],[120.97943,14.61014]]],[[[120.98063,14.61015],[120.98054,14.61006],[120.98054,14.61015],[120.98063,14.61015]]],[[[120.9811,14.61025],[120.981,14.61016],[120.981,14.61025],[120.9811,14.61025]]],[[[120.96179,14.61026],[120.9617,14.61008],[120.9617,14.61026],[120.96179,14.61026]]],[[[120.97952,14.61032],[120.97943,14.61023],[120.97942,14.61032],[120.97952,14.61032]]],[[[120.96143,14.60971],[120.96106,14.60971],[120.96086,14.61034],[120.96143,14.60971]]],[[[120.96328,14.61036],[120.96318,14.61027],[120.96318,14.61036],[120.96328,14.61036]]],[[[120.97627,14.61039],[120.97618,14.6102],[120.97618,14.61038],[120.97627,14.61039]]],[[[120.97748,14.61031],[120.97738,14.61021],[120.97738,14.61039],[120.97748,14.61031]]],[[[120.97775,14.61031],[120.97766,14.6104],[120.97775,14.6104],[120.97775,14.61031]]],[[[120.97887,14.61023],[120.97905,14.61032],[120.97905,14.61014],[120.97887,14.61023]]],[[[120.97933,14.61041],[120.97924,14.61032],[120.97924,14.61041],[120.97933,14.61041]]],[[[120.96318,14.61045],[120.96309,14.61036],[120.96309,14.61045],[120.96318,14.61045]]],[[[120.97738,14.61049],[120.97729,14.61039],[120.97729,14.61048],[120.97738,14.61049]]],[[[120.97785,14.6104],[120.97775,14.61049],[120.97785,14.61049],[120.97785,14.6104]]],[[[120.98035,14.61051],[120.98044,14.61042],[120.98035,14.61042],[120.98035,14.61051]]],[[[120.96086,14.61052],[120.96077,14.61043],[120.96077,14.61052],[120.96086,14.61052]]],[[[120.97859,14.61059],[120.97868,14.61041],[120.97859,14.61041],[120.97859,14.61059]]],[[[120.98026,14.61033],[120.97952,14.61023],[120.98016,14.6106],[120.98026,14.61033]]],[[[120.97794,14.61067],[120.97784,14.61058],[120.97784,14.61067],[120.97794,14.61067]]],[[[120.97877,14.61059],[120.97868,14.61068],[120.97877,14.61068],[120.97877,14.61059]]],[[[120.97887,14.6105],[120.97905,14.61059],[120.97905,14.6105],[120.97887,14.6105]]],[[[120.98035,14.61069],[120.98026,14.6106],[120.98026,14.61069],[120.98035,14.61069]]],[[[120.98054,14.61051],[120.98044,14.61069],[120.98053,14.61069],[120.98054,14.61051]]],[[[120.97274,14.61072],[120.97265,14.61062],[120.97265,14.61072],[120.97274,14.61072]]],[[[120.96281,14.61072],[120.96272,14.61081],[120.96281,14.61081],[120.96281,14.61072]]],[[[120.97673,14.61075],[120.9771,14.61084],[120.9771,14.61075],[120.97673,14.61075]]],[[[120.97757,14.61058],[120.97719,14.61075],[120.97775,14.61085],[120.97757,14.61058]]],[[[120.97793,14.61085],[120.97803,14.61076],[120.97794,14.61076],[120.97793,14.61085]]],[[[120.97877,14.61086],[120.97886,14.61077],[120.97877,14.61077],[120.97877,14.61086]]],[[[120.9604,14.61088],[120.9603,14.61079],[120.9603,14.61088],[120.9604,14.61088]]],[[[120.96328,14.61027],[120.96402,14.61028],[120.96439,14.61082],[120.96411,14.61019],[120.96328,14.61027]]],[[[120.97896,14.61086],[120.97886,14.61095],[120.97895,14.61095],[120.97896,14.61086]]],[[[120.96253,14.61036],[120.96207,14.61008],[120.96179,14.61053],[120.96188,14.61089],[120.96216,14.61026],[120.96262,14.61099],[120.96253,14.61036]]],[[[120.97812,14.61085],[120.97803,14.61103],[120.97812,14.61103],[120.97812,14.61085]]],[[[120.96253,14.61108],[120.96244,14.61099],[120.96244,14.61108],[120.96253,14.61108]]],[[[120.98044,14.61114],[120.98053,14.61078],[120.98034,14.61114],[120.98044,14.61114]]],[[[120.96262,14.61108],[120.96253,14.61117],[120.96262,14.61117],[120.96262,14.61108]]],[[[120.96411,14.61109],[120.9642,14.61118],[120.9642,14.61109],[120.96411,14.61109]]],[[[120.97802,14.61121],[120.97812,14.61112],[120.97803,14.61112],[120.97802,14.61121]]],[[[120.97821,14.61122],[120.97812,14.6113],[120.97821,14.61131],[120.97821,14.61122]]],[[[120.96215,14.61135],[120.96206,14.61117],[120.96206,14.61135],[120.96215,14.61135]]],[[[120.97273,14.61135],[120.97264,14.61117],[120.97264,14.61135],[120.97273,14.61135]]],[[[120.9745,14.61136],[120.9744,14.61127],[120.9744,14.61136],[120.9745,14.61136]]],[[[120.96327,14.61127],[120.9629,14.61063],[120.9629,14.61144],[120.96327,14.61127]]],[[[120.97589,14.61147],[120.9757,14.61137],[120.9757,14.61146],[120.97589,14.61147]]],[[[120.97673,14.61084],[120.97626,14.61084],[120.97654,14.61147],[120.97663,14.61147],[120.97673,14.61084]]],[[[120.96178,14.61143],[120.96197,14.61153],[120.96197,14.61144],[120.96178,14.61143]]],[[[120.96225,14.61153],[120.96206,14.61144],[120.96206,14.61153],[120.96225,14.61153]]],[[[120.96271,14.61117],[120.96262,14.61153],[120.96271,14.61153],[120.96271,14.61117]]],[[[120.96317,14.61145],[120.96308,14.61154],[120.96317,14.61154],[120.96317,14.61145]]],[[[120.96419,14.61155],[120.96383,14.61109],[120.96345,14.61136],[120.96419,14.61155]]],[[[120.97654,14.61156],[120.97644,14.61147],[120.97644,14.61156],[120.97654,14.61156]]],[[[120.9784,14.61122],[120.97932,14.61159],[120.97923,14.61104],[120.9784,14.61122]]],[[[120.98043,14.6116],[120.98025,14.6115],[120.98025,14.61159],[120.98043,14.6116]]],[[[120.97273,14.61162],[120.97282,14.61153],[120.97273,14.61153],[120.97273,14.61162]]],[[[120.97329,14.61162],[120.97338,14.61153],[120.97329,14.61153],[120.97329,14.61162]]],[[[120.97644,14.61165],[120.97635,14.61156],[120.97635,14.61165],[120.97644,14.61165]]],[[[120.97923,14.61168],[120.97913,14.61158],[120.97913,14.61168],[120.97923,14.61168]]],[[[120.96178,14.6117],[120.96169,14.61152],[120.96169,14.6117],[120.96178,14.6117]]],[[[120.97319,14.61171],[120.9731,14.61162],[120.9731,14.61171],[120.97319,14.61171]]],[[[120.97347,14.61163],[120.97338,14.61172],[120.97347,14.61172],[120.97347,14.61163]]],[[[120.97913,14.61177],[120.97904,14.61167],[120.97904,14.61176],[120.97913,14.61177]]],[[[120.97932,14.61177],[120.97941,14.61168],[120.97932,14.61168],[120.97932,14.61177]]],[[[120.97301,14.61171],[120.97282,14.6118],[120.97301,14.6118],[120.97301,14.61171]]],[[[120.9744,14.61181],[120.97431,14.61172],[120.97431,14.61181],[120.9744,14.61181]]],[[[120.97626,14.61183],[120.97635,14.61174],[120.97626,14.61174],[120.97626,14.61183]]],[[[120.97923,14.61177],[120.97913,14.61186],[120.97922,14.61186],[120.97923,14.61177]]],[[[120.96308,14.61181],[120.96317,14.6119],[120.96317,14.61181],[120.96308,14.61181]]],[[[120.96429,14.61155],[120.96419,14.61191],[120.96428,14.61191],[120.96429,14.61155]]],[[[120.97644,14.61183],[120.97635,14.61192],[120.97644,14.61192],[120.97644,14.61183]]],[[[120.96261,14.61198],[120.96252,14.61153],[120.96252,14.61198],[120.96261,14.61198]]],[[[120.96308,14.61199],[120.96298,14.6119],[120.96298,14.61199],[120.96308,14.61199]]],[[[120.97459,14.61145],[120.97477,14.61209],[120.97505,14.61191],[120.97459,14.61145]]],[[[120.97551,14.61201],[120.97598,14.61192],[120.97533,14.61128],[120.97551,14.61201]]],[[[120.96298,14.61217],[120.96289,14.61199],[120.96289,14.61217],[120.96298,14.61217]]],[[[120.97579,14.6121],[120.9757,14.61219],[120.97579,14.61219],[120.97579,14.6121]]],[[[120.97616,14.61219],[120.97607,14.6121],[120.97607,14.61219],[120.97616,14.61219]]],[[[120.96271,14.61198],[120.96261,14.61225],[120.9627,14.61226],[120.96271,14.61198]]],[[[120.97514,14.61236],[120.97505,14.61209],[120.97486,14.61236],[120.97514,14.61236]]],[[[120.96242,14.61243],[120.96242,14.61225],[120.96205,14.61207],[120.96242,14.61243]]],[[[120.96326,14.61217],[120.96307,14.61244],[120.96326,14.61235],[120.96326,14.61217]]],[[[120.97662,14.61247],[120.97746,14.61229],[120.97662,14.61229],[120.97662,14.61247]]],[[[120.97616,14.61255],[120.97606,14.61237],[120.97588,14.61255],[120.97616,14.61255]]],[[[120.97356,14.61262],[120.97346,14.61253],[120.97346,14.61262],[120.97356,14.61262]]],[[[120.96326,14.61244],[120.96316,14.61262],[120.96326,14.61262],[120.96326,14.61244]]],[[[120.97653,14.61265],[120.97643,14.61256],[120.97643,14.61265],[120.97653,14.61265]]],[[[120.96122,14.61251],[120.96131,14.61269],[120.96131,14.61251],[120.96122,14.61251]]],[[[120.96121,14.61278],[120.96103,14.61269],[120.96103,14.61278],[120.96121,14.61278]]],[[[120.97356,14.6128],[120.97346,14.61271],[120.97346,14.6128],[120.97356,14.6128]]],[[[120.9756,14.61282],[120.97597,14.61264],[120.9756,14.61246],[120.9756,14.61282]]],[[[120.97652,14.61283],[120.97643,14.61274],[120.97643,14.61283],[120.97652,14.61283]]],[[[120.96427,14.6129],[120.96418,14.61281],[120.96418,14.6129],[120.96427,14.6129]]],[[[120.97941,14.61177],[120.97913,14.61231],[120.97912,14.61294],[120.97949,14.61276],[120.97941,14.61177]]],[[[120.96019,14.61296],[120.9601,14.61259],[120.9601,14.61296],[120.96019,14.61296]]],[[[120.9627,14.61298],[120.9626,14.6128],[120.96251,14.61298],[120.9627,14.61298]]],[[[120.96325,14.61298],[120.96335,14.61271],[120.96326,14.61271],[120.96325,14.61298]]],[[[120.97949,14.61294],[120.9794,14.61303],[120.97949,14.61303],[120.97949,14.61294]]],[[[120.96344,14.61298],[120.96334,14.61307],[120.96344,14.61307],[120.96344,14.61298]]],[[[120.97634,14.6131],[120.97624,14.61301],[120.97624,14.6131],[120.97634,14.6131]]],[[[120.96075,14.61314],[120.96065,14.61305],[120.96065,14.61314],[120.96075,14.61314]]],[[[120.96455,14.61317],[120.96446,14.61308],[120.96446,14.61317],[120.96455,14.61317]]],[[[120.96362,14.61326],[120.96372,14.61308],[120.96353,14.61308],[120.96362,14.61326]]],[[[120.9743,14.61272],[120.97457,14.61317],[120.97448,14.61272],[120.9743,14.61272]]],[[[120.97615,14.61291],[120.97596,14.61327],[120.97606,14.61328],[120.97615,14.61291]]],[[[120.96065,14.61332],[120.96056,14.61323],[120.96056,14.61332],[120.96065,14.61332]]],[[[120.97346,14.61334],[120.97291,14.61252],[120.97309,14.61316],[120.97346,14.61334]]],[[[120.96381,14.61326],[120.96371,14.61335],[120.96381,14.61335],[120.96381,14.61326]]],[[[120.96427,14.61335],[120.96418,14.61308],[120.96418,14.61335],[120.96427,14.61335]]],[[[120.97429,14.61344],[120.97411,14.61326],[120.97411,14.61335],[120.97429,14.61344]]],[[[120.97457,14.61335],[120.97485,14.61345],[120.97485,14.61335],[120.97457,14.61335]]],[[[120.97633,14.61346],[120.97624,14.61337],[120.97624,14.61346],[120.97633,14.61346]]],[[[120.96334,14.61353],[120.96316,14.61343],[120.96315,14.61352],[120.96334,14.61353]]],[[[120.97457,14.61353],[120.97448,14.61344],[120.97448,14.61353],[120.97457,14.61353]]],[[[120.97494,14.61345],[120.97485,14.61363],[120.97494,14.61363],[120.97494,14.61345]]],[[[120.96232,14.6137],[120.96251,14.61316],[120.96214,14.61243],[120.96149,14.61324],[120.96214,14.61324],[120.96232,14.6137]]],[[[120.96241,14.61334],[120.96223,14.61324],[120.96242,14.61325],[120.96241,14.61334]]],[[[120.96177,14.61324],[120.96167,14.61306],[120.96186,14.61306],[120.96177,14.61324]]],[[[120.96195,14.61288],[120.96186,14.61279],[120.96196,14.61279],[120.96195,14.61288]]],[[[120.97522,14.61363],[120.97587,14.61345],[120.97522,14.61354],[120.97522,14.61363]]],[[[120.97624,14.61382],[120.97615,14.61373],[120.97614,14.61382],[120.97624,14.61382]]],[[[120.97327,14.6137],[120.97345,14.61379],[120.97345,14.6137],[120.97327,14.6137]]],[[[120.9742,14.61344],[120.97383,14.61289],[120.9742,14.61299],[120.97431,14.61181],[120.97347,14.61172],[120.97392,14.61398],[120.9742,14.61344]]],[[[120.97466,14.61399],[120.97457,14.6138],[120.97457,14.61399],[120.97466,14.61399]]],[[[120.97484,14.6139],[120.97475,14.61399],[120.97484,14.61399],[120.97484,14.6139]]],[[[120.97596,14.614],[120.97587,14.61391],[120.97586,14.614],[120.97596,14.614]]],[[[120.96019,14.61323],[120.96009,14.61377],[120.96046,14.61404],[120.96046,14.6135],[120.96019,14.61323]]],[[[120.97429,14.61407],[120.97419,14.61398],[120.97419,14.61407],[120.97429,14.61407]]],[[[120.97484,14.61417],[120.97447,14.61426],[120.97484,14.61426],[120.97484,14.61417]]],[[[120.9754,14.61417],[120.97558,14.61426],[120.97558,14.61417],[120.9754,14.61417]]],[[[120.96036,14.6144],[120.96027,14.61431],[120.96027,14.6144],[120.96036,14.6144]]],[[[120.97484,14.61453],[120.97475,14.61435],[120.97475,14.61453],[120.97484,14.61453]]],[[[120.97502,14.61462],[120.9753,14.61471],[120.9753,14.61453],[120.97502,14.61462]]],[[[120.97446,14.61498],[120.97437,14.61489],[120.97437,14.61498],[120.97446,14.61498]]],[[[120.97502,14.61498],[120.97493,14.61489],[120.97493,14.61498],[120.97502,14.61498]]],[[[120.97493,14.61507],[120.97483,14.61498],[120.97483,14.61507],[120.97493,14.61507]]],[[[120.97418,14.61516],[120.974,14.61506],[120.974,14.61515],[120.97418,14.61516]]],[[[120.97446,14.61516],[120.97428,14.61507],[120.97428,14.61516],[120.97446,14.61516]]],[[[120.97418,14.61534],[120.97409,14.61525],[120.97409,14.61534],[120.97418,14.61534]]],[[[120.9699,14.61711],[120.9698,14.61702],[120.9698,14.61711],[120.9699,14.61711]]],[[[120.95755,14.61727],[120.95764,14.61736],[120.95765,14.61727],[120.95755,14.61727]]],[[[120.95755,14.61745],[120.95746,14.61736],[120.95746,14.61745],[120.95755,14.61745]]],[[[120.95764,14.61745],[120.95755,14.61754],[120.95764,14.61754],[120.95764,14.61745]]],[[[120.97129,14.6173],[120.97147,14.61739],[120.97147,14.6173],[120.97129,14.6173]]],[[[120.96005,14.61765],[120.96025,14.61657],[120.96027,14.61485],[120.95987,14.61702],[120.96005,14.61765]]],[[[120.97045,14.61765],[120.97036,14.61747],[120.97036,14.61765],[120.97045,14.61765]]],[[[120.97063,14.61775],[120.97054,14.61765],[120.97045,14.61774],[120.97063,14.61775]]],[[[120.95968,14.61783],[120.95959,14.61774],[120.95959,14.61783],[120.95968,14.61783]]],[[[120.95773,14.61799],[120.95764,14.6179],[120.95764,14.61799],[120.95773,14.61799]]],[[[120.97054,14.61802],[120.97091,14.61811],[120.97091,14.61793],[120.97054,14.61802]]],[[[120.95754,14.61826],[120.95764,14.61817],[120.95754,14.61817],[120.95754,14.61826]]],[[[120.97026,14.61829],[120.97035,14.6182],[120.97026,14.61819],[120.97026,14.61829]]],[[[120.97044,14.6182],[120.97054,14.61829],[120.97054,14.6182],[120.97044,14.6182]]],[[[120.95773,14.61827],[120.95764,14.61836],[120.95773,14.61836],[120.95773,14.61827]]],[[[120.97007,14.61828],[120.97016,14.61837],[120.97016,14.61828],[120.97007,14.61828]]],[[[120.97044,14.61838],[120.97035,14.61829],[120.97035,14.61838],[120.97044,14.61838]]],[[[120.97026,14.61838],[120.97016,14.61846],[120.97026,14.61847],[120.97026,14.61838]]],[[[120.95995,14.61847],[120.95986,14.61838],[120.95986,14.61847],[120.95995,14.61847]]],[[[120.97016,14.61856],[120.97007,14.61846],[120.97007,14.61855],[120.97016,14.61856]]],[[[120.97322,14.61858],[120.97332,14.61849],[120.97322,14.61849],[120.97322,14.61858]]],[[[120.9736,14.61859],[120.9735,14.61849],[120.9735,14.61858],[120.9736,14.61859]]],[[[120.96988,14.61864],[120.97007,14.61837],[120.9697,14.61864],[120.96988,14.61864]]],[[[120.97007,14.61864],[120.96998,14.61855],[120.96998,14.61864],[120.97007,14.61864]]],[[[120.97202,14.61866],[120.97192,14.61857],[120.97192,14.61866],[120.97202,14.61866]]],[[[120.97341,14.61858],[120.97332,14.61867],[120.97341,14.61867],[120.97341,14.61858]]],[[[120.9697,14.61873],[120.9696,14.61864],[120.9696,14.61873],[120.9697,14.61873]]],[[[120.96997,14.61882],[120.96988,14.61873],[120.96988,14.61882],[120.96997,14.61882]]],[[[120.96969,14.61918],[120.96951,14.61909],[120.96951,14.61918],[120.96969,14.61918]]],[[[120.9632,14.61922],[120.96282,14.6193],[120.96319,14.61931],[120.9632,14.61922]]],[[[120.96217,14.6193],[120.96236,14.61939],[120.96236,14.6193],[120.96217,14.6193]]],[[[120.96273,14.6193],[120.96245,14.61939],[120.96273,14.61939],[120.96273,14.6193]]],[[[120.96347,14.6194],[120.96329,14.61931],[120.96329,14.6194],[120.96347,14.6194]]],[[[120.96366,14.6194],[120.96375,14.61931],[120.96366,14.61931],[120.96366,14.6194]]],[[[120.96403,14.61941],[120.96394,14.61931],[120.96394,14.6194],[120.96403,14.61941]]],[[[120.95986,14.61865],[120.95994,14.61946],[120.96005,14.61865],[120.95986,14.61865]]],[[[120.96384,14.6194],[120.96375,14.61949],[120.96384,14.61949],[120.96384,14.6194]]],[[[120.95688,14.61925],[120.95698,14.61934],[120.95707,14.61925],[120.95688,14.61925]]],[[[120.97368,14.61958],[120.97349,14.61949],[120.97349,14.61958],[120.97368,14.61958]]],[[[120.96412,14.61959],[120.96421,14.6195],[120.96412,14.6195],[120.96412,14.61959]]],[[[120.95707,14.61953],[120.95697,14.61961],[120.95707,14.61962],[120.95707,14.61953]]],[[[120.95966,14.61964],[120.95957,14.61946],[120.95957,14.61964],[120.95966,14.61964]]],[[[120.96431,14.61959],[120.96421,14.61968],[120.9643,14.61968],[120.96431,14.61959]]],[[[120.96774,14.61971],[120.96755,14.61953],[120.96755,14.61971],[120.96774,14.61971]]],[[[120.96031,14.61973],[120.96013,14.61955],[120.96013,14.61973],[120.96031,14.61973]]],[[[120.96134,14.61965],[120.96124,14.61974],[120.96133,14.61974],[120.96134,14.61965]]],[[[120.97387,14.61949],[120.97442,14.61968],[120.97442,14.6195],[120.97387,14.61949]]],[[[120.9644,14.61968],[120.9643,14.61977],[120.9644,14.61977],[120.9644,14.61968]]],[[[120.97312,14.61976],[120.97303,14.61985],[120.97349,14.61985],[120.97312,14.61976]]],[[[120.96449,14.61977],[120.9644,14.61986],[120.96449,14.61986],[120.96449,14.61977]]],[[[120.96003,14.61991],[120.95994,14.61973],[120.95994,14.61991],[120.96003,14.61991]]],[[[120.96124,14.61965],[120.96078,14.61956],[120.9605,14.61992],[120.96087,14.61965],[120.96124,14.61965]]],[[[120.97228,14.61984],[120.97238,14.61993],[120.97238,14.61984],[120.97228,14.61984]]],[[[120.97293,14.61993],[120.97284,14.61984],[120.97284,14.61993],[120.97293,14.61993]]],[[[120.95957,14.62],[120.95948,14.61982],[120.95948,14.62],[120.95957,14.62]]],[[[120.97228,14.62002],[120.97219,14.61993],[120.97219,14.62002],[120.97228,14.62002]]],[[[120.97488,14.62004],[120.97479,14.61995],[120.97479,14.62004],[120.97488,14.62004]]],[[[120.96458,14.62004],[120.96449,14.61995],[120.96449,14.62004],[120.96458,14.62004]]],[[[120.96337,14.62012],[120.96328,14.62003],[120.96328,14.62012],[120.96337,14.62012]]],[[[120.97061,14.62019],[120.97052,14.62009],[120.97052,14.62019],[120.97061,14.62019]]],[[[120.97135,14.62019],[120.97145,14.6201],[120.97135,14.6201],[120.97135,14.62019]]],[[[120.96124,14.62019],[120.96105,14.62001],[120.96096,14.62019],[120.96124,14.62019]]],[[[120.97256,14.61993],[120.97237,14.6202],[120.97247,14.6202],[120.97256,14.61993]]],[[[120.96217,14.61939],[120.96152,14.61956],[120.96133,14.61992],[120.96217,14.6202],[120.96291,14.61994],[120.96189,14.61993],[120.96217,14.61939]]],[[[120.97284,14.62021],[120.97275,14.62011],[120.97274,14.6202],[120.97284,14.62021]]],[[[120.97312,14.62021],[120.97302,14.62012],[120.97302,14.62021],[120.97312,14.62021]]],[[[120.96393,14.62022],[120.96384,14.62013],[120.96384,14.62022],[120.96393,14.62022]]],[[[120.96495,14.62023],[120.96486,14.62014],[120.96486,14.62023],[120.96495,14.62023]]],[[[120.97089,14.62028],[120.9708,14.62019],[120.9708,14.62028],[120.97089,14.62028]]],[[[120.95984,14.62027],[120.95994,14.62036],[120.95994,14.62027],[120.95984,14.62027]]],[[[120.97367,14.62039],[120.97386,14.6203],[120.97367,14.6203],[120.97367,14.62039]]],[[[120.96402,14.6204],[120.96411,14.62031],[120.96402,14.62031],[120.96402,14.6204]]],[[[120.97469,14.6204],[120.97451,14.62013],[120.97441,14.6204],[120.97469,14.6204]]],[[[120.96885,14.62026],[120.96912,14.62035],[120.96913,14.62017],[120.96885,14.62026]]],[[[120.95984,14.62045],[120.95975,14.62036],[120.95975,14.62045],[120.95984,14.62045]]],[[[120.96059,14.62037],[120.96077,14.62046],[120.96077,14.62037],[120.96059,14.62037]]],[[[120.96123,14.62047],[120.96105,14.62037],[120.96105,14.62046],[120.96123,14.62047]]],[[[120.97246,14.62047],[120.97256,14.62038],[120.97246,14.62038],[120.97246,14.62047]]],[[[120.97395,14.6204],[120.97386,14.62049],[120.97395,14.62049],[120.97395,14.6204]]],[[[120.96421,14.6204],[120.96411,14.62049],[120.9642,14.62049],[120.96421,14.6204]]],[[[120.97506,14.6205],[120.97562,14.62014],[120.97507,14.61977],[120.97506,14.6205]]],[[[120.96541,14.6205],[120.96513,14.62032],[120.96485,14.6205],[120.96541,14.6205]]],[[[120.97608,14.6205],[120.97627,14.62014],[120.97609,14.62005],[120.97608,14.6205]]],[[[120.96894,14.62053],[120.96885,14.62044],[120.96884,14.62053],[120.96894,14.62053]]],[[[120.95956,14.62054],[120.95947,14.62045],[120.95947,14.62054],[120.95956,14.62054]]],[[[120.95975,14.62054],[120.95966,14.62045],[120.95966,14.62054],[120.95975,14.62054]]],[[[120.96058,14.62055],[120.96049,14.62046],[120.96049,14.62055],[120.96058,14.62055]]],[[[120.97163,14.62047],[120.97126,14.62037],[120.97126,14.62055],[120.97163,14.62047]]],[[[120.97172,14.62056],[120.972,14.62029],[120.97172,14.62047],[120.97172,14.62056]]],[[[120.97413,14.62058],[120.97404,14.62049],[120.97404,14.62058],[120.97413,14.62058]]],[[[120.96856,14.62062],[120.96857,14.62026],[120.96829,14.62026],[120.96856,14.62062]]],[[[120.96003,14.62045],[120.95984,14.62063],[120.96003,14.62064],[120.96003,14.62045]]],[[[120.97209,14.62056],[120.972,14.62065],[120.97209,14.62065],[120.97209,14.62056]]],[[[120.97228,14.62065],[120.97218,14.62056],[120.97218,14.62065],[120.97228,14.62065]]],[[[120.97265,14.62047],[120.97256,14.62065],[120.97265,14.62066],[120.97265,14.62047]]],[[[120.96717,14.6207],[120.96708,14.62061],[120.96708,14.6207],[120.96717,14.6207]]],[[[120.96829,14.62062],[120.96801,14.62043],[120.96801,14.62071],[120.96829,14.62062]]],[[[120.96021,14.62073],[120.96012,14.62064],[120.96012,14.62073],[120.96021,14.62073]]],[[[120.97107,14.62073],[120.97117,14.62037],[120.97079,14.62046],[120.97107,14.62073]]],[[[120.97255,14.62074],[120.97246,14.62065],[120.97246,14.62074],[120.97255,14.62074]]],[[[120.96569,14.62069],[120.96662,14.62051],[120.9656,14.6205],[120.96569,14.62069]]],[[[120.96782,14.62079],[120.96764,14.6207],[120.96764,14.62079],[120.96782,14.62079]]],[[[120.96801,14.6208],[120.96791,14.6207],[120.96791,14.62079],[120.96801,14.6208]]],[[[120.95891,14.62081],[120.95882,14.62072],[120.95882,14.62081],[120.95891,14.62081]]],[[[120.96643,14.62087],[120.96634,14.62078],[120.96634,14.62087],[120.96643,14.62087]]],[[[120.95928,14.6209],[120.95919,14.62081],[120.95919,14.6209],[120.95928,14.6209]]],[[[120.96661,14.62096],[120.96652,14.62087],[120.96652,14.62096],[120.96661,14.62096]]],[[[120.95984,14.621],[120.95975,14.62081],[120.95975,14.62099],[120.95984,14.621]]],[[[120.97079,14.62073],[120.9706,14.62091],[120.97079,14.621],[120.97079,14.62073]]],[[[120.97524,14.62104],[120.97515,14.62077],[120.97515,14.62104],[120.97524,14.62104]]],[[[120.95956,14.62108],[120.95947,14.62099],[120.95947,14.62108],[120.95956,14.62108]]],[[[120.97023,14.621],[120.97014,14.62109],[120.97023,14.62109],[120.97023,14.621]]],[[[120.97441,14.62112],[120.97432,14.62103],[120.97431,14.62112],[120.97441,14.62112]]],[[[120.96995,14.62117],[120.97014,14.6209],[120.96986,14.62117],[120.96995,14.62117]]],[[[120.97097,14.62118],[120.97116,14.62127],[120.97135,14.62092],[120.97088,14.62091],[120.97097,14.62118]]],[[[120.97032,14.62118],[120.97051,14.62136],[120.97051,14.62127],[120.97032,14.62118]]],[[[120.97097,14.62136],[120.97079,14.62127],[120.97079,14.62136],[120.97097,14.62136]]],[[[120.97181,14.62128],[120.97227,14.62092],[120.97172,14.62074],[120.97181,14.62128]]],[[[120.97673,14.62132],[120.97635,14.62141],[120.97672,14.62141],[120.97673,14.62132]]],[[[120.95686,14.62142],[120.95677,14.62133],[120.95677,14.62142],[120.95686,14.62142]]],[[[120.95974,14.62145],[120.95965,14.62117],[120.95956,14.62144],[120.95974,14.62145]]],[[[120.97106,14.62136],[120.97116,14.62146],[120.97116,14.62137],[120.97106,14.62136]]],[[[120.97208,14.62137],[120.97199,14.62146],[120.97208,14.62146],[120.97208,14.62137]]],[[[120.97032,14.62145],[120.97014,14.62109],[120.96995,14.62117],[120.96995,14.62154],[120.97032,14.62145]]],[[[120.97014,14.62145],[120.97004,14.62136],[120.97014,14.62136],[120.97014,14.62145]]],[[[120.97106,14.62155],[120.97097,14.62145],[120.97097,14.62154],[120.97106,14.62155]]],[[[120.97515,14.62149],[120.97617,14.62132],[120.97515,14.62122],[120.97515,14.62149]]],[[[120.96781,14.62161],[120.96791,14.62152],[120.96781,14.62152],[120.96781,14.62161]]],[[[120.9744,14.62166],[120.97422,14.62148],[120.97412,14.62166],[120.9744,14.62166]]],[[[120.95677,14.62169],[120.95668,14.6216],[120.95668,14.62169],[120.95677,14.62169]]],[[[120.968,14.62161],[120.96791,14.6217],[120.968,14.6217],[120.968,14.62161]]],[[[120.96809,14.6217],[120.968,14.62179],[120.96809,14.62179],[120.96809,14.6217]]],[[[120.95677,14.62187],[120.95668,14.62178],[120.95667,14.62187],[120.95677,14.62187]]],[[[120.95899,14.62189],[120.95881,14.6218],[120.95881,14.62189],[120.95899,14.62189]]],[[[120.97208,14.62192],[120.97199,14.62173],[120.97199,14.62191],[120.97208,14.62192]]],[[[120.97477,14.62194],[120.97468,14.62185],[120.97468,14.62194],[120.97477,14.62194]]],[[[120.95788,14.62197],[120.95779,14.62179],[120.95779,14.62197],[120.95788,14.62197]]],[[[120.96855,14.62179],[120.96818,14.6217],[120.96809,14.62188],[120.96827,14.62197],[120.96855,14.62179]]],[[[120.95844,14.62189],[120.95872,14.62198],[120.95872,14.62189],[120.95844,14.62189]]],[[[120.95936,14.62199],[120.95965,14.62163],[120.95918,14.62171],[120.95936,14.62199]]],[[[120.97134,14.622],[120.97189,14.62182],[120.9719,14.62173],[120.97134,14.622]]],[[[120.97616,14.62195],[120.97607,14.62204],[120.97616,14.62204],[120.97616,14.62195]]],[[[120.95844,14.62207],[120.95834,14.62198],[120.95834,14.62207],[120.95844,14.62207]]],[[[120.95974,14.62199],[120.95964,14.62208],[120.95974,14.62208],[120.95974,14.62199]]],[[[120.97189,14.62209],[120.97171,14.622],[120.97171,14.62209],[120.97189,14.62209]]],[[[120.97468,14.62212],[120.97477,14.62203],[120.97468,14.62203],[120.97468,14.62212]]],[[[120.96818,14.62215],[120.96809,14.62206],[120.96809,14.62215],[120.96818,14.62215]]],[[[120.97607,14.62213],[120.97597,14.62222],[120.97607,14.62222],[120.97607,14.62213]]],[[[120.95843,14.62225],[120.95834,14.62216],[120.95834,14.62225],[120.95843,14.62225]]],[[[120.95909,14.62207],[120.95918,14.62225],[120.95927,14.62207],[120.95909,14.62207]]],[[[120.95806,14.62234],[120.95788,14.62224],[120.95788,14.62233],[120.95806,14.62234]]],[[[120.96874,14.6218],[120.96864,14.62234],[120.96873,14.62234],[120.96874,14.6218]]],[[[120.96985,14.6219],[120.96994,14.62235],[120.97106,14.62209],[120.97079,14.62136],[120.96986,14.62163],[120.96985,14.6219]]],[[[120.97041,14.62172],[120.97032,14.62163],[120.97041,14.62163],[120.97041,14.62172]]],[[[120.9705,14.62235],[120.97031,14.62226],[120.97031,14.62235],[120.9705,14.62235]]],[[[120.97124,14.62236],[120.97106,14.62218],[120.97105,14.62236],[120.97124,14.62236]]],[[[120.96799,14.62242],[120.96809,14.62224],[120.96799,14.62224],[120.96799,14.62242]]],[[[120.96855,14.62243],[120.96846,14.62234],[120.96846,14.62243],[120.96855,14.62243]]],[[[120.97013,14.62235],[120.97003,14.62244],[120.97013,14.62244],[120.97013,14.62235]]],[[[120.97031,14.62244],[120.97022,14.62235],[120.97022,14.62244],[120.97031,14.62244]]],[[[120.97226,14.62237],[120.97198,14.62246],[120.97226,14.62246],[120.97226,14.62237]]],[[[120.97634,14.6224],[120.97607,14.62222],[120.97606,14.62249],[120.97634,14.6224]]],[[[120.95769,14.62251],[120.95778,14.62242],[120.95769,14.62242],[120.95769,14.62251]]],[[[120.96836,14.62243],[120.96808,14.62251],[120.96836,14.62252],[120.96836,14.62243]]],[[[120.97254,14.62255],[120.97282,14.62246],[120.97254,14.62246],[120.97254,14.62255]]],[[[120.9743,14.62257],[120.9744,14.6223],[120.97412,14.62239],[120.9743,14.62257]]],[[[120.97458,14.62248],[120.97449,14.62257],[120.97458,14.62257],[120.97458,14.62248]]],[[[120.97598,14.62213],[120.97524,14.62185],[120.97496,14.62113],[120.97431,14.62139],[120.97533,14.62194],[120.97477,14.62248],[120.97523,14.62221],[120.97588,14.62258],[120.97598,14.62213]]],[[[120.95797,14.62252],[120.95778,14.6226],[120.95797,14.62261],[120.95797,14.62252]]],[[[120.9588,14.62234],[120.95871,14.62216],[120.95852,14.62261],[120.95889,14.62261],[120.9588,14.62234]]],[[[120.97449,14.62266],[120.97439,14.62257],[120.97439,14.62266],[120.97449,14.62266]]],[[[120.97606,14.62267],[120.97597,14.62249],[120.97597,14.62267],[120.97606,14.62267]]],[[[120.95834,14.6227],[120.95825,14.62234],[120.95806,14.62252],[120.95834,14.6227]]],[[[120.95964,14.62262],[120.95973,14.62271],[120.95973,14.62262],[120.95964,14.62262]]],[[[120.97476,14.62275],[120.97467,14.62248],[120.97467,14.62275],[120.97476,14.62275]]],[[[120.97709,14.62232],[120.97653,14.62241],[120.97718,14.62277],[120.97709,14.62232]]],[[[120.95964,14.6228],[120.95945,14.62271],[120.95945,14.6228],[120.95964,14.6228]]],[[[120.973,14.62256],[120.97281,14.62283],[120.97291,14.62283],[120.973,14.62256]]],[[[120.97634,14.62249],[120.97616,14.62276],[120.97643,14.62286],[120.97634,14.62249]]],[[[120.95861,14.62279],[120.95824,14.62288],[120.95861,14.62288],[120.95861,14.62279]]],[[[120.97318,14.62292],[120.97346,14.62274],[120.97318,14.62283],[120.97318,14.62292]]],[[[120.97467,14.62284],[120.97476,14.62293],[120.97476,14.62284],[120.97467,14.62284]]],[[[120.97114,14.6229],[120.97123,14.62299],[120.97124,14.6229],[120.97114,14.6229]]],[[[120.97467,14.62302],[120.97448,14.62293],[120.97448,14.62302],[120.97467,14.62302]]],[[[120.97513,14.62303],[120.97504,14.62275],[120.97504,14.62303],[120.97513,14.62303]]],[[[120.97114,14.62308],[120.97105,14.62299],[120.97105,14.62308],[120.97114,14.62308]]],[[[120.97448,14.62311],[120.97439,14.62302],[120.97439,14.62311],[120.97448,14.62311]]],[[[120.97337,14.6231],[120.97355,14.62319],[120.97355,14.6231],[120.97337,14.6231]]],[[[120.9742,14.6232],[120.97411,14.62311],[120.97411,14.6232],[120.9742,14.6232]]],[[[120.97123,14.62326],[120.97133,14.62317],[120.97123,14.62317],[120.97123,14.62326]]],[[[120.97197,14.62327],[120.97188,14.62318],[120.97188,14.62327],[120.97197,14.62327]]],[[[120.97374,14.62283],[120.97402,14.62311],[120.97402,14.62284],[120.97374,14.62283]]],[[[120.97012,14.62325],[120.9704,14.62335],[120.9704,14.62326],[120.97012,14.62325]]],[[[120.97708,14.6234],[120.97736,14.62323],[120.97708,14.62322],[120.97708,14.6234]]],[[[120.97012,14.62343],[120.96993,14.62334],[120.96993,14.62343],[120.97012,14.62343]]],[[[120.96993,14.62352],[120.96965,14.62343],[120.96965,14.62352],[120.96993,14.62352]]],[[[120.9716,14.62327],[120.97142,14.62345],[120.9716,14.62354],[120.9716,14.62327]]],[[[120.96947,14.62361],[120.96937,14.62352],[120.96937,14.62361],[120.96947,14.62361]]],[[[120.97337,14.62319],[120.97207,14.62255],[120.97198,14.62318],[120.97253,14.62318],[120.97188,14.62363],[120.97337,14.62319]]],[[[120.97513,14.62366],[120.97522,14.62321],[120.97513,14.62321],[120.97513,14.62366]]],[[[120.97076,14.62371],[120.97067,14.62362],[120.97067,14.62371],[120.97076,14.62371]]],[[[120.96473,14.62375],[120.96464,14.62366],[120.96464,14.62375],[120.96473,14.62375]]],[[[120.9651,14.62375],[120.96501,14.62366],[120.96501,14.62375],[120.9651,14.62375]]],[[[120.9767,14.62376],[120.9768,14.62349],[120.97652,14.62376],[120.9767,14.62376]]],[[[120.97355,14.62383],[120.97346,14.62373],[120.97345,14.62383],[120.97355,14.62383]]],[[[120.97383,14.62383],[120.97373,14.62365],[120.97364,14.62383],[120.97383,14.62383]]],[[[120.9754,14.62375],[120.97522,14.62384],[120.9754,14.62384],[120.9754,14.62375]]],[[[120.96575,14.62394],[120.96566,14.62385],[120.96566,14.62394],[120.96575,14.62394]]],[[[120.97085,14.62398],[120.97076,14.6238],[120.97076,14.62398],[120.97085,14.62398]]],[[[120.97234,14.62391],[120.97243,14.624],[120.97243,14.62391],[120.97234,14.62391]]],[[[120.97587,14.62403],[120.97568,14.62393],[120.97568,14.62403],[120.97587,14.62403]]],[[[120.96594,14.62403],[120.96584,14.62394],[120.96584,14.62403],[120.96594,14.62403]]],[[[120.9574,14.62405],[120.95731,14.62386],[120.9573,14.62405],[120.9574,14.62405]]],[[[120.96937,14.62406],[120.96946,14.62397],[120.96937,14.62397],[120.96937,14.62406]]],[[[120.97067,14.62407],[120.97048,14.62398],[120.97048,14.62407],[120.97067,14.62407]]],[[[120.97234,14.62409],[120.97225,14.624],[120.97225,14.62409],[120.97234,14.62409]]],[[[120.96955,14.62406],[120.96946,14.62415],[120.96955,14.62415],[120.96955,14.62406]]],[[[120.97011,14.62416],[120.96993,14.62407],[120.96992,14.62416],[120.97011,14.62416]]],[[[120.97243,14.62409],[120.97234,14.62418],[120.97243,14.62418],[120.97243,14.62409]]],[[[120.97633,14.62421],[120.97614,14.62412],[120.97614,14.62421],[120.97633,14.62421]]],[[[120.97252,14.62418],[120.97243,14.62427],[120.97252,14.62427],[120.97252,14.62418]]],[[[120.97261,14.62427],[120.97252,14.62436],[120.97261,14.62436],[120.97261,14.62427]]],[[[120.95554,14.62439],[120.95535,14.6243],[120.95535,14.62439],[120.95554,14.62439]]],[[[120.96324,14.62446],[120.96315,14.62437],[120.96315,14.62446],[120.96324,14.62446]]],[[[120.95461,14.62456],[120.95452,14.62447],[120.95452,14.62456],[120.95461,14.62456]]],[[[120.96314,14.62473],[120.96305,14.62464],[120.96305,14.62473],[120.96314,14.62473]]],[[[120.97317,14.62473],[120.97326,14.62482],[120.97326,14.62473],[120.97317,14.62473]]],[[[120.97335,14.62473],[120.97373,14.62419],[120.97345,14.62419],[120.97335,14.62473]]],[[[120.974,14.625],[120.97391,14.62491],[120.97391,14.625],[120.974,14.625]]],[[[120.97595,14.62484],[120.97623,14.62484],[120.97623,14.62466],[120.97595,14.62484]]],[[[120.97372,14.62509],[120.97363,14.62491],[120.97354,14.62509],[120.97372,14.62509]]],[[[120.95674,14.62522],[120.95664,14.62512],[120.95664,14.62521],[120.95674,14.62522]]],[[[120.95776,14.62531],[120.95766,14.62522],[120.95766,14.62531],[120.95776,14.62531]]],[[[120.95497,14.62529],[120.95506,14.62538],[120.95507,14.62529],[120.95497,14.62529]]],[[[120.95469,14.62547],[120.95479,14.62538],[120.95469,14.62538],[120.95469,14.62547]]],[[[120.95497,14.62547],[120.95488,14.62538],[120.95488,14.62547],[120.95497,14.62547]]],[[[120.95757,14.6254],[120.95766,14.62549],[120.95766,14.6254],[120.95757,14.6254]]],[[[120.95488,14.62556],[120.95479,14.62547],[120.95478,14.62556],[120.95488,14.62556]]],[[[120.95757,14.62558],[120.95748,14.62549],[120.95748,14.62558],[120.95757,14.62558]]],[[[120.9546,14.62565],[120.95451,14.62538],[120.95451,14.62565],[120.9546,14.62565]]],[[[120.9649,14.62565],[120.96499,14.62574],[120.96499,14.62565],[120.9649,14.62565]]],[[[120.97297,14.62581],[120.97279,14.62536],[120.97279,14.62581],[120.97297,14.62581]]],[[[120.9649,14.62583],[120.96481,14.62574],[120.9648,14.62583],[120.9649,14.62583]]],[[[120.97317,14.62482],[120.97243,14.62463],[120.97334,14.6259],[120.97418,14.62582],[120.97344,14.62554],[120.97317,14.62482]]],[[[120.9649,14.6261],[120.9648,14.62601],[120.9648,14.6261],[120.9649,14.6261]]],[[[120.95719,14.62612],[120.9571,14.62603],[120.9571,14.62612],[120.95719,14.62612]]],[[[120.97483,14.62592],[120.97473,14.62619],[120.97482,14.62619],[120.97483,14.62592]]],[[[120.95422,14.62628],[120.95413,14.62619],[120.95413,14.62628],[120.95422,14.62628]]],[[[120.97482,14.62619],[120.97529,14.62628],[120.97548,14.62601],[120.97511,14.62574],[120.97482,14.62619]]],[[[120.97343,14.62636],[120.97334,14.62617],[120.97334,14.62635],[120.97343,14.62636]]],[[[120.97464,14.62637],[120.97427,14.62591],[120.97427,14.62609],[120.97464,14.62637]]],[[[120.97622,14.62629],[120.97575,14.62638],[120.97631,14.62647],[120.97622,14.62629]]],[[[120.95403,14.62655],[120.95394,14.62646],[120.95394,14.62655],[120.95403,14.62655]]],[[[120.97519,14.62655],[120.97529,14.62646],[120.97519,14.62646],[120.97519,14.62655]]],[[[120.97352,14.62663],[120.97343,14.62654],[120.97343,14.62663],[120.97352,14.62663]]],[[[120.97482,14.62655],[120.9751,14.62664],[120.9751,14.62655],[120.97482,14.62655]]],[[[120.96619,14.62665],[120.9661,14.62656],[120.9661,14.62665],[120.96619,14.62665]]],[[[120.9738,14.62672],[120.97463,14.62673],[120.97473,14.62646],[120.97362,14.62609],[120.9738,14.62672]]],[[[120.97482,14.62673],[120.97473,14.62664],[120.97473,14.62673],[120.97482,14.62673]]],[[[120.97519,14.62664],[120.9751,14.62682],[120.97519,14.62682],[120.97519,14.62664]]],[[[120.97538,14.62655],[120.97528,14.62682],[120.97538,14.62682],[120.97538,14.62655]]],[[[120.95654,14.62684],[120.95644,14.62675],[120.95644,14.62684],[120.95654,14.62684]]],[[[120.97333,14.62681],[120.97287,14.62671],[120.97287,14.62689],[120.97296,14.6268],[120.97333,14.62681]]],[[[120.9738,14.6269],[120.97389,14.62681],[120.9738,14.62681],[120.9738,14.6269]]],[[[120.97751,14.62693],[120.97742,14.62675],[120.97742,14.62693],[120.97751,14.62693]]],[[[120.975,14.627],[120.97491,14.62691],[120.97491,14.627],[120.975,14.627]]],[[[120.97565,14.62692],[120.97556,14.62701],[120.97565,14.62701],[120.97565,14.62692]]],[[[120.95644,14.62702],[120.95635,14.62693],[120.95635,14.62702],[120.95644,14.62702]]],[[[120.97537,14.6271],[120.97538,14.62682],[120.97528,14.62709],[120.97537,14.6271]]],[[[120.97584,14.6271],[120.97593,14.62701],[120.97584,14.62701],[120.97584,14.6271]]],[[[120.97398,14.62717],[120.9737,14.62708],[120.97361,14.62681],[120.97333,14.62681],[120.97361,14.62717],[120.97398,14.62717]]],[[[120.97602,14.6271],[120.97593,14.62719],[120.97602,14.62719],[120.97602,14.6271]]],[[[120.97732,14.6272],[120.97714,14.62711],[120.97714,14.6272],[120.97732,14.6272]]],[[[120.97324,14.62726],[120.97315,14.62717],[120.97314,14.62726],[120.97324,14.62726]]],[[[120.95635,14.62729],[120.95625,14.6272],[120.95625,14.62729],[120.95635,14.62729]]],[[[120.96303,14.62735],[120.96294,14.62726],[120.96293,14.62735],[120.96303,14.62735]]],[[[120.97314,14.62744],[120.97305,14.62735],[120.97305,14.62744],[120.97314,14.62744]]],[[[120.97222,14.62707],[120.97287,14.62716],[120.97287,14.62698],[120.97222,14.62707]]],[[[120.97546,14.62746],[120.97537,14.62755],[120.97546,14.62755],[120.97546,14.62746]]],[[[120.97602,14.62755],[120.97621,14.62737],[120.97602,14.62737],[120.97602,14.62755]]],[[[120.95616,14.62738],[120.95625,14.62756],[120.95625,14.62738],[120.95616,14.62738]]],[[[120.95616,14.62765],[120.95607,14.62756],[120.95606,14.62765],[120.95616,14.62765]]],[[[120.97407,14.62772],[120.97388,14.62753],[120.97379,14.62771],[120.97407,14.62772]]],[[[120.95606,14.62774],[120.95588,14.62765],[120.95588,14.62774],[120.95606,14.62774]]],[[[120.96005,14.62777],[120.95987,14.62768],[120.95987,14.62777],[120.96005,14.62777]]],[[[120.97286,14.6278],[120.97268,14.6277],[120.97268,14.62779],[120.97286,14.6278]]],[[[120.97574,14.62782],[120.97565,14.62773],[120.97564,14.62782],[120.97574,14.62782]]],[[[120.97537,14.62746],[120.97445,14.627],[120.97472,14.62745],[120.97416,14.62772],[120.9749,14.6279],[120.97491,14.62745],[120.97537,14.62746]]],[[[120.97267,14.62798],[120.97258,14.62788],[120.97258,14.62797],[120.97267,14.62798]]],[[[120.95977,14.62804],[120.95968,14.62795],[120.95968,14.62804],[120.95977,14.62804]]],[[[120.96005,14.62805],[120.95996,14.62786],[120.95996,14.62804],[120.96005,14.62805]]],[[[120.97629,14.62801],[120.97583,14.62809],[120.97629,14.6281],[120.97629,14.62801]]],[[[120.9762,14.62755],[120.97657,14.6281],[120.97704,14.62792],[120.97677,14.62675],[120.97631,14.62665],[120.97685,14.62765],[120.9762,14.62755]]],[[[120.97648,14.62828],[120.97629,14.62819],[120.97629,14.62828],[120.97648,14.62828]]],[[[120.95958,14.62904],[120.95949,14.62894],[120.95949,14.62903],[120.95958,14.62904]]],[[[120.97331,14.62961],[120.97322,14.62952],[120.97322,14.62961],[120.97331,14.62961]]],[[[120.96078,14.62968],[120.96069,14.62959],[120.96069,14.62968],[120.96078,14.62968]]],[[[120.95855,14.62993],[120.95846,14.62984],[120.95846,14.62993],[120.95855,14.62993]]],[[[120.97182,14.62996],[120.97164,14.62986],[120.97163,14.62995],[120.97182,14.62996]]],[[[120.96152,14.63005],[120.96133,14.62995],[120.96133,14.63004],[120.96152,14.63005]]],[[[120.97117,14.63013],[120.97126,14.63022],[120.97126,14.63013],[120.97117,14.63013]]],[[[120.97117,14.63031],[120.97108,14.63022],[120.97107,14.63031],[120.97117,14.63031]]],[[[120.97098,14.63058],[120.97089,14.63049],[120.97089,14.63058],[120.97098,14.63058]]],[[[120.94434,14.63071],[120.94425,14.63062],[120.94425,14.63071],[120.94434,14.63071]]],[[[120.96337,14.6307],[120.96327,14.63078],[120.96337,14.63079],[120.96337,14.6307]]],[[[120.94629,14.63082],[120.9462,14.63073],[120.9462,14.63082],[120.94629,14.63082]]],[[[120.95873,14.63084],[120.95863,14.63074],[120.95863,14.63083],[120.95873,14.63084]]],[[[120.94638,14.63109],[120.94629,14.63091],[120.94629,14.63109],[120.94638,14.63109]]],[[[120.96327,14.63078],[120.96254,14.62951],[120.96152,14.62987],[120.96263,14.63006],[120.96262,14.63123],[120.96272,14.63078],[120.96327,14.63078]]],[[[120.96254,14.62969],[120.96226,14.62978],[120.96226,14.62969],[120.96254,14.62969]]],[[[120.94387,14.63134],[120.94378,14.63125],[120.94378,14.63134],[120.94387,14.63134]]],[[[120.96262,14.6315],[120.96253,14.63132],[120.96253,14.6315],[120.96262,14.6315]]],[[[120.96252,14.63186],[120.96243,14.63177],[120.96243,14.63186],[120.96252,14.63186]]],[[[120.95834,14.63237],[120.95825,14.63228],[120.95825,14.63237],[120.95834,14.63237]]],[[[120.97328,14.63286],[120.97319,14.63277],[120.97319,14.63286],[120.97328,14.63286]]],[[[120.97309,14.63313],[120.97318,14.63304],[120.97309,14.63304],[120.97309,14.63313]]],[[[120.97383,14.63305],[120.97393,14.63314],[120.97393,14.63305],[120.97383,14.63305]]],[[[120.97244,14.63321],[120.97235,14.63312],[120.97235,14.63321],[120.97244,14.63321]]],[[[120.97346,14.63286],[120.97337,14.63322],[120.97346,14.63313],[120.97346,14.63286]]],[[[120.97383,14.63323],[120.97374,14.63314],[120.97374,14.63323],[120.97383,14.63323]]],[[[120.97207,14.6333],[120.97198,14.63321],[120.97198,14.6333],[120.97207,14.6333]]],[[[120.95759,14.63336],[120.95759,14.6329],[120.95741,14.6329],[120.95722,14.63326],[120.95759,14.63336]]],[[[120.9716,14.63339],[120.97151,14.6333],[120.97151,14.63339],[120.9716,14.63339]]],[[[120.973,14.6334],[120.9729,14.63331],[120.9729,14.6334],[120.973,14.6334]]],[[[120.9717,14.63339],[120.97179,14.63348],[120.97179,14.63339],[120.9717,14.63339]]],[[[120.95109,14.63339],[120.95128,14.63348],[120.95128,14.6333],[120.95109,14.63339]]],[[[120.97346,14.63349],[120.97337,14.63331],[120.97337,14.63349],[120.97346,14.63349]]],[[[120.95777,14.63336],[120.95759,14.63345],[120.95777,14.63354],[120.95777,14.63336]]],[[[120.97132,14.63357],[120.97123,14.63347],[120.97123,14.63357],[120.97132,14.63357]]],[[[120.97169,14.63357],[120.9716,14.63348],[120.9716,14.63357],[120.97169,14.63357]]],[[[120.95787,14.63354],[120.95777,14.63357],[120.95787,14.63361],[120.95787,14.63354]]],[[[120.97067,14.63365],[120.97058,14.63356],[120.97058,14.63365],[120.97067,14.63365]]],[[[120.97355,14.63368],[120.97346,14.63358],[120.97346,14.63368],[120.97355,14.63368]]],[[[120.97095,14.63374],[120.97077,14.63365],[120.97076,14.63374],[120.97095,14.63374]]],[[[120.97132,14.63366],[120.97141,14.63375],[120.97141,14.63366],[120.97132,14.63366]]],[[[120.95109,14.63375],[120.95091,14.63348],[120.951,14.63375],[120.95109,14.63375]]],[[[120.97132,14.63384],[120.97123,14.63375],[120.97123,14.63384],[120.97132,14.63384]]],[[[120.94162,14.63385],[120.94158,14.63376],[120.94154,14.63385],[120.94162,14.63385]]],[[[120.97373,14.63386],[120.97364,14.63377],[120.97364,14.63386],[120.97373,14.63386]]],[[[120.95248,14.63394],[120.95229,14.63385],[120.95229,14.63394],[120.95248,14.63394]]],[[[120.97104,14.63393],[120.97113,14.63402],[120.97113,14.63393],[120.97104,14.63393]]],[[[120.95136,14.63411],[120.95127,14.63402],[120.95127,14.63411],[120.95136,14.63411]]],[[[120.95266,14.63413],[120.95257,14.63394],[120.95164,14.63412],[120.95266,14.63413]]],[[[120.95294,14.63404],[120.95285,14.63413],[120.95294,14.63413],[120.95294,14.63404]]],[[[120.95897,14.63418],[120.95888,14.63409],[120.95888,14.63418],[120.95897,14.63418]]],[[[120.96213,14.63421],[120.96204,14.63412],[120.96204,14.63421],[120.96213,14.63421]]],[[[120.95313,14.63413],[120.95294,14.63422],[120.95313,14.63422],[120.95313,14.63413]]],[[[120.97457,14.63423],[120.97447,14.63405],[120.97447,14.63423],[120.97457,14.63423]]],[[[120.95786,14.63426],[120.95777,14.63417],[120.95777,14.63426],[120.95786,14.63426]]],[[[120.97382,14.6344],[120.97373,14.63431],[120.97373,14.6344],[120.97382,14.6344]]],[[[120.97141,14.63411],[120.97076,14.63428],[120.97113,14.63447],[120.97141,14.63411]]],[[[120.97057,14.63455],[120.97048,14.63446],[120.97048,14.63455],[120.97057,14.63455]]],[[[120.96936,14.63454],[120.96909,14.63463],[120.96936,14.63463],[120.96936,14.63454]]],[[[120.97122,14.63465],[120.97113,14.63456],[120.97103,14.63465],[120.97122,14.63465]]],[[[120.97196,14.63448],[120.97178,14.63456],[120.97196,14.63466],[120.97196,14.63448]]],[[[120.95711,14.63471],[120.95702,14.63462],[120.95702,14.63471],[120.95711,14.63471]]],[[[120.95841,14.63472],[120.95832,14.63454],[120.95832,14.63472],[120.95841,14.63472]]],[[[120.95869,14.63472],[120.9586,14.63463],[120.9586,14.63472],[120.95869,14.63472]]],[[[120.97159,14.63474],[120.9715,14.63465],[120.9715,14.63474],[120.97159,14.63474]]],[[[120.9741,14.63477],[120.974,14.63467],[120.974,14.63476],[120.9741,14.63477]]],[[[120.95683,14.6347],[120.95671,14.63475],[120.95683,14.63486],[120.95683,14.6347]]],[[[120.9663,14.63488],[120.96611,14.63479],[120.96611,14.63488],[120.9663,14.63488]]],[[[120.96138,14.63493],[120.96129,14.63483],[120.96129,14.63492],[120.96138,14.63493]]],[[[120.97391,14.63485],[120.974,14.63494],[120.974,14.63485],[120.97391,14.63485]]],[[[120.97428,14.63495],[120.97447,14.63477],[120.97419,14.63477],[120.97428,14.63495]]],[[[120.97391,14.63503],[120.97372,14.63485],[120.97372,14.63503],[120.97391,14.63503]]],[[[120.9572,14.63507],[120.95711,14.6348],[120.95702,14.63507],[120.9572,14.63507]]],[[[120.97066,14.63501],[120.97112,14.63501],[120.97113,14.63483],[120.97066,14.63501]]],[[[120.95748,14.63516],[120.95739,14.63507],[120.9572,14.63516],[120.95748,14.63516]]],[[[120.9675,14.63498],[120.9676,14.63525],[120.9676,14.63498],[120.9675,14.63498]]],[[[120.97567,14.63523],[120.97641,14.63524],[120.97641,14.63506],[120.97567,14.63523]]],[[[120.9675,14.63534],[120.96741,14.63525],[120.96741,14.63534],[120.9675,14.63534]]],[[[120.95785,14.63526],[120.95748,14.63534],[120.95785,14.63535],[120.95785,14.63526]]],[[[120.97288,14.63539],[120.97279,14.6353],[120.97279,14.63539],[120.97288,14.63539]]],[[[120.96657,14.63524],[120.96639,14.63533],[120.96657,14.63542],[120.96657,14.63524]]],[[[120.96713,14.63552],[120.96722,14.63543],[120.96713,14.63543],[120.96713,14.63552]]],[[[120.96769,14.63534],[120.96787,14.63543],[120.96787,14.63534],[120.96769,14.63534]]],[[[120.96091,14.63555],[120.96082,14.63546],[120.96082,14.63555],[120.96091,14.63555]]],[[[120.96119,14.63547],[120.96128,14.63556],[120.96128,14.63547],[120.96119,14.63547]]],[[[120.96731,14.63552],[120.96722,14.63561],[120.96731,14.63561],[120.96731,14.63552]]],[[[120.9688,14.63562],[120.96871,14.63553],[120.96871,14.63562],[120.9688,14.63562]]],[[[120.96119,14.63565],[120.961,14.63555],[120.961,14.63564],[120.96119,14.63565]]],[[[120.96889,14.6358],[120.9688,14.63571],[120.9688,14.6358],[120.96889,14.6358]]],[[[120.96202,14.63583],[120.96193,14.63574],[120.96193,14.63583],[120.96202,14.63583]]],[[[120.96777,14.63588],[120.96768,14.6357],[120.96759,14.63588],[120.96777,14.63588]]],[[[120.96165,14.63601],[120.96156,14.63592],[120.96156,14.63601],[120.96165,14.63601]]],[[[120.97288,14.63602],[120.9726,14.63611],[120.97288,14.63611],[120.97288,14.63602]]],[[[120.96146,14.63619],[120.96155,14.6361],[120.96146,14.6361],[120.96146,14.63619]]],[[[120.95877,14.63626],[120.95868,14.63617],[120.95868,14.63626],[120.95877,14.63626]]],[[[120.96165,14.63619],[120.96155,14.63628],[120.96165,14.63628],[120.96165,14.63619]]],[[[120.96898,14.63635],[120.96889,14.63617],[120.96888,14.63635],[120.96898,14.63635]]],[[[120.9726,14.63638],[120.9725,14.63629],[120.9725,14.63638],[120.9726,14.63638]]],[[[120.95858,14.63644],[120.95868,14.63635],[120.95858,14.63635],[120.95858,14.63644]]],[[[120.97269,14.63647],[120.97278,14.63638],[120.97269,14.63638],[120.97269,14.63647]]],[[[120.96786,14.63652],[120.96777,14.63625],[120.96768,14.63652],[120.96786,14.63652]]],[[[120.95905,14.63635],[120.95886,14.63662],[120.95914,14.63662],[120.95905,14.63635]]],[[[120.96081,14.63655],[120.96099,14.63664],[120.96099,14.63655],[120.96081,14.63655]]],[[[120.96109,14.63664],[120.96099,14.63673],[120.96108,14.63673],[120.96109,14.63664]]],[[[120.97269,14.63674],[120.97259,14.63665],[120.97259,14.63674],[120.97269,14.63674]]],[[[120.96099,14.63682],[120.96071,14.63664],[120.96071,14.63682],[120.96099,14.63682]]],[[[120.97306,14.63647],[120.97269,14.63665],[120.97306,14.63683],[120.97306,14.63647]]],[[[120.95932,14.6368],[120.95951,14.6369],[120.95951,14.63681],[120.95932,14.6368]]],[[[120.9596,14.6369],[120.9595,14.63699],[120.9596,14.63699],[120.9596,14.6369]]],[[[120.97305,14.63702],[120.97296,14.63692],[120.97296,14.63701],[120.97305,14.63702]]],[[[120.96916,14.63707],[120.96906,14.63698],[120.96906,14.63707],[120.96916,14.63707]]],[[[120.95932,14.63708],[120.95923,14.63689],[120.95923,14.63707],[120.95932,14.63708]]],[[[120.97268,14.63701],[120.97278,14.6371],[120.97278,14.63701],[120.97268,14.63701]]],[[[120.9596,14.63708],[120.95932,14.63717],[120.9596,14.63717],[120.9596,14.63708]]],[[[120.97445,14.63721],[120.97435,14.63712],[120.97435,14.63721],[120.97445,14.63721]]],[[[120.97417,14.6373],[120.97389,14.63738],[120.97417,14.63739],[120.97417,14.6373]]],[[[120.95755,14.63742],[120.95746,14.63733],[120.95746,14.63742],[120.95755,14.63742]]],[[[120.97166,14.63745],[120.97157,14.63736],[120.97157,14.63745],[120.97166,14.63745]]],[[[120.97268,14.63746],[120.9724,14.6371],[120.97231,14.63674],[120.97222,14.63728],[120.97268,14.63746]]],[[[120.96924,14.63752],[120.96915,14.63743],[120.96915,14.63752],[120.96924,14.63752]]],[[[120.97184,14.63755],[120.97203,14.63728],[120.97175,14.63727],[120.97184,14.63755]]],[[[120.95764,14.6376],[120.95746,14.63751],[120.95746,14.6376],[120.95764,14.6376]]],[[[120.97231,14.63764],[120.97221,14.63755],[120.97221,14.63764],[120.97231,14.63764]]],[[[120.97305,14.63729],[120.97268,14.63755],[120.97268,14.63764],[120.97314,14.63774],[120.97305,14.63729]]],[[[120.96943,14.6378],[120.96934,14.63771],[120.96934,14.6378],[120.96943,14.6378]]],[[[120.97073,14.63781],[120.97091,14.6379],[120.97091,14.63772],[120.97073,14.63781]]],[[[120.97156,14.63791],[120.97119,14.63754],[120.9711,14.63781],[120.97156,14.63791]]],[[[120.97073,14.63799],[120.97063,14.6379],[120.97063,14.63799],[120.97073,14.63799]]],[[[120.97063,14.63817],[120.97045,14.63808],[120.97045,14.63817],[120.97063,14.63817]]],[[[120.97119,14.63817],[120.971,14.63808],[120.971,14.63817],[120.97119,14.63817]]],[[[120.96952,14.63816],[120.97026,14.63798],[120.96943,14.63789],[120.96952,14.63816]]],[[[120.96116,14.63836],[120.96098,14.63817],[120.96098,14.63836],[120.96116,14.63836]]],[[[120.97323,14.63819],[120.9736,14.63828],[120.9736,14.63819],[120.97323,14.63819]]],[[[120.97304,14.63864],[120.97295,14.63846],[120.97295,14.63864],[120.97304,14.63864]]],[[[120.96951,14.63879],[120.96933,14.6387],[120.96933,14.63879],[120.96951,14.63879]]],[[[120.96617,14.63885],[120.96608,14.63876],[120.96608,14.63885],[120.96617,14.63885]]],[[[120.9735,14.63892],[120.97341,14.63883],[120.97341,14.63892],[120.9735,14.63892]]],[[[120.96682,14.63895],[120.96673,14.63886],[120.96673,14.63895],[120.96682,14.63895]]],[[[120.97053,14.63898],[120.97044,14.63889],[120.97044,14.63898],[120.97053,14.63898]]],[[[120.97303,14.63918],[120.97294,14.63909],[120.97294,14.63918],[120.97303,14.63918]]],[[[120.96774,14.63932],[120.96756,14.63923],[120.96756,14.63932],[120.96774,14.63932]]],[[[120.96774,14.63914],[120.96793,14.63932],[120.96802,14.63914],[120.96774,14.63914]]],[[[120.97322,14.63937],[120.97313,14.63927],[120.97313,14.63937],[120.97322,14.63937]]],[[[120.96746,14.63941],[120.96737,14.63932],[120.96737,14.63941],[120.96746,14.63941]]],[[[120.96802,14.63941],[120.96811,14.6395],[120.96811,14.63941],[120.96802,14.63941]]],[[[120.97266,14.63954],[120.97275,14.63945],[120.97266,14.63945],[120.97266,14.63954]]],[[[120.96802,14.63959],[120.96783,14.6395],[120.96783,14.63959],[120.96802,14.63959]]],[[[120.96821,14.6395],[120.96811,14.63959],[120.9682,14.63959],[120.96821,14.6395]]],[[[120.9709,14.63962],[120.9708,14.63953],[120.9708,14.63962],[120.9709,14.63962]]],[[[120.96783,14.63968],[120.96774,14.63959],[120.96774,14.63968],[120.96783,14.63968]]],[[[120.96811,14.63968],[120.96802,14.63959],[120.96802,14.63968],[120.96811,14.63968]]],[[[120.96941,14.6396],[120.9696,14.6397],[120.9696,14.63961],[120.96941,14.6396]]],[[[120.97285,14.63954],[120.97275,14.63972],[120.97284,14.63972],[120.97285,14.63954]]],[[[120.97331,14.63964],[120.97359,14.63973],[120.97359,14.63955],[120.97331,14.63964]]],[[[120.96941,14.63978],[120.96922,14.63969],[120.96922,14.63978],[120.96941,14.63978]]],[[[120.96969,14.6397],[120.9696,14.63979],[120.96969,14.63979],[120.96969,14.6397]]],[[[120.97331,14.63982],[120.97322,14.63973],[120.97321,14.63982],[120.97331,14.63982]]],[[[120.96774,14.63986],[120.96783,14.63977],[120.96774,14.63977],[120.96774,14.63986]]],[[[120.96922,14.63987],[120.96913,14.63978],[120.96913,14.63987],[120.96922,14.63987]]],[[[120.95929,14.63988],[120.95911,14.63978],[120.95911,14.63988],[120.95929,14.63988]]],[[[120.97377,14.63991],[120.97368,14.63982],[120.97368,14.63991],[120.97377,14.63991]]],[[[120.96625,14.63994],[120.96663,14.63967],[120.96727,14.63995],[120.96755,14.63977],[120.96681,14.6394],[120.96607,14.63957],[120.96625,14.63994]]],[[[120.96792,14.63986],[120.96783,14.63995],[120.96792,14.63995],[120.96792,14.63986]]],[[[120.96941,14.63987],[120.96922,14.63996],[120.96941,14.63997],[120.96941,14.63987]]],[[[120.96625,14.64003],[120.96616,14.63994],[120.96616,14.64003],[120.96625,14.64003]]],[[[120.96755,14.63995],[120.96746,14.64004],[120.96755,14.64004],[120.96755,14.63995]]],[[[120.96978,14.64006],[120.96969,14.63997],[120.9695,14.64006],[120.96978,14.64006]]],[[[120.97154,14.64007],[120.97145,14.63998],[120.97145,14.64007],[120.97154,14.64007]]],[[[120.97219,14.64008],[120.9721,14.6399],[120.97191,14.64008],[120.97219,14.64008]]],[[[120.96616,14.64012],[120.96607,14.64003],[120.96607,14.64012],[120.96616,14.64012]]],[[[120.95743,14.64013],[120.95753,14.63995],[120.95744,14.63995],[120.95743,14.64013]]],[[[120.96597,14.64021],[120.96588,14.64012],[120.96588,14.64021],[120.96597,14.64021]]],[[[120.9578,14.64013],[120.95753,14.64022],[120.9578,14.64023],[120.9578,14.64013]]],[[[120.96569,14.64029],[120.96551,14.6402],[120.96551,14.64029],[120.96569,14.64029]]],[[[120.972,14.64044],[120.97191,14.64035],[120.97191,14.64044],[120.972,14.64044]]],[[[120.97228,14.64044],[120.97247,14.64035],[120.97228,14.64035],[120.97228,14.64044]]],[[[120.97256,14.64035],[120.97265,14.64045],[120.97265,14.64036],[120.97256,14.64035]]],[[[120.96569,14.64048],[120.9656,14.64038],[120.9656,14.64047],[120.96569,14.64048]]],[[[120.9707,14.64052],[120.97071,14.64016],[120.97052,14.64052],[120.9707,14.64052]]],[[[120.97107,14.64052],[120.97098,14.64043],[120.97098,14.64052],[120.97107,14.64052]]],[[[120.97256,14.64054],[120.97247,14.64044],[120.97247,14.64053],[120.97256,14.64054]]],[[[120.96207,14.64062],[120.96198,14.64053],[120.96198,14.64062],[120.96207,14.64062]]],[[[120.97246,14.64062],[120.97228,14.64053],[120.97228,14.64062],[120.97246,14.64062]]],[[[120.97274,14.64063],[120.97265,14.64054],[120.97265,14.64063],[120.97274,14.64063]]],[[[120.97015,14.64051],[120.96977,14.64069],[120.97014,14.64069],[120.97015,14.64051]]],[[[120.97265,14.64081],[120.97256,14.64072],[120.97256,14.64081],[120.97265,14.64081]]],[[[120.9655,14.64093],[120.96541,14.64083],[120.96541,14.64092],[120.9655,14.64093]]],[[[120.96569,14.64093],[120.96559,14.64084],[120.96559,14.64093],[120.96569,14.64093]]],[[[120.9719,14.64098],[120.97181,14.64089],[120.97181,14.64098],[120.9719,14.64098]]],[[[120.96838,14.64104],[120.96847,14.64113],[120.96847,14.64104],[120.96838,14.64104]]],[[[120.96838,14.64122],[120.96819,14.64104],[120.96819,14.64122],[120.96838,14.64122]]],[[[120.96373,14.64136],[120.96364,14.64127],[120.96364,14.64136],[120.96373,14.64136]]],[[[120.9693,14.64141],[120.96912,14.64132],[120.96912,14.64141],[120.9693,14.64141]]],[[[120.96893,14.6415],[120.96884,14.64123],[120.96874,14.64141],[120.96893,14.6415]]],[[[120.96949,14.64159],[120.96939,14.64141],[120.96939,14.64159],[120.96949,14.64159]]],[[[120.95928,14.64159],[120.95918,14.6415],[120.95918,14.64159],[120.95928,14.64159]]],[[[120.96327,14.64163],[120.96336,14.64154],[120.96327,14.64154],[120.96327,14.64163]]],[[[120.959,14.64168],[120.95909,14.6415],[120.959,14.6415],[120.959,14.64168]]],[[[120.96355,14.64163],[120.96336,14.64172],[120.96354,14.64172],[120.96355,14.64163]]],[[[120.96735,14.64166],[120.96744,14.64176],[120.96744,14.64167],[120.96735,14.64166]]],[[[120.95937,14.64168],[120.95909,14.64177],[120.95937,14.64178],[120.95937,14.64168]]],[[[120.96605,14.64174],[120.96624,14.64184],[120.96624,14.64174],[120.96605,14.64174]]],[[[120.96735,14.64185],[120.96726,14.64175],[120.96726,14.64184],[120.96735,14.64185]]],[[[120.96633,14.64184],[120.96623,14.64193],[120.96633,14.64193],[120.96633,14.64184]]],[[[120.96642,14.64193],[120.96633,14.64202],[120.96642,14.64202],[120.96642,14.64193]]],[[[120.95881,14.64204],[120.95872,14.64195],[120.95872,14.64204],[120.95881,14.64204]]],[[[120.97152,14.64206],[120.97162,14.64197],[120.97152,14.64197],[120.97152,14.64206]]],[[[120.97171,14.64206],[120.97162,14.64215],[120.97171,14.64215],[120.97171,14.64206]]],[[[120.96605,14.64183],[120.9654,14.64138],[120.96522,14.64146],[120.9654,14.64219],[120.96605,14.64183]]],[[[120.9666,14.64202],[120.96651,14.64229],[120.9666,14.64229],[120.9666,14.64202]]],[[[120.96726,14.64184],[120.96707,14.64211],[120.9666,14.64238],[120.96716,14.6423],[120.96726,14.64184]]],[[[120.95992,14.6425],[120.96001,14.64259],[120.96001,14.6425],[120.95992,14.6425]]],[[[120.95992,14.64268],[120.95982,14.64259],[120.95982,14.64268],[120.95992,14.64268]]],[[[120.9718,14.6427],[120.97161,14.64261],[120.97161,14.6427],[120.9718,14.6427]]],[[[120.96456,14.64272],[120.96474,14.64264],[120.96456,14.64263],[120.96456,14.64272]]],[[[120.97152,14.64279],[120.97142,14.64269],[120.97142,14.64278],[120.97152,14.64279]]],[[[120.96483,14.64273],[120.96474,14.64282],[120.96483,14.64282],[120.96483,14.64273]]],[[[120.97189,14.64288],[120.9718,14.64279],[120.97179,14.64288],[120.97189,14.64288]]],[[[120.96493,14.64282],[120.96483,14.64291],[120.96493,14.64291],[120.96493,14.64282]]],[[[120.96056,14.64296],[120.96047,14.64287],[120.96047,14.64296],[120.96056,14.64296]]],[[[120.97152,14.64297],[120.97133,14.64287],[120.97133,14.64296],[120.97152,14.64297]]],[[[120.97328,14.64298],[120.97319,14.64289],[120.97319,14.64298],[120.97328,14.64298]]],[[[120.97263,14.64307],[120.97244,14.64297],[120.97244,14.64306],[120.97263,14.64307]]],[[[120.96474,14.64309],[120.96465,14.643],[120.96465,14.64309],[120.96474,14.64309]]],[[[120.96492,14.64309],[120.96483,14.643],[120.96483,14.64309],[120.96492,14.64309]]],[[[120.96455,14.64318],[120.96446,14.64308],[120.96446,14.64318],[120.96455,14.64318]]],[[[120.9717,14.64324],[120.97151,14.64315],[120.97151,14.64324],[120.9717,14.64324]]],[[[120.96492,14.64327],[120.96446,14.64336],[120.96492,14.64336],[120.96492,14.64327]]],[[[120.96928,14.64367],[120.96919,14.64358],[120.96919,14.64367],[120.96928,14.64367]]],[[[120.97058,14.64359],[120.97067,14.64368],[120.97067,14.64359],[120.97058,14.64359]]],[[[120.97114,14.64369],[120.97123,14.64351],[120.97114,14.6435],[120.97114,14.64369]]],[[[120.97058,14.64377],[120.97049,14.64368],[120.97049,14.64377],[120.97058,14.64377]]],[[[120.97132,14.64369],[120.97123,14.64378],[120.97132,14.64378],[120.97132,14.64369]]],[[[120.96501,14.64381],[120.96483,14.64372],[120.96482,14.64381],[120.96501,14.64381]]],[[[120.96752,14.64383],[120.96742,14.64374],[120.96742,14.64383],[120.96752,14.64383]]],[[[120.97067,14.64377],[120.97058,14.64386],[120.97067,14.64386],[120.97067,14.64377]]],[[[120.97114,14.64387],[120.97104,14.64377],[120.97104,14.64387],[120.97114,14.64387]]],[[[120.9716,14.64387],[120.97151,14.64378],[120.97151,14.64387],[120.9716,14.64387]]],[[[120.97216,14.64388],[120.97225,14.64379],[120.97216,14.64378],[120.97216,14.64388]]],[[[120.96455,14.6439],[120.96445,14.64381],[120.96445,14.6439],[120.96455,14.6439]]],[[[120.96093,14.64396],[120.96102,14.64387],[120.96093,14.64387],[120.96093,14.64396]]],[[[120.97234,14.64388],[120.97225,14.64397],[120.97234,14.64397],[120.97234,14.64388]]],[[[120.96557,14.644],[120.96547,14.64382],[120.96547,14.644],[120.96557,14.644]]],[[[120.96594,14.64391],[120.96733,14.64374],[120.96752,14.64329],[120.96697,14.6432],[120.96752,14.64293],[120.96734,14.64257],[120.96669,14.64274],[120.96696,14.64365],[120.96595,14.64283],[120.96594,14.64391]]],[[[120.96622,14.64328],[120.96613,14.6431],[120.96622,14.6431],[120.96622,14.64328]]],[[[120.96705,14.64401],[120.96696,14.64383],[120.96696,14.64401],[120.96705,14.64401]]],[[[120.96111,14.64396],[120.96102,14.64405],[120.96111,14.64405],[120.96111,14.64396]]],[[[120.96436,14.64408],[120.96445,14.64399],[120.96436,14.64399],[120.96436,14.64408]]],[[[120.9651,14.64408],[120.96492,14.64399],[120.96491,14.64408],[120.9651,14.64408]]],[[[120.96631,14.6441],[120.96622,14.644],[120.96621,14.64409],[120.96631,14.6441]]],[[[120.96696,14.6441],[120.96686,14.64401],[120.96686,14.6441],[120.96696,14.6441]]],[[[120.96129,14.64414],[120.9612,14.64405],[120.9612,14.64414],[120.96129,14.64414]]],[[[120.96454,14.64408],[120.96445,14.64417],[120.96454,14.64417],[120.96454,14.64408]]],[[[120.96482,14.64417],[120.96473,14.64408],[120.96473,14.64417],[120.96482,14.64417]]],[[[120.97039,14.64395],[120.97058,14.64404],[120.97058,14.64395],[120.97039,14.64395]]],[[[120.96148,14.64423],[120.96139,14.64414],[120.96139,14.64423],[120.96148,14.64423]]],[[[120.96167,14.64424],[120.96157,14.64414],[120.96157,14.64423],[120.96167,14.64424]]],[[[120.96538,14.64418],[120.96547,14.64427],[120.96547,14.64418],[120.96538,14.64418]]],[[[120.97234,14.64442],[120.97224,14.64433],[120.97224,14.64442],[120.97234,14.64442]]],[[[120.96621,14.64427],[120.9663,14.64446],[120.96631,14.64428],[120.96621,14.64427]]],[[[120.97048,14.64449],[120.9703,14.6444],[120.97029,14.64449],[120.97048,14.64449]]],[[[120.96621,14.64455],[120.96612,14.64445],[120.96612,14.64455],[120.96621,14.64455]]],[[[120.96937,14.64457],[120.96927,14.64448],[120.96927,14.64457],[120.96937,14.64457]]],[[[120.97002,14.64449],[120.96974,14.64458],[120.97002,14.64458],[120.97002,14.64449]]],[[[120.96194,14.64469],[120.96213,14.6446],[120.96194,14.64451],[120.96194,14.64469]]],[[[120.96547,14.64472],[120.9651,14.64427],[120.965,14.64472],[120.96547,14.64472]]],[[[120.96584,14.64472],[120.96565,14.64463],[120.96565,14.64472],[120.96584,14.64472]]],[[[120.96612,14.64473],[120.96602,14.64454],[120.96602,14.64473],[120.96612,14.64473]]],[[[120.96222,14.64469],[120.96212,14.64478],[120.96222,14.64478],[120.96222,14.64469]]],[[[120.96343,14.64461],[120.96296,14.64452],[120.96296,14.64479],[120.96305,14.64461],[120.96343,14.64461]]],[[[120.965,14.64481],[120.96491,14.64472],[120.96491,14.64481],[120.965,14.64481]]],[[[120.96602,14.64482],[120.96593,14.64472],[120.96593,14.64481],[120.96602,14.64482]]],[[[120.96324,14.64479],[120.96314,14.64488],[120.96324,14.64488],[120.96324,14.64479]]],[[[120.96352,14.64461],[120.96342,14.64488],[120.96352,14.64488],[120.96352,14.64461]]],[[[120.96444,14.64498],[120.96435,14.64489],[120.96435,14.64498],[120.96444,14.64498]]],[[[120.96342,14.64524],[120.96351,14.64534],[120.96351,14.64525],[120.96342,14.64524]]],[[[120.96769,14.64519],[120.9675,14.64528],[120.96769,14.64537],[120.96769,14.64519]]],[[[120.96342,14.64543],[120.96333,14.64533],[120.96332,14.64542],[120.96342,14.64543]]],[[[120.96379,14.64552],[120.96351,14.64543],[120.96351,14.64552],[120.96379,14.64552]]],[[[120.96398,14.64507],[120.96397,14.64552],[120.96425,14.64525],[120.96398,14.64507]]],[[[120.96425,14.64561],[120.96416,14.64552],[120.96416,14.64561],[120.96425,14.64561]]],[[[120.97065,14.64585],[120.97056,14.64576],[120.97056,14.64585],[120.97065,14.64585]]],[[[120.96963,14.64593],[120.96945,14.64584],[120.96945,14.64593],[120.96963,14.64593]]],[[[120.96499,14.64598],[120.96467,14.64566],[120.96439,14.64566],[120.96434,14.64598],[120.96499,14.64598]]],[[[120.9661,14.6459],[120.96638,14.64599],[120.96638,14.6459],[120.9661,14.6459]]],[[[120.9661,14.64599],[120.96499,14.64598],[120.96499,14.64607],[120.96555,14.64617],[120.9661,14.64599]]],[[[120.96638,14.64608],[120.96647,14.64617],[120.96647,14.64608],[120.96638,14.64608]]],[[[120.96787,14.64619],[120.96777,14.6461],[120.96777,14.64619],[120.96787,14.64619]]],[[[120.97046,14.64621],[120.97037,14.64612],[120.97037,14.64621],[120.97046,14.64621]]],[[[120.96657,14.64609],[120.96703,14.646],[120.96657,14.646],[120.96657,14.64609]]],[[[120.96638,14.64635],[120.96629,14.64617],[120.96629,14.64635],[120.96638,14.64635]]],[[[120.96722,14.64627],[120.96703,14.64645],[120.96721,14.64654],[120.96722,14.64627]]],[[[120.96731,14.64654],[120.96721,14.64663],[120.9673,14.64663],[120.96731,14.64654]]],[[[120.96786,14.64664],[120.96777,14.64655],[120.96777,14.64664],[120.96786,14.64664]]],[[[120.96768,14.64664],[120.9673,14.64672],[120.96767,14.64673],[120.96768,14.64664]]],[[[120.97083,14.64685],[120.97074,14.64666],[120.97064,14.64684],[120.97083,14.64685]]],[[[120.96637,14.6469],[120.96628,14.64681],[120.96628,14.6469],[120.96637,14.6469]]],[[[120.96776,14.64727],[120.96758,14.647],[120.96749,14.64718],[120.96776,14.64727]]],[[[120.96832,14.64728],[120.96851,14.6471],[120.96832,14.647],[120.96832,14.64728]]],[[[120.9673,14.64709],[120.96702,14.64708],[120.96637,14.64699],[120.9672,14.64745],[120.9673,14.64709]]],[[[120.9686,14.64755],[120.9685,14.64746],[120.9685,14.64755],[120.9686,14.64755]]],[[[120.96841,14.64773],[120.96832,14.64764],[120.96832,14.64773],[120.96841,14.64773]]],[[[120.96748,14.64754],[120.96785,14.64745],[120.96758,14.64736],[120.96748,14.64754]]],[[[120.95652,14.64889],[120.9568,14.64844],[120.95657,14.6483],[120.95652,14.64889]]],[[[120.96311,14.64895],[120.96357,14.64877],[120.9633,14.64786],[120.96311,14.6484],[120.96265,14.64836],[120.96311,14.64895]]],[[[120.96709,14.64925],[120.967,14.64916],[120.967,14.64925],[120.96709,14.64925]]],[[[120.96904,14.64936],[120.96895,14.64927],[120.96895,14.64936],[120.96904,14.64936]]],[[[120.94881,14.64936],[120.94876,14.64932],[120.94876,14.64936],[120.94881,14.64936]]],[[[120.94881,14.64954],[120.94876,14.64945],[120.94876,14.64954],[120.94881,14.64954]]],[[[120.96709,14.64979],[120.967,14.6497],[120.967,14.64979],[120.96709,14.64979]]],[[[120.9671,14.64871],[120.96747,14.64917],[120.96765,14.6498],[120.96775,14.64908],[120.9671,14.64871]]],[[[120.96765,14.64998],[120.96755,14.64989],[120.96755,14.64998],[120.96765,14.64998]]],[[[120.96709,14.64998],[120.96718,14.65007],[120.96718,14.64998],[120.96709,14.64998]]],[[[120.96709,14.65016],[120.96699,14.65007],[120.96699,14.65016],[120.96709,14.65016]]],[[[120.96746,14.65025],[120.96736,14.65016],[120.96736,14.65025],[120.96746,14.65025]]],[[[120.96662,14.65033],[120.96634,14.65042],[120.96662,14.65042],[120.96662,14.65033]]],[[[120.9668,14.65061],[120.96671,14.65051],[120.96671,14.6506],[120.9668,14.65061]]],[[[120.96699,14.65052],[120.96708,14.65061],[120.96708,14.65052],[120.96699,14.65052]]],[[[120.96634,14.65069],[120.96643,14.6506],[120.96634,14.6506],[120.96634,14.65069]]],[[[120.96699,14.6507],[120.9669,14.65061],[120.9669,14.6507],[120.96699,14.6507]]],[[[120.96718,14.65061],[120.96708,14.6507],[120.96717,14.6507],[120.96718,14.65061]]],[[[120.96671,14.6507],[120.96643,14.65078],[120.96671,14.65079],[120.96671,14.6507]]],[[[120.96708,14.65079],[120.96699,14.6507],[120.96699,14.65079],[120.96708,14.65079]]],[[[120.94791,14.6508],[120.94787,14.65067],[120.94787,14.6508],[120.94791,14.6508]]],[[[120.94805,14.6508],[120.94796,14.65071],[120.94796,14.6508],[120.94805,14.6508]]],[[[120.96764,14.65088],[120.96773,14.65098],[120.96773,14.65088],[120.96764,14.65088]]],[[[120.96764,14.65106],[120.96754,14.65097],[120.96754,14.65106],[120.96764,14.65106]]],[[[120.9681,14.65107],[120.96819,14.65098],[120.9681,14.65098],[120.9681,14.65107]]],[[[120.96717,14.65097],[120.96726,14.65115],[120.96745,14.65097],[120.96717,14.65097]]],[[[120.96828,14.65107],[120.96819,14.65116],[120.96828,14.65116],[120.96828,14.65107]]],[[[120.96708,14.65124],[120.96698,14.65115],[120.96698,14.65124],[120.96708,14.65124]]],[[[120.96791,14.65125],[120.96773,14.65116],[120.96773,14.65125],[120.96791,14.65125]]],[[[120.9681,14.65125],[120.96801,14.65116],[120.968,14.65125],[120.9681,14.65125]]],[[[120.96782,14.65152],[120.96772,14.65143],[120.96772,14.65152],[120.96782,14.65152]]],[[[120.96684,14.65165],[120.96679,14.6516],[120.96679,14.65164],[120.96684,14.65165]]],[[[120.96819,14.6517],[120.96809,14.65161],[120.96809,14.6517],[120.96819,14.6517]]],[[[120.96754,14.65179],[120.96763,14.65188],[120.96763,14.65179],[120.96754,14.65179]]],[[[120.96661,14.65187],[120.96688,14.65196],[120.96689,14.65178],[120.96661,14.65187]]],[[[120.96744,14.65215],[120.96725,14.65206],[120.96725,14.65215],[120.96744,14.65215]]],[[[120.968,14.65197],[120.96837,14.65216],[120.96837,14.65207],[120.968,14.65197]]],[[[120.96568,14.65186],[120.9654,14.65204],[120.96549,14.65222],[120.96605,14.65177],[120.96568,14.65186]]],[[[120.96716,14.65215],[120.9667,14.65223],[120.96716,14.65224],[120.96716,14.65215]]],[[[120.96781,14.65224],[120.96772,14.65215],[120.96772,14.65224],[120.96781,14.65224]]],[[[120.96762,14.65233],[120.96753,14.65224],[120.96753,14.65233],[120.96762,14.65233]]],[[[120.96679,14.6525],[120.96669,14.65241],[120.96669,14.6525],[120.96679,14.6525]]],[[[120.95166,14.65255],[120.95156,14.65246],[120.95156,14.65255],[120.95166,14.65255]]],[[[120.96809,14.65233],[120.96836,14.65243],[120.96837,14.65234],[120.96809,14.65233]]],[[[120.95268,14.65274],[120.95263,14.65265],[120.95263,14.65274],[120.95268,14.65274]]],[[[120.96799,14.65278],[120.96808,14.6527],[120.96799,14.65269],[120.96799,14.65278]]],[[[120.96827,14.65279],[120.96808,14.65288],[120.96827,14.65288],[120.96827,14.65279]]],[[[120.96799,14.65297],[120.9679,14.65287],[120.9679,14.65296],[120.96799,14.65297]]],[[[120.96493,14.65303],[120.96511,14.65258],[120.9654,14.6524],[120.96493,14.65249],[120.96493,14.65303]]],[[[120.9678,14.65305],[120.96771,14.65296],[120.96771,14.65305],[120.9678,14.65305]]],[[[120.96779,14.65459],[120.9677,14.6545],[120.9677,14.65459],[120.96779,14.65459]]],[[[120.95563,14.65439],[120.95544,14.65466],[120.95563,14.65466],[120.95563,14.65439]]],[[[120.9676,14.65468],[120.96751,14.65459],[120.96751,14.65468],[120.9676,14.65468]]],[[[120.96407,14.65564],[120.96397,14.65555],[120.96397,14.65564],[120.96407,14.65564]]],[[[120.96248,14.65662],[120.96239,14.65653],[120.96239,14.65662],[120.96248,14.65662]]],[[[120.96099,14.6567],[120.96095,14.65661],[120.96095,14.6567],[120.96099,14.6567]]],[[[120.96276,14.65662],[120.96313,14.65645],[120.96276,14.65635],[120.96276,14.65662]]],[[[120.96238,14.65707],[120.96229,14.6568],[120.9621,14.65698],[120.96238,14.65707]]],[[[120.96303,14.65744],[120.96294,14.65735],[120.96294,14.65744],[120.96303,14.65744]]],[[[120.96776,14.65766],[120.96767,14.65757],[120.96767,14.65766],[120.96776,14.65766]]],[[[120.96423,14.65799],[120.96414,14.6579],[120.96414,14.65799],[120.96423,14.65799]]],[[[120.96441,14.65818],[120.96432,14.65808],[120.96432,14.65817],[120.96441,14.65818]]],[[[120.96729,14.65874],[120.96719,14.65865],[120.96719,14.65874],[120.96729,14.65874]]],[[[120.96617,14.659],[120.96608,14.65891],[120.96608,14.659],[120.96617,14.659]]],[[[120.96348,14.65907],[120.96289,14.65735],[120.962,14.6577],[120.96209,14.6587],[120.96348,14.65907]]],[[[120.96635,14.65955],[120.96626,14.65946],[120.96626,14.65955],[120.96635,14.65955]]],[[[120.96495,14.66003],[120.96509,14.65981],[120.96505,14.65981],[120.96495,14.66003]]],[[[120.96453,14.66016],[120.96421,14.66025],[120.96453,14.66035],[120.96453,14.66016]]],[[[120.96451,14.66247],[120.96391,14.66233],[120.96382,14.66246],[120.96451,14.66247]]],[[[120.96325,14.66327],[120.9634,14.66273],[120.96368,14.66251],[120.96335,14.66259],[120.96325,14.66327]]],[[[120.96258,14.66602],[120.96337,14.66544],[120.96338,14.66409],[120.96254,14.66543],[120.96258,14.66602]]],[[[120.9623,14.6662],[120.96239,14.66629],[120.96239,14.6662],[120.9623,14.6662]]],[[[120.96267,14.66602],[120.96257,14.66629],[120.96267,14.66629],[120.96267,14.66602]]],[[[120.96257,14.66638],[120.96248,14.66629],[120.96248,14.66638],[120.96257,14.66638]]],[[[120.96229,14.66656],[120.9622,14.66629],[120.9622,14.66656],[120.96229,14.66656]]],[[[120.96229,14.66674],[120.96239,14.66665],[120.96229,14.66665],[120.96229,14.66674]]],[[[120.96257,14.66674],[120.96238,14.66683],[120.96257,14.66683],[120.96257,14.66674]]],[[[120.96238,14.66719],[120.96229,14.6671],[120.96229,14.66719],[120.96238,14.66719]]],[[[120.95222,14.6672],[120.95217,14.6671],[120.95208,14.66724],[120.95222,14.6672]]],[[[120.96219,14.66728],[120.9621,14.66719],[120.9621,14.66728],[120.96219,14.66728]]],[[[120.95254,14.6672],[120.95245,14.66729],[120.95254,14.66729],[120.95254,14.6672]]],[[[120.9621,14.66755],[120.96201,14.66737],[120.96201,14.66755],[120.9621,14.66755]]],[[[120.96098,14.66759],[120.96034,14.66736],[120.96029,14.66758],[120.96098,14.66759]]],[[[120.96182,14.66791],[120.96173,14.66782],[120.96172,14.66791],[120.96182,14.66791]]],[[[120.9621,14.66782],[120.96191,14.66791],[120.96209,14.668],[120.9621,14.66782]]],[[[120.95806,14.6681],[120.95834,14.66797],[120.9581,14.66788],[120.95806,14.6681]]],[[[120.96117,14.66818],[120.96098,14.66809],[120.96098,14.66818],[120.96117,14.66818]]],[[[120.96181,14.66818],[120.96172,14.66809],[120.96172,14.66818],[120.96181,14.66818]]],[[[120.9607,14.66826],[120.96061,14.66817],[120.96061,14.66826],[120.9607,14.66826]]],[[[120.96191,14.66827],[120.96219,14.66819],[120.96191,14.66818],[120.96191,14.66827]]],[[[120.96311,14.66828],[120.96302,14.66819],[120.96302,14.66828],[120.96311,14.66828]]],[[[120.95996,14.66835],[120.95986,14.66826],[120.95986,14.66835],[120.95996,14.66835]]],[[[120.96228,14.66828],[120.96218,14.66837],[120.96228,14.66837],[120.96228,14.66828]]],[[[120.96293,14.66828],[120.96265,14.66837],[120.96293,14.66837],[120.96293,14.66828]]],[[[120.96061,14.66844],[120.96051,14.66835],[120.96051,14.66844],[120.96061,14.66844]]],[[[120.95986,14.66862],[120.95977,14.66853],[120.95977,14.66862],[120.95986,14.66862]]],[[[120.95917,14.66834],[120.9594,14.66852],[120.9594,14.66825],[120.95917,14.66834]]],[[[120.96339,14.66892],[120.96348,14.66901],[120.96348,14.66892],[120.96339,14.66892]]],[[[120.96014,14.66907],[120.96004,14.66898],[120.96004,14.66907],[120.96014,14.66907]]],[[[120.96097,14.66899],[120.96106,14.66908],[120.96106,14.66899],[120.96097,14.66899]]],[[[120.96097,14.66917],[120.96088,14.66908],[120.96088,14.66917],[120.96097,14.66917]]],[[[120.96116,14.66926],[120.96106,14.66917],[120.96097,14.66926],[120.96116,14.66926]]],[[[120.95661,14.66922],[120.95637,14.66931],[120.95661,14.66931],[120.95661,14.66922]]],[[[120.96069,14.66935],[120.96051,14.66926],[120.9605,14.66935],[120.96069,14.66935]]],[[[120.95976,14.66943],[120.95967,14.66934],[120.95967,14.66943],[120.95976,14.66943]]],[[[120.96264,14.66946],[120.96218,14.66927],[120.96217,14.66945],[120.96264,14.66946]]],[[[120.96338,14.66937],[120.96329,14.66901],[120.9632,14.66946],[120.96338,14.66937]]],[[[120.96431,14.66947],[120.96385,14.66919],[120.96366,14.66892],[120.96375,14.66928],[120.96431,14.66947]]],[[[120.95243,14.66964],[120.95276,14.66874],[120.95197,14.66859],[120.95248,14.66914],[120.95192,14.66941],[120.95243,14.66964]]],[[[120.95716,14.66968],[120.95698,14.66941],[120.95688,14.66968],[120.95716,14.66968]]],[[[120.96477,14.66975],[120.96468,14.66965],[120.96468,14.66974],[120.96477,14.66975]]],[[[120.95642,14.66976],[120.95637,14.66967],[120.95637,14.66976],[120.95642,14.66976]]],[[[120.9644,14.66983],[120.96459,14.66956],[120.96431,14.66965],[120.9644,14.66983]]],[[[120.95669,14.66976],[120.95651,14.66976],[120.95669,14.66986],[120.95669,14.66976]]],[[[120.96124,14.6699],[120.96115,14.6698],[120.96115,14.66989],[120.96124,14.6699]]],[[[120.95688,14.66995],[120.95697,14.66986],[120.95688,14.66986],[120.95688,14.66995]]],[[[120.96375,14.67001],[120.96366,14.66992],[120.96365,14.67001],[120.96375,14.67001]]],[[[120.96458,14.66992],[120.96468,14.67002],[120.96468,14.66993],[120.96458,14.66992]]],[[[120.96402,14.6701],[120.96393,14.66992],[120.96384,14.6701],[120.96402,14.6701]]],[[[120.96458,14.67011],[120.96449,14.67001],[120.96449,14.6701],[120.96458,14.67011]]],[[[120.95706,14.66995],[120.95697,14.67013],[120.95706,14.67013],[120.95706,14.66995]]],[[[120.95966,14.67015],[120.95957,14.67006],[120.95957,14.67015],[120.95966,14.67015]]],[[[120.96226,14.67018],[120.96236,14.67],[120.96226,14.66999],[120.96226,14.67018]]],[[[120.96449,14.67019],[120.9644,14.6701],[120.9644,14.67019],[120.96449,14.67019]]],[[[120.96477,14.67011],[120.96458,14.6702],[120.96477,14.6702],[120.96477,14.67011]]],[[[120.95697,14.67022],[120.95688,14.67013],[120.95688,14.67022],[120.95697,14.67022]]],[[[120.95637,14.67026],[120.95669,14.67004],[120.95637,14.66985],[120.95637,14.67026]]],[[[120.96245,14.67018],[120.96235,14.67027],[120.96245,14.67027],[120.96245,14.67018]]],[[[120.96263,14.67027],[120.96254,14.67018],[120.96254,14.67027],[120.96263,14.67027]]],[[[120.95943,14.67029],[120.95915,14.67001],[120.95915,14.67028],[120.95943,14.67029]]],[[[120.96486,14.6702],[120.96477,14.67029],[120.96486,14.67029],[120.96486,14.6702]]],[[[120.95706,14.67022],[120.95697,14.67031],[120.95706,14.67031],[120.95706,14.67022]]],[[[120.96356,14.67037],[120.96374,14.67028],[120.96356,14.67028],[120.96356,14.67037]]],[[[120.96412,14.67037],[120.9643,14.67028],[120.96412,14.67028],[120.96412,14.67037]]],[[[120.96495,14.67029],[120.96486,14.67038],[120.96495,14.67038],[120.96495,14.67029]]],[[[120.95771,14.67041],[120.95762,14.67032],[120.95762,14.67041],[120.95771,14.67041]]],[[[120.96068,14.67043],[120.96077,14.67034],[120.96068,14.67034],[120.96068,14.67043]]],[[[120.96142,14.67044],[120.96133,14.67035],[120.96133,14.67044],[120.96142,14.67044]]],[[[120.96384,14.67037],[120.96374,14.67046],[120.96384,14.67046],[120.96384,14.67037]]],[[[120.96439,14.67037],[120.9643,14.67046],[120.96439,14.67046],[120.96439,14.67037]]],[[[120.96504,14.67038],[120.96495,14.67047],[120.96504,14.67047],[120.96504,14.67038]]],[[[120.95687,14.67049],[120.95678,14.6704],[120.95678,14.67049],[120.95687,14.67049]]],[[[120.95706,14.67049],[120.95697,14.6704],[120.95697,14.67049],[120.95706,14.67049]]],[[[120.96087,14.67043],[120.96077,14.67052],[120.96086,14.67052],[120.96087,14.67043]]],[[[120.96458,14.67056],[120.96449,14.67047],[120.96448,14.67056],[120.96458,14.67056]]],[[[120.96514,14.67047],[120.96504,14.67056],[120.96513,14.67056],[120.96514,14.67047]]],[[[120.95725,14.67049],[120.95743,14.67058],[120.95743,14.67049],[120.95725,14.67049]]],[[[120.95975,14.6706],[120.9597,14.67051],[120.9597,14.6706],[120.95975,14.6706]]],[[[120.96096,14.67071],[120.96068,14.67052],[120.96068,14.6707],[120.96096,14.67071]]],[[[120.9631,14.67018],[120.96292,14.66946],[120.96272,14.67072],[120.96347,14.67037],[120.9631,14.67018]]],[[[120.96355,14.67073],[120.96337,14.67055],[120.96337,14.67073],[120.96355,14.67073]]],[[[120.95724,14.67076],[120.95715,14.67058],[120.95715,14.67076],[120.95724,14.67076]]],[[[120.95803,14.67077],[120.95799,14.67068],[120.95799,14.67077],[120.95803,14.67077]]],[[[120.95993,14.67079],[120.95984,14.67061],[120.95984,14.67079],[120.95993,14.67079]]],[[[120.96272,14.67081],[120.96263,14.67072],[120.96263,14.67081],[120.96272,14.67081]]],[[[120.96532,14.67083],[120.96523,14.67074],[120.96522,14.67083],[120.96532,14.67083]]],[[[120.95715,14.67085],[120.95706,14.67076],[120.95706,14.67085],[120.95715,14.67085]]],[[[120.95808,14.67082],[120.95817,14.67086],[120.95817,14.67082],[120.95808,14.67082]]],[[[120.96216,14.6709],[120.96207,14.67072],[120.96207,14.6709],[120.96216,14.6709]]],[[[120.963,14.6709],[120.96291,14.67072],[120.9629,14.6709],[120.963,14.6709]]],[[[120.96365,14.67073],[120.96383,14.67082],[120.96383,14.67073],[120.96365,14.67073]]],[[[120.95761,14.67095],[120.95771,14.67086],[120.95761,14.67086],[120.95761,14.67095]]],[[[120.96309,14.67091],[120.963,14.67099],[120.96309,14.671],[120.96309,14.67091]]],[[[120.96402,14.671],[120.96411,14.67073],[120.96402,14.67073],[120.96402,14.671]]],[[[120.96513,14.67083],[120.96476,14.67074],[120.96494,14.67101],[120.96513,14.67083]]],[[[120.95705,14.67103],[120.95696,14.67085],[120.95696,14.67103],[120.95705,14.67103]]],[[[120.95724,14.67085],[120.95743,14.67095],[120.95743,14.67086],[120.95724,14.67085]]],[[[120.9578,14.67095],[120.9577,14.67104],[120.9578,14.67104],[120.9578,14.67095]]],[[[120.95808,14.67104],[120.95798,14.67086],[120.95798,14.67104],[120.95808,14.67104]]],[[[120.96522,14.67101],[120.96532,14.67111],[120.96532,14.67102],[120.96522,14.67101]]],[[[120.95947,14.67114],[120.9597,14.67083],[120.95942,14.67087],[120.95947,14.67114]]],[[[120.96262,14.67108],[120.96272,14.67117],[120.96272,14.67108],[120.96262,14.67108]]],[[[120.96262,14.67126],[120.96253,14.67117],[120.96253,14.67126],[120.96262,14.67126]]],[[[120.96457,14.67119],[120.96401,14.67127],[120.96457,14.67128],[120.96457,14.67119]]],[[[120.96522,14.67129],[120.96504,14.67101],[120.96504,14.67119],[120.96522,14.67129]]],[[[120.95798,14.67131],[120.9578,14.67104],[120.95789,14.67131],[120.95798,14.67131]]],[[[120.96197,14.67135],[120.96188,14.67126],[120.96188,14.67135],[120.96197,14.67135]]],[[[120.96281,14.67126],[120.96262,14.67135],[120.96281,14.67135],[120.96281,14.67126]]],[[[120.9629,14.67127],[120.96299,14.67136],[120.96299,14.67127],[120.9629,14.67127]]],[[[120.96466,14.67128],[120.96457,14.67137],[120.96466,14.67137],[120.96466,14.67128]]],[[[120.96206,14.67144],[120.96216,14.67135],[120.96206,14.67135],[120.96206,14.67144]]],[[[120.9629,14.67145],[120.96281,14.67135],[120.96281,14.67144],[120.9629,14.67145]]],[[[120.96522,14.67147],[120.96513,14.67137],[120.96513,14.67147],[120.96522,14.67147]]],[[[120.96225,14.67144],[120.96216,14.67153],[120.96225,14.67153],[120.96225,14.67144]]],[[[120.96411,14.67146],[120.9642,14.67155],[120.9642,14.67146],[120.96411,14.67146]]],[[[120.95245,14.67158],[120.9526,14.67099],[120.95224,14.66982],[120.9519,14.67135],[120.95245,14.67158]]],[[[120.96234,14.67153],[120.96225,14.67162],[120.96234,14.67162],[120.96234,14.67153]]],[[[120.96364,14.67163],[120.96355,14.67154],[120.96355,14.67163],[120.96364,14.67163]]],[[[120.96373,14.67136],[120.96373,14.67163],[120.96401,14.67155],[120.96401,14.67127],[120.96373,14.67136]]],[[[120.96076,14.67161],[120.96048,14.6717],[120.96076,14.6717],[120.96076,14.67161]]],[[[120.96355,14.67172],[120.96345,14.67163],[120.96345,14.67172],[120.96355,14.67172]]],[[[120.96466,14.67173],[120.96494,14.67173],[120.96466,14.67155],[120.96466,14.67173]]],[[[120.95788,14.67185],[120.95779,14.6714],[120.95779,14.67185],[120.95788,14.67185]]],[[[120.95222,14.67189],[120.95231,14.67185],[120.95222,14.67185],[120.95222,14.67189]]],[[[120.9628,14.67172],[120.96299,14.67181],[120.96299,14.67172],[120.9628,14.67172]]],[[[120.96345,14.67181],[120.96327,14.67181],[120.96364,14.6719],[120.96345,14.67181]]],[[[120.9525,14.67199],[120.95222,14.67207],[120.9525,14.67208],[120.9525,14.67199]]],[[[120.96243,14.67216],[120.96252,14.67208],[120.96243,14.67207],[120.96243,14.67216]]],[[[120.95268,14.67217],[120.95259,14.67208],[120.95259,14.67217],[120.95268,14.67217]]],[[[120.96299,14.6719],[120.96289,14.67217],[120.96298,14.67217],[120.96299,14.6719]]],[[[120.96122,14.6722],[120.96113,14.67197],[120.96108,14.6722],[120.96122,14.6722]]],[[[120.95779,14.67221],[120.95769,14.67212],[120.95769,14.67221],[120.95779,14.67221]]],[[[120.96261,14.67217],[120.96252,14.67226],[120.96261,14.67226],[120.96261,14.67217]]],[[[120.95287,14.67226],[120.95277,14.67217],[120.95277,14.67226],[120.95287,14.67226]]],[[[120.96308,14.67235],[120.96354,14.67217],[120.96326,14.67199],[120.96308,14.67235]]],[[[120.95286,14.67244],[120.95277,14.67235],[120.95277,14.67244],[120.95286,14.67244]]],[[[120.96191,14.67248],[120.96159,14.6722],[120.96168,14.67243],[120.96191,14.67248]]],[[[120.96271,14.67226],[120.96261,14.67253],[120.9627,14.67253],[120.96271,14.67226]]],[[[120.96289,14.67235],[120.96298,14.67253],[120.96298,14.67235],[120.96289,14.67235]]],[[[120.96456,14.67245],[120.96503,14.67219],[120.96475,14.67182],[120.96401,14.67155],[120.96364,14.6719],[120.96456,14.67245]]],[[[120.96456,14.67209],[120.96438,14.67191],[120.96456,14.672],[120.96456,14.67209]]],[[[120.96456,14.67254],[120.96447,14.67245],[120.96447,14.67254],[120.96456,14.67254]]],[[[120.96289,14.67262],[120.9628,14.67253],[120.96279,14.67262],[120.96289,14.67262]]],[[[120.96447,14.67263],[120.96437,14.67254],[120.96437,14.67263],[120.96447,14.67263]]],[[[120.95189,14.67234],[120.95203,14.67252],[120.95203,14.67234],[120.95189,14.67234]]],[[[120.96307,14.67271],[120.96298,14.67262],[120.96298,14.67271],[120.96307,14.67271]]],[[[120.96391,14.67272],[120.96382,14.67254],[120.96382,14.67272],[120.96391,14.67272]]],[[[120.96465,14.67255],[120.96493,14.67264],[120.96493,14.67255],[120.96465,14.67255]]],[[[120.96586,14.67283],[120.96576,14.67274],[120.96576,14.67283],[120.96586,14.67283]]],[[[120.95286,14.67289],[120.95305,14.67281],[120.95286,14.67271],[120.95286,14.67289]]],[[[120.96363,14.67281],[120.96372,14.6729],[120.96372,14.67281],[120.96363,14.67281]]],[[[120.96298,14.67298],[120.96289,14.67289],[120.96288,14.67298],[120.96298,14.67298]]],[[[120.95314,14.6729],[120.95304,14.67299],[120.95314,14.67299],[120.95314,14.6729]]],[[[120.96219,14.67298],[120.96196,14.67288],[120.96233,14.67307],[120.96219,14.67298]]],[[[120.96242,14.67289],[120.9627,14.67307],[120.9627,14.67271],[120.96242,14.67289]]],[[[120.96251,14.67316],[120.96242,14.67307],[120.96242,14.67316],[120.96251,14.67316]]],[[[120.95295,14.67317],[120.953,14.67294],[120.95295,14.67294],[120.95295,14.67317]]],[[[120.96576,14.67292],[120.96558,14.67301],[120.96576,14.67319],[120.96576,14.67292]]],[[[120.95314,14.67317],[120.95304,14.67321],[120.95314,14.67321],[120.95314,14.67317]]],[[[120.96242,14.67334],[120.96232,14.67325],[120.96232,14.67334],[120.96242,14.67334]]],[[[120.96455,14.67327],[120.96502,14.67318],[120.96474,14.67291],[120.96455,14.67327]]],[[[120.96511,14.67345],[120.9652,14.67336],[120.96511,14.67336],[120.96511,14.67345]]],[[[120.95661,14.67351],[120.95634,14.67324],[120.95634,14.67351],[120.95661,14.67351]]],[[[120.96344,14.67353],[120.96334,14.67344],[120.96334,14.67353],[120.96344,14.67353]]],[[[120.96409,14.67326],[120.96381,14.67344],[120.96363,14.6729],[120.96307,14.67298],[120.96371,14.67353],[120.96409,14.67326]]],[[[120.96548,14.67337],[120.9652,14.67354],[120.96557,14.67355],[120.96548,14.67337]]],[[[120.96641,14.67355],[120.96604,14.67337],[120.96576,14.67355],[120.96641,14.67355]]],[[[120.96325,14.67357],[120.96316,14.67353],[120.96316,14.67357],[120.96325,14.67357]]],[[[120.96428,14.67254],[120.96391,14.67299],[120.96418,14.67354],[120.96473,14.67363],[120.96436,14.67354],[120.96428,14.67254]]],[[[120.96241,14.6737],[120.96251,14.67343],[120.96232,14.67343],[120.96241,14.6737]]],[[[120.96213,14.67383],[120.96195,14.67379],[120.96195,14.67383],[120.96213,14.67383]]],[[[120.95721,14.67384],[120.95731,14.67393],[120.95731,14.67384],[120.95721,14.67384]]],[[[120.96028,14.67395],[120.96051,14.67377],[120.96028,14.67386],[120.96028,14.67395]]],[[[120.96371,14.67398],[120.96362,14.67389],[120.96362,14.67398],[120.96371,14.67398]]],[[[120.96399,14.67399],[120.9639,14.67389],[120.9639,14.67398],[120.96399,14.67399]]],[[[120.95721,14.67402],[120.95712,14.67393],[120.95712,14.67402],[120.95721,14.67402]]],[[[120.96427,14.67408],[120.96417,14.67399],[120.96417,14.67408],[120.96427,14.67408]]],[[[120.96306,14.67407],[120.96329,14.67412],[120.96329,14.67407],[120.96306,14.67407]]],[[[120.96306,14.67425],[120.96297,14.67416],[120.96297,14.67425],[120.96306,14.67425]]],[[[120.95856,14.67421],[120.95828,14.6743],[120.95856,14.6743],[120.95856,14.67421]]],[[[120.95888,14.6743],[120.95884,14.67421],[120.95883,14.6743],[120.95888,14.6743]]],[[[120.95953,14.67422],[120.95897,14.6743],[120.95953,14.67431],[120.95953,14.67422]]],[[[120.96296,14.67434],[120.96259,14.67424],[120.96259,14.67433],[120.96296,14.67434]]],[[[120.96496,14.67445],[120.96491,14.6744],[120.96491,14.67445],[120.96496,14.67445]]],[[[120.96176,14.6746],[120.96166,14.67451],[120.96166,14.6746],[120.96176,14.6746]]],[[[120.96259,14.67461],[120.9625,14.67442],[120.9625,14.67461],[120.96259,14.67461]]],[[[120.96528,14.67472],[120.96524,14.67463],[120.96524,14.67472],[120.96528,14.67472]]],[[[120.96426,14.6748],[120.96417,14.67435],[120.96417,14.6748],[120.96426,14.6748]]],[[[120.96092,14.67491],[120.96073,14.67495],[120.96092,14.67495],[120.96092,14.67491]]],[[[120.96184,14.67505],[120.96166,14.67496],[120.96166,14.67505],[120.96184,14.67505]]],[[[120.9605,14.67513],[120.96045,14.67504],[120.96045,14.67513],[120.9605,14.67513]]],[[[120.96147,14.67505],[120.96156,14.67514],[120.96157,14.67505],[120.96147,14.67505]]],[[[120.96147,14.67523],[120.96138,14.67514],[120.96138,14.67523],[120.96147,14.67523]]],[[[120.96444,14.67489],[120.96426,14.67498],[120.96444,14.67525],[120.96444,14.67489]]],[[[120.95785,14.6752],[120.95794,14.67529],[120.95794,14.6752],[120.95785,14.6752]]],[[[120.95785,14.67538],[120.95766,14.67529],[120.95766,14.67538],[120.95785,14.67538]]],[[[120.95961,14.67539],[120.95943,14.6753],[120.95943,14.67539],[120.95961,14.67539]]],[[[120.95882,14.67543],[120.95938,14.6753],[120.95882,14.6753],[120.95882,14.67543]]],[[[120.96091,14.6754],[120.961,14.6755],[120.96101,14.67541],[120.96091,14.6754]]],[[[120.96091,14.67559],[120.96082,14.67549],[120.96082,14.67558],[120.96091,14.67559]]],[[[120.96425,14.67561],[120.96435,14.67552],[120.96425,14.67552],[120.96425,14.67561]]],[[[120.9649,14.67562],[120.96481,14.67553],[120.96481,14.67562],[120.9649,14.67562]]],[[[120.95743,14.67546],[120.95771,14.67565],[120.95771,14.67542],[120.95743,14.67546]]],[[[120.96444,14.67553],[120.96444,14.6758],[120.96462,14.67553],[120.96444,14.67553]]],[[[120.96109,14.67586],[120.961,14.67577],[120.961,14.67586],[120.96109,14.67586]]],[[[120.96606,14.67604],[120.96578,14.67576],[120.96578,14.67603],[120.96606,14.67604]]],[[[120.96481,14.67607],[120.96471,14.67598],[120.96471,14.67607],[120.96481,14.67607]]],[[[120.96081,14.67595],[120.961,14.67613],[120.961,14.67595],[120.96081,14.67595]]],[[[120.96508,14.67625],[120.96527,14.67608],[120.96508,14.67616],[120.96508,14.67625]]],[[[120.96044,14.6763],[120.96077,14.67595],[120.96049,14.67585],[120.96044,14.6763]]],[[[120.96434,14.67634],[120.96425,14.67616],[120.96425,14.67634],[120.96434,14.67634]]],[[[120.96091,14.67622],[120.96081,14.6764],[120.96109,14.6764],[120.96091,14.67622]]],[[[120.96118,14.67649],[120.96146,14.67631],[120.96118,14.67622],[120.96118,14.67649]]],[[[120.95877,14.67656],[120.95937,14.67652],[120.95933,14.67629],[120.95896,14.67625],[120.95877,14.67656]]],[[[120.96452,14.67661],[120.96443,14.67652],[120.96443,14.67661],[120.96452,14.67661]]],[[[120.95877,14.67665],[120.95867,14.67656],[120.95867,14.67665],[120.95877,14.67665]]],[[[120.95867,14.67674],[120.95858,14.67665],[120.95858,14.67674],[120.95867,14.67674]]],[[[120.96034,14.67675],[120.96025,14.67666],[120.96025,14.67675],[120.96034,14.67675]]],[[[120.96062,14.67676],[120.9609,14.67658],[120.96062,14.67649],[120.96062,14.67676]]],[[[120.96146,14.67658],[120.96155,14.67677],[120.96155,14.67658],[120.96146,14.67658]]],[[[120.96452,14.67679],[120.96443,14.6767],[120.96443,14.67679],[120.96452,14.67679]]],[[[120.96527,14.67626],[120.96545,14.67671],[120.96563,14.6768],[120.96554,14.67644],[120.96527,14.67626]]],[[[120.96582,14.6768],[120.96573,14.67671],[120.96573,14.6768],[120.96582,14.6768]]],[[[120.95839,14.67678],[120.95849,14.67683],[120.95849,14.67678],[120.95839,14.67678]]],[[[120.96053,14.67685],[120.96044,14.67676],[120.96044,14.67685],[120.96053,14.67685]]],[[[120.96099,14.67676],[120.9609,14.67685],[120.96099,14.67685],[120.96099,14.67676]]],[[[120.95839,14.67692],[120.9583,14.67683],[120.9583,14.67692],[120.95839,14.67692]]],[[[120.966,14.67699],[120.96591,14.67689],[120.96591,14.67698],[120.966,14.67699]]],[[[120.96628,14.67708],[120.96619,14.67699],[120.96619,14.67708],[120.96628,14.67708]]],[[[120.96609,14.67717],[120.966,14.67708],[120.966,14.67717],[120.96609,14.67717]]],[[[120.96442,14.67724],[120.96433,14.67706],[120.96433,14.67724],[120.96442,14.67724]]],[[[120.96637,14.67726],[120.96665,14.67713],[120.96633,14.67712],[120.96637,14.67726]]],[[[120.95797,14.67732],[120.95825,14.67705],[120.95811,14.67705],[120.95797,14.67732]]],[[[120.95992,14.67734],[120.9602,14.6768],[120.96006,14.6768],[120.95992,14.67734]]],[[[120.96716,14.67736],[120.96693,14.67713],[120.96693,14.67717],[120.96716,14.67736]]],[[[120.96108,14.67748],[120.96099,14.67739],[120.96099,14.67748],[120.96108,14.67748]]],[[[120.96048,14.67734],[120.9602,14.67761],[120.96047,14.67761],[120.96048,14.67734]]],[[[120.95978,14.67747],[120.95987,14.67765],[120.95987,14.67747],[120.95978,14.67747]]],[[[120.96451,14.6777],[120.96442,14.6776],[120.96442,14.67769],[120.96451,14.6777]]],[[[120.96535,14.6777],[120.96526,14.67752],[120.96525,14.6777],[120.96535,14.6777]]],[[[120.96665,14.67771],[120.96655,14.67762],[120.96655,14.67771],[120.96665,14.67771]]],[[[120.95978,14.67774],[120.95968,14.67765],[120.95968,14.67774],[120.95978,14.67774]]],[[[120.96146,14.67676],[120.96099,14.67685],[120.96108,14.67739],[120.96155,14.67722],[120.9621,14.67776],[120.96146,14.67676]]],[[[120.96127,14.67703],[120.96136,14.67713],[120.96127,14.67712],[120.96127,14.67703]]],[[[120.96674,14.67771],[120.96683,14.67781],[120.96683,14.67772],[120.96674,14.67771]]],[[[120.97184,14.67785],[120.97175,14.67776],[120.97175,14.67785],[120.97184,14.67785]]],[[[120.97203,14.67785],[120.97194,14.67776],[120.97194,14.67785],[120.97203,14.67785]]],[[[120.95662,14.67772],[120.95657,14.67785],[120.95685,14.67785],[120.95662,14.67772]]],[[[120.9646,14.67788],[120.96451,14.67779],[120.96451,14.67788],[120.9646,14.67788]]],[[[120.96674,14.6779],[120.96665,14.6778],[120.96664,14.67789],[120.96674,14.6779]]],[[[120.97156,14.67794],[120.97147,14.67785],[120.97147,14.67794],[120.97156,14.67794]]],[[[120.97221,14.67794],[120.97212,14.67785],[120.97212,14.67794],[120.97221,14.67794]]],[[[120.96256,14.67795],[120.96284,14.67777],[120.96256,14.67786],[120.96256,14.67795]]],[[[120.97416,14.67787],[120.97426,14.67796],[120.97426,14.67787],[120.97416,14.67787]]],[[[120.97258,14.67804],[120.97249,14.67795],[120.97249,14.67804],[120.97258,14.67804]]],[[[120.97416,14.67805],[120.97407,14.67796],[120.97407,14.67805],[120.97416,14.67805]]],[[[120.9595,14.6781],[120.9594,14.67783],[120.9594,14.6781],[120.9595,14.6781]]],[[[120.97286,14.67813],[120.97277,14.67804],[120.97277,14.67813],[120.97286,14.67813]]],[[[120.96525,14.67815],[120.96516,14.67806],[120.96516,14.67815],[120.96525,14.67815]]],[[[120.97398,14.67823],[120.97295,14.67813],[120.97295,14.67822],[120.97398,14.67823]]],[[[120.96701,14.67826],[120.96711,14.67817],[120.96701,14.67817],[120.96701,14.67826]]],[[[120.95959,14.67828],[120.95949,14.67819],[120.95949,14.67828],[120.95959,14.67828]]],[[[120.9672,14.67826],[120.9671,14.67835],[120.9672,14.67835],[120.9672,14.67826]]],[[[120.95713,14.6784],[120.95741,14.67813],[120.95713,14.67817],[120.95713,14.6784]]],[[[120.96469,14.67842],[120.9646,14.67797],[120.9646,14.67842],[120.96469,14.67842]]],[[[120.97072,14.67847],[120.97063,14.67838],[120.97063,14.67847],[120.97072,14.67847]]],[[[120.96255,14.67849],[120.96246,14.67831],[120.96246,14.67849],[120.96255,14.67849]]],[[[120.9671,14.67853],[120.96701,14.67844],[120.96701,14.67853],[120.9671,14.67853]]],[[[120.96747,14.67853],[120.96738,14.67844],[120.96738,14.67853],[120.96747,14.67853]]],[[[120.97026,14.67856],[120.97017,14.67847],[120.97017,14.67856],[120.97026,14.67856]]],[[[120.96469,14.6786],[120.9646,14.67851],[120.9646,14.6786],[120.96469,14.6786]]],[[[120.97007,14.67865],[120.96998,14.67856],[120.96998,14.67865],[120.97007,14.67865]]],[[[120.96497,14.67869],[120.96487,14.6786],[120.96487,14.67869],[120.96497,14.67869]]],[[[120.96775,14.67872],[120.96766,14.67863],[120.96766,14.67872],[120.96775,14.67872]]],[[[120.96989,14.67874],[120.96979,14.67865],[120.96979,14.67874],[120.96989,14.67874]]],[[[120.96302,14.67877],[120.96293,14.67858],[120.96292,14.67877],[120.96302,14.67877]]],[[[120.9645,14.67869],[120.96459,14.67878],[120.9646,14.67869],[120.9645,14.67869]]],[[[120.9645,14.67887],[120.96441,14.67878],[120.96441,14.67887],[120.9645,14.67887]]],[[[120.96961,14.67891],[120.96951,14.67882],[120.96951,14.67891],[120.96961,14.67891]]],[[[120.96784,14.67899],[120.96775,14.6789],[120.96775,14.67899],[120.96784,14.67899]]],[[[120.96831,14.67899],[120.96821,14.6789],[120.96821,14.67899],[120.96831,14.67899]]],[[[120.96998,14.67901],[120.96988,14.67892],[120.96988,14.67901],[120.96998,14.67901]]],[[[120.96886,14.679],[120.96858,14.67909],[120.96886,14.67909],[120.96886,14.679]]],[[[120.96821,14.67917],[120.96812,14.67908],[120.96812,14.67917],[120.96821,14.67917]]],[[[120.95624,14.6792],[120.95614,14.67916],[120.95614,14.6792],[120.95624,14.6792]]],[[[120.96422,14.67923],[120.96413,14.67914],[120.96413,14.67923],[120.96422,14.67923]]],[[[120.96478,14.67932],[120.96469,14.67887],[120.96468,14.67932],[120.96478,14.67932]]],[[[120.96877,14.67936],[120.96858,14.67927],[120.96858,14.67936],[120.96877,14.67936]]],[[[120.96923,14.67936],[120.96914,14.67927],[120.96914,14.67936],[120.96923,14.67936]]],[[[120.96468,14.6795],[120.96477,14.6796],[120.96477,14.6795],[120.96468,14.6795]]],[[[120.96468,14.67968],[120.96459,14.67959],[120.96459,14.67968],[120.96468,14.67968]]],[[[120.95683,14.67975],[120.95656,14.67894],[120.95656,14.67975],[120.95683,14.67975]]],[[[120.96412,14.67977],[120.96403,14.67968],[120.96403,14.67977],[120.96412,14.67977]]],[[[120.96412,14.68022],[120.96421,14.68031],[120.96421,14.68022],[120.96412,14.68022]]],[[[120.95962,14.67978],[120.95768,14.67813],[120.95795,14.67922],[120.95712,14.67948],[120.95823,14.67949],[120.95961,14.68032],[120.95962,14.67978]]],[[[120.96412,14.6804],[120.96402,14.68031],[120.96402,14.6804],[120.96412,14.6804]]],[[[120.96448,14.68122],[120.96439,14.68113],[120.96439,14.68122],[120.96448,14.68122]]],[[[120.96466,14.68203],[120.9655,14.68168],[120.96476,14.68104],[120.96466,14.68203]]],[[[120.9582,14.68261],[120.95853,14.68243],[120.9582,14.68247],[120.9582,14.68261]]],[[[120.95852,14.68343],[120.95847,14.68334],[120.95847,14.68343],[120.95852,14.68343]]],[[[120.9575,14.68351],[120.95736,14.68355],[120.9575,14.68355],[120.9575,14.68351]]],[[[120.95842,14.68356],[120.95814,14.6836],[120.95842,14.6837],[120.95842,14.68356]]],[[[120.95768,14.68378],[120.95763,14.68382],[120.95777,14.68387],[120.95768,14.68378]]],[[[120.95805,14.68378],[120.95814,14.68387],[120.95814,14.68378],[120.95805,14.68378]]],[[[120.95805,14.68396],[120.95796,14.68387],[120.95796,14.68396],[120.95805,14.68396]]],[[[120.9483,14.68397],[120.94821,14.68388],[120.94821,14.68397],[120.9483,14.68397]]],[[[120.95795,14.68405],[120.95786,14.68396],[120.95786,14.68405],[120.95795,14.68405]]],[[[120.95155,14.68404],[120.95164,14.68409],[120.95164,14.68404],[120.95155,14.68404]]],[[[120.95786,14.68414],[120.95777,14.68405],[120.95777,14.68414],[120.95786,14.68414]]],[[[120.95805,14.68405],[120.95795,14.68414],[120.95805,14.68414],[120.95805,14.68405]]],[[[120.95155,14.68418],[120.95136,14.68404],[120.95136,14.68418],[120.95155,14.68418]]],[[[120.95823,14.68424],[120.95814,14.68415],[120.95814,14.68424],[120.95823,14.68424]]],[[[120.95164,14.68436],[120.95155,14.68427],[120.95155,14.68436],[120.95164,14.68436]]],[[[120.95804,14.68433],[120.95814,14.68442],[120.95814,14.68433],[120.95804,14.68433]]],[[[120.95804,14.68451],[120.95795,14.68441],[120.95795,14.68451],[120.95804,14.68451]]],[[[120.95173,14.68463],[120.95164,14.68454],[120.95164,14.68463],[120.95173,14.68463]]],[[[120.95108,14.68472],[120.95099,14.68462],[120.95099,14.68471],[120.95108,14.68472]]],[[[120.95099,14.68431],[120.95126,14.68472],[120.95118,14.68431],[120.95099,14.68431]]],[[[120.95183,14.68436],[120.95205,14.68472],[120.95206,14.68427],[120.95183,14.68436]]],[[[120.95776,14.68477],[120.95776,14.6845],[120.95767,14.68423],[120.95776,14.68477]]],[[[120.95094,14.68471],[120.95066,14.68485],[120.95094,14.68485],[120.95094,14.68471]]],[[[120.95201,14.6849],[120.95191,14.68481],[120.95191,14.6849],[120.95201,14.6849]]],[[[120.95052,14.68498],[120.95038,14.68485],[120.95038,14.68498],[120.95052,14.68498]]],[[[120.95136,14.6849],[120.95145,14.68499],[120.95145,14.6849],[120.95136,14.6849]]],[[[120.95135,14.68508],[120.95117,14.68499],[120.95117,14.68508],[120.95135,14.68508]]],[[[120.94458,14.68493],[120.94486,14.68511],[120.94486,14.68502],[120.94458,14.68493]]],[[[120.95098,14.68517],[120.95108,14.68508],[120.95098,14.68508],[120.95098,14.68517]]],[[[120.95902,14.68438],[120.95734,14.68491],[120.95734,14.68518],[120.95818,14.68518],[120.95902,14.68438]]],[[[120.94495,14.68511],[120.94485,14.6852],[120.94495,14.6852],[120.94495,14.68511]]],[[[120.95024,14.68525],[120.95043,14.68516],[120.95024,14.68516],[120.95024,14.68525]]],[[[120.95163,14.68517],[120.95182,14.68526],[120.95182,14.68517],[120.95163,14.68517]]],[[[120.95052,14.68525],[120.95042,14.68534],[120.95052,14.68534],[120.95052,14.68525]]],[[[120.95163,14.68535],[120.95154,14.68526],[120.95154,14.68535],[120.95163,14.68535]]],[[[120.95061,14.68534],[120.95052,14.68543],[120.95061,14.68543],[120.95061,14.68534]]],[[[120.9507,14.68544],[120.95061,14.68552],[120.9507,14.68553],[120.9507,14.68544]]],[[[120.94504,14.68566],[120.94522,14.68539],[120.94495,14.68529],[120.94504,14.68566]]],[[[120.94452,14.68588],[120.94425,14.68506],[120.94425,14.68588],[120.94452,14.68588]]],[[[120.94503,14.68588],[120.94452,14.68592],[120.94503,14.68593],[120.94503,14.68588]]],[[[120.95154,14.68535],[120.95089,14.68535],[120.95097,14.68598],[120.95125,14.68589],[120.95154,14.68535]]],[[[120.95014,14.68615],[120.95023,14.68606],[120.95014,14.68606],[120.95014,14.68615]]],[[[120.95088,14.68616],[120.95079,14.68562],[120.95032,14.68606],[120.95088,14.68616]]],[[[120.9448,14.68629],[120.94452,14.68642],[120.9448,14.68642],[120.9448,14.68629]]],[[[120.95037,14.6862],[120.94981,14.6862],[120.94954,14.68592],[120.94977,14.68624],[120.95032,14.68625],[120.95037,14.68647],[120.95037,14.6862]]],[[[120.95064,14.68647],[120.95036,14.68674],[120.95064,14.68675],[120.95064,14.68647]]],[[[120.95097,14.68652],[120.95106,14.68688],[120.95106,14.68652],[120.95097,14.68652]]],[[[120.95078,14.68706],[120.95069,14.68688],[120.95069,14.68706],[120.95078,14.68706]]],[[[120.95069,14.68706],[120.9498,14.68701],[120.95008,14.68782],[120.95063,14.68783],[120.95069,14.68706]]],[[[120.95086,14.68788],[120.95077,14.6877],[120.95077,14.68788],[120.95086,14.68788]]],[[[120.95457,14.68814],[120.95476,14.68818],[120.95476,14.68814],[120.95457,14.68814]]],[[[120.9548,14.68836],[120.95476,14.68827],[120.95476,14.68836],[120.9548,14.68836]]],[[[120.95457,14.68818],[120.95392,14.68817],[120.95392,14.68854],[120.95429,14.68863],[120.95457,14.68818]]],[[[120.95035,14.68864],[120.95063,14.68837],[120.95035,14.68837],[120.95035,14.68864]]],[[[120.95392,14.68872],[120.95383,14.68854],[120.95336,14.68853],[120.95147,14.68716],[120.95174,14.68811],[120.95392,14.68872]]],[[[120.95401,14.68872],[120.95392,14.68881],[120.95401,14.68881],[120.95401,14.68872]]],[[[120.95429,14.68863],[120.95494,14.68868],[120.95536,14.68891],[120.95536,14.68841],[120.95429,14.68863]]],[[[120.9542,14.68881],[120.95429,14.68899],[120.95429,14.68881],[120.9542,14.68881]]],[[[120.95419,14.68917],[120.95401,14.68908],[120.95401,14.68917],[120.95419,14.68917]]],[[[120.9509,14.68865],[120.95067,14.68914],[120.9509,14.68919],[120.9509,14.68865]]],[[[120.95484,14.68936],[120.95466,14.68927],[120.95466,14.68936],[120.95484,14.68936]]],[[[120.95902,14.68438],[120.95985,14.68439],[120.96013,14.68493],[120.96009,14.68954],[120.96067,14.68629],[120.96015,14.68276],[120.95959,14.68303],[120.95958,14.68384],[120.95902,14.68438]]],[[[120.95363,14.68953],[120.95382,14.68962],[120.95382,14.68944],[120.95363,14.68953]]],[[[120.95363,14.6898],[120.95345,14.68971],[120.95345,14.6898],[120.95363,14.6898]]],[[[120.9598,14.68981],[120.95897,14.68953],[120.95897,14.6898],[120.9598,14.68981]]],[[[120.95567,14.68982],[120.95618,14.68978],[120.95619,14.68955],[120.95586,14.68955],[120.95567,14.68982]]],[[[120.95465,14.6899],[120.95484,14.68981],[120.95465,14.68981],[120.95465,14.6899]]],[[[120.95493,14.6899],[120.95484,14.68999],[120.95493,14.68999],[120.95493,14.6899]]],[[[120.95577,14.68982],[120.95567,14.69],[120.95576,14.69],[120.95577,14.68982]]],[[[120.95344,14.69007],[120.95335,14.6898],[120.95335,14.69007],[120.95344,14.69007]]],[[[120.95897,14.69007],[120.95869,14.6898],[120.95869,14.69007],[120.95897,14.69007]]],[[[120.95159,14.68996],[120.95177,14.69005],[120.95177,14.68996],[120.95159,14.68996]]],[[[120.95363,14.69016],[120.95354,14.69007],[120.95353,14.69016],[120.95363,14.69016]]],[[[120.95613,14.69018],[120.95595,14.69009],[120.95595,14.69018],[120.95613,14.69018]]],[[[120.95093,14.69023],[120.95075,14.69004],[120.95075,14.69023],[120.95093,14.69023]]],[[[120.95214,14.6906],[120.95228,14.69055],[120.95195,14.69055],[120.95214,14.6906]]],[[[120.95868,14.69088],[120.95841,14.69007],[120.9584,14.69088],[120.95868,14.69088]]],[[[120.95093,14.69109],[120.95088,14.69095],[120.95088,14.69108],[120.95093,14.69109]]],[[[120.95148,14.69104],[120.95131,14.69032],[120.95033,14.69031],[120.95102,14.69109],[120.95148,14.69104]]],[[[120.95422,14.69111],[120.95395,14.69084],[120.95394,14.69111],[120.95422,14.69111]]],[[[120.95255,14.69083],[120.95232,14.69114],[120.9525,14.69114],[120.95255,14.69083]]],[[[120.94141,14.69123],[120.94146,14.69127],[120.94146,14.69123],[120.94141,14.69123]]],[[[120.94141,14.69132],[120.94136,14.69127],[120.94136,14.69132],[120.94141,14.69132]]],[[[120.94127,14.69141],[120.94118,14.69131],[120.94118,14.69141],[120.94127,14.69141]]],[[[120.95366,14.69138],[120.95394,14.69192],[120.95394,14.69138],[120.95366,14.69138]]],[[[120.95895,14.69197],[120.95868,14.69115],[120.95867,14.69197],[120.95895,14.69197]]],[[[120.95393,14.69247],[120.95255,14.69133],[120.95171,14.69191],[120.95064,14.6919],[120.95043,14.69244],[120.95206,14.69353],[120.95504,14.69302],[120.95477,14.69193],[120.95534,14.69085],[120.9545,14.69112],[120.95477,14.69166],[120.95394,14.69192],[120.95393,14.69247]]],[[[120.93893,14.69355],[120.93888,14.69342],[120.93888,14.69355],[120.93893,14.69355]]],[[[120.95754,14.69385],[120.95781,14.6944],[120.95782,14.69386],[120.95754,14.69385]]],[[[120.95585,14.69547],[120.95643,14.69357],[120.95754,14.69358],[120.95699,14.69304],[120.95811,14.69277],[120.95728,14.69223],[120.95758,14.68979],[120.95703,14.68897],[120.95619,14.6891],[120.95702,14.68978],[120.957,14.69141],[120.95671,14.69303],[120.95587,14.69357],[120.95585,14.69547]]],[[[120.95752,14.69575],[120.95726,14.69439],[120.95696,14.69656],[120.95752,14.69575]]],[[[120.91225,14.6972],[120.91262,14.69711],[120.91225,14.69713],[120.91225,14.6972]]],[[[120.91271,14.69721],[120.91262,14.69729],[120.91271,14.6973],[120.91271,14.69721]]],[[[120.95695,14.69737],[120.95667,14.6971],[120.95667,14.69737],[120.95695,14.69737]]],[[[120.91317,14.69775],[120.91308,14.69766],[120.91308,14.69775],[120.91317,14.69775]]],[[[120.95639,14.69791],[120.95667,14.69764],[120.95639,14.69764],[120.95639,14.69791]]],[[[120.91141,14.69781],[120.91127,14.69778],[120.91127,14.69792],[120.91141,14.69781]]],[[[120.91336,14.69793],[120.91327,14.69784],[120.91326,14.69793],[120.91336,14.69793]]],[[[120.91131,14.69805],[120.91155,14.69778],[120.9115,14.69778],[120.91131,14.69805]]],[[[120.91373,14.6983],[120.91363,14.69821],[120.91363,14.6983],[120.91373,14.6983]]],[[[120.95067,14.6984],[120.95416,14.69816],[120.95444,14.69735],[120.9564,14.69656],[120.95501,14.69654],[120.95305,14.69788],[120.95086,14.69782],[120.95087,14.69673],[120.95153,14.69656],[120.95125,14.69628],[120.94999,14.69726],[120.94998,14.69813],[120.95054,14.69786],[120.95067,14.6984]]],[[[120.914,14.69857],[120.91391,14.69848],[120.91391,14.69857],[120.914,14.69857]]],[[[120.91437,14.69903],[120.91428,14.69894],[120.91428,14.69903],[120.91437,14.69903]]],[[[120.94955,14.69921],[120.94969,14.69934],[120.94969,14.69921],[120.94955,14.69921]]],[[[120.95331,14.69951],[120.95303,14.69924],[120.95303,14.69951],[120.95331,14.69951]]],[[[120.91018,14.69967],[120.91042,14.6994],[120.91037,14.6994],[120.91018,14.69967]]],[[[120.90986,14.69994],[120.90981,14.69989],[120.90981,14.69994],[120.90986,14.69994]]],[[[120.94814,14.69987],[120.94899,14.69979],[120.94914,14.69893],[120.94814,14.69987]]],[[[120.94908,14.70006],[120.94899,14.69997],[120.94899,14.70006],[120.94908,14.70006]]],[[[120.94908,14.70024],[120.94899,14.70015],[120.94898,14.70024],[120.94908,14.70024]]],[[[120.90897,14.70061],[120.90906,14.7007],[120.90906,14.70061],[120.90897,14.70061]]],[[[120.91185,14.70081],[120.9118,14.70077],[120.9118,14.70081],[120.91185,14.70081]]],[[[120.94916,14.70087],[120.94907,14.70096],[120.94916,14.70096],[120.94916,14.70087]]],[[[120.90859,14.70105],[120.90869,14.70114],[120.90869,14.70105],[120.90859,14.70105]]],[[[120.95667,14.69791],[120.95638,14.69872],[120.95471,14.69898],[120.95525,14.70007],[120.95414,14.69952],[120.95443,14.69898],[120.95359,14.69897],[120.95442,14.70006],[120.95413,14.70114],[120.95469,14.70061],[120.95525,14.70061],[120.95524,14.70115],[120.95608,14.70089],[120.9561,14.69899],[120.95721,14.69954],[120.95722,14.69846],[120.95667,14.69791]]],[[[120.90859,14.70123],[120.9085,14.70114],[120.9085,14.70123],[120.90859,14.70123]]],[[[120.95524,14.70142],[120.95496,14.70115],[120.95496,14.70142],[120.95524,14.70142]]],[[[120.94832,14.70159],[120.94823,14.7015],[120.94823,14.70159],[120.94832,14.70159]]],[[[120.95273,14.7014],[120.95301,14.70168],[120.95301,14.7014],[120.95273,14.7014]]],[[[120.95552,14.70143],[120.95524,14.7017],[120.95552,14.7017],[120.95552,14.70143]]],[[[120.95607,14.7017],[120.9558,14.70143],[120.95579,14.7017],[120.95607,14.7017]]],[[[120.94823,14.70177],[120.94832,14.70168],[120.94823,14.70168],[120.94823,14.70177]]],[[[120.9085,14.70123],[120.90817,14.70159],[120.90821,14.70182],[120.90845,14.70182],[120.9085,14.70123]]],[[[120.94861,14.70078],[120.94787,14.70023],[120.94768,14.70046],[120.94833,14.70114],[120.9487,14.70105],[120.94851,14.70159],[120.94897,14.70187],[120.94925,14.70142],[120.94898,14.70033],[120.94861,14.70078]]],[[[120.94744,14.70136],[120.94805,14.70132],[120.9473,14.7006],[120.94666,14.70162],[120.94799,14.70217],[120.94744,14.70136]]],[[[120.94946,14.69925],[120.94908,14.70015],[120.9494,14.70083],[120.94995,14.70138],[120.95078,14.70139],[120.95078,14.70193],[120.95133,14.7022],[120.95134,14.70112],[120.95051,14.70057],[120.95052,14.70003],[120.94946,14.69925]]],[[[120.95273,14.70194],[120.95218,14.70113],[120.95161,14.70221],[120.95273,14.70194]]],[[[120.90877,14.70232],[120.90872,14.70223],[120.90872,14.70232],[120.90877,14.70232]]],[[[120.94637,14.70239],[120.94674,14.70248],[120.94674,14.70239],[120.94637,14.70239]]],[[[120.95524,14.70197],[120.95579,14.70251],[120.95579,14.70197],[120.95524,14.70197]]],[[[120.90951,14.70269],[120.90941,14.7026],[120.90941,14.70269],[120.90951,14.70269]]],[[[120.94832,14.70177],[120.94813,14.70258],[120.94822,14.70285],[120.94878,14.70223],[120.94841,14.7024],[120.94832,14.70177]]],[[[120.95411,14.70331],[120.95383,14.70304],[120.95383,14.70331],[120.95411,14.70331]]],[[[120.94909,14.70354],[120.95077,14.70328],[120.95077,14.70301],[120.94882,14.70245],[120.94909,14.70354]]],[[[120.95551,14.70251],[120.95467,14.7025],[120.95495,14.70305],[120.9541,14.70413],[120.95466,14.70413],[120.95551,14.70251]]],[[[120.94602,14.70433],[120.9463,14.70406],[120.94602,14.70419],[120.94602,14.70433]]],[[[120.9527,14.70466],[120.95384,14.70277],[120.95413,14.70141],[120.95329,14.70141],[120.95328,14.70222],[120.95245,14.70248],[120.953,14.70276],[120.95299,14.7033],[120.95188,14.70356],[120.9527,14.70466]]],[[[120.94546,14.70486],[120.94519,14.70432],[120.94462,14.70485],[120.94546,14.70486]]],[[[120.9488,14.70462],[120.94852,14.70489],[120.9488,14.70489],[120.9488,14.70462]]],[[[120.95131,14.70491],[120.95186,14.70519],[120.95187,14.70492],[120.95131,14.70491]]],[[[120.95298,14.70466],[120.9527,14.7052],[120.95298,14.7052],[120.95298,14.70466]]],[[[120.91904,14.7053],[120.91927,14.7054],[120.91928,14.70531],[120.91904,14.7053]]],[[[120.94853,14.70462],[120.94909,14.70354],[120.94826,14.70353],[120.94771,14.70271],[120.94611,14.70243],[120.94534,14.70331],[120.94687,14.70352],[120.94768,14.70542],[120.94797,14.70461],[120.94853,14.70462]]],[[[120.94626,14.7032],[120.94617,14.70311],[120.94627,14.70311],[120.94626,14.7032]]],[[[120.94603,14.70297],[120.94599,14.70292],[120.94604,14.70292],[120.94603,14.70297]]],[[[120.9513,14.70546],[120.95103,14.70518],[120.95102,14.70545],[120.9513,14.70546]]],[[[120.91872,14.70544],[120.91876,14.70539],[120.91872,14.70521],[120.91872,14.70544]]],[[[120.9196,14.70549],[120.91951,14.70544],[120.91951,14.70549],[120.9196,14.70549]]],[[[120.9196,14.70567],[120.91951,14.70558],[120.9195,14.70567],[120.9196,14.70567]]],[[[120.94629,14.70568],[120.94601,14.70514],[120.94546,14.70513],[120.94545,14.70568],[120.94629,14.70568]]],[[[120.94852,14.70543],[120.94796,14.7057],[120.94852,14.7057],[120.94852,14.70543]]],[[[120.91871,14.70571],[120.9183,14.70543],[120.91816,14.7057],[120.91871,14.70571]]],[[[120.95102,14.706],[120.95075,14.70545],[120.95074,14.70599],[120.95102,14.706]]],[[[120.92099,14.70614],[120.92089,14.70604],[120.92089,14.70613],[120.92099,14.70614]]],[[[120.91899,14.70625],[120.91927,14.70598],[120.91899,14.70598],[120.91899,14.70625]]],[[[120.9435,14.7062],[120.94308,14.70624],[120.9435,14.70647],[120.9435,14.7062]]],[[[120.91955,14.70626],[120.91926,14.70653],[120.91954,14.70653],[120.91955,14.70626]]],[[[120.94683,14.70677],[120.94656,14.7065],[120.94656,14.70677],[120.94683,14.70677]]],[[[120.92163,14.70677],[120.92154,14.70641],[120.92154,14.70677],[120.92163,14.70677]]],[[[120.91982,14.70653],[120.91954,14.7068],[120.91982,14.7068],[120.91982,14.70653]]],[[[120.92219,14.70687],[120.92209,14.70669],[120.92209,14.70687],[120.92219,14.70687]]],[[[120.94289,14.70701],[120.94252,14.70673],[120.94265,14.70701],[120.94289,14.70701]]],[[[120.94321,14.70724],[120.94317,14.70706],[120.94316,14.70724],[120.94321,14.70724]]],[[[120.92181,14.70705],[120.9219,14.70732],[120.922,14.70705],[120.92181,14.70705]]],[[[120.92065,14.70735],[120.92037,14.70708],[120.92037,14.7073],[120.92065,14.70735]]],[[[120.92181,14.70741],[120.92172,14.70732],[120.92172,14.70741],[120.92181,14.70741]]],[[[120.9446,14.70702],[120.94349,14.70674],[120.94325,14.70755],[120.94404,14.70756],[120.94405,14.70702],[120.9446,14.70702]]],[[[120.94488,14.70703],[120.9446,14.70757],[120.94488,14.70757],[120.94488,14.70703]]],[[[120.92097,14.70758],[120.92093,14.70749],[120.92093,14.70758],[120.92097,14.70758]]],[[[120.92171,14.70759],[120.92162,14.7075],[120.92162,14.70759],[120.92171,14.70759]]],[[[120.92116,14.70763],[120.92106,14.70758],[120.92106,14.70763],[120.92116,14.70763]]],[[[120.92162,14.70777],[120.92153,14.70768],[120.92153,14.70777],[120.92162,14.70777]]],[[[120.9446,14.70784],[120.94432,14.70756],[120.94432,14.70783],[120.9446,14.70784]]],[[[120.94158,14.70831],[120.94167,14.70808],[120.94139,14.70819],[120.94158,14.70831]]],[[[120.94157,14.70858],[120.94148,14.70849],[120.94148,14.70858],[120.94157,14.70858]]],[[[120.95099,14.70871],[120.95044,14.70843],[120.95044,14.7087],[120.95099,14.70871]]],[[[120.95074,14.70599],[120.95018,14.7068],[120.95073,14.70762],[120.95128,14.70762],[120.95155,14.70871],[120.95156,14.70817],[120.95268,14.70737],[120.9524,14.70682],[120.95073,14.70708],[120.95074,14.70599]]],[[[120.94626,14.70866],[120.94681,14.70894],[120.94682,14.70867],[120.94626,14.70866]]],[[[120.94166,14.70903],[120.9412,14.70885],[120.9412,14.70903],[120.94166,14.70903]]],[[[120.94375,14.70918],[120.94431,14.70892],[120.94375,14.70891],[120.94375,14.70918]]],[[[120.94626,14.70921],[120.94598,14.70893],[120.94598,14.7092],[120.94626,14.70921]]],[[[120.94073,14.70938],[120.94073,14.70893],[120.94129,14.70849],[120.9413,14.70827],[120.94069,14.70892],[120.94069,14.70916],[120.9405,14.70916],[120.94028,14.70947],[120.94073,14.70938]]],[[[120.95043,14.70951],[120.95016,14.70843],[120.94988,14.70897],[120.94932,14.70896],[120.95043,14.70951]]],[[[120.94026,14.70956],[120.94026,14.70949],[120.94022,14.70956],[120.94026,14.70956]]],[[[120.94431,14.70919],[120.9443,14.70973],[120.94374,14.71],[120.94458,14.71001],[120.94431,14.70919]]],[[[120.94959,14.71005],[120.94903,14.70977],[120.94903,14.71004],[120.94959,14.71005]]],[[[120.94067,14.71024],[120.94007,14.7101],[120.93984,14.71051],[120.94067,14.71024]]],[[[120.94082,14.70966],[120.94067,14.71105],[120.94178,14.71106],[120.9418,14.70917],[120.94208,14.70917],[120.94236,14.7089],[120.94232,14.70858],[120.94176,14.70858],[120.94203,14.70903],[120.94129,14.70939],[120.94151,14.70998],[120.94082,14.70966]]],[[[120.94483,14.71245],[120.94429,14.71136],[120.94345,14.71135],[120.94344,14.71243],[120.94483,14.71245]]],[[[120.94008,14.71376],[120.93981,14.71349],[120.93981,14.71376],[120.94008,14.71376]]],[[[120.94034,14.71647],[120.94006,14.7162],[120.94006,14.71647],[120.94034,14.71647]]],[[[120.95043,14.70951],[120.95041,14.71114],[120.94956,14.71276],[120.94872,14.7133],[120.94815,14.71492],[120.94813,14.71681],[120.94842,14.71546],[120.94954,14.71493],[120.94956,14.71303],[120.95068,14.7125],[120.95041,14.71168],[120.95097,14.71142],[120.95098,14.70979],[120.95043,14.70951]]],[[[120.94813,14.71736],[120.94841,14.71709],[120.94813,14.71709],[120.94813,14.71736]]],[[[120.93559,14.71779],[120.93532,14.71724],[120.93503,14.71778],[120.93559,14.71779]]],[[[120.95063,14.71765],[120.95119,14.71793],[120.95119,14.71765],[120.95063,14.71765]]],[[[120.93753,14.71862],[120.93726,14.71834],[120.93725,14.71862],[120.93753,14.71862]]],[[[120.93893,14.71863],[120.93865,14.71836],[120.93865,14.71863],[120.93893,14.71863]]],[[[120.94951,14.71845],[120.94868,14.71845],[120.94841,14.71736],[120.94839,14.71871],[120.94951,14.71845]]],[[[120.93808,14.71944],[120.93781,14.71916],[120.9378,14.71943],[120.93808,14.71944]]],[[[120.95119,14.71793],[120.95146,14.71874],[120.95062,14.71873],[120.95063,14.71792],[120.94951,14.71818],[120.95007,14.71846],[120.94978,14.71954],[120.95062,14.719],[120.95229,14.71956],[120.95174,14.71793],[120.95119,14.71793]]],[[[120.93641,14.71996],[120.93613,14.71969],[120.93613,14.71996],[120.93641,14.71996]]],[[[120.9495,14.72008],[120.94922,14.71953],[120.94894,14.72007],[120.9495,14.72008]]],[[[120.95006,14.71954],[120.95033,14.72009],[120.95061,14.72009],[120.95061,14.71955],[120.95006,14.71954]]],[[[120.95312,14.72011],[120.95284,14.71984],[120.95284,14.72011],[120.95312,14.72011]]],[[[120.93585,14.72023],[120.93557,14.71968],[120.93557,14.72023],[120.93585,14.72023]]],[[[120.9339,14.71994],[120.93334,14.72021],[120.93389,14.72048],[120.9339,14.71994]]],[[[120.93751,14.72079],[120.93724,14.72051],[120.93723,14.72078],[120.93751,14.72079]]],[[[120.9403,14.72054],[120.94058,14.72081],[120.94058,14.72054],[120.9403,14.72054]]],[[[120.95339,14.72038],[120.95255,14.72065],[120.95339,14.72093],[120.95339,14.72038]]],[[[120.94029,14.72108],[120.94002,14.72081],[120.94002,14.72108],[120.94029,14.72108]]],[[[120.94866,14.72034],[120.94893,14.72116],[120.94921,14.72035],[120.94866,14.72034]]],[[[120.9506,14.7209],[120.95005,14.72063],[120.94976,14.72117],[120.95032,14.72117],[120.9506,14.7209]]],[[[120.95088,14.7209],[120.9506,14.72117],[120.95088,14.72118],[120.95088,14.7209]]],[[[120.93222,14.72128],[120.93222,14.72113],[120.9321,14.72128],[120.93222,14.72128]]],[[[120.93723,14.72133],[120.93695,14.72105],[120.93695,14.72132],[120.93723,14.72133]]],[[[120.9389,14.72134],[120.93835,14.72106],[120.93834,14.72134],[120.9389,14.72134]]],[[[120.95311,14.7212],[120.95283,14.72146],[120.9531,14.72147],[120.95311,14.7212]]],[[[120.94002,14.72108],[120.93946,14.72135],[120.93945,14.72162],[120.94001,14.72162],[120.94002,14.72108]]],[[[120.95059,14.72172],[120.95032,14.72117],[120.95032,14.72171],[120.95059,14.72172]]],[[[120.93528,14.72131],[120.93445,14.72103],[120.93416,14.72157],[120.93527,14.72185],[120.93528,14.72131]]],[[[120.93722,14.72187],[120.93695,14.72159],[120.93694,14.72187],[120.93722,14.72187]]],[[[120.93862,14.72188],[120.93834,14.72161],[120.93834,14.72188],[120.93862,14.72188]]],[[[120.95283,14.72146],[120.95199,14.72146],[120.95199,14.72173],[120.95282,14.72201],[120.95283,14.72146]]],[[[120.93833,14.72242],[120.93806,14.72215],[120.93805,14.72242],[120.93833,14.72242]]],[[[120.9492,14.72225],[120.94975,14.72252],[120.95031,14.72198],[120.9492,14.7217],[120.9492,14.72225]]],[[[120.95254,14.72255],[120.95226,14.722],[120.95226,14.72254],[120.95254,14.72255]]],[[[120.93109,14.7229],[120.93081,14.72262],[120.93081,14.72289],[120.93109,14.7229]]],[[[120.93331,14.72292],[120.93305,14.72183],[120.9319,14.72155],[120.93193,14.72236],[120.93304,14.72264],[120.93275,14.72318],[120.93331,14.72292]]],[[[120.94752,14.72331],[120.94807,14.72332],[120.94808,14.72305],[120.94752,14.72277],[120.94752,14.72331]]],[[[120.94361,14.72355],[120.94334,14.72328],[120.94334,14.72355],[120.94361,14.72355]]],[[[120.94863,14.72332],[120.94807,14.72359],[120.94863,14.7236],[120.94863,14.72332]]],[[[120.95196,14.72471],[120.95169,14.72416],[120.95168,14.72471],[120.95196,14.72471]]],[[[120.94304,14.7249],[120.94333,14.72382],[120.94305,14.72382],[120.94304,14.7249]]],[[[120.9436,14.72491],[120.94332,14.72518],[120.9436,14.72518],[120.9436,14.72491]]],[[[120.95084,14.72524],[120.95057,14.7247],[120.95056,14.72524],[120.95084,14.72524]]],[[[120.94749,14.72575],[120.94722,14.72548],[120.94721,14.72575],[120.94749,14.72575]]],[[[120.93858,14.72568],[120.93859,14.72513],[120.93747,14.72539],[120.93774,14.72594],[120.93858,14.72568]]],[[[120.9383,14.72567],[120.93803,14.7254],[120.9383,14.7254],[120.9383,14.72567]]],[[[120.9436,14.72518],[120.94387,14.72599],[120.94415,14.726],[120.94416,14.72518],[120.9436,14.72518]]],[[[120.94611,14.72466],[120.94583,14.7252],[120.94666,14.72575],[120.94722,14.72548],[120.94722,14.72494],[120.94805,14.72603],[120.94861,14.72522],[120.94917,14.72523],[120.94916,14.72577],[120.95028,14.72578],[120.95056,14.72524],[120.94973,14.72523],[120.94974,14.72415],[120.95112,14.7247],[120.95141,14.72362],[120.95197,14.72363],[120.95171,14.72145],[120.95199,14.72091],[120.95283,14.72119],[120.95255,14.72065],[120.952,14.72064],[120.95256,14.72011],[120.95172,14.7201],[120.95173,14.71956],[120.95061,14.72009],[120.95088,14.72063],[120.95145,14.7201],[120.95113,14.72416],[120.94946,14.7236],[120.94947,14.72252],[120.94837,14.72115],[120.94809,14.72196],[120.94864,14.72197],[120.94864,14.72251],[120.94919,14.72279],[120.9489,14.72387],[120.94946,14.72387],[120.94945,14.72496],[120.94862,14.72441],[120.94834,14.72495],[120.94834,14.72414],[120.94695,14.72412],[120.94696,14.72358],[120.94751,14.72386],[120.94752,14.72331],[120.94668,14.72304],[120.94725,14.72196],[120.94586,14.72194],[120.94557,14.72248],[120.94362,14.72274],[120.94362,14.72328],[120.94501,14.72356],[120.94527,14.72465],[120.94611,14.72466]]],[[[120.94806,14.72468],[120.94751,14.7244],[120.94806,14.7244],[120.94806,14.72468]]],[[[120.94474,14.72275],[120.94501,14.72302],[120.94473,14.72302],[120.94474,14.72275]]],[[[120.9305,14.72615],[120.93022,14.72587],[120.93022,14.72614],[120.9305,14.72615]]],[[[120.93495,14.72619],[120.93468,14.72591],[120.93468,14.72618],[120.93495,14.72619]]],[[[120.94248,14.72598],[120.94275,14.72653],[120.94303,14.72599],[120.94248,14.72598]]],[[[120.93438,14.72754],[120.93411,14.72726],[120.93411,14.72753],[120.93438,14.72754]]],[[[120.93606,14.72755],[120.93578,14.72728],[120.93578,14.72755],[120.93606,14.72755]]],[[[120.93437,14.72943],[120.93409,14.72916],[120.93409,14.72943],[120.93437,14.72943]]],[[[120.94551,14.72953],[120.94523,14.7298],[120.94551,14.7298],[120.94551,14.72953]]],[[[120.9338,14.72997],[120.93353,14.7297],[120.93353,14.72997],[120.9338,14.72997]]],[[[120.92963,14.72993],[120.92907,14.7302],[120.92962,14.7302],[120.92963,14.72993]]],[[[120.93241,14.72996],[120.93269,14.73023],[120.93269,14.72996],[120.93241,14.72996]]],[[[120.93519,14.73025],[120.93492,14.72998],[120.93492,14.73025],[120.93519,14.73025]]],[[[120.92934,14.73043],[120.9293,14.73034],[120.9293,14.73043],[120.92934,14.73043]]],[[[120.93018,14.73048],[120.9299,14.73021],[120.9299,14.73048],[120.93018,14.73048]]],[[[120.93241,14.7305],[120.93213,14.73023],[120.93213,14.7305],[120.93241,14.7305]]],[[[120.93826,14.73055],[120.93798,14.73028],[120.93798,14.73055],[120.93826,14.73055]]],[[[120.94021,14.73057],[120.93993,14.7303],[120.93993,14.73057],[120.94021,14.73057]]],[[[120.92934,14.73074],[120.92906,14.73047],[120.92906,14.73074],[120.92934,14.73074]]],[[[120.93463,14.73106],[120.93435,14.73079],[120.93435,14.73106],[120.93463,14.73106]]],[[[120.9324,14.73131],[120.93268,14.73104],[120.9324,14.73104],[120.9324,14.73131]]],[[[120.93407,14.73133],[120.93379,14.73105],[120.93379,14.73133],[120.93407,14.73133]]],[[[120.94272,14.72978],[120.94078,14.72922],[120.94021,14.7303],[120.94077,14.72976],[120.94161,14.72977],[120.94159,14.73112],[120.94298,14.73141],[120.94467,14.73007],[120.94467,14.72952],[120.94523,14.72953],[120.94552,14.72845],[120.94524,14.7279],[120.94413,14.72844],[120.94385,14.72789],[120.94246,14.72761],[120.94219,14.72652],[120.9419,14.72787],[120.94246,14.72788],[120.94272,14.72978]]],[[[120.94244,14.73032],[120.94216,14.73004],[120.94244,14.73005],[120.94244,14.73032]]],[[[120.94438,14.73142],[120.94522,14.73061],[120.94522,14.73034],[120.9441,14.73087],[120.94438,14.73142]]],[[[120.93351,14.73132],[120.93268,14.73159],[120.93351,14.73159],[120.93351,14.73132]]],[[[120.9402,14.73165],[120.93992,14.73138],[120.93992,14.73165],[120.9402,14.73165]]],[[[120.93964,14.73192],[120.93936,14.73165],[120.93936,14.73192],[120.93964,14.73192]]],[[[120.94214,14.73194],[120.94131,14.73112],[120.94103,14.73166],[120.94214,14.73194]]],[[[120.93546,14.73215],[120.93518,14.73188],[120.93518,14.73215],[120.93546,14.73215]]],[[[120.94158,14.73221],[120.94131,14.73193],[120.9413,14.73221],[120.94158,14.73221]]],[[[120.93601,14.73243],[120.93574,14.73188],[120.93573,14.73243],[120.93601,14.73243]]],[[[120.94297,14.73249],[120.94326,14.73195],[120.9427,14.73168],[120.94242,14.73249],[120.94297,14.73249]]],[[[120.93461,14.73269],[120.93434,14.73214],[120.93434,14.73269],[120.93461,14.73269]]],[[[120.92932,14.73291],[120.92905,14.73237],[120.92904,14.73291],[120.92932,14.73291]]],[[[120.92848,14.73345],[120.92876,14.73291],[120.92821,14.73263],[120.92792,14.73317],[120.92848,14.73345]]],[[[120.93962,14.73355],[120.93935,14.73246],[120.93934,14.73354],[120.93962,14.73355]]],[[[120.93516,14.73351],[120.93509,14.73351],[120.93516,14.7336],[120.93516,14.73351]]],[[[120.93544,14.73378],[120.9353,14.73378],[120.93544,14.73402],[120.93544,14.73378]]],[[[120.93554,14.73432],[120.93572,14.73405],[120.93545,14.73405],[120.93554,14.73432]]],[[[120.93933,14.73436],[120.93878,14.73408],[120.93878,14.73435],[120.93933,14.73436]]],[[[120.93683,14.73461],[120.93655,14.73406],[120.93655,14.7346],[120.93683,14.73461]]],[[[120.93599,14.73433],[120.93572,14.73487],[120.93599,14.73487],[120.93599,14.73433]]],[[[120.93877,14.73489],[120.93822,14.73462],[120.93822,14.73489],[120.93877,14.73489]]],[[[120.92763,14.73502],[120.92735,14.73479],[120.92735,14.73484],[120.92763,14.73502]]],[[[120.93682,14.73542],[120.93654,14.73487],[120.93654,14.73542],[120.93682,14.73542]]],[[[120.93905,14.73544],[120.93877,14.73516],[120.93877,14.73544],[120.93905,14.73544]]],[[[120.93988,14.73545],[120.94045,14.73464],[120.93961,14.73463],[120.93988,14.73545]]],[[[120.93709,14.73623],[120.93681,14.73596],[120.93681,14.73623],[120.93709,14.73623]]],[[[120.94154,14.73655],[120.94182,14.73635],[120.94183,14.73601],[120.94127,14.736],[120.94154,14.73655]]],[[[120.93792,14.73678],[120.93764,14.73651],[120.93764,14.73678],[120.93792,14.73678]]],[[[120.94154,14.73682],[120.94126,14.73654],[120.94126,14.73681],[120.94154,14.73682]]],[[[120.93625,14.7365],[120.93598,14.73568],[120.93634,14.73682],[120.9368,14.73685],[120.93625,14.7365]]],[[[120.93891,14.73718],[120.93987,14.7368],[120.93819,14.73706],[120.93891,14.73718]]]]}},{"type":"Feature","properties":{"hazard":"storm-surge","level":"moderate","advisory":"SSA2"},"geometry":{"type":"MultiPolygon","coordinates":[[[[120.96767,14.46984],[120.96767,14.46973],[120.96755,14.46984],[120.96767,14.46984]]],[[[120.97435,14.47464],[120.97445,14.47455],[120.97435,14.47455],[120.97435,14.47464]]],[[[120.97454,14.47464],[120.97444,14.47482],[120.97454,14.47482],[120.97454,14.47464]]],[[[120.97407,14.47482],[120.97416,14.47491],[120.97416,14.47482],[120.97407,14.47482]]],[[[120.97444,14.47491],[120.97435,14.47482],[120.97435,14.47491],[120.97444,14.47491]]],[[[120.97407,14.475],[120.97398,14.47491],[120.97398,14.475],[120.97407,14.475]]],[[[120.97314,14.47499],[120.97333,14.47508],[120.97333,14.47499],[120.97314,14.47499]]],[[[120.97398,14.47509],[120.97361,14.47499],[120.97361,14.47508],[120.97398,14.47509]]],[[[120.97435,14.47509],[120.97426,14.47491],[120.97425,14.47509],[120.97435,14.47509]]],[[[120.97565,14.47483],[120.9775,14.47494],[120.97815,14.47458],[120.9764,14.4742],[120.97565,14.47483]]],[[[120.97314,14.47517],[120.97305,14.47508],[120.97305,14.47517],[120.97314,14.47517]]],[[[120.97425,14.47518],[120.97416,14.47509],[120.97416,14.47518],[120.97425,14.47518]]],[[[120.97305,14.47526],[120.97296,14.47517],[120.97295,14.47526],[120.97305,14.47526]]],[[[120.97295,14.47535],[120.97286,14.47526],[120.97286,14.47535],[120.97295,14.47535]]],[[[120.97434,14.47536],[120.97425,14.47527],[120.97425,14.47536],[120.97434,14.47536]]],[[[120.97286,14.47544],[120.97277,14.47535],[120.97277,14.47544],[120.97286,14.47544]]],[[[120.97444,14.47563],[120.97453,14.47554],[120.97444,14.47554],[120.97444,14.47563]]],[[[120.97462,14.47563],[120.97453,14.47572],[120.97462,14.47573],[120.97462,14.47563]]],[[[120.97666,14.47583],[120.97684,14.47593],[120.97684,14.47583],[120.97666,14.47583]]],[[[120.97462,14.476],[120.97471,14.47582],[120.97462,14.47582],[120.97462,14.476]]],[[[120.97694,14.47593],[120.97684,14.47611],[120.97694,14.47611],[120.97694,14.47593]]],[[[120.97277,14.47544],[120.97193,14.47543],[120.97193,14.47615],[120.97212,14.4757],[120.97277,14.47544]]],[[[120.9748,14.476],[120.97471,14.47618],[120.9748,14.47618],[120.9748,14.476]]],[[[120.97619,14.47619],[120.97629,14.4761],[120.97619,14.4761],[120.97619,14.47619]]],[[[120.97721,14.4762],[120.97694,14.47611],[120.97693,14.4762],[120.97721,14.4762]]],[[[120.9774,14.47602],[120.97731,14.4762],[120.97749,14.4762],[120.9774,14.47602]]],[[[120.97211,14.47616],[120.97202,14.47625],[120.97211,14.47625],[120.97211,14.47616]]],[[[120.97758,14.4762],[120.97749,14.47629],[120.97758,14.47629],[120.97758,14.4762]]],[[[120.97211,14.47652],[120.97202,14.47643],[120.97202,14.47652],[120.97211,14.47652]]],[[[120.9748,14.47654],[120.97489,14.47636],[120.9748,14.47636],[120.9748,14.47654]]],[[[120.97229,14.47652],[120.97257,14.47661],[120.97257,14.47652],[120.97229,14.47652]]],[[[120.97164,14.47669],[120.97155,14.4766],[120.97155,14.47669],[120.97164,14.47669]]],[[[120.97201,14.4767],[120.97192,14.47661],[120.97192,14.4767],[120.97201,14.4767]]],[[[120.97229,14.4767],[120.9722,14.47661],[120.9722,14.4767],[120.97229,14.4767]]],[[[120.97266,14.4767],[120.97276,14.47661],[120.97266,14.47661],[120.97266,14.4767]]],[[[120.97498,14.47654],[120.97489,14.47672],[120.97498,14.47672],[120.97498,14.47654]]],[[[120.97183,14.47679],[120.97174,14.47669],[120.97174,14.47678],[120.97183,14.47679]]],[[[120.97285,14.4767],[120.97276,14.47679],[120.97285,14.47679],[120.97285,14.4767]]],[[[120.9735,14.47671],[120.97359,14.4768],[120.97359,14.47671],[120.9735,14.47671]]],[[[120.97368,14.4768],[120.97387,14.47671],[120.97368,14.47671],[120.97368,14.4768]]],[[[120.97507,14.47672],[120.97498,14.47681],[120.97507,14.47681],[120.97507,14.47672]]],[[[120.97294,14.4768],[120.97285,14.47688],[120.97294,14.47689],[120.97294,14.4768]]],[[[120.9735,14.47689],[120.9734,14.4768],[120.9734,14.47689],[120.9735,14.47689]]],[[[120.97396,14.4768],[120.97387,14.47689],[120.97396,14.47689],[120.97396,14.4768]]],[[[120.97517,14.47681],[120.97507,14.4769],[120.97517,14.4769],[120.97517,14.47681]]],[[[120.97526,14.47691],[120.97516,14.477],[120.97526,14.477],[120.97526,14.47691]]],[[[120.9722,14.47706],[120.97211,14.4767],[120.97217,14.47706],[120.9722,14.47706]]],[[[120.97322,14.47707],[120.97303,14.47689],[120.97303,14.47698],[120.97322,14.47707]]],[[[120.97544,14.477],[120.97526,14.47709],[120.97544,14.47709],[120.97544,14.477]]],[[[120.97229,14.47706],[120.97223,14.47714],[120.97229,14.47715],[120.97229,14.47706]]],[[[120.97553,14.47709],[120.97544,14.47718],[120.97553,14.47718],[120.97553,14.47709]]],[[[120.97637,14.47719],[120.97628,14.4771],[120.97628,14.47719],[120.97637,14.47719]]],[[[120.97563,14.47727],[120.97581,14.47718],[120.97563,14.47718],[120.97563,14.47727]]],[[[120.97628,14.47728],[120.97618,14.47718],[120.97618,14.47727],[120.97628,14.47728]]],[[[120.97247,14.47733],[120.97257,14.47724],[120.97247,14.47724],[120.97247,14.47733]]],[[[120.97266,14.47733],[120.97256,14.47742],[120.97266,14.47743],[120.97266,14.47733]]],[[[120.97275,14.47743],[120.97266,14.47752],[120.97275,14.47752],[120.97275,14.47743]]],[[[120.97293,14.4777],[120.97303,14.47761],[120.97293,14.47761],[120.97293,14.4777]]],[[[120.97312,14.4777],[120.97302,14.47779],[120.97312,14.47779],[120.97312,14.4777]]],[[[120.9733,14.47797],[120.97339,14.47788],[120.9733,14.47788],[120.9733,14.47797]]],[[[120.97349,14.47797],[120.97339,14.47806],[120.97349,14.47807],[120.97349,14.47797]]],[[[120.97367,14.47807],[120.97348,14.47816],[120.97367,14.47816],[120.97367,14.47807]]],[[[120.97376,14.47816],[120.97367,14.47825],[120.97376,14.47825],[120.97376,14.47816]]],[[[120.97395,14.47825],[120.97413,14.4787],[120.97431,14.4787],[120.97395,14.47825]]],[[[120.97441,14.47871],[120.97431,14.4788],[120.97441,14.4788],[120.97441,14.47871]]],[[[120.9745,14.4788],[120.97441,14.47889],[120.9745,14.47889],[120.9745,14.4788]]],[[[120.97459,14.47889],[120.9745,14.47898],[120.97459,14.47898],[120.97459,14.47889]]],[[[120.97468,14.47898],[120.97459,14.47907],[120.97468,14.47907],[120.97468,14.47898]]],[[[120.97478,14.47907],[120.97468,14.47916],[120.97477,14.47916],[120.97478,14.47907]]],[[[120.97496,14.47916],[120.97477,14.47925],[120.97496,14.47925],[120.97496,14.47916]]],[[[120.97505,14.47925],[120.97496,14.47934],[120.97505,14.47934],[120.97505,14.47925]]],[[[120.97514,14.47934],[120.97505,14.47943],[120.97514,14.47943],[120.97514,14.47934]]],[[[120.97524,14.47944],[120.97514,14.47953],[120.97523,14.47953],[120.97524,14.47944]]],[[[120.97533,14.47953],[120.97523,14.47962],[120.97533,14.47962],[120.97533,14.47953]]],[[[120.97551,14.47962],[120.97533,14.47971],[120.97551,14.47971],[120.97551,14.47962]]],[[[120.9756,14.47971],[120.97551,14.4798],[120.9756,14.4798],[120.9756,14.47971]]],[[[120.9757,14.4798],[120.9756,14.47989],[120.9757,14.47989],[120.9757,14.4798]]],[[[120.97579,14.47989],[120.97569,14.47998],[120.97579,14.47998],[120.97579,14.47989]]],[[[120.97597,14.47998],[120.97597,14.48026],[120.97616,14.48026],[120.97597,14.47998]]],[[[120.97625,14.48026],[120.97615,14.48035],[120.97625,14.48035],[120.97625,14.48026]]],[[[120.97634,14.48035],[120.97625,14.48044],[120.97634,14.48044],[120.97634,14.48035]]],[[[120.97643,14.48044],[120.97634,14.48053],[120.97643,14.48053],[120.97643,14.48044]]],[[[120.97652,14.48053],[120.97643,14.48062],[120.97652,14.48062],[120.97652,14.48053]]],[[[120.97662,14.48062],[120.97652,14.48071],[120.97662,14.48071],[120.97662,14.48062]]],[[[120.97671,14.48071],[120.97661,14.4808],[120.97671,14.4808],[120.97671,14.48071]]],[[[120.9768,14.4808],[120.97671,14.48089],[120.9768,14.48089],[120.9768,14.4808]]],[[[120.97689,14.4809],[120.9768,14.48099],[120.97689,14.48099],[120.97689,14.4809]]],[[[120.97698,14.48099],[120.97689,14.48108],[120.97698,14.48108],[120.97698,14.48099]]],[[[120.97708,14.48108],[120.97698,14.48117],[120.97707,14.48117],[120.97708,14.48108]]],[[[120.97717,14.48117],[120.97707,14.48126],[120.97717,14.48126],[120.97717,14.48117]]],[[[120.97726,14.48126],[120.97717,14.48135],[120.97726,14.48135],[120.97726,14.48126]]],[[[120.97754,14.48153],[120.97726,14.48153],[120.97753,14.48171],[120.97754,14.48153]]],[[[120.97763,14.48172],[120.97753,14.4818],[120.97763,14.48181],[120.97763,14.48172]]],[[[120.97772,14.48181],[120.97762,14.4819],[120.97772,14.4819],[120.97772,14.48181]]],[[[120.97781,14.4819],[120.97772,14.48195],[120.97781,14.48199],[120.97781,14.4819]]],[[[120.9779,14.48199],[120.97781,14.48217],[120.9779,14.48217],[120.9779,14.48199]]],[[[120.97799,14.48217],[120.9779,14.48226],[120.97799,14.48226],[120.97799,14.48217]]],[[[120.97808,14.48226],[120.97799,14.48235],[120.97808,14.48235],[120.97808,14.48226]]],[[[120.97818,14.48235],[120.97808,14.48253],[120.97818,14.48253],[120.97818,14.48235]]],[[[120.97827,14.48253],[120.97817,14.48262],[120.97827,14.48262],[120.97827,14.48253]]],[[[120.97836,14.48263],[120.97827,14.48271],[120.97836,14.48272],[120.97836,14.48263]]],[[[120.97845,14.48272],[120.97836,14.4829],[120.97845,14.4829],[120.97845,14.48272]]],[[[120.97854,14.4829],[120.97845,14.48299],[120.97854,14.48299],[120.97854,14.4829]]],[[[120.97863,14.48299],[120.97854,14.48317],[120.97863,14.48317],[120.97863,14.48299]]],[[[120.97873,14.48317],[120.97863,14.48326],[120.97873,14.48326],[120.97873,14.48317]]],[[[120.97882,14.48326],[120.97872,14.48344],[120.97882,14.48344],[120.97882,14.48326]]],[[[120.97891,14.48344],[120.97882,14.48353],[120.97891,14.48353],[120.97891,14.48344]]],[[[120.979,14.48353],[120.97891,14.48362],[120.979,14.48362],[120.979,14.48353]]],[[[120.979,14.4839],[120.97928,14.4839],[120.979,14.48372],[120.979,14.4839]]],[[[120.97937,14.48408],[120.97927,14.48417],[120.97937,14.48417],[120.97937,14.48408]]],[[[120.97946,14.48417],[120.97936,14.48435],[120.97946,14.48435],[120.97946,14.48417]]],[[[120.97955,14.48435],[120.97946,14.48444],[120.97955,14.48444],[120.97955,14.48435]]],[[[120.97964,14.48444],[120.97955,14.48462],[120.97964,14.48462],[120.97964,14.48444]]],[[[120.97973,14.48463],[120.97964,14.48471],[120.97973,14.48472],[120.97973,14.48463]]],[[[120.98307,14.48483],[120.98289,14.48474],[120.98288,14.48483],[120.98307,14.48483]]],[[[120.97982,14.48472],[120.97973,14.4849],[120.97982,14.4849],[120.97982,14.48472]]],[[[120.97992,14.4849],[120.97982,14.48499],[120.97992,14.48499],[120.97992,14.4849]]],[[[120.97638,14.47646],[120.97683,14.47746],[120.97645,14.47791],[120.97608,14.47782],[120.97618,14.47727],[120.97489,14.4769],[120.97396,14.47698],[120.97671,14.47999],[120.97736,14.48],[120.97865,14.48118],[120.98113,14.48437],[120.98187,14.48446],[120.98224,14.48401],[120.98196,14.48501],[120.98233,14.48501],[120.9828,14.48438],[120.98242,14.48447],[120.98252,14.48411],[120.98169,14.48338],[120.98161,14.48202],[120.98069,14.48174],[120.98088,14.48093],[120.98015,14.47966],[120.97758,14.47702],[120.97786,14.4763],[120.97693,14.47674],[120.97657,14.47592],[120.97629,14.47619],[120.97638,14.47646]]],[[[120.98041,14.48183],[120.98013,14.48192],[120.9805,14.48165],[120.98041,14.48183]]],[[[120.98013,14.48129],[120.97976,14.48182],[120.97976,14.48119],[120.98013,14.48129]]],[[[120.98197,14.48383],[120.98169,14.4841],[120.98141,14.48401],[120.9815,14.48365],[120.98197,14.48383]]],[[[120.97691,14.47846],[120.9772,14.4781],[120.9782,14.47928],[120.97793,14.47928],[120.97691,14.47846]]],[[[120.97571,14.47826],[120.97589,14.47845],[120.97571,14.47836],[120.97571,14.47826]]],[[[120.9773,14.47719],[120.97748,14.47692],[120.97748,14.4772],[120.9773,14.47719]]],[[[120.97665,14.47692],[120.97674,14.47665],[120.97684,14.47683],[120.97665,14.47692]]],[[[120.98001,14.48499],[120.97991,14.48517],[120.98001,14.48517],[120.98001,14.48499]]],[[[120.9801,14.48517],[120.98001,14.48526],[120.9801,14.48526],[120.9801,14.48517]]],[[[120.98251,14.48501],[120.98223,14.48537],[120.9826,14.48537],[120.98251,14.48501]]],[[[120.9801,14.48544],[120.98019,14.48535],[120.9801,14.48535],[120.9801,14.48544]]],[[[120.98028,14.48544],[120.98019,14.48553],[120.98028,14.48553],[120.98028,14.48544]]],[[[120.97518,14.48558],[120.97527,14.48567],[120.97527,14.48558],[120.97518,14.48558]]],[[[120.97536,14.48567],[120.97546,14.48558],[120.97537,14.48558],[120.97536,14.48567]]],[[[120.98028,14.48571],[120.98037,14.48562],[120.98028,14.48562],[120.98028,14.48571]]],[[[120.9838,14.48574],[120.98362,14.48556],[120.98362,14.48574],[120.9838,14.48574]]],[[[120.97518,14.48576],[120.97509,14.48567],[120.97509,14.48576],[120.97518,14.48576]]],[[[120.97555,14.48567],[120.97546,14.48576],[120.97555,14.48576],[120.97555,14.48567]]],[[[120.98047,14.48572],[120.98037,14.48581],[120.98046,14.48581],[120.98047,14.48572]]],[[[120.97508,14.48585],[120.97499,14.48576],[120.97499,14.48585],[120.97508,14.48585]]],[[[120.97555,14.48594],[120.97564,14.48586],[120.97555,14.48585],[120.97555,14.48594]]],[[[120.98056,14.48581],[120.98046,14.48599],[120.98056,14.48599],[120.98056,14.48581]]],[[[120.97573,14.48595],[120.97564,14.48604],[120.97573,14.48604],[120.97573,14.48595]]],[[[120.97582,14.48604],[120.97573,14.48613],[120.97582,14.48613],[120.97582,14.48604]]],[[[120.98065,14.48599],[120.98055,14.48617],[120.98065,14.48617],[120.98065,14.48599]]],[[[120.97592,14.48631],[120.97582,14.48622],[120.97582,14.48631],[120.97592,14.48631]]],[[[120.97582,14.4864],[120.97591,14.48649],[120.97591,14.4864],[120.97582,14.4864]]],[[[120.97582,14.48658],[120.97573,14.48649],[120.97573,14.48658],[120.97582,14.48658]]],[[[120.97573,14.48667],[120.97563,14.48658],[120.97563,14.48667],[120.97573,14.48667]]],[[[120.98083,14.48617],[120.98101,14.48699],[120.9812,14.48699],[120.98083,14.48617]]],[[[120.98129,14.48699],[120.98119,14.48717],[120.98129,14.48717],[120.98129,14.48699]]],[[[120.98138,14.48717],[120.98129,14.48735],[120.98138,14.48735],[120.98138,14.48717]]],[[[120.98471,14.48846],[120.98461,14.48837],[120.98461,14.48846],[120.98471,14.48846]]],[[[120.98164,14.48898],[120.98155,14.48871],[120.98155,14.48898],[120.98164,14.48898]]],[[[120.98138,14.48735],[120.98164,14.48871],[120.98266,14.48899],[120.98183,14.48817],[120.98138,14.48735]]],[[[120.98173,14.48898],[120.98164,14.48907],[120.98173,14.48907],[120.98173,14.48898]]],[[[120.98516,14.48946],[120.98563,14.48928],[120.98516,14.48928],[120.98516,14.48946]]],[[[120.97616,14.48966],[120.97664,14.48812],[120.97563,14.48667],[120.97581,14.4873],[120.97498,14.48757],[120.97499,14.48648],[120.97415,14.4862],[120.9749,14.48585],[120.97389,14.48476],[120.97333,14.48475],[120.97366,14.48652],[120.97466,14.48805],[120.97616,14.48966]]],[[[120.97397,14.48656],[120.97406,14.48629],[120.97406,14.48656],[120.97397,14.48656]]],[[[120.98683,14.49011],[120.98673,14.48984],[120.98664,14.49011],[120.98683,14.49011]]],[[[120.98599,14.49046],[120.9858,14.49037],[120.9858,14.49046],[120.98599,14.49046]]],[[[120.98348,14.49053],[120.98292,14.4908],[120.98357,14.4908],[120.98348,14.49053]]],[[[120.98431,14.4909],[120.98423,14.49018],[120.98349,14.48963],[120.98367,14.49053],[120.98431,14.4909]]],[[[120.98598,14.49091],[120.98589,14.49082],[120.98589,14.49091],[120.98598,14.49091]]],[[[120.97726,14.49156],[120.97735,14.49147],[120.97726,14.49147],[120.97726,14.49156]]],[[[120.97744,14.49156],[120.97735,14.49165],[120.97744,14.49165],[120.97744,14.49156]]],[[[120.97763,14.49175],[120.97744,14.49183],[120.97763,14.49193],[120.97763,14.49175]]],[[[120.98217,14.49206],[120.98208,14.49197],[120.98208,14.49206],[120.98217,14.49206]]],[[[120.9818,14.49214],[120.98189,14.49223],[120.98189,14.49214],[120.9818,14.49214]]],[[[120.9818,14.49232],[120.9817,14.49223],[120.9817,14.49232],[120.9818,14.49232]]],[[[120.98152,14.49232],[120.98161,14.49241],[120.98161,14.49232],[120.98152,14.49232]]],[[[120.98431,14.4909],[120.98264,14.49125],[120.98229,14.48926],[120.98173,14.48907],[120.98237,14.4907],[120.98208,14.49151],[120.98255,14.49152],[120.98217,14.49197],[120.98523,14.49172],[120.98588,14.49245],[120.9856,14.49181],[120.98431,14.4909]]],[[[120.98422,14.49144],[120.98449,14.49153],[120.98422,14.49153],[120.98422,14.49144]]],[[[120.98597,14.49245],[120.98588,14.49254],[120.98597,14.49254],[120.98597,14.49245]]],[[[120.97753,14.49256],[120.97743,14.49265],[120.97762,14.4927],[120.97753,14.49256]]],[[[120.97568,14.49232],[120.97603,14.49261],[120.97703,14.49268],[120.97724,14.49265],[120.97568,14.49232]]],[[[120.98615,14.49263],[120.98597,14.49268],[120.98615,14.49281],[120.98615,14.49263]]],[[[120.99246,14.49287],[120.99237,14.49269],[120.99237,14.49287],[120.99246,14.49287]]],[[[120.98624,14.49281],[120.98616,14.49295],[120.98624,14.49299],[120.98624,14.49281]]],[[[120.98634,14.493],[120.98624,14.49309],[120.98633,14.49309],[120.98634,14.493]]],[[[120.98643,14.49309],[120.98633,14.49318],[120.98643,14.49318],[120.98643,14.49309]]],[[[120.98152,14.49241],[120.98068,14.49286],[120.97994,14.49285],[120.98077,14.49318],[120.98152,14.49241]]],[[[120.99255,14.4935],[120.99246,14.49305],[120.99245,14.4935],[120.99255,14.4935]]],[[[120.99468,14.49352],[120.99477,14.49361],[120.99477,14.49352],[120.99468,14.49352]]],[[[120.99254,14.49368],[120.99264,14.49359],[120.99254,14.49359],[120.99254,14.49368]]],[[[120.98643,14.49318],[120.98654,14.49354],[120.98707,14.49427],[120.98707,14.494],[120.98643,14.49318]]],[[[120.98725,14.49445],[120.98706,14.49442],[120.98725,14.49472],[120.98725,14.49445]]],[[[120.98734,14.49472],[120.98727,14.49485],[120.98734,14.4949],[120.98734,14.49472]]],[[[120.98743,14.4949],[120.98735,14.49499],[120.98743,14.49499],[120.98743,14.4949]]],[[[120.98745,14.49525],[120.98752,14.49508],[120.98743,14.49508],[120.98745,14.49525]]],[[[120.98761,14.49527],[120.98752,14.49543],[120.98761,14.49545],[120.98761,14.49527]]],[[[120.98808,14.49545],[120.98798,14.49536],[120.98798,14.49545],[120.98808,14.49545]]],[[[120.9877,14.49545],[120.98761,14.49563],[120.9877,14.49563],[120.9877,14.49545]]],[[[120.98817,14.49572],[120.98807,14.49563],[120.98807,14.49572],[120.98817,14.49572]]],[[[120.98826,14.49599],[120.98816,14.4959],[120.98816,14.49599],[120.98826,14.49599]]],[[[120.99707,14.49616],[120.99697,14.49625],[120.99707,14.49625],[120.99707,14.49616]]],[[[120.98835,14.49627],[120.98826,14.49608],[120.98825,14.49627],[120.98835,14.49627]]],[[[120.99716,14.49625],[120.99706,14.49634],[120.99716,14.49634],[120.99716,14.49625]]],[[[120.98844,14.49645],[120.98835,14.49636],[120.98834,14.49645],[120.98844,14.49645]]],[[[120.99468,14.49361],[120.99264,14.49368],[120.99383,14.49478],[120.99372,14.49649],[120.99468,14.49361]]],[[[120.9943,14.4946],[120.9942,14.49505],[120.99429,14.49496],[120.9943,14.4946]]],[[[120.99392,14.49496],[120.99402,14.49487],[120.99392,14.49487],[120.99392,14.49496]]],[[[120.99586,14.49651],[120.99567,14.49642],[120.99567,14.49651],[120.99586,14.49651]]],[[[120.99354,14.49658],[120.99345,14.4964],[120.99344,14.49658],[120.99354,14.49658]]],[[[120.99567,14.4966],[120.99539,14.49651],[120.99539,14.4966],[120.99567,14.4966]]],[[[120.99725,14.49634],[120.99715,14.49661],[120.99725,14.49661],[120.99725,14.49634]]],[[[120.99753,14.49653],[120.9978,14.49662],[120.9978,14.49653],[120.99753,14.49653]]],[[[120.99539,14.49669],[120.99521,14.4966],[120.99521,14.49669],[120.99539,14.49669]]],[[[120.99734,14.49661],[120.99725,14.4967],[120.99734,14.4967],[120.99734,14.49661]]],[[[120.99752,14.49671],[120.99743,14.49661],[120.99743,14.49671],[120.99752,14.49671]]],[[[120.9877,14.49563],[120.98815,14.49726],[120.98824,14.49726],[120.98816,14.49645],[120.9877,14.49563]]],[[[120.9977,14.49752],[120.99752,14.49743],[120.99752,14.49752],[120.9977,14.49752]]],[[[120.98833,14.49753],[120.98824,14.49735],[120.98824,14.49753],[120.98833,14.49753]]],[[[120.99752,14.49761],[120.99742,14.49752],[120.99742,14.49761],[120.99752,14.49761]]],[[[120.99511,14.49759],[120.99473,14.49768],[120.9951,14.49768],[120.99511,14.49759]]],[[[120.99464,14.49777],[120.99455,14.49767],[120.99455,14.49777],[120.99464,14.49777]]],[[[120.99603,14.4976],[120.9952,14.49768],[120.99724,14.49779],[120.99696,14.49751],[120.99938,14.49663],[120.99957,14.49582],[120.99901,14.49627],[120.99864,14.49599],[120.99873,14.49645],[120.99724,14.49725],[120.99539,14.49714],[120.99521,14.49669],[120.99465,14.49695],[120.99512,14.4965],[120.99697,14.49616],[120.99633,14.4957],[120.994,14.49668],[120.99409,14.49749],[120.99372,14.49658],[120.99381,14.49758],[120.99455,14.49749],[120.99465,14.49704],[120.9952,14.49723],[120.99464,14.49731],[120.99483,14.4975],[120.99603,14.4976]]],[[[120.99715,14.49743],[120.99696,14.49733],[120.99715,14.49734],[120.99715,14.49743]]],[[[120.9978,14.49716],[120.99762,14.49698],[120.99799,14.49689],[120.9978,14.49716]]],[[[120.98193,14.49784],[120.98184,14.49748],[120.98184,14.49784],[120.98193,14.49784]]],[[[120.99344,14.4973],[120.99326,14.49676],[120.99325,14.49784],[120.99344,14.4973]]],[[[120.99445,14.49785],[120.99436,14.49776],[120.99436,14.49785],[120.99445,14.49785]]],[[[120.98833,14.49789],[120.98843,14.49762],[120.98833,14.49762],[120.98833,14.49789]]],[[[120.98277,14.49803],[120.98267,14.49784],[120.98267,14.49802],[120.98277,14.49803]]],[[[120.99343,14.49785],[120.99334,14.49812],[120.99343,14.49812],[120.99343,14.49785]]],[[[120.99417,14.49812],[120.99408,14.49803],[120.99408,14.49812],[120.99417,14.49812]]],[[[120.98898,14.49817],[120.98889,14.49799],[120.98889,14.49817],[120.98898,14.49817]]],[[[120.99407,14.49885],[120.99398,14.49866],[120.99398,14.49884],[120.99407,14.49885]]],[[[120.99398,14.49912],[120.99407,14.49903],[120.99398,14.49903],[120.99398,14.49912]]],[[[120.9936,14.49984],[120.99342,14.49965],[120.99332,14.49983],[120.9936,14.49984]]],[[[120.99407,14.49912],[120.99416,14.49984],[120.99425,14.49984],[120.99435,14.49939],[120.99407,14.49912]]],[[[120.99434,14.49984],[120.99425,14.50002],[120.99434,14.50002],[120.99434,14.49984]]],[[[120.98935,14.49844],[120.98898,14.49826],[120.98888,14.49889],[120.98842,14.49789],[120.98877,14.50034],[120.98923,14.50088],[120.98915,14.49962],[120.98988,14.50062],[120.98998,14.50044],[120.98962,14.49926],[120.98925,14.49926],[120.98935,14.49844]]],[[[120.98906,14.49907],[120.98897,14.49898],[120.98906,14.49898],[120.98906,14.49907]]],[[[120.99016,14.50071],[120.98997,14.50089],[120.99016,14.50098],[120.99016,14.50071]]],[[[120.98932,14.50088],[120.98923,14.50124],[120.98932,14.50124],[120.98932,14.50088]]],[[[120.99434,14.5002],[120.99442,14.50129],[120.99443,14.5002],[120.99434,14.5002]]],[[[120.99015,14.50143],[120.99006,14.50125],[120.99006,14.50143],[120.99015,14.50143]]],[[[120.9921,14.50145],[120.99201,14.50136],[120.99201,14.50145],[120.9921,14.50145]]],[[[120.99229,14.50145],[120.9922,14.50127],[120.9922,14.50145],[120.99229,14.50145]]],[[[120.98385,14.50165],[120.98375,14.50156],[120.98375,14.50165],[120.98385,14.50165]]],[[[120.99433,14.50156],[120.99405,14.50156],[120.99405,14.50174],[120.99433,14.50156]]],[[[120.9946,14.50192],[120.99442,14.50165],[120.99442,14.50192],[120.9946,14.50192]]],[[[120.9836,14.49839],[120.98184,14.49793],[120.98219,14.49965],[120.98349,14.49993],[120.98366,14.50138],[120.98458,14.50193],[120.98413,14.50102],[120.98451,14.50039],[120.98368,14.49939],[120.9836,14.49839]]],[[[120.98386,14.50002],[120.98395,14.50011],[120.98386,14.50011],[120.98386,14.50002]]],[[[120.98941,14.50125],[120.98922,14.50188],[120.98959,14.50197],[120.98941,14.50125]]],[[[120.99343,14.49812],[120.99369,14.50029],[120.99257,14.50055],[120.99275,14.50182],[120.99108,14.50144],[120.98996,14.50197],[120.99293,14.50191],[120.99359,14.50155],[120.99397,14.49984],[120.99343,14.49812]]],[[[120.99266,14.50091],[120.99275,14.50109],[120.99266,14.50109],[120.99266,14.50091]]],[[[120.99405,14.50192],[120.99377,14.50192],[120.99377,14.5021],[120.99405,14.50192]]],[[[120.99284,14.50209],[120.99284,14.50236],[120.99302,14.50236],[120.99284,14.50209]]],[[[120.99395,14.5021],[120.99386,14.50237],[120.99395,14.50237],[120.99395,14.5021]]],[[[120.99321,14.50236],[120.99302,14.50245],[120.99321,14.50245],[120.99321,14.50236]]],[[[120.99404,14.50237],[120.99395,14.50255],[120.99404,14.50255],[120.99404,14.50237]]],[[[120.98514,14.50256],[120.98495,14.50238],[120.98495,14.50256],[120.98514,14.50256]]],[[[120.98977,14.50251],[120.98987,14.5026],[120.98987,14.50251],[120.98977,14.50251]]],[[[120.98977,14.50269],[120.98949,14.5026],[120.98949,14.50269],[120.98977,14.50269]]],[[[120.98949,14.50278],[120.98929,14.50269],[120.98912,14.50278],[120.98949,14.50278]]],[[[120.98894,14.50287],[120.98903,14.50281],[120.98879,14.50287],[120.98894,14.50287]]],[[[120.99274,14.50227],[120.99033,14.50252],[120.99033,14.50261],[120.9907,14.50297],[120.99079,14.50261],[120.99274,14.50227]]],[[[120.9867,14.50348],[120.98884,14.50332],[120.98903,14.50305],[120.98821,14.50296],[120.9867,14.50348]]],[[[120.99321,14.50245],[120.99348,14.50336],[120.99385,14.50354],[120.99358,14.50255],[120.99321,14.50245]]],[[[120.9867,14.50357],[120.98645,14.50349],[120.98643,14.50357],[120.9867,14.50357]]],[[[120.98642,14.50366],[120.98615,14.50358],[120.98615,14.50366],[120.98642,14.50366]]],[[[120.98615,14.50375],[120.98589,14.50366],[120.98587,14.50375],[120.98615,14.50375]]],[[[120.9855,14.50379],[120.98577,14.50383],[120.98577,14.50374],[120.9855,14.50379]]],[[[120.99394,14.50354],[120.99384,14.5039],[120.99394,14.5039],[120.99394,14.50354]]],[[[120.99404,14.50255],[120.99431,14.50391],[120.9944,14.50391],[120.99441,14.50282],[120.99404,14.50255]]],[[[120.98549,14.50392],[120.98532,14.50383],[120.98512,14.50392],[120.98549,14.50392]]],[[[120.99097,14.50352],[120.9906,14.50315],[120.99106,14.50397],[120.99097,14.50352]]],[[[120.99403,14.50391],[120.99393,14.504],[120.99403,14.504],[120.99403,14.50391]]],[[[120.99449,14.50391],[120.9944,14.50409],[120.99449,14.50409],[120.99449,14.50391]]],[[[120.98494,14.5041],[120.98491,14.50394],[120.98466,14.5041],[120.98494,14.5041]]],[[[120.98466,14.50419],[120.98447,14.50411],[120.98447,14.50419],[120.98466,14.50419]]],[[[120.99458,14.50409],[120.99449,14.50427],[120.99458,14.50427],[120.99458,14.50409]]],[[[120.99421,14.50409],[120.99412,14.50436],[120.99421,14.50436],[120.99421,14.50409]]],[[[120.99523,14.50437],[120.9956,14.50419],[120.99551,14.50374],[120.99496,14.50391],[120.99523,14.50437]]],[[[120.98447,14.50419],[120.98391,14.50427],[120.98363,14.50445],[120.98419,14.50445],[120.98447,14.50419]]],[[[120.9943,14.50463],[120.99421,14.50445],[120.99421,14.50463],[120.9943,14.50463]]],[[[120.99467,14.50427],[120.99458,14.50463],[120.99467,14.50463],[120.99467,14.50427]]],[[[120.98391,14.50472],[120.984,14.50481],[120.984,14.50472],[120.98391,14.50472]]],[[[120.9942,14.5049],[120.9943,14.50472],[120.99421,14.50472],[120.9942,14.5049]]],[[[120.99439,14.5049],[120.9943,14.50508],[120.99439,14.50508],[120.99439,14.5049]]],[[[120.99476,14.50463],[120.99467,14.50509],[120.99476,14.50509],[120.99476,14.50463]]],[[[120.99448,14.50508],[120.99439,14.50526],[120.99448,14.50526],[120.99448,14.50508]]],[[[120.98149,14.50542],[120.9814,14.50551],[120.98149,14.50552],[120.98149,14.50542]]],[[[120.99485,14.50509],[120.99476,14.50554],[120.99485,14.50554],[120.99485,14.50509]]],[[[120.99457,14.50563],[120.99448,14.50536],[120.99448,14.50563],[120.99457,14.50563]]],[[[120.98325,14.50562],[120.98316,14.50571],[120.98325,14.50571],[120.98325,14.50562]]],[[[120.99494,14.50554],[120.99485,14.50581],[120.99494,14.50581],[120.99494,14.50554]]],[[[120.99466,14.50608],[120.99457,14.50581],[120.99457,14.50608],[120.99466,14.50608]]],[[[120.98047,14.50614],[120.98056,14.50623],[120.98056,14.50614],[120.98047,14.50614]]],[[[120.99503,14.50626],[120.99494,14.50599],[120.99493,14.50626],[120.99503,14.50626]]],[[[120.98046,14.50632],[120.98019,14.50623],[120.98019,14.50632],[120.98046,14.50632]]],[[[120.97731,14.50638],[120.9774,14.50632],[120.97723,14.50638],[120.97731,14.50638]]],[[[120.97787,14.50621],[120.9827,14.50516],[120.98316,14.50562],[120.98316,14.50517],[120.98391,14.50481],[120.98336,14.50446],[120.97787,14.50621]]],[[[120.99465,14.50644],[120.99475,14.50617],[120.99466,14.50617],[120.99465,14.50644]]],[[[120.99502,14.50653],[120.99512,14.50635],[120.99503,14.50635],[120.99502,14.50653]]],[[[120.97879,14.50649],[120.97953,14.50658],[120.97963,14.5064],[120.97879,14.50649]]],[[[120.99567,14.50699],[120.9966,14.50655],[120.99643,14.50537],[120.99549,14.50654],[120.99567,14.50699]]],[[[120.99475,14.50644],[120.99474,14.5068],[120.99502,14.50708],[120.99502,14.50681],[120.99475,14.50644]]],[[[120.97823,14.50693],[120.9786,14.50676],[120.97824,14.50657],[120.97823,14.50693]]],[[[120.97572,14.50727],[120.97573,14.50723],[120.97566,14.50727],[120.97572,14.50727]]],[[[120.97498,14.50772],[120.97498,14.50768],[120.9749,14.50772],[120.97498,14.50772]]],[[[120.97544,14.50781],[120.97526,14.50772],[120.97526,14.50781],[120.97544,14.50781]]],[[[120.97711,14.50783],[120.97758,14.50738],[120.97722,14.50639],[120.97563,14.50763],[120.97721,14.5071],[120.97711,14.50783]]],[[[120.97638,14.5071],[120.97656,14.50719],[120.97637,14.50719],[120.97638,14.5071]]],[[[120.97507,14.50808],[120.97498,14.50781],[120.97479,14.50808],[120.97507,14.50808]]],[[[120.99556,14.50925],[120.99564,14.51006],[120.99574,14.51007],[120.99574,14.50952],[120.99556,14.50925]]],[[[120.99601,14.51007],[120.9953,14.50681],[120.99512,14.50654],[120.99502,14.50753],[120.99528,14.50862],[120.99601,14.51007]]],[[[120.99547,14.50817],[120.99538,14.50853],[120.99538,14.50816],[120.99547,14.50817]]],[[[120.99583,14.51007],[120.99573,14.51034],[120.99583,14.51034],[120.99583,14.51007]]],[[[120.99592,14.51034],[120.99582,14.5107],[120.99591,14.5107],[120.99592,14.51034]]],[[[120.97479,14.50844],[120.97421,14.5081],[120.97597,14.51121],[120.97597,14.51089],[120.97479,14.50844]]],[[[120.97606,14.51134],[120.97599,14.51125],[120.97606,14.51138],[120.97606,14.51134]]],[[[120.97615,14.51143],[120.9761,14.51143],[120.97615,14.51151],[120.97615,14.51143]]],[[[120.97633,14.51171],[120.97629,14.51171],[120.97633,14.51179],[120.97633,14.51171]]],[[[120.97642,14.51189],[120.97638,14.51189],[120.97642,14.51196],[120.97642,14.51189]]],[[[120.9767,14.51234],[120.97665,14.51234],[120.9767,14.51242],[120.9767,14.51234]]],[[[120.97688,14.51269],[120.97688,14.51252],[120.9767,14.51243],[120.97688,14.51269]]],[[[120.97707,14.5128],[120.97689,14.5127],[120.97706,14.51293],[120.97707,14.5128]]],[[[120.97725,14.51316],[120.97721,14.51316],[120.97725,14.51322],[120.97725,14.51316]]],[[[120.97734,14.51334],[120.97727,14.51325],[120.97734,14.51337],[120.97734,14.51334]]],[[[120.97752,14.51352],[120.97737,14.51343],[120.97752,14.51375],[120.97752,14.51352]]],[[[120.97807,14.51488],[120.97801,14.51479],[120.97807,14.51492],[120.97807,14.51488]]],[[[120.97899,14.51489],[120.9789,14.51507],[120.97899,14.51507],[120.97899,14.51489]]],[[[120.97909,14.51507],[120.97899,14.51516],[120.97909,14.51516],[120.97909,14.51507]]],[[[120.97918,14.51516],[120.97908,14.51534],[120.97918,14.51535],[120.97918,14.51516]]],[[[120.97927,14.51535],[120.97918,14.51544],[120.97927,14.51544],[120.97927,14.51535]]],[[[120.97936,14.51544],[120.97927,14.51553],[120.97936,14.51553],[120.97936,14.51544]]],[[[120.97853,14.51489],[120.9789,14.51471],[120.97835,14.5148],[120.97862,14.51561],[120.97853,14.51489]]],[[[120.97945,14.51553],[120.97936,14.51562],[120.97945,14.51562],[120.97945,14.51553]]],[[[120.97954,14.51562],[120.97945,14.51571],[120.97954,14.51571],[120.97954,14.51562]]],[[[120.97945,14.5158],[120.97927,14.51571],[120.97926,14.5158],[120.97945,14.5158]]],[[[120.97926,14.51589],[120.97917,14.5158],[120.97917,14.51589],[120.97926,14.51589]]],[[[120.98611,14.51748],[120.98723,14.51758],[120.98723,14.51749],[120.98611,14.51748]]],[[[120.9875,14.51768],[120.98741,14.51758],[120.98741,14.51768],[120.9875,14.51768]]],[[[120.9849,14.51838],[120.98481,14.51829],[120.98481,14.51838],[120.9849,14.51838]]],[[[120.98545,14.51856],[120.98434,14.51864],[120.98545,14.51865],[120.98545,14.51856]]],[[[120.98583,14.51857],[120.98601,14.51866],[120.98601,14.51857],[120.98583,14.51857]]],[[[120.98406,14.51864],[120.98276,14.51872],[120.98406,14.51873],[120.98406,14.51864]]],[[[120.98582,14.51875],[120.98564,14.51865],[120.98564,14.51874],[120.98582,14.51875]]],[[[120.98684,14.51875],[120.98638,14.51848],[120.9861,14.51848],[120.98647,14.51875],[120.98684,14.51875]]],[[[120.98,14.51626],[120.97852,14.51579],[120.97853,14.51552],[120.97809,14.51497],[120.97877,14.51652],[120.97917,14.51643],[120.97883,14.51661],[120.97933,14.51878],[120.97979,14.51878],[120.97898,14.51697],[120.98,14.51626]]],[[[120.9788,14.51606],[120.97889,14.51616],[120.9788,14.51616],[120.9788,14.51606]]],[[[120.98007,14.51881],[120.97998,14.51879],[120.97998,14.51882],[120.98007,14.51881]]],[[[120.98722,14.51876],[120.98684,14.51884],[120.98721,14.51885],[120.98722,14.51876]]],[[[120.98072,14.51879],[120.9806,14.51888],[120.98072,14.51888],[120.98072,14.51879]]],[[[120.9874,14.51885],[120.98721,14.51894],[120.9874,14.51894],[120.9874,14.51885]]],[[[120.9861,14.51902],[120.98647,14.51893],[120.9861,14.51893],[120.9861,14.51902]]],[[[120.98777,14.51903],[120.98768,14.51894],[120.98768,14.51903],[120.98777,14.51903]]],[[[120.98703,14.51903],[120.98647,14.51911],[120.98703,14.51912],[120.98703,14.51903]]],[[[120.98814,14.51913],[120.98796,14.51904],[120.98795,14.51913],[120.98814,14.51913]]],[[[120.98749,14.51912],[120.98712,14.51921],[120.98749,14.51921],[120.98749,14.51912]]],[[[120.9887,14.51913],[120.98832,14.51922],[120.9887,14.51922],[120.9887,14.51913]]],[[[120.98805,14.51922],[120.98758,14.5193],[120.98805,14.51931],[120.98805,14.51922]]],[[[120.98907,14.51932],[120.98888,14.51922],[120.98888,14.51931],[120.98907,14.51932]]],[[[120.98842,14.5194],[120.98823,14.51931],[120.98823,14.5194],[120.98842,14.5194]]],[[[120.98953,14.51941],[120.98934,14.51932],[120.98934,14.51941],[120.98953,14.51941]]],[[[120.98879,14.51949],[120.9886,14.5194],[120.9886,14.51949],[120.98879,14.51949]]],[[[120.98981,14.5195],[120.98971,14.51941],[120.98971,14.5195],[120.98981,14.5195]]],[[[120.98925,14.5195],[120.98897,14.51959],[120.98925,14.51959],[120.98925,14.5195]]],[[[120.99008,14.5196],[120.99036,14.51951],[120.99008,14.51951],[120.99008,14.5196]]],[[[120.98971,14.51959],[120.98943,14.51968],[120.98971,14.51968],[120.98971,14.51959]]],[[[120.99055,14.5196],[120.99036,14.51969],[120.99055,14.51969],[120.99055,14.5196]]],[[[120.99036,14.51978],[120.9898,14.51968],[120.9898,14.51977],[120.99036,14.51978]]],[[[120.99082,14.51969],[120.9911,14.51979],[120.9911,14.51969],[120.99082,14.51969]]],[[[120.99129,14.51988],[120.99138,14.51979],[120.99129,14.51979],[120.99129,14.51988]]],[[[120.99092,14.51996],[120.99055,14.51969],[120.99036,14.51987],[120.99092,14.51996]]],[[[120.99175,14.51988],[120.99138,14.51997],[120.99175,14.51997],[120.99175,14.51988]]],[[[120.97969,14.51978],[120.97988,14.51987],[120.97988,14.51969],[120.97969,14.51978]]],[[[120.99129,14.51997],[120.99091,14.52005],[120.99129,14.52006],[120.99129,14.51997]]],[[[120.99221,14.52007],[120.99203,14.51997],[120.99203,14.52006],[120.99221,14.52007]]],[[[120.9924,14.52016],[120.99249,14.52007],[120.9924,14.52007],[120.9924,14.52016]]],[[[120.99212,14.52016],[120.99147,14.52024],[120.99212,14.52025],[120.99212,14.52016]]],[[[120.99323,14.52026],[120.99212,14.52034],[120.99323,14.52053],[120.99323,14.52026]]],[[[120.98284,14.52071],[120.98275,14.52062],[120.98275,14.52071],[120.98284,14.52071]]],[[[120.98302,14.5208],[120.98293,14.52071],[120.98293,14.5208],[120.98302,14.5208]]],[[[120.98404,14.52126],[120.98489,14.52],[120.98461,14.51919],[120.98601,14.51884],[120.98156,14.51871],[120.9823,14.51899],[120.98146,14.51916],[120.98415,14.51909],[120.98396,14.51981],[120.9835,14.51963],[120.98339,14.52071],[120.98404,14.52126]]],[[[120.9845,14.5219],[120.98477,14.52244],[120.98514,14.52254],[120.98514,14.52235],[120.9845,14.5219]]],[[[120.98069,14.5225],[120.98115,14.52259],[120.98115,14.5225],[120.98069,14.5225]]],[[[120.98189,14.5226],[120.98171,14.52251],[120.98171,14.5226],[120.98189,14.5226]]],[[[120.98236,14.52251],[120.98208,14.5226],[120.98236,14.5226],[120.98236,14.52251]]],[[[120.98004,14.52267],[120.98022,14.52276],[120.98022,14.52267],[120.98004,14.52267]]],[[[120.98059,14.52277],[120.98032,14.52267],[120.98031,14.52276],[120.98059,14.52277]]],[[[120.99601,14.51007],[120.996,14.51124],[120.99765,14.51361],[120.99736,14.51487],[120.99772,14.51677],[120.99927,14.51949],[120.99878,14.52175],[120.99896,14.52302],[120.99945,14.5195],[120.99799,14.51704],[120.99793,14.51343],[120.99646,14.51152],[120.99601,14.51007]]],[[[120.98003,14.52303],[120.97994,14.52276],[120.97994,14.52303],[120.98003,14.52303]]],[[[120.98523,14.52308],[120.98542,14.52272],[120.98514,14.52263],[120.98523,14.52308]]],[[[120.98615,14.52417],[120.98596,14.52408],[120.98596,14.52417],[120.98615,14.52417]]],[[[120.98716,14.52445],[120.98707,14.52436],[120.98707,14.52445],[120.98716,14.52445]]],[[[120.98456,14.52479],[120.98456,14.52515],[120.98493,14.52524],[120.98493,14.52497],[120.98456,14.52479]]],[[[120.98509,14.52787],[120.98556,14.52688],[120.98584,14.5267],[120.9851,14.52714],[120.98509,14.52787]]],[[[120.98463,14.52822],[120.98453,14.52813],[120.98453,14.52822],[120.98463,14.52822]]],[[[120.98425,14.5284],[120.98444,14.52849],[120.98444,14.5284],[120.98425,14.5284]]],[[[120.98648,14.5286],[120.98694,14.52824],[120.98648,14.52833],[120.98648,14.5286]]],[[[120.98434,14.52922],[120.98452,14.52904],[120.98434,14.52894],[120.98434,14.52922]]],[[[120.98517,14.52986],[120.98546,14.52877],[120.98527,14.52877],[120.98517,14.52986]]],[[[120.98026,14.52828],[120.98073,14.52783],[120.98351,14.5283],[120.98333,14.52803],[120.98435,14.52741],[120.98473,14.52741],[120.98472,14.52813],[120.98493,14.52552],[120.98409,14.52533],[120.98391,14.5256],[120.98345,14.52487],[120.98373,14.5246],[120.98299,14.52432],[120.98559,14.52408],[120.98551,14.52317],[120.98347,14.52315],[120.98318,14.5236],[120.98264,14.5226],[120.98244,14.52378],[120.98151,14.5235],[120.98244,14.52396],[120.97994,14.52367],[120.98142,14.52359],[120.97985,14.5233],[120.97996,14.52114],[120.98191,14.52106],[120.9821,14.52034],[120.98052,14.52006],[120.97997,14.52041],[120.97942,14.51968],[120.98137,14.51907],[120.97937,14.51923],[120.97912,14.52953],[120.98294,14.52993],[120.98248,14.52983],[120.98239,14.52911],[120.98156,14.52919],[120.98165,14.52847],[120.98026,14.52828]]],[[[120.98063,14.52864],[120.981,14.52883],[120.98063,14.52882],[120.98063,14.52864]]],[[[120.97989,14.52891],[120.98026,14.529],[120.97989,14.52918],[120.97989,14.52891]]],[[[120.98016,14.52927],[120.98025,14.52936],[120.98016,14.52936],[120.98016,14.52927]]],[[[120.98166,14.52784],[120.98185,14.5273],[120.98194,14.52775],[120.98166,14.52784]]],[[[120.98426,14.52741],[120.98417,14.52723],[120.98436,14.52723],[120.98426,14.52741]]],[[[120.98352,14.52722],[120.9837,14.5274],[120.98352,14.5274],[120.98352,14.52722]]],[[[120.97972,14.52701],[120.97963,14.52683],[120.97972,14.52683],[120.97972,14.52701]]],[[[120.97945,14.52574],[120.97983,14.52538],[120.97946,14.52529],[120.97974,14.52448],[120.9801,14.52547],[120.97973,14.5261],[120.97945,14.52574]]],[[[120.98029,14.52557],[120.9802,14.52547],[120.98029,14.52548],[120.98029,14.52557]]],[[[120.98067,14.52503],[120.98048,14.52484],[120.98076,14.52485],[120.98067,14.52503]]],[[[120.98317,14.52478],[120.98271,14.52459],[120.98317,14.52469],[120.98317,14.52478]]],[[[120.9815,14.52467],[120.9816,14.52476],[120.9815,14.52476],[120.9815,14.52467]]],[[[120.98002,14.52457],[120.98021,14.52439],[120.9803,14.52457],[120.98002,14.52457]]],[[[120.98336,14.52415],[120.98327,14.52387],[120.98346,14.52397],[120.98336,14.52415]]],[[[120.98457,14.52398],[120.9843,14.52361],[120.98476,14.52362],[120.98457,14.52398]]],[[[120.98272,14.52387],[120.98299,14.52405],[120.98271,14.52405],[120.98272,14.52387]]],[[[120.97966,14.52357],[120.97957,14.52339],[120.97975,14.52339],[120.97966,14.52357]]],[[[120.97958,14.5224],[120.97948,14.52231],[120.97958,14.52231],[120.97958,14.5224]]],[[[120.97959,14.52095],[120.97969,14.52041],[120.97968,14.52095],[120.97959,14.52095]]],[[[120.98117,14.52069],[120.98145,14.52033],[120.98145,14.52079],[120.98117,14.52069]]],[[[120.98331,14.52993],[120.98294,14.53002],[120.98331,14.53002],[120.98331,14.52993]]],[[[120.98387,14.52993],[120.9834,14.53002],[120.98387,14.53002],[120.98387,14.52993]]],[[[120.98442,14.53003],[120.98405,14.53012],[120.98442,14.53012],[120.98442,14.53003]]],[[[120.98451,14.53021],[120.98563,14.53013],[120.98452,14.53012],[120.98451,14.53021]]],[[[120.98795,14.53024],[120.98786,14.52997],[120.98785,14.53024],[120.98795,14.53024]]],[[[120.98813,14.53006],[120.98804,14.53024],[120.98813,14.53024],[120.98813,14.53006]]],[[[120.98646,14.53023],[120.98563,14.53031],[120.98646,14.53032],[120.98646,14.53023]]],[[[120.98655,14.53041],[120.98739,14.53033],[120.98655,14.53032],[120.98655,14.53041]]],[[[120.98832,14.53042],[120.98739,14.53051],[120.98832,14.53051],[120.98832,14.53042]]],[[[120.98906,14.53052],[120.98831,14.53061],[120.98906,14.53061],[120.98906,14.53052]]],[[[120.98479,14.53067],[120.98497,14.53058],[120.98479,14.53058],[120.98479,14.53067]]],[[[120.98924,14.5307],[120.98952,14.53062],[120.98924,14.53061],[120.98924,14.5307]]],[[[120.991,14.53072],[120.99017,14.5308],[120.991,14.53081],[120.991,14.53072]]],[[[120.98673,14.53086],[120.98664,14.53077],[120.98664,14.53086],[120.98673,14.53086]]],[[[120.9897,14.53071],[120.98952,14.53089],[120.9897,14.5308],[120.9897,14.53071]]],[[[120.99184,14.53082],[120.99109,14.5309],[120.99184,14.53091],[120.99184,14.53082]]],[[[120.99193,14.531],[120.99286,14.53092],[120.99193,14.53091],[120.99193,14.531]]],[[[120.98877,14.53115],[120.98868,14.53106],[120.98868,14.53115],[120.98877,14.53115]]],[[[120.9897,14.53107],[120.98914,14.53115],[120.9897,14.53116],[120.9897,14.53107]]],[[[120.98423,14.53111],[120.98451,14.53057],[120.98043,14.53018],[120.98173,14.53037],[120.98145,14.53073],[120.98423,14.53111]]],[[[120.98497,14.53067],[120.98515,14.53121],[120.98646,14.53086],[120.98646,14.53077],[120.98497,14.53067]]],[[[120.98581,14.53085],[120.98599,14.53095],[120.98581,14.53095],[120.98581,14.53085]]],[[[120.99044,14.53117],[120.98998,14.53125],[120.99044,14.53126],[120.99044,14.53117]]],[[[120.99072,14.53135],[120.99128,14.53126],[120.99072,14.53126],[120.99072,14.53135]]],[[[120.98701,14.53096],[120.98859,14.53097],[120.98683,14.53086],[120.98645,14.5314],[120.98701,14.53096]]],[[[120.98766,14.53141],[120.98757,14.53123],[120.98756,14.53141],[120.98766,14.53141]]],[[[120.98803,14.53115],[120.98794,14.53142],[120.98803,14.53142],[120.98803,14.53115]]],[[[120.9922,14.53136],[120.99128,14.53144],[120.9922,14.53145],[120.9922,14.53136]]],[[[120.99267,14.53155],[120.99276,14.53146],[120.99267,14.53146],[120.99267,14.53155]]],[[[120.99304,14.53101],[120.99294,14.53164],[120.99304,14.53164],[120.99304,14.53101]]],[[[120.99146,14.53154],[120.99155,14.53172],[120.99155,14.53154],[120.99146,14.53154]]],[[[120.99146,14.53181],[120.99137,14.53172],[120.99136,14.53181],[120.99146,14.53181]]],[[[120.98635,14.53231],[120.98617,14.53212],[120.98617,14.5323],[120.98635,14.53231]]],[[[120.98867,14.53233],[120.98858,14.53214],[120.98858,14.53232],[120.98867,14.53233]]],[[[120.98895,14.53233],[120.98923,14.53215],[120.98904,14.53206],[120.98895,14.53233]]],[[[120.99127,14.53226],[120.99164,14.53208],[120.99164,14.5319],[120.99127,14.53226]]],[[[120.98421,14.53265],[120.98478,14.53175],[120.98478,14.53112],[120.98432,14.53111],[120.98421,14.53265]]],[[[120.98468,14.53283],[120.98459,14.53238],[120.98458,14.53283],[120.98468,14.53283]]],[[[120.98607,14.53312],[120.98588,14.53284],[120.98588,14.53311],[120.98607,14.53312]]],[[[120.9843,14.53373],[120.98467,14.53347],[120.98458,14.53292],[120.98393,14.53328],[120.9843,14.53373]]],[[[120.98457,14.53419],[120.98448,14.53364],[120.98448,14.53419],[120.98457,14.53419]]],[[[120.99266,14.53173],[120.99245,14.53462],[120.99264,14.53462],[120.99283,14.53363],[120.99285,14.53155],[120.99266,14.53173]]],[[[120.99254,14.53471],[120.99263,14.53516],[120.99264,14.53471],[120.99254,14.53471]]],[[[120.97899,14.53568],[120.97891,14.5354],[120.97891,14.53568],[120.97899,14.53568]]],[[[120.98474,14.53573],[120.98465,14.53563],[120.98465,14.53572],[120.98474,14.53573]]],[[[120.98447,14.53554],[120.98558,14.53573],[120.98567,14.53528],[120.98484,14.53509],[120.98447,14.53554]]],[[[120.98465,14.53572],[120.98382,14.53481],[120.98447,14.53464],[120.9843,14.53382],[120.98354,14.53508],[120.98409,14.53653],[120.98409,14.5359],[120.98465,14.53572]]],[[[120.98528,14.53763],[120.98547,14.53727],[120.98548,14.53636],[120.98528,14.53763]]],[[[120.98371,14.53698],[120.98426,14.53762],[120.98436,14.53663],[120.98417,14.53735],[120.98399,14.53671],[120.98371,14.53698]]],[[[120.98592,14.53926],[120.98554,14.53953],[120.98591,14.53971],[120.98592,14.53926]]],[[[120.99268,14.5404],[120.9925,14.54004],[120.99249,14.5404],[120.99268,14.5404]]],[[[120.99249,14.54058],[120.9924,14.54049],[120.9924,14.54058],[120.99249,14.54058]]],[[[120.987,14.5427],[120.98681,14.54279],[120.987,14.54279],[120.987,14.5427]]],[[[120.98292,14.54276],[120.98282,14.54285],[120.98292,14.54285],[120.98292,14.54276]]],[[[120.98301,14.54285],[120.98291,14.54294],[120.98301,14.54294],[120.98301,14.54285]]],[[[120.98774,14.54307],[120.98811,14.54289],[120.98774,14.5428],[120.98774,14.54307]]],[[[120.98272,14.54339],[120.98269,14.54321],[120.98264,14.54339],[120.98272,14.54339]]],[[[120.98681,14.5427],[120.98459,14.54214],[120.98536,14.53871],[120.98528,14.53808],[120.9848,14.54006],[120.98405,14.53997],[120.98426,14.53807],[120.98387,14.53942],[120.98388,14.53834],[120.98064,14.53849],[120.97973,14.5365],[120.97985,14.53342],[120.9805,14.53325],[120.98051,14.53235],[120.97977,14.53189],[120.9795,14.53071],[120.9796,14.53017],[120.98034,14.53018],[120.98034,14.53008],[120.97914,14.53007],[120.97867,14.54151],[120.98033,14.54183],[120.98014,14.54234],[120.9805,14.54191],[120.98282,14.54276],[120.98153,14.54211],[120.98265,14.54176],[120.98348,14.54231],[120.98319,14.54285],[120.98551,14.54341],[120.98588,14.54333],[120.98542,14.54287],[120.98681,14.5427]]],[[[120.98533,14.5426],[120.98533,14.54287],[120.98514,14.54287],[120.98533,14.5426]]],[[[120.98496,14.54241],[120.98431,14.54286],[120.98413,14.54241],[120.98496,14.54241]]],[[[120.98385,14.54222],[120.98394,14.54268],[120.98375,14.54268],[120.98385,14.54222]]],[[[120.98357,14.54177],[120.98396,14.54024],[120.98479,14.54024],[120.98441,14.54196],[120.98357,14.54177]]],[[[120.98155,14.5404],[120.98154,14.54094],[120.9809,14.54057],[120.98099,14.54012],[120.98155,14.5404]]],[[[120.97969,14.54092],[120.97959,14.54101],[120.97969,14.54101],[120.97969,14.54092]]],[[[120.9795,14.54092],[120.97959,14.54083],[120.9795,14.54083],[120.9795,14.54092]]],[[[120.98349,14.54114],[120.9834,14.54077],[120.98358,14.54078],[120.98349,14.54114]]],[[[120.98098,14.54102],[120.98117,14.54112],[120.98098,14.54112],[120.98098,14.54102]]],[[[120.97968,14.5411],[120.97978,14.5412],[120.97968,14.54119],[120.97968,14.5411]]],[[[120.98274,14.54158],[120.98283,14.54167],[120.98274,14.54167],[120.98274,14.54158]]],[[[120.98378,14.53969],[120.98369,14.5396],[120.98378,14.5396],[120.98378,14.53969]]],[[[120.98044,14.53957],[120.97998,14.53957],[120.97998,14.53894],[120.98063,14.53876],[120.98044,14.53957]]],[[[120.98202,14.53914],[120.98193,14.53877],[120.98202,14.53877],[120.98202,14.53914]]],[[[120.97937,14.53514],[120.97918,14.53505],[120.97937,14.53496],[120.97937,14.53514]]],[[[120.979,14.53486],[120.97909,14.53459],[120.97909,14.53486],[120.979,14.53486]]],[[[120.97958,14.53252],[120.97948,14.53243],[120.97958,14.53243],[120.97958,14.53252]]],[[[120.97931,14.53071],[120.97922,14.53053],[120.97932,14.53053],[120.97931,14.53071]]],[[[120.98616,14.54342],[120.98588,14.54351],[120.98616,14.54351],[120.98616,14.54342]]],[[[120.98263,14.54357],[120.98262,14.54348],[120.9826,14.54357],[120.98263,14.54357]]],[[[120.9831,14.54303],[120.98273,14.54321],[120.98319,14.54357],[120.9831,14.54303]]],[[[120.98653,14.54351],[120.98616,14.5436],[120.98653,14.5436],[120.98653,14.54351]]],[[[120.98254,14.54366],[120.98251,14.54357],[120.98248,14.54366],[120.98254,14.54366]]],[[[120.9869,14.54361],[120.98662,14.54369],[120.9869,14.5437],[120.9869,14.54361]]],[[[120.98736,14.5437],[120.98699,14.54379],[120.98736,14.54379],[120.98736,14.5437]]],[[[120.98244,14.54384],[120.98254,14.54375],[120.98244,14.54375],[120.98244,14.54384]]],[[[120.98764,14.54388],[120.98745,14.54379],[120.98745,14.54388],[120.98764,14.54388]]],[[[120.98263,14.54384],[120.98253,14.54393],[120.98263,14.54393],[120.98263,14.54384]]],[[[120.98309,14.54393],[120.983,14.54375],[120.983,14.54393],[120.98309,14.54393]]],[[[120.98782,14.54398],[120.98773,14.54388],[120.98773,14.54397],[120.98782,14.54398]]],[[[120.98272,14.54393],[120.98263,14.54402],[120.98272,14.54402],[120.98272,14.54393]]],[[[120.9829,14.54402],[120.98281,14.54393],[120.98281,14.54402],[120.9829,14.54402]]],[[[120.98819,14.54407],[120.98801,14.54398],[120.98801,14.54407],[120.98819,14.54407]]],[[[120.98847,14.54416],[120.98829,14.54407],[120.98828,14.54416],[120.98847,14.54416]]],[[[120.98182,14.54419],[120.98188,14.54401],[120.98187,14.54401],[120.98182,14.54419]]],[[[120.98995,14.54417],[120.98856,14.54407],[120.99014,14.54436],[120.98995,14.54417]]],[[[120.99023,14.54445],[120.99042,14.54436],[120.99023,14.54436],[120.99023,14.54445]]],[[[120.98763,14.54461],[120.98726,14.54469],[120.98763,14.5447],[120.98763,14.54461]]],[[[120.98781,14.54479],[120.98772,14.5447],[120.98772,14.54479],[120.98781,14.54479]]],[[[120.98828,14.54479],[120.988,14.54488],[120.98828,14.54488],[120.98828,14.54479]]],[[[120.98874,14.54489],[120.98846,14.54497],[120.98874,14.54498],[120.98874,14.54489]]],[[[120.98911,14.54507],[120.98893,14.54498],[120.98893,14.54507],[120.98911,14.54507]]],[[[120.98948,14.54516],[120.9893,14.54507],[120.9893,14.54516],[120.98948,14.54516]]],[[[120.99013,14.54526],[120.98995,14.54517],[120.98994,14.54526],[120.99013,14.54526]]],[[[120.99059,14.54526],[120.99022,14.54535],[120.99059,14.54535],[120.99059,14.54526]]],[[[120.98169,14.54537],[120.98166,14.54483],[120.98153,14.54537],[120.98169,14.54537]]],[[[120.99193,14.54058],[120.99116,14.54428],[120.99042,14.54445],[120.99115,14.54491],[120.99069,14.54536],[120.99096,14.5459],[120.99028,14.5487],[120.99066,14.54807],[120.99131,14.54816],[120.99094,14.54762],[120.99161,14.54582],[120.99163,14.54392],[120.99256,14.54275],[120.9921,14.54257],[120.99182,14.54329],[120.99223,14.53868],[120.99278,14.53941],[120.99315,14.53905],[120.99245,14.53462],[120.99186,14.5385],[120.99193,14.54058]]],[[[120.99245,14.53534],[120.99235,14.53597],[120.99235,14.53534],[120.99245,14.53534]]],[[[120.99224,14.5376],[120.99214,14.53796],[120.99215,14.5376],[120.99224,14.5376]]],[[[120.99251,14.53868],[120.9926,14.53878],[120.99251,14.53877],[120.99251,14.53868]]],[[[120.9841,14.54548],[120.98632,14.54541],[120.98726,14.54451],[120.98188,14.5442],[120.98234,14.54492],[120.98159,14.54609],[120.98158,14.54708],[120.98204,14.54718],[120.98185,14.54763],[120.98258,14.5489],[120.98314,14.54845],[120.98231,14.54827],[120.98259,14.54773],[120.98222,14.54754],[120.98223,14.54637],[120.98353,14.5462],[120.98308,14.54547],[120.98419,14.54602],[120.9841,14.54548]]],[[[120.984,14.54548],[120.98382,14.5453],[120.98401,14.54539],[120.984,14.54548]]],[[[120.98186,14.54636],[120.98205,14.54664],[120.98195,14.54664],[120.98186,14.54636]]],[[[120.98317,14.54529],[120.98299,14.54511],[120.98317,14.54511],[120.98317,14.54529]]],[[[120.98392,14.54503],[120.98382,14.54493],[120.98392,14.54494],[120.98392,14.54503]]],[[[120.99019,14.54915],[120.99028,14.54906],[120.99019,14.54906],[120.99019,14.54915]]],[[[120.99037,14.54915],[120.99028,14.54924],[120.99037,14.54924],[120.99037,14.54915]]],[[[120.99027,14.55068],[120.99028,14.54969],[120.99065,14.5496],[120.99009,14.54933],[120.99027,14.55068]]],[[[120.99026,14.55095],[120.99017,14.55077],[120.99017,14.55095],[120.99026,14.55095]]],[[[120.98877,14.55194],[120.98896,14.55185],[120.98877,14.55185],[120.98877,14.55194]]],[[[120.98673,14.55192],[120.98701,14.55192],[120.98701,14.55183],[120.98673,14.55192]]],[[[120.98626,14.55228],[120.98617,14.55191],[120.98617,14.55227],[120.98626,14.55228]]],[[[120.98645,14.55228],[120.98636,14.55219],[120.98636,14.55228],[120.98645,14.55228]]],[[[120.987,14.55228],[120.98691,14.55219],[120.98691,14.55228],[120.987,14.55228]]],[[[120.98042,14.5525],[120.98051,14.55259],[120.98051,14.5525],[120.98042,14.5525]]],[[[120.98273,14.55261],[120.98237,14.55233],[120.98227,14.55251],[120.98273,14.55261]]],[[[120.98162,14.55269],[120.98209,14.55188],[120.98061,14.55187],[120.98051,14.55241],[120.98162,14.55269]]],[[[120.98023,14.55295],[120.98014,14.55267],[120.98013,14.55295],[120.98023,14.55295]]],[[[120.98978,14.55303],[120.9896,14.55285],[120.9896,14.55303],[120.98978,14.55303]]],[[[120.98013,14.55313],[120.97995,14.55303],[120.97995,14.55312],[120.98013,14.55313]]],[[[120.98978,14.5533],[120.98996,14.55339],[120.98997,14.55321],[120.98978,14.5533]]],[[[120.98896,14.55194],[120.98932,14.5523],[120.98803,14.55202],[120.98812,14.55166],[120.98729,14.55174],[120.9871,14.55246],[120.98849,14.55257],[120.98857,14.55347],[120.98913,14.55329],[120.98931,14.55366],[120.98904,14.55239],[120.98951,14.55248],[120.99016,14.55186],[120.99017,14.55113],[120.98942,14.55203],[120.98896,14.55194]]],[[[120.98821,14.5522],[120.9883,14.55238],[120.98821,14.55238],[120.98821,14.5522]]],[[[120.9791,14.55429],[120.97875,14.55519],[120.97937,14.55538],[120.97919,14.55511],[120.9791,14.55429]]],[[[120.98938,14.55619],[120.98929,14.5561],[120.98929,14.55619],[120.98938,14.55619]]],[[[120.97852,14.55637],[120.97853,14.55622],[120.97846,14.55637],[120.97852,14.55637]]],[[[120.9802,14.55629],[120.98038,14.55638],[120.98038,14.55629],[120.9802,14.55629]]],[[[120.98929,14.55655],[120.9891,14.55646],[120.9891,14.55655],[120.98929,14.55655]]],[[[120.97991,14.55674],[120.97936,14.5561],[120.9801,14.5562],[120.97983,14.55556],[120.97871,14.55601],[120.97759,14.55549],[120.97991,14.55674]]],[[[120.98019,14.55674],[120.98,14.55687],[120.98028,14.55692],[120.98019,14.55674]]],[[[120.99012,14.55692],[120.98984,14.55692],[120.99012,14.55701],[120.99012,14.55692]]],[[[120.98038,14.55692],[120.98028,14.557],[120.98037,14.55701],[120.98038,14.55692]]],[[[120.99531,14.55705],[120.9955,14.55696],[120.99531,14.55687],[120.99531,14.55705]]],[[[120.99559,14.55705],[120.9955,14.55714],[120.99559,14.55715],[120.99559,14.55705]]],[[[120.98084,14.55693],[120.98065,14.55711],[120.98102,14.55738],[120.98084,14.55693]]],[[[120.98121,14.55738],[120.98102,14.55741],[120.98121,14.55747],[120.98121,14.55738]]],[[[120.98835,14.55744],[120.98826,14.55753],[120.98835,14.55753],[120.98835,14.55744]]],[[[120.98148,14.55748],[120.98151,14.55766],[120.98157,14.55766],[120.98148,14.55748]]],[[[120.98167,14.55766],[120.98157,14.55771],[120.98167,14.55775],[120.98167,14.55766]]],[[[120.99558,14.55796],[120.99549,14.55787],[120.99549,14.55796],[120.99558,14.55796]]],[[[120.99539,14.55832],[120.99521,14.55841],[120.99539,14.55841],[120.99539,14.55832]]],[[[120.99623,14.5586],[120.99642,14.55788],[120.99633,14.55769],[120.99595,14.55778],[120.99623,14.5586]]],[[[120.99372,14.55903],[120.99353,14.55875],[120.99353,14.55903],[120.99372,14.55903]]],[[[120.99604,14.55905],[120.99622,14.55887],[120.99604,14.55878],[120.99604,14.55905]]],[[[120.9888,14.55908],[120.98871,14.55898],[120.98871,14.55907],[120.9888,14.55908]]],[[[120.98184,14.55892],[120.98188,14.55904],[120.9819,14.55893],[120.98184,14.55892]]],[[[120.98425,14.55913],[120.98398,14.55804],[120.98334,14.55767],[120.98287,14.55803],[120.98167,14.55775],[120.98425,14.55913]]],[[[120.98184,14.55911],[120.98175,14.5591],[120.98175,14.55926],[120.98184,14.55911]]],[[[120.98157,14.55928],[120.98165,14.55919],[120.98163,14.55919],[120.98157,14.55928]]],[[[120.99585,14.55923],[120.99548,14.55913],[120.99585,14.55941],[120.99585,14.55923]]],[[[120.98147,14.55946],[120.98156,14.55937],[120.98152,14.55937],[120.98147,14.55946]]],[[[120.99538,14.55967],[120.99575,14.5595],[120.99538,14.55949],[120.99538,14.55967]]],[[[120.98137,14.55973],[120.98136,14.55964],[120.9813,14.55973],[120.98137,14.55973]]],[[[120.98128,14.55991],[120.98125,14.55982],[120.98121,14.55991],[120.98128,14.55991]]],[[[120.98131,14.56],[120.98128,14.56],[120.98127,14.56007],[120.98131,14.56]]],[[[120.98126,14.56009],[120.98118,14.56018],[120.98121,14.56018],[120.98126,14.56009]]],[[[120.99621,14.56022],[120.99649,14.56014],[120.99621,14.56004],[120.99621,14.56022]]],[[[120.99018,14.56035],[120.99009,14.56026],[120.99009,14.56035],[120.99018,14.56035]]],[[[120.98116,14.56027],[120.98109,14.56036],[120.98111,14.56036],[120.98116,14.56027]]],[[[120.98091,14.56045],[120.98099,14.56036],[120.98096,14.56036],[120.98091,14.56045]]],[[[120.98106,14.56045],[120.98099,14.56054],[120.98102,14.56054],[120.98106,14.56045]]],[[[120.99138,14.56063],[120.99092,14.56009],[120.99027,14.56035],[120.99101,14.56063],[120.99138,14.56063]]],[[[120.98086,14.56054],[120.9809,14.56063],[120.9809,14.56054],[120.98086,14.56054]]],[[[120.9937,14.56065],[120.9938,14.56047],[120.9937,14.56047],[120.9937,14.56065]]],[[[120.99166,14.56055],[120.99138,14.56072],[120.99175,14.56073],[120.99166,14.56055]]],[[[120.99194,14.56073],[120.99175,14.56082],[120.99194,14.56082],[120.99194,14.56073]]],[[[120.99008,14.56089],[120.98999,14.5608],[120.98999,14.56089],[120.99008,14.56089]]],[[[120.98071,14.5609],[120.9807,14.56081],[120.98065,14.5609],[120.98071,14.5609]]],[[[120.98081,14.5609],[120.9808,14.56063],[120.98071,14.56081],[120.98081,14.5609]]],[[[120.99212,14.56082],[120.9924,14.56091],[120.9924,14.56082],[120.99212,14.56082]]],[[[120.98075,14.561],[120.98071,14.5609],[120.98071,14.56107],[120.98075,14.561]]],[[[120.98054,14.56108],[120.98062,14.56099],[120.98059,14.56099],[120.98054,14.56108]]],[[[120.9807,14.56108],[120.98061,14.56117],[120.98065,14.56117],[120.9807,14.56108]]],[[[120.98044,14.56126],[120.98052,14.56117],[120.98048,14.56117],[120.98044,14.56126]]],[[[120.9898,14.56143],[120.98999,14.56098],[120.98989,14.56098],[120.9898,14.56143]]],[[[120.9805,14.56143],[120.9804,14.56135],[120.98043,14.56153],[120.9805,14.56143]]],[[[120.98033,14.5617],[120.98026,14.56155],[120.98024,14.56162],[120.98033,14.5617]]],[[[120.98024,14.56171],[120.98022,14.56162],[120.98018,14.56171],[120.98024,14.56171]]],[[[120.98032,14.56171],[120.98024,14.5618],[120.98027,14.5618],[120.98032,14.56171]]],[[[120.99527,14.56112],[120.99573,14.56176],[120.99584,14.56013],[120.99527,14.56112]]],[[[120.98022,14.56189],[120.98014,14.56198],[120.98017,14.56198],[120.98022,14.56189]]],[[[120.98009,14.56216],[120.98003,14.56198],[120.98005,14.56216],[120.98009,14.56216]]],[[[120.97987,14.56225],[120.97996,14.56216],[120.97993,14.56216],[120.97987,14.56225]]],[[[120.97995,14.56288],[120.97978,14.56242],[120.97986,14.56288],[120.97995,14.56288]]],[[[120.98663,14.56267],[120.987,14.56267],[120.98701,14.56231],[120.98663,14.56267]]],[[[120.98001,14.56303],[120.97995,14.56307],[120.98003,14.56307],[120.98001,14.56303]]],[[[120.98022,14.56343],[120.98013,14.56334],[120.98013,14.56343],[120.98022,14.56343]]],[[[120.98029,14.56368],[120.98022,14.56352],[120.98022,14.56372],[120.98029,14.56368]]],[[[120.99265,14.56381],[120.99256,14.56372],[120.99256,14.56381],[120.99265,14.56381]]],[[[120.99766,14.56448],[120.99775,14.56457],[120.99775,14.56448],[120.99766,14.56448]]],[[[120.99505,14.56545],[120.99487,14.56518],[120.99486,14.56545],[120.99505,14.56545]]],[[[120.99766,14.56457],[120.99728,14.56511],[120.99746,14.56557],[120.99755,14.56557],[120.99766,14.56457]]],[[[120.99484,14.56853],[120.99465,14.56843],[120.99465,14.56852],[120.99484,14.56853]]],[[[120.99724,14.56918],[120.99734,14.56864],[120.99688,14.56881],[120.99724,14.56918]]],[[[120.9939,14.56906],[120.99362,14.56915],[120.994,14.56924],[120.9939,14.56906]]],[[[120.99733,14.56945],[120.99752,14.56927],[120.99734,14.56927],[120.99733,14.56945]]],[[[120.99761,14.56945],[120.99752,14.56954],[120.99761,14.56954],[120.99761,14.56945]]],[[[120.99371,14.5696],[120.99362,14.56951],[120.99362,14.5696],[120.99371,14.5696]]],[[[120.9977,14.56954],[120.99761,14.56963],[120.9977,14.56963],[120.9977,14.56954]]],[[[120.99389,14.57041],[120.99371,14.5705],[120.99389,14.5706],[120.99389,14.57041]]],[[[120.99259,14.57076],[120.9925,14.57085],[120.99259,14.57086],[120.99259,14.57076]]],[[[120.99426,14.57123],[120.99416,14.57105],[120.99416,14.57123],[120.99426,14.57123]]],[[[120.9936,14.57168],[120.99351,14.57159],[120.99351,14.57168],[120.9936,14.57168]]],[[[120.99323,14.57195],[120.99332,14.57204],[120.99332,14.57195],[120.99323,14.57195]]],[[[120.99638,14.57242],[120.99712,14.57216],[120.995,14.57106],[120.99499,14.57232],[120.99555,14.57187],[120.99638,14.57242]]],[[[120.99498,14.57268],[120.99489,14.57259],[120.99489,14.57268],[120.99498,14.57268]]],[[[120.99879,14.57281],[120.9987,14.57271],[120.99869,14.57281],[120.99879,14.57281]]],[[[120.99609,14.57323],[120.99581,14.57332],[120.99609,14.57333],[120.99609,14.57323]]],[[[120.99461,14.57349],[120.99498,14.57323],[120.99489,14.57304],[120.9947,14.57304],[120.99461,14.57349]]],[[[120.99461,14.57358],[120.99451,14.57349],[120.99451,14.57358],[120.99461,14.57358]]],[[[120.99255,14.57465],[120.99283,14.57465],[120.99283,14.57447],[120.99255,14.57465]]],[[[120.99208,14.57564],[120.99217,14.57573],[120.99217,14.57564],[120.99208,14.57564]]],[[[120.99551,14.57585],[120.99542,14.57576],[120.99542,14.57585],[120.99551,14.57585]]],[[[120.99728,14.57587],[120.99737,14.57523],[120.99663,14.57505],[120.99682,14.57478],[120.99608,14.57504],[120.99607,14.5754],[120.99691,14.57523],[120.99681,14.57577],[120.99728,14.57587]]],[[[120.99347,14.5761],[120.99338,14.57592],[120.99338,14.5761],[120.99347,14.5761]]],[[[120.99709,14.57623],[120.9969,14.57604],[120.9969,14.57622],[120.99709,14.57623]]],[[[120.99087,14.57635],[120.99078,14.57617],[120.99078,14.57635],[120.99087,14.57635]]],[[[120.99078,14.57644],[120.99068,14.57635],[120.99068,14.57644],[120.99078,14.57644]]],[[[120.99531,14.57748],[120.99522,14.57738],[120.99522,14.57747],[120.99531,14.57748]]],[[[120.97629,14.57749],[120.97685,14.57714],[120.97648,14.57704],[120.97629,14.57749]]],[[[120.99151,14.57762],[120.99141,14.57771],[120.99151,14.57771],[120.99151,14.57762]]],[[[120.99577,14.57802],[120.99568,14.57784],[120.99568,14.57802],[120.99577,14.57802]]],[[[120.99076,14.5778],[120.99085,14.57807],[120.99086,14.5778],[120.99076,14.5778]]],[[[120.99549,14.57811],[120.99531,14.57802],[120.99531,14.57811],[120.99549,14.57811]]],[[[120.99113,14.57825],[120.99057,14.57843],[120.99113,14.57843],[120.99113,14.57825]]],[[[120.99542,14.5763],[120.99439,14.57683],[120.9942,14.57701],[120.9942,14.57738],[120.99383,14.57719],[120.99364,14.57773],[120.99493,14.57856],[120.99466,14.57819],[120.99522,14.57784],[120.99448,14.57747],[120.99597,14.57694],[120.99542,14.5763]]],[[[120.99011,14.57861],[120.98992,14.57851],[120.98992,14.5786],[120.99011,14.57861]]],[[[120.99243,14.57844],[120.99308,14.57818],[120.99234,14.57808],[120.99243,14.57844]]],[[[120.97553,14.57843],[120.97448,14.57788],[120.97432,14.57741],[120.97415,14.57838],[120.97471,14.57802],[120.97489,14.57847],[120.97553,14.57843]]],[[[120.99252,14.57881],[120.99243,14.57863],[120.99242,14.57881],[120.99252,14.57881]]],[[[120.99716,14.57885],[120.99632,14.57866],[120.99623,14.57884],[120.99716,14.57885]]],[[[120.99103,14.57907],[120.99094,14.5787],[120.9902,14.57861],[120.99029,14.57906],[120.99103,14.57907]]],[[[120.99131,14.57907],[120.99131,14.57934],[120.99177,14.57889],[120.99131,14.57907]]],[[[120.9557,14.57252],[120.95575,14.57823],[120.95651,14.57967],[120.95579,14.57819],[120.9557,14.57252]]],[[[120.99269,14.57998],[120.99251,14.5798],[120.99251,14.57998],[120.99269,14.57998]]],[[[120.99445,14.58],[120.99427,14.57982],[120.99427,14.58],[120.99445,14.58]]],[[[120.99084,14.58006],[120.99074,14.57988],[120.99065,14.58006],[120.99084,14.58006]]],[[[120.99297,14.58035],[120.99371,14.58008],[120.99363,14.57909],[120.99297,14.57953],[120.99289,14.57899],[120.99297,14.58035]]],[[[120.98897,14.58058],[120.9887,14.58067],[120.98897,14.58067],[120.98897,14.58058]]],[[[120.98804,14.58085],[120.98795,14.58076],[120.98795,14.58085],[120.98804,14.58085]]],[[[120.96881,14.58086],[120.96921,14.58105],[120.97038,14.58106],[120.97,14.58069],[120.96881,14.58086]]],[[[120.99305,14.58134],[120.99315,14.58098],[120.99176,14.58079],[120.99175,14.58124],[120.99305,14.58134]]],[[[120.9911,14.58114],[120.99157,14.5807],[120.99157,14.58052],[120.99055,14.58087],[120.9911,14.58114]]],[[[120.98943,14.58104],[120.98962,14.58149],[120.98962,14.58104],[120.98943,14.58104]]],[[[120.97185,14.58141],[120.97226,14.58169],[120.97196,14.5813],[120.97185,14.58141]]],[[[120.97114,14.58179],[120.97106,14.5817],[120.97106,14.58178],[120.97114,14.58179]]],[[[120.9924,14.58188],[120.99212,14.58197],[120.9924,14.58197],[120.9924,14.58188]]],[[[120.99416,14.58216],[120.99444,14.58153],[120.99398,14.58072],[120.99416,14.58216]]],[[[120.99193,14.58242],[120.99184,14.58224],[120.99183,14.58242],[120.99193,14.58242]]],[[[120.97049,14.58241],[120.97042,14.58241],[120.97049,14.58248],[120.97049,14.58241]]],[[[120.97179,14.58232],[120.97207,14.58246],[120.97179,14.58219],[120.97179,14.58232]]],[[[120.99146,14.58277],[120.99128,14.58196],[120.99184,14.58205],[120.99203,14.58169],[120.9911,14.58196],[120.99109,14.58268],[120.99146,14.58277]]],[[[120.97077,14.58278],[120.97142,14.58224],[120.97124,14.58188],[120.97059,14.5825],[120.97077,14.58278]]],[[[120.99118,14.58286],[120.99099,14.58295],[120.99118,14.58304],[120.99118,14.58286]]],[[[120.97,14.58313],[120.96999,14.58303],[120.96995,14.58307],[120.97,14.58313]]],[[[120.97235,14.58303],[120.97198,14.5827],[120.97151,14.5826],[120.97169,14.58296],[120.97235,14.58303]]],[[[120.98774,14.58319],[120.98756,14.58274],[120.98737,14.5831],[120.98774,14.58319]]],[[[120.97019,14.58322],[120.97012,14.58316],[120.97011,14.58322],[120.97019,14.58322]]],[[[120.97027,14.58322],[120.97049,14.58313],[120.97049,14.58302],[120.97027,14.58322]]],[[[120.97744,14.58329],[120.97735,14.58338],[120.97744,14.58338],[120.97744,14.58329]]],[[[120.97735,14.58328],[120.978,14.58347],[120.97809,14.5832],[120.97736,14.58274],[120.97735,14.58328]]],[[[120.97763,14.58356],[120.97772,14.58338],[120.97744,14.58338],[120.97763,14.58356]]],[[[120.99145,14.58341],[120.99127,14.5835],[120.99145,14.58359],[120.99145,14.58341]]],[[[120.98932,14.58357],[120.9895,14.58366],[120.9895,14.58357],[120.98932,14.58357]]],[[[120.9715,14.58378],[120.97206,14.58342],[120.97123,14.58305],[120.97113,14.58341],[120.9715,14.58378]]],[[[120.98839,14.58347],[120.98811,14.58374],[120.98895,14.58384],[120.98839,14.58347]]],[[[120.98922,14.58393],[120.98904,14.58384],[120.98904,14.58393],[120.98922,14.58393]]],[[[120.98932,14.58375],[120.98922,14.58384],[120.9895,14.58393],[120.98932,14.58375]]],[[[120.98811,14.58419],[120.98792,14.58392],[120.98792,14.58419],[120.98811,14.58419]]],[[[120.99126,14.58422],[120.99117,14.58358],[120.99025,14.58358],[120.99033,14.58421],[120.99126,14.58422]]],[[[120.9715,14.58378],[120.97104,14.58395],[120.97103,14.58413],[120.97159,14.58414],[120.9715,14.58378]]],[[[120.98003,14.58439],[120.97994,14.5843],[120.97994,14.58439],[120.98003,14.58439]]],[[[120.99079,14.58458],[120.99061,14.58448],[120.99061,14.58457],[120.99079,14.58458]]],[[[120.98718,14.58445],[120.98755,14.58455],[120.98746,14.58437],[120.98718,14.58445]]],[[[120.96871,14.58484],[120.96993,14.58358],[120.96918,14.58358],[120.96707,14.5813],[120.96678,14.58207],[120.96904,14.58425],[120.96871,14.58484]]],[[[120.96861,14.58493],[120.96862,14.58485],[120.96853,14.58493],[120.96861,14.58493]]],[[[120.96852,14.58502],[120.96852,14.58493],[120.96843,14.58501],[120.96852,14.58502]]],[[[120.99079,14.58467],[120.99107,14.58494],[120.99107,14.58467],[120.99079,14.58467]]],[[[120.99088,14.58512],[120.99079,14.58503],[120.99079,14.58512],[120.99088,14.58512]]],[[[120.98745,14.58545],[120.98726,14.58518],[120.98726,14.58545],[120.98745,14.58545]]],[[[120.96694,14.585],[120.96677,14.5841],[120.96694,14.58549],[120.96694,14.585]]],[[[120.99236,14.58585],[120.99265,14.58468],[120.99387,14.58261],[120.99303,14.58342],[120.99218,14.58522],[120.99236,14.58585]]],[[[120.97974,14.58602],[120.97937,14.58592],[120.97937,14.58601],[120.97974,14.58602]]],[[[120.96953,14.5862],[120.97009,14.58566],[120.9701,14.58476],[120.96981,14.58575],[120.96926,14.58565],[120.96953,14.5862]]],[[[120.9751,14.58634],[120.97501,14.58616],[120.975,14.58634],[120.9751,14.58634]]],[[[120.975,14.58643],[120.97491,14.58634],[120.97491,14.58643],[120.975,14.58643]]],[[[120.96888,14.58637],[120.96916,14.58647],[120.96916,14.58629],[120.96888,14.58637]]],[[[120.99068,14.58656],[120.99059,14.58674],[120.99068,14.58674],[120.99068,14.58656]]],[[[120.96758,14.5869],[120.96823,14.58673],[120.96814,14.5861],[120.96739,14.58654],[120.96758,14.5869]]],[[[120.9904,14.58728],[120.9906,14.58584],[120.99079,14.5853],[120.99041,14.58575],[120.9904,14.58728]]],[[[120.98474,14.58732],[120.98465,14.58723],[120.98465,14.58732],[120.98474,14.58732]]],[[[120.96803,14.58745],[120.96832,14.58718],[120.96794,14.58727],[120.96803,14.58745]]],[[[120.99068,14.58747],[120.99077,14.58692],[120.99068,14.58692],[120.99068,14.58747]]],[[[120.98817,14.58754],[120.98845,14.58745],[120.98817,14.58744],[120.98817,14.58754]]],[[[120.97434,14.58751],[120.97416,14.58741],[120.97416,14.58759],[120.97434,14.58751]]],[[[120.98928,14.58754],[120.98845,14.58763],[120.98928,14.58764],[120.98928,14.58754]]],[[[120.98984,14.58755],[120.98956,14.58764],[120.98984,14.58764],[120.98984,14.58755]]],[[[120.96571,14.5877],[120.96796,14.58573],[120.96843,14.58501],[120.96581,14.58725],[120.96571,14.5877]]],[[[120.96776,14.58727],[120.96711,14.58717],[120.96794,14.58772],[120.96776,14.58727]]],[[[120.9903,14.58764],[120.99002,14.58773],[120.9903,14.58773],[120.9903,14.58764]]],[[[120.97416,14.58778],[120.97406,14.58759],[120.97406,14.58777],[120.97416,14.58778]]],[[[120.99039,14.58783],[120.99049,14.58774],[120.99039,14.58773],[120.99039,14.58783]]],[[[120.99086,14.58774],[120.99077,14.58765],[120.99058,14.58783],[120.99086,14.58774]]],[[[120.97406,14.58786],[120.97397,14.58777],[120.97397,14.58786],[120.97406,14.58786]]],[[[120.95755,14.5879],[120.95745,14.58772],[120.95745,14.5879],[120.95755,14.5879]]],[[[120.96673,14.5878],[120.96738,14.58772],[120.96673,14.58753],[120.96673,14.5878]]],[[[120.96636,14.58807],[120.96664,14.58798],[120.96636,14.58789],[120.96636,14.58807]]],[[[120.96571,14.5877],[120.96536,14.58791],[120.96524,14.58824],[120.96562,14.58806],[120.96571,14.5877]]],[[[120.99058,14.58828],[120.99049,14.58783],[120.99048,14.58828],[120.99058,14.58828]]],[[[120.99076,14.58828],[120.99067,14.58792],[120.99067,14.58828],[120.99076,14.58828]]],[[[120.97331,14.5884],[120.97322,14.58858],[120.97331,14.58858],[120.97331,14.5884]]],[[[120.97397,14.58786],[120.9736,14.5875],[120.97368,14.58867],[120.97378,14.58868],[120.97397,14.58786]]],[[[120.9876,14.5888],[120.98751,14.58888],[120.9876,14.58889],[120.9876,14.5888]]],[[[120.99057,14.58837],[120.99066,14.58891],[120.99067,14.58837],[120.99057,14.58837]]],[[[120.98769,14.58889],[120.9876,14.58898],[120.98769,14.58898],[120.98769,14.58889]]],[[[120.99057,14.589],[120.99048,14.58891],[120.99048,14.589],[120.99057,14.589]]],[[[120.98778,14.58898],[120.98769,14.58907],[120.98778,14.58907],[120.98778,14.58898]]],[[[120.98918,14.58899],[120.9901,14.58909],[120.9901,14.589],[120.98918,14.58899]]],[[[120.99047,14.58909],[120.99038,14.589],[120.99038,14.58909],[120.99047,14.58909]]],[[[120.97331,14.58858],[120.97312,14.58894],[120.97313,14.58831],[120.97266,14.58849],[120.97294,14.58912],[120.9735,14.58885],[120.97331,14.58858]]],[[[120.98788,14.58907],[120.98778,14.58916],[120.98788,14.58916],[120.98788,14.58907]]],[[[120.98918,14.58917],[120.9888,14.58908],[120.9888,14.58917],[120.98918,14.58917]]],[[[120.99075,14.58918],[120.99085,14.58855],[120.99076,14.58855],[120.99075,14.58918]]],[[[120.96598,14.58924],[120.96607,14.58915],[120.96598,14.58915],[120.96598,14.58924]]],[[[120.98769,14.58916],[120.9876,14.58925],[120.98769,14.58925],[120.98769,14.58916]]],[[[120.98797,14.58916],[120.98788,14.58925],[120.98797,14.58925],[120.98797,14.58916]]],[[[120.9888,14.58926],[120.98862,14.58917],[120.98862,14.58926],[120.9888,14.58926]]],[[[120.99094,14.58919],[120.99084,14.58928],[120.99094,14.58928],[120.99094,14.58919]]],[[[120.98778,14.58925],[120.98769,14.58934],[120.98778,14.58934],[120.98778,14.58925]]],[[[120.98862,14.58935],[120.98852,14.58926],[120.98852,14.58935],[120.98862,14.58935]]],[[[120.99112,14.58937],[120.99103,14.58928],[120.99103,14.58937],[120.99112,14.58937]]],[[[120.98797,14.58943],[120.98806,14.58934],[120.98797,14.58934],[120.98797,14.58943]]],[[[120.98852,14.58944],[120.98843,14.58934],[120.98843,14.58944],[120.98852,14.58944]]],[[[120.98787,14.58952],[120.98778,14.58943],[120.98769,14.58952],[120.98787,14.58952]]],[[[120.98815,14.58943],[120.98806,14.58952],[120.98815,14.58952],[120.98815,14.58943]]],[[[120.98843,14.58953],[120.98824,14.58943],[120.98824,14.58952],[120.98843,14.58953]]],[[[120.98769,14.58961],[120.9875,14.58952],[120.9875,14.58961],[120.98769,14.58961]]],[[[120.98824,14.58961],[120.98815,14.58952],[120.98815,14.58961],[120.98824,14.58961]]],[[[120.99158,14.58964],[120.99149,14.58928],[120.99178,14.58883],[120.99121,14.58937],[120.99158,14.58964]]],[[[120.99168,14.58964],[120.99158,14.58973],[120.99168,14.58973],[120.99168,14.58964]]],[[[120.99177,14.58973],[120.99167,14.58982],[120.99177,14.58983],[120.99177,14.58973]]],[[[120.99195,14.58983],[120.99177,14.58992],[120.99195,14.58992],[120.99195,14.58983]]],[[[120.99204,14.58992],[120.99195,14.59001],[120.99204,14.59001],[120.99204,14.58992]]],[[[120.99223,14.59001],[120.99214,14.59019],[120.99232,14.59019],[120.99223,14.59001]]],[[[120.99241,14.59019],[120.99232,14.59028],[120.99241,14.59028],[120.99241,14.59019]]],[[[120.98675,14.59032],[120.98666,14.59005],[120.98666,14.59032],[120.98675,14.59032]]],[[[120.99028,14.59017],[120.99,14.59026],[120.99037,14.59036],[120.99028,14.59017]]],[[[120.9926,14.59028],[120.99241,14.59037],[120.9926,14.59037],[120.9926,14.59028]]],[[[120.98666,14.59041],[120.98657,14.59032],[120.98657,14.59041],[120.98666,14.59041]]],[[[120.98982,14.59008],[120.98787,14.59006],[120.98731,14.59042],[120.98889,14.59007],[120.98982,14.59008]]],[[[120.99056,14.59036],[120.99037,14.59045],[120.99056,14.59045],[120.99056,14.59036]]],[[[120.98656,14.5905],[120.98647,14.59041],[120.98647,14.5905],[120.98656,14.5905]]],[[[120.98731,14.59051],[120.98722,14.59042],[120.98721,14.59051],[120.98731,14.59051]]],[[[120.98721,14.5906],[120.98712,14.59051],[120.98712,14.5906],[120.98721,14.5906]]],[[[120.98712,14.59069],[120.98694,14.5906],[120.98693,14.59069],[120.98712,14.59069]]],[[[120.98768,14.59042],[120.98805,14.59061],[120.98805,14.59043],[120.98768,14.59042]]],[[[120.9926,14.59037],[120.99306,14.59056],[120.99315,14.59074],[120.99306,14.59038],[120.9926,14.59037]]],[[[120.98675,14.59069],[120.98684,14.59078],[120.98684,14.59069],[120.98675,14.59069]]],[[[120.98675,14.59087],[120.98666,14.59078],[120.98665,14.59087],[120.98675,14.59087]]],[[[120.98805,14.59088],[120.98861,14.59061],[120.98814,14.59052],[120.98805,14.59088]]],[[[120.97933,14.59071],[120.97951,14.5908],[120.97951,14.59062],[120.97933,14.59071]]],[[[120.99056,14.59045],[120.99055,14.59081],[120.99018,14.59108],[120.99064,14.5909],[120.99056,14.59045]]],[[[120.99315,14.59074],[120.99333,14.5911],[120.99361,14.5912],[120.99361,14.59111],[120.99315,14.59074]]],[[[120.98452,14.59121],[120.98442,14.59112],[120.98442,14.59121],[120.98452,14.59121]]],[[[120.98712,14.59114],[120.98934,14.59125],[120.99009,14.59108],[120.98758,14.59105],[120.98712,14.59114]]],[[[120.9938,14.5912],[120.99379,14.59147],[120.99398,14.59147],[120.9938,14.5912]]],[[[120.98712,14.59114],[120.98665,14.59087],[120.98637,14.59104],[120.98656,14.5915],[120.98712,14.59114]]],[[[120.98776,14.59151],[120.98841,14.59142],[120.98776,14.59142],[120.98776,14.59151]]],[[[120.99073,14.59153],[120.9912,14.59136],[120.99008,14.59135],[120.99073,14.59153]]],[[[120.98758,14.5916],[120.98739,14.5915],[120.98739,14.59159],[120.98758,14.5916]]],[[[120.99008,14.59144],[120.98841,14.59151],[120.98841,14.5916],[120.98943,14.5917],[120.99008,14.59144]]],[[[120.9912,14.59145],[120.99166,14.59172],[120.99249,14.59173],[120.99249,14.59164],[120.9912,14.59145]]],[[[120.98386,14.59175],[120.98377,14.59165],[120.98377,14.59174],[120.98386,14.59175]]],[[[120.98488,14.59175],[120.98479,14.59166],[120.98479,14.59175],[120.98488,14.59175]]],[[[120.98479,14.59184],[120.9847,14.59175],[120.9847,14.59184],[120.98479,14.59184]]],[[[120.9847,14.59193],[120.98451,14.59184],[120.98451,14.59193],[120.9847,14.59193]]],[[[120.95686,14.59196],[120.95677,14.59187],[120.95677,14.59196],[120.95686,14.59196]]],[[[120.9859,14.59194],[120.98599,14.59203],[120.98599,14.59194],[120.9859,14.59194]]],[[[120.98609,14.59185],[120.98683,14.59177],[120.9873,14.59159],[120.98609,14.59185]]],[[[120.98442,14.59211],[120.98432,14.59193],[120.98432,14.59211],[120.98442,14.59211]]],[[[120.98432,14.5922],[120.98423,14.59211],[120.98423,14.5922],[120.98432,14.5922]]],[[[120.98423,14.59229],[120.98414,14.5922],[120.98414,14.59229],[120.98423,14.59229]]],[[[120.98571,14.5923],[120.98572,14.59203],[120.98553,14.5923],[120.98571,14.5923]]],[[[120.98414,14.59238],[120.98404,14.59229],[120.98404,14.59238],[120.98414,14.59238]]],[[[120.98553,14.59239],[120.98534,14.5923],[120.98534,14.59239],[120.98553,14.59239]]],[[[120.98404,14.59247],[120.98395,14.59238],[120.98395,14.59247],[120.98404,14.59247]]],[[[120.98534,14.59248],[120.98525,14.59239],[120.98525,14.59248],[120.98534,14.59248]]],[[[120.98395,14.59256],[120.98386,14.59247],[120.98386,14.59256],[120.98395,14.59256]]],[[[120.98385,14.59265],[120.98376,14.59256],[120.98376,14.59265],[120.98385,14.59265]]],[[[120.95954,14.59262],[120.95926,14.59271],[120.95954,14.59271],[120.95954,14.59262]]],[[[120.98376,14.59274],[120.98367,14.59265],[120.98367,14.59274],[120.98376,14.59274]]],[[[120.98367,14.59292],[120.98339,14.59292],[120.98339,14.5931],[120.98367,14.59292]]],[[[120.98515,14.59302],[120.98506,14.59248],[120.9845,14.59311],[120.98515,14.59302]]],[[[120.97828,14.59314],[120.97875,14.59297],[120.97828,14.59296],[120.97828,14.59314]]],[[[120.97021,14.59298],[120.97068,14.5929],[120.97058,14.59271],[120.97021,14.59298]]],[[[120.98339,14.59319],[120.98329,14.5931],[120.98329,14.59319],[120.98339,14.59319]]],[[[120.9845,14.5932],[120.98441,14.59311],[120.98441,14.5932],[120.9845,14.5932]]],[[[120.98329,14.59328],[120.9832,14.59319],[120.9832,14.59328],[120.98329,14.59328]]],[[[120.98441,14.59329],[120.98431,14.59319],[120.98431,14.59329],[120.98441,14.59329]]],[[[120.9832,14.59337],[120.98311,14.59327],[120.98311,14.59337],[120.9832,14.59337]]],[[[120.98431,14.59338],[120.98422,14.59328],[120.98422,14.59337],[120.98431,14.59338]]],[[[120.95796,14.59369],[120.95786,14.5936],[120.95786,14.59369],[120.95796,14.59369]]],[[[120.98106,14.59371],[120.98097,14.59362],[120.98097,14.59371],[120.98106,14.59371]]],[[[120.9831,14.59364],[120.98301,14.59336],[120.98292,14.59373],[120.9831,14.59364]]],[[[120.98422,14.59356],[120.98385,14.59364],[120.98384,14.59382],[120.98422,14.59356]]],[[[120.98542,14.59384],[120.98635,14.59321],[120.98627,14.59285],[120.98515,14.5932],[120.98542,14.59384]]],[[[120.97512,14.59384],[120.97466,14.59338],[120.97419,14.59365],[120.97484,14.59366],[120.97512,14.59384]]],[[[120.98291,14.59391],[120.98282,14.59372],[120.98282,14.5939],[120.98291,14.59391]]],[[[120.98282,14.594],[120.98273,14.5939],[120.98273,14.59399],[120.98282,14.594]]],[[[120.98384,14.594],[120.98366,14.59391],[120.98366,14.59409],[120.98384,14.594]]],[[[120.9844,14.5941],[120.98421,14.59401],[120.98421,14.5941],[120.9844,14.5941]]],[[[120.98041,14.59416],[120.98078,14.59398],[120.9805,14.59379],[120.98041,14.59416]]],[[[120.98273,14.59418],[120.98264,14.59399],[120.98263,14.59417],[120.98273,14.59418]]],[[[120.95686,14.59187],[120.95871,14.59189],[120.95871,14.5927],[120.95731,14.59296],[120.95861,14.59351],[120.95842,14.59396],[120.95981,14.59434],[120.95925,14.5937],[120.95963,14.59298],[120.9589,14.59243],[120.96048,14.59217],[120.9602,14.59199],[120.96067,14.59163],[120.95909,14.59162],[120.9602,14.59136],[120.95939,14.58918],[120.95827,14.58953],[120.95781,14.58917],[120.9581,14.58863],[120.95689,14.58862],[120.95689,14.58898],[120.95642,14.58871],[120.95558,14.58942],[120.95567,14.59051],[120.95686,14.59187]]],[[[120.95797,14.59161],[120.95816,14.59134],[120.9589,14.59144],[120.95872,14.59171],[120.95797,14.59161]]],[[[120.95668,14.59115],[120.95715,14.5907],[120.95789,14.5908],[120.95761,14.59116],[120.95668,14.59115]]],[[[120.95983,14.59199],[120.95992,14.59208],[120.95983,14.59208],[120.95983,14.59199]]],[[[120.95888,14.5937],[120.95916,14.59388],[120.95888,14.59388],[120.95888,14.5937]]],[[[120.96046,14.59407],[120.9599,14.59425],[120.96046,14.59434],[120.96046,14.59407]]],[[[120.98263,14.59436],[120.98254,14.59417],[120.98254,14.59435],[120.98263,14.59436]]],[[[120.98365,14.59427],[120.98347,14.59418],[120.98347,14.59436],[120.98365,14.59427]]],[[[120.96482,14.59438],[120.96472,14.59429],[120.96472,14.59438],[120.96482,14.59438]]],[[[120.98254,14.59444],[120.98245,14.59435],[120.98245,14.59444],[120.98254,14.59444]]],[[[120.97502,14.59447],[120.97521,14.5942],[120.97484,14.59411],[120.97502,14.59447]]],[[[120.98078,14.59452],[120.98041,14.59425],[120.9804,14.59443],[120.98078,14.59452]]],[[[120.96008,14.59452],[120.9599,14.59443],[120.9599,14.59452],[120.96008,14.59452]]],[[[120.98347,14.59454],[120.98337,14.59436],[120.98337,14.59454],[120.98347,14.59454]]],[[[120.97604,14.59457],[120.97623,14.5943],[120.97595,14.59439],[120.97604,14.59457]]],[[[120.97539,14.59465],[120.9753,14.59456],[120.9753,14.59465],[120.97539,14.59465]]],[[[120.98505,14.5942],[120.98449,14.59419],[120.98449,14.59446],[120.98532,14.59474],[120.98505,14.5942]]],[[[120.97084,14.5948],[120.97066,14.5947],[120.97066,14.59479],[120.97084,14.5948]]],[[[120.98337,14.59481],[120.98328,14.59454],[120.98328,14.59481],[120.98337,14.59481]]],[[[120.97558,14.59475],[120.97502,14.59483],[120.97558,14.59484],[120.97558,14.59475]]],[[[120.97854,14.59486],[120.97845,14.59477],[120.97845,14.59486],[120.97854,14.59486]]],[[[120.97066,14.59488],[120.97047,14.59479],[120.97047,14.59488],[120.97066,14.59488]]],[[[120.98365,14.59482],[120.98337,14.5949],[120.98365,14.59491],[120.98365,14.59482]]],[[[120.97604,14.59484],[120.97557,14.59493],[120.97604,14.59493],[120.97604,14.59484]]],[[[120.97047,14.59497],[120.97029,14.59488],[120.97029,14.59497],[120.97047,14.59497]]],[[[120.98189,14.5948],[120.98208,14.59435],[120.98171,14.5939],[120.98115,14.59461],[120.98189,14.5948]]],[[[120.98161,14.59462],[120.98152,14.59453],[120.98161,14.59453],[120.98161,14.59462]]],[[[120.96268,14.595],[120.96268,14.59418],[120.96343,14.59374],[120.96176,14.5939],[120.96141,14.59137],[120.96158,14.59309],[120.96055,14.59434],[120.96091,14.59498],[120.96268,14.595]]],[[[120.96139,14.59345],[120.96149,14.59327],[120.96158,14.59345],[120.96139,14.59345]]],[[[120.97641,14.59493],[120.97604,14.59502],[120.97641,14.59502],[120.97641,14.59493]]],[[[120.98374,14.59509],[120.98365,14.59491],[120.98309,14.59508],[120.98374,14.59509]]],[[[120.9675,14.59513],[120.9676,14.59441],[120.969,14.59397],[120.96946,14.59397],[120.96927,14.59451],[120.96982,14.5947],[120.96993,14.59343],[120.97084,14.5947],[120.97502,14.59474],[120.97316,14.59463],[120.97317,14.59418],[120.97465,14.59429],[120.97382,14.59374],[120.97252,14.594],[120.97279,14.59463],[120.97233,14.59418],[120.9715,14.59444],[120.96947,14.59298],[120.97059,14.59172],[120.97032,14.59118],[120.97154,14.58947],[120.97127,14.58883],[120.97193,14.58785],[120.97249,14.5874],[120.97267,14.58785],[120.97304,14.58758],[120.97427,14.58552],[120.97342,14.58741],[120.97398,14.58669],[120.97444,14.58733],[120.97491,14.5867],[120.97455,14.5857],[120.97595,14.58409],[120.97771,14.58464],[120.97715,14.58464],[120.97761,14.58509],[120.97585,14.58508],[120.97482,14.5857],[120.97491,14.58597],[120.97519,14.58616],[120.97594,14.58535],[120.97769,14.58672],[120.97908,14.58664],[120.97889,14.58755],[120.97972,14.58819],[120.97971,14.589],[120.98036,14.58937],[120.98064,14.58892],[120.98054,14.58982],[120.98007,14.59],[120.98044,14.59036],[120.98025,14.59126],[120.97978,14.59216],[120.97941,14.59189],[120.9794,14.59243],[120.98015,14.59198],[120.98023,14.59316],[120.98052,14.5919],[120.98164,14.59173],[120.98115,14.5938],[120.982,14.5929],[120.98292,14.593],[120.98237,14.59246],[120.98321,14.59237],[120.98201,14.59191],[120.9822,14.59137],[120.98349,14.59174],[120.98378,14.59066],[120.98499,14.59049],[120.98508,14.59094],[120.98563,14.59086],[120.98488,14.59157],[120.98507,14.59167],[120.98647,14.59059],[120.98573,14.59059],[120.98573,14.59004],[120.9875,14.5897],[120.98676,14.5896],[120.98677,14.5887],[120.9876,14.58916],[120.98733,14.58834],[120.98799,14.58726],[120.9904,14.58737],[120.98901,14.58727],[120.98948,14.5861],[120.988,14.586],[120.98792,14.58437],[120.98745,14.58473],[120.98735,14.58599],[120.98624,14.58589],[120.98587,14.58489],[120.98494,14.58516],[120.98494,14.58579],[120.98364,14.58533],[120.98439,14.58443],[120.98606,14.58453],[120.98552,14.58308],[120.98635,14.583],[120.9858,14.58273],[120.98599,14.58218],[120.98692,14.58246],[120.98693,14.58138],[120.98582,14.58092],[120.98647,14.58038],[120.98786,14.58075],[120.98909,14.57833],[120.98983,14.57851],[120.98937,14.57761],[120.99012,14.57752],[120.98994,14.57698],[120.99086,14.57762],[120.99141,14.57762],[120.99161,14.57699],[120.99225,14.57736],[120.99337,14.5771],[120.9931,14.57565],[120.99403,14.57575],[120.99404,14.57484],[120.99348,14.57466],[120.99405,14.57376],[120.99469,14.57413],[120.99469,14.57485],[120.99561,14.57486],[120.99506,14.57449],[120.99507,14.57377],[120.9946,14.57395],[120.99424,14.57295],[120.99387,14.57304],[120.99286,14.57176],[120.99314,14.57104],[120.9936,14.57141],[120.99389,14.57114],[120.9938,14.57068],[120.99296,14.57059],[120.99287,14.57004],[120.99335,14.56869],[120.99419,14.5687],[120.99382,14.56806],[120.99428,14.56798],[120.99411,14.56716],[120.99476,14.56663],[120.99477,14.56581],[120.9943,14.5659],[120.99449,14.56635],[120.99336,14.56788],[120.99297,14.56932],[120.99233,14.56914],[120.99308,14.56806],[120.99299,14.56742],[120.99364,14.56698],[120.99346,14.56643],[120.99422,14.56491],[120.99589,14.5651],[120.99553,14.56419],[120.99599,14.56429],[120.99571,14.56374],[120.99619,14.56302],[120.9961,14.56257],[120.99535,14.56257],[120.99536,14.56202],[120.99489,14.56238],[120.99444,14.56156],[120.99453,14.56102],[120.99472,14.56138],[120.99509,14.56157],[120.99491,14.56039],[120.99547,14.56013],[120.99492,14.55985],[120.99529,14.55922],[120.9952,14.55877],[120.99474,14.55885],[120.99521,14.55832],[120.99493,14.55786],[120.99437,14.55813],[120.99464,14.5594],[120.99389,14.55984],[120.99398,14.5602],[120.99436,14.55994],[120.99463,14.56084],[120.99203,14.56118],[120.99155,14.56208],[120.99072,14.56189],[120.99005,14.56378],[120.99033,14.56451],[120.98931,14.56432],[120.98867,14.5635],[120.98858,14.56233],[120.98942,14.56251],[120.9896,14.56306],[120.99034,14.56288],[120.98915,14.56098],[120.98774,14.56322],[120.98626,14.56294],[120.98749,14.5597],[120.98925,14.56016],[120.98787,14.55889],[120.98864,14.556],[120.9892,14.55601],[120.98883,14.55564],[120.98885,14.55365],[120.98846,14.55537],[120.98659,14.55725],[120.98705,14.5577],[120.98761,14.55735],[120.98779,14.55744],[120.98656,14.55996],[120.98582,14.55995],[120.98574,14.55923],[120.98509,14.55877],[120.98425,14.55913],[120.98591,14.56013],[120.98516,14.56179],[120.98552,14.56248],[120.97942,14.57529],[120.97714,14.57596],[120.97704,14.57705],[120.97741,14.57723],[120.97769,14.5766],[120.97862,14.57679],[120.97852,14.57751],[120.97666,14.57759],[120.97749,14.57832],[120.97702,14.57876],[120.97589,14.57782],[120.97566,14.5783],[120.97628,14.5784],[120.97628,14.57894],[120.97665,14.57867],[120.97702,14.57949],[120.97618,14.57975],[120.97609,14.57948],[120.97507,14.57938],[120.97384,14.58136],[120.97476,14.58209],[120.9742,14.58253],[120.97338,14.58144],[120.97282,14.58162],[120.97432,14.57973],[120.97433,14.57937],[120.97414,14.57937],[120.97367,14.58054],[120.97329,14.58054],[120.97406,14.57838],[120.9734,14.57873],[120.97216,14.58144],[120.97338,14.58218],[120.97317,14.58254],[120.97263,14.58207],[120.97308,14.58269],[120.97206,14.58378],[120.97252,14.58451],[120.97168,14.58414],[120.97186,14.58468],[120.97047,14.58521],[120.97102,14.58612],[120.97009,14.58593],[120.96906,14.58674],[120.96839,14.58881],[120.967,14.58853],[120.96755,14.58953],[120.96626,14.58861],[120.96699,14.58952],[120.96681,14.58979],[120.96607,14.58924],[120.96662,14.58979],[120.96615,14.59006],[120.96634,14.5906],[120.96523,14.59005],[120.9655,14.59077],[120.96474,14.59221],[120.96473,14.59339],[120.9638,14.59383],[120.96528,14.5942],[120.96546,14.5952],[120.9675,14.59513]]],[[[120.96667,14.59494],[120.96657,14.59485],[120.96667,14.59485],[120.96667,14.59494]]],[[[120.9676,14.59432],[120.96732,14.59422],[120.9676,14.59422],[120.9676,14.59432]]],[[[120.96723,14.59377],[120.96705,14.5935],[120.96724,14.59359],[120.96723,14.59377]]],[[[120.96965,14.5937],[120.96956,14.59361],[120.96965,14.59361],[120.96965,14.5937]]],[[[120.969,14.59342],[120.96882,14.59324],[120.969,14.59315],[120.969,14.59342]]],[[[120.96696,14.59323],[120.96631,14.59304],[120.96585,14.59249],[120.96697,14.59232],[120.96696,14.59323]]],[[[120.96808,14.59314],[120.96753,14.59233],[120.96826,14.59306],[120.96808,14.59314]]],[[[120.9692,14.59207],[120.96855,14.59215],[120.96864,14.5917],[120.9692,14.59207]]],[[[120.96948,14.59144],[120.96939,14.59135],[120.96948,14.59135],[120.96948,14.59144]]],[[[120.97023,14.59118],[120.97004,14.59099],[120.97023,14.59099],[120.97023,14.59118]]],[[[120.96958,14.5909],[120.96921,14.59062],[120.96967,14.59072],[120.96958,14.5909]]],[[[120.96949,14.59045],[120.9694,14.59026],[120.96949,14.59027],[120.96949,14.59045]]],[[[120.96801,14.58962],[120.96792,14.58953],[120.96802,14.58953],[120.96801,14.58962]]],[[[120.96915,14.58764],[120.96905,14.58755],[120.96915,14.58755],[120.96915,14.58764]]],[[[120.97128,14.58721],[120.97119,14.58712],[120.97129,14.58712],[120.97128,14.58721]]],[[[120.97296,14.58686],[120.97287,14.58677],[120.97296,14.58677],[120.97296,14.58686]]],[[[120.97324,14.58659],[120.97305,14.58641],[120.97333,14.58641],[120.97324,14.58659]]],[[[120.9753,14.58462],[120.97521,14.58435],[120.97539,14.58444],[120.9753,14.58462]]],[[[120.97549,14.58408],[120.9754,14.58381],[120.97558,14.58381],[120.97549,14.58408]]],[[[120.97716,14.58401],[120.97706,14.58419],[120.97716,14.58419],[120.97716,14.58401]]],[[[120.97688,14.584],[120.97697,14.58391],[120.97688,14.58391],[120.97688,14.584]]],[[[120.97744,14.58392],[120.97625,14.58237],[120.97681,14.58211],[120.97662,14.58265],[120.97801,14.58266],[120.97958,14.58348],[120.97986,14.58295],[120.97829,14.58185],[120.97839,14.58113],[120.97941,14.5814],[120.97959,14.58231],[120.98023,14.58259],[120.98004,14.58385],[120.9804,14.58449],[120.97975,14.58493],[120.97744,14.58392]]],[[[120.97725,14.58419],[120.97744,14.58428],[120.97725,14.58428],[120.97725,14.58419]]],[[[120.97808,14.58483],[120.97817,14.58501],[120.97808,14.58501],[120.97808,14.58483]]],[[[120.98105,14.58521],[120.98114,14.58485],[120.98132,14.58513],[120.98105,14.58521]]],[[[120.98003,14.58502],[120.97993,14.58539],[120.97984,14.58511],[120.98003,14.58502]]],[[[120.97761,14.58518],[120.97807,14.58546],[120.97808,14.5851],[120.97761,14.58518]]],[[[120.97733,14.58572],[120.97733,14.58536],[120.97705,14.58563],[120.97733,14.58572]]],[[[120.98021,14.58575],[120.98039,14.58548],[120.98048,14.58575],[120.98021,14.58575]]],[[[120.98197,14.58585],[120.98206,14.58595],[120.98206,14.58586],[120.98197,14.58585]]],[[[120.98178,14.58603],[120.98178,14.58567],[120.9816,14.58576],[120.98178,14.58603]]],[[[120.98225,14.58577],[120.98244,14.58541],[120.98271,14.58541],[120.98262,14.58577],[120.98225,14.58577]]],[[[120.9816,14.58531],[120.98169,14.58549],[120.9816,14.58549],[120.9816,14.58531]]],[[[120.98272,14.58451],[120.98254,14.58459],[120.98272,14.5846],[120.98272,14.58451]]],[[[120.98244,14.5845],[120.98254,14.58441],[120.98244,14.58441],[120.98244,14.5845]]],[[[120.98291,14.5846],[120.98272,14.58469],[120.98291,14.58469],[120.98291,14.5846]]],[[[120.98291,14.58469],[120.9829,14.58514],[120.98262,14.58532],[120.9829,14.58532],[120.98318,14.58487],[120.98291,14.58469]]],[[[120.98188,14.58477],[120.98198,14.58486],[120.98188,14.58486],[120.98188,14.58477]]],[[[120.98374,14.58506],[120.98355,14.58497],[120.98374,14.58497],[120.98374,14.58506]]],[[[120.98309,14.58451],[120.98319,14.58424],[120.98328,14.58451],[120.98309,14.58451]]],[[[120.98124,14.58404],[120.98142,14.58431],[120.98115,14.58431],[120.98124,14.58404]]],[[[120.98226,14.58432],[120.98235,14.58441],[120.98226,14.58441],[120.98226,14.58432]]],[[[120.97974,14.58593],[120.97927,14.58619],[120.979,14.58556],[120.97947,14.58547],[120.97974,14.58593]]],[[[120.97817,14.58555],[120.97881,14.58601],[120.97797,14.58645],[120.97817,14.58555]]],[[[120.97733,14.586],[120.97723,14.58609],[120.97733,14.58609],[120.97733,14.586]]],[[[120.97705,14.58599],[120.97723,14.5859],[120.97705,14.58581],[120.97705,14.58599]]],[[[120.9777,14.58591],[120.97761,14.58582],[120.9777,14.58582],[120.9777,14.58591]]],[[[120.97964,14.58629],[120.97936,14.58637],[120.97945,14.58683],[120.97964,14.58674],[120.97964,14.58629]]],[[[120.97927,14.58646],[120.97908,14.58655],[120.97927,14.58664],[120.97927,14.58646]]],[[[120.98131,14.58657],[120.9815,14.58675],[120.9815,14.58648],[120.98131,14.58657]]],[[[120.98177,14.5873],[120.98067,14.58611],[120.98111,14.58802],[120.98177,14.5873]]],[[[120.98502,14.5866],[120.98493,14.58642],[120.98502,14.58642],[120.98502,14.5866]]],[[[120.98437,14.58642],[120.98419,14.58624],[120.98447,14.58624],[120.98437,14.58642]]],[[[120.98493,14.58624],[120.98484,14.58615],[120.98493,14.58615],[120.98493,14.58624]]],[[[120.98336,14.58605],[120.98373,14.58632],[120.98336,14.58623],[120.98336,14.58605]]],[[[120.97992,14.58638],[120.97973,14.58656],[120.97974,14.58638],[120.97992,14.58638]]],[[[120.97973,14.58692],[120.97982,14.58701],[120.97982,14.58692],[120.97973,14.58692]]],[[[120.97973,14.5871],[120.97954,14.58701],[120.97954,14.5871],[120.97973,14.5871]]],[[[120.97973,14.58728],[120.97982,14.58746],[120.97973,14.58746],[120.97973,14.58728]]],[[[120.98028,14.58756],[120.98037,14.58765],[120.98028,14.58765],[120.98028,14.58756]]],[[[120.97972,14.58773],[120.98,14.58792],[120.97972,14.58791],[120.97972,14.58773]]],[[[120.98362,14.58804],[120.98361,14.58912],[120.98417,14.58904],[120.98399,14.5884],[120.98454,14.58868],[120.98425,14.58949],[120.98249,14.58947],[120.98241,14.58857],[120.98362,14.58804]]],[[[120.98139,14.58802],[120.98148,14.5882],[120.98139,14.5882],[120.98139,14.58802]]],[[[120.98101,14.58919],[120.98194,14.58929],[120.98194,14.58857],[120.98093,14.5882],[120.98101,14.58919]]],[[[120.98101,14.58928],[120.98092,14.58919],[120.98092,14.58928],[120.98101,14.58928]]],[[[120.98027,14.58855],[120.97999,14.58891],[120.9799,14.58855],[120.98027,14.58855]]],[[[120.98462,14.58976],[120.98435,14.58949],[120.98463,14.58949],[120.98462,14.58976]]],[[[120.98593,14.58932],[120.98574,14.58941],[120.98574,14.58923],[120.98593,14.58932]]],[[[120.98649,14.58879],[120.9863,14.5886],[120.98649,14.5886],[120.98649,14.58879]]],[[[120.98474,14.58669],[120.98492,14.5876],[120.98409,14.58768],[120.98391,14.58687],[120.98474,14.58669]]],[[[120.9839,14.58723],[120.98372,14.58732],[120.9839,14.58732],[120.9839,14.58723]]],[[[120.98363,14.58713],[120.98372,14.58704],[120.98363,14.58704],[120.98363,14.58713]]],[[[120.98326,14.58605],[120.98308,14.58586],[120.98336,14.58587],[120.98326,14.58605]]],[[[120.98059,14.58386],[120.98041,14.58358],[120.98069,14.58368],[120.98059,14.58386]]],[[[120.98218,14.58324],[120.98227,14.58333],[120.98227,14.58324],[120.98218,14.58324]]],[[[120.98208,14.58369],[120.98181,14.58332],[120.98171,14.5835],[120.98208,14.58369]]],[[[120.98477,14.58335],[120.98459,14.58308],[120.98487,14.58299],[120.98477,14.58335]]],[[[120.98172,14.58197],[120.98283,14.58306],[120.98181,14.5826],[120.98172,14.58197]]],[[[120.98487,14.58281],[120.98478,14.58272],[120.98487,14.58272],[120.98487,14.58281]]],[[[120.98609,14.58173],[120.98563,14.58137],[120.98609,14.58146],[120.98609,14.58173]]],[[[120.98173,14.58142],[120.98191,14.5817],[120.98163,14.5817],[120.98173,14.58142]]],[[[120.98386,14.58135],[120.98368,14.58117],[120.98387,14.58126],[120.98386,14.58135]]],[[[120.977,14.58156],[120.97708,14.58202],[120.97671,14.58192],[120.977,14.58156]]],[[[120.97912,14.58285],[120.97856,14.58284],[120.97847,14.58248],[120.97894,14.58258],[120.97912,14.58285]]],[[[120.97261,14.58379],[120.97289,14.58388],[120.97261,14.58388],[120.97261,14.58379]]],[[[120.97493,14.58381],[120.97475,14.58371],[120.97494,14.58363],[120.97493,14.58381]]],[[[120.98313,14.5808],[120.98285,14.58053],[120.98304,14.58053],[120.98313,14.5808]]],[[[120.98183,14.58052],[120.98155,14.58025],[120.98183,14.58025],[120.98183,14.58052]]],[[[120.98434,14.58027],[120.98351,14.5799],[120.98425,14.57982],[120.98398,14.57909],[120.98453,14.5791],[120.98434,14.58027]]],[[[120.98749,14.58039],[120.98722,14.57994],[120.98777,14.57994],[120.98749,14.58039]]],[[[120.98713,14.57966],[120.98675,14.58002],[120.98666,14.57957],[120.98713,14.57966]]],[[[120.98806,14.57913],[120.98797,14.57904],[120.98806,14.57904],[120.98806,14.57913]]],[[[120.98314,14.579],[120.98333,14.57918],[120.98314,14.57918],[120.98314,14.579]]],[[[120.98296,14.57872],[120.98222,14.57872],[120.98287,14.57836],[120.98296,14.57872]]],[[[120.98528,14.57893],[120.98519,14.57883],[120.98528,14.57883],[120.98528,14.57893]]],[[[120.98853,14.57877],[120.98834,14.57859],[120.98853,14.57868],[120.98853,14.57877]]],[[[120.98472,14.57865],[120.98436,14.57801],[120.98482,14.57793],[120.98483,14.57711],[120.98418,14.57729],[120.9839,14.57693],[120.98493,14.5763],[120.98483,14.57693],[120.98539,14.57703],[120.98521,14.57648],[120.98586,14.57622],[120.9855,14.57522],[120.98809,14.57597],[120.98734,14.57696],[120.98632,14.57668],[120.98631,14.57812],[120.98584,14.57785],[120.98575,14.57857],[120.98472,14.57865]]],[[[120.9876,14.57831],[120.98732,14.5784],[120.98733,14.57822],[120.9876,14.57831]]],[[[120.98788,14.57832],[120.9877,14.57813],[120.98788,14.57804],[120.98788,14.57832]]],[[[120.98862,14.57823],[120.98844,14.57778],[120.98872,14.57796],[120.98862,14.57823]]],[[[120.98919,14.57751],[120.9891,14.57742],[120.98919,14.57742],[120.98919,14.57751]]],[[[120.98864,14.57706],[120.98826,14.57751],[120.98799,14.57696],[120.98864,14.57706]]],[[[120.98928,14.57706],[120.9891,14.5767],[120.98938,14.57679],[120.98928,14.57706]]],[[[120.99069,14.57581],[120.99152,14.576],[120.99161,14.57654],[120.99217,14.57645],[120.99244,14.57691],[120.99152,14.57663],[120.99096,14.57708],[120.99068,14.57653],[120.99031,14.57671],[120.99069,14.57581]]],[[[120.99255,14.57483],[120.99218,14.57501],[120.99237,14.57438],[120.99321,14.57411],[120.99291,14.57583],[120.99208,14.57627],[120.99208,14.57573],[120.99171,14.57609],[120.99143,14.57545],[120.99227,14.57555],[120.99255,14.57483]]],[[[120.99153,14.575],[120.99125,14.57554],[120.99079,14.57536],[120.99107,14.57482],[120.99153,14.575]]],[[[120.98643,14.57478],[120.9868,14.57505],[120.98643,14.57505],[120.98643,14.57478]]],[[[120.98439,14.57449],[120.9842,14.57539],[120.98393,14.57458],[120.98439,14.57449]]],[[[120.98773,14.5747],[120.98792,14.57452],[120.98801,14.5747],[120.98773,14.5747]]],[[[120.99172,14.57464],[120.99153,14.57455],[120.99172,14.57455],[120.99172,14.57464]]],[[[120.99033,14.57454],[120.99042,14.57463],[120.99033,14.57463],[120.99033,14.57454]]],[[[120.98699,14.57451],[120.9869,14.57442],[120.98699,14.57442],[120.98699,14.57451]]],[[[120.98884,14.57444],[120.98904,14.57381],[120.98931,14.57381],[120.98931,14.57417],[120.98884,14.57444]]],[[[120.99107,14.57419],[120.99098,14.574],[120.99117,14.57401],[120.99107,14.57419]]],[[[120.99191,14.57374],[120.99164,14.57365],[120.99182,14.57356],[120.99191,14.57374]]],[[[120.99312,14.57357],[120.99303,14.57348],[120.99312,14.57348],[120.99312,14.57357]]],[[[120.98849,14.57317],[120.98857,14.57371],[120.9883,14.57362],[120.98849,14.57317]]],[[[120.98923,14.57318],[120.9896,14.57336],[120.98932,14.57345],[120.98923,14.57318]]],[[[120.99331,14.57339],[120.99312,14.57321],[120.99331,14.57321],[120.99331,14.57339]]],[[[120.99276,14.5723],[120.99266,14.57339],[120.99294,14.57339],[120.99359,14.57276],[120.99276,14.5723]]],[[[120.99276,14.5723],[120.99221,14.57221],[120.99249,14.57167],[120.99212,14.5713],[120.99174,14.57266],[120.99276,14.5723]]],[[[120.98988,14.57255],[120.9896,14.573],[120.98951,14.57255],[120.98988,14.57255]]],[[[120.98896,14.57236],[120.98868,14.57263],[120.98877,14.57218],[120.98896,14.57236]]],[[[120.99128,14.57229],[120.99119,14.57202],[120.99137,14.57202],[120.99128,14.57229]]],[[[120.9859,14.57179],[120.98627,14.57207],[120.98627,14.57189],[120.9859,14.57179]]],[[[120.9858,14.57215],[120.98571,14.57206],[120.98571,14.57215],[120.9858,14.57215]]],[[[120.99045,14.57183],[120.99026,14.57174],[120.99045,14.57165],[120.99045,14.57183]]],[[[120.9885,14.57145],[120.98831,14.5719],[120.98841,14.57145],[120.9885,14.57145]]],[[[120.98377,14.57168],[120.98358,14.57231],[120.98311,14.57231],[120.98348,14.57295],[120.98283,14.57276],[120.98283,14.57213],[120.98377,14.57168]]],[[[120.98246,14.57203],[120.98246,14.57267],[120.98181,14.57248],[120.98191,14.57203],[120.98246,14.57203]]],[[[120.98849,14.57299],[120.9884,14.57281],[120.98849,14.57281],[120.98849,14.57299]]],[[[120.98385,14.57268],[120.98394,14.57286],[120.98376,14.57286],[120.98385,14.57268]]],[[[120.98459,14.5725],[120.98385,14.5725],[120.98395,14.57223],[120.98459,14.5725]]],[[[120.98682,14.57234],[120.98645,14.57207],[120.98682,14.57216],[120.98682,14.57234]]],[[[120.98441,14.57187],[120.98423,14.57169],[120.98442,14.57169],[120.98441,14.57187]]],[[[120.9925,14.57076],[120.99305,14.57086],[120.99277,14.57131],[120.99249,14.57131],[120.9925,14.57076]]],[[[120.99054,14.5712],[120.99101,14.57111],[120.99101,14.57084],[120.99064,14.57066],[120.99054,14.5712]]],[[[120.99054,14.57138],[120.99045,14.5712],[120.99045,14.57138],[120.99054,14.57138]]],[[[120.99166,14.5713],[120.99148,14.57085],[120.99185,14.57094],[120.99166,14.5713]]],[[[120.9899,14.57029],[120.9898,14.57101],[120.98952,14.5711],[120.9899,14.57029]]],[[[120.99037,14.57047],[120.99018,14.57011],[120.99037,14.57011],[120.99037,14.57047]]],[[[120.98963,14.57011],[120.98972,14.57029],[120.98962,14.57029],[120.98963,14.57011]]],[[[120.98953,14.57011],[120.98916,14.57065],[120.98879,14.57073],[120.98898,14.57019],[120.98953,14.57011]]],[[[120.98462,14.56997],[120.98415,14.57051],[120.98378,14.57024],[120.98388,14.56952],[120.98462,14.56997]]],[[[120.99009,14.56993],[120.98982,14.56975],[120.99009,14.56975],[120.99009,14.56993]]],[[[120.98629,14.5699],[120.98647,14.56999],[120.98629,14.56999],[120.98629,14.5699]]],[[[120.9926,14.56986],[120.99232,14.56968],[120.99251,14.56959],[120.9926,14.56986]]],[[[120.99074,14.56975],[120.99083,14.56985],[120.99074,14.56985],[120.99074,14.56975]]],[[[120.98276,14.57023],[120.98313,14.57077],[120.98266,14.57068],[120.98276,14.57023]]],[[[120.98433,14.57078],[120.98424,14.5706],[120.98433,14.5706],[120.98433,14.57078]]],[[[120.98433,14.57115],[120.98471,14.57052],[120.9848,14.57016],[120.98479,14.57124],[120.98433,14.57115]]],[[[120.98359,14.57096],[120.98368,14.57114],[120.98359,14.57114],[120.98359,14.57096]]],[[[120.98284,14.57104],[120.98312,14.57132],[120.98284,14.5714],[120.98284,14.57104]]],[[[120.9834,14.57141],[120.98331,14.57123],[120.9834,14.57123],[120.9834,14.57141]]],[[[120.98906,14.57137],[120.98897,14.57128],[120.98906,14.57128],[120.98906,14.57137]]],[[[120.98841,14.57109],[120.98897,14.5711],[120.98925,14.57074],[120.98906,14.57119],[120.98841,14.57109]]],[[[120.98545,14.57061],[120.98535,14.57052],[120.98545,14.57052],[120.98545,14.57061]]],[[[120.98601,14.57035],[120.98619,14.57008],[120.98619,14.57035],[120.98601,14.57035]]],[[[120.98097,14.5731],[120.98078,14.57392],[120.9805,14.574],[120.9805,14.57373],[120.98097,14.5731]]],[[[120.98115,14.57383],[120.98097,14.57356],[120.98115,14.57356],[120.98115,14.57383]]],[[[120.98254,14.57366],[120.98245,14.57321],[120.98273,14.57312],[120.98301,14.57357],[120.98254,14.57366]]],[[[120.98755,14.57361],[120.98746,14.57352],[120.98755,14.57352],[120.98755,14.57361]]],[[[120.98189,14.57356],[120.98199,14.57366],[120.98189,14.57365],[120.98189,14.57356]]],[[[120.98439,14.57413],[120.98458,14.57431],[120.98439,14.57422],[120.98439,14.57413]]],[[[120.98021,14.57454],[120.98021,14.57527],[120.97974,14.57535],[120.97993,14.57481],[120.98021,14.57454]]],[[[120.98169,14.57546],[120.98151,14.57492],[120.98179,14.57501],[120.98169,14.57546]]],[[[120.98253,14.57547],[120.98234,14.57538],[120.98253,14.57538],[120.98253,14.57547]]],[[[120.98299,14.57538],[120.9829,14.5752],[120.98299,14.5752],[120.98299,14.57538]]],[[[120.98271,14.57511],[120.98253,14.57502],[120.98272,14.57493],[120.98271,14.57511]]],[[[120.98049,14.57491],[120.98067,14.575],[120.98049,14.575],[120.98049,14.57491]]],[[[120.98114,14.57509],[120.98123,14.57528],[120.98114,14.57527],[120.98114,14.57509]]],[[[120.98244,14.57465],[120.98226,14.57456],[120.98244,14.57456],[120.98244,14.57465]]],[[[120.98763,14.57542],[120.98763,14.57497],[120.98791,14.57497],[120.98763,14.57542]]],[[[120.98819,14.57543],[120.988,14.57524],[120.98828,14.57525],[120.98819,14.57543]]],[[[120.99023,14.57508],[120.99014,14.57499],[120.99023,14.57499],[120.99023,14.57508]]],[[[120.99004,14.57553],[120.99022,14.57581],[120.99004,14.57571],[120.99004,14.57553]]],[[[120.98967,14.57589],[120.99022,14.57608],[120.98948,14.57652],[120.98967,14.57589]]],[[[120.9815,14.57555],[120.9816,14.57573],[120.9815,14.57573],[120.9815,14.57555]]],[[[120.98169,14.57573],[120.98187,14.57582],[120.98169,14.57582],[120.98169,14.57573]]],[[[120.98103,14.57654],[120.98094,14.57663],[120.98103,14.57663],[120.98103,14.57654]]],[[[120.98085,14.57654],[120.98094,14.57645],[120.98085,14.57645],[120.98085,14.57654]]],[[[120.98325,14.5771],[120.98325,14.57782],[120.98288,14.57773],[120.98325,14.5771]]],[[[120.98028,14.57753],[120.98084,14.57735],[120.98065,14.57771],[120.98028,14.57753]]],[[[120.97917,14.57743],[120.97926,14.57761],[120.97917,14.57761],[120.97917,14.57743]]],[[[120.98185,14.57808],[120.98222,14.57845],[120.98194,14.57844],[120.98185,14.57808]]],[[[120.98065,14.57825],[120.98045,14.57888],[120.97971,14.57888],[120.9799,14.57825],[120.98065,14.57825]]],[[[120.98008,14.57906],[120.98007,14.57978],[120.97943,14.57951],[120.97971,14.57906],[120.98008,14.57906]]],[[[120.98044,14.58006],[120.98082,14.5797],[120.98072,14.58006],[120.98044,14.58006]]],[[[120.97877,14.58004],[120.97886,14.58014],[120.97877,14.58013],[120.97877,14.58004]]],[[[120.97933,14.58032],[120.97942,14.58005],[120.97951,14.58023],[120.97933,14.58032]]],[[[120.98146,14.58016],[120.98128,14.57934],[120.98175,14.57917],[120.98221,14.57989],[120.98146,14.58016]]],[[[120.981,14.57997],[120.98118,14.58016],[120.981,14.58015],[120.981,14.57997]]],[[[120.98379,14.56951],[120.98351,14.56924],[120.98397,14.56924],[120.98379,14.56951]]],[[[120.98454,14.5688],[120.9849,14.56943],[120.98528,14.56899],[120.98454,14.5688]]],[[[120.98416,14.56907],[120.98435,14.56889],[120.98416,14.56889],[120.98416,14.56907]]],[[[120.99075,14.56867],[120.99093,14.56921],[120.9914,14.56895],[120.99122,14.56831],[120.99075,14.56867]]],[[[120.99057,14.56867],[120.99066,14.56849],[120.99048,14.56849],[120.99057,14.56867]]],[[[120.98936,14.56884],[120.98954,14.56893],[120.98936,14.56893],[120.98936,14.56884]]],[[[120.99019,14.56903],[120.99001,14.56885],[120.99019,14.56885],[120.99019,14.56903]]],[[[120.98936,14.56902],[120.98945,14.5692],[120.98936,14.5692],[120.98936,14.56902]]],[[[120.99168,14.56913],[120.9915,14.56841],[120.99215,14.56805],[120.99179,14.56714],[120.99216,14.56751],[120.99225,14.56706],[120.9929,14.56706],[120.99168,14.56913]]],[[[120.98799,14.56657],[120.98715,14.56701],[120.98743,14.56674],[120.98716,14.5662],[120.98659,14.56719],[120.98605,14.56565],[120.98632,14.56601],[120.98679,14.56565],[120.98781,14.56593],[120.98799,14.56657]]],[[[120.99394,14.56463],[120.99376,14.56481],[120.99394,14.5649],[120.99394,14.56463]]],[[[120.99357,14.56463],[120.99367,14.56454],[120.99357,14.56454],[120.99357,14.56463]]],[[[120.99385,14.5649],[120.99329,14.56508],[120.99282,14.56607],[120.9918,14.56606],[120.99151,14.56696],[120.9929,14.56697],[120.99385,14.5649]]],[[[120.99329,14.5649],[120.99292,14.56516],[120.99256,14.5639],[120.992,14.56434],[120.99126,14.56398],[120.99209,14.56407],[120.99256,14.56326],[120.99192,14.56263],[120.99221,14.562],[120.99248,14.56245],[120.99322,14.56246],[120.99284,14.56327],[120.99331,14.56336],[120.99329,14.5649]]],[[[120.99469,14.56455],[120.99498,14.56319],[120.99554,14.56284],[120.99553,14.56392],[120.99469,14.56455]]],[[[120.99479,14.56292],[120.99451,14.56355],[120.99405,14.56337],[120.99424,14.56292],[120.99479,14.56292]]],[[[120.99349,14.56327],[120.99358,14.56345],[120.99349,14.56345],[120.99349,14.56327]]],[[[120.99348,14.56427],[120.99358,14.56436],[120.99348,14.56436],[120.99348,14.56427]]],[[[120.99413,14.56445],[120.99395,14.56427],[120.99413,14.56427],[120.99413,14.56445]]],[[[120.99424,14.56283],[120.99424,14.56247],[120.99452,14.56238],[120.99452,14.56265],[120.99424,14.56283]]],[[[120.99498,14.56274],[120.9948,14.56265],[120.99498,14.56256],[120.99498,14.56274]]],[[[120.99295,14.56209],[120.99258,14.56146],[120.99314,14.56164],[120.99295,14.56209]]],[[[120.98986,14.56442],[120.98967,14.56478],[120.99023,14.56478],[120.98986,14.56442]]],[[[120.98949,14.56459],[120.98893,14.56459],[120.98865,14.56486],[120.98893,14.56504],[120.98949,14.56459]]],[[[120.98857,14.56404],[120.98847,14.56449],[120.98829,14.56404],[120.98857,14.56404]]],[[[120.98606,14.5642],[120.98615,14.56429],[120.98606,14.56429],[120.98606,14.5642]]],[[[120.98773,14.56467],[120.98801,14.56422],[120.98829,14.56449],[120.98773,14.56467]]],[[[120.98735,14.56485],[120.98745,14.56494],[120.98735,14.56494],[120.98735,14.56485]]],[[[120.99208,14.56525],[120.99227,14.56489],[120.99236,14.56516],[120.99208,14.56525]]],[[[120.98819,14.56521],[120.98837,14.56531],[120.98819,14.56531],[120.98819,14.56521]]],[[[120.98568,14.56528],[120.98558,14.56637],[120.98493,14.56636],[120.98475,14.56564],[120.98568,14.56528]]],[[[120.98837,14.56576],[120.98809,14.56558],[120.98837,14.56558],[120.98837,14.56576]]],[[[120.99068,14.56596],[120.9905,14.56569],[120.99078,14.56569],[120.99068,14.56596]]],[[[120.99254,14.56579],[120.99227,14.56552],[120.99245,14.56543],[120.99254,14.56579]]],[[[120.99134,14.56524],[120.99125,14.56515],[120.99134,14.56515],[120.99134,14.56524]]],[[[120.99088,14.56488],[120.99042,14.56478],[120.99088,14.56479],[120.99088,14.56488]]],[[[120.99115,14.56623],[120.99059,14.56668],[120.9904,14.56659],[120.99059,14.56614],[120.99115,14.56623]]],[[[120.99114,14.5666],[120.99096,14.56668],[120.99114,14.56669],[120.99114,14.5666]]],[[[120.99086,14.56659],[120.99096,14.5665],[120.99087,14.5665],[120.99086,14.56659]]],[[[120.99068,14.56686],[120.99077,14.56695],[120.99068,14.56695],[120.99068,14.56686]]],[[[120.98474,14.56645],[120.98502,14.56663],[120.98474,14.56672],[120.98474,14.56645]]],[[[120.98585,14.56673],[120.98567,14.56646],[120.98586,14.56646],[120.98585,14.56673]]],[[[120.98464,14.56699],[120.98445,14.56798],[120.98389,14.56807],[120.98409,14.56717],[120.98464,14.56699]]],[[[120.9863,14.56809],[120.98594,14.56782],[120.98631,14.56782],[120.9863,14.56809]]],[[[120.9864,14.56764],[120.98613,14.56719],[120.98641,14.56719],[120.9864,14.56764]]],[[[120.98566,14.56718],[120.98557,14.567],[120.98576,14.567],[120.98566,14.56718]]],[[[120.98556,14.56845],[120.98565,14.56863],[120.98556,14.56863],[120.98556,14.56845]]],[[[120.98407,14.56861],[120.98398,14.56906],[120.98342,14.56888],[120.98361,14.56852],[120.98407,14.56861]]],[[[120.98875,14.56395],[120.98838,14.56377],[120.98876,14.56377],[120.98875,14.56395]]],[[[120.9882,14.56377],[120.9881,14.56395],[120.98801,14.56377],[120.9882,14.56377]]],[[[120.98792,14.56377],[120.98755,14.56367],[120.98792,14.56368],[120.98792,14.56377]]],[[[120.98842,14.55961],[120.98815,14.55934],[120.98833,14.55934],[120.98842,14.55961]]],[[[120.98731,14.55933],[120.9874,14.55942],[120.98731,14.55942],[120.98731,14.55933]]],[[[120.9875,14.55924],[120.98741,14.55915],[120.9875,14.55915],[120.9875,14.55924]]],[[[120.98759,14.55906],[120.9875,14.55897],[120.98759,14.55897],[120.98759,14.55906]]],[[[120.98808,14.55636],[120.98799,14.55618],[120.98808,14.55618],[120.98808,14.55636]]],[[[120.98818,14.55609],[120.98808,14.556],[120.98818,14.556],[120.98818,14.55609]]],[[[120.98733,14.58816],[120.98714,14.58807],[120.98733,14.58798],[120.98733,14.58816]]],[[[120.98518,14.58977],[120.98527,14.59022],[120.9848,14.59031],[120.98462,14.58985],[120.98518,14.58977]]],[[[120.9835,14.59048],[120.9834,14.59111],[120.9822,14.59119],[120.98239,14.59065],[120.9835,14.59048]]],[[[120.98183,14.59064],[120.98173,14.59137],[120.9809,14.59109],[120.981,14.59064],[120.98183,14.59064]]],[[[120.97215,14.59444],[120.97224,14.59454],[120.97215,14.59454],[120.97215,14.59444]]],[[[120.96769,14.59513],[120.9675,14.59522],[120.96768,14.59522],[120.96769,14.59513]]],[[[120.96973,14.59515],[120.9701,14.59515],[120.97019,14.59497],[120.96973,14.59515]]],[[[120.98402,14.59509],[120.98374,14.59518],[120.98392,14.59527],[120.98402,14.59509]]],[[[120.97697,14.59503],[120.97641,14.59511],[120.97752,14.5953],[120.97753,14.59449],[120.97661,14.59376],[120.9754,14.59384],[120.97651,14.5943],[120.97697,14.59503]]],[[[120.96852,14.59523],[120.96918,14.5946],[120.96899,14.59415],[120.96862,14.59496],[120.96768,14.59531],[120.96852,14.59523]]],[[[120.9688,14.59523],[120.96852,14.59532],[120.9688,14.59532],[120.9688,14.59523]]],[[[120.96898,14.59541],[120.96889,14.59532],[120.96889,14.59541],[120.96898,14.59541]]],[[[120.96963,14.59533],[120.96935,14.59541],[120.96963,14.59542],[120.96963,14.59533]]],[[[120.983,14.59526],[120.98272,14.59517],[120.98253,14.59553],[120.983,14.59526]]],[[[120.9842,14.59536],[120.98615,14.59529],[120.98541,14.5951],[120.9842,14.59536]]],[[[120.98245,14.59444],[120.98189,14.5948],[120.9816,14.59561],[120.98179,14.59561],[120.98245,14.59444]]],[[[120.98253,14.59562],[120.98244,14.59553],[120.98244,14.59562],[120.98253,14.59562]]],[[[120.9816,14.5957],[120.98151,14.59561],[120.98151,14.5957],[120.9816,14.5957]]],[[[120.98577,14.59574],[120.98568,14.59565],[120.98568,14.59574],[120.98577,14.59574]]],[[[120.98132,14.59597],[120.98132,14.5957],[120.98113,14.59597],[120.98132,14.59597]]],[[[120.98113,14.59606],[120.98104,14.59597],[120.98104,14.59606],[120.98113,14.59606]]],[[[120.98104,14.59606],[120.9802,14.59623],[120.98002,14.59551],[120.97872,14.59559],[120.97845,14.59495],[120.97761,14.59531],[120.97983,14.59641],[120.98104,14.59606]]],[[[120.98447,14.59654],[120.98438,14.59645],[120.98438,14.59654],[120.98447,14.59654]]],[[[120.98484,14.59636],[120.98465,14.59645],[120.98484,14.59654],[120.98484,14.59636]]],[[[120.95923,14.59659],[120.95904,14.5965],[120.95904,14.59659],[120.95923,14.59659]]],[[[120.98307,14.59671],[120.98372,14.59689],[120.98401,14.59645],[120.98345,14.59626],[120.98307,14.59671]]],[[[120.98567,14.59691],[120.98558,14.59682],[120.98558,14.59691],[120.98567,14.59691]]],[[[120.96015,14.59714],[120.96006,14.59705],[120.96006,14.59714],[120.96015,14.59714]]],[[[120.99398,14.59147],[120.99435,14.59193],[120.99397,14.59228],[120.99286,14.59173],[120.99249,14.59182],[120.99406,14.59265],[120.99543,14.59501],[120.99755,14.59692],[120.99931,14.5973],[121.00118,14.59614],[121.00118,14.59569],[120.99811,14.59612],[120.99618,14.59447],[120.99518,14.59248],[120.99398,14.59147]]],[[[120.9569,14.59757],[120.95681,14.59747],[120.95681,14.59756],[120.9569,14.59757]]],[[[120.96191,14.59779],[120.96228,14.59752],[120.96228,14.59734],[120.96163,14.59734],[120.96191,14.59779]]],[[[120.98325,14.59779],[120.98316,14.59761],[120.98316,14.59779],[120.98325,14.59779]]],[[[120.98502,14.59727],[120.98539,14.59772],[120.98558,14.59727],[120.98502,14.59727]]],[[[120.98482,14.59853],[120.9851,14.59799],[120.98483,14.59799],[120.98482,14.59853]]],[[[120.98491,14.59871],[120.98482,14.59862],[120.98482,14.59871],[120.98491,14.59871]]],[[[120.96988,14.59867],[120.97016,14.59858],[120.96988,14.59849],[120.96988,14.59867]]],[[[120.94371,14.59879],[120.94279,14.59853],[120.94251,14.59865],[120.94371,14.59879]]],[[[120.96988,14.59885],[120.96979,14.59876],[120.96979,14.59885],[120.96988,14.59885]]],[[[120.98232,14.5986],[120.9825,14.59887],[120.98306,14.59879],[120.98287,14.59851],[120.98232,14.5986]]],[[[120.94417,14.59881],[120.94379,14.59881],[120.94417,14.5989],[120.94417,14.59881]]],[[[120.97044,14.59886],[120.97016,14.59895],[120.97043,14.59904],[120.97044,14.59886]]],[[[120.98491,14.59907],[120.98473,14.5988],[120.98463,14.59898],[120.98491,14.59907]]],[[[120.94092,14.59932],[120.94244,14.59872],[120.94251,14.59843],[120.94205,14.59852],[120.94092,14.59932]]],[[[120.94091,14.59932],[120.94083,14.59932],[120.94083,14.59937],[120.94091,14.59932]]],[[[120.94742,14.59963],[120.9464,14.59937],[120.94473,14.5989],[120.94418,14.5989],[120.94742,14.59963]]],[[[120.98036,14.59967],[120.98101,14.59976],[120.98045,14.5994],[120.98036,14.59967]]],[[[120.94862,14.59975],[120.94752,14.59965],[120.94973,14.60012],[120.94862,14.59975]]],[[[120.9501,14.60013],[120.94976,14.60012],[120.9501,14.6002],[120.9501,14.60013]]],[[[120.97079,14.60022],[120.9707,14.60013],[120.9707,14.60022],[120.97079,14.60022]]],[[[120.95056,14.60022],[120.95017,14.60022],[120.95056,14.60031],[120.95056,14.60022]]],[[[120.98332,14.60078],[120.98322,14.60069],[120.98322,14.60078],[120.98332,14.60078]]],[[[120.98285,14.60086],[120.98267,14.60077],[120.98267,14.60086],[120.98285,14.60086]]],[[[120.98109,14.60085],[120.98146,14.60094],[120.98146,14.60076],[120.98109,14.60085]]],[[[120.96262,14.60105],[120.96253,14.60096],[120.96253,14.60105],[120.96262,14.60105]]],[[[120.97792,14.60181],[120.97783,14.6019],[120.97792,14.60191],[120.97792,14.60181]]],[[[120.97783,14.60218],[120.97774,14.60208],[120.97774,14.60217],[120.97783,14.60218]]],[[[120.93607,14.60226],[120.93607,14.60222],[120.93601,14.60226],[120.93607,14.60226]]],[[[120.93579,14.60244],[120.93579,14.6024],[120.93573,14.60244],[120.93579,14.60244]]],[[[120.95774,14.60269],[120.95815,14.60246],[120.95777,14.60227],[120.95774,14.60269]]],[[[120.9328,14.60295],[120.93504,14.60281],[120.9328,14.6029],[120.9328,14.60295]]],[[[120.95193,14.60321],[120.95193,14.60315],[120.95188,14.60321],[120.95193,14.60321]]],[[[120.95146,14.60393],[120.95146,14.60385],[120.95143,14.60393],[120.95146,14.60393]]],[[[120.95416,14.6026],[120.9539,14.60233],[120.9523,14.60331],[120.95286,14.60322],[120.95303,14.60404],[120.95416,14.6026]]],[[[120.95201,14.60403],[120.9522,14.60412],[120.9522,14.60403],[120.95201,14.60403]]],[[[120.95201,14.60448],[120.95183,14.60439],[120.95182,14.60448],[120.95201,14.60448]]],[[[120.95238,14.60457],[120.95256,14.60467],[120.95257,14.60458],[120.95238,14.60457]]],[[[120.98113,14.60636],[120.98132,14.60609],[120.98104,14.60618],[120.98113,14.60636]]],[[[120.94837,14.60698],[120.9482,14.60707],[120.94837,14.60707],[120.94837,14.60698]]],[[[120.94846,14.60707],[120.94855,14.60698],[120.94846,14.60698],[120.94846,14.60707]]],[[[120.94865,14.60707],[120.94855,14.60716],[120.94864,14.60716],[120.94865,14.60707]]],[[[120.95146,14.6042],[120.95118,14.60428],[120.95034,14.60474],[120.94873,14.60743],[120.95071,14.60501],[120.95209,14.60548],[120.95192,14.60466],[120.95136,14.60466],[120.95146,14.6042]]],[[[120.97925,14.60897],[120.97916,14.60905],[120.97925,14.60906],[120.97925,14.60897]]],[[[120.94853,14.60915],[120.94891,14.6087],[120.94797,14.60815],[120.94798,14.60869],[120.94853,14.60915]]],[[[120.94853,14.60942],[120.94862,14.60933],[120.94853,14.60933],[120.94853,14.60942]]],[[[120.94872,14.60942],[120.94862,14.60951],[120.94872,14.60951],[120.94872,14.60942]]],[[[120.94881,14.60951],[120.94871,14.6096],[120.94881,14.6096],[120.94881,14.60951]]],[[[120.9489,14.6096],[120.94881,14.60969],[120.9489,14.60969],[120.9489,14.6096]]],[[[120.94899,14.6097],[120.9489,14.60978],[120.94899,14.60979],[120.94899,14.6097]]],[[[120.98101,14.60997],[120.98092,14.60889],[120.98056,14.60843],[120.98028,14.60843],[120.98027,14.60961],[120.98101,14.60997]]],[[[120.98064,14.60925],[120.98036,14.60907],[120.98064,14.60907],[120.98064,14.60925]]],[[[120.9811,14.61016],[120.981,14.61006],[120.981,14.61016],[120.9811,14.61016]]],[[[120.98044,14.61051],[120.98016,14.6106],[120.98053,14.61078],[120.98044,14.61051]]],[[[120.95434,14.60287],[120.95313,14.60413],[120.95274,14.60539],[120.9503,14.60889],[120.94909,14.60915],[120.94964,14.6097],[120.94927,14.61024],[120.94899,14.60997],[120.9487,14.61096],[120.95182,14.60748],[120.95389,14.60449],[120.9535,14.60413],[120.95434,14.60287]]],[[[120.95321,14.60467],[120.95331,14.60458],[120.95331,14.60467],[120.95321,14.60467]]],[[[120.96308,14.61135],[120.96317,14.61145],[120.96317,14.61136],[120.96308,14.61135]]],[[[120.97941,14.61177],[120.97913,14.61177],[120.97941,14.61195],[120.97941,14.61177]]],[[[120.96113,14.61215],[120.96103,14.61206],[120.96103,14.61215],[120.96113,14.61215]]],[[[120.9576,14.61254],[120.9575,14.61239],[120.95741,14.61253],[120.9576,14.61254]]],[[[120.96119,14.61495],[120.96082,14.61513],[120.96119,14.61513],[120.96119,14.61495]]],[[[120.94396,14.61786],[120.94787,14.61244],[120.94795,14.61222],[120.94392,14.61778],[120.94396,14.61786]]],[[[120.95579,14.61931],[120.95546,14.61925],[120.95586,14.61939],[120.95579,14.61931]]],[[[120.97451,14.6204],[120.97423,14.62049],[120.97451,14.62049],[120.97451,14.6204]]],[[[120.96763,14.62124],[120.96754,14.62133],[120.96763,14.62133],[120.96763,14.62124]]],[[[120.97505,14.62167],[120.97525,14.62059],[120.97488,14.61995],[120.9746,14.62049],[120.97505,14.62167]]],[[[120.96493,14.62203],[120.96475,14.62194],[120.96475,14.62203],[120.96493,14.62203]]],[[[120.97533,14.62194],[120.97495,14.62212],[120.97533,14.62212],[120.97533,14.62194]]],[[[120.97616,14.62204],[120.97598,14.62213],[120.97616,14.62222],[120.97616,14.62204]]],[[[120.95881,14.62216],[120.9589,14.62234],[120.95899,14.62216],[120.95881,14.62216]]],[[[120.96409,14.62248],[120.964,14.6223],[120.964,14.62248],[120.96409,14.62248]]],[[[120.9588,14.62252],[120.95871,14.62234],[120.95871,14.62252],[120.9588,14.62252]]],[[[120.97625,14.62267],[120.97606,14.62249],[120.97606,14.62267],[120.97625,14.62267]]],[[[120.96343,14.62383],[120.96371,14.62365],[120.96353,14.62356],[120.96343,14.62383]]],[[[120.97364,14.62428],[120.97364,14.62383],[120.97336,14.62382],[120.97327,14.62409],[120.97364,14.62428]]],[[[120.96584,14.62439],[120.96584,14.62412],[120.96565,14.62439],[120.96584,14.62439]]],[[[120.95452,14.62438],[120.9547,14.62447],[120.9547,14.62438],[120.95452,14.62438]]],[[[120.96565,14.62448],[120.96556,14.62439],[120.96556,14.62448],[120.96565,14.62448]]],[[[120.96556,14.62457],[120.96547,14.62448],[120.96547,14.62457],[120.96556,14.62457]]],[[[120.96547,14.62466],[120.96537,14.62457],[120.96537,14.62466],[120.96547,14.62466]]],[[[120.96537,14.62475],[120.96528,14.62466],[120.96528,14.62475],[120.96537,14.62475]]],[[[120.97428,14.62483],[120.9741,14.62455],[120.974,14.62482],[120.97428,14.62483]]],[[[120.96528,14.62484],[120.96519,14.62475],[120.96519,14.62484],[120.96528,14.62484]]],[[[120.96518,14.62493],[120.96509,14.62484],[120.96509,14.62493],[120.96518,14.62493]]],[[[120.96509,14.62502],[120.965,14.62493],[120.965,14.62502],[120.96509,14.62502]]],[[[120.97354,14.62509],[120.97354,14.62464],[120.97307,14.62491],[120.97307,14.62509],[120.97354,14.62509]]],[[[120.965,14.62511],[120.96491,14.62502],[120.9649,14.62511],[120.965,14.62511]]],[[[120.95664,14.62521],[120.9559,14.62512],[120.9559,14.62521],[120.95664,14.62521]]],[[[120.9649,14.62511],[120.96444,14.62537],[120.96444,14.62564],[120.96453,14.62565],[120.9649,14.62511]]],[[[120.96202,14.62553],[120.9623,14.62563],[120.9623,14.62544],[120.96202,14.62553]]],[[[120.9649,14.62574],[120.96481,14.62565],[120.96481,14.62574],[120.9649,14.62574]]],[[[120.96443,14.62582],[120.96434,14.62564],[120.96434,14.62582],[120.96443,14.62582]]],[[[120.96434,14.62591],[120.96425,14.62582],[120.96425,14.62591],[120.96434,14.62591]]],[[[120.96425,14.62609],[120.96415,14.62591],[120.96415,14.62609],[120.96425,14.62609]]],[[[120.96415,14.62618],[120.96406,14.62609],[120.96406,14.62618],[120.96415,14.62618]]],[[[120.96397,14.62627],[120.96406,14.62645],[120.96406,14.62627],[120.96397,14.62627]]],[[[120.96155,14.62634],[120.96109,14.62634],[120.96155,14.62652],[120.96155,14.62634]]],[[[120.96396,14.62663],[120.96387,14.62645],[120.96387,14.62663],[120.96396,14.62663]]],[[[120.97445,14.62664],[120.97436,14.62645],[120.97436,14.62663],[120.97445,14.62664]]],[[[120.96211,14.62653],[120.96192,14.62662],[120.96211,14.62671],[120.96211,14.62653]]],[[[120.96387,14.62681],[120.96378,14.62663],[120.96377,14.62681],[120.96387,14.62681]]],[[[120.96377,14.6269],[120.96368,14.62681],[120.96368,14.6269],[120.96377,14.6269]]],[[[120.96368,14.62699],[120.96359,14.6269],[120.96359,14.62699],[120.96368,14.62699]]],[[[120.96359,14.62708],[120.9634,14.62699],[120.9634,14.62708],[120.96359,14.62708]]],[[[120.96322,14.62708],[120.96331,14.62717],[120.96331,14.62708],[120.96322,14.62708]]],[[[120.96321,14.62726],[120.96312,14.62717],[120.96312,14.62726],[120.96321,14.62726]]],[[[120.96304,14.62654],[120.96285,14.62699],[120.96284,14.62735],[120.96312,14.6269],[120.96304,14.62654]]],[[[120.96312,14.62735],[120.96303,14.62726],[120.96303,14.62735],[120.96312,14.62735]]],[[[120.97528,14.62737],[120.97519,14.62628],[120.97464,14.626],[120.97454,14.62646],[120.97519,14.62664],[120.97481,14.62727],[120.97528,14.62737]]],[[[120.9559,14.62521],[120.95479,14.62511],[120.95433,14.62447],[120.95413,14.62542],[120.95367,14.62555],[120.9541,14.62569],[120.9536,14.62583],[120.95404,14.62593],[120.95382,14.627],[120.95412,14.62754],[120.95394,14.62646],[120.95451,14.62538],[120.9559,14.62521]]],[[[120.95442,14.62492],[120.95433,14.62474],[120.95442,14.62474],[120.95442,14.62492]]],[[[120.9543,14.62754],[120.95421,14.62772],[120.9543,14.62772],[120.9543,14.62754]]],[[[120.97657,14.62783],[120.97648,14.62774],[120.97648,14.62783],[120.97657,14.62783]]],[[[120.97499,14.62791],[120.9749,14.62781],[120.9749,14.6279],[120.97499,14.62791]]],[[[120.95708,14.62811],[120.95715,14.62824],[120.95727,14.62811],[120.95708,14.62811]]],[[[120.95643,14.62825],[120.95671,14.62802],[120.95643,14.6281],[120.95643,14.62825]]],[[[120.96097,14.6286],[120.96181,14.62824],[120.96145,14.62761],[120.96097,14.6286]]],[[[120.96635,14.62891],[120.96664,14.62865],[120.96636,14.62855],[120.96635,14.62891]]],[[[120.96088,14.62896],[120.96069,14.62886],[120.96069,14.62896],[120.96088,14.62896]]],[[[120.95939,14.62894],[120.95936,14.62903],[120.95949,14.62903],[120.95939,14.62894]]],[[[120.95996,14.62841],[120.96004,14.62904],[120.96005,14.62841],[120.95996,14.62841]]],[[[120.96023,14.62904],[120.96014,14.62886],[120.96013,14.62904],[120.96023,14.62904]]],[[[120.95995,14.62913],[120.95958,14.62904],[120.95958,14.62913],[120.95995,14.62913]]],[[[120.96403,14.62907],[120.96422,14.62935],[120.96422,14.62908],[120.96403,14.62907]]],[[[120.96663,14.62946],[120.96644,14.62937],[120.96644,14.62946],[120.96663,14.62946]]],[[[120.95967,14.6294],[120.9592,14.62948],[120.95967,14.62949],[120.95967,14.6294]]],[[[120.96004,14.62949],[120.95976,14.62958],[120.96004,14.62958],[120.96004,14.62949]]],[[[120.96069,14.62968],[120.96013,14.62958],[120.96013,14.62967],[120.96069,14.62968]]],[[[120.94496,14.62966],[120.94519,14.6294],[120.94508,14.62939],[120.94496,14.62966]]],[[[120.96588,14.62981],[120.96579,14.62963],[120.96579,14.62981],[120.96588,14.62981]]],[[[120.94426,14.63008],[120.94435,14.62996],[120.94417,14.63007],[120.94426,14.63008]]],[[[120.95149,14.63077],[120.95177,14.63059],[120.95149,14.6305],[120.95149,14.63077]]],[[[120.95434,14.60287],[120.95484,14.60288],[120.95622,14.60054],[120.95697,14.60046],[120.95716,14.59992],[120.95827,14.59984],[120.95854,14.60065],[120.96047,14.60085],[120.96037,14.60197],[120.95872,14.60188],[120.95825,14.60237],[120.95834,14.60273],[120.96024,14.60288],[120.96009,14.60419],[120.95832,14.60417],[120.96017,14.60473],[120.96007,14.60618],[120.95821,14.60616],[120.96006,14.60681],[120.95994,14.6097],[120.95966,14.61024],[120.9578,14.61004],[120.95789,14.6105],[120.95975,14.6106],[120.95955,14.61214],[120.95788,14.61212],[120.95945,14.6125],[120.95963,14.61295],[120.95925,14.61394],[120.95687,14.6134],[120.95657,14.61955],[120.95597,14.61943],[120.95802,14.62037],[120.95678,14.62069],[120.95659,14.62133],[120.95641,14.62072],[120.95511,14.62082],[120.95464,14.62208],[120.95472,14.62267],[120.95537,14.62267],[120.95471,14.62312],[120.95471,14.62393],[120.9548,14.62439],[120.95563,14.62439],[120.95544,14.62511],[120.9562,14.62313],[120.9559,14.62494],[120.95693,14.62486],[120.95693,14.62449],[120.95739,14.62504],[120.95664,14.62512],[120.95776,14.62531],[120.95606,14.62774],[120.9543,14.62781],[120.95625,14.6281],[120.95653,14.6272],[120.95811,14.62676],[120.95906,14.62533],[120.95961,14.62587],[120.95959,14.62705],[120.96024,14.62732],[120.95959,14.62741],[120.95941,14.62813],[120.96005,14.62768],[120.96014,14.62814],[120.96099,14.62697],[120.96034,14.6266],[120.9609,14.62643],[120.96044,14.62624],[120.96054,14.62561],[120.96229,14.62635],[120.96221,14.6259],[120.961,14.62552],[120.96184,14.6249],[120.96286,14.62572],[120.96276,14.62653],[120.96304,14.62654],[120.96315,14.62437],[120.96472,14.62483],[120.96464,14.62366],[120.96593,14.62412],[120.96659,14.62377],[120.96715,14.62287],[120.96707,14.62124],[120.96838,14.62026],[120.96913,14.62026],[120.96931,14.62081],[120.96856,14.62161],[120.96873,14.62234],[120.96808,14.62251],[120.96818,14.62188],[120.96763,14.62133],[120.9677,14.62332],[120.96835,14.62396],[120.9676,14.6245],[120.96815,14.62522],[120.96694,14.6254],[120.96786,14.62667],[120.96739,14.62684],[120.96731,14.62639],[120.96666,14.6263],[120.96712,14.62675],[120.96693,14.62738],[120.96784,14.62838],[120.97015,14.62976],[120.97088,14.63094],[120.97164,14.62986],[120.97321,14.6297],[120.97303,14.62915],[120.97377,14.62952],[120.97378,14.6288],[120.97258,14.62825],[120.97315,14.62717],[120.97221,14.62752],[120.97287,14.62671],[120.9737,14.62708],[120.97389,14.6269],[120.97334,14.62635],[120.97381,14.62573],[120.97334,14.6259],[120.97298,14.625],[120.97242,14.62481],[120.97225,14.624],[120.97262,14.62355],[120.97188,14.62363],[120.97198,14.62228],[120.97235,14.62273],[120.973,14.62256],[120.97263,14.6231],[120.97439,14.62311],[120.97487,14.62158],[120.97412,14.62166],[120.9745,14.62139],[120.97414,14.62013],[120.97247,14.62002],[120.97405,14.61967],[120.97544,14.61978],[120.97516,14.62023],[120.97572,14.61996],[120.97544,14.61941],[120.9747,14.61941],[120.97434,14.61778],[120.97463,14.61724],[120.97508,14.61824],[120.9751,14.61643],[120.97566,14.61625],[120.97539,14.61472],[120.97474,14.61507],[120.97419,14.61452],[120.97457,14.6138],[120.97521,14.61462],[120.97689,14.61355],[120.97626,14.61084],[120.97719,14.61075],[120.97766,14.61022],[120.97812,14.61121],[120.97914,14.61122],[120.97859,14.61041],[120.97942,14.61032],[120.97943,14.60978],[120.97842,14.60905],[120.97916,14.60896],[120.97954,14.60834],[120.98,14.60861],[120.98028,14.60807],[120.98102,14.60835],[120.98112,14.60763],[120.98047,14.60762],[120.98094,14.60672],[120.98048,14.60645],[120.98049,14.60563],[120.98114,14.60582],[120.98142,14.60528],[120.98049,14.60527],[120.98096,14.60455],[120.98078,14.60383],[120.98153,14.60383],[120.98207,14.60492],[120.98245,14.60429],[120.98208,14.60366],[120.98283,14.6033],[120.9819,14.60348],[120.98192,14.60113],[120.98145,14.60157],[120.98172,14.60257],[120.98134,14.60356],[120.98088,14.60329],[120.98135,14.60248],[120.9808,14.60247],[120.98089,14.60175],[120.98034,14.60111],[120.98024,14.6022],[120.97987,14.60183],[120.97978,14.60219],[120.97904,14.6021],[120.97895,14.60137],[120.97988,14.60156],[120.97979,14.60111],[120.98034,14.60102],[120.97999,14.59867],[120.9811,14.59958],[120.98232,14.5986],[120.98242,14.59761],[120.98316,14.59752],[120.98261,14.59634],[120.98187,14.59661],[120.98244,14.59562],[120.97991,14.59777],[120.97603,14.59583],[120.97492,14.59582],[120.97472,14.59691],[120.97455,14.59582],[120.97092,14.59651],[120.96591,14.59647],[120.96535,14.59737],[120.96552,14.598],[120.96497,14.598],[120.9645,14.5989],[120.96284,14.59744],[120.96088,14.59823],[120.96117,14.59733],[120.95987,14.59732],[120.9595,14.59687],[120.95839,14.5974],[120.95589,14.59638],[120.94338,14.59477],[120.94288,14.59844],[120.95066,14.59995],[120.95242,14.6006],[120.95058,14.60031],[120.95343,14.60095],[120.95325,14.6007],[120.95409,14.60061],[120.95354,14.60097],[120.95436,14.60107],[120.95416,14.6026],[120.95455,14.60125],[120.95519,14.60144],[120.95434,14.60287]]],[[[120.9737,14.60729],[120.97388,14.60756],[120.97379,14.60693],[120.97361,14.60693],[120.9737,14.60729]]],[[[120.97361,14.60729],[120.9725,14.60692],[120.9725,14.60656],[120.97185,14.60673],[120.97202,14.60854],[120.97275,14.609],[120.97229,14.60945],[120.97264,14.61135],[120.97282,14.6118],[120.97356,14.61181],[120.97401,14.61398],[120.97457,14.61317],[120.97412,14.61199],[120.97459,14.61173],[120.97514,14.61236],[120.97514,14.61191],[120.97404,14.61055],[120.97424,14.6091],[120.97332,14.60828],[120.97361,14.60729]]],[[[120.97472,14.60703],[120.97491,14.60685],[120.975,14.60712],[120.97472,14.60703]]],[[[120.97574,14.60704],[120.97658,14.60632],[120.97704,14.60678],[120.9762,14.6074],[120.97574,14.60704]]],[[[120.97741,14.60696],[120.97723,14.60669],[120.97742,14.60669],[120.97741,14.60696]]],[[[120.97955,14.60671],[120.979,14.60652],[120.97955,14.60653],[120.97955,14.60671]]],[[[120.97083,14.606],[120.97046,14.60654],[120.97009,14.60608],[120.97083,14.606]]],[[[120.97891,14.60616],[120.97881,14.60598],[120.979,14.60598],[120.97891,14.60616]]],[[[120.98002,14.60599],[120.97984,14.60581],[120.98002,14.60581],[120.98002,14.60599]]],[[[120.97622,14.6056],[120.97557,14.6055],[120.97613,14.60532],[120.97622,14.6056]]],[[[120.97873,14.60562],[120.97835,14.60552],[120.97873,14.60553],[120.97873,14.60562]]],[[[120.97817,14.60543],[120.97808,14.60534],[120.97817,14.60534],[120.97817,14.60543]]],[[[120.97084,14.60528],[120.97093,14.60546],[120.97084,14.60546],[120.97084,14.60528]]],[[[120.96129,14.60492],[120.96193,14.60529],[120.9622,14.60593],[120.96156,14.60583],[120.96118,14.60673],[120.96129,14.60492]]],[[[120.9623,14.6052],[120.96212,14.60502],[120.96231,14.60502],[120.9623,14.6052]]],[[[120.97883,14.6048],[120.97799,14.60489],[120.97799,14.60462],[120.97883,14.6048]]],[[[120.97985,14.6049],[120.97975,14.60472],[120.97985,14.60472],[120.97985,14.6049]]],[[[120.98059,14.60446],[120.98013,14.60418],[120.9805,14.6041],[120.98059,14.60446]]],[[[120.9779,14.60407],[120.97809,14.60444],[120.97799,14.60444],[120.9779,14.60407]]],[[[120.97911,14.60408],[120.97893,14.6039],[120.97911,14.6039],[120.97911,14.60408]]],[[[120.97939,14.60391],[120.97921,14.60336],[120.97958,14.60318],[120.97995,14.60391],[120.97939,14.60391]]],[[[120.98004,14.60373],[120.98014,14.60337],[120.98032,14.60364],[120.98004,14.60373]]],[[[120.97995,14.60319],[120.98024,14.60283],[120.97968,14.60264],[120.98024,14.60229],[120.98051,14.60283],[120.97995,14.60319]]],[[[120.9782,14.60227],[120.97829,14.60245],[120.9782,14.60245],[120.9782,14.60227]]],[[[120.97764,14.60217],[120.97792,14.60227],[120.97811,14.60173],[120.97727,14.6019],[120.97736,14.60253],[120.97764,14.60217]]],[[[120.97773,14.60254],[120.97764,14.60235],[120.97764,14.60254],[120.97773,14.60254]]],[[[120.97754,14.60308],[120.97745,14.60326],[120.97754,14.60326],[120.97754,14.60308]]],[[[120.97745,14.60308],[120.97727,14.60271],[120.9768,14.60253],[120.97709,14.60199],[120.97635,14.60162],[120.97616,14.60216],[120.97671,14.60244],[120.97671,14.60298],[120.97745,14.60308]]],[[[120.97856,14.603],[120.97838,14.60272],[120.97866,14.60272],[120.97856,14.603]]],[[[120.97253,14.6033],[120.97281,14.60304],[120.973,14.60222],[120.97375,14.60178],[120.97207,14.60222],[120.97272,14.60276],[120.97253,14.6033]]],[[[120.97253,14.60339],[120.97234,14.6033],[120.97234,14.60339],[120.97253,14.60339]]],[[[120.97375,14.60178],[120.97393,14.60232],[120.97412,14.60232],[120.97394,14.60124],[120.97357,14.60133],[120.97375,14.60178]]],[[[120.97412,14.60178],[120.97589,14.60144],[120.97598,14.60108],[120.97515,14.60098],[120.97524,14.60143],[120.97459,14.60124],[120.97412,14.60178]]],[[[120.97774,14.60118],[120.97737,14.60136],[120.97728,14.60118],[120.97774,14.60118]]],[[[120.97701,14.60018],[120.97663,14.60135],[120.97654,14.60072],[120.97608,14.6008],[120.97664,14.60009],[120.97701,14.60018]]],[[[120.9797,14.60102],[120.97942,14.60029],[120.97988,14.60057],[120.9797,14.60102]]],[[[120.97868,14.60074],[120.97877,14.60083],[120.97868,14.60083],[120.97868,14.60074]]],[[[120.97803,14.6001],[120.97739,14.59982],[120.97841,14.59983],[120.97803,14.6001]]],[[[120.97174,14.5986],[120.97098,14.60058],[120.97014,14.60057],[120.97052,14.59949],[120.96913,14.59975],[120.96951,14.59831],[120.97007,14.59786],[120.97118,14.59814],[120.97174,14.5986]]],[[[120.97182,14.59977],[120.97191,14.5995],[120.97191,14.59977],[120.97182,14.59977]]],[[[120.97368,14.5997],[120.97358,14.59961],[120.97368,14.59961],[120.97368,14.5997]]],[[[120.97943,14.59948],[120.97906,14.59957],[120.97906,14.59929],[120.97943,14.59948]]],[[[120.97962,14.59939],[120.97943,14.5993],[120.97962,14.59921],[120.97962,14.59939]]],[[[120.97377,14.59907],[120.97359,14.5988],[120.97378,14.5988],[120.97377,14.59907]]],[[[120.97981,14.59885],[120.97962,14.59876],[120.97981,14.59867],[120.97981,14.59885]]],[[[120.98092,14.59895],[120.9813,14.5985],[120.98129,14.59904],[120.98092,14.59895]]],[[[120.98083,14.59868],[120.98064,14.59895],[120.98055,14.59877],[120.98083,14.59868]]],[[[120.98157,14.5985],[120.98148,14.59841],[120.98157,14.59841],[120.98157,14.5985]]],[[[120.98083,14.59813],[120.98,14.59831],[120.98019,14.5975],[120.98083,14.59813]]],[[[120.98195,14.59814],[120.98139,14.59778],[120.98196,14.59733],[120.98195,14.59814]]],[[[120.97463,14.597],[120.97396,14.59862],[120.97368,14.59871],[120.97463,14.597]]],[[[120.975,14.59682],[120.97482,14.59673],[120.975,14.59664],[120.975,14.59682]]],[[[120.97732,14.59666],[120.97723,14.59648],[120.97732,14.59648],[120.97732,14.59666]]],[[[120.97324,14.59626],[120.97332,14.59789],[120.97276,14.59788],[120.97286,14.59743],[120.97248,14.59815],[120.97184,14.59779],[120.97231,14.59652],[120.97324,14.59626]]],[[[120.97184,14.59706],[120.97109,14.59787],[120.97055,14.59687],[120.97129,14.59715],[120.97166,14.5967],[120.97184,14.59706]]],[[[120.96683,14.59711],[120.96673,14.59774],[120.96599,14.59783],[120.96637,14.59702],[120.96683,14.59711]]],[[[120.96914,14.59794],[120.9697,14.59768],[120.96952,14.59713],[120.96999,14.59723],[120.96979,14.59804],[120.96914,14.59794]]],[[[120.96886,14.59821],[120.96923,14.59867],[120.96895,14.59875],[120.96886,14.59821]]],[[[120.96636,14.59855],[120.9658,14.59882],[120.96635,14.59891],[120.96636,14.59855]]],[[[120.96598,14.59846],[120.96608,14.59837],[120.96599,14.59837],[120.96598,14.59846]]],[[[120.96348,14.59826],[120.96403,14.59953],[120.96291,14.60015],[120.96273,14.59951],[120.96338,14.59907],[120.96283,14.59861],[120.96348,14.59826]]],[[[120.95189,14.59779],[120.95169,14.5986],[120.94993,14.5985],[120.94326,14.59726],[120.94337,14.59528],[120.94643,14.59539],[120.94541,14.59602],[120.94948,14.59732],[120.95069,14.59724],[120.95189,14.59779]]],[[[120.9568,14.59793],[120.95662,14.5981],[120.9568,14.59811],[120.9568,14.59793]]],[[[120.95588,14.59774],[120.95736,14.59775],[120.95736,14.59739],[120.95598,14.59701],[120.95588,14.59774]]],[[[120.95392,14.59853],[120.95485,14.59854],[120.95485,14.59872],[120.95438,14.59872],[120.95392,14.59853]]],[[[120.95531,14.599],[120.95577,14.59936],[120.9553,14.59945],[120.95531,14.599]]],[[[120.95985,14.5994],[120.9605,14.59922],[120.96096,14.59968],[120.95994,14.59976],[120.95985,14.5994]]],[[[120.96263,14.5996],[120.96254,14.59951],[120.96263,14.59951],[120.96263,14.5996]]],[[[120.96245,14.59924],[120.96227,14.59915],[120.96245,14.59906],[120.96245,14.59924]]],[[[120.95893,14.59903],[120.95911,14.5993],[120.95892,14.59939],[120.95893,14.59903]]],[[[120.96133,14.60041],[120.96346,14.60051],[120.96206,14.60141],[120.96261,14.6024],[120.96251,14.60258],[120.96186,14.60258],[120.96233,14.60249],[120.96187,14.60186],[120.96148,14.60366],[120.96113,14.60167],[120.96179,14.60104],[120.96133,14.60041]]],[[[120.96982,14.60473],[120.96835,14.60309],[120.9691,14.603],[120.96965,14.60373],[120.96965,14.6031],[120.97049,14.60338],[120.96982,14.60473]]],[[[120.97159,14.60474],[120.97122,14.60411],[120.97141,14.60402],[120.97159,14.60474]]],[[[120.97521,14.60477],[120.97511,14.60468],[120.97521,14.60468],[120.97521,14.60477]]],[[[120.97688,14.60488],[120.97706,14.60497],[120.97687,14.60506],[120.97688,14.60488]]],[[[120.96982,14.60482],[120.96992,14.60491],[120.96982,14.60491],[120.96982,14.60482]]],[[[120.96175,14.60475],[120.96193,14.60493],[120.96175,14.60493],[120.96175,14.60475]]],[[[120.97586,14.6046],[120.97595,14.60433],[120.97595,14.6046],[120.97586,14.6046]]],[[[120.97623,14.60424],[120.97605,14.60397],[120.97623,14.60397],[120.97623,14.60424]]],[[[120.97568,14.60405],[120.97577,14.60424],[120.97568,14.60424],[120.97568,14.60405]]],[[[120.97781,14.60389],[120.97763,14.6038],[120.97781,14.6038],[120.97781,14.60389]]],[[[120.97615,14.60352],[120.97587,14.60378],[120.97614,14.60379],[120.97615,14.60352]]],[[[120.97587,14.60351],[120.97587,14.60306],[120.97606,14.60288],[120.97569,14.60288],[120.97587,14.60351]]],[[[120.97754,14.60362],[120.97773,14.60326],[120.97791,14.60335],[120.97791,14.60371],[120.97754,14.60362]]],[[[120.9755,14.60288],[120.97559,14.60297],[120.9755,14.60297],[120.9755,14.60288]]],[[[120.97402,14.60296],[120.9741,14.60377],[120.97392,14.60377],[120.97355,14.6034],[120.97402,14.60296]]],[[[120.97197,14.6033],[120.97216,14.60357],[120.97188,14.60357],[120.97197,14.6033]]],[[[120.97123,14.60311],[120.97113,14.60365],[120.97086,14.60302],[120.97123,14.60311]]],[[[120.97244,14.60321],[120.97207,14.60303],[120.97244,14.60303],[120.97244,14.60321]]],[[[120.96687,14.60344],[120.96705,14.60362],[120.96687,14.60362],[120.96687,14.60344]]],[[[120.97161,14.60266],[120.97151,14.60293],[120.9717,14.60294],[120.97161,14.60266]]],[[[120.97133,14.60266],[120.97142,14.60257],[120.97133,14.60257],[120.97133,14.60266]]],[[[120.97114,14.60257],[120.97123,14.60275],[120.97105,14.60275],[120.97114,14.60257]]],[[[120.97096,14.60248],[120.97133,14.60203],[120.97152,14.60203],[120.97133,14.60248],[120.97096,14.60248]]],[[[120.9718,14.60212],[120.97161,14.60203],[120.9718,14.60203],[120.9718,14.60212]]],[[[120.96354,14.60187],[120.96317,14.60214],[120.96298,14.60187],[120.96354,14.60187]]],[[[120.96382,14.60187],[120.96326,14.60169],[120.96317,14.60142],[120.96382,14.60142],[120.96382,14.60187]]],[[[120.9718,14.60158],[120.97245,14.60141],[120.97274,14.60078],[120.9718,14.60158]]],[[[120.9718,14.60185],[120.97171,14.60176],[120.97171,14.60185],[120.9718,14.60185]]],[[[120.97274,14.60069],[120.97283,14.60078],[120.97283,14.60069],[120.97274,14.60069]]],[[[120.96365,14.60061],[120.96383,14.60097],[120.96336,14.60097],[120.96365,14.60061]]],[[[120.9692,14.60228],[120.96929,14.60237],[120.9692,14.60237],[120.9692,14.60228]]],[[[120.96606,14.60054],[120.9656,14.60017],[120.96653,14.59991],[120.96652,14.60027],[120.96606,14.60054]]],[[[120.96857,14.60029],[120.96829,14.6001],[120.96857,14.6002],[120.96857,14.60029]]],[[[120.96886,14.59893],[120.96867,14.59884],[120.96886,14.59884],[120.96886,14.59893]]],[[[120.97267,14.59824],[120.97276,14.5987],[120.97229,14.59878],[120.97229,14.59851],[120.97267,14.59824]]],[[[120.97814,14.59847],[120.97777,14.5982],[120.97814,14.59829],[120.97814,14.59847]]],[[[120.9772,14.60009],[120.97701,14.6],[120.9772,14.6],[120.9772,14.60009]]],[[[120.97615,14.6027],[120.97597,14.60252],[120.97615,14.60252],[120.97615,14.6027]]],[[[120.97477,14.60197],[120.9755,14.6027],[120.97523,14.6026],[120.97477,14.60197]]],[[[120.96126,14.60718],[120.96136,14.60727],[120.96126,14.60727],[120.96126,14.60718]]],[[[120.97026,14.60771],[120.97072,14.60826],[120.971,14.60853],[120.97026,14.60798],[120.97026,14.60771]]],[[[120.96172,14.60791],[120.962,14.60809],[120.96172,14.60809],[120.96172,14.60791]]],[[[120.96924,14.60816],[120.96905,14.60797],[120.96924,14.60797],[120.96924,14.60816]]],[[[120.9684,14.60878],[120.96849,14.60887],[120.96849,14.60878],[120.9684,14.60878]]],[[[120.96839,14.60887],[120.96756,14.60868],[120.96663,14.60877],[120.96765,14.60905],[120.96755,14.60995],[120.96839,14.60887]]],[[[120.96218,14.609],[120.96199,14.60918],[120.96199,14.609],[120.96218,14.609]]],[[[120.96635,14.60958],[120.96644,14.60976],[120.96634,14.60976],[120.96635,14.60958]]],[[[120.96171,14.60972],[120.96179,14.61053],[120.96226,14.61008],[120.96281,14.61072],[120.9627,14.61226],[120.96104,14.6117],[120.96168,14.61216],[120.96066,14.61287],[120.96027,14.61404],[120.9603,14.61079],[120.96106,14.60971],[120.96171,14.60972]]],[[[120.97104,14.61432],[120.97113,14.61396],[120.97113,14.61432],[120.97104,14.61432]]],[[[120.96881,14.61412],[120.969,14.61421],[120.96881,14.61421],[120.96881,14.61412]]],[[[120.96027,14.61431],[120.96036,14.6144],[120.96027,14.6144],[120.96027,14.61431]]],[[[120.97429,14.61407],[120.97419,14.61398],[120.97429,14.61398],[120.97429,14.61407]]],[[[120.97336,14.61388],[120.97327,14.6137],[120.97345,14.6137],[120.97336,14.61388]]],[[[120.96687,14.61356],[120.96714,14.61374],[120.96687,14.61374],[120.96687,14.61356]]],[[[120.96241,14.61352],[120.96149,14.61324],[120.96214,14.61243],[120.96251,14.61316],[120.96241,14.61352]]],[[[120.96334,14.61353],[120.96316,14.61343],[120.96334,14.61344],[120.96334,14.61353]]],[[[120.96325,14.61298],[120.9629,14.61063],[120.96328,14.61018],[120.96439,14.61037],[120.96427,14.61335],[120.96325,14.61298]]],[[[120.9626,14.6128],[120.9627,14.61298],[120.96251,14.61298],[120.9626,14.6128]]],[[[120.97346,14.61307],[120.97309,14.61316],[120.97291,14.61234],[120.97346,14.61307]]],[[[120.97115,14.61233],[120.97124,14.61251],[120.97115,14.61251],[120.97115,14.61233]]],[[[120.96957,14.61195],[120.97003,14.61277],[120.96966,14.61268],[120.96957,14.61195]]],[[[120.97133,14.61215],[120.97124,14.61179],[120.97134,14.61179],[120.97133,14.61215]]],[[[120.9666,14.61229],[120.96688,14.61238],[120.96669,14.61247],[120.9666,14.61229]]],[[[120.96743,14.61248],[120.96725,14.61229],[120.96744,14.61221],[120.96743,14.61248]]],[[[120.96613,14.61256],[120.96641,14.61292],[120.96604,14.61292],[120.96613,14.61256]]],[[[120.97012,14.61313],[120.97031,14.61259],[120.97049,14.61314],[120.97012,14.61313]]],[[[120.96678,14.61301],[120.96696,14.6132],[120.96678,14.61319],[120.96678,14.61301]]],[[[120.96446,14.61308],[120.96455,14.61317],[120.96446,14.61317],[120.96446,14.61308]]],[[[120.97143,14.61134],[120.97135,14.61079],[120.97144,14.6108],[120.97143,14.61134]]],[[[120.97172,14.61035],[120.97154,14.61016],[120.97172,14.61026],[120.97172,14.61035]]],[[[120.96968,14.61015],[120.96931,14.61042],[120.96904,14.60915],[120.96969,14.60942],[120.96931,14.61005],[120.96968,14.61015]]],[[[120.97163,14.60989],[120.97154,14.60971],[120.97163,14.60971],[120.97163,14.60989]]],[[[120.97117,14.60971],[120.97089,14.60962],[120.97117,14.60953],[120.97117,14.60971]]],[[[120.96987,14.60952],[120.96997,14.60961],[120.96987,14.60961],[120.96987,14.60952]]],[[[120.97182,14.60935],[120.97155,14.60926],[120.97183,14.60917],[120.97182,14.60935]]],[[[120.97108,14.60926],[120.97136,14.60944],[120.97108,14.60935],[120.97108,14.60926]]],[[[120.96671,14.61012],[120.9668,14.61039],[120.96652,14.61039],[120.96671,14.61012]]],[[[120.97136,14.6089],[120.97118,14.6088],[120.97136,14.60881],[120.97136,14.6089]]],[[[120.97559,14.61372],[120.97522,14.61354],[120.97587,14.61345],[120.97559,14.61372]]],[[[120.97597,14.61282],[120.97596,14.61336],[120.97633,14.61346],[120.97634,14.61301],[120.97597,14.61282]]],[[[120.9756,14.61282],[120.97597,14.61264],[120.9756,14.61246],[120.9756,14.61282]]],[[[120.97457,14.61335],[120.97494,14.61363],[120.97448,14.61353],[120.97457,14.61335]]],[[[120.97588,14.61246],[120.97551,14.61201],[120.97533,14.61128],[120.97616,14.6121],[120.97588,14.61246]]],[[[120.97589,14.61147],[120.9757,14.61137],[120.97589,14.61138],[120.97589,14.61147]]],[[[120.97627,14.61039],[120.97618,14.6102],[120.97627,14.6102],[120.97627,14.61039]]],[[[120.97757,14.61004],[120.97804,14.60959],[120.97776,14.60922],[120.97795,14.60895],[120.97869,14.60995],[120.97757,14.61004]]],[[[120.97526,14.60902],[120.97554,14.6092],[120.97526,14.6092],[120.97526,14.60902]]],[[[120.97507,14.60938],[120.97526,14.60956],[120.97507,14.60956],[120.97507,14.60938]]],[[[120.97536,14.60875],[120.97526,14.60866],[120.97536,14.60866],[120.97536,14.60875]]],[[[120.97462,14.60838],[120.97443,14.60865],[120.97434,14.60838],[120.97462,14.60838]]],[[[120.97415,14.60847],[120.97406,14.60865],[120.97387,14.60847],[120.97415,14.60847]]],[[[120.97731,14.60823],[120.97703,14.60804],[120.97731,14.60804],[120.97731,14.60823]]],[[[120.97499,14.60766],[120.97518,14.60812],[120.97471,14.60811],[120.97499,14.60766]]],[[[120.97444,14.60793],[120.97453,14.60802],[120.97443,14.60802],[120.97444,14.60793]]],[[[120.96881,14.61466],[120.96899,14.61475],[120.9688,14.61475],[120.96881,14.61466]]],[[[120.96092,14.61468],[120.96147,14.61486],[120.96127,14.61631],[120.96053,14.61603],[120.96092,14.61468]]],[[[120.96027,14.61485],[120.96015,14.61756],[120.95996,14.61765],[120.95998,14.61585],[120.96027,14.61485]]],[[[120.95822,14.61502],[120.9584,14.61583],[120.95821,14.61601],[120.95822,14.61502]]],[[[120.95739,14.61528],[120.95757,14.61564],[120.95729,14.61555],[120.95739,14.61528]]],[[[120.95784,14.61574],[120.95794,14.61547],[120.95803,14.61565],[120.95784,14.61574]]],[[[120.95821,14.61637],[120.95839,14.61665],[120.95821,14.61664],[120.95821,14.61637]]],[[[120.95765,14.61727],[120.95755,14.61754],[120.95746,14.61736],[120.95765,14.61727]]],[[[120.97063,14.61775],[120.97036,14.61747],[120.97063,14.61757],[120.97063,14.61775]]],[[[120.95959,14.61774],[120.95968,14.61783],[120.95959,14.61783],[120.95959,14.61774]]],[[[120.971,14.61775],[120.97083,14.61693],[120.97101,14.61694],[120.971,14.61775]]],[[[120.97128,14.61757],[120.97147,14.6173],[120.97147,14.61757],[120.97128,14.61757]]],[[[120.97426,14.61715],[120.97463,14.61679],[120.97491,14.61688],[120.97472,14.61715],[120.97426,14.61715]]],[[[120.9698,14.61702],[120.9699,14.61711],[120.9698,14.61711],[120.9698,14.61702]]],[[[120.96238,14.61704],[120.96247,14.61722],[120.96247,14.61704],[120.96238,14.61704]]],[[[120.96238,14.6174],[120.96219,14.61731],[120.96219,14.6174],[120.96238,14.6174]]],[[[120.97102,14.61639],[120.97084,14.61594],[120.97102,14.61594],[120.97102,14.61639]]],[[[120.97102,14.61576],[120.97094,14.61504],[120.97103,14.61504],[120.97102,14.61576]]],[[[120.97511,14.61535],[120.97483,14.61516],[120.97511,14.61516],[120.97511,14.61535]]],[[[120.97409,14.61525],[120.97418,14.61534],[120.97409,14.61534],[120.97409,14.61525]]],[[[120.97446,14.61516],[120.97428,14.61507],[120.97446,14.61507],[120.97446,14.61516]]],[[[120.974,14.61506],[120.97418,14.61516],[120.974,14.61515],[120.974,14.61506]]],[[[120.97029,14.61503],[120.97075,14.61477],[120.97075,14.61495],[120.97029,14.61503]]],[[[120.95764,14.6179],[120.95773,14.61799],[120.95764,14.61799],[120.95764,14.6179]]],[[[120.97378,14.61823],[120.97396,14.61913],[120.97378,14.61904],[120.97322,14.61849],[120.97378,14.61823]]],[[[120.97155,14.61857],[120.97183,14.61884],[120.97155,14.61884],[120.97155,14.61857]]],[[[120.97202,14.61866],[120.97192,14.61857],[120.97202,14.61857],[120.97202,14.61866]]],[[[120.97266,14.61903],[120.97275,14.61912],[120.97266,14.61912],[120.97266,14.61903]]],[[[120.9708,14.6201],[120.97089,14.62028],[120.9708,14.62028],[120.9708,14.6201]]],[[[120.97181,14.62065],[120.9719,14.62074],[120.97181,14.62074],[120.97181,14.62065]]],[[[120.97208,14.62137],[120.97199,14.62146],[120.97208,14.62146],[120.97208,14.62137]]],[[[120.97181,14.62092],[120.97199,14.6211],[120.97227,14.62101],[120.97228,14.62083],[120.97181,14.62092]]],[[[120.97228,14.62074],[120.97237,14.62083],[120.97237,14.62074],[120.97228,14.62074]]],[[[120.96995,14.62099],[120.97005,14.62108],[120.96995,14.62108],[120.96995,14.62099]]],[[[120.97004,14.62136],[120.97014,14.62145],[120.97004,14.62145],[120.97004,14.62136]]],[[[120.97097,14.62145],[120.97088,14.62136],[120.97097,14.62136],[120.97097,14.62145]]],[[[120.97004,14.62163],[120.97013,14.62208],[120.97031,14.62244],[120.96976,14.6219],[120.97004,14.62163]]],[[[120.96902,14.62207],[120.96911,14.62225],[120.96892,14.62225],[120.96902,14.62207]]],[[[120.97124,14.62236],[120.97106,14.62218],[120.97124,14.62218],[120.97124,14.62236]]],[[[120.97189,14.62209],[120.97152,14.62173],[120.97208,14.62173],[120.97189,14.62209]]],[[[120.97421,14.6223],[120.97449,14.62266],[120.97412,14.62248],[120.97421,14.6223]]],[[[120.97328,14.62274],[120.97337,14.62292],[120.97318,14.62292],[120.97328,14.62274]]],[[[120.97142,14.6229],[120.9716,14.62354],[120.97105,14.62299],[120.97142,14.6229]]],[[[120.97067,14.62353],[120.97067,14.62407],[120.96928,14.62388],[120.97012,14.62325],[120.97067,14.62353]]],[[[120.97288,14.62563],[120.97279,14.62581],[120.97279,14.62536],[120.97288,14.62563]]],[[[120.97007,14.62822],[120.96989,14.6284],[120.97007,14.6284],[120.97007,14.62822]]],[[[120.96979,14.62822],[120.96989,14.62804],[120.9697,14.62804],[120.96979,14.62822]]],[[[120.97026,14.62841],[120.97155,14.62914],[120.97006,14.62922],[120.97062,14.62895],[120.97026,14.62841]]],[[[120.95754,14.61817],[120.95773,14.61836],[120.95754,14.61835],[120.95754,14.61817]]],[[[120.95986,14.61838],[120.95995,14.61847],[120.95986,14.61847],[120.95986,14.61838]]],[[[120.95698,14.61853],[120.95717,14.6188],[120.95707,14.61962],[120.95651,14.61907],[120.95698,14.61853]]],[[[120.95956,14.62054],[120.96005,14.61865],[120.95994,14.61973],[120.96403,14.61932],[120.96541,14.6205],[120.96319,14.61985],[120.9617,14.61993],[120.96123,14.62047],[120.95984,14.62063],[120.95956,14.62144],[120.95947,14.6209],[120.95882,14.62081],[120.95956,14.62054]]],[[[120.95929,14.62009],[120.9591,14.62036],[120.95892,14.62017],[120.95929,14.62009]]],[[[120.95836,14.62035],[120.95864,14.62044],[120.95836,14.62044],[120.95836,14.62035]]],[[[120.95677,14.62133],[120.95686,14.62142],[120.95677,14.62142],[120.95677,14.62133]]],[[[120.96774,14.61971],[120.96755,14.61953],[120.96774,14.61953],[120.96774,14.61971]]],[[[120.96587,14.62114],[120.96614,14.62159],[120.96586,14.62168],[120.96587,14.62114]]],[[[120.96392,14.62148],[120.96428,14.62194],[120.96391,14.62203],[120.96392,14.62148]]],[[[120.95668,14.6216],[120.95677,14.62187],[120.95667,14.62187],[120.95668,14.6216]]],[[[120.95723,14.62188],[120.95695,14.62169],[120.95723,14.6217],[120.95723,14.62188]]],[[[120.95788,14.62197],[120.95779,14.62179],[120.95788,14.62179],[120.95788,14.62197]]],[[[120.95769,14.62251],[120.95965,14.62163],[120.95973,14.62271],[120.95824,14.62288],[120.95825,14.62252],[120.95769,14.62251]]],[[[120.95704,14.62224],[120.95713,14.62287],[120.9562,14.62304],[120.95639,14.62214],[120.95704,14.62224]]],[[[120.9614,14.62291],[120.96112,14.62263],[120.9614,14.62282],[120.9614,14.62291]]],[[[120.96261,14.62201],[120.9628,14.62183],[120.96289,14.62211],[120.96261,14.62201]]],[[[120.96084,14.62344],[120.96056,14.62353],[120.96084,14.62353],[120.96084,14.62344]]],[[[120.96037,14.62344],[120.96047,14.62317],[120.96028,14.62317],[120.96037,14.62344]]],[[[120.95768,14.62351],[120.95768,14.62405],[120.9573,14.62405],[120.95722,14.6235],[120.95768,14.62351]]],[[[120.96241,14.62418],[120.9625,14.62391],[120.96259,14.62418],[120.96241,14.62418]]],[[[120.96139,14.62417],[120.9612,14.62453],[120.96092,14.62453],[120.96102,14.62408],[120.96139,14.62417]]],[[[120.9624,14.62499],[120.96278,14.62418],[120.96306,14.62437],[120.9624,14.62499]]],[[[120.96073,14.62498],[120.96082,14.62516],[120.96073,14.62516],[120.96073,14.62498]]],[[[120.95831,14.62604],[120.95812,14.6264],[120.95784,14.62649],[120.95793,14.62613],[120.95831,14.62604]]],[[[120.95653,14.62693],[120.95672,14.62702],[120.95653,14.62702],[120.95653,14.62693]]],[[[120.95498,14.62412],[120.95508,14.62421],[120.95498,14.62421],[120.95498,14.62412]]],[[[120.95623,14.6],[120.95613,14.60036],[120.95595,14.60036],[120.95595,14.60018],[120.95623,14.6]]],[[[120.9526,14.6006],[120.95288,14.60069],[120.9526,14.60069],[120.9526,14.6006]]],[[[120.95502,14.60062],[120.9552,14.60098],[120.95492,14.60098],[120.95502,14.60062]]],[[[120.95548,14.60099],[120.95566,14.60072],[120.95566,14.60099],[120.95548,14.60099]]],[[[120.98224,14.59715],[120.98205,14.59697],[120.98214,14.59697],[120.98224,14.59715]]],[[[120.95232,14.63105],[120.95251,14.63087],[120.95223,14.63087],[120.95232,14.63105]]],[[[120.95362,14.63115],[120.95334,14.63133],[120.95362,14.63133],[120.95362,14.63115]]],[[[120.95213,14.63168],[120.95195,14.6315],[120.95194,14.63168],[120.95213,14.63168]]],[[[120.94294,14.63187],[120.94275,14.63178],[120.94275,14.63187],[120.94294,14.63187]]],[[[120.94246,14.63191],[120.94276,14.63169],[120.94276,14.63153],[120.94246,14.63191]]],[[[120.97098,14.63094],[120.97097,14.63185],[120.97087,14.63221],[120.97116,14.63158],[120.97098,14.63094]]],[[[120.94238,14.63232],[120.94238,14.63218],[120.94232,14.63232],[120.94238,14.63232]]],[[[120.97087,14.63239],[120.97078,14.63221],[120.97078,14.63239],[120.97087,14.63239]]],[[[120.95389,14.63242],[120.95389,14.63206],[120.95333,14.63214],[120.95333,14.63241],[120.95389,14.63242]]],[[[120.94228,14.6325],[120.94228,14.63243],[120.94225,14.6325],[120.94228,14.6325]]],[[[120.97328,14.6325],[120.97319,14.63241],[120.97319,14.6325],[120.97328,14.6325]]],[[[120.97077,14.63266],[120.97068,14.63239],[120.97068,14.63266],[120.97077,14.63266]]],[[[120.94219,14.63268],[120.94219,14.63261],[120.94215,14.63268],[120.94219,14.63268]]],[[[120.97337,14.63268],[120.97319,14.63277],[120.97337,14.63286],[120.97337,14.63268]]],[[[120.94209,14.63295],[120.9421,14.6328],[120.94206,14.63295],[120.94209,14.63295]]],[[[120.942,14.6334],[120.942,14.63305],[120.9418,14.6334],[120.942,14.6334]]],[[[120.95777,14.63354],[120.95768,14.63354],[120.95777,14.63357],[120.95777,14.63354]]],[[[120.97068,14.63266],[120.9704,14.63302],[120.97049,14.63365],[120.97058,14.63365],[120.97068,14.63266]]],[[[120.94162,14.63376],[120.94162,14.63368],[120.94158,14.63376],[120.94162,14.63376]]],[[[120.95786,14.63381],[120.95805,14.63372],[120.95788,14.63363],[120.95786,14.63381]]],[[[120.97067,14.63383],[120.97076,14.63374],[120.97058,14.63365],[120.97067,14.63383]]],[[[120.95833,14.63381],[120.95805,14.6339],[120.95833,14.6339],[120.95833,14.63381]]],[[[120.9586,14.634],[120.9587,14.63391],[120.9586,14.63391],[120.9586,14.634]]],[[[120.95879,14.634],[120.9587,14.63409],[120.95879,14.63409],[120.95879,14.634]]],[[[120.9715,14.63402],[120.97178,14.63411],[120.97178,14.63393],[120.9715,14.63402]]],[[[120.95773,14.63408],[120.95786,14.63417],[120.95786,14.63408],[120.95773,14.63408]]],[[[120.95888,14.63409],[120.95879,14.63418],[120.95888,14.63418],[120.95888,14.63409]]],[[[120.9715,14.6342],[120.97141,14.63411],[120.97141,14.6342],[120.9715,14.6342]]],[[[120.95814,14.63417],[120.95786,14.63426],[120.95814,14.63426],[120.95814,14.63417]]],[[[120.95916,14.63427],[120.95907,14.63418],[120.95907,14.63427],[120.95916,14.63427]]],[[[120.95767,14.63426],[120.95754,14.63422],[120.95751,14.63435],[120.95767,14.63426]]],[[[120.95823,14.63426],[120.95814,14.63435],[120.95823,14.63436],[120.95823,14.63426]]],[[[120.94461,14.62982],[120.9435,14.63133],[120.94349,14.63233],[120.94266,14.6325],[120.94236,14.63376],[120.94154,14.63385],[120.9414,14.63424],[120.95099,14.63425],[120.95091,14.63321],[120.95119,14.63303],[120.95146,14.6333],[120.95109,14.63402],[120.95285,14.63395],[120.95322,14.63439],[120.95694,14.63335],[120.95768,14.63354],[120.95722,14.63308],[120.95806,14.63291],[120.95883,14.63011],[120.95846,14.62978],[120.9527,14.62988],[120.95261,14.63033],[120.95419,14.62989],[120.95455,14.63044],[120.95427,14.63116],[120.95491,14.63162],[120.9549,14.6327],[120.95444,14.63251],[120.95406,14.63314],[120.9537,14.6326],[120.95323,14.63278],[120.95306,14.63187],[120.95231,14.63186],[120.95184,14.63249],[120.95027,14.63212],[120.95018,14.6313],[120.95111,14.63095],[120.95131,14.63005],[120.95158,14.63032],[120.95177,14.62987],[120.95057,14.62986],[120.95,14.63112],[120.94916,14.63111],[120.94898,14.63066],[120.95038,14.62986],[120.94686,14.62983],[120.94657,14.63019],[120.94461,14.62982]]],[[[120.95565,14.63262],[120.95546,14.63243],[120.95565,14.63253],[120.95565,14.63262]]],[[[120.9563,14.63262],[120.95612,14.63208],[120.95649,14.63226],[120.9563,14.63262]]],[[[120.95667,14.63208],[120.95658,14.6319],[120.95667,14.6319],[120.95667,14.63208]]],[[[120.95575,14.63171],[120.95556,14.63162],[120.95575,14.63162],[120.95575,14.63171]]],[[[120.95724,14.63145],[120.95687,14.63127],[120.95733,14.63128],[120.95724,14.63145]]],[[[120.95696,14.631],[120.95492,14.63062],[120.95493,14.63026],[120.95678,14.63037],[120.95696,14.631]]],[[[120.95789,14.63065],[120.95715,14.63073],[120.95715,14.63046],[120.95789,14.63065]]],[[[120.95715,14.63037],[120.95697,14.63028],[120.95715,14.63028],[120.95715,14.63037]]],[[[120.95388,14.63332],[120.95397,14.6335],[120.95378,14.6335],[120.95388,14.63332]]],[[[120.95314,14.63314],[120.95331,14.63395],[120.95313,14.63395],[120.95314,14.63314]]],[[[120.95202,14.63295],[120.9523,14.6334],[120.95295,14.63313],[120.95258,14.63286],[120.95202,14.63295]]],[[[120.95193,14.63294],[120.95203,14.63285],[120.95193,14.63285],[120.95193,14.63294]]],[[[120.94367,14.63314],[120.94571,14.6328],[120.94367,14.63269],[120.94367,14.63314]]],[[[120.94478,14.63342],[120.9446,14.63324],[120.9445,14.63342],[120.94478,14.63342]]],[[[120.94265,14.63277],[120.9433,14.63332],[120.94264,14.63377],[120.94265,14.63277]]],[[[120.94283,14.63404],[120.94339,14.63368],[120.94338,14.63404],[120.94283,14.63404]]],[[[120.94654,14.6338],[120.94645,14.63371],[120.94654,14.63371],[120.94654,14.6338]]],[[[120.94664,14.63362],[120.94654,14.63353],[120.94664,14.63353],[120.94664,14.63362]]],[[[120.95229,14.63385],[120.95248,14.63394],[120.95229,14.63394],[120.95229,14.63385]]],[[[120.94516,14.63252],[120.94386,14.63233],[120.94498,14.6318],[120.94516,14.63252]]],[[[120.94943,14.63256],[120.94962,14.63211],[120.95017,14.63239],[120.95008,14.63257],[120.94943,14.63256]]],[[[120.94795,14.6321],[120.9486,14.63246],[120.94776,14.63246],[120.94795,14.6321]]],[[[120.94618,14.63217],[120.94692,14.63245],[120.9459,14.63244],[120.94618,14.63217]]],[[[120.94758,14.63182],[120.9474,14.63164],[120.94749,14.63164],[120.94758,14.63182]]],[[[120.94535,14.63171],[120.94508,14.63117],[120.94564,14.63117],[120.94573,14.63153],[120.94535,14.63171]]],[[[120.94619,14.63109],[120.94629,14.63073],[120.94638,14.63109],[120.94619,14.63109]]],[[[120.94852,14.63029],[120.94769,14.62993],[120.94927,14.62994],[120.94852,14.63029]]],[[[120.94732,14.63001],[120.9475,14.63019],[120.94722,14.63019],[120.94732,14.63001]]],[[[120.95953,14.63455],[120.95944,14.63446],[120.95943,14.63455],[120.95953,14.63455]]],[[[120.95962,14.63464],[120.95971,14.63455],[120.95962,14.63455],[120.95962,14.63464]]],[[[120.9598,14.63464],[120.95971,14.63473],[120.9598,14.63473],[120.9598,14.63464]]],[[[120.97465,14.63477],[120.97438,14.6345],[120.97447,14.63477],[120.97465,14.63477]]],[[[120.95684,14.63461],[120.95749,14.63437],[120.9569,14.63416],[120.95684,14.63461]]],[[[120.95999,14.63482],[120.9599,14.63473],[120.9599,14.63482],[120.95999,14.63482]]],[[[120.96138,14.63483],[120.96129,14.63465],[120.96129,14.63483],[120.96138,14.63483]]],[[[120.96027,14.63492],[120.96008,14.63482],[120.96008,14.63491],[120.96027,14.63492]]],[[[120.96036,14.63501],[120.96045,14.63492],[120.96036,14.63492],[120.96036,14.63501]]],[[[120.96054,14.63501],[120.96045,14.6351],[120.96054,14.6351],[120.96054,14.63501]]],[[[120.96064,14.6351],[120.96054,14.63519],[120.96063,14.63519],[120.96064,14.6351]]],[[[120.96063,14.63537],[120.96073,14.63528],[120.96063,14.63528],[120.96063,14.63537]]],[[[120.96082,14.63537],[120.96073,14.63546],[120.96082,14.63546],[120.96082,14.63537]]],[[[120.96091,14.63564],[120.961,14.63555],[120.96091,14.63555],[120.96091,14.63564]]],[[[120.95269,14.63611],[120.95278,14.63606],[120.95266,14.63521],[120.95353,14.63509],[120.95185,14.63519],[120.95263,14.63541],[120.95269,14.63611]]],[[[120.95424,14.63622],[120.9545,14.63597],[120.95394,14.63603],[120.95424,14.63622]]],[[[120.96155,14.63628],[120.96146,14.63619],[120.96146,14.63628],[120.96155,14.63628]]],[[[120.97269,14.63638],[120.9726,14.63629],[120.9726,14.63638],[120.97269,14.63638]]],[[[120.97463,14.63676],[120.97454,14.63667],[120.97454,14.63676],[120.97463,14.63676]]],[[[120.95542,14.63686],[120.9557,14.63668],[120.95552,14.63641],[120.95542,14.63686]]],[[[120.9473,14.63698],[120.94966,14.6365],[120.94988,14.63679],[120.9506,14.63635],[120.94915,14.6365],[120.94902,14.63528],[120.9508,14.63519],[120.94898,14.63526],[120.94904,14.63655],[120.9473,14.63698]]],[[[120.96294,14.63729],[120.96284,14.6372],[120.96284,14.63729],[120.96294,14.63729]]],[[[120.9634,14.63774],[120.96321,14.63765],[120.96321,14.63774],[120.9634,14.63774]]],[[[120.95374,14.63802],[120.95356,14.63793],[120.95356,14.63802],[120.95374,14.63802]]],[[[120.95957,14.63943],[120.95976,14.63961],[120.95985,14.63943],[120.95957,14.63943]]],[[[120.95382,14.63965],[120.95373,14.63956],[120.95373,14.63965],[120.95382,14.63965]]],[[[120.95261,14.63973],[120.95308,14.63946],[120.95252,14.63946],[120.95261,14.63973]]],[[[120.96366,14.63964],[120.96385,14.6391],[120.96348,14.63892],[120.96329,14.63928],[120.96366,14.63964]]],[[[120.97359,14.63964],[120.97433,14.63956],[120.97433,14.63938],[120.97359,14.63964]]],[[[120.95241,14.64126],[120.9526,14.64135],[120.9526,14.64117],[120.95241,14.64126]]],[[[120.95287,14.64145],[120.95343,14.64118],[120.95278,14.64118],[120.95287,14.64145]]],[[[120.96076,14.64215],[120.96104,14.64188],[120.96085,14.64179],[120.96076,14.64215]]],[[[120.95222,14.64216],[120.95213,14.64207],[120.95212,14.64216],[120.95222,14.64216]]],[[[120.95769,14.6423],[120.95788,14.64212],[120.9576,14.64212],[120.95769,14.6423]]],[[[120.95166,14.64252],[120.95157,14.64234],[120.95156,14.64252],[120.95166,14.64252]]],[[[120.97319,14.64253],[120.97301,14.64226],[120.97291,14.64253],[120.97319,14.64253]]],[[[120.95797,14.64285],[120.95825,14.64258],[120.95797,14.64267],[120.95797,14.64285]]],[[[120.95156,14.64297],[120.95138,14.64279],[120.95128,14.64297],[120.95156,14.64297]]],[[[120.97309,14.64298],[120.973,14.6428],[120.973,14.64298],[120.97309,14.64298]]],[[[120.95806,14.64312],[120.95796,14.64303],[120.95796,14.64312],[120.95806,14.64312]]],[[[120.95862,14.64285],[120.95861,14.64312],[120.95871,14.64267],[120.95862,14.64285]]],[[[120.96047,14.64296],[120.96056,14.64314],[120.96056,14.64296],[120.96047,14.64296]]],[[[120.97291,14.64307],[120.97263,14.64316],[120.97291,14.64316],[120.97291,14.64307]]],[[[120.96019,14.64314],[120.9601,14.64323],[120.96019,14.64323],[120.96019,14.64314]]],[[[120.96047,14.64323],[120.96038,14.64314],[120.96037,14.64323],[120.96047,14.64323]]],[[[120.96093,14.64351],[120.96084,14.64341],[120.96084,14.64351],[120.96093,14.64351]]],[[[120.95536,14.64364],[120.95639,14.64256],[120.95659,14.64157],[120.95499,14.64291],[120.95536,14.64364]]],[[[120.95796,14.64384],[120.95777,14.64357],[120.95777,14.64384],[120.95796,14.64384]]],[[[120.9601,14.64314],[120.95982,14.64259],[120.96066,14.64287],[120.96113,14.64233],[120.96048,14.64215],[120.96085,14.64152],[120.96197,14.64144],[120.96273,14.64],[120.96153,14.63854],[120.96127,14.63655],[120.95823,14.63436],[120.95841,14.63472],[120.95785,14.63535],[120.95676,14.63505],[120.95686,14.63556],[120.9558,14.6365],[120.95598,14.63714],[120.95522,14.63885],[120.95577,14.63939],[120.95503,14.63948],[120.95428,14.64028],[120.95219,14.6446],[120.95266,14.64452],[120.95284,14.64497],[120.95313,14.64371],[120.95537,14.64219],[120.95501,14.64165],[120.95612,14.64139],[120.9565,14.64076],[120.95613,14.64012],[120.95687,14.64049],[120.95659,14.64148],[120.95825,14.64195],[120.95834,14.64249],[120.95899,14.64249],[120.95963,14.64331],[120.9601,14.64314]]],[[[120.95881,14.64204],[120.95872,14.64195],[120.95881,14.64195],[120.95881,14.64204]]],[[[120.95909,14.64177],[120.95928,14.6415],[120.95937,14.64178],[120.95909,14.64177]]],[[[120.96197,14.64117],[120.9617,14.64053],[120.96216,14.64062],[120.96197,14.64117]]],[[[120.96068,14.64061],[120.9603,14.64097],[120.95975,14.64069],[120.96003,14.63997],[120.96068,14.64061]]],[[[120.9578,14.64013],[120.95762,14.64049],[120.95799,14.6405],[120.9578,14.64013]]],[[[120.95743,14.64013],[120.95753,14.63995],[120.95744,14.63995],[120.95743,14.64013]]],[[[120.95957,14.63961],[120.95883,14.6396],[120.95847,14.63888],[120.95987,14.63789],[120.96023,14.63934],[120.95994,14.63988],[120.95948,14.63997],[120.95957,14.63961]]],[[[120.95911,14.63978],[120.95929,14.63988],[120.95911,14.63988],[120.95911,14.63978]]],[[[120.96116,14.63836],[120.96098,14.63817],[120.96116,14.63818],[120.96116,14.63836]]],[[[120.95894,14.63798],[120.9581,14.63824],[120.95764,14.63787],[120.95839,14.63662],[120.95886,14.63689],[120.95894,14.63798]]],[[[120.96006,14.63708],[120.95997,14.63726],[120.96006,14.63726],[120.96006,14.63708]]],[[[120.95987,14.63708],[120.95997,14.63699],[120.95988,14.63699],[120.95987,14.63708]]],[[[120.95951,14.63681],[120.95932,14.63717],[120.95923,14.63689],[120.95951,14.63681]]],[[[120.9596,14.63654],[120.95951,14.63663],[120.9596,14.63663],[120.9596,14.63654]]],[[[120.95951,14.63654],[120.95942,14.63617],[120.95887,14.63572],[120.95886,14.63599],[120.95951,14.63654]]],[[[120.95969,14.63663],[120.9596,14.63672],[120.95969,14.63672],[120.95969,14.63663]]],[[[120.95979,14.63672],[120.95969,14.63681],[120.95978,14.63681],[120.95979,14.63672]]],[[[120.95988,14.63681],[120.95978,14.6369],[120.95988,14.6369],[120.95988,14.63681]]],[[[120.96099,14.63682],[120.96081,14.63655],[120.96109,14.63664],[120.96099,14.63682]]],[[[120.95756,14.63607],[120.957,14.63633],[120.95692,14.63579],[120.9572,14.6357],[120.95756,14.63607]]],[[[120.95664,14.63588],[120.95673,14.63606],[120.95654,14.63606],[120.95664,14.63588]]],[[[120.95858,14.63635],[120.95896,14.63617],[120.95914,14.63662],[120.95886,14.63662],[120.95858,14.63635]]],[[[120.95672,14.63678],[120.95681,14.63696],[120.95663,14.63696],[120.95672,14.63678]]],[[[120.95653,14.63723],[120.95672,14.63732],[120.95653,14.63732],[120.95653,14.63723]]],[[[120.95746,14.63733],[120.95764,14.6376],[120.95746,14.6376],[120.95746,14.63733]]],[[[120.95635,14.63741],[120.95653,14.63768],[120.95634,14.63759],[120.95635,14.63741]]],[[[120.95588,14.63768],[120.95597,14.63777],[120.95588,14.63777],[120.95588,14.63768]]],[[[120.95606,14.63777],[120.95625,14.63786],[120.95606,14.63786],[120.95606,14.63777]]],[[[120.95735,14.63887],[120.95781,14.63932],[120.9567,14.63958],[120.9567,14.6394],[120.95735,14.63887]]],[[[120.95919,14.64069],[120.95892,14.64033],[120.95938,14.64006],[120.95919,14.64069]]],[[[120.95715,14.64067],[120.95733,14.64085],[120.95715,14.64085],[120.95715,14.64067]]],[[[120.95869,14.63472],[120.9586,14.63463],[120.95869,14.63463],[120.95869,14.63472]]],[[[120.94885,14.64512],[120.94894,14.64476],[120.94857,14.64511],[120.94885,14.64512]]],[[[120.95692,14.6451],[120.9573,14.64492],[120.95702,14.64474],[120.95692,14.6451]]],[[[120.95033,14.64522],[120.95052,14.64504],[120.95034,14.64495],[120.95033,14.64522]]],[[[120.9675,14.64519],[120.96722,14.64528],[120.9675,14.64528],[120.9675,14.64519]]],[[[120.95767,14.64492],[120.95832,14.64484],[120.95832,14.6443],[120.95767,14.64492]]],[[[120.95145,14.64532],[120.95173,14.64505],[120.95145,14.64505],[120.95145,14.64532]]],[[[120.94857,14.64548],[120.94848,14.64529],[120.94847,14.64547],[120.94857,14.64548]]],[[[120.96072,14.64558],[120.96063,14.6454],[120.96054,14.64558],[120.96072,14.64558]]],[[[120.95358,14.64579],[120.95348,14.6457],[120.95348,14.64579],[120.95358,14.64579]]],[[[120.96017,14.64585],[120.96035,14.64567],[120.96008,14.64549],[120.96017,14.64585]]],[[[120.94977,14.64612],[120.94968,14.64603],[120.94967,14.64612],[120.94977,14.64612]]],[[[120.94985,14.64766],[120.95032,14.64703],[120.94995,14.64657],[120.94938,14.64738],[120.94864,14.64746],[120.94882,14.64783],[120.94985,14.64766]]],[[[120.95319,14.64787],[120.95439,14.6477],[120.9544,14.64733],[120.95413,14.64661],[120.95293,14.64588],[120.95208,14.64704],[120.95319,14.64787]]],[[[120.95857,14.64809],[120.95847,14.648],[120.95847,14.64809],[120.95857,14.64809]]],[[[120.95541,14.64816],[120.95607,14.64744],[120.95487,14.6468],[120.95541,14.64816]]],[[[120.95475,14.64887],[120.95466,14.64878],[120.95466,14.64887],[120.95475,14.64887]]],[[[120.95837,14.64909],[120.95828,14.6489],[120.95828,14.64909],[120.95837,14.64909]]],[[[120.95772,14.64917],[120.95763,14.64899],[120.95754,14.64917],[120.95772,14.64917]]],[[[120.95883,14.64918],[120.95856,14.64927],[120.95883,14.64927],[120.95883,14.64918]]],[[[120.95865,14.64963],[120.95855,14.64954],[120.95855,14.64963],[120.95865,14.64963]]],[[[120.94876,14.64932],[120.94853,14.64959],[120.94881,14.64972],[120.949,14.64909],[120.94876,14.64932]]],[[[120.95688,14.64971],[120.95698,14.64907],[120.95763,14.64872],[120.95685,14.64808],[120.9568,14.6488],[120.95629,14.64857],[120.95624,14.64889],[120.95632,14.64961],[120.95688,14.64971]]],[[[120.95726,14.64881],[120.95708,14.64853],[120.95726,14.64853],[120.95726,14.64881]]],[[[120.95762,14.64962],[120.95734,14.6498],[120.95762,14.64989],[120.95762,14.64962]]],[[[120.95809,14.64981],[120.95846,14.64963],[120.95818,14.64954],[120.95809,14.64981]]],[[[120.95651,14.65015],[120.95678,14.65007],[120.95651,14.64997],[120.95651,14.65015]]],[[[120.95716,14.65016],[120.95743,14.65034],[120.95743,14.65007],[120.95716,14.65016]]],[[[120.95613,14.6506],[120.95641,14.65015],[120.95577,14.64979],[120.95567,14.65024],[120.95613,14.6506]]],[[[120.94824,14.65044],[120.94815,14.65062],[120.94824,14.65062],[120.94824,14.65044]]],[[[120.95687,14.65061],[120.95696,14.6507],[120.95697,14.65061],[120.95687,14.65061]]],[[[120.95687,14.65079],[120.95678,14.6507],[120.95678,14.65079],[120.95687,14.65079]]],[[[120.94815,14.6508],[120.94805,14.65062],[120.94805,14.6508],[120.94815,14.6508]]],[[[120.95668,14.65097],[120.95659,14.65079],[120.95659,14.65097],[120.95668,14.65097]]],[[[120.95334,14.65103],[120.95325,14.65094],[120.95325,14.65103],[120.95334,14.65103]]],[[[120.95845,14.65117],[120.95835,14.65098],[120.95835,14.65116],[120.95845,14.65117]]],[[[120.95807,14.65125],[120.95789,14.65116],[120.95789,14.65125],[120.95807,14.65125]]],[[[120.94796,14.65125],[120.94792,14.65035],[120.94759,14.6512],[120.94796,14.65125]]],[[[120.95603,14.65123],[120.95641,14.65088],[120.95576,14.65078],[120.95603,14.65123]]],[[[120.95724,14.65143],[120.95714,14.65133],[120.95714,14.65142],[120.95724,14.65143]]],[[[120.95881,14.65162],[120.95863,14.65144],[120.95863,14.65162],[120.95881,14.65162]]],[[[120.94804,14.65171],[120.94791,14.65175],[120.94804,14.65175],[120.94804,14.65171]]],[[[120.95779,14.65197],[120.95825,14.65216],[120.95835,14.65144],[120.95733,14.65179],[120.95751,14.65233],[120.95779,14.65197]]],[[[120.94823,14.65198],[120.94818,14.65234],[120.94887,14.65253],[120.94887,14.65235],[120.94823,14.65198]]],[[[120.95263,14.65265],[120.95268,14.65261],[120.95263,14.6526],[120.95263,14.65265]]],[[[120.95722,14.65269],[120.95741,14.6526],[120.95723,14.6526],[120.95722,14.65269]]],[[[120.95797,14.65243],[120.95759,14.65287],[120.95834,14.65252],[120.95797,14.65243]]],[[[120.95137,14.653],[120.95175,14.65264],[120.95175,14.65246],[120.95101,14.65236],[120.95137,14.653]]],[[[120.95063,14.65317],[120.9511,14.65291],[120.9504,14.65286],[120.95063,14.65317]]],[[[120.95852,14.65352],[120.95842,14.65342],[120.95842,14.65351],[120.95852,14.65352]]],[[[120.94933,14.65352],[120.94914,14.65334],[120.94914,14.65352],[120.94933,14.65352]]],[[[120.95026,14.65353],[120.94989,14.65312],[120.9497,14.65353],[120.95026,14.65353]]],[[[120.95879,14.65361],[120.9587,14.65352],[120.9587,14.65361],[120.95879,14.65361]]],[[[120.95712,14.65386],[120.95694,14.65359],[120.95694,14.65386],[120.95712,14.65386]]],[[[120.95572,14.65439],[120.95563,14.65466],[120.95572,14.65467],[120.95572,14.65439]]],[[[120.95563,14.65466],[120.95416,14.6533],[120.95286,14.65265],[120.95235,14.65287],[120.95563,14.65466]]],[[[120.95739,14.65531],[120.9572,14.65513],[120.9572,14.65531],[120.95739,14.65531]]],[[[120.94745,14.6555],[120.94718,14.65513],[120.94708,14.6554],[120.94745,14.6555]]],[[[120.9572,14.65549],[120.9571,14.65558],[120.9572,14.65558],[120.9572,14.65549]]],[[[120.95692,14.65576],[120.95679,14.65504],[120.9565,14.65576],[120.95692,14.65576]]],[[[120.95738,14.65576],[120.95766,14.65568],[120.95738,14.65567],[120.95738,14.65576]]],[[[120.9494,14.65533],[120.94912,14.6556],[120.9494,14.65583],[120.9494,14.65533]]],[[[120.95552,14.65593],[120.95543,14.65575],[120.95534,14.65593],[120.95552,14.65593]]],[[[120.95385,14.656],[120.95376,14.65591],[120.95376,14.656],[120.95385,14.656]]],[[[120.94773,14.65613],[120.94754,14.65586],[120.94745,14.65604],[120.94773,14.65613]]],[[[120.95543,14.65629],[120.95534,14.65611],[120.95524,14.65629],[120.95543,14.65629]]],[[[120.95728,14.6564],[120.9571,14.6563],[120.9571,14.65639],[120.95728,14.6564]]],[[[120.94568,14.65675],[120.94549,14.65661],[120.94512,14.65662],[120.94568,14.65675]]],[[[120.95041,14.65679],[120.9505,14.6567],[120.95041,14.6567],[120.95041,14.65679]]],[[[120.95524,14.65692],[120.95514,14.65674],[120.95514,14.65692],[120.95524,14.65692]]],[[[120.95078,14.65679],[120.9505,14.65706],[120.95078,14.65706],[120.95078,14.65679]]],[[[120.96879,14.65704],[120.96869,14.65722],[120.96888,14.65722],[120.96879,14.65704]]],[[[120.95876,14.65758],[120.95867,14.65749],[120.95866,14.65758],[120.95876,14.65758]]],[[[120.94558,14.65765],[120.9453,14.65737],[120.94521,14.65755],[120.94558,14.65765]]],[[[120.94743,14.65748],[120.94715,14.65757],[120.94743,14.65766],[120.94743,14.65748]]],[[[120.95096,14.6577],[120.95078,14.65751],[120.95077,14.65769],[120.95096,14.6577]]],[[[120.94734,14.65784],[120.94725,14.65775],[120.94725,14.65784],[120.94734,14.65784]]],[[[120.95179,14.65788],[120.95134,14.65689],[120.95124,14.65761],[120.95179,14.65788]]],[[[120.94594,14.65792],[120.94585,14.65774],[120.94585,14.65792],[120.94594,14.65792]]],[[[120.95662,14.65802],[120.95663,14.65684],[120.95621,14.65648],[120.9562,14.6581],[120.95662,14.65802]]],[[[120.9439,14.65818],[120.94381,14.65808],[120.94381,14.65817],[120.9439,14.65818]]],[[[120.94752,14.65794],[120.94784,14.65826],[120.94785,14.65749],[120.94752,14.65794]]],[[[120.95736,14.65848],[120.95708,14.65775],[120.95699,14.65838],[120.95736,14.65848]]],[[[120.9606,14.6585],[120.96051,14.65841],[120.96051,14.6585],[120.9606,14.6585]]],[[[120.9503,14.65868],[120.95068,14.65805],[120.95059,14.6576],[120.95007,14.658],[120.9503,14.65868]]],[[[120.95708,14.65865],[120.95689,14.65874],[120.95708,14.65874],[120.95708,14.65865]]],[[[120.94339,14.65853],[120.94371,14.65863],[120.94371,14.65826],[120.94339,14.65853]]],[[[120.95429,14.65881],[120.95458,14.65809],[120.95522,14.65828],[120.95505,14.65737],[120.95439,14.65782],[120.95356,14.65754],[120.95309,14.65835],[120.95429,14.65881]]],[[[120.94696,14.65893],[120.94686,14.65883],[120.94686,14.65892],[120.94696,14.65893]]],[[[120.94612,14.65883],[120.94584,14.65892],[120.94612,14.65901],[120.94612,14.65883]]],[[[120.9503,14.65905],[120.95021,14.65886],[120.9502,14.65904],[120.9503,14.65905]]],[[[120.94756,14.65884],[120.94733,14.65906],[120.94756,14.65907],[120.94756,14.65884]]],[[[120.95429,14.65908],[120.95401,14.65917],[120.95429,14.65917],[120.95429,14.65908]]],[[[120.95512,14.65918],[120.95466,14.65872],[120.95484,14.65918],[120.95512,14.65918]]],[[[120.9567,14.65901],[120.95661,14.65838],[120.95619,14.65919],[120.9567,14.65901]]],[[[120.95791,14.65884],[120.95809,14.65911],[120.9581,14.65884],[120.95791,14.65884]]],[[[120.95856,14.65876],[120.95837,14.65921],[120.95874,14.6593],[120.95856,14.65876]]],[[[120.95057,14.65941],[120.95104,14.65923],[120.95057,14.65932],[120.95057,14.65941]]],[[[120.94352,14.65944],[120.94343,14.65935],[120.94342,14.65944],[120.94352,14.65944]]],[[[120.95679,14.65946],[120.95698,14.65928],[120.9567,14.65928],[120.95679,14.65946]]],[[[120.95225,14.65915],[120.95262,14.65916],[120.95262,14.65889],[120.95225,14.65915]]],[[[120.94584,14.65946],[120.94556,14.65909],[120.94528,14.65909],[120.94547,14.65954],[120.94584,14.65946]]],[[[120.94714,14.6596],[120.94728,14.65911],[120.94723,14.65911],[120.94714,14.6596]]],[[[120.95493,14.65954],[120.95465,14.65963],[120.95493,14.65963],[120.95493,14.65954]]],[[[120.94602,14.65937],[120.94602,14.65964],[120.9463,14.65964],[120.94602,14.65937]]],[[[120.95363,14.65971],[120.95354,14.65962],[120.95354,14.65971],[120.95363,14.65971]]],[[[120.94407,14.65953],[120.94379,14.65962],[120.94407,14.65971],[120.94407,14.65953]]],[[[120.94964,14.65994],[120.9495,14.6599],[120.9495,14.65994],[120.94964,14.65994]]],[[[120.95066,14.65995],[120.95048,14.65977],[120.95047,14.65995],[120.95066,14.65995]]],[[[120.95289,14.65979],[120.9527,14.65997],[120.95307,14.66006],[120.95289,14.65979]]],[[[120.94416,14.66008],[120.94398,14.65998],[120.94398,14.66007],[120.94416,14.66008]]],[[[120.9462,14.66009],[120.94648,14.66014],[120.94648,14.66001],[120.9462,14.66009]]],[[[120.95168,14.66032],[120.95196,14.66014],[120.95168,14.66014],[120.95168,14.66032]]],[[[120.9559,14.66027],[120.95697,14.66028],[120.95725,14.65965],[120.95619,14.65955],[120.9559,14.66027]]],[[[120.94949,14.66048],[120.94964,14.6603],[120.9495,14.66021],[120.94949,14.66048]]],[[[120.9461,14.66082],[120.9462,14.66046],[120.94537,14.66009],[120.94546,14.66054],[120.9461,14.66082]]],[[[120.94573,14.66108],[120.94555,14.66081],[120.94545,14.66108],[120.94573,14.66108]]],[[[120.95705,14.66109],[120.95733,14.66082],[120.95706,14.66073],[120.95705,14.66109]]],[[[120.95306,14.66133],[120.95316,14.66061],[120.9526,14.66123],[120.95306,14.66133]]],[[[120.95562,14.66108],[120.95585,14.66126],[120.95575,14.66104],[120.95562,14.66108]]],[[[120.94953,14.66139],[120.95,14.66121],[120.94949,14.66103],[120.94953,14.66139]]],[[[120.95037,14.6614],[120.95009,14.66157],[120.95037,14.66158],[120.95037,14.6614]]],[[[120.94545,14.66162],[120.94535,14.66153],[120.94535,14.66162],[120.94545,14.66162]]],[[[120.9525,14.66169],[120.95232,14.6615],[120.95231,14.66168],[120.9525,14.66169]]],[[[120.94526,14.66171],[120.94517,14.66162],[120.94517,14.66171],[120.94526,14.66171]]],[[[120.96104,14.66194],[120.96085,14.66185],[120.96085,14.66194],[120.96104,14.66194]]],[[[120.95139,14.66177],[120.9512,14.66131],[120.95167,14.66123],[120.95149,14.66077],[120.95083,14.66167],[120.95139,14.66177]]],[[[120.95668,14.66172],[120.95714,14.66173],[120.95668,14.66154],[120.95668,14.66172]]],[[[120.95055,14.66221],[120.95045,14.66203],[120.95045,14.66221],[120.95055,14.66221]]],[[[120.94358,14.66233],[120.94349,14.66224],[120.94349,14.66233],[120.94358,14.66233]]],[[[120.95008,14.66248],[120.9499,14.66229],[120.94989,14.66248],[120.95008,14.66248]]],[[[120.95908,14.65253],[120.95879,14.65352],[120.95954,14.65361],[120.95964,14.65289],[120.96019,14.65335],[120.95934,14.65452],[120.95879,14.65415],[120.95869,14.65487],[120.95777,14.65423],[120.95803,14.65577],[120.95766,14.65604],[120.95903,14.65768],[120.96024,14.65769],[120.95977,14.65823],[120.96117,14.65806],[120.96079,14.65905],[120.9593,14.65867],[120.95949,14.65913],[120.95911,14.6593],[120.96115,14.65968],[120.96078,14.66013],[120.9592,14.65985],[120.95726,14.65884],[120.9579,14.66002],[120.95734,14.66055],[120.95873,14.66038],[120.95863,14.66093],[120.95789,14.66074],[120.95798,14.66119],[120.95872,14.66192],[120.95964,14.66202],[120.96058,14.66167],[120.96077,14.66058],[120.96152,14.66032],[120.96179,14.66086],[120.96198,14.66032],[120.96225,14.66132],[120.96309,14.66124],[120.96299,14.6616],[120.96401,14.66188],[120.96345,14.6625],[120.96475,14.66243],[120.96504,14.66089],[120.96467,14.66044],[120.96514,14.65954],[120.96561,14.65954],[120.9658,14.65891],[120.96719,14.65919],[120.96719,14.65865],[120.96766,14.65884],[120.9685,14.65767],[120.96851,14.65695],[120.96767,14.65739],[120.96721,14.65703],[120.96751,14.65459],[120.96927,14.65487],[120.97325,14.64578],[120.97252,14.64514],[120.96806,14.64556],[120.96786,14.64664],[120.96703,14.64663],[120.9673,14.64709],[120.96711,14.64745],[120.96628,14.6469],[120.96666,14.64591],[120.96536,14.64617],[120.96333,14.64533],[120.9651,14.64463],[120.96519,14.64409],[120.96436,14.64408],[120.96483,14.64372],[120.96557,14.64382],[120.96537,14.64463],[120.96593,14.64481],[120.96631,14.644],[120.96594,14.64391],[120.96595,14.64283],[120.96696,14.64365],[120.96679,14.64256],[120.96743,14.64266],[120.96779,14.64456],[120.97085,14.64459],[120.97122,14.64432],[120.97095,14.64386],[120.9716,14.64378],[120.97151,14.64315],[120.97244,14.64297],[120.97245,14.64216],[120.97394,14.64208],[120.97394,14.64118],[120.97311,14.64117],[120.97341,14.63883],[120.97461,14.6392],[120.97518,14.63848],[120.97443,14.63838],[120.97574,14.63785],[120.97463,14.63712],[120.97454,14.63739],[120.9737,14.63738],[120.97426,14.63721],[120.97437,14.63567],[120.97502,14.6355],[120.97345,14.63413],[120.97346,14.63358],[120.97382,14.63413],[120.97401,14.63359],[120.97457,14.63359],[120.97421,14.63296],[120.97226,14.63294],[120.97085,14.63401],[120.9703,14.63392],[120.9707,14.63094],[120.96756,14.62865],[120.96628,14.62674],[120.96695,14.62494],[120.96798,14.62405],[120.96752,14.62368],[120.96584,14.62448],[120.96619,14.6262],[120.9649,14.62556],[120.96517,14.62601],[120.96471,14.62583],[120.96339,14.62835],[120.96069,14.6295],[120.96133,14.63004],[120.96254,14.62951],[120.96272,14.63033],[120.96337,14.6307],[120.96272,14.63078],[120.96234,14.63186],[120.96261,14.63268],[120.96288,14.63286],[120.96269,14.63349],[120.96138,14.63438],[120.96203,14.63502],[120.96165,14.63529],[120.96129,14.63492],[120.961,14.63564],[120.96137,14.6361],[120.96202,14.63574],[120.96164,14.63637],[120.96211,14.63674],[120.9621,14.63782],[120.96265,14.63819],[120.96257,14.6371],[120.96331,14.63684],[120.96321,14.63729],[120.96386,14.63784],[120.96339,14.63783],[120.96292,14.63873],[120.96339,14.63856],[120.96412,14.6392],[120.96468,14.63884],[120.96514,14.6393],[120.96552,14.63849],[120.96672,14.63922],[120.96552,14.6393],[120.96504,14.64074],[120.96477,14.63947],[120.96439,14.64083],[120.96347,14.64018],[120.96308,14.64181],[120.96271,14.64153],[120.96243,14.64198],[120.96308,14.6419],[120.96326,14.64253],[120.96261,14.64253],[120.96242,14.64343],[120.96381,14.64335],[120.96429,14.64155],[120.96494,14.64101],[120.96352,14.64407],[120.96259,14.64406],[120.96158,14.64288],[120.96093,14.64342],[120.96167,14.64424],[120.96074,14.6435],[120.96027,14.64449],[120.96128,14.64586],[120.96016,14.64594],[120.96081,14.64649],[120.96053,14.64685],[120.95979,14.64657],[120.95987,14.64756],[120.95893,14.64855],[120.95893,14.64891],[120.95967,14.64874],[120.9593,14.64909],[120.96004,14.64955],[120.95939,14.64955],[120.95929,14.65054],[120.95827,14.65026],[120.95937,14.65144],[120.95843,14.65243],[120.95908,14.65253]]],[[[120.9646,14.65854],[120.96496,14.6589],[120.96301,14.65907],[120.96181,14.65815],[120.96256,14.65735],[120.96423,14.6579],[120.96413,14.65835],[120.96442,14.65799],[120.96599,14.65819],[120.96599,14.65855],[120.9646,14.65854]]],[[[120.96795,14.65757],[120.96785,14.65748],[120.96795,14.65748],[120.96795,14.65757]]],[[[120.95967,14.65895],[120.96004,14.65931],[120.95958,14.65913],[120.95967,14.65895]]],[[[120.9618,14.65969],[120.96189,14.65996],[120.96199,14.65969],[120.9618,14.65969]]],[[[120.96152,14.65969],[120.96171,14.65951],[120.96152,14.65951],[120.96152,14.65969]]],[[[120.96208,14.65942],[120.96254,14.65979],[120.96264,14.65943],[120.96208,14.65942]]],[[[120.96264,14.65943],[120.96301,14.65988],[120.96357,14.65925],[120.96292,14.65925],[120.96264,14.65943]]],[[[120.9645,14.65917],[120.9644,14.65926],[120.9645,14.65926],[120.9645,14.65917]]],[[[120.96431,14.65917],[120.96441,14.65908],[120.96431,14.65908],[120.96431,14.65917]]],[[[120.9644,14.65998],[120.9643,14.66034],[120.96421,14.66007],[120.9644,14.65998]]],[[[120.95883,14.66002],[120.95874,14.65993],[120.95883,14.65993],[120.95883,14.66002]]],[[[120.96238,14.65707],[120.9621,14.65689],[120.96238,14.6568],[120.96238,14.65707]]],[[[120.96619,14.65684],[120.96619,14.65629],[120.96685,14.65621],[120.96675,14.65693],[120.96619,14.65684]]],[[[120.96545,14.65611],[120.96517,14.65619],[120.96546,14.65584],[120.96545,14.65611]]],[[[120.96276,14.65635],[120.96303,14.65672],[120.96276,14.65662],[120.96276,14.65635]]],[[[120.96239,14.65653],[120.96248,14.65662],[120.96239,14.65662],[120.96239,14.65653]]],[[[120.96095,14.65661],[120.96099,14.6567],[120.96095,14.6567],[120.96095,14.65661]]],[[[120.96425,14.65564],[120.96407,14.65546],[120.96425,14.65546],[120.96425,14.65564]]],[[[120.96223,14.65346],[120.96205,14.65327],[120.96223,14.65328],[120.96223,14.65346]]],[[[120.96186,14.65309],[120.96168,14.653],[120.96186,14.653],[120.96186,14.65309]]],[[[120.9679,14.65306],[120.9678,14.65287],[120.96799,14.65288],[120.9679,14.65306]]],[[[120.96808,14.65288],[120.9679,14.65215],[120.9666,14.65205],[120.96717,14.65097],[120.96828,14.65107],[120.96772,14.65143],[120.96883,14.65261],[120.96808,14.65288]]],[[[120.96874,14.65189],[120.96939,14.65162],[120.9693,14.65126],[120.96874,14.65153],[120.96874,14.65189]]],[[[120.96874,14.65207],[120.96855,14.65198],[120.96855,14.65207],[120.96874,14.65207]]],[[[120.95956,14.65072],[120.95965,14.6509],[120.95947,14.6509],[120.95956,14.65072]]],[[[120.96699,14.65079],[120.96643,14.65078],[120.96634,14.65033],[120.96718,14.64998],[120.96691,14.64943],[120.96729,14.64871],[120.96774,14.64935],[120.96699,14.65079]]],[[[120.96904,14.64936],[120.96895,14.64927],[120.96904,14.64927],[120.96904,14.64936]]],[[[120.96357,14.64868],[120.96301,14.64904],[120.96265,14.64836],[120.96311,14.6484],[120.9633,14.64786],[120.96357,14.64868]]],[[[120.96145,14.64785],[120.96126,14.64821],[120.96107,14.64812],[120.96107,14.64784],[120.96145,14.64785]]],[[[120.96785,14.64763],[120.96748,14.64745],[120.96776,14.64736],[120.96785,14.64763]]],[[[120.96859,14.64773],[120.96832,14.647],[120.96841,14.64701],[120.96859,14.64773]]],[[[120.97055,14.64702],[120.97056,14.64576],[120.97111,14.64613],[120.97168,14.64568],[120.97083,14.64676],[120.97111,14.64712],[120.97055,14.64702]]],[[[120.96945,14.64584],[120.96963,14.64602],[120.96944,14.64602],[120.96945,14.64584]]],[[[120.96758,14.647],[120.96776,14.64727],[120.96749,14.64718],[120.96758,14.647]]],[[[120.96516,14.64743],[120.96507,14.64752],[120.96516,14.64752],[120.96516,14.64743]]],[[[120.96488,14.64743],[120.96489,14.64706],[120.9647,14.64706],[120.96488,14.64743]]],[[[120.96544,14.6477],[120.96525,14.64779],[120.96544,14.64779],[120.96544,14.6477]]],[[[120.96014,14.6482],[120.96033,14.64838],[120.96014,14.64829],[120.96014,14.6482]]],[[[120.96004,14.6491],[120.96013,14.64919],[120.96004,14.64919],[120.96004,14.6491]]],[[[120.95946,14.65145],[120.95974,14.65163],[120.95946,14.65163],[120.95946,14.65145]]],[[[120.9602,14.65163],[120.96011,14.65154],[120.96021,14.65154],[120.9602,14.65163]]],[[[120.96605,14.65177],[120.96577,14.65222],[120.9654,14.65213],[120.96568,14.65177],[120.96605,14.65177]]],[[[120.96001,14.65226],[120.9601,14.65235],[120.96001,14.65235],[120.96001,14.65226]]],[[[120.9602,14.65245],[120.96103,14.65254],[120.96038,14.6529],[120.9602,14.65245]]],[[[120.96493,14.65303],[120.96493,14.65249],[120.9654,14.6524],[120.96493,14.65303]]],[[[120.96679,14.6525],[120.96669,14.65241],[120.96679,14.65241],[120.96679,14.6525]]],[[[120.96461,14.64706],[120.96443,14.64688],[120.96461,14.64688],[120.96461,14.64706]]],[[[120.96331,14.64687],[120.96322,14.64678],[120.96331,14.64678],[120.96331,14.64687]]],[[[120.9635,14.64606],[120.96341,14.64615],[120.9635,14.64615],[120.9635,14.64606]]],[[[120.96332,14.64606],[120.96341,14.64588],[120.96323,14.64588],[120.96332,14.64606]]],[[[120.9635,14.64615],[120.96359,14.64651],[120.96406,14.64661],[120.96397,14.64624],[120.9635,14.64615]]],[[[120.96415,14.64661],[120.96405,14.64679],[120.96415,14.64679],[120.96415,14.64661]]],[[[120.96314,14.6456],[120.96248,14.64596],[120.96221,14.64505],[120.96314,14.6456]]],[[[120.96352,14.64488],[120.96296,14.64452],[120.96352,14.64461],[120.96352,14.64488]]],[[[120.96222,14.64469],[120.96212,14.64478],[120.96222,14.64478],[120.96222,14.64469]]],[[[120.96194,14.64469],[120.96213,14.6446],[120.96194,14.64451],[120.96194,14.64469]]],[[[120.96446,14.64327],[120.96456,14.64263],[120.96474,14.64264],[120.96492,14.64336],[120.96446,14.64327]]],[[[120.96493,14.64255],[120.96484,14.64246],[120.96493,14.64246],[120.96493,14.64255]]],[[[120.96669,14.64247],[120.96624,14.64184],[120.9654,14.64219],[120.96522,14.64137],[120.96578,14.64102],[120.96541,14.64092],[120.96551,14.6402],[120.96625,14.63994],[120.96607,14.63957],[120.96802,14.63914],[120.96802,14.63986],[120.96746,14.63986],[120.96735,14.64212],[120.96669,14.64247]]],[[[120.97208,14.64225],[120.97199,14.64216],[120.97208,14.64216],[120.97208,14.64225]]],[[[120.97171,14.64206],[120.97162,14.64215],[120.97171,14.64215],[120.97171,14.64206]]],[[[120.97152,14.64206],[120.97162,14.64197],[120.97152,14.64197],[120.97152,14.64206]]],[[[120.96949,14.64159],[120.96939,14.64141],[120.96949,14.64141],[120.96949,14.64159]]],[[[120.96893,14.64123],[120.96884,14.6415],[120.96875,14.64132],[120.96893,14.64123]]],[[[120.96772,14.6414],[120.96782,14.64149],[120.96772,14.64149],[120.96772,14.6414]]],[[[120.9693,14.64141],[120.96912,14.64132],[120.9693,14.64132],[120.9693,14.64141]]],[[[120.96838,14.64122],[120.96819,14.64104],[120.96847,14.64104],[120.96838,14.64122]]],[[[120.9719,14.64098],[120.97181,14.64089],[120.97191,14.64089],[120.9719,14.64098]]],[[[120.97302,14.6409],[120.97256,14.64072],[120.97302,14.64072],[120.97302,14.6409]]],[[[120.97014,14.64069],[120.96977,14.64051],[120.97015,14.64051],[120.97014,14.64069]]],[[[120.97284,14.64063],[120.97228,14.64035],[120.97302,14.64036],[120.97284,14.64063]]],[[[120.97191,14.64035],[120.972,14.64044],[120.97191,14.64044],[120.97191,14.64035]]],[[[120.97071,14.64016],[120.97052,14.64052],[120.97052,14.64016],[120.97071,14.64016]]],[[[120.97107,14.64052],[120.97098,14.64043],[120.97107,14.64043],[120.97107,14.64052]]],[[[120.97219,14.64008],[120.97191,14.6399],[120.97219,14.6399],[120.97219,14.64008]]],[[[120.9696,14.63961],[120.9695,14.64006],[120.96913,14.63978],[120.9696,14.63961]]],[[[120.97284,14.63972],[120.97266,14.63945],[120.97285,14.63954],[120.97284,14.63972]]],[[[120.9708,14.63953],[120.9709,14.63962],[120.9708,14.63962],[120.9708,14.63953]]],[[[120.97154,14.64007],[120.97145,14.63998],[120.97154,14.63998],[120.97154,14.64007]]],[[[120.97303,14.63918],[120.97294,14.63909],[120.97304,14.63909],[120.97303,14.63918]]],[[[120.96346,14.64127],[120.96354,14.64172],[120.96327,14.64163],[120.96346,14.64127]]],[[[120.96401,14.64173],[120.96392,14.64154],[120.9641,14.64155],[120.96401,14.64173]]],[[[120.96429,14.64137],[120.96411,14.64127],[120.96429,14.64128],[120.96429,14.64137]]],[[[120.97053,14.63898],[120.97044,14.63889],[120.97053,14.63889],[120.97053,14.63898]]],[[[120.96608,14.63876],[120.96682,14.63895],[120.96608,14.63894],[120.96608,14.63876]]],[[[120.96951,14.63879],[120.96933,14.6387],[120.96951,14.6387],[120.96951,14.63879]]],[[[120.97406,14.63865],[120.97378,14.63847],[120.97406,14.63838],[120.97406,14.63865]]],[[[120.9736,14.63819],[120.97323,14.63846],[120.97323,14.63819],[120.9736,14.63819]]],[[[120.97156,14.63791],[120.96952,14.63816],[120.96915,14.63752],[120.96881,14.63472],[120.97048,14.63455],[120.97198,14.63321],[120.97272,14.63313],[120.97409,14.63495],[120.97317,14.63503],[120.97381,14.63585],[120.97297,14.63593],[120.97334,14.63611],[120.97306,14.63683],[120.97232,14.63656],[120.97314,14.63774],[120.97203,14.63728],[120.97147,14.63745],[120.97156,14.63791]]],[[[120.97119,14.63817],[120.971,14.63808],[120.97119,14.63808],[120.97119,14.63817]]],[[[120.97231,14.63764],[120.97221,14.63755],[120.97231,14.63755],[120.97231,14.63764]]],[[[120.97305,14.63702],[120.97296,14.63692],[120.97306,14.63692],[120.97305,14.63702]]],[[[120.97346,14.63349],[120.97337,14.63331],[120.97346,14.63331],[120.97346,14.63349]]],[[[120.96297,14.63349],[120.9625,14.63448],[120.96203,14.63538],[120.9624,14.63539],[120.96297,14.63349]]],[[[120.96232,14.63394],[120.9625,14.63385],[120.96232,14.63385],[120.96232,14.63394]]],[[[120.96611,14.63542],[120.96592,14.63533],[120.96611,14.63533],[120.96611,14.63542]]],[[[120.96657,14.63542],[120.96639,14.63524],[120.96657,14.63524],[120.96657,14.63542]]],[[[120.96732,14.63543],[120.9675,14.63498],[120.96815,14.63535],[120.96777,14.63588],[120.96732,14.63543]]],[[[120.96211,14.63574],[120.9636,14.63612],[120.96211,14.63629],[120.96211,14.63574]]],[[[120.96378,14.63666],[120.96369,14.63621],[120.96387,14.63621],[120.96378,14.63666]]],[[[120.9661,14.63659],[120.96647,14.63696],[120.96591,14.63722],[120.96637,14.6375],[120.96599,14.63795],[120.96563,14.63713],[120.96628,14.63696],[120.9661,14.63659]]],[[[120.96488,14.63767],[120.96516,14.63794],[120.96479,14.63794],[120.96488,14.63767]]],[[[120.9672,14.63769],[120.96711,14.6376],[120.9672,14.6376],[120.9672,14.63769]]],[[[120.96674,14.63696],[120.96666,14.63651],[120.96703,14.63624],[120.9673,14.63687],[120.96674,14.63696]]],[[[120.9687,14.63671],[120.96851,14.63661],[120.9687,14.63662],[120.9687,14.63671]]],[[[120.96786,14.63652],[120.96777,14.63625],[120.96786,14.63625],[120.96786,14.63652]]],[[[120.9661,14.63587],[120.96647,14.63605],[120.96657,14.63578],[120.96638,14.63569],[120.9661,14.63587]]],[[[120.96592,14.63587],[120.96611,14.63569],[120.96592,14.63569],[120.96592,14.63587]]],[[[120.96397,14.63576],[120.96415,14.63594],[120.96397,14.63594],[120.96397,14.63576]]],[[[120.96517,14.63604],[120.96545,14.63586],[120.96545,14.63605],[120.96517,14.63604]]],[[[120.96852,14.63535],[120.96871,14.6349],[120.96862,14.63535],[120.96852,14.63535]]],[[[120.96398,14.63486],[120.96342,14.63494],[120.96333,14.63476],[120.96361,14.63458],[120.96398,14.63486]]],[[[120.9663,14.63488],[120.96611,14.63479],[120.9663,14.63479],[120.9663,14.63488]]],[[[120.96386,14.63802],[120.96404,14.63829],[120.96386,14.6382],[120.96386,14.63802]]],[[[120.96896,14.63833],[120.96887,14.63824],[120.96896,14.63824],[120.96896,14.63833]]],[[[120.97276,14.63837],[120.97304,14.63864],[120.97276,14.63864],[120.97276,14.63837]]],[[[120.96325,14.63331],[120.96307,14.63304],[120.96325,14.63304],[120.96325,14.63331]]],[[[120.96531,14.63153],[120.96512,14.63143],[120.96531,14.63144],[120.96531,14.63153]]],[[[120.96559,14.63117],[120.96541,14.63107],[120.96559,14.63108],[120.96559,14.63117]]],[[[120.96522,14.63089],[120.96513,14.6308],[120.96522,14.6308],[120.96522,14.63089]]],[[[120.96569,14.63081],[120.96532,14.63062],[120.9655,14.63044],[120.96569,14.63081]]],[[[120.96931,14.63039],[120.96838,14.63038],[120.96792,14.63001],[120.96895,14.62966],[120.96931,14.63039]]],[[[120.96663,14.62883],[120.967,14.62964],[120.96746,14.62974],[120.96784,14.62911],[120.96802,14.62938],[120.96755,14.63001],[120.96653,14.62973],[120.96616,14.63036],[120.96532,14.63008],[120.96505,14.62917],[120.96552,14.62827],[120.96599,14.62837],[120.96636,14.62783],[120.96719,14.62865],[120.96663,14.62883]]],[[[120.96356,14.63006],[120.96374,14.63025],[120.96356,14.63025],[120.96356,14.63006]]],[[[120.96338,14.62952],[120.96319,14.62943],[120.96338,14.62943],[120.96338,14.62952]]],[[[120.96189,14.62942],[120.9618,14.62933],[120.9619,14.62933],[120.96189,14.62942]]],[[[120.96599,14.62774],[120.9659,14.62755],[120.966,14.62756],[120.96599,14.62774]]],[[[120.96525,14.62755],[120.96534,14.62773],[120.96525,14.62773],[120.96525,14.62755]]],[[[120.96479,14.62754],[120.9647,14.62736],[120.96488,14.62737],[120.96479,14.62754]]],[[[120.96619,14.62665],[120.9661,14.62656],[120.96619,14.62656],[120.96619,14.62665]]],[[[120.96573,14.62611],[120.96517,14.62646],[120.96527,14.62583],[120.96573,14.62611]]],[[[120.97142,14.64269],[120.97189,14.64288],[120.97133,14.64296],[120.97142,14.64269]]],[[[120.96919,14.64358],[120.96928,14.64367],[120.96919,14.64367],[120.96919,14.64358]]],[[[120.97049,14.64377],[120.97067,14.64359],[120.97067,14.64386],[120.97049,14.64377]]],[[[120.97058,14.64395],[120.97039,14.64422],[120.97039,14.64395],[120.97058,14.64395]]],[[[120.96565,14.64463],[120.96584,14.64472],[120.96565,14.64472],[120.96565,14.64463]]],[[[120.96822,14.65758],[120.96832,14.65767],[120.96822,14.65767],[120.96822,14.65758]]],[[[120.93875,14.66245],[120.93862,14.66251],[120.93885,14.66251],[120.93875,14.66245]]],[[[120.9492,14.66256],[120.94934,14.66211],[120.9492,14.66206],[120.9492,14.66256]]],[[[120.95184,14.6624],[120.95231,14.66205],[120.95203,14.66195],[120.95184,14.6624]]],[[[120.94488,14.6627],[120.94516,14.66252],[120.94488,14.66252],[120.94488,14.6627]]],[[[120.9562,14.66271],[120.95612,14.66217],[120.95658,14.66199],[120.95566,14.66153],[120.95556,14.66253],[120.9562,14.66271]]],[[[120.94609,14.6628],[120.94581,14.66289],[120.94608,14.66289],[120.94609,14.6628]]],[[[120.94255,14.66313],[120.94283,14.66296],[120.94256,14.66295],[120.94255,14.66313]]],[[[120.94534,14.66316],[120.94543,14.66307],[120.94534,14.66307],[120.94534,14.66316]]],[[[120.93922,14.66265],[120.93945,14.66306],[120.94014,14.6632],[120.93959,14.66266],[120.93922,14.66265]]],[[[120.94079,14.66285],[120.94107,14.66303],[120.94107,14.66285],[120.94079,14.66285]]],[[[120.94627,14.66326],[120.94641,14.66317],[120.94627,14.66312],[120.94627,14.66326]]],[[[120.94079,14.66348],[120.9406,14.66366],[120.94079,14.66375],[120.94079,14.66348]]],[[[120.94236,14.66358],[120.94255,14.66368],[120.94255,14.6635],[120.94236,14.66358]]],[[[120.95898,14.66364],[120.95935,14.66364],[120.95935,14.66346],[120.95898,14.66364]]],[[[120.95007,14.66401],[120.94988,14.66383],[120.94988,14.66401],[120.95007,14.66401]]],[[[120.94979,14.6641],[120.9496,14.66419],[120.94978,14.66428],[120.94979,14.6641]]],[[[120.94032,14.66429],[120.9406,14.66402],[120.94013,14.66393],[120.94032,14.66429]]],[[[120.95313,14.66431],[120.95407,14.66269],[120.95408,14.66179],[120.95324,14.66169],[120.95287,14.66223],[120.95313,14.66431]]],[[[120.95332,14.66314],[120.95342,14.66278],[120.95351,14.66305],[120.95332,14.66314]]],[[[120.94636,14.66335],[120.94543,14.66316],[120.94515,14.66397],[120.94422,14.66351],[120.94357,14.66359],[120.94449,14.66451],[120.94584,14.66447],[120.94561,14.66379],[120.94612,14.66389],[120.94636,14.66335]]],[[[120.94533,14.66379],[120.94543,14.66388],[120.94533,14.66388],[120.94533,14.66379]]],[[[120.94413,14.66387],[120.94422,14.66414],[120.94403,14.66405],[120.94413,14.66387]]],[[[120.95447,14.66455],[120.95573,14.66424],[120.95573,14.66397],[120.95452,14.66374],[120.95447,14.66455]]],[[[120.95447,14.66468],[120.95419,14.66455],[120.95419,14.66468],[120.95447,14.66468]]],[[[120.93915,14.66464],[120.94022,14.66429],[120.9393,14.66401],[120.93949,14.66374],[120.93944,14.66356],[120.93918,14.6636],[120.93915,14.66464]]],[[[120.94161,14.66484],[120.94152,14.66448],[120.94078,14.66474],[120.94133,14.66466],[120.94161,14.66484]]],[[[120.95702,14.6648],[120.95721,14.66462],[120.95702,14.66462],[120.95702,14.6648]]],[[[120.95785,14.6648],[120.95748,14.66489],[120.95785,14.6649],[120.95785,14.6648]]],[[[120.94523,14.66469],[120.94495,14.66496],[120.94523,14.66496],[120.94523,14.66469]]],[[[120.9573,14.66489],[120.9572,14.66498],[120.9573,14.66498],[120.9573,14.66489]]],[[[120.94941,14.66491],[120.94969,14.66482],[120.94941,14.66473],[120.94941,14.66491]]],[[[120.94328,14.66477],[120.94393,14.66486],[120.94328,14.66459],[120.94328,14.66477]]],[[[120.94365,14.66522],[120.94356,14.66504],[120.94356,14.66522],[120.94365,14.66522]]],[[[120.95395,14.66549],[120.9539,14.66536],[120.9539,14.66549],[120.95395,14.66549]]],[[[120.95859,14.66553],[120.95878,14.66517],[120.95822,14.66526],[120.95859,14.66553]]],[[[120.95933,14.66545],[120.95906,14.66545],[120.95933,14.66554],[120.95933,14.66545]]],[[[120.94235,14.66548],[120.94207,14.66557],[120.94235,14.66557],[120.94235,14.66548]]],[[[120.95729,14.66561],[120.95757,14.66543],[120.95729,14.66534],[120.95729,14.66561]]],[[[120.94476,14.6655],[120.94486,14.66505],[120.94383,14.66522],[120.94402,14.6655],[120.94476,14.6655]]],[[[120.9416,14.66575],[120.94151,14.66565],[120.94151,14.66575],[120.9416,14.66575]]],[[[120.94555,14.66578],[120.94522,14.66551],[120.94513,14.66569],[120.94555,14.66578]]],[[[120.94819,14.66589],[120.94847,14.66563],[120.94819,14.66553],[120.94819,14.66589]]],[[[120.94457,14.66595],[120.94448,14.66586],[120.94448,14.66595],[120.94457,14.66595]]],[[[120.9493,14.66609],[120.9494,14.66563],[120.94894,14.66554],[120.94875,14.66599],[120.9493,14.66609]]],[[[120.9403,14.66619],[120.93966,14.66546],[120.9391,14.66581],[120.93928,14.66609],[120.9403,14.66619]]],[[[120.94512,14.66623],[120.94503,14.66614],[120.94503,14.66623],[120.94512,14.66623]]],[[[120.95362,14.6663],[120.95376,14.66603],[120.95376,14.6659],[120.95362,14.6659],[120.95362,14.6663]]],[[[120.94327,14.66639],[120.94309,14.66513],[120.94244,14.66521],[120.94327,14.66639]]],[[[120.94911,14.66644],[120.9494,14.66618],[120.94902,14.66626],[120.94911,14.66644]]],[[[120.95728,14.66652],[120.95719,14.66624],[120.95719,14.66652],[120.95728,14.66652]]],[[[120.94828,14.66635],[120.948,14.66653],[120.94828,14.66653],[120.94828,14.66635]]],[[[120.94113,14.66637],[120.94085,14.66655],[120.94113,14.66655],[120.94113,14.66637]]],[[[120.94355,14.6664],[120.94466,14.66641],[120.94374,14.66567],[120.94355,14.6664]]],[[[120.95969,14.66672],[120.9596,14.66663],[120.9596,14.66672],[120.95969,14.66672]]],[[[120.94178,14.66656],[120.94196,14.66674],[120.94197,14.66665],[120.94178,14.66656]]],[[[120.94498,14.66677],[120.94582,14.66664],[120.94582,14.66651],[120.9454,14.66641],[120.94498,14.66677]]],[[[120.94883,14.6668],[120.94874,14.66671],[120.94874,14.6668],[120.94883,14.6668]]],[[[120.94178,14.66683],[120.94159,14.66674],[120.94159,14.66683],[120.94178,14.66683]]],[[[120.957,14.66697],[120.95696,14.66669],[120.95695,14.66697],[120.957,14.66697]]],[[[120.94224,14.66702],[120.94261,14.66684],[120.94224,14.66675],[120.94224,14.66702]]],[[[120.94103,14.6671],[120.94075,14.66727],[120.94103,14.66728],[120.94103,14.6671]]],[[[120.9441,14.66703],[120.94456,14.66704],[120.9441,14.66685],[120.9441,14.66703]]],[[[120.93982,14.66736],[120.9401,14.66718],[120.93983,14.66718],[120.93982,14.66736]]],[[[120.94122,14.66737],[120.94158,14.66764],[120.9415,14.66728],[120.94122,14.66737]]],[[[120.95444,14.66776],[120.95439,14.66758],[120.95439,14.66776],[120.95444,14.66776]]],[[[120.94994,14.66781],[120.94975,14.66763],[120.94975,14.66781],[120.94994,14.66781]]],[[[120.9427,14.66765],[120.94242,14.66783],[120.9427,14.66783],[120.9427,14.66765]]],[[[120.95393,14.66775],[120.9536,14.66802],[120.95402,14.66802],[120.95393,14.66775]]],[[[120.94177,14.6681],[120.94167,14.66792],[120.94158,14.6681],[120.94177,14.6681]]],[[[120.94316,14.66784],[120.94288,14.66811],[120.94316,14.66811],[120.94316,14.66784]]],[[[120.95722,14.6681],[120.95922,14.66807],[120.9596,14.66681],[120.95913,14.66753],[120.95857,14.66725],[120.9583,14.66644],[120.95868,14.66617],[120.95803,14.6658],[120.95795,14.66499],[120.95737,14.66742],[120.95839,14.66743],[120.95722,14.6681]]],[[[120.95829,14.66811],[120.9581,14.66788],[120.95834,14.66797],[120.95829,14.66811]]],[[[120.94325,14.66825],[120.9447,14.6674],[120.94391,14.66757],[120.94382,14.66694],[120.94271,14.66657],[120.94363,14.66712],[120.94298,14.66757],[120.94353,14.66757],[120.94325,14.66825]]],[[[120.94223,14.66828],[120.9426,14.66801],[120.94205,14.66783],[120.94223,14.66828]]],[[[120.95652,14.66823],[120.95694,14.66832],[120.95694,14.66823],[120.95652,14.66823]]],[[[120.9426,14.66851],[120.94274,14.66838],[120.9426,14.66847],[120.9426,14.66851]]],[[[120.93935,14.66853],[120.93843,14.66707],[120.93806,14.66743],[120.93935,14.66853]]],[[[120.95262,14.66873],[120.95253,14.66864],[120.95253,14.66873],[120.95262,14.66873]]],[[[120.94046,14.66881],[120.94074,14.66854],[120.94037,14.66845],[120.94046,14.66881]]],[[[120.9413,14.66882],[120.94213,14.66873],[120.9413,14.66836],[120.9413,14.66882]]],[[[120.94102,14.66881],[120.94064,14.66899],[120.94092,14.66908],[120.94102,14.66881]]],[[[120.95336,14.66946],[120.95331,14.66937],[120.95331,14.66946],[120.95336,14.66946]]],[[[120.93851,14.66933],[120.93869,14.66952],[120.93869,14.66933],[120.93851,14.66933]]],[[[120.94008,14.66962],[120.9399,14.66935],[120.9399,14.66962],[120.94008,14.66962]]],[[[120.94055,14.66917],[120.94082,14.66953],[120.94083,14.66917],[120.94055,14.66917]]],[[[120.94565,14.66967],[120.94574,14.66976],[120.94574,14.66967],[120.94565,14.66967]]],[[[120.93767,14.66969],[120.93823,14.66951],[120.93832,14.66915],[120.93776,14.66915],[120.93767,14.66969]]],[[[120.94797,14.6696],[120.94778,14.66969],[120.94797,14.66987],[120.94797,14.6696]]],[[[120.94138,14.6699],[120.94161,14.66963],[120.94157,14.66909],[120.9412,14.66909],[120.94138,14.6699]]],[[[120.96477,14.66975],[120.96449,14.66992],[120.96477,14.66993],[120.96477,14.66975]]],[[[120.94685,14.66995],[120.94667,14.66977],[120.94667,14.66995],[120.94685,14.66995]]],[[[120.93915,14.66997],[120.93897,14.6697],[120.93887,14.66988],[120.93915,14.66997]]],[[[120.93943,14.66997],[120.93934,14.66979],[120.93924,14.66997],[120.93943,14.66997]]],[[[120.95438,14.66929],[120.95447,14.66997],[120.95498,14.66998],[120.95568,14.66867],[120.95448,14.66862],[120.95457,14.66893],[120.95447,14.66893],[120.95444,14.66812],[120.9536,14.66829],[120.95345,14.66947],[120.95419,14.66965],[120.95438,14.66929]]],[[[120.93822,14.67005],[120.93813,14.66996],[120.93813,14.67005],[120.93822,14.67005]]],[[[120.941,14.67008],[120.94091,14.66999],[120.94091,14.67008],[120.941,14.67008]]],[[[120.94138,14.66999],[120.94156,14.67008],[120.94156,14.66999],[120.94138,14.66999]]],[[[120.95734,14.66986],[120.95725,14.67013],[120.95734,14.67013],[120.95734,14.66986]]],[[[120.95335,14.67019],[120.95331,14.66983],[120.9533,14.67019],[120.95335,14.67019]]],[[[120.95762,14.67013],[120.95734,14.67022],[120.95762,14.67022],[120.95762,14.67013]]],[[[120.95771,14.67023],[120.95762,14.67032],[120.95771,14.67032],[120.95771,14.67023]]],[[[120.95697,14.67031],[120.95706,14.6704],[120.95706,14.67031],[120.95697,14.67031]]],[[[120.94629,14.67031],[120.94657,14.6704],[120.94657,14.67022],[120.94629,14.67031]]],[[[120.93868,14.67051],[120.93878,14.67024],[120.93859,14.67024],[120.93868,14.67051]]],[[[120.96523,14.67056],[120.96514,14.67047],[120.96513,14.67056],[120.96523,14.67056]]],[[[120.94722,14.67049],[120.94694,14.67058],[120.94722,14.67058],[120.94722,14.67049]]],[[[120.94889,14.67042],[120.94871,14.67051],[120.94889,14.6706],[120.94889,14.67042]]],[[[120.93933,14.67061],[120.93915,14.67042],[120.93914,14.6706],[120.93933,14.67061]]],[[[120.93905,14.67051],[120.93886,14.67069],[120.93905,14.67069],[120.93905,14.67051]]],[[[120.94026,14.67061],[120.93998,14.67061],[120.94026,14.67079],[120.94026,14.67061]]],[[[120.94063,14.67044],[120.94035,14.67061],[120.94063,14.6708],[120.94063,14.67044]]],[[[120.9526,14.67081],[120.95251,14.67099],[120.9526,14.67099],[120.9526,14.67081]]],[[[120.96504,14.67083],[120.96541,14.67093],[120.96541,14.67084],[120.96504,14.67083]]],[[[120.93742,14.67095],[120.93784,14.67113],[120.93784,14.67104],[120.93742,14.67095]]],[[[120.96458,14.67011],[120.96458,14.67047],[120.96457,14.67119],[120.96504,14.67047],[120.96458,14.67011]]],[[[120.95697,14.6704],[120.95637,14.67026],[120.95637,14.66985],[120.95697,14.67013],[120.95707,14.66941],[120.95725,14.66986],[120.95717,14.66864],[120.9561,14.66895],[120.95581,14.67053],[120.95525,14.67084],[120.95631,14.67076],[120.95687,14.67121],[120.95697,14.6704]]],[[[120.95679,14.66949],[120.95637,14.66976],[120.95638,14.66922],[120.95679,14.66949]]],[[[120.93849,14.67132],[120.93867,14.67114],[120.93849,14.67105],[120.93849,14.67132]]],[[[120.94935,14.67124],[120.95009,14.67106],[120.95057,14.66998],[120.9503,14.66871],[120.95001,14.66953],[120.94946,14.66925],[120.94918,14.66988],[120.94991,14.67043],[120.94972,14.67088],[120.94889,14.67069],[120.94935,14.67124]]],[[[120.93821,14.67141],[120.9383,14.67096],[120.93793,14.67141],[120.93821,14.67141]]],[[[120.94132,14.67121],[120.94133,14.67053],[120.94119,14.67053],[120.94072,14.67125],[120.94132,14.67121]]],[[[120.94554,14.67138],[120.94536,14.67093],[120.94517,14.67084],[120.94508,14.67129],[120.94554,14.67138]]],[[[120.93765,14.67149],[120.93746,14.67145],[120.93746,14.67149],[120.93765,14.67149]]],[[[120.9396,14.6716],[120.93941,14.67142],[120.93941,14.6716],[120.9396,14.6716]]],[[[120.95663,14.67135],[120.95635,14.67161],[120.95663,14.67162],[120.95663,14.67135]]],[[[120.9642,14.67164],[120.9641,14.67155],[120.9641,14.67164],[120.9642,14.67164]]],[[[120.94592,14.67003],[120.94523,14.66962],[120.94439,14.67056],[120.94582,14.67084],[120.94601,14.6713],[120.94554,14.67165],[120.9461,14.67166],[120.94656,14.67112],[120.94611,14.67012],[120.94667,14.6695],[120.94732,14.66986],[120.94779,14.66923],[120.94761,14.66797],[120.94807,14.66851],[120.94854,14.66825],[120.94725,14.66706],[120.94809,14.66698],[120.94809,14.66671],[120.94721,14.66665],[120.94716,14.66751],[120.94771,14.66779],[120.94678,14.66778],[120.94636,14.668],[120.94668,14.6685],[120.9458,14.66854],[120.94551,14.6694],[120.94649,14.66958],[120.94592,14.67003]]],[[[120.94527,14.67012],[120.94583,14.67039],[120.94518,14.67039],[120.94527,14.67012]]],[[[120.94649,14.66904],[120.94659,14.66877],[120.94658,14.66904],[120.94649,14.66904]]],[[[120.94696,14.66823],[120.94678,14.66805],[120.94696,14.66805],[120.94696,14.66823]]],[[[120.93997,14.67179],[120.94053,14.67152],[120.94044,14.67098],[120.93997,14.67151],[120.93988,14.67079],[120.93951,14.67061],[120.93997,14.67179]]],[[[120.94099,14.67161],[120.94062,14.67161],[120.94099,14.67179],[120.94099,14.67161]]],[[[120.95329,14.67186],[120.95334,14.67109],[120.95381,14.671],[120.95419,14.66974],[120.9533,14.67046],[120.95329,14.67186]]],[[[120.94841,14.67186],[120.94823,14.67177],[120.94823,14.67186],[120.94841,14.67186]]],[[[120.93821,14.67159],[120.93825,14.67173],[120.93858,14.67168],[120.93821,14.67159]]],[[[120.95018,14.67179],[120.95064,14.67161],[120.95046,14.67116],[120.95,14.67133],[120.95018,14.67179]]],[[[120.95245,14.67185],[120.95269,14.67108],[120.9526,14.67108],[120.95245,14.67185]]],[[[120.96401,14.67155],[120.96345,14.67181],[120.96401,14.67182],[120.96401,14.67155]]],[[[120.94646,14.67193],[120.94693,14.67167],[120.94693,14.67149],[120.94647,14.67139],[120.94646,14.67193]]],[[[120.9499,14.6716],[120.94953,14.6716],[120.9499,14.67196],[120.9499,14.6716]]],[[[120.95278,14.6719],[120.95268,14.67199],[120.95278,14.67199],[120.95278,14.6719]]],[[[120.9408,14.67202],[120.94103,14.67189],[120.9408,14.67197],[120.9408,14.67202]]],[[[120.94015,14.67197],[120.94043,14.67188],[120.94015,14.67179],[120.94015,14.67197]]],[[[120.95221,14.66751],[120.95122,14.66999],[120.95038,14.67052],[120.95046,14.67097],[120.95149,14.67098],[120.95074,14.67116],[120.95129,14.67216],[120.95217,14.67185],[120.95224,14.66982],[120.95251,14.67081],[120.95276,14.66919],[120.95243,14.66964],[120.95192,14.66941],[120.95192,14.66864],[120.95262,14.66855],[120.95273,14.66738],[120.95246,14.66593],[120.9518,14.66737],[120.95221,14.66751]]],[[[120.95287,14.67199],[120.95277,14.67217],[120.95287,14.67217],[120.95287,14.67199]]],[[[120.94915,14.67205],[120.94953,14.67214],[120.94953,14.67205],[120.94915,14.67205]]],[[[120.9369,14.6723],[120.93685,14.67226],[120.93685,14.6723],[120.9369,14.6723]]],[[[120.95328,14.67236],[120.95315,14.67186],[120.95324,14.67235],[120.95328,14.67236]]],[[[120.95027,14.67224],[120.95045,14.67233],[120.95045,14.67224],[120.95027,14.67224]]],[[[120.94674,14.67248],[120.9472,14.67212],[120.94665,14.67203],[120.94674,14.67248]]],[[[120.94242,14.67262],[120.94256,14.67235],[120.94242,14.6723],[120.94242,14.67262]]],[[[120.95356,14.67227],[120.9537,14.67268],[120.95361,14.67227],[120.95356,14.67227]]],[[[120.94896,14.67259],[120.9498,14.67241],[120.94897,14.6725],[120.94896,14.67259]]],[[[120.94627,14.67275],[120.94637,14.67229],[120.946,14.67229],[120.94599,14.67247],[120.94627,14.67275]]],[[[120.95305,14.67253],[120.95295,14.6728],[120.95305,14.67281],[120.95305,14.67253]]],[[[120.95314,14.67281],[120.95305,14.6729],[120.95314,14.6729],[120.95314,14.67281]]],[[[120.95356,14.6729],[120.95342,14.67267],[120.95351,14.6729],[120.95356,14.6729]]],[[[120.94748,14.67267],[120.9472,14.67293],[120.94748,14.67294],[120.94748,14.67267]]],[[[120.96298,14.67307],[120.964,14.6729],[120.96382,14.67209],[120.96298,14.67271],[120.96298,14.67307]]],[[[120.96465,14.67318],[120.96465,14.67255],[120.96521,14.67228],[120.96428,14.67254],[120.96465,14.67318]]],[[[120.94636,14.67302],[120.94617,14.67311],[120.94636,14.6732],[120.94636,14.67302]]],[[[120.95388,14.67299],[120.95383,14.67322],[120.95425,14.67322],[120.95388,14.67299]]],[[[120.95662,14.67324],[120.95635,14.67216],[120.95634,14.67324],[120.95662,14.67324]]],[[[120.95462,14.67345],[120.95439,14.67349],[120.95494,14.6735],[120.95462,14.67345]]],[[[120.96511,14.67327],[120.96492,14.67354],[120.9652,14.67354],[120.96511,14.67327]]],[[[120.94766,14.67357],[120.94812,14.67312],[120.94747,14.67312],[120.94766,14.67357]]],[[[120.96362,14.6738],[120.9639,14.67389],[120.9639,14.6738],[120.96362,14.6738]]],[[[120.96399,14.67399],[120.96427,14.6739],[120.96399,14.6739],[120.96399,14.67399]]],[[[120.94672,14.67401],[120.94728,14.67357],[120.94729,14.67339],[120.94672,14.67401]]],[[[120.95118,14.67414],[120.95109,14.67405],[120.95108,14.67414],[120.95118,14.67414]]],[[[120.94746,14.6742],[120.94728,14.67411],[120.94728,14.6742],[120.94746,14.6742]]],[[[120.95294,14.6743],[120.95299,14.67425],[120.95294,14.67425],[120.95294,14.6743]]],[[[120.94598,14.67446],[120.94588,14.67437],[120.94588,14.67446],[120.94598,14.67446]]],[[[120.94644,14.6741],[120.94616,14.67446],[120.94653,14.67446],[120.94644,14.6741]]],[[[120.95415,14.67417],[120.9541,14.67453],[120.95516,14.67459],[120.95415,14.67417]]],[[[120.94662,14.67465],[120.9469,14.67456],[120.94663,14.67447],[120.94662,14.67465]]],[[[120.9535,14.67403],[120.95298,14.67484],[120.95354,14.67457],[120.9535,14.67403]]],[[[120.95553,14.67481],[120.95549,14.67486],[120.95581,14.67486],[120.95553,14.67481]]],[[[120.95298,14.67488],[120.95284,14.67484],[120.95284,14.67488],[120.95298,14.67488]]],[[[120.9469,14.67474],[120.94718,14.67483],[120.94709,14.67465],[120.9469,14.67474]]],[[[120.94625,14.67518],[120.94653,14.67492],[120.94616,14.675],[120.94625,14.67518]]],[[[120.94402,14.67526],[120.94411,14.67535],[120.94411,14.67526],[120.94402,14.67526]]],[[[120.95293,14.67538],[120.95284,14.67533],[120.95284,14.67538],[120.95293,14.67538]]],[[[120.95256,14.6756],[120.95246,14.67551],[120.95246,14.6756],[120.95256,14.6756]]],[[[120.95256,14.67542],[120.9527,14.6756],[120.9527,14.67542],[120.95256,14.67542]]],[[[120.9649,14.67553],[120.96453,14.67535],[120.96427,14.67399],[120.96435,14.67562],[120.9649,14.67553]]],[[[120.94179,14.67551],[120.94151,14.67559],[120.94179,14.67569],[120.94179,14.67551]]],[[[120.95743,14.67569],[120.95767,14.6752],[120.95785,14.67538],[120.95869,14.67529],[120.95604,14.67491],[120.95743,14.67569]]],[[[120.94596,14.67591],[120.94587,14.67572],[120.94578,14.6759],[120.94596,14.67591]]],[[[120.94113,14.67613],[120.94105,14.67541],[120.94072,14.67532],[120.94072,14.67604],[120.94113,14.67613]]],[[[120.94044,14.67622],[120.94058,14.67631],[120.94058,14.67608],[120.94044,14.67622]]],[[[120.94317,14.67678],[120.94299,14.67651],[120.94289,14.67669],[120.94317,14.67678]]],[[[120.94541,14.67572],[120.94503,14.67671],[120.94587,14.67636],[120.94623,14.67672],[120.94633,14.67627],[120.94541,14.67572]]],[[[120.96099,14.67685],[120.96146,14.67658],[120.9609,14.6764],[120.96099,14.67685]]],[[[120.96136,14.67713],[120.96127,14.67703],[120.96127,14.67712],[120.96136,14.67713]]],[[[120.96661,14.67686],[120.96633,14.67712],[120.96661,14.67713],[120.96661,14.67686]]],[[[120.94818,14.67724],[120.94823,14.67719],[120.94818,14.67719],[120.94818,14.67724]]],[[[120.9453,14.67707],[120.94577,14.6769],[120.94577,14.67672],[120.9453,14.67707]]],[[[120.96099,14.6773],[120.96108,14.67739],[120.96108,14.6773],[120.96099,14.6773]]],[[[120.96099,14.67748],[120.96089,14.67739],[120.96089,14.67748],[120.96099,14.67748]]],[[[120.95523,14.67757],[120.95518,14.67752],[120.95518,14.67757],[120.95523,14.67757]]],[[[120.96201,14.67767],[120.96182,14.67749],[120.96182,14.67767],[120.96201,14.67767]]],[[[120.93926,14.67774],[120.93917,14.6777],[120.93917,14.67774],[120.93926,14.67774]]],[[[120.95077,14.67753],[120.95096,14.67767],[120.95096,14.67753],[120.95077,14.67753]]],[[[120.95077,14.6778],[120.95073,14.67775],[120.95073,14.6778],[120.95077,14.6778]]],[[[120.94167,14.67786],[120.94233,14.67687],[120.94261,14.67714],[120.94234,14.67632],[120.94299,14.67579],[120.94401,14.67652],[120.94326,14.67733],[120.94418,14.67779],[120.94474,14.67743],[120.94494,14.67626],[120.94429,14.67643],[120.94439,14.67562],[120.94504,14.67563],[120.94467,14.67508],[120.94514,14.67499],[120.94541,14.67572],[120.94606,14.67554],[120.94588,14.67473],[120.94625,14.67464],[120.94551,14.67427],[120.94607,14.67419],[120.94626,14.67356],[120.94515,14.67346],[120.94571,14.67274],[120.94563,14.67193],[120.94434,14.67069],[120.94354,14.67177],[120.9427,14.67208],[120.94292,14.67344],[120.94273,14.67398],[120.94213,14.6737],[120.94226,14.67461],[120.94129,14.67451],[120.94197,14.67587],[120.94151,14.67587],[120.94103,14.67767],[120.94167,14.67786]]],[[[120.9443,14.67553],[120.94384,14.67489],[120.94448,14.67517],[120.9443,14.67553]]],[[[120.94207,14.67497],[120.94216,14.67506],[120.94207,14.67506],[120.94207,14.67497]]],[[[120.9443,14.67463],[120.94421,14.67453],[120.9443,14.67454],[120.9443,14.67463]]],[[[120.94338,14.67453],[120.94328,14.67444],[120.94338,14.67444],[120.94338,14.67453]]],[[[120.94375,14.67417],[120.94357,14.67408],[120.94375,14.67408],[120.94375,14.67417]]],[[[120.94413,14.67345],[120.94386,14.67272],[120.94479,14.67183],[120.94488,14.67237],[120.94432,14.67246],[120.94515,14.67301],[120.94413,14.67345]]],[[[120.94534,14.67256],[120.94497,14.67237],[120.94535,14.67238],[120.94534,14.67256]]],[[[120.9434,14.67209],[120.94386,14.67245],[120.94396,14.67209],[120.9434,14.67209]]],[[[120.94358,14.6729],[120.94312,14.67263],[120.94321,14.6729],[120.94358,14.6729]]],[[[120.94452,14.67165],[120.94415,14.67146],[120.94452,14.67155],[120.94452,14.67165]]],[[[120.94443,14.67137],[120.94424,14.67119],[120.94443,14.6711],[120.94443,14.67137]]],[[[120.93917,14.67783],[120.93903,14.67797],[120.93917,14.67797],[120.93917,14.67783]]],[[[120.94074,14.67803],[120.94038,14.67766],[120.94015,14.67757],[120.94014,14.67793],[120.94074,14.67803]]],[[[120.95118,14.67401],[120.95048,14.6745],[120.95075,14.67482],[120.94822,14.67764],[120.94905,14.67806],[120.95045,14.6778],[120.95096,14.67703],[120.9506,14.67676],[120.95199,14.67614],[120.952,14.67578],[120.95125,14.67604],[120.95107,14.67523],[120.95214,14.67497],[120.95182,14.67469],[120.95211,14.67397],[120.95276,14.67407],[120.95285,14.67353],[120.95327,14.67376],[120.95296,14.67226],[120.95217,14.67198],[120.95082,14.6727],[120.9516,14.6732],[120.95118,14.67401]]],[[[120.95203,14.67252],[120.95189,14.67234],[120.95203,14.67234],[120.95203,14.67252]]],[[[120.95127,14.6746],[120.95145,14.67478],[120.95145,14.6746],[120.95127,14.6746]]],[[[120.95145,14.67496],[120.95108,14.67487],[120.95117,14.67505],[120.95145,14.67496]]],[[[120.94576,14.67816],[120.94571,14.67807],[120.94571,14.67816],[120.94576,14.67816]]],[[[120.95949,14.67819],[120.95931,14.67801],[120.95931,14.67819],[120.95949,14.67819]]],[[[120.93898,14.67828],[120.93851,14.67828],[120.93898,14.67851],[120.93898,14.67828]]],[[[120.95494,14.67851],[120.9549,14.67838],[120.9549,14.67851],[120.95494,14.67851]]],[[[120.94009,14.67856],[120.93991,14.67829],[120.9399,14.67856],[120.94009,14.67856]]],[[[120.95049,14.67857],[120.95044,14.67838],[120.95044,14.67857],[120.95049,14.67857]]],[[[120.94487,14.67888],[120.94482,14.67879],[120.94482,14.67888],[120.94487,14.67888]]],[[[120.95494,14.67888],[120.95489,14.67892],[120.95503,14.67892],[120.95494,14.67888]]],[[[120.94371,14.67887],[120.94361,14.67896],[120.94371,14.67896],[120.94371,14.67887]]],[[[120.95798,14.67104],[120.95731,14.67393],[120.95661,14.67351],[120.95522,14.67373],[120.95814,14.67434],[120.96297,14.67389],[120.95878,14.6752],[120.95961,14.6753],[120.95933,14.67548],[120.95771,14.67542],[120.95748,14.67569],[120.95882,14.6757],[120.95882,14.67624],[120.95811,14.67683],[120.95797,14.67728],[120.9591,14.6762],[120.9595,14.6772],[120.96062,14.67676],[120.96049,14.67585],[120.96137,14.67568],[120.96146,14.67622],[120.96147,14.67505],[120.96362,14.67398],[120.96316,14.67371],[120.96418,14.67372],[120.96482,14.67426],[120.96527,14.6758],[120.965,14.67553],[120.9649,14.67571],[120.96627,14.6778],[120.96738,14.6788],[120.96914,14.67936],[120.97156,14.67803],[120.97295,14.67822],[120.97157,14.67785],[120.96961,14.67891],[120.96821,14.67899],[120.96664,14.67789],[120.96739,14.6779],[120.96693,14.67708],[120.96619,14.67708],[120.96633,14.67631],[120.96523,14.67495],[120.96584,14.67427],[120.96496,14.67413],[120.96427,14.67327],[120.96232,14.67361],[120.96251,14.67298],[120.96168,14.67243],[120.96169,14.67144],[120.96234,14.67153],[120.9627,14.67271],[120.9643,14.67046],[120.96337,14.67037],[120.96262,14.67135],[120.96292,14.66946],[120.96339,14.66892],[120.96413,14.6692],[120.96516,14.66803],[120.96386,14.66775],[120.96293,14.66837],[120.96172,14.66818],[120.96247,14.66719],[120.9622,14.66629],[120.96257,14.66629],[120.96254,14.66543],[120.9631,14.6649],[120.96345,14.6625],[120.96251,14.66331],[120.96259,14.66412],[120.96195,14.66358],[120.96139,14.6642],[120.96157,14.66484],[120.96046,14.66465],[120.9595,14.66798],[120.95856,14.66852],[120.95873,14.67023],[120.95724,14.67058],[120.95798,14.67104]]],[[[120.96601,14.67671],[120.96605,14.67658],[120.96605,14.67671],[120.96601,14.67671]]],[[[120.96496,14.67445],[120.96491,14.6744],[120.96496,14.6744],[120.96496,14.67445]]],[[[120.95991,14.67377],[120.95935,14.67394],[120.95945,14.67331],[120.95908,14.67313],[120.95926,14.67394],[120.95907,14.67403],[120.95815,14.67321],[120.95843,14.67276],[120.95936,14.67277],[120.95862,14.67249],[120.9589,14.67177],[120.95983,14.67178],[120.95955,14.67259],[120.9601,14.67296],[120.95963,14.67331],[120.95991,14.67377]]],[[[120.96149,14.67369],[120.96139,14.6736],[120.96149,14.6736],[120.96149,14.67369]]],[[[120.9601,14.6726],[120.96001,14.6725],[120.9601,14.67251],[120.9601,14.6726]]],[[[120.96122,14.6722],[120.96113,14.67197],[120.96122,14.67197],[120.96122,14.6722]]],[[[120.9602,14.67187],[120.96039,14.67215],[120.96011,14.67214],[120.9602,14.67187]]],[[[120.96076,14.6717],[120.96048,14.67151],[120.96076,14.67161],[120.96076,14.6717]]],[[[120.95835,14.67177],[120.95853,14.67204],[120.95825,14.67204],[120.95835,14.67177]]],[[[120.95824,14.67348],[120.95833,14.67357],[120.95824,14.67357],[120.95824,14.67348]]],[[[120.95796,14.67375],[120.95814,14.67393],[120.95796,14.67393],[120.95796,14.67375]]],[[[120.95749,14.67384],[120.95786,14.67407],[120.95749,14.67402],[120.95749,14.67384]]],[[[120.96051,14.67396],[120.96028,14.67386],[120.96051,14.67377],[120.96051,14.67396]]],[[[120.96213,14.67383],[120.96195,14.67379],[120.96213,14.67379],[120.96213,14.67383]]],[[[120.96166,14.67451],[120.96176,14.6746],[120.96166,14.6746],[120.96166,14.67451]]],[[[120.96073,14.67491],[120.96092,14.67495],[120.96073,14.67495],[120.96073,14.67491]]],[[[120.96045,14.67504],[120.96054,14.67513],[120.96045,14.67513],[120.96045,14.67504]]],[[[120.96101,14.67522],[120.96082,14.67504],[120.96101,14.67504],[120.96101,14.67522]]],[[[120.96026,14.67531],[120.96036,14.6754],[120.96026,14.6754],[120.96026,14.67531]]],[[[120.95828,14.67421],[120.95856,14.6743],[120.95828,14.6743],[120.95828,14.67421]]],[[[120.95888,14.6743],[120.95884,14.67421],[120.95888,14.67421],[120.95888,14.6743]]],[[[120.95953,14.67431],[120.95897,14.67421],[120.95953,14.67422],[120.95953,14.67431]]],[[[120.95942,14.67105],[120.9597,14.67051],[120.95994,14.67061],[120.95984,14.67115],[120.95942,14.67105]]],[[[120.96216,14.6709],[120.96207,14.67072],[120.96216,14.67072],[120.96216,14.6709]]],[[[120.96068,14.6707],[120.96077,14.67034],[120.96096,14.67071],[120.96068,14.6707]]],[[[120.96142,14.67044],[120.96133,14.67026],[120.96142,14.67026],[120.96142,14.67044]]],[[[120.96263,14.67027],[120.96226,14.66999],[120.96254,14.66991],[120.96263,14.67027]]],[[[120.96124,14.6699],[120.96115,14.6698],[120.96124,14.6698],[120.96124,14.6699]]],[[[120.96264,14.66946],[120.96218,14.66927],[120.96264,14.66927],[120.96264,14.66946]]],[[[120.96051,14.66926],[120.96069,14.66935],[120.9605,14.66935],[120.96051,14.66926]]],[[[120.96116,14.66926],[120.96088,14.66908],[120.96106,14.66899],[120.96116,14.66926]]],[[[120.96014,14.66898],[120.95977,14.6688],[120.96015,14.66758],[120.96099,14.66736],[120.96014,14.66898]]],[[[120.96376,14.66847],[120.96349,14.6682],[120.96376,14.6682],[120.96376,14.66847]]],[[[120.96117,14.66818],[120.96098,14.66809],[120.96117,14.66809],[120.96117,14.66818]]],[[[120.96025,14.66699],[120.95987,14.6678],[120.95987,14.66726],[120.96025,14.66699]]],[[[120.96081,14.66664],[120.9609,14.66646],[120.96099,14.66664],[120.96081,14.66664]]],[[[120.96249,14.66494],[120.9624,14.66484],[120.9625,14.66485],[120.96249,14.66494]]],[[[120.96222,14.66457],[120.96231,14.6643],[120.96241,14.66457],[120.96222,14.66457]]],[[[120.96374,14.67091],[120.96365,14.67073],[120.96383,14.67073],[120.96374,14.67091]]],[[[120.96355,14.67073],[120.96337,14.67055],[120.96356,14.67055],[120.96355,14.67073]]],[[[120.9628,14.67172],[120.96298,14.67217],[120.96271,14.67217],[120.9628,14.67172]]],[[[120.95011,14.67938],[120.94992,14.67919],[120.94983,14.67937],[120.95011,14.67938]]],[[[120.95652,14.67889],[120.95684,14.67948],[120.95795,14.67922],[120.95797,14.67732],[120.95718,14.6779],[120.95653,14.67735],[120.95546,14.67762],[120.95545,14.67838],[120.95601,14.67893],[120.95517,14.67906],[120.95517,14.67933],[120.95628,14.67948],[120.95652,14.67889]]],[[[120.9574,14.6784],[120.95717,14.67808],[120.95741,14.6779],[120.9574,14.6784]]],[[[120.95708,14.67799],[120.95685,14.67812],[120.95685,14.67785],[120.95657,14.67785],[120.95658,14.67763],[120.95708,14.67799]]],[[[120.9412,14.67848],[120.94073,14.6792],[120.94222,14.67894],[120.94277,14.67949],[120.94287,14.67895],[120.94399,14.67869],[120.94371,14.67833],[120.94269,14.67877],[120.94279,14.67814],[120.94353,14.67796],[120.94362,14.67832],[120.9439,14.67787],[120.9427,14.67777],[120.94279,14.67741],[120.94233,14.67732],[120.94195,14.67768],[120.94251,14.67813],[120.94195,14.67822],[120.94204,14.67858],[120.94037,14.67811],[120.94037,14.67857],[120.9412,14.67848]]],[[[120.93813,14.67945],[120.9386,14.67909],[120.9386,14.67882],[120.93813,14.67945]]],[[[120.94184,14.67966],[120.94166,14.6793],[120.94166,14.67966],[120.94184,14.67966]]],[[[120.94932,14.67964],[120.94936,14.67969],[120.94936,14.67964],[120.94932,14.67964]]],[[[120.94946,14.67969],[120.9496,14.67946],[120.94955,14.67946],[120.94946,14.67969]]],[[[120.95461,14.67951],[120.95484,14.67969],[120.95493,14.67946],[120.95461,14.67951]]],[[[120.94296,14.67949],[120.94361,14.67959],[120.94343,14.67905],[120.94296,14.67949]]],[[[120.94444,14.67978],[120.94435,14.67969],[120.94435,14.67978],[120.94444,14.67978]]],[[[120.94305,14.6799],[120.94296,14.67985],[120.94296,14.6799],[120.94305,14.6799]]],[[[120.94653,14.67993],[120.94695,14.67962],[120.94658,14.67934],[120.94653,14.67993]]],[[[120.94931,14.67991],[120.94904,14.67968],[120.94917,14.67995],[120.94931,14.67991]]],[[[120.93794,14.68008],[120.93785,14.67999],[120.93785,14.68008],[120.93794,14.68008]]],[[[120.94072,14.68029],[120.94063,14.68011],[120.94063,14.68029],[120.94072,14.68029]]],[[[120.95599,14.68029],[120.95628,14.67975],[120.95605,14.67974],[120.95599,14.68029]]],[[[120.94147,14.67975],[120.94091,14.6802],[120.94175,14.68011],[120.94147,14.67975]]],[[[120.94569,14.68024],[120.94592,14.68042],[120.94597,14.6802],[120.94569,14.68024]]],[[[120.95711,14.6803],[120.95627,14.68051],[120.95711,14.68057],[120.95711,14.6803]]],[[[120.94295,14.68058],[120.94276,14.6804],[120.94276,14.68058],[120.94295,14.68058]]],[[[120.95738,14.68084],[120.95766,14.68057],[120.95738,14.68057],[120.95738,14.68084]]],[[[120.95794,14.68085],[120.9577,14.68111],[120.95794,14.68112],[120.95794,14.68085]]],[[[120.93988,14.68109],[120.94007,14.68118],[120.94007,14.68109],[120.93988,14.68109]]],[[[120.96554,14.6768],[120.96434,14.6758],[120.96469,14.6786],[120.96403,14.67932],[120.96402,14.68103],[120.96476,14.68131],[120.96459,14.67959],[120.96554,14.6768]]],[[[120.95849,14.68139],[120.95821,14.68112],[120.95821,14.68139],[120.95849,14.68139]]],[[[120.95821,14.68193],[120.95793,14.68166],[120.95793,14.68193],[120.95821,14.68193]]],[[[120.94539,14.68214],[120.94535,14.68209],[120.94535,14.68213],[120.94539,14.68214]]],[[[120.95889,14.68307],[120.95899,14.68262],[120.9582,14.68261],[120.95848,14.68297],[120.95889,14.68307]]],[[[120.93466,14.68321],[120.93457,14.68303],[120.93448,14.68321],[120.93466,14.68321]]],[[[120.95369,14.6832],[120.95454,14.68194],[120.95459,14.68136],[120.9538,14.68135],[120.95319,14.68202],[120.95318,14.68297],[120.95369,14.6832]]],[[[120.9407,14.68327],[120.94116,14.683],[120.94061,14.68282],[120.94089,14.68246],[120.94163,14.68282],[120.94265,14.68229],[120.94285,14.68121],[120.94331,14.68139],[120.94341,14.68103],[120.94184,14.68048],[120.94155,14.68174],[120.94229,14.68175],[120.94248,14.68112],[120.94275,14.68148],[120.94191,14.68219],[120.94099,14.6821],[120.94042,14.68263],[120.9407,14.68327]]],[[[120.95731,14.68332],[120.95722,14.68341],[120.95731,14.68342],[120.95731,14.68332]]],[[[120.9588,14.68343],[120.95861,14.68334],[120.95861,14.68343],[120.9588,14.68343]]],[[[120.9575,14.68342],[120.95731,14.68351],[120.9575,14.68351],[120.9575,14.68342]]],[[[120.95708,14.68355],[120.9568,14.68314],[120.9568,14.68355],[120.95708,14.68355]]],[[[120.95847,14.68356],[120.95819,14.68329],[120.95819,14.68356],[120.95847,14.68356]]],[[[120.95759,14.68351],[120.95749,14.6836],[120.95759,14.6836],[120.95759,14.68351]]],[[[120.94357,14.68366],[120.94339,14.68347],[120.94329,14.68365],[120.94357,14.68366]]],[[[120.93967,14.6838],[120.93986,14.68326],[120.94023,14.68344],[120.93987,14.68263],[120.93931,14.68298],[120.93967,14.6838]]],[[[120.95842,14.68388],[120.95833,14.68397],[120.95842,14.68397],[120.95842,14.68388]]],[[[120.95777,14.68405],[120.95833,14.6836],[120.95759,14.6836],[120.95777,14.68405]]],[[[120.9568,14.68382],[120.95707,14.68409],[120.95707,14.68382],[120.9568,14.68382]]],[[[120.94858,14.68406],[120.94848,14.68424],[120.94858,14.68424],[120.94858,14.68406]]],[[[120.94816,14.68428],[120.9484,14.68352],[120.94793,14.6836],[120.94816,14.68428]]],[[[120.94821,14.68401],[120.9483,14.68388],[120.94839,14.68401],[120.94821,14.68401]]],[[[120.95832,14.68433],[120.95823,14.68442],[120.95832,14.68442],[120.95832,14.68433]]],[[[120.9398,14.68444],[120.94004,14.68435],[120.93985,14.68425],[120.9398,14.68444]]],[[[120.95823,14.68433],[120.95786,14.68405],[120.95776,14.6845],[120.95795,14.68451],[120.95823,14.68433]]],[[[120.95679,14.68463],[120.95652,14.68409],[120.95651,14.68463],[120.95679,14.68463]]],[[[120.94843,14.68478],[120.9482,14.68455],[120.9482,14.6846],[120.94843,14.68478]]],[[[120.94858,14.68424],[120.94843,14.68456],[120.94894,14.68483],[120.94895,14.68452],[120.94858,14.68424]]],[[[120.94012,14.68503],[120.94008,14.68489],[120.94008,14.68502],[120.94012,14.68503]]],[[[120.94755,14.68477],[120.94787,14.68514],[120.94811,14.68469],[120.94755,14.68477]]],[[[120.95061,14.68489],[120.95079,14.68535],[120.95107,14.68535],[120.95107,14.68517],[120.95061,14.68489]]],[[[120.94773,14.68532],[120.94736,14.68513],[120.94731,14.68536],[120.94773,14.68532]]],[[[120.93659,14.68554],[120.93669,14.68477],[120.93563,14.68444],[120.93632,14.68418],[120.93624,14.68341],[120.93476,14.68231],[120.93398,14.68226],[120.93495,14.68268],[120.93503,14.68349],[120.93504,14.68277],[120.93568,14.68322],[120.93475,14.68412],[120.93586,14.68458],[120.93576,14.68539],[120.93659,14.68554]]],[[[120.93605,14.68377],[120.93577,14.68359],[120.93596,14.6835],[120.93605,14.68377]]],[[[120.93756,14.68559],[120.93729,14.68554],[120.93729,14.68559],[120.93756,14.68559]]],[[[120.93956,14.6857],[120.93951,14.68556],[120.93951,14.6857],[120.93956,14.6857]]],[[[120.93956,14.68583],[120.93951,14.68579],[120.93951,14.68583],[120.93956,14.68583]]],[[[120.95036,14.68701],[120.94954,14.6857],[120.95014,14.68615],[120.95079,14.68553],[120.94899,14.68488],[120.94925,14.68646],[120.95036,14.68701]]],[[[120.93546,14.68693],[120.93555,14.68702],[120.93556,14.68693],[120.93546,14.68693]]],[[[120.93546,14.68711],[120.93532,14.68702],[120.93532,14.68711],[120.93546,14.68711]]],[[[120.93527,14.6872],[120.93518,14.68715],[120.93518,14.6872],[120.93527,14.6872]]],[[[120.93509,14.68728],[120.935,14.68719],[120.935,14.68728],[120.93509,14.68728]]],[[[120.9349,14.68737],[120.93481,14.68728],[120.93481,14.68737],[120.9349,14.68737]]],[[[120.95087,14.68752],[120.95068,14.68742],[120.95068,14.68751],[120.95087,14.68752]]],[[[120.93444,14.68746],[120.93453,14.68755],[120.93453,14.68746],[120.93444,14.68746]]],[[[120.93444,14.68764],[120.93434,14.68755],[120.93434,14.68764],[120.93444,14.68764]]],[[[120.93434,14.68768],[120.9342,14.68764],[120.9342,14.68768],[120.93434,14.68768]]],[[[120.94047,14.68769],[120.94066,14.68761],[120.94038,14.68742],[120.94047,14.68769]]],[[[120.94084,14.6877],[120.94075,14.68788],[120.94084,14.68788],[120.94084,14.6877]]],[[[120.9336,14.68795],[120.93378,14.688],[120.93378,14.68795],[120.9336,14.68795]]],[[[120.94562,14.68801],[120.94566,14.68806],[120.94566,14.68801],[120.94562,14.68801]]],[[[120.9336,14.68808],[120.9335,14.68799],[120.9335,14.68808],[120.9336,14.68808]]],[[[120.94121,14.68797],[120.94093,14.68815],[120.94121,14.68815],[120.94121,14.68797]]],[[[120.9335,14.68817],[120.93336,14.68808],[120.93336,14.68817],[120.9335,14.68817]]],[[[120.94562,14.68819],[120.94539,14.68805],[120.94538,14.6881],[120.94562,14.68819]]],[[[120.94952,14.68809],[120.94924,14.68813],[120.94951,14.68836],[120.94952,14.68809]]],[[[120.94979,14.68836],[120.95008,14.68728],[120.94952,14.68728],[120.94979,14.68836]]],[[[120.94158,14.68843],[120.94148,14.68834],[120.94148,14.68843],[120.94158,14.68843]]],[[[120.95035,14.68837],[120.95007,14.68864],[120.95035,14.68864],[120.95035,14.68837]]],[[[120.94064,14.68887],[120.94055,14.68869],[120.94055,14.68887],[120.94064,14.68887]]],[[[120.95062,14.68864],[120.95034,14.68891],[120.95062,14.68891],[120.95062,14.68864]]],[[[120.93182,14.68906],[120.93173,14.68902],[120.93173,14.68906],[120.93182,14.68906]]],[[[120.93809,14.68907],[120.93795,14.68903],[120.93795,14.68907],[120.93809,14.68907]]],[[[120.94371,14.68881],[120.94394,14.68913],[120.94394,14.68881],[120.94371,14.68881]]],[[[120.94008,14.68914],[120.94004,14.68905],[120.94004,14.68914],[120.94008,14.68914]]],[[[120.93098,14.68942],[120.9308,14.68933],[120.9308,14.68942],[120.93098,14.68942]]],[[[120.95034,14.68918],[120.95062,14.68946],[120.95076,14.68914],[120.95034,14.68918]]],[[[120.94156,14.6896],[120.94147,14.68951],[120.94147,14.6896],[120.94156,14.6896]]],[[[120.95103,14.69023],[120.95075,14.69032],[120.95103,14.69032],[120.95103,14.69023]]],[[[120.94366,14.68912],[120.94268,14.68934],[120.9424,14.68997],[120.9417,14.69014],[120.94197,14.69069],[120.94366,14.68912]]],[[[120.94169,14.69073],[120.94183,14.69099],[120.94193,14.69073],[120.94169,14.69073]]],[[[120.94169,14.691],[120.94085,14.69131],[120.94085,14.69181],[120.94118,14.69127],[120.94169,14.691]]],[[[120.95394,14.69192],[120.95449,14.69193],[120.95478,14.69139],[120.95394,14.69111],[120.95394,14.69192]]],[[[120.94062,14.69185],[120.94057,14.69181],[120.94057,14.69194],[120.94062,14.69185]]],[[[120.94085,14.69192],[120.94071,14.69185],[120.94061,14.69208],[120.94085,14.69192]]],[[[120.93467,14.6918],[120.93477,14.69198],[120.93505,14.69176],[120.93467,14.6918]]],[[[120.94283,14.68383],[120.94274,14.68338],[120.94292,14.6832],[120.94404,14.68303],[120.94377,14.68257],[120.94543,14.68313],[120.94479,14.68213],[120.9454,14.68182],[120.94564,14.68078],[120.9447,14.68159],[120.94369,14.68122],[120.94321,14.68275],[120.94265,14.6831],[120.94233,14.68274],[120.94237,14.6831],[120.94181,14.68301],[120.94172,14.68346],[120.94036,14.68394],[120.94013,14.68426],[120.94091,14.6853],[120.93767,14.6888],[120.93944,14.68832],[120.93889,14.68795],[120.94057,14.68706],[120.94095,14.68544],[120.94169,14.68581],[120.94253,14.68536],[120.94201,14.68694],[120.94284,14.68772],[120.94363,14.68763],[120.9441,14.687],[120.94479,14.68724],[120.94422,14.68886],[120.94561,14.6886],[120.94561,14.68881],[120.94725,14.69021],[120.95043,14.69244],[120.95064,14.6919],[120.95269,14.69133],[120.95168,14.69032],[120.95121,14.69041],[120.95158,14.69109],[120.95037,14.69058],[120.95034,14.68945],[120.9495,14.68999],[120.94835,14.68921],[120.9476,14.68965],[120.94612,14.6891],[120.9452,14.6881],[120.94536,14.6862],[120.9452,14.68756],[120.94503,14.68638],[120.94564,14.68562],[120.94596,14.68566],[120.94564,14.68593],[120.94568,14.68616],[120.94731,14.68536],[120.94699,14.68509],[120.94541,14.68557],[120.94458,14.68466],[120.94384,14.68483],[120.9432,14.68365],[120.94283,14.68383]]],[[[120.95029,14.69013],[120.95019,14.69022],[120.95029,14.69022],[120.95029,14.69013]]],[[[120.9501,14.69013],[120.95019,14.69004],[120.9501,14.69004],[120.9501,14.69013]]],[[[120.95093,14.69095],[120.95088,14.69108],[120.95088,14.69095],[120.95093,14.69095]]],[[[120.9427,14.68681],[120.94279,14.68726],[120.94335,14.68718],[120.94391,14.68646],[120.9427,14.68681]]],[[[120.94261,14.68663],[120.9428,14.68672],[120.9428,14.68654],[120.94261,14.68663]]],[[[120.9448,14.68642],[120.94452,14.68619],[120.9448,14.68629],[120.9448,14.68642]]],[[[120.9429,14.68618],[120.94271,14.686],[120.9429,14.68591],[120.9429,14.68618]]],[[[120.94452,14.68592],[120.94425,14.68506],[120.94476,14.68493],[120.94522,14.68548],[120.94452,14.68592]]],[[[120.94133,14.68481],[120.94077,14.68471],[120.94133,14.68454],[120.94133,14.68481]]],[[[120.94263,14.68473],[120.94235,14.68464],[120.94263,14.68446],[120.94263,14.68473]]],[[[120.94365,14.68501],[120.94383,14.68519],[120.94365,14.68519],[120.94365,14.68501]]],[[[120.93861,14.68795],[120.93879,14.68813],[120.93861,14.68813],[120.93861,14.68795]]],[[[120.94208,14.68418],[120.94226,14.68437],[120.94227,14.68419],[120.94208,14.68418]]],[[[120.94217,14.68446],[120.94199,14.68436],[120.94198,14.68445],[120.94217,14.68446]]],[[[120.94124,14.68418],[120.94106,14.68436],[120.94106,14.68418],[120.94124,14.68418]]],[[[120.94319,14.68419],[120.94301,14.6841],[120.94319,14.6841],[120.94319,14.68419]]],[[[120.9419,14.684],[120.94171,14.68382],[120.9419,14.68373],[120.9419,14.684]]],[[[120.94348,14.68293],[120.94339,14.68284],[120.94348,14.68284],[120.94348,14.68293]]],[[[120.94699,14.6854],[120.9468,14.68531],[120.94699,14.68531],[120.94699,14.6854]]],[[[120.95393,14.69247],[120.95366,14.69192],[120.95365,14.69246],[120.95393,14.69247]]],[[[120.93504,14.69271],[120.93495,14.69262],[120.93494,14.69271],[120.93504,14.69271]]],[[[120.95421,14.69247],[120.95393,14.69274],[120.95421,14.69274],[120.95421,14.69247]]],[[[120.93383,14.69288],[120.9343,14.69261],[120.93448,14.69225],[120.93388,14.69202],[120.93383,14.69288]]],[[[120.93476,14.69279],[120.93439,14.69279],[120.93476,14.69297],[120.93476,14.69279]]],[[[120.93916,14.69315],[120.93958,14.69311],[120.93996,14.69261],[120.93949,14.69261],[120.93916,14.69315]]],[[[120.93373,14.6936],[120.93355,14.69287],[120.93331,14.6935],[120.93373,14.6936]]],[[[120.9341,14.69378],[120.93391,14.69369],[120.93391,14.69378],[120.9341,14.69378]]],[[[120.93916,14.69315],[120.93865,14.69328],[120.9386,14.69391],[120.93916,14.69355],[120.93916,14.69315]]],[[[120.93888,14.69342],[120.93893,14.69355],[120.93888,14.69355],[120.93888,14.69342]]],[[[120.93224,14.69417],[120.93243,14.69395],[120.93224,14.69395],[120.93224,14.69417]]],[[[120.93345,14.69396],[120.93382,14.69405],[120.93391,14.69387],[120.93345,14.69396]]],[[[120.93261,14.69418],[120.93247,14.6944],[120.93251,14.6944],[120.93261,14.69418]]],[[[120.91436,14.6951],[120.91723,14.69314],[120.91693,14.69187],[120.91605,14.69349],[120.91493,14.69348],[120.9152,14.69429],[120.91436,14.69455],[120.91436,14.6951]]],[[[120.9372,14.69489],[120.93748,14.69499],[120.93748,14.69476],[120.9372,14.69489]]],[[[120.92471,14.69523],[120.92489,14.69533],[120.92489,14.69524],[120.92471,14.69523]]],[[[120.92471,14.69542],[120.92466,14.69532],[120.92466,14.69541],[120.92471,14.69542]]],[[[120.93213,14.69548],[120.93269,14.6954],[120.9327,14.69449],[120.93195,14.69476],[120.93261,14.69467],[120.93213,14.69548]]],[[[120.92452,14.69546],[120.92461,14.6955],[120.92461,14.69546],[120.92452,14.69546]]],[[[120.93167,14.69557],[120.93162,14.69552],[120.93162,14.69557],[120.93167,14.69557]]],[[[120.92452,14.69559],[120.92443,14.6955],[120.92443,14.69559],[120.92452,14.69559]]],[[[120.93106,14.69579],[120.93092,14.69574],[120.93092,14.69579],[120.93106,14.69579]]],[[[120.93579,14.69624],[120.93607,14.6961],[120.93579,14.6961],[120.93579,14.69624]]],[[[120.93213,14.69548],[120.93129,14.69606],[120.93129,14.69629],[120.93194,14.69593],[120.93213,14.69548]]],[[[120.95097,14.69627],[120.95153,14.69611],[120.95144,14.69592],[120.95097,14.69627]]],[[[120.91289,14.69662],[120.91312,14.69644],[120.91278,14.69644],[120.91289,14.69662]]],[[[120.95078,14.69664],[120.95078,14.69649],[120.95069,14.69664],[120.95078,14.69664]]],[[[120.93129,14.69647],[120.93078,14.69637],[120.93077,14.69682],[120.93129,14.69647]]],[[[120.93495,14.69668],[120.93518,14.69686],[120.93523,14.69664],[120.93495,14.69668]]],[[[120.93439,14.69704],[120.93462,14.69718],[120.93467,14.6969],[120.93439,14.69704]]],[[[120.91225,14.6972],[120.91225,14.69713],[120.91217,14.6972],[120.91225,14.6972]]],[[[120.91211,14.69725],[120.91184,14.69697],[120.91183,14.69724],[120.91211,14.69725]]],[[[120.91212,14.6967],[120.91281,14.6973],[120.9127,14.69644],[120.91212,14.6967]]],[[[120.93026,14.69736],[120.93063,14.69728],[120.93073,14.69687],[120.9305,14.69687],[120.93026,14.69736]]],[[[120.9129,14.6973],[120.91281,14.69739],[120.9129,14.69739],[120.9129,14.6973]]],[[[120.93439,14.69731],[120.93411,14.69717],[120.93411,14.69744],[120.93439,14.69731]]],[[[120.91299,14.69739],[120.9129,14.69748],[120.91299,14.69748],[120.91299,14.69739]]],[[[120.91178,14.69756],[120.91155,14.69724],[120.91155,14.69751],[120.91178,14.69756]]],[[[120.91308,14.69748],[120.91299,14.69757],[120.91308,14.69757],[120.91308,14.69748]]],[[[120.92348,14.69748],[120.92302,14.69757],[120.92348,14.69757],[120.92348,14.69748]]],[[[120.92274,14.69757],[120.92246,14.69761],[120.92274,14.69761],[120.92274,14.69757]]],[[[120.92993,14.69745],[120.92998,14.69754],[120.93017,14.69741],[120.92993,14.69745]]],[[[120.95105,14.69755],[120.95152,14.69701],[120.95087,14.69673],[120.95105,14.69755]]],[[[120.91169,14.69765],[120.91169,14.69759],[120.91161,14.69765],[120.91169,14.69765]]],[[[120.91318,14.69757],[120.91308,14.69766],[120.91317,14.69766],[120.91318,14.69757]]],[[[120.91336,14.69775],[120.91317,14.69784],[120.91336,14.69784],[120.91336,14.69775]]],[[[120.9116,14.69774],[120.91127,14.69751],[120.91141,14.69792],[120.9116,14.69774]]],[[[120.91345,14.69784],[120.91336,14.69793],[120.91345,14.69793],[120.91345,14.69784]]],[[[120.91141,14.69801],[120.91132,14.69792],[120.91131,14.69801],[120.91141,14.69801]]],[[[120.91354,14.69794],[120.91345,14.69803],[120.91354,14.69803],[120.91354,14.69794]]],[[[120.91364,14.69803],[120.91354,14.69812],[120.91363,14.69812],[120.91364,14.69803]]],[[[120.93327,14.69798],[120.93332,14.69811],[120.9335,14.69798],[120.93327,14.69798]]],[[[120.91373,14.69812],[120.91363,14.69821],[120.91373,14.69821],[120.91373,14.69812]]],[[[120.91127,14.69832],[120.91113,14.69809],[120.91103,14.69836],[120.91127,14.69832]]],[[[120.914,14.69839],[120.91382,14.69848],[120.914,14.69848],[120.914,14.69839]]],[[[120.91098,14.69859],[120.91075,14.69854],[120.91075,14.69872],[120.91098,14.69859]]],[[[120.91419,14.69857],[120.914,14.69866],[120.91419,14.69875],[120.91419,14.69857]]],[[[120.91428,14.69876],[120.91418,14.69885],[120.91428,14.69885],[120.91428,14.69876]]],[[[120.91437,14.69885],[120.91428,14.69894],[120.91437,14.69894],[120.91437,14.69885]]],[[[120.9327,14.69906],[120.93294,14.69865],[120.93294,14.69852],[120.93271,14.69851],[120.9327,14.69906]]],[[[120.93256,14.69928],[120.93242,14.69905],[120.93242,14.69932],[120.93256,14.69928]]],[[[120.93228,14.69955],[120.93214,14.69932],[120.93214,14.69959],[120.93228,14.69955]]],[[[120.94825,14.69978],[120.94825,14.69973],[120.94821,14.69978],[120.94825,14.69978]]],[[[120.91075,14.69872],[120.91,14.69962],[120.91,14.6998],[120.9107,14.69913],[120.91075,14.69872]]],[[[120.932,14.69964],[120.93186,14.69959],[120.93186,14.69982],[120.932,14.69964]]],[[[120.91437,14.69894],[120.91408,14.69957],[120.91376,14.69984],[120.91436,14.69943],[120.91437,14.69894]]],[[[120.94936,14.69979],[120.94927,14.69988],[120.94936,14.69988],[120.94936,14.69979]]],[[[120.91,14.69989],[120.90981,14.6998],[120.90981,14.69989],[120.91,14.69989]]],[[[120.91362,14.69983],[120.91371,14.69993],[120.91371,14.69983],[120.91362,14.69983]]],[[[120.90981,14.69998],[120.90972,14.69989],[120.90972,14.69998],[120.90981,14.69998]]],[[[120.91362,14.69997],[120.91343,14.69992],[120.91343,14.70001],[120.91362,14.69997]]],[[[120.94908,14.69997],[120.94917,14.70006],[120.94917,14.69997],[120.94908,14.69997]]],[[[120.90972,14.70007],[120.90963,14.69998],[120.90962,14.70007],[120.90972,14.70007]]],[[[120.93158,14.69986],[120.93163,14.7],[120.93181,14.69986],[120.93158,14.69986]]],[[[120.91343,14.7001],[120.91325,14.70001],[120.91324,14.7001],[120.91343,14.7001]]],[[[120.90962,14.70016],[120.90953,14.70007],[120.90953,14.70016],[120.90962,14.70016]]],[[[120.91306,14.7001],[120.91315,14.70019],[120.91315,14.7001],[120.91306,14.7001]]],[[[120.91296,14.70037],[120.91287,14.70028],[120.91287,14.70037],[120.91296,14.70037]]],[[[120.93107,14.70017],[120.93125,14.7004],[120.9313,14.70013],[120.93107,14.70017]]],[[[120.94908,14.70006],[120.94862,14.69988],[120.94861,14.70042],[120.94889,14.70042],[120.94908,14.70006]]],[[[120.91268,14.70037],[120.91278,14.70046],[120.91278,14.70037],[120.91268,14.70037]]],[[[120.90925,14.70052],[120.90934,14.70016],[120.90906,14.70052],[120.90925,14.70052]]],[[[120.91264,14.70055],[120.9125,14.70046],[120.9125,14.70055],[120.91264,14.70055]]],[[[120.90906,14.70061],[120.90897,14.70051],[120.90897,14.70061],[120.90906,14.70061]]],[[[120.9125,14.70064],[120.9124,14.70055],[120.9124,14.70064],[120.9125,14.70064]]],[[[120.93088,14.70067],[120.93074,14.70044],[120.93074,14.70067],[120.93088,14.70067]]],[[[120.91222,14.70063],[120.91231,14.70073],[120.91231,14.70064],[120.91222,14.70063]]],[[[120.90897,14.70079],[120.90878,14.70069],[120.90878,14.70087],[120.90897,14.70079]]],[[[120.91129,14.7009],[120.9112,14.70081],[120.91119,14.7009],[120.91129,14.7009]]],[[[120.91222,14.70072],[120.91129,14.70072],[120.91129,14.70081],[120.91184,14.70099],[120.91222,14.70072]]],[[[120.90873,14.70101],[120.90859,14.70096],[120.90859,14.70105],[120.90873,14.70101]]],[[[120.9111,14.70099],[120.91119,14.70108],[120.91119,14.70099],[120.9111,14.70099]]],[[[120.90859,14.70114],[120.9085,14.70105],[120.9085,14.70114],[120.90859,14.70114]]],[[[120.93018,14.70098],[120.93041,14.70107],[120.93046,14.70093],[120.93018,14.70098]]],[[[120.94935,14.70106],[120.94898,14.70114],[120.94935,14.70124],[120.94935,14.70106]]],[[[120.91127,14.69778],[120.91015,14.69858],[120.90918,14.69811],[120.90651,14.70093],[120.90707,14.70129],[120.91127,14.69778]]],[[[120.91101,14.70126],[120.91063,14.70116],[120.91063,14.70134],[120.91101,14.70126]]],[[[120.9084,14.70141],[120.90831,14.70123],[120.90831,14.70141],[120.9084,14.70141]]],[[[120.90831,14.7015],[120.90822,14.70141],[120.90822,14.7015],[120.90831,14.7015]]],[[[120.91063,14.70152],[120.91054,14.70134],[120.91054,14.70152],[120.91063,14.70152]]],[[[120.90822,14.70159],[120.90813,14.7015],[120.90812,14.70155],[120.90822,14.70159]]],[[[120.91054,14.70161],[120.91045,14.70152],[120.91044,14.70161],[120.91054,14.70161]]],[[[120.92962,14.70147],[120.92966,14.7016],[120.92985,14.70147],[120.92962,14.70147]]],[[[120.91044,14.7017],[120.91035,14.70161],[120.91035,14.7017],[120.91044,14.7017]]],[[[120.91035,14.70188],[120.91016,14.70179],[120.91016,14.70188],[120.91035,14.70188]]],[[[120.94888,14.70178],[120.94841,14.70186],[120.94888,14.70205],[120.94888,14.70178]]],[[[120.91007,14.70206],[120.90988,14.70197],[120.90988,14.70215],[120.91007,14.70206]]],[[[120.92905,14.70223],[120.92929,14.70201],[120.92905,14.70201],[120.92905,14.70223]]],[[[120.90988,14.70224],[120.90979,14.70215],[120.90979,14.70224],[120.90988,14.70224]]],[[[120.90979,14.70242],[120.9097,14.70224],[120.90969,14.70242],[120.90979,14.70242]]],[[[120.92209,14.70226],[120.92214,14.70235],[120.92232,14.70222],[120.92209,14.70226]]],[[[120.90969,14.70251],[120.9096,14.70242],[120.9096,14.70251],[120.90969,14.70251]]],[[[120.95551,14.70224],[120.95523,14.70251],[120.95551,14.70251],[120.95551,14.70224]]],[[[120.92548,14.70238],[120.92543,14.70252],[120.92575,14.70252],[120.92548,14.70238]]],[[[120.90904,14.70259],[120.90845,14.70182],[120.90817,14.70177],[120.90821,14.70204],[120.90904,14.70259]]],[[[120.92181,14.70248],[120.92186,14.70253],[120.92204,14.70248],[120.92181,14.70248]]],[[[120.9096,14.70269],[120.90951,14.70251],[120.90951,14.70269],[120.9096,14.70269]]],[[[120.90923,14.70278],[120.90927,14.70269],[120.90904,14.70259],[120.90923,14.70278]]],[[[120.92157,14.7028],[120.92153,14.70275],[120.92153,14.7028],[120.92157,14.7028]]],[[[120.94626,14.7032],[120.94617,14.70311],[120.94617,14.7032],[120.94626,14.7032]]],[[[120.92111,14.70306],[120.92097,14.70324],[120.92111,14.70324],[120.92111,14.70306]]],[[[120.95467,14.7025],[120.95579,14.70197],[120.95608,14.70089],[120.95524,14.70115],[120.95525,14.70061],[120.95469,14.70061],[120.95356,14.70277],[120.95411,14.70304],[120.95383,14.70385],[120.95438,14.70386],[120.95439,14.70331],[120.95495,14.70305],[120.95467,14.7025]]],[[[120.91984,14.70414],[120.91989,14.70423],[120.92008,14.70409],[120.91984,14.70414]]],[[[120.92597,14.70473],[120.92601,14.70482],[120.9262,14.70469],[120.92597,14.70473]]],[[[120.91765,14.70556],[120.91774,14.70565],[120.91774,14.70556],[120.91765,14.70556]]],[[[120.91765,14.7057],[120.9176,14.70565],[120.9176,14.7057],[120.91765,14.7057]]],[[[120.91727,14.70583],[120.91718,14.70574],[120.91718,14.70583],[120.91727,14.70583]]],[[[120.91755,14.70583],[120.91746,14.7057],[120.91746,14.70583],[120.91755,14.70583]]],[[[120.92071,14.70586],[120.92043,14.70595],[120.92071,14.70595],[120.92071,14.70586]]],[[[120.92089,14.70595],[120.92071,14.70604],[120.92089,14.70604],[120.92089,14.70595]]],[[[120.92099,14.70614],[120.92117,14.70605],[120.92099,14.70604],[120.92099,14.70614]]],[[[120.92136,14.70614],[120.92117,14.70623],[120.92136,14.70623],[120.92136,14.70614]]],[[[120.9183,14.70543],[120.92015,14.70586],[120.92043,14.70586],[120.92016,14.7055],[120.91877,14.70512],[120.91774,14.7057],[120.91926,14.70653],[120.9183,14.70543]]],[[[120.91978,14.70558],[120.91969,14.70549],[120.91978,14.70549],[120.91978,14.70558]]],[[[120.91954,14.70653],[120.91926,14.7068],[120.91954,14.7068],[120.91954,14.70653]]],[[[120.91982,14.70707],[120.9201,14.7068],[120.91982,14.7068],[120.91982,14.70707]]],[[[120.92037,14.70708],[120.92009,14.7073],[120.92051,14.70735],[120.92037,14.70708]]],[[[120.92106,14.70763],[120.92065,14.70735],[120.92065,14.70758],[120.92106,14.70763]]],[[[120.92343,14.70796],[120.92329,14.70792],[120.92329,14.70796],[120.92343,14.70796]]],[[[120.94125,14.70835],[120.94125,14.7083],[120.94118,14.70835],[120.94125,14.70835]]],[[[120.91493,14.70834],[120.91479,14.70843],[120.91493,14.70852],[120.91493,14.70834]]],[[[120.91502,14.70866],[120.91493,14.70861],[120.91493,14.70866],[120.91502,14.70866]]],[[[120.92343,14.70792],[120.92385,14.70752],[120.92399,14.70698],[120.92136,14.70623],[120.9219,14.70723],[120.9212,14.7079],[120.92259,14.70845],[120.92207,14.70899],[120.9231,14.70832],[120.92292,14.70769],[120.92343,14.70792]]],[[[120.92219,14.70687],[120.92209,14.70669],[120.92219,14.70669],[120.92219,14.70687]]],[[[120.92179,14.7093],[120.92179,14.70958],[120.92216,14.70926],[120.92179,14.7093]]],[[[120.92118,14.70984],[120.92132,14.70993],[120.92146,14.7098],[120.92118,14.70984]]],[[[120.9209,14.71011],[120.92095,14.7102],[120.92113,14.71007],[120.9209,14.71011]]],[[[120.92076,14.71056],[120.92048,14.71038],[120.92034,14.7106],[120.92076,14.71056]]],[[[120.91926,14.71168],[120.91935,14.71172],[120.91935,14.71168],[120.91926,14.71168]]],[[[120.91926,14.71181],[120.91917,14.71172],[120.91917,14.71181],[120.91926,14.71181]]],[[[120.91894,14.71181],[120.91907,14.7119],[120.91907,14.71181],[120.91894,14.71181]]],[[[120.91879,14.71208],[120.9187,14.71194],[120.9187,14.71208],[120.91879,14.71208]]],[[[120.91837,14.71226],[120.91824,14.71221],[120.91824,14.71226],[120.91837,14.71226]]],[[[120.95091,14.71792],[120.95062,14.71873],[120.95146,14.71874],[120.95146,14.7182],[120.95091,14.71792]]],[[[120.95006,14.71954],[120.95061,14.71955],[120.95061,14.72009],[120.95173,14.71956],[120.95172,14.7201],[120.95339,14.72038],[120.95118,14.71901],[120.95006,14.71954]]],[[[120.95255,14.72065],[120.952,14.72037],[120.952,14.72064],[120.95255,14.72065]]],[[[120.9506,14.72117],[120.95032,14.7209],[120.95032,14.72117],[120.9506,14.72117]]],[[[120.95172,14.72091],[120.95144,14.72118],[120.95171,14.72118],[120.95172,14.72091]]],[[[120.95255,14.72065],[120.95283,14.72119],[120.95311,14.7212],[120.95311,14.72065],[120.95255,14.72065]]],[[[120.95283,14.72146],[120.95199,14.72091],[120.95199,14.72146],[120.95283,14.72146]]],[[[120.94948,14.72225],[120.94919,14.72252],[120.94947,14.72252],[120.94948,14.72225]]],[[[120.95254,14.722],[120.95171,14.72145],[120.9517,14.72281],[120.95226,14.72281],[120.95254,14.722]]],[[[120.94724,14.72277],[120.94669,14.72277],[120.94668,14.72304],[120.94752,14.72331],[120.94724,14.72277]]],[[[120.94667,14.72412],[120.9464,14.72358],[120.94612,14.72412],[120.94667,14.72412]]],[[[120.94723,14.72413],[120.94696,14.72358],[120.94695,14.72412],[120.94723,14.72413]]],[[[120.95113,14.72416],[120.95117,14.72009],[120.9506,14.72063],[120.95088,14.72118],[120.95031,14.72226],[120.94947,14.72252],[120.94946,14.7236],[120.95113,14.72416]]],[[[120.95169,14.72416],[120.95141,14.72362],[120.95141,14.72416],[120.95169,14.72416]]],[[[120.94806,14.72468],[120.94751,14.7244],[120.9475,14.72467],[120.94806,14.72468]]],[[[120.94861,14.72495],[120.94834,14.72468],[120.94834,14.72495],[120.94861,14.72495]]],[[[120.95056,14.72497],[120.95085,14.72443],[120.94974,14.72415],[120.94973,14.72496],[120.95056,14.72497]]],[[[120.94468,14.72898],[120.94412,14.72871],[120.94412,14.72898],[120.94468,14.72898]]],[[[120.94439,14.72952],[120.94412,14.72925],[120.94412,14.72952],[120.94439,14.72952]]],[[[120.943,14.72978],[120.94272,14.73005],[120.943,14.73005],[120.943,14.72978]]],[[[120.94244,14.73032],[120.94216,14.73004],[120.94216,14.73032],[120.94244,14.73032]]],[[[120.94327,14.73005],[120.94299,14.73032],[120.94327,14.73033],[120.94327,14.73005]]],[[[120.94187,14.7314],[120.94159,14.73112],[120.94159,14.73139],[120.94187,14.7314]]],[[[120.94354,14.73141],[120.94326,14.73114],[120.94326,14.73141],[120.94354,14.73141]]],[[[120.93379,14.73133],[120.93435,14.7316],[120.93435,14.73133],[120.93379,14.73133]]],[[[120.9427,14.73168],[120.94243,14.73113],[120.94242,14.73167],[120.9427,14.73168]]],[[[120.93571,14.7346],[120.93554,14.73432],[120.93571,14.73482],[120.93571,14.7346]]],[[[120.94154,14.73627],[120.94126,14.73654],[120.94154,14.73655],[120.94154,14.73627]]],[[[120.92707,14.7356],[120.92702,14.73608],[120.92774,14.73589],[120.93407,14.73315],[120.93491,14.73328],[120.93599,14.73433],[120.93572,14.73487],[120.93653,14.73677],[120.93764,14.73699],[120.93653,14.73623],[120.93655,14.73406],[120.93711,14.73407],[120.93681,14.73596],[120.93736,14.73651],[120.93931,14.73707],[120.94099,14.73654],[120.94127,14.736],[120.93877,14.73544],[120.93822,14.73462],[120.93933,14.73463],[120.93878,14.73408],[120.93934,14.73409],[120.93936,14.73165],[120.93992,14.73165],[120.94021,14.72976],[120.94078,14.72922],[120.94272,14.72978],[120.94246,14.72788],[120.9419,14.72787],[120.94191,14.72733],[120.94248,14.72598],[120.94387,14.72599],[120.94387,14.72545],[120.94304,14.7249],[120.94362,14.72274],[120.94557,14.72248],[120.94586,14.72194],[120.94725,14.72196],[120.94724,14.72277],[120.94863,14.72332],[120.94752,14.72331],[120.94751,14.72413],[120.94945,14.72469],[120.94946,14.72387],[120.9489,14.72387],[120.94919,14.72279],[120.94864,14.72251],[120.94864,14.72197],[120.94809,14.72196],[120.94837,14.72115],[120.94892,14.72224],[120.9492,14.7217],[120.95032,14.72171],[120.95032,14.72117],[120.94977,14.72089],[120.9506,14.72063],[120.95061,14.72009],[120.94978,14.71954],[120.95007,14.71846],[120.94839,14.71871],[120.94813,14.71736],[120.94815,14.71492],[120.94872,14.7133],[120.94956,14.71276],[120.95041,14.71114],[120.95043,14.70951],[120.94932,14.70896],[120.94988,14.70897],[120.94988,14.70843],[120.95128,14.70844],[120.95128,14.70762],[120.95073,14.70762],[120.95018,14.7068],[120.95075,14.70545],[120.95131,14.70491],[120.9527,14.70547],[120.95243,14.70384],[120.95188,14.70383],[120.95188,14.70329],[120.95299,14.7033],[120.953,14.70276],[120.95189,14.70248],[120.95162,14.70166],[120.95274,14.70086],[120.95303,14.69924],[120.95582,14.69899],[120.95666,14.69818],[120.95639,14.69764],[120.95695,14.6971],[120.95726,14.69439],[120.95866,14.69305],[120.95841,14.69007],[120.95897,14.68953],[120.95981,14.68954],[120.95985,14.68439],[120.95902,14.68438],[120.95818,14.68518],[120.95734,14.68518],[120.95679,14.68463],[120.9565,14.68571],[120.95456,14.68461],[120.95344,14.68569],[120.95275,14.68518],[120.95257,14.68446],[120.95317,14.68406],[120.95262,14.68351],[120.95038,14.68457],[120.95066,14.68485],[120.95118,14.68431],[120.95136,14.68499],[120.95206,14.68427],[120.95181,14.68545],[120.95079,14.68616],[120.95115,14.68707],[120.9541,14.68899],[120.95536,14.68841],[120.95536,14.68891],[120.95485,14.68882],[120.95521,14.68963],[120.95614,14.68964],[120.95624,14.68901],[120.95703,14.68897],[120.95758,14.68979],[120.95728,14.69223],[120.95811,14.69277],[120.95755,14.69304],[120.95754,14.69358],[120.95643,14.69357],[120.95614,14.69411],[120.9564,14.69683],[120.95528,14.69682],[120.955,14.69736],[120.95444,14.69735],[120.95416,14.69816],[120.9522,14.69842],[120.95067,14.6984],[120.95054,14.69786],[120.94998,14.69813],[120.94999,14.69726],[120.94951,14.69856],[120.94884,14.69893],[120.9489,14.6997],[120.94927,14.69979],[120.94946,14.69925],[120.94945,14.69961],[120.95024,14.69975],[120.95051,14.70057],[120.95134,14.70112],[120.95133,14.70302],[120.94937,14.70327],[120.94853,14.70408],[120.94852,14.7057],[120.94741,14.70515],[120.94687,14.70352],[120.94533,14.70337],[120.94286,14.70621],[120.94289,14.70701],[120.94252,14.70673],[120.94148,14.70813],[120.94176,14.70831],[120.9413,14.70827],[120.93975,14.71028],[120.94082,14.70966],[120.94151,14.70998],[120.94129,14.70939],[120.94222,14.70849],[120.94236,14.7089],[120.9418,14.70917],[120.94206,14.7108],[120.94067,14.71105],[120.94096,14.70997],[120.93953,14.7105],[120.93571,14.71487],[120.93502,14.7174],[120.9356,14.71724],[120.93559,14.71779],[120.93504,14.71751],[120.93222,14.72113],[120.93249,14.72183],[120.93332,14.7221],[120.93331,14.72319],[120.93275,14.72318],[120.93276,14.72264],[120.93165,14.72188],[120.93124,14.72241],[120.93084,14.72208],[120.92938,14.72431],[120.93058,14.72495],[120.92819,14.72933],[120.92922,14.72916],[120.92856,14.72934],[120.92874,14.73024],[120.92819,14.73015],[120.92838,14.7297],[120.92819,14.72951],[120.92769,14.7305],[120.92837,14.73042],[120.9277,14.73258],[120.92732,14.73294],[120.92575,14.73274],[120.92592,14.734],[120.92584,14.73284],[120.92639,14.7332],[120.92629,14.73401],[120.92667,14.7332],[120.92732,14.73339],[120.92695,14.73357],[120.92712,14.73529],[120.92654,14.73555],[120.92707,14.7356]]],[[[120.92876,14.73291],[120.92848,14.73345],[120.92792,14.73317],[120.92821,14.73263],[120.92876,14.73291]]],[[[120.92932,14.73291],[120.92905,14.73237],[120.92933,14.73237],[120.92932,14.73291]]],[[[120.93268,14.73132],[120.93434,14.73187],[120.93434,14.73269],[120.93462,14.73215],[120.93546,14.73215],[120.93462,14.73187],[120.93463,14.73079],[120.93268,14.73132]]],[[[120.9324,14.73131],[120.93268,14.73104],[120.9324,14.73104],[120.9324,14.73131]]],[[[120.93601,14.73243],[120.93574,14.73188],[120.93601,14.73189],[120.93601,14.73243]]],[[[120.92763,14.73479],[120.92758,14.73502],[120.92735,14.73479],[120.92763,14.73479]]],[[[120.92934,14.73074],[120.92907,14.72993],[120.92963,14.72993],[120.92934,14.73074]]],[[[120.93826,14.73055],[120.93798,14.73028],[120.93826,14.73028],[120.93826,14.73055]]],[[[120.93241,14.72996],[120.93269,14.73023],[120.93269,14.72996],[120.93241,14.72996]]],[[[120.93241,14.7305],[120.93185,14.73022],[120.93185,14.73049],[120.93241,14.7305]]],[[[120.93269,14.72969],[120.93297,14.72996],[120.93297,14.72969],[120.93269,14.72969]]],[[[120.9299,14.73021],[120.93018,14.73048],[120.9299,14.73048],[120.9299,14.73021]]],[[[120.93519,14.73025],[120.93492,14.72998],[120.9352,14.72998],[120.93519,14.73025]]],[[[120.9338,14.72997],[120.93353,14.7297],[120.93381,14.7297],[120.9338,14.72997]]],[[[120.93437,14.72916],[120.93409,14.72943],[120.93409,14.72916],[120.93437,14.72916]]],[[[120.93606,14.72755],[120.93578,14.72728],[120.93606,14.72728],[120.93606,14.72755]]],[[[120.93411,14.72726],[120.93438,14.72754],[120.93411,14.72753],[120.93411,14.72726]]],[[[120.93495,14.727],[120.93467,14.72727],[120.93494,14.72727],[120.93495,14.727]]],[[[120.93411,14.72699],[120.93467,14.72672],[120.93411,14.72672],[120.93411,14.72699]]],[[[120.93495,14.72619],[120.93468,14.72591],[120.93496,14.72591],[120.93495,14.72619]]],[[[120.93774,14.72594],[120.93747,14.72539],[120.93859,14.72513],[120.93858,14.72595],[120.93774,14.72594]]],[[[120.93022,14.72587],[120.9305,14.72615],[120.93022,14.72614],[120.93022,14.72587]]],[[[120.93108,14.72344],[120.93109,14.72263],[120.93164,14.72344],[120.93108,14.72344]]],[[[120.93833,14.72242],[120.93806,14.72215],[120.93833,14.72215],[120.93833,14.72242]]],[[[120.93862,14.72188],[120.93834,14.72161],[120.93862,14.72161],[120.93862,14.72188]]],[[[120.94002,14.72081],[120.94029,14.72108],[120.9403,14.72081],[120.94002,14.72081]]],[[[120.94002,14.72108],[120.93946,14.72135],[120.93945,14.72162],[120.94001,14.72162],[120.94002,14.72108]]],[[[120.9403,14.72054],[120.94058,14.72081],[120.94058,14.72054],[120.9403,14.72054]]],[[[120.93835,14.72106],[120.9389,14.72134],[120.93834,14.72134],[120.93835,14.72106]]],[[[120.93695,14.72105],[120.93722,14.72187],[120.93694,14.72187],[120.93695,14.72105]]],[[[120.93528,14.72158],[120.93444,14.72184],[120.93416,14.7213],[120.93472,14.72103],[120.93528,14.72158]]],[[[120.93724,14.72051],[120.93751,14.72079],[120.93723,14.72078],[120.93724,14.72051]]],[[[120.93584,14.7205],[120.93557,14.71968],[120.93641,14.71969],[120.9364,14.72051],[120.93584,14.7205]]],[[[120.9495,14.72008],[120.94894,14.7198],[120.9495,14.71954],[120.9495,14.72008]]],[[[120.93697,14.71943],[120.93724,14.7197],[120.93697,14.7197],[120.93697,14.71943]]],[[[120.93808,14.71944],[120.93781,14.71916],[120.93808,14.71916],[120.93808,14.71944]]],[[[120.9339,14.71994],[120.93362,14.72048],[120.93334,14.71994],[120.9339,14.71994]]],[[[120.93893,14.71863],[120.93865,14.71836],[120.93893,14.71836],[120.93893,14.71863]]],[[[120.93726,14.71834],[120.93753,14.71862],[120.93725,14.71862],[120.93726,14.71834]]],[[[120.94062,14.71648],[120.94006,14.7162],[120.94062,14.71621],[120.94062,14.71648]]],[[[120.94008,14.71376],[120.93981,14.71349],[120.94009,14.71349],[120.94008,14.71376]]],[[[120.94344,14.71243],[120.94345,14.71135],[120.94429,14.71136],[120.94483,14.71245],[120.94344,14.71243]]],[[[120.94959,14.71005],[120.94903,14.70977],[120.94959,14.70978],[120.94959,14.71005]]],[[[120.94458,14.70973],[120.94374,14.71],[120.94375,14.70891],[120.94458,14.70919],[120.94458,14.70973]]],[[[120.94598,14.7092],[120.94626,14.70866],[120.94682,14.70867],[120.94681,14.70921],[120.94598,14.7092]]],[[[120.94148,14.70849],[120.94157,14.70858],[120.94148,14.70858],[120.94148,14.70849]]],[[[120.94139,14.70876],[120.94166,14.70903],[120.9412,14.70903],[120.94139,14.70876]]],[[[120.94325,14.70755],[120.94345,14.70634],[120.94308,14.7062],[120.9435,14.7062],[120.94349,14.70674],[120.94461,14.70675],[120.94488,14.70757],[120.94432,14.70783],[120.94325,14.70755]]],[[[120.94683,14.70677],[120.94656,14.7065],[120.94684,14.7065],[120.94683,14.70677]]],[[[120.94461,14.70594],[120.94434,14.70567],[120.94462,14.70567],[120.94461,14.70594]]],[[[120.94545,14.70568],[120.94546,14.70513],[120.94629,14.70541],[120.94629,14.70568],[120.94545,14.70568]]],[[[120.94547,14.70405],[120.94574,14.70432],[120.94575,14.70405],[120.94547,14.70405]]],[[[120.94547,14.70432],[120.94491,14.70432],[120.94462,14.70485],[120.94546,14.70486],[120.94547,14.70432]]],[[[120.9463,14.70433],[120.94602,14.70419],[120.9463,14.70406],[120.9463,14.70433]]],[[[120.9548,14.68836],[120.95476,14.68827],[120.95481,14.68827],[120.9548,14.68836]]],[[[120.95427,14.68596],[120.95456,14.68515],[120.95539,14.68543],[120.95538,14.68597],[120.95427,14.68596]]],[[[120.95265,14.685],[120.95256,14.68509],[120.95265,14.68509],[120.95265,14.685]]],[[[120.95247,14.685],[120.95256,14.68491],[120.95247,14.68491],[120.95247,14.685]]],[[[120.95155,14.68427],[120.95164,14.68436],[120.95155,14.68436],[120.95155,14.68427]]],[[[120.93819,14.73706],[120.93795,14.73706],[120.93819,14.73711],[120.93819,14.73706]]]]}},{"type":"Feature","properties":{"hazard":"storm-surge","level":"high","advisory":"SSA2"},"geometry":{"type":"MultiPolygon","coordinates":[[[[120.96762,14.47007],[120.9681,14.46958],[120.9675,14.47008],[120.96762,14.47007]]],[[[120.97046,14.47423],[120.97044,14.47402],[120.97039,14.47436],[120.97046,14.47423]]],[[[120.97656,14.47637],[120.97638,14.47646],[120.97656,14.47656],[120.97656,14.47637]]],[[[120.97155,14.4766],[120.9715,14.4766],[120.97155,14.47669],[120.97155,14.4766]]],[[[120.97721,14.47674],[120.97758,14.47629],[120.97666,14.47592],[120.97665,14.47647],[120.97721,14.47674]]],[[[120.97507,14.4769],[120.97416,14.47518],[120.97444,14.47464],[120.97212,14.4757],[120.97201,14.4767],[120.97155,14.47669],[120.97211,14.4769],[120.97229,14.47652],[120.97387,14.47671],[120.97581,14.47736],[120.97507,14.4769]]],[[[120.97608,14.47782],[120.97683,14.47746],[120.97637,14.4771],[120.97608,14.47782]]],[[[120.97812,14.47883],[120.97691,14.47846],[120.9782,14.47928],[120.97812,14.47883]]],[[[120.97749,14.48199],[120.97726,14.48135],[120.97367,14.47816],[120.97238,14.47715],[120.97248,14.47785],[120.97175,14.47798],[120.97128,14.47696],[120.97141,14.47788],[120.97201,14.47819],[120.97346,14.47825],[120.97749,14.48199]]],[[[120.98449,14.49144],[120.98422,14.49153],[120.98449,14.49153],[120.98449,14.49144]]],[[[120.98213,14.49162],[120.98255,14.49152],[120.98208,14.49151],[120.98237,14.4907],[120.98155,14.48898],[120.98165,14.48789],[120.97777,14.48199],[120.97827,14.48352],[120.97963,14.4849],[120.98018,14.48667],[120.98133,14.48792],[120.98198,14.49142],[120.98213,14.49162]]],[[[120.98236,14.49179],[120.98245,14.4917],[120.98232,14.49179],[120.98236,14.49179]]],[[[120.98226,14.49188],[120.98226,14.49183],[120.98219,14.49188],[120.98226,14.49188]]],[[[120.98578,14.49236],[120.98571,14.49236],[120.98578,14.49244],[120.98578,14.49236]]],[[[120.98597,14.49254],[120.98579,14.49245],[120.98597,14.49268],[120.98597,14.49254]]],[[[120.97567,14.4927],[120.97561,14.49234],[120.97562,14.4927],[120.97567,14.4927]]],[[[120.98606,14.49272],[120.986,14.49272],[120.98606,14.49278],[120.98606,14.49272]]],[[[120.98615,14.4929],[120.98608,14.49281],[120.98615,14.49293],[120.98615,14.4929]]],[[[120.97669,14.49246],[120.98012,14.49294],[120.97994,14.49276],[120.98068,14.49286],[120.98133,14.49242],[120.98057,14.49277],[120.97911,14.49223],[120.97886,14.4919],[120.97928,14.49133],[120.97887,14.49105],[120.97922,14.49058],[120.97825,14.49113],[120.97811,14.49095],[120.97906,14.49031],[120.97894,14.48947],[120.97867,14.49028],[120.97827,14.49004],[120.97881,14.48901],[120.97815,14.48933],[120.97771,14.48865],[120.97835,14.48832],[120.97859,14.48873],[120.97855,14.48826],[120.97799,14.48833],[120.97613,14.4867],[120.97597,14.4861],[120.97551,14.48555],[120.97485,14.48549],[120.97458,14.48462],[120.9725,14.4822],[120.9725,14.48167],[120.97202,14.4814],[120.97326,14.48484],[120.97389,14.48476],[120.97471,14.48585],[120.97546,14.48558],[120.97592,14.48622],[120.97563,14.48694],[120.97664,14.4883],[120.97626,14.48966],[120.97561,14.4892],[120.97672,14.49096],[120.97669,14.49246]]],[[[120.97744,14.49156],[120.97735,14.49165],[120.97744,14.49165],[120.97744,14.49156]]],[[[120.97726,14.49156],[120.97735,14.49147],[120.97726,14.49147],[120.97726,14.49156]]],[[[120.97763,14.49175],[120.97744,14.49183],[120.97763,14.49193],[120.97763,14.49175]]],[[[120.98031,14.49294],[120.98013,14.49294],[120.98031,14.49302],[120.98031,14.49294]]],[[[120.98624,14.49299],[120.98618,14.49299],[120.98624,14.49308],[120.98624,14.49299]]],[[[120.98643,14.49318],[120.98624,14.49309],[120.98642,14.49332],[120.98643,14.49318]]],[[[120.98652,14.49345],[120.98645,14.49336],[120.98652,14.49349],[120.98652,14.49345]]],[[[120.9867,14.49363],[120.98654,14.49354],[120.9867,14.49379],[120.9867,14.49363]]],[[[120.98679,14.4939],[120.98671,14.49381],[120.98679,14.49394],[120.98679,14.4939]]],[[[120.98697,14.49409],[120.98682,14.49399],[120.98697,14.49424],[120.98697,14.49409]]],[[[120.98706,14.49436],[120.98698,14.49427],[120.98706,14.49442],[120.98706,14.49436]]],[[[120.9871,14.49462],[120.98716,14.49454],[120.98712,14.49454],[120.9871,14.49462]]],[[[120.98725,14.49472],[120.9872,14.49472],[120.98725,14.4948],[120.98725,14.49472]]],[[[120.99392,14.49496],[120.99402,14.49487],[120.99392,14.49487],[120.99392,14.49496]]],[[[120.98734,14.4949],[120.98729,14.4949],[120.98734,14.49498],[120.98734,14.4949]]],[[[120.9943,14.4946],[120.9942,14.49505],[120.99429,14.49496],[120.9943,14.4946]]],[[[120.98743,14.49508],[120.98735,14.49499],[120.98743,14.49518],[120.98743,14.49508]]],[[[120.98752,14.49536],[120.98747,14.49526],[120.98752,14.49543],[120.98752,14.49536]]],[[[120.98752,14.49562],[120.9877,14.49563],[120.98753,14.49545],[120.98752,14.49562]]],[[[120.98806,14.49681],[120.98788,14.49608],[120.98779,14.49608],[120.98779,14.4959],[120.9877,14.4959],[120.98806,14.49681]]],[[[120.98799,14.49719],[120.98815,14.4972],[120.98815,14.49699],[120.98799,14.49719]]],[[[120.99724,14.49716],[120.9978,14.49662],[120.99725,14.4967],[120.99697,14.49616],[120.99511,14.49678],[120.99576,14.49723],[120.99724,14.49716]]],[[[120.99613,14.4976],[120.99603,14.49769],[120.99612,14.49769],[120.99613,14.4976]]],[[[120.99696,14.49751],[120.9977,14.49743],[120.99771,14.49725],[120.99696,14.49751]]],[[[120.98193,14.49811],[120.98185,14.49802],[120.98193,14.49828],[120.98193,14.49811]]],[[[120.98276,14.49839],[120.98258,14.4983],[120.98258,14.49839],[120.98276,14.49839]]],[[[120.98202,14.49856],[120.98195,14.49838],[120.98202,14.49869],[120.98202,14.49856]]],[[[120.98211,14.49892],[120.98206,14.49883],[120.98211,14.49906],[120.98211,14.49892]]],[[[120.9822,14.49938],[120.98214,14.49929],[120.98215,14.49938],[120.9822,14.49938]]],[[[120.98887,14.50025],[120.98833,14.49753],[120.98815,14.49725],[120.98887,14.50025]]],[[[120.98847,14.50295],[120.98846,14.50293],[120.98831,14.50295],[120.98847,14.50295]]],[[[120.98136,14.49241],[120.98077,14.49318],[120.98138,14.49401],[120.98184,14.49796],[120.9836,14.49839],[120.98368,14.49939],[120.98451,14.50039],[120.98394,14.50111],[120.98349,14.49993],[120.98216,14.49956],[120.98175,14.50197],[120.9828,14.50204],[120.98483,14.50332],[120.98538,14.50277],[120.98783,14.50221],[120.98807,14.50185],[120.98738,14.50157],[120.98746,14.50065],[120.98573,14.4999],[120.98543,14.49893],[120.98422,14.49787],[120.98482,14.49746],[120.984,14.49762],[120.98354,14.49673],[120.98479,14.49678],[120.98479,14.49634],[120.98323,14.49614],[120.98327,14.49663],[120.98279,14.49659],[120.98117,14.49291],[120.98285,14.49175],[120.98451,14.49183],[120.98569,14.49233],[120.98569,14.49218],[120.98523,14.49172],[120.98292,14.49161],[120.98264,14.49188],[120.98217,14.49188],[120.98136,14.49241]]],[[[120.9818,14.49214],[120.98189,14.49223],[120.98189,14.49214],[120.9818,14.49214]]],[[[120.9818,14.49232],[120.9817,14.49223],[120.9817,14.49232],[120.9818,14.49232]]],[[[120.98184,14.49748],[120.98193,14.49784],[120.98184,14.49784],[120.98184,14.49748]]],[[[120.98267,14.49784],[120.98277,14.49803],[120.98267,14.49802],[120.98267,14.49784]]],[[[120.98661,14.50348],[120.98658,14.50345],[120.98654,14.50348],[120.98661,14.50348]]],[[[120.98605,14.50366],[120.98615,14.50358],[120.98589,14.50366],[120.98605,14.50366]]],[[[120.98577,14.50374],[120.98587,14.50366],[120.98567,14.50374],[120.98577,14.50374]]],[[[120.9854,14.50383],[120.9855,14.50379],[120.98532,14.50383],[120.9854,14.50383]]],[[[120.98512,14.50392],[120.98512,14.50388],[120.98505,14.50392],[120.98512,14.50392]]],[[[120.98438,14.50418],[120.98447,14.50411],[120.98423,14.50418],[120.98438,14.50418]]],[[[120.98419,14.50427],[120.98419,14.50419],[120.98411,14.50427],[120.98419,14.50427]]],[[[120.98382,14.50436],[120.98402,14.50426],[120.98373,14.50436],[120.98382,14.50436]]],[[[120.98354,14.50445],[120.98363,14.5044],[120.98347,14.50445],[120.98354,14.50445]]],[[[120.98326,14.50454],[120.98334,14.50446],[120.9831,14.50453],[120.98326,14.50454]]],[[[120.98066,14.50533],[120.98075,14.50527],[120.98061,14.50533],[120.98066,14.50533]]],[[[120.97656,14.50719],[120.97638,14.5071],[120.97637,14.50719],[120.97656,14.50719]]],[[[120.99603,14.4976],[120.99381,14.49758],[120.99354,14.4964],[120.99334,14.49785],[120.99396,14.50074],[120.9933,14.50182],[120.9895,14.50197],[120.98876,14.50034],[120.98892,14.50162],[120.98971,14.5026],[120.99275,14.50209],[120.99358,14.50255],[120.99511,14.50726],[120.99377,14.5021],[120.99433,14.50129],[120.99398,14.49866],[120.99436,14.49776],[120.99603,14.4976]]],[[[120.99529,14.50771],[120.9952,14.50744],[120.9952,14.50771],[120.99529,14.50771]]],[[[120.99547,14.50853],[120.99538,14.50816],[120.99538,14.50853],[120.99547,14.50853]]],[[[120.99565,14.50889],[120.99556,14.50925],[120.99574,14.51007],[120.99619,14.51106],[120.99565,14.50889]]],[[[120.97852,14.51588],[120.97848,14.51588],[120.97852,14.51597],[120.97852,14.51588]]],[[[120.97871,14.51579],[120.97945,14.51562],[120.97862,14.5148],[120.97871,14.51579]]],[[[120.97861,14.51606],[120.97857,14.51606],[120.97861,14.51614],[120.97861,14.51606]]],[[[120.97898,14.51661],[120.97917,14.51643],[120.97877,14.51652],[120.97898,14.51661]]],[[[120.9793,14.51869],[120.97998,14.51882],[120.97998,14.51879],[120.9793,14.51869]]],[[[120.9806,14.51888],[120.9822,14.51908],[120.9823,14.51881],[120.9806,14.51888]]],[[[120.9796,14.51923],[120.97988,14.51916],[120.97961,14.51917],[120.9796,14.51923]]],[[[120.99036,14.51969],[120.98629,14.51857],[120.98239,14.5189],[120.98601,14.51884],[120.99036,14.51969]]],[[[120.99055,14.51969],[120.99036,14.51978],[120.99055,14.51978],[120.99055,14.51969]]],[[[120.9924,14.52007],[120.99092,14.51996],[120.99249,14.52025],[120.9924,14.52007]]],[[[120.99314,14.52034],[120.99305,14.52025],[120.99305,14.52034],[120.99314,14.52034]]],[[[120.97958,14.5224],[120.97948,14.52231],[120.97948,14.5224],[120.97958,14.5224]]],[[[120.98244,14.52351],[120.98245,14.5226],[120.98022,14.52267],[120.97985,14.52321],[120.98244,14.52351]]],[[[120.9803,14.52448],[120.98002,14.52457],[120.9803,14.52457],[120.9803,14.52448]]],[[[120.9816,14.52476],[120.9815,14.52467],[120.9815,14.52476],[120.9816,14.52476]]],[[[120.98057,14.52503],[120.98076,14.52485],[120.98048,14.52484],[120.98057,14.52503]]],[[[120.98029,14.52557],[120.9802,14.52547],[120.9802,14.52557],[120.98029,14.52557]]],[[[120.97973,14.5261],[120.98011,14.52538],[120.98002,14.52466],[120.97956,14.52448],[120.97973,14.5261]]],[[[120.97972,14.52701],[120.97963,14.52683],[120.97963,14.52701],[120.97972,14.52701]]],[[[120.981,14.52864],[120.98063,14.52882],[120.981,14.52883],[120.981,14.52864]]],[[[120.97989,14.52891],[120.98026,14.529],[120.98017,14.52882],[120.97989,14.52891]]],[[[120.98025,14.52936],[120.98016,14.52927],[120.98016,14.52936],[120.98025,14.52936]]],[[[120.98804,14.53024],[120.98795,14.53006],[120.98795,14.53024],[120.98804,14.53024]]],[[[120.97931,14.53071],[120.97922,14.53053],[120.97922,14.53071],[120.97931,14.53071]]],[[[120.99286,14.53101],[120.98952,14.53089],[120.98924,14.53061],[120.97912,14.52953],[120.98015,14.52966],[120.98034,14.53018],[120.99294,14.53173],[120.99286,14.53101]]],[[[120.99285,14.53209],[120.99276,14.53182],[120.99275,14.53209],[120.99285,14.53209]]],[[[120.9793,14.53215],[120.97914,14.53007],[120.97982,14.53008],[120.97913,14.52999],[120.97907,14.53188],[120.9793,14.53215]]],[[[120.99284,14.53245],[120.99275,14.53227],[120.99275,14.53245],[120.99284,14.53245]]],[[[120.97958,14.53252],[120.97948,14.53243],[120.97948,14.53252],[120.97958,14.53252]]],[[[120.99274,14.53344],[120.99265,14.53281],[120.99265,14.53344],[120.99274,14.53344]]],[[[120.99264,14.53426],[120.99255,14.53371],[120.99255,14.53426],[120.99264,14.53426]]],[[[120.99254,14.53516],[120.99245,14.53462],[120.99245,14.53516],[120.99254,14.53516]]],[[[120.99244,14.53597],[120.99235,14.53534],[120.99235,14.53597],[120.99244,14.53597]]],[[[120.99224,14.53796],[120.99215,14.5376],[120.99214,14.53796],[120.99224,14.53796]]],[[[120.98264,14.54267],[120.98246,14.54266],[120.98264,14.54269],[120.98264,14.54267]]],[[[120.98273,14.54303],[120.98292,14.54285],[120.9828,14.54276],[120.98273,14.54303]]],[[[120.98273,14.54321],[120.98273,14.54305],[120.98269,14.54321],[120.98273,14.54321]]],[[[120.98187,14.54399],[120.98205,14.54357],[120.98202,14.54351],[120.98187,14.54399]]],[[[120.98188,14.54474],[120.98182,14.54419],[120.98166,14.54483],[120.98188,14.54474]]],[[[120.98291,14.54294],[120.98309,14.54393],[120.98244,14.54372],[120.98192,14.5442],[120.98578,14.54423],[120.99059,14.54535],[120.99115,14.54491],[120.99023,14.54436],[120.98291,14.54294]]],[[[120.98456,14.54539],[120.98485,14.54476],[120.98429,14.54467],[120.98429,14.54521],[120.98456,14.54539]]],[[[120.984,14.54548],[120.98382,14.5453],[120.98382,14.54548],[120.984,14.54548]]],[[[120.9789,14.55619],[120.9788,14.55619],[120.9789,14.55624],[120.9789,14.55619]]],[[[120.97936,14.55646],[120.97929,14.55646],[120.97936,14.5565],[120.97936,14.55646]]],[[[120.97954,14.55656],[120.97946,14.55655],[120.97954,14.5566],[120.97954,14.55656]]],[[[120.97973,14.55665],[120.97963,14.55665],[120.97973,14.5567],[120.97973,14.55665]]],[[[120.97991,14.55674],[120.97979,14.55674],[120.97991,14.55683],[120.97991,14.55674]]],[[[120.98001,14.55683],[120.97992,14.55683],[120.98,14.55687],[120.98001,14.55683]]],[[[120.98028,14.55692],[120.98013,14.55692],[120.98028,14.557],[120.98028,14.55692]]],[[[120.98037,14.55701],[120.98031,14.55701],[120.98037,14.55705],[120.98037,14.55701]]],[[[120.98065,14.55711],[120.98047,14.55711],[120.98074,14.55725],[120.98065,14.55711]]],[[[120.98093,14.55729],[120.98081,14.55729],[120.98093,14.55736],[120.98093,14.55729]]],[[[120.98157,14.55766],[120.98151,14.55766],[120.98157,14.55771],[120.98157,14.55766]]],[[[120.98222,14.55802],[120.98215,14.55802],[120.98222,14.55806],[120.98222,14.55802]]],[[[120.98259,14.55821],[120.98249,14.55821],[120.98259,14.55827],[120.98259,14.55821]]],[[[120.97936,14.55828],[120.9785,14.55731],[120.97854,14.55619],[120.97848,14.55743],[120.97893,14.55801],[120.97936,14.55828]]],[[[120.98278,14.5583],[120.98265,14.5583],[120.98277,14.55837],[120.98278,14.5583]]],[[[120.98324,14.55848],[120.98298,14.55848],[120.98342,14.55872],[120.98324,14.55848]]],[[[120.98361,14.55876],[120.98349,14.55876],[120.98361,14.55882],[120.98361,14.55876]]],[[[120.9819,14.55893],[120.98228,14.55812],[120.9818,14.55892],[120.9819,14.55893]]],[[[120.98425,14.55913],[120.98415,14.55913],[120.98425,14.55918],[120.98425,14.55913]]],[[[120.98156,14.55937],[120.98156,14.55931],[120.98152,14.55937],[120.98156,14.55937]]],[[[120.9849,14.55949],[120.98483,14.55949],[120.9849,14.55953],[120.9849,14.55949]]],[[[120.98146,14.55955],[120.98147,14.55946],[120.98141,14.55955],[120.98146,14.55955]]],[[[120.98842,14.55943],[120.98815,14.55952],[120.98842,14.55961],[120.98842,14.55943]]],[[[120.98508,14.55959],[120.98499,14.55958],[120.98508,14.55964],[120.98508,14.55959]]],[[[120.98527,14.55968],[120.98516,14.55968],[120.98527,14.55973],[120.98527,14.55968]]],[[[120.98573,14.56],[120.98564,14.55986],[120.98542,14.55986],[120.98573,14.56]]],[[[120.9809,14.56054],[120.9809,14.56047],[120.98086,14.56054],[120.9809,14.56054]]],[[[120.98563,14.56086],[120.98591,14.56013],[120.98571,14.56055],[120.98511,14.56027],[120.98563,14.56086]]],[[[120.98553,14.56103],[120.98553,14.56093],[120.98549,14.56103],[120.98553,14.56103]]],[[[120.98052,14.56117],[120.98052,14.56111],[120.98048,14.56117],[120.98052,14.56117]]],[[[120.98043,14.56135],[120.98043,14.56129],[120.9804,14.56135],[120.98043,14.56135]]],[[[120.98523,14.56176],[120.98544,14.56109],[120.98507,14.56164],[120.98464,14.56145],[120.98523,14.56176]]],[[[120.98008,14.56219],[120.98005,14.56216],[120.98005,14.56223],[120.98008,14.56219]]],[[[120.98552,14.56248],[120.98363,14.56114],[120.98272,14.56176],[120.98302,14.56218],[120.98388,14.56145],[120.98552,14.56248]]],[[[120.98543,14.56257],[120.98543,14.56249],[120.98539,14.56257],[120.98543,14.56257]]],[[[120.99424,14.56247],[120.99452,14.56265],[120.99452,14.56238],[120.99424,14.56247]]],[[[120.98533,14.56284],[120.98525,14.56274],[120.98525,14.56284],[120.98533,14.56284]]],[[[120.97996,14.56292],[120.97995,14.56297],[120.97999,14.56298],[120.97996,14.56292]]],[[[120.98514,14.56329],[120.98514,14.56315],[120.98508,14.56329],[120.98514,14.56329]]],[[[120.98016,14.56329],[120.98013,14.56334],[120.9802,14.56334],[120.98016,14.56329]]],[[[120.98505,14.56347],[120.98505,14.56336],[120.985,14.56347],[120.98505,14.56347]]],[[[120.98025,14.56345],[120.98022,14.56352],[120.98026,14.56352],[120.98025,14.56345]]],[[[120.98495,14.56374],[120.98495,14.56357],[120.98487,14.56374],[120.98495,14.56374]]],[[[120.98792,14.56368],[120.98755,14.56376],[120.98792,14.56377],[120.98792,14.56368]]],[[[120.98486,14.56392],[120.98486,14.56375],[120.98479,14.56392],[120.98486,14.56392]]],[[[120.9882,14.56377],[120.98801,14.56386],[120.9882,14.56395],[120.9882,14.56377]]],[[[120.98876,14.56377],[120.98848,14.56395],[120.98875,14.56395],[120.98876,14.56377]]],[[[120.98462,14.56428],[120.98476,14.5641],[120.98476,14.56398],[120.98462,14.56428]]],[[[120.98457,14.56455],[120.98458,14.56435],[120.98449,14.56455],[120.98457,14.56455]]],[[[120.98857,14.56404],[120.98829,14.56431],[120.98875,14.56459],[120.98857,14.56404]]],[[[120.98773,14.56467],[120.98829,14.5644],[120.98782,14.56422],[120.98773,14.56467]]],[[[120.98448,14.56473],[120.98448,14.56458],[120.98442,14.56473],[120.98448,14.56473]]],[[[120.98986,14.56442],[120.98967,14.56478],[120.99023,14.56478],[120.98986,14.56442]]],[[[120.99088,14.56479],[120.99042,14.56487],[120.99088,14.56488],[120.99088,14.56479]]],[[[120.98438,14.56491],[120.98439,14.56481],[120.98435,14.56491],[120.98438,14.56491]]],[[[120.98949,14.56459],[120.98893,14.56459],[120.98865,14.56486],[120.98893,14.56504],[120.98949,14.56459]]],[[[120.98429,14.56518],[120.98429,14.56505],[120.98424,14.56518],[120.98429,14.56518]]],[[[120.9842,14.56536],[120.9842,14.56528],[120.98416,14.56536],[120.9842,14.56536]]],[[[120.9841,14.56563],[120.9841,14.56551],[120.98405,14.56563],[120.9841,14.56563]]],[[[120.98401,14.56581],[120.98401,14.56573],[120.98397,14.56581],[120.98401,14.56581]]],[[[120.98647,14.56999],[120.98629,14.5699],[120.98629,14.56999],[120.98647,14.56999]]],[[[120.98619,14.57035],[120.98601,14.57008],[120.98601,14.57035],[120.98619,14.57035]]],[[[120.9859,14.57179],[120.98627,14.57207],[120.98627,14.57189],[120.9859,14.57179]]],[[[120.9858,14.57215],[120.98571,14.57206],[120.98571,14.57215],[120.9858,14.57215]]],[[[120.98682,14.57216],[120.98645,14.57216],[120.98682,14.57234],[120.98682,14.57216]]],[[[120.98087,14.57374],[120.98115,14.57383],[120.98115,14.57356],[120.98087,14.57374]]],[[[120.98068,14.57401],[120.98097,14.57338],[120.98097,14.5731],[120.9805,14.57373],[120.98068,14.57401]]],[[[120.98067,14.575],[120.98049,14.57491],[120.98049,14.575],[120.98067,14.575]]],[[[120.97975,14.57517],[120.98021,14.57527],[120.98021,14.57454],[120.97975,14.57517]]],[[[120.97807,14.5757],[120.97872,14.57562],[120.97872,14.57553],[120.97807,14.5757]]],[[[120.97926,14.57761],[120.97917,14.57743],[120.97917,14.57761],[120.97926,14.57761]]],[[[120.97666,14.57768],[120.97657,14.57758],[120.97657,14.57768],[120.97666,14.57768]]],[[[120.97425,14.57793],[120.97425,14.57786],[120.97421,14.57793],[120.97425,14.57793]]],[[[120.97749,14.57832],[120.97629,14.57731],[120.97676,14.57704],[120.97666,14.57759],[120.97805,14.57778],[120.97862,14.57679],[120.97769,14.5766],[120.97722,14.57723],[120.97711,14.57584],[120.97601,14.57774],[120.97702,14.57876],[120.97749,14.57832]]],[[[120.97255,14.58026],[120.97368,14.57864],[120.97303,14.5781],[120.9718,14.58023],[120.97255,14.58026]]],[[[120.96893,14.58086],[120.97,14.58069],[120.96887,14.57959],[120.96819,14.58026],[120.96893,14.58086]]],[[[120.97236,14.58125],[120.97236,14.58103],[120.97225,14.58125],[120.97236,14.58125]]],[[[120.98191,14.5817],[120.98173,14.58142],[120.98163,14.5817],[120.98191,14.5817]]],[[[120.96678,14.58207],[120.96707,14.58175],[120.96681,14.58105],[120.96627,14.58158],[120.96678,14.58207]]],[[[120.97189,14.58233],[120.97181,14.58233],[120.97189,14.58241],[120.97189,14.58233]]],[[[120.97198,14.58242],[120.9719,14.58242],[120.97198,14.5825],[120.97198,14.58242]]],[[[120.9742,14.58253],[120.97476,14.58209],[120.97384,14.58136],[120.97507,14.57938],[120.97618,14.57975],[120.97702,14.57949],[120.97665,14.57867],[120.97609,14.57885],[120.97619,14.5783],[120.97526,14.57866],[120.97471,14.57802],[120.97433,14.57838],[120.97415,14.57808],[120.97386,14.57928],[120.9733,14.57964],[120.97329,14.58054],[120.97367,14.58054],[120.97414,14.57937],[120.97433,14.57937],[120.97366,14.5809],[120.97282,14.58153],[120.97338,14.58144],[120.9742,14.58253]]],[[[120.97894,14.58258],[120.97856,14.58284],[120.97912,14.58294],[120.97894,14.58258]]],[[[120.98292,14.58297],[120.98302,14.58261],[120.98172,14.58197],[120.98181,14.5826],[120.98292,14.58297]]],[[[120.97782,14.58329],[120.97744,14.58338],[120.97781,14.58347],[120.97782,14.58329]]],[[[120.96941,14.58354],[120.96909,14.58324],[120.96942,14.58358],[120.96941,14.58354]]],[[[120.97289,14.58388],[120.9728,14.58361],[120.97261,14.58388],[120.97289,14.58388]]],[[[120.97475,14.58371],[120.97493,14.58381],[120.97494,14.58363],[120.97475,14.58371]]],[[[120.96666,14.58523],[120.96685,14.5841],[120.96558,14.58289],[120.9649,14.58353],[120.96666,14.58523]]],[[[120.9777,14.58591],[120.97761,14.58582],[120.97761,14.58591],[120.9777,14.58591]]],[[[120.97705,14.58599],[120.97723,14.5859],[120.97705,14.58581],[120.97705,14.58599]]],[[[120.98308,14.58605],[120.98336,14.58587],[120.98308,14.58586],[120.98308,14.58605]]],[[[120.97733,14.586],[120.97723,14.58609],[120.97733,14.58609],[120.97733,14.586]]],[[[120.98549,14.58634],[120.9853,14.58625],[120.9853,14.58634],[120.98549,14.58634]]],[[[120.97482,14.58652],[120.9751,14.58543],[120.97585,14.58508],[120.97622,14.58535],[120.97622,14.58499],[120.97752,14.58518],[120.97715,14.58464],[120.97762,14.58491],[120.97771,14.58464],[120.97595,14.58409],[120.97455,14.5857],[120.97482,14.58652]]],[[[120.97936,14.58674],[120.97964,14.58629],[120.97918,14.58628],[120.97936,14.58674]]],[[[120.97128,14.58721],[120.97119,14.58712],[120.97119,14.58721],[120.97128,14.58721]]],[[[120.96571,14.58749],[120.96693,14.58623],[120.96638,14.5868],[120.96228,14.58288],[120.96195,14.58323],[120.96364,14.58486],[120.96332,14.58519],[120.96571,14.58749]]],[[[120.96555,14.5877],[120.96571,14.58761],[120.96571,14.58753],[120.96555,14.5877]]],[[[120.96553,14.58779],[120.96553,14.58773],[120.96547,14.58779],[120.96553,14.58779]]],[[[120.99058,14.58783],[120.99059,14.58656],[120.9904,14.58737],[120.98789,14.58735],[120.99058,14.58783]]],[[[120.97388,14.58795],[120.97435,14.58733],[120.97407,14.58669],[120.9736,14.58723],[120.97388,14.58795]]],[[[120.96534,14.58806],[120.96534,14.58795],[120.96526,14.58806],[120.96534,14.58806]]],[[[120.98148,14.5882],[120.98139,14.58802],[120.98139,14.5882],[120.98148,14.5882]]],[[[120.98714,14.58807],[120.98733,14.58816],[120.98733,14.58798],[120.98714,14.58807]]],[[[120.98741,14.58888],[120.98751,14.58879],[120.98742,14.58879],[120.98741,14.58888]]],[[[120.97999,14.58891],[120.98027,14.58855],[120.9799,14.58855],[120.97999,14.58891]]],[[[120.97322,14.58894],[120.97331,14.58858],[120.97294,14.5884],[120.97285,14.58876],[120.97322,14.58894]]],[[[120.9876,14.58889],[120.98751,14.58898],[120.9876,14.58898],[120.9876,14.58889]]],[[[120.98101,14.58928],[120.98092,14.58919],[120.98092,14.58928],[120.98101,14.58928]]],[[[120.96801,14.58962],[120.96792,14.58953],[120.96792,14.58962],[120.96801,14.58962]]],[[[120.95797,14.5917],[120.95881,14.59135],[120.95798,14.59152],[120.95797,14.5917]]],[[[120.95992,14.59208],[120.95983,14.59199],[120.95983,14.59208],[120.95992,14.59208]]],[[[120.95916,14.59379],[120.95888,14.59388],[120.95916,14.59388],[120.95916,14.59379]]],[[[120.97094,14.59425],[120.97085,14.59416],[120.97085,14.59425],[120.97094,14.59425]]],[[[120.9676,14.59422],[120.96732,14.59431],[120.9676,14.59432],[120.9676,14.59422]]],[[[120.94399,14.59483],[120.94356,14.59479],[120.94356,14.59483],[120.94399,14.59483]]],[[[120.94481,14.59493],[120.94421,14.59485],[120.94421,14.59492],[120.94481,14.59493]]],[[[120.96667,14.59494],[120.96657,14.59485],[120.96657,14.59494],[120.96667,14.59494]]],[[[120.96093,14.59507],[120.96267,14.59507],[120.9628,14.59494],[120.96091,14.59498],[120.96055,14.59434],[120.96158,14.59309],[120.96128,14.58891],[120.95651,14.57961],[120.95904,14.58466],[120.95649,14.58731],[120.95534,14.58934],[120.95388,14.5903],[120.95386,14.59109],[120.95584,14.59292],[120.95869,14.59446],[120.95949,14.59434],[120.9597,14.59491],[120.96093,14.59507]]],[[[120.96008,14.59452],[120.9599,14.59443],[120.96008,14.59443],[120.96008,14.59452]]],[[[120.96046,14.59434],[120.9599,14.59407],[120.96046,14.59407],[120.96046,14.59434]]],[[[120.95686,14.59187],[120.95871,14.59189],[120.95871,14.5927],[120.95731,14.59296],[120.95861,14.59351],[120.95842,14.59396],[120.95981,14.59434],[120.95925,14.5937],[120.95963,14.59298],[120.9589,14.59243],[120.96048,14.59217],[120.9602,14.59199],[120.96067,14.59163],[120.95909,14.59162],[120.9602,14.59136],[120.95939,14.58918],[120.95827,14.58953],[120.95781,14.58917],[120.9581,14.58863],[120.95689,14.58862],[120.95689,14.58898],[120.95642,14.58871],[120.95558,14.58942],[120.95567,14.59051],[120.95686,14.59187]]],[[[120.95686,14.59196],[120.95677,14.59187],[120.95677,14.59196],[120.95686,14.59196]]],[[[120.95786,14.5936],[120.95796,14.59369],[120.95786,14.59369],[120.95786,14.5936]]],[[[120.95954,14.59271],[120.95926,14.59262],[120.95954,14.59262],[120.95954,14.59271]]],[[[120.95755,14.5879],[120.95745,14.58772],[120.95755,14.58772],[120.95755,14.5879]]],[[[120.98383,14.59509],[120.98374,14.595],[120.98374,14.59509],[120.98383,14.59509]]],[[[120.94611,14.59512],[120.9453,14.59496],[120.94495,14.59496],[120.94532,14.59511],[120.94611,14.59512]]],[[[120.96607,14.58924],[120.9669,14.58979],[120.96699,14.58952],[120.96626,14.58879],[120.96635,14.58861],[120.96755,14.58953],[120.967,14.58853],[120.96839,14.58881],[120.96906,14.58674],[120.97009,14.58593],[120.97102,14.58612],[120.97047,14.58521],[120.97186,14.58468],[120.97168,14.58414],[120.97252,14.58451],[120.97206,14.58378],[120.97271,14.58317],[120.97151,14.58278],[120.97151,14.5826],[120.97197,14.58279],[120.97209,14.58267],[120.97159,14.582],[120.96478,14.58857],[120.96225,14.58623],[120.96195,14.58656],[120.96403,14.58925],[120.96406,14.59011],[120.96483,14.5911],[120.96495,14.59201],[120.96298,14.5928],[120.96305,14.59382],[120.9629,14.59302],[120.96243,14.59293],[120.96281,14.59024],[120.96189,14.59052],[120.96176,14.5939],[120.96231,14.594],[120.96343,14.59374],[120.96268,14.59418],[120.96268,14.59454],[120.96319,14.59424],[120.96339,14.59511],[120.96546,14.5952],[120.96528,14.5942],[120.96389,14.59392],[120.9638,14.59374],[120.96473,14.59339],[120.96474,14.59221],[120.96502,14.59203],[120.9655,14.59077],[120.96523,14.59005],[120.96606,14.5906],[120.96615,14.59006],[120.96662,14.59006],[120.96607,14.58924]]],[[[120.96472,14.59429],[120.96482,14.59438],[120.96472,14.59438],[120.96472,14.59429]]],[[[120.96664,14.58807],[120.96636,14.58789],[120.96655,14.58789],[120.96664,14.58807]]],[[[120.9671,14.58799],[120.96673,14.58753],[120.96738,14.58772],[120.9671,14.58799]]],[[[120.96775,14.58772],[120.9672,14.58699],[120.96794,14.58772],[120.96775,14.58772]]],[[[120.96822,14.58745],[120.96804,14.58718],[120.96832,14.58718],[120.96822,14.58745]]],[[[120.96748,14.5869],[120.96739,14.58654],[120.96814,14.5861],[120.96823,14.58673],[120.96748,14.5869]]],[[[120.96906,14.58656],[120.96897,14.58628],[120.96916,14.58629],[120.96906,14.58656]]],[[[120.96944,14.58611],[120.96926,14.58565],[120.96981,14.58575],[120.9701,14.58476],[120.97009,14.58566],[120.96944,14.58611]]],[[[120.9715,14.58378],[120.97206,14.58342],[120.97123,14.58305],[120.97113,14.58341],[120.9715,14.58378]]],[[[120.9715,14.58378],[120.97104,14.58395],[120.97103,14.58413],[120.97159,14.58414],[120.9715,14.58378]]],[[[120.94688,14.59522],[120.94662,14.59519],[120.94662,14.59522],[120.94688,14.59522]]],[[[120.94708,14.59531],[120.9469,14.59522],[120.9469,14.59531],[120.94708,14.59531]]],[[[120.94755,14.59531],[120.94766,14.59532],[120.94727,14.59527],[120.94755,14.59531]]],[[[120.94839,14.59541],[120.94801,14.59536],[120.94801,14.59541],[120.94839,14.59541]]],[[[120.94949,14.59555],[120.94857,14.59543],[120.94903,14.5956],[120.94949,14.59555]]],[[[120.94997,14.59561],[120.94968,14.59557],[120.94968,14.5956],[120.94997,14.59561]]],[[[120.95073,14.5957],[120.95005,14.59562],[120.95005,14.5957],[120.95073,14.5957]]],[[[120.95588,14.59774],[120.95736,14.59775],[120.95736,14.59739],[120.95598,14.59701],[120.95588,14.59774]]],[[[120.9569,14.59757],[120.95681,14.59747],[120.9569,14.59747],[120.9569,14.59757]]],[[[120.9568,14.59793],[120.95662,14.5981],[120.9568,14.59811],[120.9568,14.59793]]],[[[120.95169,14.59851],[120.95198,14.59788],[120.95069,14.59724],[120.94948,14.59732],[120.94541,14.59602],[120.94643,14.59539],[120.94337,14.59528],[120.94326,14.59726],[120.95169,14.59851]]],[[[120.97369,14.59862],[120.97453,14.59754],[120.97463,14.597],[120.97369,14.59862]]],[[[120.95438,14.59872],[120.95485,14.59854],[120.95392,14.59844],[120.95438,14.59872]]],[[[120.9427,14.59879],[120.94294,14.59871],[120.9426,14.5987],[120.9427,14.59879]]],[[[120.99058,14.58783],[120.99047,14.58909],[120.98815,14.58961],[120.9876,14.58898],[120.98787,14.58952],[120.98451,14.59193],[120.98179,14.59561],[120.98029,14.59641],[120.97724,14.59512],[120.97224,14.59463],[120.97112,14.59462],[120.96963,14.59542],[120.9675,14.59513],[120.96552,14.5952],[120.96753,14.59532],[120.96678,14.59642],[120.96022,14.59647],[120.95932,14.59603],[120.95643,14.5964],[120.95623,14.59629],[120.95606,14.59638],[120.95157,14.5958],[120.95088,14.5958],[120.95589,14.59638],[120.95839,14.5974],[120.9595,14.59687],[120.95987,14.59732],[120.96117,14.59733],[120.96088,14.59823],[120.96284,14.59744],[120.9645,14.5989],[120.96497,14.598],[120.96552,14.598],[120.96535,14.59737],[120.96591,14.59647],[120.97092,14.59651],[120.97436,14.59582],[120.97463,14.59691],[120.97492,14.59582],[120.97603,14.59583],[120.97991,14.59777],[120.98272,14.59517],[120.98365,14.595],[120.98328,14.59454],[120.98385,14.59364],[120.98609,14.59185],[120.9912,14.59136],[120.99425,14.59211],[120.99306,14.59056],[120.99075,14.58918],[120.99058,14.58783]]],[[[120.99074,14.59054],[120.99008,14.59117],[120.98702,14.59114],[120.98674,14.5915],[120.98637,14.59113],[120.98787,14.59006],[120.98982,14.58999],[120.99074,14.59054]]],[[[120.95904,14.5965],[120.95923,14.59659],[120.95904,14.59659],[120.95904,14.5965]]],[[[120.96006,14.59705],[120.96015,14.59714],[120.96006,14.59714],[120.96006,14.59705]]],[[[120.96163,14.59734],[120.96228,14.59752],[120.96172,14.59779],[120.96163,14.59734]]],[[[120.9735,14.59907],[120.97377,14.59907],[120.97378,14.5988],[120.9735,14.59907]]],[[[120.97962,14.59939],[120.97953,14.59921],[120.97943,14.59939],[120.97962,14.59939]]],[[[120.97766,14.60019],[120.97831,14.60001],[120.97841,14.59983],[120.97739,14.59982],[120.97766,14.60019]]],[[[120.95195,14.60059],[120.95182,14.60059],[120.95195,14.60062],[120.95195,14.60059]]],[[[120.95251,14.60069],[120.95225,14.60069],[120.95251,14.60074],[120.95251,14.60069]]],[[[120.97274,14.60069],[120.97283,14.60078],[120.97283,14.60069],[120.97274,14.60069]]],[[[120.95626,14.60091],[120.95655,14.6005],[120.95863,14.60068],[120.95855,14.59993],[120.95716,14.59992],[120.95697,14.60046],[120.95641,14.60045],[120.95622,14.60054],[120.95626,14.60091]]],[[[120.97691,14.60135],[120.97701,14.60018],[120.97664,14.60009],[120.97608,14.6008],[120.97654,14.60072],[120.97691,14.60135]]],[[[120.97274,14.60078],[120.9718,14.60158],[120.9718,14.60176],[120.97245,14.60141],[120.97274,14.60078]]],[[[120.9718,14.60185],[120.97171,14.60176],[120.97171,14.60185],[120.9718,14.60185]]],[[[120.97412,14.60151],[120.97589,14.60144],[120.97598,14.60108],[120.97412,14.60151]]],[[[120.97811,14.60173],[120.97783,14.60181],[120.97811,14.60191],[120.97811,14.60173]]],[[[120.97774,14.60217],[120.97792,14.60227],[120.97792,14.60209],[120.97774,14.60217]]],[[[120.96929,14.60237],[120.9692,14.60228],[120.9692,14.60237],[120.96929,14.60237]]],[[[120.97096,14.60248],[120.97152,14.60221],[120.97152,14.60203],[120.97096,14.60248]]],[[[120.97773,14.60254],[120.97764,14.60235],[120.97764,14.60254],[120.97773,14.60254]]],[[[120.95472,14.60243],[120.95481,14.60261],[120.95481,14.60243],[120.95472,14.60243]]],[[[120.97133,14.60266],[120.97142,14.60257],[120.97133,14.60257],[120.97133,14.60266]]],[[[120.97514,14.60197],[120.97523,14.6026],[120.97569,14.6027],[120.97514,14.60197]]],[[[120.97615,14.60252],[120.97597,14.60261],[120.97615,14.6027],[120.97615,14.60252]]],[[[120.95824,14.60264],[120.95872,14.60188],[120.95781,14.60181],[120.95777,14.60227],[120.95824,14.60264]]],[[[120.95908,14.60279],[120.95899,14.60273],[120.95899,14.60278],[120.95908,14.60279]]],[[[120.97161,14.60266],[120.97151,14.60293],[120.9717,14.60294],[120.97161,14.60266]]],[[[120.97745,14.60308],[120.97727,14.60271],[120.9768,14.60253],[120.97709,14.60199],[120.97635,14.60162],[120.97616,14.60216],[120.97671,14.60244],[120.97671,14.60298],[120.97745,14.60308]]],[[[120.97754,14.60308],[120.97745,14.60326],[120.97754,14.60326],[120.97754,14.60308]]],[[[120.97253,14.6033],[120.97281,14.60304],[120.973,14.60222],[120.97375,14.60178],[120.97207,14.60222],[120.97272,14.60276],[120.97253,14.6033]]],[[[120.97253,14.60339],[120.97234,14.6033],[120.97234,14.60339],[120.97253,14.60339]]],[[[120.97587,14.60351],[120.97587,14.60306],[120.97606,14.60288],[120.97569,14.60288],[120.97587,14.60351]]],[[[120.97216,14.60357],[120.97197,14.6033],[120.97188,14.60357],[120.97216,14.60357]]],[[[120.96028,14.60365],[120.96021,14.60329],[120.96018,14.60365],[120.96028,14.60365]]],[[[120.97095,14.60347],[120.97132,14.6032],[120.97086,14.60302],[120.97095,14.60347]]],[[[120.97615,14.60352],[120.97587,14.60378],[120.97614,14.60379],[120.97615,14.60352]]],[[[120.97781,14.60389],[120.97763,14.6038],[120.97763,14.60389],[120.97781,14.60389]]],[[[120.95472,14.60261],[120.95434,14.60287],[120.9535,14.60431],[120.95388,14.60441],[120.95472,14.60261]]],[[[120.97809,14.60417],[120.9779,14.60434],[120.97809,14.60444],[120.97809,14.60417]]],[[[120.97595,14.6046],[120.97586,14.60433],[120.97586,14.6046],[120.97595,14.6046]]],[[[120.95331,14.60467],[120.95322,14.60458],[120.95321,14.60467],[120.95331,14.60467]]],[[[120.96973,14.60454],[120.97049,14.60338],[120.96965,14.6031],[120.96993,14.60373],[120.96965,14.60373],[120.9691,14.603],[120.96835,14.60309],[120.96973,14.60454]]],[[[120.97159,14.60429],[120.97122,14.60465],[120.97159,14.60474],[120.97159,14.60429]]],[[[120.96992,14.60491],[120.96982,14.60482],[120.96982,14.60491],[120.96992,14.60491]]],[[[120.97093,14.60546],[120.97084,14.60528],[120.97084,14.60546],[120.97093,14.60546]]],[[[120.97055,14.60654],[120.97083,14.606],[120.97009,14.60608],[120.97009,14.60636],[120.97055,14.60654]]],[[[120.94883,14.60689],[120.95052,14.60465],[120.95012,14.60434],[120.94827,14.60698],[120.94883,14.60689]]],[[[120.96172,14.60809],[120.96219,14.60791],[120.96172,14.60791],[120.96172,14.60809]]],[[[120.96924,14.60816],[120.96905,14.60797],[120.96905,14.60815],[120.96924,14.60816]]],[[[120.97091,14.60826],[120.97026,14.60798],[120.971,14.60853],[120.97091,14.60826]]],[[[120.9684,14.60878],[120.96849,14.60887],[120.96849,14.60878],[120.9684,14.60878]]],[[[120.97136,14.6089],[120.97118,14.6088],[120.97118,14.6089],[120.97136,14.6089]]],[[[120.96997,14.60961],[120.96987,14.60952],[120.96987,14.60961],[120.96997,14.60961]]],[[[120.97117,14.60971],[120.97108,14.60953],[120.97089,14.60971],[120.97117,14.60971]]],[[[120.96644,14.60976],[120.96635,14.60958],[120.96634,14.60976],[120.96644,14.60976]]],[[[120.94977,14.60984],[120.94973,14.60979],[120.94973,14.60985],[120.94977,14.60984]]],[[[120.97163,14.60989],[120.97154,14.60971],[120.97154,14.60989],[120.97163,14.60989]]],[[[120.96839,14.60887],[120.96756,14.60868],[120.96663,14.60877],[120.96765,14.60905],[120.96755,14.60995],[120.96839,14.60887]]],[[[120.94945,14.61024],[120.94973,14.60988],[120.94945,14.61006],[120.94945,14.61024]]],[[[120.9668,14.61039],[120.96653,14.61021],[120.96652,14.61039],[120.9668,14.61039]]],[[[120.96949,14.61042],[120.96932,14.60969],[120.96969,14.60942],[120.96904,14.60915],[120.96949,14.61042]]],[[[120.97144,14.61025],[120.97172,14.61035],[120.97163,14.61016],[120.97144,14.61025]]],[[[120.94917,14.61033],[120.94937,14.61041],[120.94943,14.61024],[120.94917,14.61033]]],[[[120.9578,14.61013],[120.95985,14.60997],[120.96006,14.60681],[120.95988,14.60654],[120.95821,14.60643],[120.95821,14.60616],[120.96007,14.60618],[120.96017,14.60473],[120.95832,14.60435],[120.96009,14.60404],[120.95815,14.60389],[120.9581,14.60463],[120.9601,14.60479],[120.95999,14.60601],[120.95798,14.60587],[120.95792,14.60662],[120.95993,14.60675],[120.95983,14.60799],[120.95782,14.60786],[120.95776,14.60859],[120.95976,14.60873],[120.95967,14.60997],[120.95761,14.60984],[120.95757,14.61056],[120.9591,14.61067],[120.9578,14.61013]]],[[[120.94915,14.61063],[120.94908,14.6106],[120.94908,14.61074],[120.94915,14.61063]]],[[[120.97143,14.61134],[120.97135,14.61079],[120.97134,14.61134],[120.97143,14.61134]]],[[[120.97133,14.61215],[120.97124,14.61179],[120.97124,14.61215],[120.97133,14.61215]]],[[[120.94892,14.61096],[120.94899,14.60979],[120.94785,14.60833],[120.94688,14.60994],[120.94826,14.61114],[120.94795,14.61231],[120.94892,14.61096]]],[[[120.9666,14.61238],[120.96688,14.61229],[120.96669,14.6122],[120.9666,14.61238]]],[[[120.96743,14.61248],[120.96734,14.61221],[120.96725,14.61248],[120.96743,14.61248]]],[[[120.97124,14.61251],[120.97115,14.61233],[120.97115,14.61251],[120.97124,14.61251]]],[[[120.96967,14.61195],[120.96957,14.6125],[120.96975,14.61277],[120.97003,14.61277],[120.96967,14.61195]]],[[[120.96604,14.61292],[120.96641,14.61274],[120.96613,14.61256],[120.96604,14.61292]]],[[[120.97049,14.61314],[120.97012,14.61268],[120.97012,14.61313],[120.97049,14.61314]]],[[[120.96696,14.6132],[120.96678,14.61301],[120.96678,14.61319],[120.96696,14.6132]]],[[[120.95944,14.61331],[120.95964,14.61259],[120.95788,14.61212],[120.95955,14.61214],[120.95975,14.6106],[120.95928,14.6106],[120.95948,14.61195],[120.95745,14.61179],[120.95741,14.61248],[120.95945,14.61269],[120.95944,14.61331]]],[[[120.96715,14.61356],[120.96687,14.61374],[120.96714,14.61374],[120.96715,14.61356]]],[[[120.95731,14.61374],[120.95935,14.61359],[120.95722,14.61342],[120.95731,14.61374]]],[[[120.969,14.61421],[120.96881,14.61412],[120.96881,14.61421],[120.969,14.61421]]],[[[120.97113,14.61432],[120.97104,14.61395],[120.97104,14.61432],[120.97113,14.61432]]],[[[120.96899,14.61475],[120.96881,14.61466],[120.9688,14.61475],[120.96899,14.61475]]],[[[120.97029,14.61503],[120.97075,14.61477],[120.9702,14.61467],[120.97029,14.61503]]],[[[120.95729,14.61555],[120.95766,14.61546],[120.95739,14.61528],[120.95729,14.61555]]],[[[120.95784,14.61574],[120.95803,14.61556],[120.95785,14.61547],[120.95784,14.61574]]],[[[120.97093,14.61576],[120.97103,14.61504],[120.97094,14.61504],[120.97093,14.61576]]],[[[120.95821,14.61601],[120.95841,14.6152],[120.95822,14.61502],[120.95821,14.61601]]],[[[120.96127,14.61622],[120.96147,14.61486],[120.96082,14.61468],[120.96053,14.61603],[120.96127,14.61622]]],[[[120.96119,14.61513],[120.96082,14.61495],[120.96119,14.61495],[120.96119,14.61513]]],[[[120.97102,14.61594],[120.97083,14.6163],[120.97102,14.61639],[120.97102,14.61594]]],[[[120.95821,14.61664],[120.95849,14.61647],[120.95821,14.61637],[120.95821,14.61664]]],[[[120.96238,14.61704],[120.96247,14.61722],[120.96247,14.61704],[120.96238,14.61704]]],[[[120.96238,14.6174],[120.96219,14.61731],[120.96219,14.6174],[120.96238,14.6174]]],[[[120.971,14.61775],[120.97083,14.61693],[120.97082,14.61775],[120.971,14.61775]]],[[[120.97035,14.61792],[120.97054,14.61802],[120.97054,14.61793],[120.97035,14.61792]]],[[[120.97035,14.61811],[120.97017,14.61801],[120.97017,14.6181],[120.97035,14.61811]]],[[[120.97016,14.61819],[120.97007,14.6181],[120.97007,14.61819],[120.97016,14.61819]]],[[[120.97183,14.61866],[120.97155,14.61884],[120.97183,14.61884],[120.97183,14.61866]]],[[[120.97275,14.61912],[120.97266,14.61903],[120.97266,14.61912],[120.97275,14.61912]]],[[[120.95602,14.61939],[120.95586,14.61939],[120.95605,14.61943],[120.95602,14.61939]]],[[[120.95735,14.61996],[120.95744,14.61989],[120.95727,14.61989],[120.95735,14.61996]]],[[[120.95938,14.62036],[120.95901,14.62008],[120.95892,14.62026],[120.95938,14.62036]]],[[[120.95836,14.62053],[120.95873,14.62035],[120.95827,14.62026],[120.95836,14.62053]]],[[[120.9552,14.62086],[120.95539,14.6208],[120.9552,14.62081],[120.9552,14.62086]]],[[[120.96754,14.62079],[120.96922,14.61981],[120.96989,14.61819],[120.96914,14.61855],[120.96857,14.61981],[120.96671,14.62006],[120.96754,14.62079]]],[[[120.96485,14.62104],[120.96522,14.62113],[120.96522,14.62095],[120.96485,14.62104]]],[[[120.96485,14.62131],[120.96457,14.62113],[120.96457,14.62122],[120.96485,14.62131]]],[[[120.95641,14.62072],[120.95668,14.62124],[120.95678,14.62069],[120.95641,14.62072]]],[[[120.96586,14.62168],[120.96615,14.62114],[120.96587,14.62114],[120.96586,14.62168]]],[[[120.95491,14.62177],[120.95491,14.62161],[120.95488,14.62177],[120.95491,14.62177]]],[[[120.95723,14.6217],[120.95695,14.62178],[120.95723,14.62188],[120.95723,14.6217]]],[[[120.96391,14.62203],[120.96429,14.62158],[120.96392,14.62148],[120.96391,14.62203]]],[[[120.96289,14.62193],[120.96261,14.62201],[120.96289,14.62211],[120.96289,14.62193]]],[[[120.96911,14.62225],[120.96902,14.62207],[120.96892,14.62225],[120.96911,14.62225]]],[[[120.95467,14.62266],[120.95472,14.62258],[120.95466,14.62258],[120.95467,14.62266]]],[[[120.96121,14.62272],[120.96112,14.6229],[120.9614,14.62291],[120.96121,14.62272]]],[[[120.95629,14.62304],[120.95713,14.62287],[120.95704,14.62215],[120.9563,14.62223],[120.95629,14.62304]]],[[[120.96037,14.62344],[120.96047,14.62317],[120.96028,14.62317],[120.96037,14.62344]]],[[[120.96084,14.62344],[120.96056,14.62353],[120.96084,14.62353],[120.96084,14.62344]]],[[[120.96259,14.62418],[120.96241,14.62391],[120.96241,14.62418],[120.96259,14.62418]]],[[[120.95508,14.62421],[120.95498,14.62412],[120.95498,14.62421],[120.95508,14.62421]]],[[[120.96835,14.62396],[120.96798,14.62405],[120.9677,14.62432],[120.96835,14.62396]]],[[[120.96465,14.62203],[120.96382,14.62211],[120.96326,14.62265],[120.96362,14.62311],[120.96316,14.62301],[120.96315,14.62419],[120.96435,14.62438],[120.96473,14.62348],[120.96437,14.62311],[120.96483,14.62294],[120.96559,14.62114],[120.96438,14.62158],[120.96465,14.62203]]],[[[120.96475,14.62194],[120.96493,14.62203],[120.96475,14.62203],[120.96475,14.62194]]],[[[120.96353,14.62356],[120.96362,14.62383],[120.96343,14.62383],[120.96353,14.62356]]],[[[120.95452,14.62447],[120.95471,14.62312],[120.95536,14.62303],[120.95537,14.62267],[120.95472,14.62267],[120.95452,14.62447]]],[[[120.96092,14.62417],[120.96139,14.62426],[120.96139,14.62408],[120.96092,14.62417]]],[[[120.96798,14.62387],[120.96781,14.62197],[120.96735,14.62106],[120.96698,14.6216],[120.96715,14.62287],[120.96593,14.6243],[120.9663,14.62458],[120.96724,14.62368],[120.96798,14.62387]]],[[[120.96212,14.62472],[120.96296,14.62464],[120.96296,14.62419],[120.96212,14.62472]]],[[[120.96073,14.62498],[120.96091,14.62507],[120.96091,14.62498],[120.96073,14.62498]]],[[[120.95544,14.62511],[120.95739,14.62504],[120.95693,14.62449],[120.95693,14.62486],[120.9559,14.62494],[120.9562,14.62313],[120.95544,14.62511]]],[[[120.95364,14.62549],[120.95376,14.62555],[120.95376,14.62549],[120.95364,14.62549]]],[[[120.96768,14.62594],[120.96777,14.62603],[120.96777,14.62594],[120.96768,14.62594]]],[[[120.95793,14.62613],[120.95821,14.62631],[120.95831,14.62604],[120.95793,14.62613]]],[[[120.96545,14.62665],[120.96573,14.62611],[120.96527,14.62583],[120.96517,14.62646],[120.96545,14.62665]]],[[[120.96786,14.62667],[120.96694,14.62567],[120.96741,14.62504],[120.96815,14.62522],[120.9676,14.62432],[120.96657,14.62584],[120.96739,14.62684],[120.96786,14.62667]]],[[[120.95672,14.62702],[120.95663,14.62684],[120.95653,14.62702],[120.95672,14.62702]]],[[[120.9647,14.62736],[120.96488,14.62746],[120.96488,14.62737],[120.9647,14.62736]]],[[[120.96534,14.62773],[120.96525,14.62755],[120.96525,14.62773],[120.96534,14.62773]]],[[[120.96599,14.62774],[120.9659,14.62755],[120.9659,14.62774],[120.96599,14.62774]]],[[[120.96804,14.62748],[120.96776,14.62739],[120.96766,14.62793],[120.96804,14.62748]]],[[[120.9595,14.62795],[120.95959,14.62741],[120.96024,14.62751],[120.96006,14.62705],[120.95959,14.62705],[120.9595,14.62795]]],[[[120.96979,14.62822],[120.96989,14.62804],[120.9697,14.62804],[120.96979,14.62822]]],[[[120.95695,14.62826],[120.95961,14.62605],[120.95906,14.62533],[120.95811,14.62676],[120.95653,14.6272],[120.95625,14.6281],[120.95458,14.628],[120.95382,14.627],[120.95385,14.62816],[120.95695,14.62826]]],[[[120.97007,14.62822],[120.96989,14.6284],[120.97007,14.6284],[120.97007,14.62822]]],[[[120.96663,14.62892],[120.96654,14.62883],[120.96654,14.62892],[120.96663,14.62892]]],[[[120.96786,14.62667],[120.96767,14.62712],[120.96814,14.62694],[120.96831,14.62767],[120.96924,14.62785],[120.96923,14.62894],[120.96952,14.62777],[120.96786,14.62667]]],[[[120.96385,14.62862],[120.96339,14.62835],[120.96329,14.62907],[120.96366,14.62898],[120.96385,14.62862]]],[[[120.97006,14.62922],[120.97062,14.62904],[120.97118,14.62923],[120.97155,14.62905],[120.97026,14.62841],[120.97062,14.62895],[120.97006,14.62922]]],[[[120.96189,14.62942],[120.9618,14.62933],[120.9618,14.62942],[120.96189,14.62942]]],[[[120.96338,14.62952],[120.96319,14.62943],[120.96319,14.62952],[120.96338,14.62952]]],[[[120.96339,14.62835],[120.9649,14.62556],[120.96619,14.6262],[120.96593,14.6243],[120.96312,14.62735],[120.96286,14.62572],[120.96231,14.62517],[120.96166,14.6249],[120.961,14.62552],[120.96221,14.6259],[120.96229,14.62635],[120.96054,14.62561],[120.96044,14.62624],[120.9609,14.62643],[120.96034,14.6266],[120.96099,14.62697],[120.96005,14.62814],[120.96004,14.62904],[120.9593,14.62939],[120.96134,14.6295],[120.96339,14.62835]]],[[[120.96145,14.62761],[120.96162,14.6286],[120.96097,14.6286],[120.96145,14.62761]]],[[[120.96014,14.62886],[120.96023,14.62904],[120.96013,14.62904],[120.96014,14.62886]]],[[[120.96088,14.62896],[120.96069,14.62886],[120.96088,14.62887],[120.96088,14.62896]]],[[[120.96211,14.62671],[120.96192,14.62653],[120.96211,14.62653],[120.96211,14.62671]]],[[[120.96155,14.62652],[120.96109,14.62625],[120.96137,14.62616],[120.96155,14.62652]]],[[[120.96221,14.62572],[120.96212,14.62544],[120.9623,14.62544],[120.96221,14.62572]]],[[[120.96385,14.62862],[120.96394,14.62953],[120.9643,14.6298],[120.96468,14.62917],[120.96413,14.62871],[120.96496,14.62899],[120.96469,14.62854],[120.96515,14.62827],[120.96441,14.62799],[120.96385,14.62862]]],[[[120.94657,14.63019],[120.94723,14.62982],[120.94519,14.6294],[120.94537,14.6299],[120.94657,14.63019]]],[[[120.9475,14.63019],[120.94732,14.63001],[120.94722,14.63019],[120.9475,14.63019]]],[[[120.96374,14.63025],[120.96356,14.63006],[120.96356,14.63025],[120.96374,14.63025]]],[[[120.94787,14.6302],[120.94927,14.62994],[120.94769,14.62993],[120.94787,14.6302]]],[[[120.96727,14.62974],[120.96636,14.62855],[120.96682,14.62892],[120.96719,14.62865],[120.96636,14.62783],[120.96599,14.62837],[120.96552,14.62827],[120.96505,14.62917],[120.96532,14.63008],[120.96616,14.63036],[120.96653,14.62973],[120.96755,14.63001],[120.96802,14.62938],[120.96784,14.62911],[120.96727,14.62974]]],[[[120.96644,14.62937],[120.96663,14.62946],[120.96644,14.62946],[120.96644,14.62937]]],[[[120.96579,14.62963],[120.96588,14.62981],[120.96579,14.62981],[120.96579,14.62963]]],[[[120.95715,14.63037],[120.95697,14.63028],[120.95697,14.63037],[120.95715,14.63037]]],[[[120.96922,14.63048],[120.96895,14.62966],[120.96792,14.63001],[120.96838,14.63038],[120.96922,14.63048]]],[[[120.96569,14.63072],[120.96532,14.63071],[120.96569,14.63081],[120.96569,14.63072]]],[[[120.95789,14.63083],[120.95771,14.63056],[120.95715,14.63046],[120.95789,14.63083]]],[[[120.96522,14.63089],[120.96513,14.6308],[120.96513,14.63089],[120.96522,14.63089]]],[[[120.95715,14.63091],[120.95678,14.63037],[120.95493,14.63026],[120.95492,14.63062],[120.95715,14.63091]]],[[[120.96559,14.63117],[120.96541,14.63107],[120.96541,14.63116],[120.96559,14.63117]]],[[[120.95696,14.63145],[120.95733,14.63128],[120.95687,14.63127],[120.95696,14.63145]]],[[[120.96531,14.63153],[120.96512,14.63143],[120.96512,14.63152],[120.96531,14.63153]]],[[[120.95575,14.63171],[120.95556,14.63162],[120.95556,14.63171],[120.95575,14.63171]]],[[[120.94739,14.63191],[120.94758,14.63173],[120.9474,14.63164],[120.94739,14.63191]]],[[[120.95667,14.63208],[120.95658,14.6319],[120.95658,14.63208],[120.95667,14.63208]]],[[[120.9459,14.63244],[120.94693,14.63236],[120.9459,14.63235],[120.9459,14.63244]]],[[[120.94776,14.63246],[120.9486,14.63246],[120.9486,14.63237],[120.94795,14.6321],[120.94776,14.63246]]],[[[120.95008,14.63257],[120.9498,14.63211],[120.94934,14.63238],[120.94943,14.63256],[120.95008,14.63257]]],[[[120.94386,14.63233],[120.94516,14.63252],[120.94498,14.6318],[120.94386,14.63233]]],[[[120.95565,14.63262],[120.95546,14.63243],[120.95537,14.63261],[120.95565,14.63262]]],[[[120.9562,14.63262],[120.9563,14.63208],[120.95584,14.63226],[120.9562,14.63262]]],[[[120.96289,14.63268],[120.9627,14.63259],[120.9627,14.63268],[120.96289,14.63268]]],[[[120.95193,14.63294],[120.95203,14.63285],[120.95193,14.63285],[120.95193,14.63294]]],[[[120.9549,14.6327],[120.95419,14.62989],[120.95261,14.63033],[120.95289,14.62981],[120.94936,14.62981],[120.95038,14.62995],[120.94955,14.63003],[120.94898,14.63066],[120.94916,14.63111],[120.95,14.63112],[120.95057,14.62986],[120.95177,14.62987],[120.95158,14.63032],[120.95131,14.63005],[120.95111,14.63095],[120.95018,14.6313],[120.95027,14.63212],[120.95184,14.63249],[120.95231,14.63186],[120.95306,14.63187],[120.95323,14.63278],[120.9537,14.6326],[120.95388,14.63314],[120.95444,14.63251],[120.9549,14.6327]]],[[[120.95389,14.63242],[120.95342,14.63205],[120.95398,14.63215],[120.95389,14.63242]]],[[[120.95213,14.63168],[120.95195,14.6315],[120.95213,14.6315],[120.95213,14.63168]]],[[[120.95362,14.63133],[120.95334,14.63097],[120.95343,14.63097],[120.95362,14.63133]]],[[[120.95251,14.63087],[120.95232,14.63105],[120.95223,14.63087],[120.95251,14.63087]]],[[[120.95167,14.63077],[120.95149,14.6305],[120.95177,14.63059],[120.95167,14.63077]]],[[[120.95202,14.63295],[120.9523,14.6334],[120.95295,14.63313],[120.95258,14.63286],[120.95202,14.63295]]],[[[120.96297,14.63322],[120.96325,14.63331],[120.96325,14.63304],[120.96297,14.63322]]],[[[120.94478,14.63342],[120.9446,14.63324],[120.9445,14.63342],[120.94478,14.63342]]],[[[120.95528,14.63261],[120.95471,14.63306],[120.95415,14.63342],[120.95518,14.63342],[120.95528,14.63261]]],[[[120.95397,14.6335],[120.95388,14.63332],[120.95378,14.6335],[120.95397,14.6335]]],[[[120.94274,14.63359],[120.9433,14.63332],[120.94293,14.63277],[120.94256,14.63304],[120.94274,14.63359]]],[[[120.97095,14.63374],[120.97104,14.63383],[120.97104,14.63374],[120.97095,14.63374]]],[[[120.96232,14.63394],[120.9625,14.63385],[120.96232,14.63385],[120.96232,14.63394]]],[[[120.95304,14.63386],[120.95332,14.63323],[120.95314,14.63314],[120.95304,14.63386]]],[[[120.97095,14.63383],[120.9704,14.63347],[120.97097,14.63185],[120.97079,14.63049],[120.96738,14.62802],[120.96693,14.62738],[120.96712,14.62675],[120.96619,14.62629],[120.96738,14.62847],[120.9707,14.63094],[120.97012,14.63319],[120.97039,14.63401],[120.97095,14.63383]]],[[[120.94181,14.63403],[120.94219,14.63422],[120.94373,14.63423],[120.94181,14.63403]]],[[[120.94719,14.63417],[120.947,14.63424],[120.94719,14.63425],[120.94719,14.63417]]],[[[120.94672,14.63416],[120.94691,14.63424],[120.94691,14.63417],[120.94672,14.63416]]],[[[120.95726,14.63405],[120.9569,14.63416],[120.9573,14.63426],[120.95726,14.63405]]],[[[120.96398,14.63486],[120.96361,14.63458],[120.96333,14.63476],[120.96342,14.63494],[120.96398,14.63486]]],[[[120.96184,14.63529],[120.96203,14.63484],[120.96138,14.63465],[120.96138,14.63511],[120.96184,14.63529]]],[[[120.96852,14.63535],[120.96871,14.6349],[120.96853,14.6349],[120.96852,14.63535]]],[[[120.96297,14.63349],[120.9625,14.63448],[120.96203,14.63538],[120.9624,14.63539],[120.96297,14.63349]]],[[[120.96611,14.63542],[120.96592,14.63533],[120.96592,14.63542],[120.96611,14.63542]]],[[[120.95673,14.63557],[120.95664,14.63561],[120.95673,14.63561],[120.95673,14.63557]]],[[[120.96592,14.63587],[120.96611,14.63569],[120.96592,14.63569],[120.96592,14.63587]]],[[[120.96415,14.63594],[120.96397,14.63576],[120.96397,14.63594],[120.96415,14.63594]]],[[[120.96545,14.63586],[120.96517,14.63604],[120.96545,14.63605],[120.96545,14.63586]]],[[[120.9661,14.63587],[120.96647,14.63605],[120.96657,14.63578],[120.96638,14.63569],[120.9661,14.63587]]],[[[120.95654,14.63606],[120.95682,14.63588],[120.95654,14.63597],[120.95654,14.63606]]],[[[120.95422,14.63618],[120.95394,14.63603],[120.95302,14.63617],[120.95422,14.63618]]],[[[120.95691,14.63624],[120.95756,14.63598],[120.95692,14.63579],[120.95691,14.63624]]],[[[120.96211,14.63629],[120.9636,14.63603],[120.96211,14.63574],[120.96211,14.63629]]],[[[120.9506,14.63635],[120.95283,14.63618],[120.95283,14.63612],[120.9506,14.63635]]],[[[120.95951,14.63654],[120.95942,14.63617],[120.95887,14.63572],[120.95886,14.63599],[120.95951,14.63654]]],[[[120.9596,14.63654],[120.95951,14.63663],[120.9596,14.63663],[120.9596,14.63654]]],[[[120.9635,14.63639],[120.96387,14.63648],[120.96387,14.63621],[120.9635,14.63639]]],[[[120.9687,14.63671],[120.96851,14.63661],[120.96851,14.6367],[120.9687,14.63671]]],[[[120.95969,14.63663],[120.9596,14.63672],[120.95969,14.63672],[120.95969,14.63663]]],[[[120.95979,14.63672],[120.95969,14.63681],[120.95978,14.63681],[120.95979,14.63672]]],[[[120.95988,14.63681],[120.95978,14.6369],[120.95988,14.6369],[120.95988,14.63681]]],[[[120.96666,14.63651],[120.9673,14.63687],[120.96703,14.63624],[120.96666,14.63651]]],[[[120.95681,14.63696],[120.95672,14.63678],[120.95663,14.63696],[120.95681,14.63696]]],[[[120.95987,14.63708],[120.95997,14.63699],[120.95988,14.63699],[120.95987,14.63708]]],[[[120.96006,14.63708],[120.95997,14.63726],[120.96006,14.63726],[120.96006,14.63708]]],[[[120.95672,14.63732],[120.95653,14.63723],[120.95653,14.63732],[120.95672,14.63732]]],[[[120.95634,14.63759],[120.95662,14.6375],[120.95635,14.63741],[120.95634,14.63759]]],[[[120.9672,14.63769],[120.96711,14.6376],[120.96711,14.63769],[120.9672,14.63769]]],[[[120.95597,14.63777],[120.95588,14.63768],[120.95588,14.63777],[120.95597,14.63777]]],[[[120.95625,14.63786],[120.95606,14.63777],[120.95606,14.63786],[120.95625,14.63786]]],[[[120.96479,14.63794],[120.96525,14.63776],[120.96488,14.63767],[120.96479,14.63794]]],[[[120.96609,14.63786],[120.96637,14.6375],[120.96591,14.63722],[120.96647,14.63696],[120.96619,14.6365],[120.96628,14.63696],[120.96563,14.63713],[120.96609,14.63786]]],[[[120.95884,14.63825],[120.95886,14.63689],[120.95839,14.63662],[120.95764,14.63787],[120.95884,14.63825]]],[[[120.96386,14.6382],[120.96413,14.63811],[120.96386,14.63802],[120.96386,14.6382]]],[[[120.96896,14.63833],[120.96887,14.63824],[120.96887,14.63833],[120.96896,14.63833]]],[[[120.95735,14.63968],[120.95781,14.63914],[120.95726,14.63887],[120.9567,14.63958],[120.95735,14.63968]]],[[[120.95957,14.63961],[120.95948,14.63997],[120.95994,14.63988],[120.96023,14.63934],[120.95987,14.63789],[120.95847,14.63888],[120.95883,14.6396],[120.95957,14.63961]]],[[[120.95892,14.64033],[120.95938,14.64042],[120.95938,14.64006],[120.95892,14.64033]]],[[[120.95733,14.64085],[120.95715,14.64067],[120.95715,14.64085],[120.95733,14.64085]]],[[[120.9603,14.64097],[120.96068,14.64034],[120.96003,14.63997],[120.95975,14.64069],[120.9603,14.64097]]],[[[120.96429,14.64137],[120.96411,14.64127],[120.9641,14.64136],[120.96429,14.64137]]],[[[120.96392,14.64154],[120.9641,14.64164],[120.9641,14.64155],[120.96392,14.64154]]],[[[120.96493,14.64255],[120.96484,14.64246],[120.96484,14.64255],[120.96493,14.64255]]],[[[120.96119,14.64559],[120.96137,14.64568],[120.96137,14.6455],[120.96119,14.64559]]],[[[120.96248,14.64596],[120.96314,14.6456],[120.96221,14.64505],[120.96248,14.64596]]],[[[120.96332,14.64606],[120.96341,14.64588],[120.96323,14.64588],[120.96332,14.64606]]],[[[120.9635,14.64606],[120.96341,14.64615],[120.9635,14.64615],[120.9635,14.64606]]],[[[120.9635,14.64615],[120.96359,14.64651],[120.96406,14.64661],[120.96397,14.64624],[120.9635,14.64615]]],[[[120.96415,14.64661],[120.96405,14.64679],[120.96415,14.64679],[120.96415,14.64661]]],[[[120.96331,14.64687],[120.96322,14.64678],[120.96322,14.64687],[120.96331,14.64687]]],[[[120.96025,14.64693],[120.96016,14.64684],[120.96016,14.64693],[120.96025,14.64693]]],[[[120.96015,14.64702],[120.95997,14.64693],[120.95997,14.64702],[120.96015,14.64702]]],[[[120.96461,14.64706],[120.96443,14.64688],[120.96442,14.64706],[120.96461,14.64706]]],[[[120.95988,14.64711],[120.96006,14.64729],[120.95997,14.64711],[120.95988,14.64711]]],[[[120.96488,14.64743],[120.96489,14.64706],[120.9647,14.64706],[120.96488,14.64743]]],[[[120.96516,14.64743],[120.96507,14.64752],[120.96516,14.64752],[120.96516,14.64743]]],[[[120.96544,14.6477],[120.96525,14.64779],[120.96544,14.64779],[120.96544,14.6477]]],[[[120.95978,14.64783],[120.95987,14.64792],[120.95987,14.64783],[120.95978,14.64783]]],[[[120.95977,14.64801],[120.95968,14.64792],[120.95968,14.64801],[120.95977,14.64801]]],[[[120.96126,14.64821],[120.96145,14.64794],[120.96135,14.64776],[120.96107,14.64784],[120.96126,14.64821]]],[[[120.96033,14.6482],[120.96014,14.64829],[120.96033,14.64838],[120.96033,14.6482]]],[[[120.95726,14.64881],[120.95708,14.64853],[120.95707,14.6488],[120.95726,14.64881]]],[[[120.96013,14.64919],[120.96004,14.6491],[120.96004,14.64919],[120.96013,14.64919]]],[[[120.95965,14.6509],[120.95956,14.65072],[120.95947,14.6509],[120.95965,14.6509]]],[[[120.95974,14.65145],[120.95946,14.65163],[120.95974,14.65163],[120.95974,14.65145]]],[[[120.9602,14.65163],[120.96011,14.65154],[120.96011,14.65163],[120.9602,14.65163]]],[[[120.9601,14.65235],[120.96001,14.65226],[120.96001,14.65235],[120.9601,14.65235]]],[[[120.95899,14.65225],[120.95927,14.65253],[120.95927,14.65226],[120.95899,14.65225]]],[[[120.95945,14.65289],[120.95964,14.6528],[120.95936,14.65262],[120.95945,14.65289]]],[[[120.96056,14.6529],[120.96103,14.65254],[120.96094,14.65227],[120.9602,14.65245],[120.96056,14.6529]]],[[[120.96186,14.65309],[120.96168,14.653],[120.96168,14.65309],[120.96186,14.65309]]],[[[120.96223,14.65346],[120.96205,14.65327],[120.96204,14.65346],[120.96223,14.65346]]],[[[120.96431,14.65917],[120.96441,14.65908],[120.96431,14.65908],[120.96431,14.65917]]],[[[120.9645,14.65917],[120.9644,14.65926],[120.9645,14.65926],[120.9645,14.65917]]],[[[120.95976,14.65931],[120.96004,14.65895],[120.95958,14.65904],[120.95976,14.65931]]],[[[120.96152,14.65969],[120.96171,14.65951],[120.96152,14.65951],[120.96152,14.65969]]],[[[120.96264,14.65943],[120.96208,14.65942],[120.96199,14.65969],[120.96254,14.65979],[120.96264,14.65943]]],[[[120.96264,14.65943],[120.96301,14.65988],[120.96357,14.65925],[120.96292,14.65925],[120.96264,14.65943]]],[[[120.96189,14.65996],[120.9618,14.65969],[120.96171,14.65987],[120.96189,14.65996]]],[[[120.95883,14.66002],[120.95874,14.65993],[120.95873,14.66002],[120.95883,14.66002]]],[[[120.95323,14.66305],[120.95351,14.66287],[120.95323,14.66278],[120.95323,14.66305]]],[[[120.94543,14.66388],[120.94533,14.66379],[120.94533,14.66388],[120.94543,14.66388]]],[[[120.94403,14.66396],[120.94431,14.66405],[120.94431,14.66387],[120.94403,14.66396]]],[[[120.96241,14.66457],[120.96222,14.6643],[120.96222,14.66457],[120.96241,14.66457]]],[[[120.96249,14.66494],[120.9624,14.66484],[120.9624,14.66494],[120.96249,14.66494]]],[[[120.96099,14.66664],[120.96081,14.66646],[120.96081,14.66664],[120.96099,14.66664]]],[[[120.95987,14.6678],[120.96025,14.66727],[120.96025,14.66699],[120.95987,14.66726],[120.95987,14.6678]]],[[[120.94696,14.66805],[120.94678,14.66814],[120.94696,14.66823],[120.94696,14.66805]]],[[[120.94074,14.66881],[120.94065,14.66872],[120.94065,14.66881],[120.94074,14.66881]]],[[[120.94658,14.66904],[120.94649,14.66877],[120.94649,14.66904],[120.94658,14.66904]]],[[[120.95475,14.66902],[120.95447,14.66911],[120.95475,14.66921],[120.95475,14.66902]]],[[[120.95429,14.66929],[120.95438,14.6692],[120.95429,14.6692],[120.95429,14.66929]]],[[[120.94583,14.67039],[120.94546,14.67003],[120.94518,14.67039],[120.94583,14.67039]]],[[[120.94443,14.67137],[120.94434,14.6711],[120.94424,14.67137],[120.94443,14.67137]]],[[[120.94452,14.67165],[120.94415,14.67146],[120.94405,14.67164],[120.94452,14.67165]]],[[[120.95218,14.67158],[120.95245,14.67185],[120.95245,14.67158],[120.95218,14.67158]]],[[[120.95853,14.67204],[120.95835,14.67177],[120.95825,14.67204],[120.95853,14.67204]]],[[[120.96039,14.67215],[120.9602,14.67187],[120.96011,14.67214],[120.96039,14.67215]]],[[[120.9434,14.67209],[120.94386,14.67245],[120.94396,14.67209],[120.9434,14.67209]]],[[[120.94535,14.67238],[120.94497,14.67255],[120.94534,14.67256],[120.94535,14.67238]]],[[[120.9601,14.6726],[120.96001,14.6725],[120.96001,14.6726],[120.9601,14.6726]]],[[[120.94358,14.6729],[120.94312,14.67263],[120.94321,14.6729],[120.94358,14.6729]]],[[[120.94432,14.67336],[120.94515,14.67301],[120.94432,14.67246],[120.94488,14.67237],[120.94479,14.67183],[120.94386,14.67272],[120.94432,14.67336]]],[[[120.95833,14.67357],[120.95824,14.67348],[120.95824,14.67357],[120.95833,14.67357]]],[[[120.96149,14.67369],[120.96139,14.6736],[120.96139,14.67369],[120.96149,14.67369]]],[[[120.95796,14.67393],[120.95824,14.67375],[120.95796,14.67375],[120.95796,14.67393]]],[[[120.95916,14.67403],[120.95908,14.67313],[120.95935,14.67394],[120.95981,14.67395],[120.95963,14.67331],[120.9601,14.67305],[120.95955,14.67259],[120.95965,14.67169],[120.95862,14.67222],[120.9588,14.67267],[120.95945,14.6725],[120.95927,14.67286],[120.95815,14.67312],[120.95916,14.67403]]],[[[120.95146,14.67397],[120.95164,14.67406],[120.95164,14.67397],[120.95146,14.67397]]],[[[120.94375,14.67417],[120.94357,14.67408],[120.94357,14.67417],[120.94375,14.67417]]],[[[120.94338,14.67453],[120.94328,14.67444],[120.94328,14.67453],[120.94338,14.67453]]],[[[120.9443,14.67463],[120.94421,14.67453],[120.94421,14.67462],[120.9443,14.67463]]],[[[120.95127,14.6746],[120.95145,14.67478],[120.95145,14.6746],[120.95127,14.6746]]],[[[120.95145,14.67496],[120.95108,14.67487],[120.95117,14.67505],[120.95145,14.67496]]],[[[120.94216,14.67506],[120.94207,14.67497],[120.94207,14.67506],[120.94216,14.67506]]],[[[120.96101,14.67522],[120.96082,14.67504],[120.96082,14.67522],[120.96101,14.67522]]],[[[120.96036,14.6754],[120.96026,14.67531],[120.96026,14.6754],[120.96036,14.6754]]],[[[120.94402,14.67535],[120.9443,14.67553],[120.94448,14.67517],[120.94384,14.67489],[120.94402,14.67535]]],[[[120.96418,14.67381],[120.96316,14.67371],[120.96315,14.67398],[120.96427,14.6739],[120.96453,14.67535],[120.96527,14.6758],[120.96473,14.67408],[120.96418,14.67381]]],[[[120.94129,14.67885],[120.9412,14.67894],[120.94129,14.67894],[120.94129,14.67885]]],[[[120.94138,14.68002],[120.94128,14.68011],[120.94138,14.68011],[120.94138,14.68002]]],[[[120.94348,14.68293],[120.94339,14.68284],[120.94339,14.68293],[120.94348,14.68293]]],[[[120.93605,14.68377],[120.93587,14.6835],[120.93577,14.68368],[120.93605,14.68377]]],[[[120.94171,14.68382],[120.9419,14.684],[120.9419,14.68373],[120.94171,14.68382]]],[[[120.94292,14.68383],[120.94282,14.6841],[120.94292,14.6841],[120.94292,14.68383]]],[[[120.94319,14.68419],[120.94301,14.6841],[120.94301,14.68419],[120.94319,14.68419]]],[[[120.94208,14.68418],[120.94226,14.68437],[120.94227,14.68419],[120.94208,14.68418]]],[[[120.94124,14.68418],[120.94106,14.68436],[120.94124,14.68445],[120.94124,14.68418]]],[[[120.94217,14.68446],[120.94199,14.68436],[120.94198,14.68445],[120.94217,14.68446]]],[[[120.94235,14.68464],[120.94263,14.68473],[120.94263,14.68446],[120.94235,14.68464]]],[[[120.94077,14.68471],[120.94133,14.68481],[120.94133,14.68454],[120.94077,14.68471]]],[[[120.95247,14.685],[120.95256,14.68491],[120.95247,14.68491],[120.95247,14.685]]],[[[120.95265,14.685],[120.95256,14.68509],[120.95265,14.68509],[120.95265,14.685]]],[[[120.94773,14.68505],[120.94764,14.68514],[120.94773,14.68514],[120.94773,14.68505]]],[[[120.94383,14.68519],[120.94365,14.68501],[120.94365,14.68519],[120.94383,14.68519]]],[[[120.94699,14.6854],[120.9468,14.68531],[120.9468,14.6854],[120.94699,14.6854]]],[[[120.95538,14.68597],[120.95456,14.68515],[120.95427,14.68596],[120.95538,14.68597]]],[[[120.9429,14.68618],[120.94281,14.68591],[120.94271,14.68609],[120.9429,14.68618]]],[[[120.94261,14.68663],[120.9428,14.68672],[120.9428,14.68654],[120.94261,14.68663]]],[[[120.9427,14.68681],[120.94279,14.68726],[120.94335,14.68718],[120.94391,14.68646],[120.9427,14.68681]]],[[[120.93879,14.68813],[120.93861,14.68795],[120.93861,14.68813],[120.93879,14.68813]]],[[[120.94561,14.68873],[120.94542,14.6886],[120.94561,14.68881],[120.94561,14.68873]]],[[[120.94506,14.68876],[120.94523,14.68859],[120.94482,14.68887],[120.94506,14.68876]]],[[[120.9501,14.69013],[120.95019,14.69004],[120.9501,14.69004],[120.9501,14.69013]]],[[[120.95029,14.69013],[120.95019,14.69022],[120.95029,14.69022],[120.95029,14.69013]]],[[[120.94169,14.691],[120.94169,14.69112],[120.94181,14.691],[120.94169,14.691]]],[[[120.94153,14.69127],[120.94141,14.69127],[120.94141,14.69139],[120.94153,14.69127]]],[[[120.94111,14.69167],[120.94124,14.69154],[120.94099,14.69177],[120.94111,14.69167]]],[[[120.94085,14.69181],[120.94085,14.69192],[120.94096,14.69181],[120.94085,14.69181]]],[[[120.93902,14.69369],[120.93888,14.69369],[120.93888,14.69383],[120.93902,14.69369]]],[[[120.90904,14.6983],[120.90904,14.69826],[120.90898,14.6983],[120.90904,14.6983]]],[[[120.91015,14.69858],[120.91212,14.6967],[120.91267,14.69671],[120.91268,14.69639],[120.91222,14.69611],[120.91223,14.69669],[120.91158,14.69598],[120.91093,14.69637],[120.90932,14.6981],[120.91015,14.69858]]],[[[120.90651,14.70079],[120.90875,14.69884],[120.90876,14.69847],[120.90733,14.69964],[120.90651,14.70079]]],[[[120.94574,14.70432],[120.94547,14.70405],[120.94547,14.70432],[120.94574,14.70432]]],[[[120.94407,14.70512],[120.94407,14.70494],[120.94393,14.70512],[120.94407,14.70512]]],[[[120.94378,14.70539],[120.94378,14.70531],[120.94372,14.70539],[120.94378,14.70539]]],[[[120.94461,14.70594],[120.94434,14.70567],[120.94434,14.70594],[120.94461,14.70594]]],[[[120.92273,14.70823],[120.92254,14.70841],[120.92273,14.70841],[120.92273,14.70823]]],[[[120.93916,14.69315],[120.93916,14.69355],[120.94068,14.69208],[120.94118,14.691],[120.94183,14.69099],[120.9436,14.68939],[120.9431,14.68939],[120.94197,14.69069],[120.9417,14.69014],[120.9424,14.68997],[120.94268,14.68934],[120.94366,14.68937],[120.94477,14.68889],[120.94422,14.68886],[120.94479,14.68724],[120.9441,14.687],[120.94363,14.68763],[120.94284,14.68772],[120.94201,14.68694],[120.94253,14.68536],[120.94169,14.68581],[120.94095,14.68544],[120.94057,14.68706],[120.93889,14.68795],[120.93944,14.68832],[120.93767,14.6888],[120.94091,14.6853],[120.94013,14.68421],[120.94097,14.68345],[120.94172,14.68346],[120.94181,14.68301],[120.94237,14.6831],[120.94233,14.68274],[120.94265,14.6831],[120.94321,14.68275],[120.94369,14.68122],[120.9447,14.68159],[120.94564,14.68078],[120.9454,14.68182],[120.94479,14.68213],[120.94534,14.68259],[120.94543,14.68313],[120.94377,14.68257],[120.94404,14.68303],[120.94292,14.6832],[120.94273,14.68383],[120.9432,14.68365],[120.94384,14.68483],[120.94458,14.68466],[120.94541,14.68557],[120.94699,14.68509],[120.94731,14.68536],[120.94522,14.68602],[120.94493,14.68737],[120.9452,14.68756],[120.94512,14.68656],[120.94536,14.6862],[120.94529,14.68828],[120.94649,14.68937],[120.94788,14.68966],[120.94835,14.68921],[120.9501,14.68995],[120.95062,14.68891],[120.94979,14.68836],[120.94952,14.68728],[120.95009,14.68674],[120.94925,14.68646],[120.94899,14.68488],[120.95038,14.68512],[120.95067,14.68431],[120.95262,14.68351],[120.95317,14.68406],[120.95257,14.68446],[120.95275,14.68518],[120.95344,14.68569],[120.95456,14.68461],[120.9565,14.68571],[120.95652,14.68409],[120.95707,14.68382],[120.9568,14.68314],[120.95759,14.6836],[120.95847,14.68329],[120.95848,14.68275],[120.95792,14.68247],[120.95821,14.68112],[120.95627,14.68051],[120.95628,14.67948],[120.95517,14.67906],[120.95601,14.67893],[120.95545,14.67838],[120.95551,14.67757],[120.95653,14.67735],[120.95736,14.67781],[120.95882,14.67624],[120.95882,14.6757],[120.95715,14.67569],[120.95604,14.67491],[120.95971,14.67521],[120.96297,14.67407],[120.96083,14.67387],[120.95814,14.67434],[120.95522,14.67373],[120.95634,14.67351],[120.95663,14.67216],[120.95631,14.67076],[120.95525,14.67084],[120.95581,14.67053],[120.9561,14.66895],[120.95717,14.66864],[120.95734,14.67013],[120.95845,14.6705],[120.95888,14.66974],[120.95856,14.66852],[120.9595,14.66798],[120.96046,14.66465],[120.96157,14.66484],[120.96139,14.6642],[120.96195,14.66358],[120.96259,14.66412],[120.96251,14.66331],[120.9641,14.66215],[120.96299,14.6616],[120.96309,14.66124],[120.96225,14.66132],[120.96198,14.66032],[120.96179,14.66086],[120.96152,14.66032],[120.96077,14.66058],[120.96058,14.66167],[120.95964,14.66202],[120.95872,14.66192],[120.95798,14.66119],[120.95789,14.66074],[120.95863,14.66093],[120.95873,14.66038],[120.95734,14.66055],[120.9579,14.66002],[120.95716,14.65929],[120.95726,14.65884],[120.9592,14.65985],[120.96078,14.66013],[120.96115,14.65968],[120.95911,14.6593],[120.95949,14.65913],[120.9593,14.65867],[120.96079,14.65905],[120.96117,14.65806],[120.95977,14.65823],[120.96024,14.65769],[120.95903,14.65768],[120.95802,14.65685],[120.95767,14.65441],[120.95842,14.65433],[120.95869,14.65487],[120.95879,14.65415],[120.95934,14.65452],[120.96019,14.65335],[120.95964,14.65289],[120.95954,14.65361],[120.95879,14.65352],[120.95908,14.65253],[120.95843,14.65243],[120.95937,14.65144],[120.95827,14.65026],[120.95929,14.65054],[120.95939,14.64955],[120.96004,14.64955],[120.9593,14.64909],[120.95967,14.64874],[120.95893,14.64891],[120.95893,14.64855],[120.95987,14.64756],[120.95979,14.64657],[120.96053,14.64685],[120.96081,14.64649],[120.96016,14.64594],[120.96128,14.64586],[120.96027,14.64449],[120.96074,14.6435],[120.96158,14.64288],[120.96259,14.64406],[120.96352,14.64407],[120.96494,14.64101],[120.96429,14.64155],[120.96381,14.64335],[120.96242,14.64343],[120.96261,14.64253],[120.96326,14.64253],[120.96308,14.6419],[120.96261,14.64217],[120.96243,14.64198],[120.96271,14.64153],[120.96308,14.64181],[120.96347,14.64018],[120.96439,14.64083],[120.96477,14.63947],[120.96504,14.64074],[120.96552,14.6393],[120.96672,14.63922],[120.96552,14.63849],[120.96514,14.6393],[120.96468,14.63884],[120.96412,14.6392],[120.96339,14.63856],[120.96292,14.63873],[120.96339,14.63783],[120.96386,14.63784],[120.96321,14.63729],[120.96331,14.63684],[120.96257,14.6371],[120.96246,14.63819],[120.96192,14.63647],[120.95851,14.63382],[120.95785,14.63372],[120.95773,14.63408],[120.96127,14.63655],[120.96144,14.63827],[120.96273,14.64],[120.96263,14.64072],[120.96169,14.64161],[120.96114,14.64125],[120.96048,14.64206],[120.96075,14.64242],[120.96113,14.64215],[120.96103,14.64251],[120.96047,14.64323],[120.95963,14.64331],[120.95899,14.64249],[120.95834,14.64249],[120.95825,14.64195],[120.95659,14.64148],[120.95687,14.64049],[120.95613,14.64012],[120.9565,14.64076],[120.95612,14.64139],[120.95501,14.64165],[120.95537,14.64219],[120.95313,14.64371],[120.95284,14.64497],[120.95266,14.64452],[120.95229,14.6447],[120.95267,14.64316],[120.95333,14.64254],[120.95315,14.64199],[120.9538,14.64164],[120.95475,14.63975],[120.95577,14.63939],[120.95522,14.63876],[120.95598,14.63714],[120.9558,14.6365],[120.95617,14.63642],[120.95655,14.63552],[120.95563,14.63608],[120.95527,14.63539],[120.95515,14.63589],[120.95424,14.63622],[120.95453,14.63698],[120.95391,14.63701],[120.95272,14.63886],[120.95185,14.63844],[120.95255,14.63899],[120.94917,14.6438],[120.94763,14.6429],[120.94904,14.644],[120.9484,14.64492],[120.9468,14.64397],[120.94832,14.64501],[120.94766,14.64603],[120.94826,14.64646],[120.94747,14.6476],[120.94863,14.64881],[120.9479,14.65028],[120.94688,14.65108],[120.94788,14.65208],[120.94705,14.65325],[120.94718,14.65319],[120.94783,14.65226],[120.94796,14.65222],[120.948,14.65274],[120.94614,14.65481],[120.94518,14.65661],[120.94568,14.65675],[120.94502,14.65659],[120.94382,14.65772],[120.94299,14.65942],[120.94201,14.66047],[120.94166,14.66023],[120.9403,14.66211],[120.93953,14.66237],[120.93926,14.66181],[120.93894,14.66257],[120.93784,14.66181],[120.93963,14.66326],[120.93911,14.66344],[120.93949,14.66356],[120.9393,14.66401],[120.94022,14.66447],[120.93929,14.66473],[120.93916,14.66371],[120.93874,14.66363],[120.93886,14.6649],[120.93715,14.66656],[120.93731,14.66688],[120.93191,14.67194],[120.9305,14.67409],[120.93056,14.67525],[120.93128,14.67604],[120.92971,14.67664],[120.92787,14.67833],[120.92462,14.68485],[120.91687,14.69161],[120.91685,14.69164],[120.9169,14.69168],[120.91723,14.69314],[120.91436,14.6951],[120.91436,14.69455],[120.9152,14.69429],[120.91521,14.69321],[120.91605,14.69349],[120.91661,14.69295],[120.91689,14.69241],[120.91693,14.69187],[120.91677,14.69166],[120.91215,14.69562],[120.91312,14.69644],[120.91281,14.6973],[120.91446,14.69894],[120.91427,14.69957],[120.91184,14.70099],[120.91129,14.70081],[120.90951,14.70278],[120.90886,14.70259],[120.90813,14.7015],[120.91141,14.69781],[120.90707,14.70129],[120.90911,14.70297],[120.91142,14.70415],[120.91416,14.70731],[120.91487,14.70872],[120.91431,14.71103],[120.91459,14.71207],[120.91598,14.7126],[120.91765,14.71215],[120.91841,14.71296],[120.92356,14.70849],[120.92638,14.70535],[120.92713,14.70427],[120.92733,14.70265],[120.93012,14.70222],[120.93398,14.69784],[120.93768,14.69499],[120.93874,14.69396],[120.93865,14.69328],[120.93916,14.69315]]],[[[120.93383,14.69288],[120.9343,14.69261],[120.93448,14.69225],[120.93388,14.69202],[120.93383,14.69288]]],[[[120.93373,14.6936],[120.93355,14.69287],[120.93331,14.6935],[120.93373,14.6936]]],[[[120.93476,14.69279],[120.93439,14.69279],[120.93439,14.6927],[120.93476,14.69279]]],[[[120.93504,14.69271],[120.93495,14.69262],[120.93504,14.69262],[120.93504,14.69271]]],[[[120.93476,14.69216],[120.93467,14.6918],[120.93505,14.69176],[120.93476,14.69216]]],[[[120.93391,14.69369],[120.9341,14.69378],[120.93391,14.69378],[120.93391,14.69369]]],[[[120.93391,14.69387],[120.93363,14.69432],[120.93344,14.69423],[120.93345,14.69396],[120.93391,14.69387]]],[[[120.93261,14.69418],[120.93247,14.6944],[120.93251,14.6944],[120.93261,14.69418]]],[[[120.93224,14.69417],[120.93243,14.69395],[120.93224,14.69395],[120.93224,14.69417]]],[[[120.93129,14.69606],[120.93194,14.69593],[120.93213,14.69548],[120.93129,14.69606]]],[[[120.93129,14.69647],[120.93078,14.69637],[120.93077,14.69682],[120.93129,14.69647]]],[[[120.93213,14.69548],[120.93269,14.6954],[120.9327,14.69449],[120.93195,14.69476],[120.93261,14.69467],[120.93213,14.69548]]],[[[120.93743,14.69508],[120.93725,14.6948],[120.93748,14.69476],[120.93743,14.69508]]],[[[120.92471,14.69523],[120.92489,14.69533],[120.92489,14.69524],[120.92471,14.69523]]],[[[120.92471,14.69542],[120.92466,14.69532],[120.92466,14.69541],[120.92471,14.69542]]],[[[120.92452,14.69546],[120.92461,14.6955],[120.92461,14.69546],[120.92452,14.69546]]],[[[120.92452,14.69559],[120.92443,14.6955],[120.92443,14.69559],[120.92452,14.69559]]],[[[120.93167,14.69557],[120.93162,14.69552],[120.93167,14.69552],[120.93167,14.69557]]],[[[120.93092,14.69574],[120.93106,14.69579],[120.93092,14.69579],[120.93092,14.69574]]],[[[120.93518,14.69686],[120.93495,14.69668],[120.93523,14.69664],[120.93518,14.69686]]],[[[120.9305,14.69687],[120.93063,14.69728],[120.93021,14.69736],[120.9305,14.69687]]],[[[120.93439,14.69704],[120.93462,14.69718],[120.93467,14.6969],[120.93439,14.69704]]],[[[120.93439,14.69731],[120.93411,14.69717],[120.93411,14.69744],[120.93439,14.69731]]],[[[120.92993,14.69745],[120.93007,14.69754],[120.92993,14.69763],[120.92993,14.69745]]],[[[120.92302,14.69748],[120.92348,14.69757],[120.92302,14.69757],[120.92302,14.69748]]],[[[120.92246,14.69756],[120.92274,14.69761],[120.92246,14.69761],[120.92246,14.69756]]],[[[120.93603,14.69624],[120.93579,14.6961],[120.93607,14.6961],[120.93603,14.69624]]],[[[120.93327,14.69798],[120.93341,14.69811],[120.93327,14.6982],[120.93327,14.69798]]],[[[120.93214,14.69932],[120.93228,14.69955],[120.93242,14.69932],[120.93214,14.69932]]],[[[120.932,14.69964],[120.93186,14.69959],[120.93186,14.69982],[120.932,14.69964]]],[[[120.93242,14.69905],[120.93256,14.69928],[120.9327,14.69906],[120.93242,14.69905]]],[[[120.9327,14.69906],[120.93294,14.69865],[120.93294,14.69852],[120.93271,14.69851],[120.9327,14.69906]]],[[[120.93158,14.69986],[120.93172,14.7],[120.93158,14.70009],[120.93158,14.69986]]],[[[120.93107,14.70017],[120.93125,14.7004],[120.9313,14.70013],[120.93107,14.70017]]],[[[120.93088,14.70067],[120.93074,14.70044],[120.93074,14.70067],[120.93088,14.70067]]],[[[120.93018,14.70098],[120.93032,14.70116],[120.93018,14.7012],[120.93018,14.70098]]],[[[120.92962,14.70147],[120.92975,14.70161],[120.92961,14.70169],[120.92962,14.70147]]],[[[120.92905,14.70201],[120.92919,14.70223],[120.92905,14.70223],[120.92905,14.70201]]],[[[120.92209,14.70226],[120.92223,14.70235],[120.92209,14.70244],[120.92209,14.70226]]],[[[120.92575,14.70252],[120.92543,14.70229],[120.92575,14.70247],[120.92575,14.70252]]],[[[120.92181,14.70248],[120.92186,14.70253],[120.92181,14.70262],[120.92181,14.70248]]],[[[120.92153,14.70275],[120.92157,14.7028],[120.92153,14.7028],[120.92153,14.70275]]],[[[120.92097,14.70306],[120.92111,14.70324],[120.92097,14.70324],[120.92097,14.70306]]],[[[120.91989,14.70409],[120.91998,14.70423],[120.91984,14.70432],[120.91989,14.70409]]],[[[120.92597,14.70473],[120.92601,14.70482],[120.92596,14.70496],[120.92597,14.70473]]],[[[120.91877,14.70512],[120.92399,14.70698],[120.92394,14.70734],[120.92348,14.70787],[120.92292,14.70769],[120.9231,14.70832],[120.9223,14.70913],[120.92245,14.70814],[120.9212,14.7079],[120.91783,14.70565],[120.91877,14.70512]]],[[[120.91479,14.70843],[120.91493,14.70834],[120.91493,14.70852],[120.91479,14.70843]]],[[[120.91493,14.70861],[120.91502,14.70866],[120.91493,14.70866],[120.91493,14.70861]]],[[[120.92179,14.7093],[120.92197,14.70949],[120.92174,14.70967],[120.92179,14.7093]]],[[[120.92123,14.7098],[120.92132,14.71002],[120.92118,14.71002],[120.92123,14.7098]]],[[[120.9209,14.71011],[120.92095,14.7102],[120.92113,14.71007],[120.9209,14.71011]]],[[[120.92076,14.71056],[120.92048,14.71038],[120.92034,14.7106],[120.92076,14.71056]]],[[[120.91926,14.71168],[120.91935,14.71172],[120.91935,14.71168],[120.91926,14.71168]]],[[[120.91926,14.71181],[120.91917,14.71172],[120.91917,14.71181],[120.91926,14.71181]]],[[[120.91894,14.71181],[120.91907,14.7119],[120.91907,14.71181],[120.91894,14.71181]]],[[[120.91879,14.71208],[120.9187,14.71194],[120.9187,14.71208],[120.91879,14.71208]]],[[[120.91824,14.71221],[120.91837,14.71226],[120.91824,14.71226],[120.91824,14.71221]]],[[[120.94156,14.6896],[120.94147,14.68951],[120.94157,14.68951],[120.94156,14.6896]]],[[[120.93098,14.68942],[120.9308,14.68933],[120.93098,14.68933],[120.93098,14.68942]]],[[[120.94008,14.68914],[120.94004,14.68905],[120.94008,14.68905],[120.94008,14.68914]]],[[[120.93795,14.68903],[120.93809,14.68907],[120.93795,14.68907],[120.93795,14.68903]]],[[[120.93173,14.68902],[120.93182,14.68906],[120.93173,14.68906],[120.93173,14.68902]]],[[[120.9335,14.68799],[120.9336,14.68808],[120.9336,14.68799],[120.9335,14.68799]]],[[[120.9335,14.68817],[120.93336,14.68808],[120.93336,14.68817],[120.9335,14.68817]]],[[[120.9336,14.68795],[120.93378,14.688],[120.93378,14.68795],[120.9336,14.68795]]],[[[120.93434,14.68755],[120.93444,14.68764],[120.93444,14.68755],[120.93434,14.68755]]],[[[120.93434,14.68768],[120.9342,14.68764],[120.9342,14.68768],[120.93434,14.68768]]],[[[120.93444,14.68746],[120.93453,14.68755],[120.93453,14.68746],[120.93444,14.68746]]],[[[120.9349,14.68737],[120.93481,14.68728],[120.9349,14.68728],[120.9349,14.68737]]],[[[120.93509,14.68728],[120.935,14.68719],[120.93509,14.68719],[120.93509,14.68728]]],[[[120.93527,14.6872],[120.93518,14.68715],[120.93528,14.68715],[120.93527,14.6872]]],[[[120.93546,14.68693],[120.93555,14.68702],[120.93556,14.68693],[120.93546,14.68693]]],[[[120.93546,14.68711],[120.93532,14.68702],[120.93532,14.68711],[120.93546,14.68711]]],[[[120.93956,14.68583],[120.93951,14.68579],[120.93956,14.68579],[120.93956,14.68583]]],[[[120.93956,14.6857],[120.93951,14.68556],[120.93956,14.68556],[120.93956,14.6857]]],[[[120.93729,14.68554],[120.93756,14.68559],[120.93729,14.68559],[120.93729,14.68554]]],[[[120.93613,14.68553],[120.93631,14.68522],[120.93576,14.68539],[120.93586,14.68458],[120.93475,14.68412],[120.93568,14.68322],[120.93504,14.68277],[120.93522,14.6834],[120.93503,14.68349],[120.93495,14.68268],[120.93398,14.68226],[120.93476,14.68231],[120.93624,14.68341],[120.93632,14.68418],[120.93563,14.68444],[120.93669,14.68477],[120.93678,14.68549],[120.93613,14.68553]]],[[[120.94012,14.68503],[120.94008,14.68489],[120.94012,14.68489],[120.94012,14.68503]]],[[[120.93994,14.68448],[120.93985,14.68425],[120.94004,14.68435],[120.93994,14.68448]]],[[[120.93948,14.68371],[120.93931,14.68298],[120.93987,14.68263],[120.94023,14.68344],[120.93948,14.68371]]],[[[120.94042,14.68272],[120.94108,14.68205],[120.94247,14.68193],[120.94257,14.68112],[120.94229,14.68175],[120.94155,14.68174],[120.94184,14.68048],[120.94341,14.68103],[120.94331,14.68139],[120.94285,14.68121],[120.94265,14.68229],[120.94163,14.68282],[120.94089,14.68246],[120.94061,14.68282],[120.94116,14.683],[120.9407,14.68327],[120.94042,14.68272]]],[[[120.94295,14.68058],[120.94276,14.6804],[120.94295,14.6804],[120.94295,14.68058]]],[[[120.94592,14.68042],[120.94569,14.68024],[120.94597,14.6802],[120.94592,14.68042]]],[[[120.94091,14.6802],[120.94147,14.67975],[120.94175,14.68011],[120.94091,14.6802]]],[[[120.93785,14.67999],[120.93794,14.68008],[120.93785,14.68008],[120.93785,14.67999]]],[[[120.94063,14.68011],[120.94072,14.68029],[120.94063,14.68029],[120.94063,14.68011]]],[[[120.94932,14.67964],[120.94936,14.67969],[120.94936,14.67964],[120.94932,14.67964]]],[[[120.94931,14.67991],[120.94904,14.67968],[120.94917,14.67995],[120.94931,14.67991]]],[[[120.94695,14.67962],[120.94653,14.67993],[120.94658,14.67934],[120.94695,14.67962]]],[[[120.94955,14.67964],[120.94959,14.67969],[120.94946,14.67969],[120.94955,14.67964]]],[[[120.95484,14.67969],[120.95466,14.67946],[120.95493,14.67946],[120.95484,14.67969]]],[[[120.95011,14.67938],[120.94992,14.67919],[120.95011,14.67919],[120.95011,14.67938]]],[[[120.94333,14.67904],[120.94361,14.67959],[120.94296,14.67967],[120.94333,14.67904]]],[[[120.9412,14.67848],[120.94073,14.6792],[120.94222,14.67894],[120.94277,14.67949],[120.94287,14.67895],[120.94399,14.67869],[120.94371,14.67833],[120.94269,14.67877],[120.94279,14.67814],[120.94353,14.67796],[120.94362,14.67832],[120.9439,14.67787],[120.9427,14.67777],[120.94279,14.67741],[120.94233,14.67732],[120.94195,14.67768],[120.94251,14.67813],[120.94195,14.67822],[120.94204,14.67858],[120.94037,14.67811],[120.94037,14.67857],[120.9412,14.67848]]],[[[120.94167,14.67786],[120.94233,14.67687],[120.94261,14.67714],[120.94234,14.67632],[120.94299,14.67579],[120.94401,14.67652],[120.94326,14.67733],[120.94418,14.67779],[120.94474,14.67743],[120.94494,14.67626],[120.94429,14.67643],[120.94439,14.67562],[120.94504,14.67563],[120.94467,14.67508],[120.94514,14.67499],[120.94541,14.67572],[120.94606,14.67554],[120.94588,14.67473],[120.94625,14.67464],[120.94551,14.67427],[120.94607,14.67419],[120.94626,14.67356],[120.94515,14.67346],[120.94571,14.67274],[120.94563,14.67193],[120.94434,14.67069],[120.94354,14.67177],[120.9427,14.67208],[120.94292,14.67344],[120.94273,14.67398],[120.94213,14.6737],[120.94226,14.67461],[120.94129,14.67451],[120.94197,14.67587],[120.94151,14.67587],[120.94103,14.67767],[120.94167,14.67786]]],[[[120.94541,14.67572],[120.94503,14.67671],[120.94587,14.67636],[120.94623,14.67672],[120.94633,14.67627],[120.94541,14.67572]]],[[[120.94644,14.6741],[120.94616,14.67446],[120.94653,14.67446],[120.94644,14.6741]]],[[[120.94371,14.67887],[120.94361,14.67896],[120.94371,14.67896],[120.94371,14.67887]]],[[[120.9386,14.67882],[120.93841,14.67954],[120.93822,14.67954],[120.93813,14.67936],[120.9386,14.67882]]],[[[120.94166,14.67966],[120.94185,14.6793],[120.94184,14.67966],[120.94166,14.67966]]],[[[120.95503,14.67892],[120.95489,14.67879],[120.95503,14.67888],[120.95503,14.67892]]],[[[120.94482,14.67879],[120.94487,14.67888],[120.94482,14.67888],[120.94482,14.67879]]],[[[120.95049,14.67857],[120.95044,14.67838],[120.95049,14.67839],[120.95049,14.67857]]],[[[120.95494,14.67851],[120.9549,14.67838],[120.95494,14.67838],[120.95494,14.67851]]],[[[120.94576,14.67816],[120.94571,14.67807],[120.94576,14.67807],[120.94576,14.67816]]],[[[120.94822,14.67724],[120.94905,14.67806],[120.95045,14.6778],[120.95096,14.67703],[120.9506,14.67676],[120.95199,14.67614],[120.952,14.67578],[120.95125,14.67604],[120.95107,14.67523],[120.95214,14.67497],[120.95201,14.67406],[120.95341,14.67349],[120.95259,14.67181],[120.95246,14.66593],[120.9518,14.66737],[120.95221,14.66751],[120.95221,14.66832],[120.95165,14.66864],[120.95122,14.66999],[120.95038,14.67052],[120.95046,14.67097],[120.95149,14.67098],[120.95074,14.67116],[120.95129,14.67216],[120.95217,14.67185],[120.95082,14.6727],[120.9516,14.6732],[120.95146,14.67415],[120.95048,14.6745],[120.95075,14.67482],[120.94963,14.67567],[120.94958,14.6763],[120.94822,14.67724]]],[[[120.94818,14.67724],[120.94823,14.67719],[120.94818,14.67719],[120.94818,14.67724]]],[[[120.95118,14.67414],[120.95109,14.67405],[120.95108,14.67414],[120.95118,14.67414]]],[[[120.95077,14.67753],[120.95096,14.67767],[120.95096,14.67753],[120.95077,14.67753]]],[[[120.95077,14.6778],[120.95073,14.67775],[120.95073,14.6778],[120.95077,14.6778]]],[[[120.95523,14.67757],[120.95518,14.67752],[120.95523,14.67752],[120.95523,14.67757]]],[[[120.95256,14.67542],[120.9527,14.6756],[120.9527,14.67542],[120.95256,14.67542]]],[[[120.95256,14.6756],[120.95246,14.67551],[120.95246,14.6756],[120.95256,14.6756]]],[[[120.95293,14.67538],[120.95284,14.67533],[120.95293,14.67533],[120.95293,14.67538]]],[[[120.95298,14.67484],[120.95354,14.67457],[120.9535,14.67403],[120.95299,14.6743],[120.95298,14.67484]]],[[[120.95298,14.67488],[120.95284,14.67484],[120.95284,14.67488],[120.95298,14.67488]]],[[[120.95294,14.6743],[120.95299,14.67425],[120.95294,14.67425],[120.95294,14.6743]]],[[[120.95581,14.67486],[120.95549,14.67472],[120.95581,14.67482],[120.95581,14.67486]]],[[[120.95516,14.67459],[120.95382,14.67417],[120.95517,14.67454],[120.95516,14.67459]]],[[[120.95494,14.6735],[120.95439,14.67327],[120.95494,14.67345],[120.95494,14.6735]]],[[[120.95383,14.67322],[120.95388,14.67281],[120.95425,14.67322],[120.95383,14.67322]]],[[[120.95356,14.67227],[120.9537,14.67268],[120.95361,14.67227],[120.95356,14.67227]]],[[[120.95356,14.6729],[120.95342,14.67267],[120.95351,14.6729],[120.95356,14.6729]]],[[[120.95329,14.67186],[120.95334,14.67109],[120.95381,14.671],[120.95419,14.66974],[120.9533,14.67046],[120.95329,14.67186]]],[[[120.95328,14.67236],[120.95315,14.67186],[120.95324,14.67235],[120.95328,14.67236]]],[[[120.95438,14.66929],[120.95419,14.66965],[120.95345,14.66947],[120.9536,14.66829],[120.95444,14.66812],[120.95447,14.66893],[120.95448,14.66862],[120.95568,14.66867],[120.95498,14.66998],[120.95447,14.66997],[120.95438,14.66929]]],[[[120.95694,14.66832],[120.95652,14.66823],[120.95694,14.66823],[120.95694,14.66832]]],[[[120.95912,14.66816],[120.95722,14.66805],[120.95764,14.6676],[120.95839,14.66743],[120.95737,14.66742],[120.95784,14.66634],[120.95766,14.66544],[120.95813,14.66499],[120.95803,14.6658],[120.95868,14.66617],[120.9583,14.66689],[120.95885,14.66752],[120.95932,14.6669],[120.9596,14.66708],[120.95912,14.66816]]],[[[120.95969,14.66672],[120.9596,14.66663],[120.95969,14.66663],[120.95969,14.66672]]],[[[120.95933,14.66554],[120.95906,14.66536],[120.95933,14.66545],[120.95933,14.66554]]],[[[120.95878,14.66517],[120.95831,14.66544],[120.95822,14.66526],[120.95878,14.66517]]],[[[120.94969,14.66482],[120.94941,14.66491],[120.94941,14.66473],[120.94969,14.66482]]],[[[120.9573,14.66489],[120.9572,14.66498],[120.9573,14.66498],[120.9573,14.66489]]],[[[120.95702,14.6648],[120.95721,14.66462],[120.95702,14.66462],[120.95702,14.6648]]],[[[120.95785,14.6649],[120.95748,14.6648],[120.95785,14.6648],[120.95785,14.6649]]],[[[120.95447,14.66455],[120.95573,14.66424],[120.95573,14.66397],[120.95452,14.66374],[120.95447,14.66455]]],[[[120.95447,14.66468],[120.95419,14.66455],[120.95419,14.66468],[120.95447,14.66468]]],[[[120.94115,14.66448],[120.94161,14.66484],[120.94078,14.66483],[120.94115,14.66448]]],[[[120.94543,14.66316],[120.94515,14.66397],[120.94357,14.6635],[120.94384,14.66423],[120.94584,14.66447],[120.94561,14.66379],[120.9464,14.66344],[120.94543,14.66316]]],[[[120.94534,14.66316],[120.94543,14.66307],[120.94534,14.66307],[120.94534,14.66316]]],[[[120.94627,14.66326],[120.94641,14.66317],[120.94627,14.66312],[120.94627,14.66326]]],[[[120.9406,14.66348],[120.94079,14.66375],[120.94069,14.66375],[120.9406,14.66348]]],[[[120.94246,14.66377],[120.94246,14.66349],[120.94255,14.6635],[120.94246,14.66377]]],[[[120.94041,14.66393],[120.94032,14.66429],[120.94013,14.66393],[120.94041,14.66393]]],[[[120.95303,14.66431],[120.95287,14.66223],[120.95324,14.66169],[120.95408,14.66179],[120.95407,14.66269],[120.95303,14.66431]]],[[[120.95898,14.66373],[120.95917,14.66346],[120.95935,14.66346],[120.95935,14.66364],[120.95898,14.66373]]],[[[120.95565,14.66271],[120.95561,14.66162],[120.95612,14.66145],[120.95658,14.66217],[120.95612,14.66217],[120.9562,14.6628],[120.95565,14.66271]]],[[[120.95668,14.66163],[120.95705,14.66164],[120.95714,14.66191],[120.95695,14.662],[120.95668,14.66163]]],[[[120.95149,14.66077],[120.95138,14.66195],[120.95083,14.66176],[120.95149,14.66077]]],[[[120.95585,14.66126],[120.95562,14.66108],[120.95575,14.66104],[120.95585,14.66126]]],[[[120.95733,14.66101],[120.95706,14.66073],[120.95724,14.66073],[120.95733,14.66101]]],[[[120.95316,14.66088],[120.95306,14.66133],[120.9526,14.66123],[120.9526,14.66087],[120.95316,14.66088]]],[[[120.9462,14.66046],[120.94546,14.66054],[120.94537,14.66009],[120.9462,14.66046]]],[[[120.94963,14.6604],[120.9495,14.66021],[120.94954,14.66021],[120.94963,14.6604]]],[[[120.95595,14.66045],[120.95619,14.65955],[120.95725,14.65965],[120.95697,14.66028],[120.95595,14.66045]]],[[[120.95475,14.65954],[120.95465,14.65963],[120.95456,14.65944],[120.95475,14.65954]]],[[[120.95688,14.65946],[120.9567,14.65928],[120.95698,14.65928],[120.95688,14.65946]]],[[[120.95262,14.65916],[120.95225,14.65915],[120.95262,14.65889],[120.95262,14.65916]]],[[[120.95708,14.65865],[120.95689,14.65874],[120.95708,14.65874],[120.95708,14.65865]]],[[[120.9567,14.65901],[120.95661,14.65838],[120.95619,14.65919],[120.9567,14.65901]]],[[[120.9606,14.6585],[120.96051,14.65841],[120.96061,14.65841],[120.9606,14.6585]]],[[[120.95736,14.65838],[120.95699,14.65838],[120.95708,14.65775],[120.95727,14.65784],[120.95736,14.65838]]],[[[120.95671,14.65784],[120.9562,14.6581],[120.95621,14.65648],[120.95663,14.65684],[120.95671,14.65784]]],[[[120.95876,14.65758],[120.95867,14.65749],[120.95876,14.65749],[120.95876,14.65758]]],[[[120.95078,14.65679],[120.9505,14.65706],[120.95078,14.65706],[120.95078,14.65679]]],[[[120.95041,14.65679],[120.9505,14.6567],[120.95041,14.6567],[120.95041,14.65679]]],[[[120.95124,14.65761],[120.95152,14.65698],[120.95179,14.65788],[120.95124,14.65761]]],[[[120.9453,14.65737],[120.94558,14.65765],[120.94521,14.65755],[120.9453,14.65737]]],[[[120.94725,14.65766],[120.94734,14.65739],[120.94743,14.65766],[120.94725,14.65766]]],[[[120.94771,14.65758],[120.94784,14.65826],[120.94752,14.6583],[120.94752,14.65794],[120.94771,14.65758]]],[[[120.94585,14.65774],[120.94594,14.65792],[120.94585,14.65792],[120.94585,14.65774]]],[[[120.94734,14.65784],[120.94725,14.65775],[120.94734,14.65775],[120.94734,14.65784]]],[[[120.94381,14.65808],[120.9439,14.65818],[120.94381,14.65817],[120.94381,14.65808]]],[[[120.94371,14.65826],[120.94371,14.65863],[120.94338,14.65876],[120.94339,14.65853],[120.94371,14.65826]]],[[[120.9542,14.65872],[120.95309,14.65853],[120.95347,14.65763],[120.95439,14.65782],[120.95505,14.65737],[120.95522,14.65828],[120.95458,14.65809],[120.9542,14.65872]]],[[[120.95484,14.65918],[120.95504,14.65854],[120.95512,14.65918],[120.95484,14.65918]]],[[[120.94584,14.65883],[120.94612,14.65901],[120.94584,14.65892],[120.94584,14.65883]]],[[[120.94733,14.65906],[120.94756,14.65884],[120.94756,14.65907],[120.94733,14.65906]]],[[[120.9503,14.65905],[120.95021,14.65886],[120.9503,14.65886],[120.9503,14.65905]]],[[[120.94686,14.65883],[120.94696,14.65893],[120.94686,14.65892],[120.94686,14.65883]]],[[[120.95401,14.65899],[120.95429,14.65917],[120.95401,14.65917],[120.95401,14.65899]]],[[[120.95036,14.6576],[120.95049,14.6585],[120.95021,14.65868],[120.95007,14.658],[120.95036,14.6576]]],[[[120.95096,14.6577],[120.95078,14.65751],[120.95096,14.65752],[120.95096,14.6577]]],[[[120.95524,14.65692],[120.95514,14.65674],[120.95524,14.65674],[120.95524,14.65692]]],[[[120.95837,14.65921],[120.95856,14.65876],[120.95874,14.6593],[120.95837,14.65921]]],[[[120.95809,14.65911],[120.95791,14.65884],[120.9581,14.65884],[120.95809,14.65911]]],[[[120.94602,14.65937],[120.94602,14.65964],[120.9463,14.65964],[120.94602,14.65937]]],[[[120.94584,14.65946],[120.94556,14.65909],[120.94528,14.65909],[120.94547,14.65954],[120.94584,14.65946]]],[[[120.94714,14.65938],[120.94728,14.65961],[120.94714,14.6596],[120.94714,14.65938]]],[[[120.95085,14.65941],[120.95076,14.65923],[120.95104,14.65923],[120.95085,14.65941]]],[[[120.94343,14.65935],[120.94352,14.65944],[120.94342,14.65944],[120.94343,14.65935]]],[[[120.9438,14.65953],[120.94407,14.65971],[120.94379,14.65962],[120.9438,14.65953]]],[[[120.95363,14.65971],[120.95354,14.65962],[120.95363,14.65962],[120.95363,14.65971]]],[[[120.95048,14.65977],[120.95066,14.65995],[120.95047,14.65995],[120.95048,14.65977]]],[[[120.9495,14.6599],[120.94964,14.65994],[120.9495,14.65994],[120.9495,14.6599]]],[[[120.95289,14.66006],[120.95289,14.65979],[120.95307,14.66006],[120.95289,14.66006]]],[[[120.94398,14.65998],[120.94416,14.66008],[120.94398,14.66007],[120.94398,14.65998]]],[[[120.94639,14.66028],[120.9463,14.66],[120.94648,14.66001],[120.94639,14.66028]]],[[[120.95186,14.66032],[120.95168,14.66014],[120.95196,14.66014],[120.95186,14.66032]]],[[[120.94545,14.6609],[120.94573,14.66108],[120.94545,14.66108],[120.94545,14.6609]]],[[[120.94981,14.66148],[120.94949,14.66103],[120.95,14.66121],[120.94981,14.66148]]],[[[120.95037,14.66158],[120.95009,14.66139],[120.95037,14.6614],[120.95037,14.66158]]],[[[120.94535,14.66153],[120.94545,14.66162],[120.94535,14.66162],[120.94535,14.66153]]],[[[120.94517,14.66162],[120.94526,14.66171],[120.94517,14.66171],[120.94517,14.66162]]],[[[120.9525,14.66169],[120.95232,14.6615],[120.9525,14.6615],[120.9525,14.66169]]],[[[120.95203,14.66195],[120.95221,14.66259],[120.95184,14.6624],[120.95203,14.66195]]],[[[120.95045,14.66203],[120.95055,14.66221],[120.95045,14.66221],[120.95045,14.66203]]],[[[120.9492,14.66206],[120.94934,14.66247],[120.9492,14.66256],[120.9492,14.66206]]],[[[120.94349,14.66224],[120.94358,14.66233],[120.94349,14.66233],[120.94349,14.66224]]],[[[120.94488,14.66252],[120.94506,14.66279],[120.94488,14.6627],[120.94488,14.66252]]],[[[120.93917,14.66265],[120.93977,14.66302],[120.94005,14.66302],[120.94014,14.6632],[120.93945,14.66306],[120.93917,14.66265]]],[[[120.94098,14.66312],[120.94079,14.66285],[120.94107,14.66285],[120.94098,14.66312]]],[[[120.94274,14.66314],[120.94256,14.66295],[120.94283,14.66296],[120.94274,14.66314]]],[[[120.94608,14.66289],[120.94581,14.6628],[120.94609,14.6628],[120.94608,14.66289]]],[[[120.95008,14.66248],[120.9499,14.66229],[120.95008,14.6623],[120.95008,14.66248]]],[[[120.94988,14.66383],[120.95007,14.66401],[120.94988,14.66401],[120.94988,14.66383]]],[[[120.94979,14.6641],[120.94969,14.66428],[120.9496,14.6641],[120.94979,14.6641]]],[[[120.94328,14.66477],[120.94393,14.66486],[120.94328,14.66459],[120.94328,14.66477]]],[[[120.94365,14.66522],[120.94356,14.66504],[120.94356,14.66522],[120.94365,14.66522]]],[[[120.94523,14.66496],[120.94486,14.66469],[120.94523,14.66469],[120.94523,14.66496]]],[[[120.943,14.66504],[120.94299,14.66576],[120.94327,14.66639],[120.94244,14.66539],[120.943,14.66504]]],[[[120.93966,14.66546],[120.93984,14.66573],[120.94039,14.6661],[120.93909,14.66599],[120.93966,14.66546]]],[[[120.9416,14.66575],[120.94151,14.66565],[120.9416,14.66566],[120.9416,14.66575]]],[[[120.94235,14.66557],[120.94207,14.66548],[120.94235,14.66548],[120.94235,14.66557]]],[[[120.94085,14.66637],[120.94113,14.66655],[120.94085,14.66655],[120.94085,14.66637]]],[[[120.94355,14.6664],[120.94383,14.66568],[120.94466,14.66659],[120.94391,14.66667],[120.94355,14.6664]]],[[[120.94178,14.66656],[120.94196,14.66674],[120.94197,14.66665],[120.94178,14.66656]]],[[[120.94178,14.66683],[120.94159,14.66674],[120.94159,14.66683],[120.94178,14.66683]]],[[[120.94271,14.66666],[120.94382,14.66694],[120.94391,14.66757],[120.94437,14.6674],[120.9447,14.66744],[120.94427,14.66798],[120.94325,14.66825],[120.94353,14.66757],[120.94325,14.66775],[120.94298,14.66757],[120.94363,14.66712],[120.94271,14.66666]]],[[[120.94224,14.66675],[120.94252,14.66702],[120.94224,14.66702],[120.94224,14.66675]]],[[[120.94076,14.667],[120.94103,14.66728],[120.94075,14.66727],[120.94076,14.667]]],[[[120.93862,14.66717],[120.93926,14.66789],[120.93935,14.66853],[120.93806,14.66761],[120.93862,14.66717]]],[[[120.94074,14.66854],[120.94092,14.66908],[120.94037,14.66845],[120.94074,14.66854]]],[[[120.94554,14.67138],[120.9461,14.67166],[120.94647,14.6713],[120.94611,14.67012],[120.94667,14.6695],[120.94732,14.66986],[120.94779,14.66923],[120.94761,14.66797],[120.94807,14.66851],[120.94854,14.66825],[120.94725,14.66706],[120.94818,14.66689],[120.94754,14.66639],[120.94721,14.66665],[120.94716,14.66751],[120.94771,14.66779],[120.94636,14.668],[120.94678,14.66841],[120.9458,14.66854],[120.94552,14.66908],[120.94639,14.66976],[120.94583,14.67003],[120.94523,14.66962],[120.94439,14.67047],[120.94582,14.67084],[120.94601,14.6713],[120.94554,14.67138]]],[[[120.94554,14.67138],[120.94536,14.67093],[120.94517,14.67084],[120.94508,14.67129],[120.94554,14.67138]]],[[[120.94565,14.66967],[120.94574,14.66976],[120.94574,14.66967],[120.94565,14.66967]]],[[[120.94647,14.67148],[120.94693,14.67149],[120.94693,14.67167],[120.94646,14.67193],[120.94647,14.67148]]],[[[120.9499,14.6716],[120.94953,14.6716],[120.94963,14.67133],[120.9499,14.6716]]],[[[120.95008,14.67188],[120.95046,14.67116],[120.95064,14.67161],[120.95008,14.67188]]],[[[120.94935,14.67124],[120.94889,14.67069],[120.94972,14.67088],[120.94991,14.67043],[120.94918,14.66988],[120.94946,14.66925],[120.95001,14.66953],[120.9503,14.66871],[120.95057,14.66998],[120.95009,14.67106],[120.94935,14.67124]]],[[[120.94797,14.6696],[120.94788,14.66987],[120.94779,14.6696],[120.94797,14.6696]]],[[[120.94667,14.66977],[120.94685,14.66995],[120.94667,14.66995],[120.94667,14.66977]]],[[[120.94639,14.67022],[120.94648,14.67049],[120.94629,14.67049],[120.94639,14.67022]]],[[[120.94694,14.67058],[120.94713,14.6704],[120.94722,14.67058],[120.94694,14.67058]]],[[[120.94889,14.6706],[120.94871,14.67042],[120.94889,14.67042],[120.94889,14.6706]]],[[[120.94823,14.67177],[120.94841,14.67186],[120.94823,14.67186],[120.94823,14.67177]]],[[[120.94975,14.66781],[120.94985,14.66763],[120.94994,14.66781],[120.94975,14.66781]]],[[[120.94883,14.6668],[120.94874,14.66671],[120.94883,14.66671],[120.94883,14.6668]]],[[[120.94828,14.66653],[120.94791,14.66625],[120.94828,14.66635],[120.94828,14.66653]]],[[[120.9493,14.66645],[120.94912,14.66617],[120.9494,14.66618],[120.9493,14.66645]]],[[[120.94503,14.66614],[120.94512,14.66623],[120.94503,14.66623],[120.94503,14.66614]]],[[[120.94494,14.66659],[120.94582,14.66664],[120.94493,14.66677],[120.94494,14.66659]]],[[[120.94428,14.66685],[120.94437,14.66731],[120.9441,14.66685],[120.94428,14.66685]]],[[[120.9426,14.66801],[120.94223,14.66828],[120.94205,14.66783],[120.9426,14.66801]]],[[[120.94288,14.66811],[120.94316,14.66784],[120.94316,14.66811],[120.94288,14.66811]]],[[[120.9427,14.66783],[120.94242,14.66765],[120.9427,14.66765],[120.9427,14.66783]]],[[[120.94158,14.66764],[120.94122,14.66737],[120.9415,14.66728],[120.94158,14.66764]]],[[[120.93983,14.66718],[120.94001,14.66736],[120.93982,14.66736],[120.93983,14.66718]]],[[[120.94167,14.66792],[120.94177,14.6681],[120.94158,14.6681],[120.94167,14.66792]]],[[[120.94148,14.66837],[120.94176,14.66873],[120.94213,14.66878],[120.94139,14.66891],[120.94148,14.66837]]],[[[120.94274,14.66851],[120.94269,14.66847],[120.94274,14.66838],[120.94274,14.66851]]],[[[120.9412,14.66909],[120.94157,14.66972],[120.94128,14.6699],[120.9412,14.66909]]],[[[120.93832,14.66915],[120.93823,14.66951],[120.93757,14.66978],[120.93776,14.66915],[120.93832,14.66915]]],[[[120.93887,14.66988],[120.93906,14.6697],[120.93915,14.66997],[120.93887,14.66988]]],[[[120.93813,14.66996],[120.93822,14.67005],[120.93813,14.67005],[120.93813,14.66996]]],[[[120.941,14.67008],[120.94091,14.66999],[120.94101,14.66999],[120.941,14.67008]]],[[[120.94156,14.67008],[120.94138,14.66999],[120.94156,14.66999],[120.94156,14.67008]]],[[[120.93943,14.66997],[120.93924,14.66988],[120.93943,14.66979],[120.93943,14.66997]]],[[[120.94082,14.66953],[120.94055,14.66917],[120.94083,14.66917],[120.94082,14.66953]]],[[[120.93851,14.66933],[120.93869,14.66952],[120.9385,14.6696],[120.93851,14.66933]]],[[[120.94008,14.66962],[120.9399,14.66935],[120.94008,14.66944],[120.94008,14.66962]]],[[[120.93905,14.67051],[120.93886,14.67069],[120.93905,14.67069],[120.93905,14.67051]]],[[[120.93868,14.67051],[120.93878,14.67024],[120.93859,14.67024],[120.93868,14.67051]]],[[[120.93951,14.6707],[120.93988,14.67079],[120.93997,14.67151],[120.94044,14.67098],[120.94053,14.67152],[120.93987,14.67178],[120.93951,14.6707]]],[[[120.93742,14.67095],[120.93784,14.67113],[120.93742,14.67118],[120.93742,14.67095]]],[[[120.93793,14.67141],[120.9383,14.67096],[120.93821,14.67141],[120.93793,14.67141]]],[[[120.93849,14.67132],[120.93858,14.67105],[120.93867,14.67123],[120.93849,14.67132]]],[[[120.93941,14.67142],[120.9396,14.6716],[120.93941,14.6716],[120.93941,14.67142]]],[[[120.93746,14.67145],[120.93765,14.67149],[120.93746,14.67149],[120.93746,14.67145]]],[[[120.93811,14.67168],[120.93858,14.67173],[120.93811,14.67186],[120.93811,14.67168]]],[[[120.94024,14.67206],[120.94034,14.67179],[120.94043,14.67197],[120.94024,14.67206]]],[[[120.94103,14.67202],[120.9409,14.67188],[120.94103,14.67189],[120.94103,14.67202]]],[[[120.94099,14.67161],[120.94062,14.67161],[120.94062,14.67152],[120.94099,14.67161]]],[[[120.94072,14.67116],[120.94091,14.67071],[120.94133,14.67053],[120.94132,14.67144],[120.94072,14.67116]]],[[[120.94063,14.67044],[120.94044,14.67071],[120.94035,14.67043],[120.94063,14.67044]]],[[[120.94026,14.67061],[120.94007,14.6707],[120.93998,14.67043],[120.94026,14.67061]]],[[[120.93915,14.67042],[120.93933,14.67061],[120.93914,14.6706],[120.93915,14.67042]]],[[[120.94875,14.66599],[120.94894,14.66554],[120.9494,14.66563],[120.9493,14.66609],[120.94875,14.66599]]],[[[120.95366,14.6663],[120.95362,14.6659],[120.95376,14.6659],[120.95366,14.6663]]],[[[120.95719,14.66652],[120.95728,14.66625],[120.95728,14.66652],[120.95719,14.66652]]],[[[120.95748,14.66561],[120.95729,14.66534],[120.95757,14.66543],[120.95748,14.66561]]],[[[120.94485,14.66532],[120.94476,14.66568],[120.94383,14.6654],[120.94411,14.66505],[120.94485,14.66532]]],[[[120.94541,14.66569],[120.9455,14.66551],[120.94555,14.66578],[120.94541,14.66569]]],[[[120.94819,14.66589],[120.94847,14.66563],[120.94838,14.6659],[120.94819,14.66589]]],[[[120.94448,14.66586],[120.94457,14.66595],[120.94448,14.66595],[120.94448,14.66586]]],[[[120.95395,14.66549],[120.9539,14.66536],[120.95395,14.66536],[120.95395,14.66549]]],[[[120.957,14.6667],[120.95695,14.66697],[120.95696,14.66669],[120.957,14.6667]]],[[[120.95439,14.66758],[120.95444,14.66776],[120.95439,14.66776],[120.95439,14.66758]]],[[[120.9536,14.66775],[120.95402,14.66802],[120.9536,14.66802],[120.9536,14.66775]]],[[[120.95331,14.66937],[120.95336,14.66946],[120.95331,14.66946],[120.95331,14.66937]]],[[[120.95331,14.66983],[120.95335,14.67019],[120.9533,14.67019],[120.95331,14.66983]]],[[[120.94665,14.67203],[120.94711,14.67248],[120.94674,14.67248],[120.94665,14.67203]]],[[[120.94637,14.67229],[120.94618,14.67274],[120.946,14.67229],[120.94637,14.67229]]],[[[120.9472,14.67293],[120.94739,14.67248],[120.94748,14.67294],[120.9472,14.67293]]],[[[120.94952,14.67268],[120.94906,14.67241],[120.9498,14.67241],[120.94952,14.67268]]],[[[120.95036,14.67242],[120.95027,14.67224],[120.95045,14.67224],[120.95036,14.67242]]],[[[120.94934,14.67223],[120.94915,14.67205],[120.94953,14.67205],[120.94934,14.67223]]],[[[120.94636,14.67302],[120.94627,14.6732],[120.94618,14.67302],[120.94636,14.67302]]],[[[120.94784,14.67357],[120.94747,14.67312],[120.94812,14.67312],[120.94784,14.67357]]],[[[120.94729,14.67348],[120.94691,14.67402],[120.94672,14.67401],[120.94691,14.67347],[120.94729,14.67348]]],[[[120.94728,14.67411],[120.94746,14.6742],[120.94728,14.6742],[120.94728,14.67411]]],[[[120.94663,14.67447],[120.9469,14.67465],[120.94672,14.67474],[120.94663,14.67447]]],[[[120.9469,14.67474],[120.94718,14.67483],[120.9469,14.67501],[120.9469,14.67474]]],[[[120.94625,14.67491],[120.94643,14.67519],[120.94616,14.67509],[120.94625,14.67491]]],[[[120.94587,14.67572],[120.94596,14.67591],[120.94578,14.6759],[120.94587,14.67572]]],[[[120.94577,14.67672],[120.94558,14.67726],[120.94539,14.67726],[120.9453,14.67707],[120.94577,14.67672]]],[[[120.94317,14.67678],[120.94299,14.67651],[120.94317,14.67651],[120.94317,14.67678]]],[[[120.94598,14.67446],[120.94588,14.67437],[120.94598,14.67437],[120.94598,14.67446]]],[[[120.93685,14.67226],[120.9369,14.6723],[120.93685,14.6723],[120.93685,14.67226]]],[[[120.94242,14.6723],[120.94256,14.67253],[120.94242,14.67262],[120.94242,14.6723]]],[[[120.94072,14.67532],[120.94123,14.67586],[120.94113,14.67622],[120.94072,14.67604],[120.94072,14.67532]]],[[[120.94048,14.67608],[120.94058,14.67631],[120.94044,14.6764],[120.94048,14.67608]]],[[[120.9416,14.67569],[120.9417,14.67542],[120.94179,14.67569],[120.9416,14.67569]]],[[[120.94019,14.67757],[120.94075,14.67785],[120.94074,14.67803],[120.94014,14.67793],[120.94019,14.67757]]],[[[120.93917,14.6777],[120.93926,14.67774],[120.93917,14.67774],[120.93917,14.6777]]],[[[120.93903,14.67783],[120.93917,14.67797],[120.93903,14.67797],[120.93903,14.67783]]],[[[120.93889,14.67824],[120.93879,14.67851],[120.93851,14.67823],[120.93889,14.67824]]],[[[120.94009,14.67856],[120.93991,14.67829],[120.94009,14.67838],[120.94009,14.67856]]],[[[120.94444,14.67978],[120.94435,14.67969],[120.94444,14.67969],[120.94444,14.67978]]],[[[120.94296,14.67985],[120.94305,14.6799],[120.94296,14.6799],[120.94296,14.67985]]],[[[120.93988,14.68109],[120.93997,14.68127],[120.93988,14.68127],[120.93988,14.68109]]],[[[120.93457,14.68303],[120.93466,14.68321],[120.93448,14.68321],[120.93457,14.68303]]],[[[120.95728,14.6564],[120.9571,14.6563],[120.95728,14.65631],[120.95728,14.6564]]],[[[120.95543,14.65629],[120.95524,14.6562],[120.95543,14.65611],[120.95543,14.65629]]],[[[120.94763,14.65586],[120.94754,14.65613],[120.94745,14.65595],[120.94763,14.65586]]],[[[120.95385,14.656],[120.95376,14.65591],[120.95385,14.65591],[120.95385,14.656]]],[[[120.95552,14.65593],[120.95534,14.65584],[120.95553,14.65575],[120.95552,14.65593]]],[[[120.9572,14.65549],[120.9571,14.65558],[120.9572,14.65558],[120.9572,14.65549]]],[[[120.95692,14.65576],[120.95679,14.65504],[120.9565,14.65576],[120.95692,14.65576]]],[[[120.95739,14.65531],[120.9572,14.65513],[120.95739,14.65513],[120.95739,14.65531]]],[[[120.94718,14.65513],[120.94745,14.6555],[120.94708,14.6554],[120.94718,14.65513]]],[[[120.94921,14.65583],[120.9494,14.65533],[120.9494,14.65583],[120.94921,14.65583]]],[[[120.95535,14.65475],[120.95369,14.65329],[120.95235,14.65287],[120.95268,14.65261],[120.95416,14.6533],[120.95572,14.65439],[120.95535,14.65475]]],[[[120.95694,14.65386],[120.95712,14.65359],[120.95712,14.65386],[120.95694,14.65386]]],[[[120.95852,14.65352],[120.95842,14.65342],[120.95852,14.65342],[120.95852,14.65352]]],[[[120.95797,14.65243],[120.95759,14.65287],[120.95834,14.65252],[120.95797,14.65243]]],[[[120.95722,14.65269],[120.95741,14.6526],[120.95723,14.6526],[120.95722,14.65269]]],[[[120.95175,14.6526],[120.95137,14.653],[120.95096,14.65273],[120.95101,14.65236],[120.95175,14.6526]]],[[[120.94887,14.65244],[120.94818,14.65234],[120.94818,14.65198],[120.94841,14.65225],[120.94887,14.65244]]],[[[120.95825,14.65216],[120.95733,14.65179],[120.95835,14.65144],[120.95825,14.65216]]],[[[120.95881,14.65162],[120.95863,14.65144],[120.95881,14.65144],[120.95881,14.65162]]],[[[120.94791,14.6517],[120.94804,14.65175],[120.94791,14.65175],[120.94791,14.6517]]],[[[120.9511,14.65291],[120.95063,14.65317],[120.9504,14.65286],[120.9511,14.65291]]],[[[120.94989,14.65312],[120.95026,14.65353],[120.9497,14.65353],[120.94989,14.65312]]],[[[120.94914,14.65334],[120.94933,14.65352],[120.94914,14.65352],[120.94914,14.65334]]],[[[120.95724,14.65143],[120.95714,14.65133],[120.95724,14.65134],[120.95724,14.65143]]],[[[120.95622,14.65128],[120.95576,14.65096],[120.95576,14.65078],[120.9565,14.65097],[120.95622,14.65128]]],[[[120.95807,14.65125],[120.95789,14.65116],[120.95807,14.65116],[120.95807,14.65125]]],[[[120.95845,14.65117],[120.95835,14.65098],[120.95845,14.65098],[120.95845,14.65117]]],[[[120.95678,14.6507],[120.95687,14.65079],[120.95687,14.6507],[120.95678,14.6507]]],[[[120.95668,14.65097],[120.95659,14.65079],[120.95659,14.65097],[120.95668,14.65097]]],[[[120.95687,14.65061],[120.95696,14.6507],[120.95697,14.65061],[120.95687,14.65061]]],[[[120.94824,14.65053],[120.94796,14.65125],[120.94759,14.6512],[120.94778,14.65044],[120.94824,14.65053]]],[[[120.95334,14.65103],[120.95325,14.65094],[120.95334,14.65094],[120.95334,14.65103]]],[[[120.95585,14.65042],[120.95567,14.64997],[120.95614,14.64979],[120.95641,14.65033],[120.95585,14.65042]]],[[[120.95743,14.65034],[120.95716,14.65016],[120.95743,14.65007],[120.95743,14.65034]]],[[[120.95651,14.64997],[120.95669,14.65025],[120.95651,14.65015],[120.95651,14.64997]]],[[[120.95836,14.6499],[120.95809,14.64963],[120.95846,14.64963],[120.95836,14.6499]]],[[[120.95865,14.64963],[120.95855,14.64954],[120.95865,14.64954],[120.95865,14.64963]]],[[[120.95763,14.64872],[120.95651,14.64979],[120.95624,14.64889],[120.95685,14.64808],[120.95763,14.64872]]],[[[120.95883,14.64927],[120.95856,14.64918],[120.95883,14.64918],[120.95883,14.64927]]],[[[120.95772,14.64917],[120.95754,14.64908],[120.95772,14.64899],[120.95772,14.64917]]],[[[120.95837,14.64909],[120.95828,14.6489],[120.95837,14.64891],[120.95837,14.64909]]],[[[120.95857,14.64809],[120.95847,14.648],[120.95857,14.648],[120.95857,14.64809]]],[[[120.95607,14.64744],[120.95541,14.64816],[120.95487,14.6468],[120.95607,14.64744]]],[[[120.95439,14.64761],[120.95281,14.64786],[120.95208,14.64677],[120.95293,14.64588],[120.95339,14.64597],[120.95439,14.64761]]],[[[120.94968,14.64603],[120.94977,14.64612],[120.94967,14.64612],[120.94968,14.64603]]],[[[120.94995,14.64657],[120.95032,14.64703],[120.94984,14.64784],[120.94966,14.64747],[120.94864,14.64764],[120.94995,14.64657]]],[[[120.95466,14.64878],[120.95475,14.64887],[120.95466,14.64887],[120.95466,14.64878]]],[[[120.94877,14.64909],[120.94881,14.64972],[120.94853,14.64959],[120.94877,14.64909]]],[[[120.95744,14.64989],[120.95762,14.64962],[120.95762,14.64989],[120.95744,14.64989]]],[[[120.96035,14.64567],[120.96007,14.64567],[120.96008,14.64549],[120.96035,14.64567]]],[[[120.95348,14.6457],[120.95358,14.64579],[120.95348,14.64579],[120.95348,14.6457]]],[[[120.94857,14.64548],[120.94848,14.64529],[120.94857,14.64529],[120.94857,14.64548]]],[[[120.95163,14.64532],[120.95145,14.64505],[120.95173,14.64505],[120.95163,14.64532]]],[[[120.95776,14.64529],[120.95795,14.64429],[120.95832,14.6443],[120.95813,14.64529],[120.95776,14.64529]]],[[[120.95693,14.64483],[120.9573,14.64501],[120.95702,14.64519],[120.95693,14.64483]]],[[[120.95034,14.64495],[120.95043,14.64522],[120.95033,14.64522],[120.95034,14.64495]]],[[[120.94894,14.64476],[120.94885,14.64512],[120.94857,14.64511],[120.94894,14.64476]]],[[[120.95156,14.64297],[120.95138,14.64279],[120.95156,14.64279],[120.95156,14.64297]]],[[[120.95166,14.64252],[120.95157,14.64234],[120.95166,14.64234],[120.95166,14.64252]]],[[[120.95222,14.64216],[120.95213,14.64207],[120.95222,14.64207],[120.95222,14.64216]]],[[[120.95334,14.64154],[120.95278,14.64118],[120.95343,14.64118],[120.95334,14.64154]]],[[[120.95241,14.64126],[120.9526,14.64135],[120.95241,14.64144],[120.95241,14.64126]]],[[[120.95252,14.63955],[120.95308,14.63946],[120.95308,14.63973],[120.9527,14.63982],[120.95252,14.63955]]],[[[120.95382,14.63965],[120.95373,14.63956],[120.95382,14.63956],[120.95382,14.63965]]],[[[120.95374,14.63802],[120.95356,14.63793],[120.95374,14.63793],[120.95374,14.63802]]],[[[120.9557,14.63677],[120.95543,14.6365],[120.95561,14.63641],[120.9557,14.63677]]],[[[120.95796,14.64384],[120.95777,14.64357],[120.95796,14.64357],[120.95796,14.64384]]],[[[120.95536,14.64355],[120.9549,14.64336],[120.95499,14.64291],[120.95659,14.64157],[120.95639,14.64256],[120.95536,14.64355]]],[[[120.95862,14.64285],[120.95861,14.64312],[120.95871,14.64267],[120.95862,14.64285]]],[[[120.95797,14.64285],[120.95825,14.64258],[120.95797,14.64267],[120.95797,14.64285]]],[[[120.95796,14.64303],[120.95806,14.64312],[120.95796,14.64312],[120.95796,14.64303]]],[[[120.95778,14.6423],[120.9576,14.64212],[120.95788,14.64212],[120.95778,14.6423]]],[[[120.96347,14.63973],[120.96329,14.63901],[120.96366,14.63892],[120.96384,14.63937],[120.96347,14.63973]]],[[[120.9634,14.63774],[120.96321,14.63765],[120.9634,14.63765],[120.9634,14.63774]]],[[[120.96294,14.63729],[120.96284,14.6372],[120.96294,14.6372],[120.96294,14.63729]]],[[[120.96104,14.66194],[120.96085,14.66185],[120.96104,14.66185],[120.96104,14.66194]]],[[[120.95459,14.68163],[120.95369,14.68325],[120.95346,14.68325],[120.95324,14.68193],[120.9538,14.68135],[120.95459,14.68163]]],[[[120.94535,14.68209],[120.94539,14.68214],[120.94535,14.68213],[120.94535,14.68209]]],[[[120.94329,14.68356],[120.94357,14.68366],[120.94329,14.68365],[120.94329,14.68356]]],[[[120.94788,14.68401],[120.94894,14.68483],[120.94812,14.68351],[120.94788,14.68401]]],[[[120.94843,14.68478],[120.9482,14.68455],[120.9482,14.6846],[120.94843,14.68478]]],[[[120.94562,14.68801],[120.94566,14.68806],[120.94566,14.68801],[120.94562,14.68801]]],[[[120.94562,14.68819],[120.94539,14.68805],[120.94538,14.6881],[120.94562,14.68819]]],[[[120.94937,14.68832],[120.94952,14.68809],[120.94951,14.68836],[120.94937,14.68832]]],[[[120.94064,14.68887],[120.94055,14.68869],[120.94064,14.68869],[120.94064,14.68887]]],[[[120.94158,14.68843],[120.94148,14.68834],[120.94158,14.68834],[120.94158,14.68843]]],[[[120.94093,14.68815],[120.94112,14.68788],[120.94121,14.68815],[120.94093,14.68815]]],[[[120.94084,14.6877],[120.94075,14.68788],[120.94084,14.68788],[120.94084,14.6877]]],[[[120.94047,14.68769],[120.94066,14.68761],[120.94038,14.68742],[120.94047,14.68769]]],[[[120.92781,14.73032],[120.92819,14.72951],[120.92819,14.73015],[120.92874,14.73024],[120.92856,14.72934],[120.92912,14.72943],[120.92922,14.72916],[120.92819,14.72933],[120.92781,14.73032]]],[[[120.92732,14.73294],[120.92798,14.73186],[120.92818,14.73024],[120.92673,14.73275],[120.92732,14.73294]]],[[[120.92656,14.73555],[120.92712,14.73529],[120.92695,14.73357],[120.92732,14.73339],[120.92667,14.7332],[120.92629,14.73401],[120.92639,14.7332],[120.92584,14.73284],[120.92656,14.73555]]]]}}],"properties":{"source":"Project NOAH (DOST)","hazard":"storm-surge","advisory":"SSA2"}}