{
  "type": "FeatureCollection",
  "features": [
    {
      "type": "Feature",
      "properties": {
        "name": "DELPAN SPORTS COMPLEX",
        "barangay_input": "BARANGAY 20",
        "barangay_resolved": "Barangay 20",
        "municipality_input": "City of Manila",
        "facility_type": "GYM/SPORTS FACILITY",
        "facility_status": "TEMPORARY",
        "geocode_provider": "osm",
        "geocode_query": "OSM:Delpan Evacuation Center",
        "confidence": 1,
        "verified": true,
        "uncertainty_radius_m": 80,
        "needs_review": false,
        "review_reason": ""
      },
      "geometry": {
        "type": "Point",
        "coordinates": [
          120.9658314,
          14.5990048
        ]
      }
    },
    {
      "type": "Feature",
      "properties": {
        "name": "OVP BUILDING 1",
        "barangay_input": "BARANGAY 101",
        "barangay_resolved": "Barangay 101",
        "municipality_input": "City of Manila",
        "facility_type": "MULTI-PURPOSE BUILDING",
        "facility_status": "TEMPORARY",
        "geocode_provider": "geoapify",
        "geocode_query": "OVP BUILDING 1, Barangay 101, MANILA",
        "confidence": 0.4,
        "verified": false,
        "uncertainty_radius_m": 183,
        "needs_review": true,
        "review_reason": "unverified_location"
      },
      "geometry": {
        "type": "Point",
        "coordinates": [
          120.960699,
          14.627461
        ]
      }
    },
    {
      "type": "Feature",
      "properties": {
        "name": "BARANGAY 105 COVERED COURT",
        "barangay_input": "BARANGAY 105",
        "barangay_resolved": "Barangay 105",
        "municipality_input": "City of Manila",
        "facility_type": "GYM/SPORTS FACILITY",
        "facility_status": "TEMPORARY",
        "geocode_provider": "osm",
        "geocode_query": "OSM:Barangay 105 MRF",
        "confidence": 1,
        "verified": true,
        "uncertainty_radius_m": 80,
        "needs_review": false,
        "review_reason": ""
      },
      "geometry": {
        "type": "Point",
        "coordinates": [
          120.9590703,
          14.6212413
        ]
      }
    },
    {
      "type": "Feature",
      "properties": {
        "name": "VITAS BUILDING 18 COVERED COURT",
        "barangay_input": "BARANGAY 128",
        "barangay_resolved": "Barangay 128",
        "municipality_input": "City of Manila",
        "facility_type": "GYM/SPORTS FACILITY",
        "facility_status": "TEMPORARY",
        "geocode_provider": "osm",
        "geocode_query": "OSM:sports_hall",
        "confidence": 1,
        "verified": true,
        "uncertainty_radius_m": 80,
        "needs_review": false,
        "review_reason": ""
      },
      "geometry": {
        "type": "Point",
        "coordinates": [
          120.9621569,
          14.6310236
        ]
      }
    },
    {
      "type": "Feature",
      "properties": {
        "name": "VICENTE LIM ELEMENTARY SCHOOL",
        "barangay_input": "BARANGAY 110",
        "barangay_resolved": "Barangay 110",
        "municipality_input": "City of Manila",
        "facility_type": "SCHOOL",
        "facility_status": "TEMPORARY",
        "geocode_provider": "osm",
        "geocode_query": "OSM:General Vicente Lim Elementary School",
        "confidence": 1,
        "verified": true,
        "uncertainty_radius_m": 50,
        "needs_review": false,
        "review_reason": "Manually verified & pinned by user",
        "triangulated": true
      },
      "geometry": {
        "type": "Point",
        "coordinates": [
          120.96149735769043,
          14.624126987816355
        ]
      }
    },
    {
      "type": "Feature",
      "properties": {
        "name": "ANTONIO VILLEGAS HIGH SCHOOL",
        "barangay_input": "BARANGAY 112",
        "barangay_resolved": "Barangay 112",
        "municipality_input": "City of Manila",
        "facility_type": "SCHOOL",
        "facility_status": "TEMPORARY",
        "geocode_provider": "osm",
        "geocode_query": "OSM:Antonio J. Villegas Vocational High School",
        "confidence": 1,
        "verified": true,
        "uncertainty_radius_m": 50,
        "needs_review": false,
        "review_reason": "Manually verified & pinned by user",
        "triangulated": true
      },
      "geometry": {
        "type": "Point",
        "coordinates": [
          120.96124812884241,
          14.623690725675319
        ]
      }
    },
    {
      "type": "Feature",
      "properties": {
        "name": "ROSAURO ALMARIO ELEMENTARY SCHOOL",
        "barangay_input": "BARANGAY 20",
        "barangay_resolved": "Barangay 20",
        "municipality_input": "City of Manila",
        "facility_type": "SCHOOL",
        "facility_status": "TEMPORARY",
        "geocode_provider": "osm",
        "geocode_query": "OSM:Rosauro Almario Elementary School - Island Puting Bato Annex",
        "confidence": 1,
        "verified": true,
        "uncertainty_radius_m": 80,
        "needs_review": false,
        "review_reason": ""
      },
      "geometry": {
        "type": "Point",
        "coordinates": [
          120.9534135,
          14.6043955
        ]
      }
    },
    {
      "type": "Feature",
      "properties": {
        "name": "BARANGAY 199 MULTI-PURPOSE HALL",
        "barangay_input": "BARANGAY 199",
        "barangay_resolved": "Barangay 199",
        "municipality_input": "City of Manila",
        "facility_type": "BARANGAY HALL FACILITY",
        "facility_status": "TEMPORARY",
        "geocode_provider": "geoapify",
        "geocode_query": "Barangay 199 Covered Court, MANILA",
        "confidence": 0.8,
        "verified": true,
        "uncertainty_radius_m": 300,
        "needs_review": false,
        "review_reason": ""
      },
      "geometry": {
        "type": "Point",
        "coordinates": [
          120.975883,
          14.636654
        ]
      }
    },
    {
      "type": "Feature",
      "properties": {
        "name": "BARANGAY 200 MULTI-PURPOSE HALL",
        "barangay_input": "BARANGAY 200",
        "barangay_resolved": "Barangay 200",
        "municipality_input": "City of Manila",
        "facility_type": "BARANGAY HALL FACILITY",
        "facility_status": "TEMPORARY",
        "geocode_provider": "geoapify",
        "geocode_query": "Barangay 200 Covered Court, MANILA",
        "confidence": 0.8,
        "verified": true,
        "uncertainty_radius_m": 300,
        "needs_review": false,
        "review_reason": ""
      },
      "geometry": {
        "type": "Point",
        "coordinates": [
          120.975883,
          14.636654
        ]
      }
    },
    {
      "type": "Feature",
      "properties": {
        "name": "FELIPE G. CALDERON INTEGRATED SCHOOL",
        "barangay_input": "BARANGAY 202",
        "barangay_resolved": "Barangay 202",
        "municipality_input": "City of Manila",
        "facility_type": "SCHOOL",
        "facility_status": "TEMPORARY",
        "geocode_provider": "osm",
        "geocode_query": "OSM:Felipe G. Calderon Integrated School",
        "confidence": 1,
        "verified": true,
        "uncertainty_radius_m": 80,
        "needs_review": false,
        "review_reason": ""
      },
      "geometry": {
        "type": "Point",
        "coordinates": [
          120.9788361,
          14.6316847
        ]
      }
    },
    {
      "type": "Feature",
      "properties": {
        "name": "BARANGAY 204 BARANGAY HALL",
        "barangay_input": "BARANGAY 204",
        "barangay_resolved": "Barangay 204",
        "municipality_input": "City of Manila",
        "facility_type": "BARANGAY HALL FACILITY",
        "facility_status": "TEMPORARY",
        "geocode_provider": "geoapify",
        "geocode_query": "Barangay 204 Barangay Hall",
        "confidence": 0.8,
        "verified": true,
        "uncertainty_radius_m": 300,
        "needs_review": false,
        "review_reason": ""
      },
      "geometry": {
        "type": "Point",
        "coordinates": [
          120.9801847,
          14.6274804
        ]
      }
    },
    {
      "type": "Feature",
      "properties": {
        "name": "MELCHORA AQUINO ELEMENTARY SCHOOL",
        "barangay_input": "BARANGAY 220",
        "barangay_resolved": "Barangay 220",
        "municipality_input": "City of Manila",
        "facility_type": "SCHOOL",
        "facility_status": "TEMPORARY",
        "geocode_provider": "osm",
        "geocode_query": "OSM:Melchora Aquino Elementary School",
        "confidence": 0.85,
        "verified": true,
        "uncertainty_radius_m": 80,
        "needs_review": false,
        "review_reason": ""
      },
      "geometry": {
        "type": "Point",
        "coordinates": [
          120.9770585,
          14.6268393
        ]
      }
    },
    {
      "type": "Feature",
      "properties": {
        "name": "GEN. GREGORIO DEL PILAR ELEMENTARY SCHOOL",
        "barangay_input": "BARANGAY 228",
        "barangay_resolved": "Barangay 228",
        "municipality_input": "City of Manila",
        "facility_type": "SCHOOL",
        "facility_status": "TEMPORARY",
        "geocode_provider": "osm",
        "geocode_query": "OSM:Gregorio del Pilar Elementary School Centex",
        "confidence": 1,
        "verified": true,
        "uncertainty_radius_m": 50,
        "needs_review": false,
        "review_reason": "Manually verified & pinned by user",
        "triangulated": true
      },
      "geometry": {
        "type": "Point",
        "coordinates": [
          120.97534906743554,
          14.60715901126977
        ]
      }
    },
    {
      "type": "Feature",
      "properties": {
        "name": "BARANGAY 275 MULTI-PURPOSE EVACUATION SITE",
        "barangay_input": "BARANGAY 275",
        "barangay_resolved": "Barangay 275",
        "municipality_input": "City of Manila",
        "facility_type": "MULTI-PURPOSE BUILDING",
        "facility_status": "TEMPORARY",
        "geocode_provider": "geoapify",
        "geocode_query": "BARANGAY 275 MULTI-PURPOSE EVACUATION SITE, Barangay 275, MANILA",
        "confidence": 1,
        "verified": false,
        "uncertainty_radius_m": 50,
        "needs_review": false,
        "review_reason": "Manually verified & pinned by user",
        "triangulated": true
      },
      "geometry": {
        "type": "Point",
        "coordinates": [
          120.9604436159134,
          14.598248957153697
        ]
      }
    },
    {
      "type": "Feature",
      "properties": {
        "name": "SOLEX 1 (BARANGAY 292)",
        "barangay_input": "BARANGAY 292",
        "barangay_resolved": "Barangay 292",
        "municipality_input": "City of Manila",
        "facility_type": "MULTI-PURPOSE BUILDING",
        "facility_status": "TEMPORARY",
        "geocode_provider": "osm",
        "geocode_query": "OSM:community_centre",
        "confidence": 1,
        "verified": true,
        "uncertainty_radius_m": 80,
        "needs_review": false,
        "review_reason": ""
      },
      "geometry": {
        "type": "Point",
        "coordinates": [
          120.9755874,
          14.6073068
        ]
      }
    },
    {
      "type": "Feature",
      "properties": {
        "name": "BARANGAY 296 BARANGAY HALL",
        "barangay_input": "BARANGAY 296",
        "barangay_resolved": "Barangay 296",
        "municipality_input": "City of Manila",
        "facility_type": "BARANGAY HALL FACILITY",
        "facility_status": "TEMPORARY",
        "geocode_provider": "geoapify",
        "geocode_query": "Barangay 296 Barangay Hall, MANILA",
        "confidence": 0.9,
        "verified": true,
        "uncertainty_radius_m": 150,
        "needs_review": false,
        "review_reason": ""
      },
      "geometry": {
        "type": "Point",
        "coordinates": [
          120.9769477,
          14.5994371
        ]
      }
    },
    {
      "type": "Feature",
      "properties": {
        "name": "PEDRO GUEVARRA ELEMENTARY SCHOOL",
        "barangay_input": "BARANGAY 310",
        "barangay_resolved": "Barangay 310",
        "municipality_input": "City of Manila",
        "facility_type": "SCHOOL",
        "facility_status": "TEMPORARY",
        "geocode_provider": "nominatim",
        "geocode_query": "PEDRO GUEVARRA, MANILA",
        "confidence": 1,
        "verified": false,
        "uncertainty_radius_m": 50,
        "needs_review": false,
        "review_reason": "Manually verified & pinned by user",
        "triangulated": true
      },
      "geometry": {
        "type": "Point",
        "coordinates": [
          120.97115031539596,
          14.597358333089852
        ]
      }
    },
    {
      "type": "Feature",
      "properties": {
        "name": "TEODORA ALONZO HIGH SCHOOL",
        "barangay_input": "BARANGAY 314",
        "barangay_resolved": "Barangay 314",
        "municipality_input": "City of Manila",
        "facility_type": "SCHOOL",
        "facility_status": "TEMPORARY",
        "geocode_provider": "osm",
        "geocode_query": "OSM:Doña Teodora Alonzo High School",
        "confidence": 1,
        "verified": true,
        "uncertainty_radius_m": 50,
        "needs_review": false,
        "review_reason": "Manually verified & pinned by user",
        "triangulated": true
      },
      "geometry": {
        "type": "Point",
        "coordinates": [
          120.9805655461044,
          14.612811417896184
        ]
      }
    },
    {
      "type": "Feature",
      "properties": {
        "name": "BARANGAY 314 MULTI-PURPOSE HALL",
        "barangay_input": "BARANGAY 314",
        "barangay_resolved": "Barangay 314",
        "municipality_input": "City of Manila",
        "facility_type": "BARANGAY HALL FACILITY",
        "facility_status": "TEMPORARY",
        "geocode_provider": "osm",
        "geocode_query": "OSM:Barangay 314",
        "confidence": 1,
        "verified": true,
        "uncertainty_radius_m": 80,
        "needs_review": false,
        "review_reason": ""
      },
      "geometry": {
        "type": "Point",
        "coordinates": [
          120.9803177,
          14.605975
        ]
      }
    },
    {
      "type": "Feature",
      "properties": {
        "name": "ANTONIO REGIDOR ELEMENTARY SCHOOL",
        "barangay_input": "BARANGAY 326",
        "barangay_resolved": "Barangay 326",
        "municipality_input": "City of Manila",
        "facility_type": "SCHOOL",
        "facility_status": "TEMPORARY",
        "geocode_provider": "osm",
        "geocode_query": "OSM:school",
        "confidence": 1,
        "verified": true,
        "uncertainty_radius_m": 80,
        "needs_review": false,
        "review_reason": ""
      },
      "geometry": {
        "type": "Point",
        "coordinates": [
          120.9793277,
          14.610673
        ]
      }
    },
    {
      "type": "Feature",
      "properties": {
        "name": "BARANGAY 326 BARANGAY HALL",
        "barangay_input": "BARANGAY 326",
        "barangay_resolved": "Barangay 326",
        "municipality_input": "City of Manila",
        "facility_type": "BARANGAY HALL FACILITY",
        "facility_status": "TEMPORARY",
        "geocode_provider": "geoapify",
        "geocode_query": "Barangay 326 Covered Court, MANILA",
        "confidence": 0.8,
        "verified": true,
        "uncertainty_radius_m": 300,
        "needs_review": false,
        "review_reason": ""
      },
      "geometry": {
        "type": "Point",
        "coordinates": [
          120.9823504,
          14.6123994
        ]
      }
    },
    {
      "type": "Feature",
      "properties": {
        "name": "BARANGAY 327 MULTI-PURPOSE HALL",
        "barangay_input": "BARANGAY 327",
        "barangay_resolved": "Barangay 327",
        "municipality_input": "City of Manila",
        "facility_type": "BARANGAY HALL FACILITY",
        "facility_status": "TEMPORARY",
        "geocode_provider": "geoapify",
        "geocode_query": "Barangay 327 Covered Court, MANILA",
        "confidence": 0.9,
        "verified": true,
        "uncertainty_radius_m": 150,
        "needs_review": false,
        "review_reason": ""
      },
      "geometry": {
        "type": "Point",
        "coordinates": [
          120.9823504,
          14.6123994
        ]
      }
    },
    {
      "type": "Feature",
      "properties": {
        "name": "BARANGAY 330 MULTI-PURPOSE HALL",
        "barangay_input": "BARANGAY 330",
        "barangay_resolved": "Barangay 330",
        "municipality_input": "City of Manila",
        "facility_type": "BARANGAY HALL FACILITY",
        "facility_status": "TEMPORARY",
        "geocode_provider": "osm",
        "geocode_query": "OSM:Barangay 330",
        "confidence": 1,
        "verified": true,
        "uncertainty_radius_m": 80,
        "needs_review": false,
        "review_reason": ""
      },
      "geometry": {
        "type": "Point",
        "coordinates": [
          120.9797658,
          14.6077931
        ]
      }
    },
    {
      "type": "Feature",
      "properties": {
        "name": "BARANGAY 332 BARANGAY HALL",
        "barangay_input": "BARANGAY 332",
        "barangay_resolved": "Barangay 332",
        "municipality_input": "City of Manila",
        "facility_type": "BARANGAY HALL FACILITY",
        "facility_status": "TEMPORARY",
        "geocode_provider": "osm",
        "geocode_query": "OSM:Barangay 332 Zone 33",
        "confidence": 1,
        "verified": true,
        "uncertainty_radius_m": 80,
        "needs_review": false,
        "review_reason": ""
      },
      "geometry": {
        "type": "Point",
        "coordinates": [
          120.9816783,
          14.6092962
        ]
      }
    },
    {
      "type": "Feature",
      "properties": {
        "name": "BARANGAY 334 MULTI-PURPOSE HALL",
        "barangay_input": "BARANGAY 334",
        "barangay_resolved": "Barangay 334",
        "municipality_input": "City of Manila",
        "facility_type": "BARANGAY HALL FACILITY",
        "facility_status": "TEMPORARY",
        "geocode_provider": "geoapify",
        "geocode_query": "Barangay 334 Covered Court, MANILA",
        "confidence": 0.9,
        "verified": true,
        "uncertainty_radius_m": 150,
        "needs_review": false,
        "review_reason": ""
      },
      "geometry": {
        "type": "Point",
        "coordinates": [
          120.9823504,
          14.6123994
        ]
      }
    },
    {
      "type": "Feature",
      "properties": {
        "name": "FRANCISCO BALAGTAS ELEMENTARY SCHOOL",
        "barangay_input": "BARANGAY 374",
        "barangay_resolved": "Barangay 374",
        "municipality_input": "City of Manila",
        "facility_type": "SCHOOL",
        "facility_status": "TEMPORARY",
        "geocode_provider": "osm",
        "geocode_query": "OSM:Francisco Balagtas Elementary School",
        "confidence": 1,
        "verified": true,
        "uncertainty_radius_m": 50,
        "needs_review": false,
        "review_reason": "Manually verified & pinned by user",
        "triangulated": true
      },
      "geometry": {
        "type": "Point",
        "coordinates": [
          120.98088741302492,
          14.612812604314085
        ]
      }
    },
    {
      "type": "Feature",
      "properties": {
        "name": "LEGARDA ELEMENTARY SCHOOL",
        "barangay_input": "BARANGAY 412",
        "barangay_resolved": "Barangay 412",
        "municipality_input": "City of Manila",
        "facility_type": "SCHOOL",
        "facility_status": "TEMPORARY",
        "geocode_provider": "osm",
        "geocode_query": "OSM:Legarda High School",
        "confidence": 1,
        "verified": true,
        "uncertainty_radius_m": 50,
        "needs_review": false,
        "review_reason": "Manually verified & pinned by user",
        "triangulated": true
      },
      "geometry": {
        "type": "Point",
        "coordinates": [
          120.99878847599031,
          14.612057709955959
        ]
      }
    },
    {
      "type": "Feature",
      "properties": {
        "name": "BARANGAY 456 DAYCARE CENTER",
        "barangay_input": "BARANGAY 456",
        "barangay_resolved": "Barangay 456",
        "municipality_input": "City of Manila",
        "facility_type": "DAY CARE CENTER",
        "facility_status": "TEMPORARY",
        "geocode_provider": "geoapify",
        "geocode_query": "BARANGAY 456 DAYCARE CENTER, Barangay 456, MANILA",
        "confidence": 0.4,
        "verified": false,
        "uncertainty_radius_m": 89,
        "needs_review": true,
        "review_reason": "outside_barangay"
      },
      "geometry": {
        "type": "Point",
        "coordinates": [
          120.994515,
          14.608863
        ]
      }
    },
    {
      "type": "Feature",
      "properties": {
        "name": "TRINIDAD TECSON ELEMENTARY SCHOOL",
        "barangay_input": "BARANGAY 456",
        "barangay_resolved": "Barangay 456",
        "municipality_input": "City of Manila",
        "facility_type": "SCHOOL",
        "facility_status": "TEMPORARY",
        "geocode_provider": "osm",
        "geocode_query": "OSM:Trinidad Tecson Elementary School",
        "confidence": 0.85,
        "verified": true,
        "uncertainty_radius_m": 80,
        "needs_review": false,
        "review_reason": ""
      },
      "geometry": {
        "type": "Point",
        "coordinates": [
          120.9976252,
          14.606118
        ]
      }
    },
    {
      "type": "Feature",
      "properties": {
        "name": "DAPITAN SPORTS COMPLEX",
        "barangay_input": "BARANGAY 515",
        "barangay_resolved": "Barangay 515",
        "municipality_input": "City of Manila",
        "facility_type": "GYM/SPORTS FACILITY",
        "facility_status": "TEMPORARY",
        "geocode_provider": "osm",
        "geocode_query": "OSM:Dapitan Sports Complex",
        "confidence": 1,
        "verified": true,
        "uncertainty_radius_m": 80,
        "needs_review": false,
        "review_reason": ""
      },
      "geometry": {
        "type": "Point",
        "coordinates": [
          120.9960425,
          14.6179118
        ]
      }
    },
    {
      "type": "Feature",
      "properties": {
        "name": "BARANGAY 661 DAYCARE CENTER",
        "barangay_input": "BARANGAY 661",
        "barangay_resolved": "Barangay 661",
        "municipality_input": "City of Manila",
        "facility_type": "DAY CARE CENTER",
        "facility_status": "TEMPORARY",
        "geocode_provider": "geoapify",
        "geocode_query": "BARANGAY 661 DAYCARE CENTER, Barangay 661, MANILA",
        "confidence": 0.4,
        "verified": false,
        "uncertainty_radius_m": 198,
        "needs_review": true,
        "review_reason": "outside_barangay"
      },
      "geometry": {
        "type": "Point",
        "coordinates": [
          120.988185,
          14.588276
        ]
      }
    },
    {
      "type": "Feature",
      "properties": {
        "name": "FERNANDO MA. GUERRERO ELEMENTARY SCHOOL",
        "barangay_input": "BARANGAY 731",
        "barangay_resolved": "Barangay 731",
        "municipality_input": "City of Manila",
        "facility_type": "SCHOOL",
        "facility_status": "TEMPORARY",
        "geocode_provider": "geoapify",
        "geocode_query": "FERNANDO MA. GUERRERO ELEMENTARY SCHOOL, Barangay 731, MANILA",
        "confidence": 1,
        "verified": false,
        "uncertainty_radius_m": 50,
        "needs_review": false,
        "review_reason": "Manually verified & pinned by user",
        "triangulated": true
      },
      "geometry": {
        "type": "Point",
        "coordinates": [
          121.00239744230916,
          14.578769385168261
        ]
      }
    },
    {
      "type": "Feature",
      "properties": {
        "name": "AURORA A. QUEZON ELEMENTARY SCHOOL",
        "barangay_input": "BARANGAY 738",
        "barangay_resolved": "Barangay 738",
        "municipality_input": "City of Manila",
        "facility_type": "SCHOOL",
        "facility_status": "TEMPORARY",
        "geocode_provider": "osm",
        "geocode_query": "OSM:Aurora A. Quezon Elementary School",
        "confidence": 1,
        "verified": true,
        "uncertainty_radius_m": 50,
        "needs_review": false,
        "review_reason": "Manually verified & pinned by user",
        "triangulated": true
      },
      "geometry": {
        "type": "Point",
        "coordinates": [
          120.98907351493837,
          14.570771052838152
        ]
      }
    },
    {
      "type": "Feature",
      "properties": {
        "name": "RAFAEL PALMA ELEMENTARY SCHOOL",
        "barangay_input": "BARANGAY 764",
        "barangay_resolved": "Barangay 764",
        "municipality_input": "City of Manila",
        "facility_type": "SCHOOL",
        "facility_status": "TEMPORARY",
        "geocode_provider": "osm",
        "geocode_query": "OSM:Rafael Palma Elementary School",
        "confidence": 1,
        "verified": true,
        "uncertainty_radius_m": 80,
        "needs_review": false,
        "review_reason": ""
      },
      "geometry": {
        "type": "Point",
        "coordinates": [
          121.0052739,
          14.5676394
        ]
      }
    },
    {
      "type": "Feature",
      "properties": {
        "name": "DISTRICT WELFARE OFFICE 5 (DWO V)",
        "barangay_input": "BARANGAY 775",
        "barangay_resolved": "Barangay 775",
        "municipality_input": "City of Manila",
        "facility_type": "MUNICIPAL BUILDING AND FACILITY",
        "facility_status": "TEMPORARY",
        "geocode_provider": "geoapify",
        "geocode_query": "DISTRICT WELFARE OFFICE 5 (DWO V), Barangay 775, MANILA",
        "confidence": 1,
        "verified": false,
        "uncertainty_radius_m": 50,
        "needs_review": false,
        "review_reason": "Manually verified & pinned by user",
        "triangulated": true
      },
      "geometry": {
        "type": "Point",
        "coordinates": [
          120.99656636596345,
          14.579600372365753
        ]
      }
    },
    {
      "type": "Feature",
      "properties": {
        "name": "EPIFANIO DELOS SANTOS ELEMENTARY SCHOOL",
        "barangay_input": "BARANGAY 807",
        "barangay_resolved": "Barangay 807",
        "municipality_input": "City of Manila",
        "facility_type": "SCHOOL",
        "facility_status": "TEMPORARY",
        "geocode_provider": "geoapify",
        "geocode_query": "EPIFANIO DELOS SANTOS ELEMENTARY SCHOOL, Barangay 807, MANILA",
        "confidence": 1,
        "verified": false,
        "uncertainty_radius_m": 50,
        "needs_review": false,
        "review_reason": "Manually verified & pinned by user",
        "triangulated": true
      },
      "geometry": {
        "type": "Point",
        "coordinates": [
          120.99240849588462,
          14.576106297639566
        ]
      }
    },
    {
      "type": "Feature",
      "properties": {
        "name": "BARANGAY 598 MULTI-PURPOSE HALL",
        "barangay_input": "BARANGAY 598",
        "barangay_resolved": "Barangay 598",
        "municipality_input": "City of Manila",
        "facility_type": "BARANGAY HALL FACILITY",
        "facility_status": "TEMPORARY",
        "geocode_provider": "osm",
        "geocode_query": "OSM:Sangguniang Pambarangay ng 598",
        "confidence": 1,
        "verified": true,
        "uncertainty_radius_m": 80,
        "needs_review": false,
        "review_reason": ""
      },
      "geometry": {
        "type": "Point",
        "coordinates": [
          121.0191861,
          14.5999606
        ]
      }
    },
    {
      "type": "Feature",
      "properties": {
        "name": "LIKHA MULTIPURPOSE CENTER / DAMKA",
        "barangay_input": "BARANGAY 598",
        "barangay_resolved": "Barangay 598",
        "municipality_input": "City of Manila",
        "facility_type": "MULTI-PURPOSE BUILDING",
        "facility_status": "TEMPORARY",
        "geocode_provider": "geoapify",
        "geocode_query": "LIKHA MULTIPURPOSE CENTER / DAMKA, Barangay 598, MANILA",
        "confidence": 1,
        "verified": false,
        "uncertainty_radius_m": 50,
        "needs_review": false,
        "review_reason": "Manually verified & pinned by user",
        "triangulated": true
      },
      "geometry": {
        "type": "Point",
        "coordinates": [
          121.0213158961201,
          14.600413659601692
        ]
      }
    },
    {
      "type": "Feature",
      "properties": {
        "name": "BARANGAY 602 BARANGAY HALL (2ND FLOOR)",
        "barangay_input": "BARANGAY 602",
        "barangay_resolved": "Barangay 602",
        "municipality_input": "City of Manila",
        "facility_type": "BARANGAY HALL FACILITY",
        "facility_status": "TEMPORARY",
        "geocode_provider": "osm",
        "geocode_query": "OSM:Barangay 602 Hall",
        "confidence": 1,
        "verified": true,
        "uncertainty_radius_m": 80,
        "needs_review": false,
        "review_reason": ""
      },
      "geometry": {
        "type": "Point",
        "coordinates": [
          121.0251618,
          14.5958842
        ]
      }
    },
    {
      "type": "Feature",
      "properties": {
        "name": "BARANGAY 607 BARANGAY HALL (3RD FLOOR)",
        "barangay_input": "BARANGAY 607",
        "barangay_resolved": "Barangay 607",
        "municipality_input": "City of Manila",
        "facility_type": "BARANGAY HALL FACILITY",
        "facility_status": "TEMPORARY",
        "geocode_provider": "osm",
        "geocode_query": "OSM:Sangguniang Pambarangay ng 607",
        "confidence": 1,
        "verified": true,
        "uncertainty_radius_m": 80,
        "needs_review": false,
        "review_reason": ""
      },
      "geometry": {
        "type": "Point",
        "coordinates": [
          121.0238336,
          14.5930332
        ]
      }
    },
    {
      "type": "Feature",
      "properties": {
        "name": "TOMAS EARNSHAW ELEMENTARY SCHOOL",
        "barangay_input": "BARANGAY 879",
        "barangay_resolved": "Barangay 879",
        "municipality_input": "City of Manila",
        "facility_type": "SCHOOL",
        "facility_status": "TEMPORARY",
        "geocode_provider": "osm",
        "geocode_query": "OSM:Tomas Earnshaw Elementary School",
        "confidence": 1,
        "verified": true,
        "uncertainty_radius_m": 50,
        "needs_review": false,
        "review_reason": "Manually verified & pinned by user",
        "triangulated": true
      },
      "geometry": {
        "type": "Point",
        "coordinates": [
          121.01864820000642,
          14.587998342363681
        ]
      }
    },
    {
      "type": "Feature",
      "properties": {
        "name": "DON BOSCO SCHOOL - V. MAPA",
        "barangay_input": "BARANGAY 896",
        "barangay_resolved": "Barangay 896",
        "municipality_input": "City of Manila",
        "facility_type": "SCHOOL",
        "facility_status": "TEMPORARY",
        "geocode_provider": "osm",
        "geocode_query": "OSM:Don Bosco",
        "confidence": 1,
        "verified": true,
        "uncertainty_radius_m": 50,
        "needs_review": false,
        "review_reason": "Manually verified & pinned by user",
        "triangulated": true
      },
      "geometry": {
        "type": "Point",
        "coordinates": [
          121.02101507115177,
          14.596291181918067
        ]
      }
    },
    {
      "type": "Feature",
      "properties": {
        "name": "HERMENEGILDO J. ATIENZA ELEMENTARY SCHOOL",
        "barangay_input": "BARANGAY 649 (BASECO)",
        "barangay_resolved": "Barangay 649",
        "municipality_input": "City of Manila",
        "facility_type": "SCHOOL",
        "facility_status": "TEMPORARY",
        "geocode_provider": "osm",
        "geocode_query": "OSM:Herminigildo J. Atienza Elementary School",
        "confidence": 1,
        "verified": true,
        "uncertainty_radius_m": 80,
        "needs_review": false,
        "review_reason": ""
      },
      "geometry": {
        "type": "Point",
        "coordinates": [
          120.9612845,
          14.5938664
        ]
      }
    },
    {
      "type": "Feature",
      "properties": {
        "name": "PRES. CORAZON AQUINO SENIOR HIGH SCHOOL",
        "barangay_input": "BARANGAY 649 (BASECO)",
        "barangay_resolved": "Barangay 649",
        "municipality_input": "City of Manila",
        "facility_type": "SCHOOL",
        "facility_status": "TEMPORARY",
        "geocode_provider": "osm",
        "geocode_query": "OSM:President Corazon Aquino High School",
        "confidence": 1,
        "verified": true,
        "uncertainty_radius_m": 80,
        "needs_review": false,
        "review_reason": ""
      },
      "geometry": {
        "type": "Point",
        "coordinates": [
          120.9575167,
          14.5909736
        ]
      }
    },
    {
      "type": "Feature",
      "properties": {
        "name": "PRES. CORAZON AQUINO JUNIOR HIGH SCHOOL",
        "barangay_input": "BARANGAY 649 (BASECO)",
        "barangay_resolved": "Barangay 649",
        "municipality_input": "City of Manila",
        "facility_type": "SCHOOL",
        "facility_status": "TEMPORARY",
        "geocode_provider": "osm",
        "geocode_query": "OSM:President Corazon Aquino High School",
        "confidence": 1,
        "verified": true,
        "uncertainty_radius_m": 80,
        "needs_review": false,
        "review_reason": ""
      },
      "geometry": {
        "type": "Point",
        "coordinates": [
          120.9575167,
          14.5909736
        ]
      }
    },
    {
      "type": "Feature",
      "properties": {
        "name": "PASAY CITY SPORTS COMPLEX",
        "barangay_input": "BARANGAY 76, ZONE 10",
        "barangay_resolved": "Barangay 76",
        "municipality_input": "Pasay City",
        "facility_type": "GYM/SPORTS FACILITY",
        "facility_status": "TEMPORARY",
        "geocode_provider": "osm",
        "geocode_query": "OSM:Pasay City Sports Complex",
        "confidence": 1,
        "verified": true,
        "uncertainty_radius_m": 80,
        "needs_review": false,
        "review_reason": ""
      },
      "geometry": {
        "type": "Point",
        "coordinates": [
          120.9934605,
          14.5452721
        ]
      }
    },
    {
      "type": "Feature",
      "properties": {
        "name": "CUNETA ASTRODOME",
        "barangay_input": "BARANGAY 76, ZONE 10",
        "barangay_resolved": "Barangay 76",
        "municipality_input": "Pasay City",
        "facility_type": "GYM/SPORTS FACILITY",
        "facility_status": "TEMPORARY",
        "geocode_provider": "osm",
        "geocode_query": "OSM:poi",
        "confidence": 1,
        "verified": true,
        "uncertainty_radius_m": 80,
        "needs_review": false,
        "review_reason": ""
      },
      "geometry": {
        "type": "Point",
        "coordinates": [
          120.9799905,
          14.5568648
        ]
      }
    },
    {
      "type": "Feature",
      "properties": {
        "name": "MALIBAY MULTI-PURPOSE BUILDING",
        "barangay_input": "Barangay 167, Zone 18",
        "barangay_resolved": "Barangay 167",
        "municipality_input": "Pasay City",
        "facility_type": "MULTI-PURPOSE BUILDING",
        "facility_status": "PERMANENT",
        "geocode_provider": "geoapify",
        "geocode_query": "MALIBAY MULTI-PURPOSE BUILDING, Barangay 167 Zone 18, PASAY",
        "confidence": 1,
        "verified": false,
        "uncertainty_radius_m": 50,
        "needs_review": false,
        "review_reason": "Manually verified & pinned by user",
        "triangulated": true
      },
      "geometry": {
        "type": "Point",
        "coordinates": [
          121.0091917562515,
          14.5339967649089
        ]
      }
    },
    {
      "type": "Feature",
      "properties": {
        "name": "DOÑA NENA MULTI-PURPOSE CENTER",
        "barangay_input": "Barangay 186, Zone 19",
        "barangay_resolved": "Barangay 186",
        "municipality_input": "Pasay City",
        "facility_type": "MULTI-PURPOSE BUILDING",
        "facility_status": "PERMANENT",
        "geocode_provider": "osm",
        "geocode_query": "OSM:Duay Calixto Multi-purpose Hall",
        "confidence": 1,
        "verified": true,
        "uncertainty_radius_m": 80,
        "needs_review": false,
        "review_reason": ""
      },
      "geometry": {
        "type": "Point",
        "coordinates": [
          121.0046905,
          14.5309929
        ]
      }
    },
    {
      "type": "Feature",
      "properties": {
        "name": "BARANGAY 54, COVERED COURT (EDSES)",
        "barangay_input": "BARANGAY 54, ZONE 08 (ALONG TRAMO, BURGOS ST., COR G. VILLANUEVA ST.",
        "barangay_resolved": "Barangay 54",
        "municipality_input": "Pasay City",
        "facility_type": "GYM/SPORTS FACILITY",
        "facility_status": "TEMPORARY",
        "geocode_provider": "osm",
        "geocode_query": "OSM:Barangay 54",
        "confidence": 1,
        "verified": true,
        "uncertainty_radius_m": 80,
        "needs_review": false,
        "review_reason": ""
      },
      "geometry": {
        "type": "Point",
        "coordinates": [
          121.001238,
          14.5524003
        ]
      }
    },
    {
      "type": "Feature",
      "properties": {
        "name": "BARANGAY 178 GYMNASIUM",
        "barangay_input": "BARANGAY 178, ZONE 19 (ALONG AURORA BLVD.)",
        "barangay_resolved": "Barangay 178",
        "municipality_input": "Pasay City",
        "facility_type": "GYM/SPORTS FACILITY",
        "facility_status": "TEMPORARY",
        "geocode_provider": "osm",
        "geocode_query": "OSM:Barangay 178",
        "confidence": 1,
        "verified": true,
        "uncertainty_radius_m": 80,
        "needs_review": false,
        "review_reason": ""
      },
      "geometry": {
        "type": "Point",
        "coordinates": [
          121.0057948,
          14.5307521
        ]
      }
    },
    {
      "type": "Feature",
      "properties": {
        "name": "BARANGAY 179 GYMNASIUM",
        "barangay_input": "BARANGAY 179, ZONE 19 (NEAR ST. PETER CHAPEL)",
        "barangay_resolved": "Barangay 179",
        "municipality_input": "Pasay City",
        "facility_type": "GYM/SPORTS FACILITY",
        "facility_status": "TEMPORARY",
        "geocode_provider": "osm",
        "geocode_query": "OSM:Barangay 179",
        "confidence": 1,
        "verified": true,
        "uncertainty_radius_m": 80,
        "needs_review": false,
        "review_reason": ""
      },
      "geometry": {
        "type": "Point",
        "coordinates": [
          121.0074886,
          14.5304034
        ]
      }
    },
    {
      "type": "Feature",
      "properties": {
        "name": "BARANGAY 180 COVERED COURT",
        "barangay_input": "BARANGAY 180, ZONE 19",
        "barangay_resolved": "Barangay 180",
        "municipality_input": "Pasay City",
        "facility_type": "GYM/SPORTS FACILITY",
        "facility_status": "TEMPORARY",
        "geocode_provider": "osm",
        "geocode_query": "OSM:Barangay 180",
        "confidence": 1,
        "verified": true,
        "uncertainty_radius_m": 80,
        "needs_review": false,
        "review_reason": ""
      },
      "geometry": {
        "type": "Point",
        "coordinates": [
          121.0119528,
          14.5301684
        ]
      }
    },
    {
      "type": "Feature",
      "properties": {
        "name": "BARANGAY 182 MULTI-PURPOSE HALL",
        "barangay_input": "BARANGAY 182, ZONE 19",
        "barangay_resolved": "Barangay 182",
        "municipality_input": "Pasay City",
        "facility_type": "MULTI-PURPOSE BUILDING",
        "facility_status": "PERMANENT",
        "geocode_provider": "osm",
        "geocode_query": "OSM:Barangay 182",
        "confidence": 1,
        "verified": true,
        "uncertainty_radius_m": 80,
        "needs_review": false,
        "review_reason": ""
      },
      "geometry": {
        "type": "Point",
        "coordinates": [
          121.0098749,
          14.5304437
        ]
      }
    },
    {
      "type": "Feature",
      "properties": {
        "name": "BARANGAY 183 HALL & GYMNASIUM",
        "barangay_input": "BARANGAY 183, ZONE 20 (MATA ST.)",
        "barangay_resolved": "Barangay 183",
        "municipality_input": "Pasay City",
        "facility_type": "GYM/SPORTS FACILITY",
        "facility_status": "TEMPORARY",
        "geocode_provider": "osm",
        "geocode_query": "OSM:Barangay 183 Hall",
        "confidence": 1,
        "verified": true,
        "uncertainty_radius_m": 80,
        "needs_review": false,
        "review_reason": ""
      },
      "geometry": {
        "type": "Point",
        "coordinates": [
          121.0125956,
          14.5251035
        ]
      }
    },
    {
      "type": "Feature",
      "properties": {
        "name": "BARANGAY 184 GYMNASIUM",
        "barangay_input": "BARANGAY 184, ZONE 19 (MULAWIN ROAD)",
        "barangay_resolved": "Barangay 184",
        "municipality_input": "Pasay City",
        "facility_type": "GYM/SPORTS FACILITY",
        "facility_status": "TEMPORARY",
        "geocode_provider": "osm",
        "geocode_query": "OSM:Barangay 184",
        "confidence": 1,
        "verified": true,
        "uncertainty_radius_m": 80,
        "needs_review": false,
        "review_reason": ""
      },
      "geometry": {
        "type": "Point",
        "coordinates": [
          121.0080583,
          14.5283688
        ]
      }
    },
    {
      "type": "Feature",
      "properties": {
        "name": "BARANGAY 186 COVERED COURT",
        "barangay_input": "BARANGAY 186, ZONE 19 (SAINT JOAN ST.)",
        "barangay_resolved": "Barangay 186",
        "municipality_input": "Pasay City",
        "facility_type": "GYM/SPORTS FACILITY",
        "facility_status": "TEMPORARY",
        "geocode_provider": "osm",
        "geocode_query": "OSM:Barangay 186",
        "confidence": 1,
        "verified": true,
        "uncertainty_radius_m": 80,
        "needs_review": false,
        "review_reason": ""
      },
      "geometry": {
        "type": "Point",
        "coordinates": [
          121.0050804,
          14.5318123
        ]
      }
    },
    {
      "type": "Feature",
      "properties": {
        "name": "BARANGAY 190 HALL & COVERED COURT",
        "barangay_input": "BARANGAY 190, ZONE 20 (DON CARLOS REVILLA)",
        "barangay_resolved": "Barangay 190",
        "municipality_input": "Pasay City",
        "facility_type": "GYM/SPORTS FACILITY",
        "facility_status": "TEMPORARY",
        "geocode_provider": "osm",
        "geocode_query": "OSM:Barangay 190",
        "confidence": 1,
        "verified": true,
        "uncertainty_radius_m": 80,
        "needs_review": false,
        "review_reason": ""
      },
      "geometry": {
        "type": "Point",
        "coordinates": [
          121.0015883,
          14.5309441
        ]
      }
    },
    {
      "type": "Feature",
      "properties": {
        "name": "BARANGAY 192 OPEN COURT",
        "barangay_input": "BARANGAY 192, ZONE 20",
        "barangay_resolved": "Barangay 192",
        "municipality_input": "Pasay City",
        "facility_type": "GYM/SPORTS FACILITY",
        "facility_status": "TEMPORARY",
        "geocode_provider": "osm",
        "geocode_query": "OSM:Barangay 192",
        "confidence": 1,
        "verified": true,
        "uncertainty_radius_m": 80,
        "needs_review": false,
        "review_reason": ""
      },
      "geometry": {
        "type": "Point",
        "coordinates": [
          121.0017998,
          14.5133225
        ]
      }
    },
    {
      "type": "Feature",
      "properties": {
        "name": "BARANGAY 201 COVERED COURT & GYMNASIUM",
        "barangay_input": "BARANGAY 201, ZONE 20 (KALAYAAN)",
        "barangay_resolved": "Barangay 201",
        "municipality_input": "Pasay City",
        "facility_type": "GYM/SPORTS FACILITY",
        "facility_status": "TEMPORARY",
        "geocode_provider": "osm",
        "geocode_query": "OSM:Barangay 201",
        "confidence": 1,
        "verified": true,
        "uncertainty_radius_m": 80,
        "needs_review": false,
        "review_reason": ""
      },
      "geometry": {
        "type": "Point",
        "coordinates": [
          121.0275309,
          14.5068936
        ]
      }
    },
    {
      "type": "Feature",
      "properties": {
        "name": "BACLARAN ELEMENTARY SCHOOL UNIT 1",
        "barangay_input": "BACLARAN",
        "barangay_resolved": "Baclaran",
        "municipality_input": "City of Parañaque",
        "facility_type": "SCHOOL",
        "facility_status": "TEMPORARY",
        "geocode_provider": "osm",
        "geocode_query": "OSM:Baclaran Central Elementary School",
        "confidence": 1,
        "verified": true,
        "uncertainty_radius_m": 80,
        "needs_review": false,
        "review_reason": ""
      },
      "geometry": {
        "type": "Point",
        "coordinates": [
          120.9988776,
          14.5296145
        ]
      }
    },
    {
      "type": "Feature",
      "properties": {
        "name": "BACLARAN ELEMENTARY SCHOOL UNIT 2",
        "barangay_input": "BACLARAN",
        "barangay_resolved": "Baclaran",
        "municipality_input": "City of Parañaque",
        "facility_type": "SCHOOL",
        "facility_status": "TEMPORARY",
        "geocode_provider": "osm",
        "geocode_query": "OSM:Baclaran Central Elementary School",
        "confidence": 1,
        "verified": true,
        "uncertainty_radius_m": 80,
        "needs_review": false,
        "review_reason": ""
      },
      "geometry": {
        "type": "Point",
        "coordinates": [
          120.9988776,
          14.5296145
        ]
      }
    },
    {
      "type": "Feature",
      "properties": {
        "name": "BACLARAN ELEMENTARY SCOOL CENTRAL",
        "barangay_input": "BACLARAN",
        "barangay_resolved": "Baclaran",
        "municipality_input": "City of Parañaque",
        "facility_type": "SCHOOL",
        "facility_status": "TEMPORARY",
        "geocode_provider": "osm",
        "geocode_query": "OSM:Baclaran Central Elementary School",
        "confidence": 1,
        "verified": true,
        "uncertainty_radius_m": 80,
        "needs_review": false,
        "review_reason": ""
      },
      "geometry": {
        "type": "Point",
        "coordinates": [
          120.9988776,
          14.5296145
        ]
      }
    },
    {
      "type": "Feature",
      "properties": {
        "name": "BF NORTH SUBDIVISION - PHASE 3 GYM",
        "barangay_input": "BF HOMES",
        "barangay_resolved": "B. F. Homes",
        "municipality_input": "City of Parañaque",
        "facility_type": "GYM/SPORTS FACILITY",
        "facility_status": "TEMPORARY",
        "geocode_provider": "osm",
        "geocode_query": "OSM:pitch",
        "confidence": 1,
        "verified": true,
        "uncertainty_radius_m": 80,
        "needs_review": false,
        "review_reason": ""
      },
      "geometry": {
        "type": "Point",
        "coordinates": [
          121.0340379,
          14.4535782
        ]
      }
    },
    {
      "type": "Feature",
      "properties": {
        "name": "CLINIC VILLE DAYCARE CENTER",
        "barangay_input": "BF HOMES",
        "barangay_resolved": "B. F. Homes",
        "municipality_input": "City of Parañaque",
        "facility_type": "DAY CARE CENTER",
        "facility_status": "TEMPORARY",
        "geocode_provider": "mapbox",
        "geocode_query": "CLINIC VILLE DAYCARE CENTER, BF HOMES, PARANAQUE",
        "confidence": 1,
        "verified": false,
        "uncertainty_radius_m": 50,
        "needs_review": false,
        "review_reason": "Manually verified & pinned by user",
        "triangulated": true
      },
      "geometry": {
        "type": "Point",
        "coordinates": [
          121.01968606453424,
          14.453248845379743
        ]
      }
    },
    {
      "type": "Feature",
      "properties": {
        "name": "MASVILLE ELEMENTARY SCHOOL",
        "barangay_input": "BF HOMES",
        "barangay_resolved": "B. F. Homes",
        "municipality_input": "City of Parañaque",
        "facility_type": "SCHOOL",
        "facility_status": "TEMPORARY",
        "geocode_provider": "osm",
        "geocode_query": "OSM:Masville Elementary School",
        "confidence": 1,
        "verified": true,
        "uncertainty_radius_m": 80,
        "needs_review": false,
        "review_reason": ""
      },
      "geometry": {
        "type": "Point",
        "coordinates": [
          121.0405811,
          14.451885
        ]
      }
    },
    {
      "type": "Feature",
      "properties": {
        "name": "MASVILLE NATIONAL HIGH SCHOOL",
        "barangay_input": "BF HOMES",
        "barangay_resolved": "B. F. Homes",
        "municipality_input": "City of Parañaque",
        "facility_type": "SCHOOL",
        "facility_status": "TEMPORARY",
        "geocode_provider": "osm",
        "geocode_query": "OSM:Masville National High School",
        "confidence": 1,
        "verified": true,
        "uncertainty_radius_m": 80,
        "needs_review": false,
        "review_reason": ""
      },
      "geometry": {
        "type": "Point",
        "coordinates": [
          121.0404506,
          14.4518547
        ]
      }
    },
    {
      "type": "Feature",
      "properties": {
        "name": "SAMPALOC DAYCARE CENTER",
        "barangay_input": "BF HOMES",
        "barangay_resolved": "B. F. Homes",
        "municipality_input": "City of Parañaque",
        "facility_type": "DAY CARE CENTER",
        "facility_status": "TEMPORARY",
        "geocode_provider": "osm",
        "geocode_query": "OSM:Mace Learning Center",
        "confidence": 1,
        "verified": true,
        "uncertainty_radius_m": 80,
        "needs_review": false,
        "review_reason": ""
      },
      "geometry": {
        "type": "Point",
        "coordinates": [
          121.0075057,
          14.4558983
        ]
      }
    },
    {
      "type": "Feature",
      "properties": {
        "name": "SAMPALOC SITE II ELEMENTARY SCHOOL",
        "barangay_input": "BF HOMES",
        "barangay_resolved": "B. F. Homes",
        "municipality_input": "City of Parañaque",
        "facility_type": "SCHOOL",
        "facility_status": "TEMPORARY",
        "geocode_provider": "osm",
        "geocode_query": "OSM:Sampaloc Site II Elementary School",
        "confidence": 1,
        "verified": true,
        "uncertainty_radius_m": 80,
        "needs_review": false,
        "review_reason": ""
      },
      "geometry": {
        "type": "Point",
        "coordinates": [
          121.0271781,
          14.4574826
        ]
      }
    },
    {
      "type": "Feature",
      "properties": {
        "name": "ANNEX 1618 GYM",
        "barangay_input": "DON BOSCO",
        "barangay_resolved": "Don Bosco",
        "municipality_input": "City of Parañaque",
        "facility_type": "GYM/SPORTS FACILITY",
        "facility_status": "TEMPORARY",
        "geocode_provider": "osm",
        "geocode_query": "OSM:pitch",
        "confidence": 1,
        "verified": true,
        "uncertainty_radius_m": 80,
        "needs_review": false,
        "review_reason": ""
      },
      "geometry": {
        "type": "Point",
        "coordinates": [
          121.0466291,
          14.4849581
        ]
      }
    },
    {
      "type": "Feature",
      "properties": {
        "name": "ANNEX 34 GYM",
        "barangay_input": "DON BOSCO",
        "barangay_resolved": "Don Bosco",
        "municipality_input": "City of Parañaque",
        "facility_type": "GYM/SPORTS FACILITY",
        "facility_status": "TEMPORARY",
        "geocode_provider": "osm",
        "geocode_query": "OSM:pitch",
        "confidence": 1,
        "verified": true,
        "uncertainty_radius_m": 80,
        "needs_review": false,
        "review_reason": ""
      },
      "geometry": {
        "type": "Point",
        "coordinates": [
          121.0466291,
          14.4849581
        ]
      }
    },
    {
      "type": "Feature",
      "properties": {
        "name": "CAMELLA HOMES GYM",
        "barangay_input": "DON BOSCO",
        "barangay_resolved": "Don Bosco",
        "municipality_input": "City of Parañaque",
        "facility_type": "GYM/SPORTS FACILITY",
        "facility_status": "TEMPORARY",
        "geocode_provider": "osm",
        "geocode_query": "OSM:pitch",
        "confidence": 1,
        "verified": true,
        "uncertainty_radius_m": 80,
        "needs_review": false,
        "review_reason": ""
      },
      "geometry": {
        "type": "Point",
        "coordinates": [
          121.0466291,
          14.4849581
        ]
      }
    },
    {
      "type": "Feature",
      "properties": {
        "name": "EL DORADO ELEMENTARY SCHOOL",
        "barangay_input": "DON BOSCO",
        "barangay_resolved": "Don Bosco",
        "municipality_input": "City of Parañaque",
        "facility_type": "SCHOOL",
        "facility_status": "TEMPORARY",
        "geocode_provider": "osm",
        "geocode_query": "OSM:school",
        "confidence": 1,
        "verified": true,
        "uncertainty_radius_m": 80,
        "needs_review": false,
        "review_reason": ""
      },
      "geometry": {
        "type": "Point",
        "coordinates": [
          121.0096703,
          14.4883218
        ]
      }
    },
    {
      "type": "Feature",
      "properties": {
        "name": "F. SERRANO ELEMENTARY SCHOOL",
        "barangay_input": "DON BOSCO",
        "barangay_resolved": "Don Bosco",
        "municipality_input": "City of Parañaque",
        "facility_type": "SCHOOL",
        "facility_status": "TEMPORARY",
        "geocode_provider": "osm",
        "geocode_query": "OSM:F. Serrano, Sr. Elementary School",
        "confidence": 1,
        "verified": true,
        "uncertainty_radius_m": 80,
        "needs_review": false,
        "review_reason": ""
      },
      "geometry": {
        "type": "Point",
        "coordinates": [
          121.02082,
          14.4796736
        ]
      }
    },
    {
      "type": "Feature",
      "properties": {
        "name": "DON GALO ELEM SCHOOL",
        "barangay_input": "DON GALO",
        "barangay_resolved": "Don Galo",
        "municipality_input": "City of Parañaque",
        "facility_type": "SCHOOL",
        "facility_status": "TEMPORARY",
        "geocode_provider": "osm",
        "geocode_query": "OSM:Parañaque National High School – Don Galo Annex",
        "confidence": 1,
        "verified": true,
        "uncertainty_radius_m": 80,
        "needs_review": false,
        "review_reason": ""
      },
      "geometry": {
        "type": "Point",
        "coordinates": [
          120.9937231,
          14.5070214
        ]
      }
    },
    {
      "type": "Feature",
      "properties": {
        "name": "DON GALO MULTI PURPOSE",
        "barangay_input": "DON GALO",
        "barangay_resolved": "Don Galo",
        "municipality_input": "City of Parañaque",
        "facility_type": "MULTI-PURPOSE BUILDING",
        "facility_status": "PERMANENT",
        "geocode_provider": "osm",
        "geocode_query": "OSM:Dongalo Multipurpose Hall",
        "confidence": 1,
        "verified": true,
        "uncertainty_radius_m": 80,
        "needs_review": false,
        "review_reason": ""
      },
      "geometry": {
        "type": "Point",
        "coordinates": [
          120.9910934,
          14.5051212
        ]
      }
    },
    {
      "type": "Feature",
      "properties": {
        "name": "LA HUERTA ELEM SCHOOL",
        "barangay_input": "LA HUERTA",
        "barangay_resolved": "La Huerta",
        "municipality_input": "City of Parañaque",
        "facility_type": "SCHOOL",
        "facility_status": "TEMPORARY",
        "geocode_provider": "osm",
        "geocode_query": "OSM:La Huerta Elementary School",
        "confidence": 1,
        "verified": true,
        "uncertainty_radius_m": 80,
        "needs_review": false,
        "review_reason": ""
      },
      "geometry": {
        "type": "Point",
        "coordinates": [
          120.9926717,
          14.4979953
        ]
      }
    },
    {
      "type": "Feature",
      "properties": {
        "name": "AROMA OPEN COURT",
        "barangay_input": "MARCELO GREEN",
        "barangay_resolved": null,
        "municipality_input": "City of Parañaque",
        "facility_type": "GYM/SPORTS FACILITY",
        "facility_status": "TEMPORARY",
        "geocode_provider": "geoapify",
        "geocode_query": "AROMA OPEN COURT, MARCELO GREEN, PARANAQUE",
        "confidence": 0.4,
        "verified": false,
        "uncertainty_radius_m": null,
        "needs_review": true,
        "review_reason": "unverified_location"
      },
      "geometry": null
    },
    {
      "type": "Feature",
      "properties": {
        "name": "GREENVALE HOMES 1",
        "barangay_input": "MARCELO GREEN",
        "barangay_resolved": null,
        "municipality_input": "City of Parañaque",
        "facility_type": "OPEN SPACE",
        "facility_status": "TEMPORARY",
        "geocode_provider": "geoapify",
        "geocode_query": "GREENVALE HOMES 1, MARCELO GREEN, PARANAQUE",
        "confidence": 0.4,
        "verified": false,
        "uncertainty_radius_m": null,
        "needs_review": true,
        "review_reason": "unverified_location"
      },
      "geometry": null
    },
    {
      "type": "Feature",
      "properties": {
        "name": "IDI COVERED COURT",
        "barangay_input": "MARCELO GREEN",
        "barangay_resolved": null,
        "municipality_input": "City of Parañaque",
        "facility_type": "GYM/SPORTS FACILITY",
        "facility_status": "TEMPORARY",
        "geocode_provider": "geoapify",
        "geocode_query": "IDI COVERED COURT, MARCELO GREEN, PARANAQUE",
        "confidence": 0.4,
        "verified": false,
        "uncertainty_radius_m": null,
        "needs_review": true,
        "review_reason": "unverified_location"
      },
      "geometry": null
    },
    {
      "type": "Feature",
      "properties": {
        "name": "ILANG-ILANG COVERED COURT",
        "barangay_input": "MARCELO GREEN",
        "barangay_resolved": null,
        "municipality_input": "City of Parañaque",
        "facility_type": "GYM/SPORTS FACILITY",
        "facility_status": "TEMPORARY",
        "geocode_provider": "geoapify",
        "geocode_query": "ILANG-ILANG COVERED COURT, MARCELO GREEN, PARANAQUE",
        "confidence": 0.4,
        "verified": false,
        "uncertainty_radius_m": null,
        "needs_review": true,
        "review_reason": "unverified_location"
      },
      "geometry": null
    },
    {
      "type": "Feature",
      "properties": {
        "name": "LANDSCAPE COVERED COURT",
        "barangay_input": "MARCELO GREEN",
        "barangay_resolved": null,
        "municipality_input": "City of Parañaque",
        "facility_type": "GYM/SPORTS FACILITY",
        "facility_status": "TEMPORARY",
        "geocode_provider": "geoapify",
        "geocode_query": "LANDSCAPE COVERED COURT, MARCELO GREEN, PARANAQUE",
        "confidence": 0.4,
        "verified": false,
        "uncertainty_radius_m": null,
        "needs_review": true,
        "review_reason": "unverified_location"
      },
      "geometry": null
    },
    {
      "type": "Feature",
      "properties": {
        "name": "MARCELO GOLEZEUM",
        "barangay_input": "MARCELO GREEN",
        "barangay_resolved": null,
        "municipality_input": "City of Parañaque",
        "facility_type": "GYM/SPORTS FACILITY",
        "facility_status": "TEMPORARY",
        "geocode_provider": "geoapify",
        "geocode_query": "MARCELO GOLEZEUM, MARCELO GREEN, PARANAQUE",
        "confidence": 0.4,
        "verified": false,
        "uncertainty_radius_m": null,
        "needs_review": true,
        "review_reason": "unverified_location"
      },
      "geometry": null
    },
    {
      "type": "Feature",
      "properties": {
        "name": "MARCELO MAIN EVACUATION MARCELO GYM",
        "barangay_input": "MARCELO GREEN",
        "barangay_resolved": null,
        "municipality_input": "City of Parañaque",
        "facility_type": "EVACUATION CENTER",
        "facility_status": "PERMANENT",
        "geocode_provider": "geoapify",
        "geocode_query": "MARCELO MAIN EVACUATION MARCELO GYM, MARCELO GREEN, PARANAQUE",
        "confidence": 0.4,
        "verified": false,
        "uncertainty_radius_m": null,
        "needs_review": true,
        "review_reason": "unverified_location"
      },
      "geometry": null
    },
    {
      "type": "Feature",
      "properties": {
        "name": "MARCELO OPEN SPACE",
        "barangay_input": "MARCELO GREEN",
        "barangay_resolved": null,
        "municipality_input": "City of Parañaque",
        "facility_type": "GYM/SPORTS FACILITY",
        "facility_status": "TEMPORARY",
        "geocode_provider": "geoapify",
        "geocode_query": "MARCELO OPEN SPACE, MARCELO GREEN, PARANAQUE",
        "confidence": 0.4,
        "verified": false,
        "uncertainty_radius_m": null,
        "needs_review": true,
        "review_reason": "unverified_location"
      },
      "geometry": null
    },
    {
      "type": "Feature",
      "properties": {
        "name": "MARCELO TENNIS COURT",
        "barangay_input": "MARCELO GREEN",
        "barangay_resolved": null,
        "municipality_input": "City of Parañaque",
        "facility_type": "GYM/SPORTS FACILITY",
        "facility_status": "TEMPORARY",
        "geocode_provider": "geoapify",
        "geocode_query": "MARCELO TENNIS COURT, MARCELO GREEN, PARANAQUE",
        "confidence": 0.4,
        "verified": false,
        "uncertainty_radius_m": null,
        "needs_review": true,
        "review_reason": "unverified_location"
      },
      "geometry": null
    },
    {
      "type": "Feature",
      "properties": {
        "name": "AMPITHEATER OPEN GROUND",
        "barangay_input": "MERVILLE",
        "barangay_resolved": "Merville",
        "municipality_input": "City of Parañaque",
        "facility_type": "GYM/SPORTS FACILITY",
        "facility_status": "TEMPORARY",
        "geocode_provider": "osm",
        "geocode_query": "OSM:pitch",
        "confidence": 1,
        "verified": true,
        "uncertainty_radius_m": 80,
        "needs_review": false,
        "review_reason": ""
      },
      "geometry": {
        "type": "Point",
        "coordinates": [
          121.0191702,
          14.5003609
        ]
      }
    },
    {
      "type": "Feature",
      "properties": {
        "name": "BELVEDERE COVERED COURT",
        "barangay_input": "MERVILLE",
        "barangay_resolved": "Merville",
        "municipality_input": "City of Parañaque",
        "facility_type": "GYM/SPORTS FACILITY",
        "facility_status": "TEMPORARY",
        "geocode_provider": "osm",
        "geocode_query": "OSM:Belvedere Tennis Court",
        "confidence": 1,
        "verified": true,
        "uncertainty_radius_m": 80,
        "needs_review": false,
        "review_reason": ""
      },
      "geometry": {
        "type": "Point",
        "coordinates": [
          121.0271996,
          14.5025656
        ]
      }
    },
    {
      "type": "Feature",
      "properties": {
        "name": "CAMELLA HOMES",
        "barangay_input": "MERVILLE",
        "barangay_resolved": "Merville",
        "municipality_input": "City of Parañaque",
        "facility_type": "GYM/SPORTS FACILITY",
        "facility_status": "TEMPORARY",
        "geocode_provider": "osm",
        "geocode_query": "OSM:pitch",
        "confidence": 1,
        "verified": true,
        "uncertainty_radius_m": 80,
        "needs_review": false,
        "review_reason": ""
      },
      "geometry": {
        "type": "Point",
        "coordinates": [
          121.0191702,
          14.5003609
        ]
      }
    },
    {
      "type": "Feature",
      "properties": {
        "name": "CUBIC SIDE DAY CARE CENTER",
        "barangay_input": "MERVILLE",
        "barangay_resolved": "Merville",
        "municipality_input": "City of Parañaque",
        "facility_type": "DAY CARE CENTER",
        "facility_status": "TEMPORARY",
        "geocode_provider": "geoapify",
        "geocode_query": "CUBIC SIDE DAY CARE CENTER, MERVILLE, PARANAQUE",
        "confidence": 1,
        "verified": false,
        "uncertainty_radius_m": 50,
        "needs_review": false,
        "review_reason": "Manually verified & pinned by user",
        "triangulated": true
      },
      "geometry": {
        "type": "Point",
        "coordinates": [
          121.02438049869188,
          14.498769268474758
        ]
      }
    },
    {
      "type": "Feature",
      "properties": {
        "name": "KNIGHTS OF COLUMBUS",
        "barangay_input": "MERVILLE",
        "barangay_resolved": "Merville",
        "municipality_input": "City of Parañaque",
        "facility_type": "RELIGIOUS FACILITY",
        "facility_status": "TEMPORARY",
        "geocode_provider": "osm",
        "geocode_query": "OSM:Knights of Columbus Council 5922 Clubhouse",
        "confidence": 1,
        "verified": true,
        "uncertainty_radius_m": 80,
        "needs_review": false,
        "review_reason": ""
      },
      "geometry": {
        "type": "Point",
        "coordinates": [
          121.0197045,
          14.5001819
        ]
      }
    },
    {
      "type": "Feature",
      "properties": {
        "name": "MOLAVE PARK",
        "barangay_input": "MERVILLE",
        "barangay_resolved": "Merville",
        "municipality_input": "City of Parañaque",
        "facility_type": "GYM/SPORTS FACILITY",
        "facility_status": "TEMPORARY",
        "geocode_provider": "osm",
        "geocode_query": "OSM:pitch",
        "confidence": 1,
        "verified": true,
        "uncertainty_radius_m": 80,
        "needs_review": false,
        "review_reason": ""
      },
      "geometry": {
        "type": "Point",
        "coordinates": [
          121.0191702,
          14.5003609
        ]
      }
    },
    {
      "type": "Feature",
      "properties": {
        "name": "SITIO WELLA DAY CARE CENTER",
        "barangay_input": "MERVILLE",
        "barangay_resolved": "Merville",
        "municipality_input": "City of Parañaque",
        "facility_type": "DAY CARE CENTER",
        "facility_status": "TEMPORARY",
        "geocode_provider": "geoapify",
        "geocode_query": "SITIO WELLA DAY CARE CENTER, MERVILLE, PARANAQUE",
        "confidence": 1,
        "verified": false,
        "uncertainty_radius_m": 50,
        "needs_review": false,
        "review_reason": "Manually verified & pinned by user",
        "triangulated": true
      },
      "geometry": {
        "type": "Point",
        "coordinates": [
          121.026277,
          14.499552
        ]
      }
    },
    {
      "type": "Feature",
      "properties": {
        "name": "AIRPORT VILLAGE SPORTS COMPLEX",
        "barangay_input": "MOONWALK",
        "barangay_resolved": "Moonwalk",
        "municipality_input": "City of Parañaque",
        "facility_type": "GYM/SPORTS FACILITY",
        "facility_status": "TEMPORARY",
        "geocode_provider": "osm",
        "geocode_query": "OSM:pitch",
        "confidence": 1,
        "verified": true,
        "uncertainty_radius_m": 80,
        "needs_review": false,
        "review_reason": ""
      },
      "geometry": {
        "type": "Point",
        "coordinates": [
          120.9980566,
          14.481054
        ]
      }
    },
    {
      "type": "Feature",
      "properties": {
        "name": "BRICKTOWN GOLEZEUM",
        "barangay_input": "MOONWALK",
        "barangay_resolved": "Moonwalk",
        "municipality_input": "City of Parañaque",
        "facility_type": "GYM/SPORTS FACILITY",
        "facility_status": "TEMPORARY",
        "geocode_provider": "osm",
        "geocode_query": "OSM:pitch",
        "confidence": 1,
        "verified": true,
        "uncertainty_radius_m": 80,
        "needs_review": false,
        "review_reason": ""
      },
      "geometry": {
        "type": "Point",
        "coordinates": [
          120.9980566,
          14.481054
        ]
      }
    },
    {
      "type": "Feature",
      "properties": {
        "name": "COL. DE LEON ELEMENTARY SCHOOL",
        "barangay_input": "MOONWALK",
        "barangay_resolved": "Moonwalk",
        "municipality_input": "City of Parañaque",
        "facility_type": "SCHOOL",
        "facility_status": "TEMPORARY",
        "geocode_provider": "osm",
        "geocode_query": "OSM:Colonel E. de Leon Elementary School",
        "confidence": 1,
        "verified": true,
        "uncertainty_radius_m": 80,
        "needs_review": false,
        "review_reason": ""
      },
      "geometry": {
        "type": "Point",
        "coordinates": [
          121.0037372,
          14.4928919
        ]
      }
    },
    {
      "type": "Feature",
      "properties": {
        "name": "PARISH OPEN SPACE",
        "barangay_input": "MOONWALK",
        "barangay_resolved": "Moonwalk",
        "municipality_input": "City of Parañaque",
        "facility_type": "GYM/SPORTS FACILITY",
        "facility_status": "TEMPORARY",
        "geocode_provider": "osm",
        "geocode_query": "OSM:pitch",
        "confidence": 1,
        "verified": true,
        "uncertainty_radius_m": 80,
        "needs_review": false,
        "review_reason": ""
      },
      "geometry": {
        "type": "Point",
        "coordinates": [
          120.9980566,
          14.481054
        ]
      }
    },
    {
      "type": "Feature",
      "properties": {
        "name": "SAN AUGUSTIN ELEMENTARY SCHOOL",
        "barangay_input": "MOONWALK",
        "barangay_resolved": "Moonwalk",
        "municipality_input": "City of Parañaque",
        "facility_type": "SCHOOL",
        "facility_status": "TEMPORARY",
        "geocode_provider": "osm",
        "geocode_query": "OSM:San Agustin Elementary School",
        "confidence": 1,
        "verified": true,
        "uncertainty_radius_m": 80,
        "needs_review": false,
        "review_reason": ""
      },
      "geometry": {
        "type": "Point",
        "coordinates": [
          121.0142682,
          14.4898557
        ]
      }
    },
    {
      "type": "Feature",
      "properties": {
        "name": "BARANGAY VILLAGE COVERED COURT",
        "barangay_input": "SAN ANTONIO",
        "barangay_resolved": "San Antonio",
        "municipality_input": "City of Parañaque",
        "facility_type": "GYM/SPORTS FACILITY",
        "facility_status": "TEMPORARY",
        "geocode_provider": "osm",
        "geocode_query": "OSM:Barangay Village",
        "confidence": 1,
        "verified": true,
        "uncertainty_radius_m": 80,
        "needs_review": false,
        "review_reason": ""
      },
      "geometry": {
        "type": "Point",
        "coordinates": [
          121.0252404,
          14.4677627
        ]
      }
    },
    {
      "type": "Feature",
      "properties": {
        "name": "CASA FILIPINA COVERED COURT",
        "barangay_input": "SAN ANTONIO",
        "barangay_resolved": "San Antonio",
        "municipality_input": "City of Parañaque",
        "facility_type": "GYM/SPORTS FACILITY",
        "facility_status": "TEMPORARY",
        "geocode_provider": "osm",
        "geocode_query": "OSM:pitch",
        "confidence": 1,
        "verified": true,
        "uncertainty_radius_m": 80,
        "needs_review": false,
        "review_reason": ""
      },
      "geometry": {
        "type": "Point",
        "coordinates": [
          121.0286235,
          14.4628137
        ]
      }
    },
    {
      "type": "Feature",
      "properties": {
        "name": "DON AGUEDON SUBDIVISION - GOLEZEUM 4",
        "barangay_input": "SAN ANTONIO",
        "barangay_resolved": "San Antonio",
        "municipality_input": "City of Parañaque",
        "facility_type": "GYM/SPORTS FACILITY",
        "facility_status": "TEMPORARY",
        "geocode_provider": "osm",
        "geocode_query": "OSM:pitch",
        "confidence": 1,
        "verified": true,
        "uncertainty_radius_m": 80,
        "needs_review": false,
        "review_reason": ""
      },
      "geometry": {
        "type": "Point",
        "coordinates": [
          121.0286235,
          14.4628137
        ]
      }
    },
    {
      "type": "Feature",
      "properties": {
        "name": "FOURTH ESTATE - AREA 1 COVERED COURT",
        "barangay_input": "SAN ANTONIO",
        "barangay_resolved": "San Antonio",
        "municipality_input": "City of Parañaque",
        "facility_type": "GYM/SPORTS FACILITY",
        "facility_status": "TEMPORARY",
        "geocode_provider": "osm",
        "geocode_query": "OSM:pitch",
        "confidence": 1,
        "verified": true,
        "uncertainty_radius_m": 80,
        "needs_review": false,
        "review_reason": ""
      },
      "geometry": {
        "type": "Point",
        "coordinates": [
          121.0286235,
          14.4628137
        ]
      }
    },
    {
      "type": "Feature",
      "properties": {
        "name": "FOURTH ESTATE - AREA 2 LUPANG HINIRANG OPEN COURT",
        "barangay_input": "SAN ANTONIO",
        "barangay_resolved": "San Antonio",
        "municipality_input": "City of Parañaque",
        "facility_type": "GYM/SPORTS FACILITY",
        "facility_status": "TEMPORARY",
        "geocode_provider": "osm",
        "geocode_query": "OSM:pitch",
        "confidence": 1,
        "verified": true,
        "uncertainty_radius_m": 80,
        "needs_review": false,
        "review_reason": ""
      },
      "geometry": {
        "type": "Point",
        "coordinates": [
          121.0286235,
          14.4628137
        ]
      }
    },
    {
      "type": "Feature",
      "properties": {
        "name": "FOURTH ESTATE - AREA 4 OPEN COURT",
        "barangay_input": "SAN ANTONIO",
        "barangay_resolved": "San Antonio",
        "municipality_input": "City of Parañaque",
        "facility_type": "GYM/SPORTS FACILITY",
        "facility_status": "TEMPORARY",
        "geocode_provider": "osm",
        "geocode_query": "OSM:pitch",
        "confidence": 1,
        "verified": true,
        "uncertainty_radius_m": 80,
        "needs_review": false,
        "review_reason": ""
      },
      "geometry": {
        "type": "Point",
        "coordinates": [
          121.0286235,
          14.4628137
        ]
      }
    },
    {
      "type": "Feature",
      "properties": {
        "name": "FOURTH ESTATE - AREA 6 GOLEZEUM 78",
        "barangay_input": "SAN ANTONIO",
        "barangay_resolved": "San Antonio",
        "municipality_input": "City of Parañaque",
        "facility_type": "GYM/SPORTS FACILITY",
        "facility_status": "TEMPORARY",
        "geocode_provider": "osm",
        "geocode_query": "OSM:pitch",
        "confidence": 1,
        "verified": true,
        "uncertainty_radius_m": 80,
        "needs_review": false,
        "review_reason": ""
      },
      "geometry": {
        "type": "Point",
        "coordinates": [
          121.0286235,
          14.4628137
        ]
      }
    },
    {
      "type": "Feature",
      "properties": {
        "name": "FOURTH ESTATE - AREA 7A OPEN COURT",
        "barangay_input": "SAN ANTONIO",
        "barangay_resolved": "San Antonio",
        "municipality_input": "City of Parañaque",
        "facility_type": "GYM/SPORTS FACILITY",
        "facility_status": "TEMPORARY",
        "geocode_provider": "osm",
        "geocode_query": "OSM:pitch",
        "confidence": 1,
        "verified": true,
        "uncertainty_radius_m": 80,
        "needs_review": false,
        "review_reason": ""
      },
      "geometry": {
        "type": "Point",
        "coordinates": [
          121.0286235,
          14.4628137
        ]
      }
    },
    {
      "type": "Feature",
      "properties": {
        "name": "FOURTH ESTATE - AREA7B - GOLEZEUM 58",
        "barangay_input": "SAN ANTONIO",
        "barangay_resolved": "San Antonio",
        "municipality_input": "City of Parañaque",
        "facility_type": "GYM/SPORTS FACILITY",
        "facility_status": "TEMPORARY",
        "geocode_provider": "osm",
        "geocode_query": "OSM:pitch",
        "confidence": 1,
        "verified": true,
        "uncertainty_radius_m": 80,
        "needs_review": false,
        "review_reason": ""
      },
      "geometry": {
        "type": "Point",
        "coordinates": [
          121.0286235,
          14.4628137
        ]
      }
    },
    {
      "type": "Feature",
      "properties": {
        "name": "FOURTH ESTATE - ST. MARTIN AREA 2 GOLEZEUM 51",
        "barangay_input": "SAN ANTONIO",
        "barangay_resolved": "San Antonio",
        "municipality_input": "City of Parañaque",
        "facility_type": "GYM/SPORTS FACILITY",
        "facility_status": "TEMPORARY",
        "geocode_provider": "osm",
        "geocode_query": "OSM:pitch",
        "confidence": 1,
        "verified": true,
        "uncertainty_radius_m": 80,
        "needs_review": false,
        "review_reason": ""
      },
      "geometry": {
        "type": "Point",
        "coordinates": [
          121.0286235,
          14.4628137
        ]
      }
    },
    {
      "type": "Feature",
      "properties": {
        "name": "GARCIA HEIGHTS - BACK OF SHOPWISE",
        "barangay_input": "SAN ANTONIO",
        "barangay_resolved": "San Antonio",
        "municipality_input": "City of Parañaque",
        "facility_type": "GYM/SPORTS FACILITY",
        "facility_status": "TEMPORARY",
        "geocode_provider": "osm",
        "geocode_query": "OSM:pitch",
        "confidence": 1,
        "verified": true,
        "uncertainty_radius_m": 80,
        "needs_review": false,
        "review_reason": ""
      },
      "geometry": {
        "type": "Point",
        "coordinates": [
          121.0286235,
          14.4628137
        ]
      }
    },
    {
      "type": "Feature",
      "properties": {
        "name": "GARCIA HEIGHTS - GOLEZEUM 33",
        "barangay_input": "SAN ANTONIO",
        "barangay_resolved": "San Antonio",
        "municipality_input": "City of Parañaque",
        "facility_type": "GYM/SPORTS FACILITY",
        "facility_status": "TEMPORARY",
        "geocode_provider": "osm",
        "geocode_query": "OSM:pitch",
        "confidence": 1,
        "verified": true,
        "uncertainty_radius_m": 80,
        "needs_review": false,
        "review_reason": ""
      },
      "geometry": {
        "type": "Point",
        "coordinates": [
          121.0286235,
          14.4628137
        ]
      }
    },
    {
      "type": "Feature",
      "properties": {
        "name": "GOODWILL 3 SUBDIVISION COVERED COURT",
        "barangay_input": "SAN ANTONIO",
        "barangay_resolved": "San Antonio",
        "municipality_input": "City of Parañaque",
        "facility_type": "GYM/SPORTS FACILITY",
        "facility_status": "TEMPORARY",
        "geocode_provider": "osm",
        "geocode_query": "OSM:pitch",
        "confidence": 1,
        "verified": true,
        "uncertainty_radius_m": 80,
        "needs_review": false,
        "review_reason": ""
      },
      "geometry": {
        "type": "Point",
        "coordinates": [
          121.0286235,
          14.4628137
        ]
      }
    },
    {
      "type": "Feature",
      "properties": {
        "name": "SAN ANTONIO PARISH CHURCH (BACK)",
        "barangay_input": "SAN ANTONIO",
        "barangay_resolved": "San Antonio",
        "municipality_input": "City of Parañaque",
        "facility_type": "RELIGIOUS FACILITY",
        "facility_status": "TEMPORARY",
        "geocode_provider": "osm",
        "geocode_query": "OSM:San Antonio de Padua Parish Church",
        "confidence": 1,
        "verified": true,
        "uncertainty_radius_m": 80,
        "needs_review": false,
        "review_reason": ""
      },
      "geometry": {
        "type": "Point",
        "coordinates": [
          121.0209727,
          14.4692481
        ]
      }
    },
    {
      "type": "Feature",
      "properties": {
        "name": "NEW SAN DIONISIO SPORTS COMPLEX",
        "barangay_input": "SAN DIONISIO",
        "barangay_resolved": "San Dionisio",
        "municipality_input": "City of Parañaque",
        "facility_type": "GYM/SPORTS FACILITY",
        "facility_status": "TEMPORARY",
        "geocode_provider": "osm",
        "geocode_query": "OSM:New Barangay San Dionisio Sports Complex",
        "confidence": 1,
        "verified": true,
        "uncertainty_radius_m": 80,
        "needs_review": false,
        "review_reason": ""
      },
      "geometry": {
        "type": "Point",
        "coordinates": [
          120.9915601,
          14.4867623
        ]
      }
    },
    {
      "type": "Feature",
      "properties": {
        "name": "PARAÑAQUE ELEMENTARY SCHOOL CENTRAL",
        "barangay_input": "SAN DIONISIO",
        "barangay_resolved": "San Dionisio",
        "municipality_input": "City of Parañaque",
        "facility_type": "SCHOOL",
        "facility_status": "TEMPORARY",
        "geocode_provider": "osm",
        "geocode_query": "OSM:Parañaque Elementary School Central",
        "confidence": 1,
        "verified": true,
        "uncertainty_radius_m": 80,
        "needs_review": false,
        "review_reason": ""
      },
      "geometry": {
        "type": "Point",
        "coordinates": [
          120.9899273,
          14.4908546
        ]
      }
    },
    {
      "type": "Feature",
      "properties": {
        "name": "SAN DIONISIO ELEMENTARY SCHOOL 1",
        "barangay_input": "SAN DIONISIO",
        "barangay_resolved": "San Dionisio",
        "municipality_input": "City of Parañaque",
        "facility_type": "SCHOOL",
        "facility_status": "TEMPORARY",
        "geocode_provider": "osm",
        "geocode_query": "OSM:San Dionisio Elementary School",
        "confidence": 1,
        "verified": true,
        "uncertainty_radius_m": 80,
        "needs_review": false,
        "review_reason": ""
      },
      "geometry": {
        "type": "Point",
        "coordinates": [
          120.9905438,
          14.4905821
        ]
      }
    },
    {
      "type": "Feature",
      "properties": {
        "name": "SAN DIONISIO ELEMENTARY SCHOOL 2",
        "barangay_input": "SAN DIONISIO",
        "barangay_resolved": "San Dionisio",
        "municipality_input": "City of Parañaque",
        "facility_type": "SCHOOL",
        "facility_status": "TEMPORARY",
        "geocode_provider": "osm",
        "geocode_query": "OSM:San Dionisio Elementary School",
        "confidence": 1,
        "verified": true,
        "uncertainty_radius_m": 80,
        "needs_review": false,
        "review_reason": ""
      },
      "geometry": {
        "type": "Point",
        "coordinates": [
          120.9905438,
          14.4905821
        ]
      }
    },
    {
      "type": "Feature",
      "properties": {
        "name": "FORTUNATA GYM 1",
        "barangay_input": "SAN ISIDRO",
        "barangay_resolved": "San Isidro",
        "municipality_input": "City of Parañaque",
        "facility_type": "GYM/SPORTS FACILITY",
        "facility_status": "TEMPORARY",
        "geocode_provider": "osm",
        "geocode_query": "OSM:sports_hall",
        "confidence": 1,
        "verified": true,
        "uncertainty_radius_m": 80,
        "needs_review": false,
        "review_reason": ""
      },
      "geometry": {
        "type": "Point",
        "coordinates": [
          121.0096767,
          14.4568291
        ]
      }
    },
    {
      "type": "Feature",
      "properties": {
        "name": "GARDEN CITY GYM",
        "barangay_input": "SAN ISIDRO",
        "barangay_resolved": "San Isidro",
        "municipality_input": "City of Parañaque",
        "facility_type": "GYM/SPORTS FACILITY",
        "facility_status": "TEMPORARY",
        "geocode_provider": "osm",
        "geocode_query": "OSM:sports_hall",
        "confidence": 1,
        "verified": true,
        "uncertainty_radius_m": 80,
        "needs_review": false,
        "review_reason": ""
      },
      "geometry": {
        "type": "Point",
        "coordinates": [
          121.0096767,
          14.4568291
        ]
      }
    },
    {
      "type": "Feature",
      "properties": {
        "name": "GARDEN CITY GYM 3",
        "barangay_input": "SAN ISIDRO",
        "barangay_resolved": "San Isidro",
        "municipality_input": "City of Parañaque",
        "facility_type": "GYM/SPORTS FACILITY",
        "facility_status": "TEMPORARY",
        "geocode_provider": "osm",
        "geocode_query": "OSM:sports_hall",
        "confidence": 1,
        "verified": true,
        "uncertainty_radius_m": 80,
        "needs_review": false,
        "review_reason": ""
      },
      "geometry": {
        "type": "Point",
        "coordinates": [
          121.0096767,
          14.4568291
        ]
      }
    },
    {
      "type": "Feature",
      "properties": {
        "name": "MARY QUEEN PARISH",
        "barangay_input": "SAN ISIDRO",
        "barangay_resolved": "San Isidro",
        "municipality_input": "City of Parañaque",
        "facility_type": "RELIGIOUS FACILITY",
        "facility_status": "TEMPORARY",
        "geocode_provider": "osm",
        "geocode_query": "OSM:Mary Queen of the Apostles Parish Church",
        "confidence": 1,
        "verified": true,
        "uncertainty_radius_m": 80,
        "needs_review": false,
        "review_reason": ""
      },
      "geometry": {
        "type": "Point",
        "coordinates": [
          121.0037559,
          14.4680594
        ]
      }
    },
    {
      "type": "Feature",
      "properties": {
        "name": "NEW SAN DIONISIO VILLAGE GYM",
        "barangay_input": "SAN ISIDRO",
        "barangay_resolved": "San Isidro",
        "municipality_input": "City of Parañaque",
        "facility_type": "GYM/SPORTS FACILITY",
        "facility_status": "TEMPORARY",
        "geocode_provider": "osm",
        "geocode_query": "OSM:sports_hall",
        "confidence": 1,
        "verified": true,
        "uncertainty_radius_m": 80,
        "needs_review": false,
        "review_reason": ""
      },
      "geometry": {
        "type": "Point",
        "coordinates": [
          121.0096767,
          14.4568291
        ]
      }
    },
    {
      "type": "Feature",
      "properties": {
        "name": "SAN ISIDRO ELEMENTARY SCHOOL",
        "barangay_input": "SAN ISIDRO",
        "barangay_resolved": "San Isidro",
        "municipality_input": "City of Parañaque",
        "facility_type": "SCHOOL",
        "facility_status": "TEMPORARY",
        "geocode_provider": "osm",
        "geocode_query": "OSM:San Isidro Elementary School",
        "confidence": 1,
        "verified": true,
        "uncertainty_radius_m": 80,
        "needs_review": false,
        "review_reason": ""
      },
      "geometry": {
        "type": "Point",
        "coordinates": [
          121.0162463,
          14.4605421
        ]
      }
    },
    {
      "type": "Feature",
      "properties": {
        "name": "SIMPLICIO CRUZ COMPOUND COURT",
        "barangay_input": "SAN ISIDRO",
        "barangay_resolved": "San Isidro",
        "municipality_input": "City of Parañaque",
        "facility_type": "GYM/SPORTS FACILITY",
        "facility_status": "TEMPORARY",
        "geocode_provider": "osm",
        "geocode_query": "OSM:sports_hall",
        "confidence": 1,
        "verified": true,
        "uncertainty_radius_m": 80,
        "needs_review": false,
        "review_reason": ""
      },
      "geometry": {
        "type": "Point",
        "coordinates": [
          121.0096767,
          14.4568291
        ]
      }
    },
    {
      "type": "Feature",
      "properties": {
        "name": "ST. CATHERINE COVERED COURT",
        "barangay_input": "SAN ISIDRO",
        "barangay_resolved": "San Isidro",
        "municipality_input": "City of Parañaque",
        "facility_type": "GYM/SPORTS FACILITY",
        "facility_status": "TEMPORARY",
        "geocode_provider": "osm",
        "geocode_query": "OSM:sports_hall",
        "confidence": 1,
        "verified": true,
        "uncertainty_radius_m": 80,
        "needs_review": false,
        "review_reason": ""
      },
      "geometry": {
        "type": "Point",
        "coordinates": [
          121.0096767,
          14.4568291
        ]
      }
    },
    {
      "type": "Feature",
      "properties": {
        "name": "ANCOP OPEN HALF COURT",
        "barangay_input": "SAN MARTIN DE PORRES",
        "barangay_resolved": "San Martin De Porres",
        "municipality_input": "City of Parañaque",
        "facility_type": "GYM/SPORTS FACILITY",
        "facility_status": "TEMPORARY",
        "geocode_provider": "osm",
        "geocode_query": "OSM:sports_centre",
        "confidence": 1,
        "verified": true,
        "uncertainty_radius_m": 80,
        "needs_review": false,
        "review_reason": ""
      },
      "geometry": {
        "type": "Point",
        "coordinates": [
          121.041839,
          14.5005714
        ]
      }
    },
    {
      "type": "Feature",
      "properties": {
        "name": "BALASI COMPOUND OPEN SPACE",
        "barangay_input": "SAN MARTIN DE PORRES",
        "barangay_resolved": "San Martin De Porres",
        "municipality_input": "City of Parañaque",
        "facility_type": "OPEN SPACE",
        "facility_status": "TEMPORARY",
        "geocode_provider": "osm",
        "geocode_query": "OSM:Bahay Pamahalaan ng Barangay San Martin de Porres",
        "confidence": 1,
        "verified": true,
        "uncertainty_radius_m": 80,
        "needs_review": false,
        "review_reason": ""
      },
      "geometry": {
        "type": "Point",
        "coordinates": [
          121.0425179,
          14.4943621
        ]
      }
    },
    {
      "type": "Feature",
      "properties": {
        "name": "DR. ARCADIO SANTOS NATIONAL HIGH SCHOOL",
        "barangay_input": "SAN MARTIN DE PORRES",
        "barangay_resolved": "San Martin De Porres",
        "municipality_input": "City of Parañaque",
        "facility_type": "SCHOOL",
        "facility_status": "TEMPORARY",
        "geocode_provider": "osm",
        "geocode_query": "OSM:Dr. Arcadio Santos National High School",
        "confidence": 1,
        "verified": true,
        "uncertainty_radius_m": 80,
        "needs_review": false,
        "review_reason": ""
      },
      "geometry": {
        "type": "Point",
        "coordinates": [
          121.0430935,
          14.4947529
        ]
      }
    },
    {
      "type": "Feature",
      "properties": {
        "name": "OUR LADY OF FATIMA CHAPEL",
        "barangay_input": "SAN MARTIN DE PORRES",
        "barangay_resolved": "San Martin De Porres",
        "municipality_input": "City of Parañaque",
        "facility_type": "RELIGIOUS FACILITY",
        "facility_status": "TEMPORARY",
        "geocode_provider": "osm",
        "geocode_query": "OSM:Bahay Pamahalaan ng Barangay San Martin de Porres",
        "confidence": 1,
        "verified": true,
        "uncertainty_radius_m": 80,
        "needs_review": false,
        "review_reason": ""
      },
      "geometry": {
        "type": "Point",
        "coordinates": [
          121.0425179,
          14.4943621
        ]
      }
    },
    {
      "type": "Feature",
      "properties": {
        "name": "SITIO DE ASIS CHAPEL",
        "barangay_input": "SAN MARTIN DE PORRES",
        "barangay_resolved": "San Martin De Porres",
        "municipality_input": "City of Parañaque",
        "facility_type": "RELIGIOUS FACILITY",
        "facility_status": "TEMPORARY",
        "geocode_provider": "osm",
        "geocode_query": "OSM:Sitio De Asis Clinic",
        "confidence": 1,
        "verified": true,
        "uncertainty_radius_m": 80,
        "needs_review": false,
        "review_reason": ""
      },
      "geometry": {
        "type": "Point",
        "coordinates": [
          121.0460865,
          14.481965
        ]
      }
    },
    {
      "type": "Feature",
      "properties": {
        "name": "SITIO DE ASIS COVERED COURT",
        "barangay_input": "SAN MARTIN DE PORRES",
        "barangay_resolved": "San Martin De Porres",
        "municipality_input": "City of Parañaque",
        "facility_type": "GYM/SPORTS FACILITY",
        "facility_status": "TEMPORARY",
        "geocode_provider": "osm",
        "geocode_query": "OSM:sports_centre",
        "confidence": 1,
        "verified": true,
        "uncertainty_radius_m": 80,
        "needs_review": false,
        "review_reason": ""
      },
      "geometry": {
        "type": "Point",
        "coordinates": [
          121.041839,
          14.5005714
        ]
      }
    },
    {
      "type": "Feature",
      "properties": {
        "name": "SITIO DE ASIS DAY CARE CENTER",
        "barangay_input": "SAN MARTIN DE PORRES",
        "barangay_resolved": "San Martin De Porres",
        "municipality_input": "City of Parañaque",
        "facility_type": "DAY CARE CENTER",
        "facility_status": "TEMPORARY",
        "geocode_provider": "osm",
        "geocode_query": "OSM:Sitio De Asis Clinic",
        "confidence": 1,
        "verified": true,
        "uncertainty_radius_m": 80,
        "needs_review": false,
        "review_reason": ""
      },
      "geometry": {
        "type": "Point",
        "coordinates": [
          121.0460865,
          14.481965
        ]
      }
    },
    {
      "type": "Feature",
      "properties": {
        "name": "SITIO SAMPALOCAN OPEN SPACE",
        "barangay_input": "SAN MARTIN DE PORRES",
        "barangay_resolved": "San Martin De Porres",
        "municipality_input": "City of Parañaque",
        "facility_type": "OPEN SPACE",
        "facility_status": "TEMPORARY",
        "geocode_provider": "osm",
        "geocode_query": "OSM:Bahay Pamahalaan ng Barangay San Martin de Porres",
        "confidence": 1,
        "verified": true,
        "uncertainty_radius_m": 80,
        "needs_review": false,
        "review_reason": ""
      },
      "geometry": {
        "type": "Point",
        "coordinates": [
          121.0425179,
          14.4943621
        ]
      }
    },
    {
      "type": "Feature",
      "properties": {
        "name": "ILAYA OPEN COURT",
        "barangay_input": "STO.NIÑO",
        "barangay_resolved": null,
        "municipality_input": "City of Parañaque",
        "facility_type": "GYM/SPORTS FACILITY",
        "facility_status": "TEMPORARY",
        "geocode_provider": "geoapify",
        "geocode_query": "ILAYA OPEN COURT, STO NINO, PARANAQUE",
        "confidence": 0.4,
        "verified": false,
        "uncertainty_radius_m": null,
        "needs_review": true,
        "review_reason": "unverified_location"
      },
      "geometry": null
    },
    {
      "type": "Feature",
      "properties": {
        "name": "PARAÑAQUE SCIENCE HIGH SCHOOL",
        "barangay_input": "STO.NIÑO",
        "barangay_resolved": null,
        "municipality_input": "City of Parañaque",
        "facility_type": "SCHOOL",
        "facility_status": "TEMPORARY",
        "geocode_provider": "nominatim",
        "geocode_query": "PARAÑAQUE SCIENCE HIGH SCHOOL, STO NINO, PARANAQUE",
        "confidence": 0.4,
        "verified": false,
        "uncertainty_radius_m": null,
        "needs_review": true,
        "review_reason": "unverified_location"
      },
      "geometry": null
    },
    {
      "type": "Feature",
      "properties": {
        "name": "STO. NIÑO ELEM SCHOOL",
        "barangay_input": "STO.NIÑO",
        "barangay_resolved": null,
        "municipality_input": "City of Parañaque",
        "facility_type": "SCHOOL",
        "facility_status": "TEMPORARY",
        "geocode_provider": "geoapify",
        "geocode_query": "STO. NIÑO Elementary School, STO NINO, PARANAQUE",
        "confidence": 1,
        "verified": true,
        "uncertainty_radius_m": 50,
        "needs_review": false,
        "review_reason": "Manually verified & pinned by user",
        "triangulated": true
      },
      "geometry": {
        "type": "Point",
        "coordinates": [
          120.99593460559846,
          14.503313049090128
        ]
      }
    },
    {
      "type": "Feature",
      "properties": {
        "name": "AVELINO TOLENTINO GYM",
        "barangay_input": "SUN VALLEY",
        "barangay_resolved": "Sun Valley",
        "municipality_input": "City of Parañaque",
        "facility_type": "GYM/SPORTS FACILITY",
        "facility_status": "TEMPORARY",
        "geocode_provider": "osm",
        "geocode_query": "OSM:pitch",
        "confidence": 1,
        "verified": true,
        "uncertainty_radius_m": 80,
        "needs_review": false,
        "review_reason": ""
      },
      "geometry": {
        "type": "Point",
        "coordinates": [
          121.0374396,
          14.4890831
        ]
      }
    },
    {
      "type": "Feature",
      "properties": {
        "name": "BUKID AREA GOLEZEUM",
        "barangay_input": "SUN VALLEY",
        "barangay_resolved": "Sun Valley",
        "municipality_input": "City of Parañaque",
        "facility_type": "GYM/SPORTS FACILITY",
        "facility_status": "TEMPORARY",
        "geocode_provider": "osm",
        "geocode_query": "OSM:pitch",
        "confidence": 1,
        "verified": true,
        "uncertainty_radius_m": 80,
        "needs_review": false,
        "review_reason": ""
      },
      "geometry": {
        "type": "Point",
        "coordinates": [
          121.0374396,
          14.4890831
        ]
      }
    },
    {
      "type": "Feature",
      "properties": {
        "name": "CAMACHILE DAYCARE CENTER",
        "barangay_input": "SUN VALLEY",
        "barangay_resolved": "Sun Valley",
        "municipality_input": "City of Parañaque",
        "facility_type": "DAY CARE CENTER",
        "facility_status": "TEMPORARY",
        "geocode_provider": "osm",
        "geocode_query": "OSM:Bahay Pamahalaan ng Barangay Sun Valley",
        "confidence": 1,
        "verified": true,
        "uncertainty_radius_m": 80,
        "needs_review": false,
        "review_reason": ""
      },
      "geometry": {
        "type": "Point",
        "coordinates": [
          121.0323324,
          14.4888099
        ]
      }
    },
    {
      "type": "Feature",
      "properties": {
        "name": "G. BAUTISTA DAYCARE CENTER A",
        "barangay_input": "SUN VALLEY",
        "barangay_resolved": "Sun Valley",
        "municipality_input": "City of Parañaque",
        "facility_type": "DAY CARE CENTER",
        "facility_status": "TEMPORARY",
        "geocode_provider": "osm",
        "geocode_query": "OSM:Ang Dating Daan Sun Valley",
        "confidence": 1,
        "verified": true,
        "uncertainty_radius_m": 80,
        "needs_review": false,
        "review_reason": ""
      },
      "geometry": {
        "type": "Point",
        "coordinates": [
          121.0379637,
          14.5004932
        ]
      }
    },
    {
      "type": "Feature",
      "properties": {
        "name": "GOLDEN ANGEL DAYCARE CENTER",
        "barangay_input": "SUN VALLEY",
        "barangay_resolved": "Sun Valley",
        "municipality_input": "City of Parañaque",
        "facility_type": "DAY CARE CENTER",
        "facility_status": "TEMPORARY",
        "geocode_provider": "osm",
        "geocode_query": "OSM:Ang Dating Daan Sun Valley",
        "confidence": 1,
        "verified": true,
        "uncertainty_radius_m": 80,
        "needs_review": false,
        "review_reason": ""
      },
      "geometry": {
        "type": "Point",
        "coordinates": [
          121.0379637,
          14.5004932
        ]
      }
    },
    {
      "type": "Feature",
      "properties": {
        "name": "HOLY ROSARY DAYCARE CENTER",
        "barangay_input": "SUN VALLEY",
        "barangay_resolved": "Sun Valley",
        "municipality_input": "City of Parañaque",
        "facility_type": "DAY CARE CENTER",
        "facility_status": "TEMPORARY",
        "geocode_provider": "osm",
        "geocode_query": "OSM:Bahay Pamahalaan ng Barangay Sun Valley",
        "confidence": 1,
        "verified": true,
        "uncertainty_radius_m": 80,
        "needs_review": false,
        "review_reason": ""
      },
      "geometry": {
        "type": "Point",
        "coordinates": [
          121.0323324,
          14.4888099
        ]
      }
    },
    {
      "type": "Feature",
      "properties": {
        "name": "STA. ANA DAYCARE CENTER",
        "barangay_input": "SUN VALLEY",
        "barangay_resolved": "Sun Valley",
        "municipality_input": "City of Parañaque",
        "facility_type": "DAY CARE CENTER",
        "facility_status": "TEMPORARY",
        "geocode_provider": "osm",
        "geocode_query": "OSM:Bahay Pamahalaan ng Barangay Sun Valley",
        "confidence": 1,
        "verified": true,
        "uncertainty_radius_m": 80,
        "needs_review": false,
        "review_reason": ""
      },
      "geometry": {
        "type": "Point",
        "coordinates": [
          121.0323324,
          14.4888099
        ]
      }
    },
    {
      "type": "Feature",
      "properties": {
        "name": "STA. ANA STAR & HOPE DAYCARE CENTER",
        "barangay_input": "SUN VALLEY",
        "barangay_resolved": "Sun Valley",
        "municipality_input": "City of Parañaque",
        "facility_type": "DAY CARE CENTER",
        "facility_status": "TEMPORARY",
        "geocode_provider": "osm",
        "geocode_query": "OSM:Bahay Pamahalaan ng Barangay Sun Valley",
        "confidence": 1,
        "verified": true,
        "uncertainty_radius_m": 80,
        "needs_review": false,
        "review_reason": ""
      },
      "geometry": {
        "type": "Point",
        "coordinates": [
          121.0323324,
          14.4888099
        ]
      }
    },
    {
      "type": "Feature",
      "properties": {
        "name": "STO. NIÑO DAYCARE CENTER",
        "barangay_input": "SUN VALLEY",
        "barangay_resolved": "Sun Valley",
        "municipality_input": "City of Parañaque",
        "facility_type": "DAY CARE CENTER",
        "facility_status": "TEMPORARY",
        "geocode_provider": "osm",
        "geocode_query": "OSM:Ang Dating Daan Sun Valley",
        "confidence": 1,
        "verified": true,
        "uncertainty_radius_m": 80,
        "needs_review": false,
        "review_reason": ""
      },
      "geometry": {
        "type": "Point",
        "coordinates": [
          121.0379637,
          14.5004932
        ]
      }
    },
    {
      "type": "Feature",
      "properties": {
        "name": "SUN VALLEY ELEMENTARY SCHOOL",
        "barangay_input": "SUN VALLEY",
        "barangay_resolved": "Sun Valley",
        "municipality_input": "City of Parañaque",
        "facility_type": "SCHOOL",
        "facility_status": "TEMPORARY",
        "geocode_provider": "osm",
        "geocode_query": "OSM:Sun Valley Elementary School",
        "confidence": 1,
        "verified": true,
        "uncertainty_radius_m": 80,
        "needs_review": false,
        "review_reason": ""
      },
      "geometry": {
        "type": "Point",
        "coordinates": [
          121.0293476,
          14.4895396
        ]
      }
    },
    {
      "type": "Feature",
      "properties": {
        "name": "SUN VALLEY JUNIOR HIGH SCHOOL",
        "barangay_input": "SUN VALLEY",
        "barangay_resolved": "Sun Valley",
        "municipality_input": "City of Parañaque",
        "facility_type": "SCHOOL",
        "facility_status": "TEMPORARY",
        "geocode_provider": "osm",
        "geocode_query": "OSM:Sun Valley National High School",
        "confidence": 1,
        "verified": true,
        "uncertainty_radius_m": 80,
        "needs_review": false,
        "review_reason": ""
      },
      "geometry": {
        "type": "Point",
        "coordinates": [
          121.0295148,
          14.4901229
        ]
      }
    },
    {
      "type": "Feature",
      "properties": {
        "name": "SUN VALLEY SENIOR HIGH SCHOOL",
        "barangay_input": "SUN VALLEY",
        "barangay_resolved": "Sun Valley",
        "municipality_input": "City of Parañaque",
        "facility_type": "SCHOOL",
        "facility_status": "TEMPORARY",
        "geocode_provider": "osm",
        "geocode_query": "OSM:Sun Valley National High School",
        "confidence": 1,
        "verified": true,
        "uncertainty_radius_m": 80,
        "needs_review": false,
        "review_reason": ""
      },
      "geometry": {
        "type": "Point",
        "coordinates": [
          121.0295148,
          14.4901229
        ]
      }
    },
    {
      "type": "Feature",
      "properties": {
        "name": "VILLA PARAISO DAY CARE CENTER",
        "barangay_input": "SUN VALLEY",
        "barangay_resolved": "Sun Valley",
        "municipality_input": "City of Parañaque",
        "facility_type": "DAY CARE CENTER",
        "facility_status": "TEMPORARY",
        "geocode_provider": "geoapify",
        "geocode_query": "VILLA PARAISO DAY CARE CENTER, SUN VALLEY, PARANAQUE",
        "confidence": 1,
        "verified": false,
        "uncertainty_radius_m": 50,
        "needs_review": false,
        "review_reason": "Manually verified & pinned by user",
        "triangulated": true
      },
      "geometry": {
        "type": "Point",
        "coordinates": [
          121.03084512244295,
          14.496961946553768
        ]
      }
    },
    {
      "type": "Feature",
      "properties": {
        "name": "CAMP CLAUDIO ELEM SCHOOL",
        "barangay_input": "TAMBO",
        "barangay_resolved": "Tambo",
        "municipality_input": "City of Parañaque",
        "facility_type": "SCHOOL",
        "facility_status": "TEMPORARY",
        "geocode_provider": "osm",
        "geocode_query": "OSM:Camp Claudio Elementary School",
        "confidence": 1,
        "verified": true,
        "uncertainty_radius_m": 80,
        "needs_review": false,
        "review_reason": ""
      },
      "geometry": {
        "type": "Point",
        "coordinates": [
          120.9940946,
          14.5152395
        ]
      }
    },
    {
      "type": "Feature",
      "properties": {
        "name": "TAMBO CHILD DEVELOPMENT CENTER",
        "barangay_input": "TAMBO",
        "barangay_resolved": "Tambo",
        "municipality_input": "City of Parañaque",
        "facility_type": "DAY CARE CENTER",
        "facility_status": "TEMPORARY",
        "geocode_provider": "osm",
        "geocode_query": "OSM:Tambo Health Center",
        "confidence": 1,
        "verified": true,
        "uncertainty_radius_m": 80,
        "needs_review": false,
        "review_reason": ""
      },
      "geometry": {
        "type": "Point",
        "coordinates": [
          120.9961426,
          14.5154071
        ]
      }
    },
    {
      "type": "Feature",
      "properties": {
        "name": "TAMBO ELEMENTARY SCHOOL UNIT 1",
        "barangay_input": "TAMBO",
        "barangay_resolved": "Tambo",
        "municipality_input": "City of Parañaque",
        "facility_type": "SCHOOL",
        "facility_status": "TEMPORARY",
        "geocode_provider": "osm",
        "geocode_query": "OSM:Tambo Elementary School",
        "confidence": 1,
        "verified": true,
        "uncertainty_radius_m": 80,
        "needs_review": false,
        "review_reason": ""
      },
      "geometry": {
        "type": "Point",
        "coordinates": [
          120.9969186,
          14.5167331
        ]
      }
    },
    {
      "type": "Feature",
      "properties": {
        "name": "R.G. ELEM SCHOOL",
        "barangay_input": "VITALEZ",
        "barangay_resolved": "Vitalez",
        "municipality_input": "City of Parañaque",
        "facility_type": "SCHOOL",
        "facility_status": "TEMPORARY",
        "geocode_provider": "osm",
        "geocode_query": "OSM:Rogelio G. Gatchalian Elementary School",
        "confidence": 1,
        "verified": true,
        "uncertainty_radius_m": 80,
        "needs_review": false,
        "review_reason": ""
      },
      "geometry": {
        "type": "Point",
        "coordinates": [
          121.0073914,
          14.5089743
        ]
      }
    },
    {
      "type": "Feature",
      "properties": {
        "name": "MAYBUNGA ELEMENTARY SCHOOL ANNEX",
        "barangay_input": "MAYBUNGA",
        "barangay_resolved": "Maybunga",
        "municipality_input": "City of Pasig",
        "facility_type": "SCHOOL",
        "facility_status": "TEMPORARY",
        "geocode_provider": "osm",
        "geocode_query": "OSM:Maybunga Elementary School",
        "confidence": 1,
        "verified": true,
        "uncertainty_radius_m": 80,
        "needs_review": false,
        "review_reason": ""
      },
      "geometry": {
        "type": "Point",
        "coordinates": [
          121.0833007,
          14.5788697
        ]
      }
    },
    {
      "type": "Feature",
      "properties": {
        "name": "WESTBANK COMMUNITY CENTER",
        "barangay_input": "MAYBUNGA",
        "barangay_resolved": "Maybunga",
        "municipality_input": "City of Pasig",
        "facility_type": "MULTI-PURPOSE BUILDING",
        "facility_status": "TEMPORARY",
        "geocode_provider": "osm",
        "geocode_query": "OSM:community_centre",
        "confidence": 1,
        "verified": true,
        "uncertainty_radius_m": 80,
        "needs_review": false,
        "review_reason": ""
      },
      "geometry": {
        "type": "Point",
        "coordinates": [
          121.0967797,
          14.573507
        ]
      }
    },
    {
      "type": "Feature",
      "properties": {
        "name": "STA. LUCIA BLISS MULTIPURPOSE HALL",
        "barangay_input": "STA. LUCIA",
        "barangay_resolved": "Santa Lucia",
        "municipality_input": "City of Pasig",
        "facility_type": "MULTI-PURPOSE BUILDING",
        "facility_status": "TEMPORARY",
        "geocode_provider": "osm",
        "geocode_query": "OSM:Multi-Purpose Hall",
        "confidence": 1,
        "verified": true,
        "uncertainty_radius_m": 80,
        "needs_review": false,
        "review_reason": ""
      },
      "geometry": {
        "type": "Point",
        "coordinates": [
          121.0981771,
          14.5873387
        ]
      }
    },
    {
      "type": "Feature",
      "properties": {
        "name": "B. TATCO COVERED COURT",
        "barangay_input": "BAGONG ILOG",
        "barangay_resolved": "Bagong Ilog",
        "municipality_input": "City of Pasig",
        "facility_type": "GYM/SPORTS FACILITY",
        "facility_status": "TEMPORARY",
        "geocode_provider": "osm",
        "geocode_query": "OSM:pitch",
        "confidence": 1,
        "verified": true,
        "uncertainty_radius_m": 80,
        "needs_review": false,
        "review_reason": ""
      },
      "geometry": {
        "type": "Point",
        "coordinates": [
          121.0683849,
          14.5597523
        ]
      }
    },
    {
      "type": "Feature",
      "properties": {
        "name": "BAGONG ILOG ELEMENTARY SCHOOL",
        "barangay_input": "BAGONG ILOG",
        "barangay_resolved": "Bagong Ilog",
        "municipality_input": "City of Pasig",
        "facility_type": "SCHOOL",
        "facility_status": "TEMPORARY",
        "geocode_provider": "osm",
        "geocode_query": "OSM:Bagong Ilog Elementary School",
        "confidence": 1,
        "verified": true,
        "uncertainty_radius_m": 80,
        "needs_review": false,
        "review_reason": ""
      },
      "geometry": {
        "type": "Point",
        "coordinates": [
          121.071244,
          14.5638196
        ]
      }
    },
    {
      "type": "Feature",
      "properties": {
        "name": "4/F CANIOGAN BARANGAY HALL (ROOF DECK)",
        "barangay_input": "CANIOGAN",
        "barangay_resolved": "Caniogan",
        "municipality_input": "City of Pasig",
        "facility_type": "BARANGAY HALL FACILITY",
        "facility_status": "TEMPORARY",
        "geocode_provider": "osm",
        "geocode_query": "OSM:CANIOGAN BARANGAY HALL",
        "confidence": 1,
        "verified": true,
        "uncertainty_radius_m": 80,
        "needs_review": false,
        "review_reason": ""
      },
      "geometry": {
        "type": "Point",
        "coordinates": [
          121.0805304,
          14.572093
        ]
      }
    },
    {
      "type": "Feature",
      "properties": {
        "name": "KARANGALAN MULTIPURPOSE HALL",
        "barangay_input": "DELA PAZ",
        "barangay_resolved": "Dela Paz",
        "municipality_input": "City of Pasig",
        "facility_type": "MULTI-PURPOSE BUILDING",
        "facility_status": "TEMPORARY",
        "geocode_provider": "osm",
        "geocode_query": "OSM:Karangalan Multi-Purpose Hall",
        "confidence": 1,
        "verified": true,
        "uncertainty_radius_m": 80,
        "needs_review": false,
        "review_reason": ""
      },
      "geometry": {
        "type": "Point",
        "coordinates": [
          121.1023607,
          14.6105971
        ]
      }
    },
    {
      "type": "Feature",
      "properties": {
        "name": "KALAWAAN ISMAR COVERED COURT",
        "barangay_input": "KALAWAAN",
        "barangay_resolved": "Kalawaan",
        "municipality_input": "City of Pasig",
        "facility_type": "GYM/SPORTS FACILITY",
        "facility_status": "TEMPORARY",
        "geocode_provider": "osm",
        "geocode_query": "OSM:Kalawaan Covered Court",
        "confidence": 1,
        "verified": true,
        "uncertainty_radius_m": 80,
        "needs_review": false,
        "review_reason": ""
      },
      "geometry": {
        "type": "Point",
        "coordinates": [
          121.0864329,
          14.5513526
        ]
      }
    },
    {
      "type": "Feature",
      "properties": {
        "name": "KAPASIGAN SPORTS CENTER FUNCTION HALL",
        "barangay_input": "KAPASIGAN",
        "barangay_resolved": "Kapasigan",
        "municipality_input": "City of Pasig",
        "facility_type": "GYM/SPORTS FACILITY",
        "facility_status": "TEMPORARY",
        "geocode_provider": "osm",
        "geocode_query": "OSM:pitch",
        "confidence": 1,
        "verified": true,
        "uncertainty_radius_m": 80,
        "needs_review": false,
        "review_reason": ""
      },
      "geometry": {
        "type": "Point",
        "coordinates": [
          121.077639,
          14.5639982
        ]
      }
    },
    {
      "type": "Feature",
      "properties": {
        "name": "DAMAYAN COVERED COURT",
        "barangay_input": "PINAGBUHATAN",
        "barangay_resolved": "Pinagbuhatan",
        "municipality_input": "City of Pasig",
        "facility_type": "GYM/SPORTS FACILITY",
        "facility_status": "TEMPORARY",
        "geocode_provider": "osm",
        "geocode_query": "OSM:Damayan Court",
        "confidence": 1,
        "verified": true,
        "uncertainty_radius_m": 80,
        "needs_review": false,
        "review_reason": ""
      },
      "geometry": {
        "type": "Point",
        "coordinates": [
          121.0914356,
          14.5547284
        ]
      }
    },
    {
      "type": "Feature",
      "properties": {
        "name": "MALINAO COVERED COURT",
        "barangay_input": "MALINAO",
        "barangay_resolved": "Malinao",
        "municipality_input": "City of Pasig",
        "facility_type": "GYM/SPORTS FACILITY",
        "facility_status": "TEMPORARY",
        "geocode_provider": "osm",
        "geocode_query": "OSM:Malinao Barangay Hall",
        "confidence": 1,
        "verified": true,
        "uncertainty_radius_m": 80,
        "needs_review": false,
        "review_reason": ""
      },
      "geometry": {
        "type": "Point",
        "coordinates": [
          121.0760927,
          14.5580622
        ]
      }
    },
    {
      "type": "Feature",
      "properties": {
        "name": "MANGGAHAN MULTIPURPOSE HALL",
        "barangay_input": "MANGGAHAN",
        "barangay_resolved": "Manggahan",
        "municipality_input": "City of Pasig",
        "facility_type": "MULTI-PURPOSE BUILDING",
        "facility_status": "TEMPORARY",
        "geocode_provider": "osm",
        "geocode_query": "OSM:Manggahan Barangay Hall",
        "confidence": 1,
        "verified": true,
        "uncertainty_radius_m": 80,
        "needs_review": false,
        "review_reason": ""
      },
      "geometry": {
        "type": "Point",
        "coordinates": [
          121.0916045,
          14.5981179
        ]
      }
    },
    {
      "type": "Feature",
      "properties": {
        "name": "STELLA MARIS COVERED COURT",
        "barangay_input": "MAYBUNGA",
        "barangay_resolved": "Maybunga",
        "municipality_input": "City of Pasig",
        "facility_type": "GYM/SPORTS FACILITY",
        "facility_status": "TEMPORARY",
        "geocode_provider": "osm",
        "geocode_query": "OSM:Maybunga Covered Court",
        "confidence": 1,
        "verified": true,
        "uncertainty_radius_m": 80,
        "needs_review": false,
        "review_reason": ""
      },
      "geometry": {
        "type": "Point",
        "coordinates": [
          121.081851,
          14.5775967
        ]
      }
    },
    {
      "type": "Feature",
      "properties": {
        "name": "SAN MIGUEL MULTIPURPOSE HALL",
        "barangay_input": "SAN MIGUEL",
        "barangay_resolved": "San Miguel",
        "municipality_input": "City of Pasig",
        "facility_type": "MULTI-PURPOSE BUILDING",
        "facility_status": "TEMPORARY",
        "geocode_provider": "osm",
        "geocode_query": "OSM:San Miguel Multi Purpose Hall",
        "confidence": 1,
        "verified": true,
        "uncertainty_radius_m": 80,
        "needs_review": false,
        "review_reason": ""
      },
      "geometry": {
        "type": "Point",
        "coordinates": [
          121.0855532,
          14.5653051
        ]
      }
    },
    {
      "type": "Feature",
      "properties": {
        "name": "ILAYA COVERED COURT",
        "barangay_input": "SANTOLAN",
        "barangay_resolved": "Santolan",
        "municipality_input": "City of Pasig",
        "facility_type": "GYM/SPORTS FACILITY",
        "facility_status": "TEMPORARY",
        "geocode_provider": "osm",
        "geocode_query": "OSM:Grassland Covered Court",
        "confidence": 1,
        "verified": true,
        "uncertainty_radius_m": 80,
        "needs_review": false,
        "review_reason": ""
      },
      "geometry": {
        "type": "Point",
        "coordinates": [
          121.0932851,
          14.6112575
        ]
      }
    },
    {
      "type": "Feature",
      "properties": {
        "name": "OUR LADY OF PERPETUAL HELP SCHOOL",
        "barangay_input": "SANTOLAN",
        "barangay_resolved": "Santolan",
        "municipality_input": "City of Pasig",
        "facility_type": "SCHOOL",
        "facility_status": "TEMPORARY",
        "geocode_provider": "osm",
        "geocode_query": "OSM:Our Lady of Perpetual Help School",
        "confidence": 1,
        "verified": true,
        "uncertainty_radius_m": 80,
        "needs_review": false,
        "review_reason": ""
      },
      "geometry": {
        "type": "Point",
        "coordinates": [
          121.0854988,
          14.61362
        ]
      }
    },
    {
      "type": "Feature",
      "properties": {
        "name": "SANTOLAN ELEMENTARY SCHOOL",
        "barangay_input": "SANTOLAN",
        "barangay_resolved": "Santolan",
        "municipality_input": "City of Pasig",
        "facility_type": "SCHOOL",
        "facility_status": "TEMPORARY",
        "geocode_provider": "osm",
        "geocode_query": "OSM:Santolan Elementary School",
        "confidence": 1,
        "verified": true,
        "uncertainty_radius_m": 80,
        "needs_review": false,
        "review_reason": ""
      },
      "geometry": {
        "type": "Point",
        "coordinates": [
          121.0822867,
          14.6151688
        ]
      }
    },
    {
      "type": "Feature",
      "properties": {
        "name": "SANTOLAN HIGH SCHOOL",
        "barangay_input": "SANTOLAN",
        "barangay_resolved": "Santolan",
        "municipality_input": "City of Pasig",
        "facility_type": "SCHOOL",
        "facility_status": "TEMPORARY",
        "geocode_provider": "osm",
        "geocode_query": "OSM:Santolan High School",
        "confidence": 1,
        "verified": true,
        "uncertainty_radius_m": 80,
        "needs_review": false,
        "review_reason": ""
      },
      "geometry": {
        "type": "Point",
        "coordinates": [
          121.0834353,
          14.6155719
        ]
      }
    },
    {
      "type": "Feature",
      "properties": {
        "name": "STO. TOMAS DE VILLANUEVA PAROCHIAL SCHOOL",
        "barangay_input": "SANTOLAN",
        "barangay_resolved": "Santolan",
        "municipality_input": "City of Pasig",
        "facility_type": "SCHOOL",
        "facility_status": "TEMPORARY",
        "geocode_provider": "osm",
        "geocode_query": "OSM:Santo Tomas de Villanueva Parochial School",
        "confidence": 1,
        "verified": true,
        "uncertainty_radius_m": 80,
        "needs_review": false,
        "review_reason": ""
      },
      "geometry": {
        "type": "Point",
        "coordinates": [
          121.0830615,
          14.6133452
        ]
      }
    },
    {
      "type": "Feature",
      "properties": {
        "name": "BLUEGRASS MULTIPURPOSE HALL",
        "barangay_input": "ROSARIO",
        "barangay_resolved": "Rosario",
        "municipality_input": "City of Pasig",
        "facility_type": "MULTI-PURPOSE BUILDING",
        "facility_status": "TEMPORARY",
        "geocode_provider": "osm",
        "geocode_query": "OSM:Roario Multi-purpose Hall",
        "confidence": 1,
        "verified": true,
        "uncertainty_radius_m": 80,
        "needs_review": false,
        "review_reason": ""
      },
      "geometry": {
        "type": "Point",
        "coordinates": [
          121.0845165,
          14.5861861
        ]
      }
    },
    {
      "type": "Feature",
      "properties": {
        "name": "ROSARIO ELEMENTARY SCHOOL",
        "barangay_input": "ROSARIO",
        "barangay_resolved": "Rosario",
        "municipality_input": "City of Pasig",
        "facility_type": "SCHOOL",
        "facility_status": "TEMPORARY",
        "geocode_provider": "osm",
        "geocode_query": "OSM:Rosario Elementary School",
        "confidence": 1,
        "verified": true,
        "uncertainty_radius_m": 80,
        "needs_review": false,
        "review_reason": ""
      },
      "geometry": {
        "type": "Point",
        "coordinates": [
          121.0838413,
          14.5847139
        ]
      }
    },
    {
      "type": "Feature",
      "properties": {
        "name": "DE CASTRO ELEMENTARY SCHOOL",
        "barangay_input": "STA. LUCIA",
        "barangay_resolved": "Santa Lucia",
        "municipality_input": "City of Pasig",
        "facility_type": "SCHOOL",
        "facility_status": "TEMPORARY",
        "geocode_provider": "osm",
        "geocode_query": "OSM:De Castro Elementary School",
        "confidence": 1,
        "verified": true,
        "uncertainty_radius_m": 80,
        "needs_review": false,
        "review_reason": ""
      },
      "geometry": {
        "type": "Point",
        "coordinates": [
          121.098559,
          14.587014
        ]
      }
    },
    {
      "type": "Feature",
      "properties": {
        "name": "UGONG BARANGAY HALL PARKING LOT",
        "barangay_input": "UGONG",
        "barangay_resolved": "Ugong",
        "municipality_input": "City of Pasig",
        "facility_type": "OPEN SPACE",
        "facility_status": "TEMPORARY",
        "geocode_provider": "osm",
        "geocode_query": "OSM:Rosario Barangay Hall",
        "confidence": 1,
        "verified": true,
        "uncertainty_radius_m": 80,
        "needs_review": false,
        "review_reason": ""
      },
      "geometry": {
        "type": "Point",
        "coordinates": [
          121.0848458,
          14.5861299
        ]
      }
    },
    {
      "type": "Feature",
      "properties": {
        "name": "DEL MONTE COVERED COURT",
        "barangay_input": "DEL MONTE",
        "barangay_resolved": "Del Monte",
        "municipality_input": "Quezon City",
        "facility_type": "GYM/SPORTS FACILITY",
        "facility_status": "TEMPORARY",
        "geocode_provider": "osm",
        "geocode_query": "OSM:poi",
        "confidence": 1,
        "verified": true,
        "uncertainty_radius_m": 80,
        "needs_review": false,
        "review_reason": ""
      },
      "geometry": {
        "type": "Point",
        "coordinates": [
          121.017131,
          14.6439598
        ]
      }
    },
    {
      "type": "Feature",
      "properties": {
        "name": "STO. DOMINGO MULTI-PURPOSE HALL",
        "barangay_input": "STO. DOMINGO",
        "barangay_resolved": "Santo Domingo",
        "municipality_input": "Quezon City",
        "facility_type": "MULTI-PURPOSE BUILDING",
        "facility_status": "TEMPORARY",
        "geocode_provider": "osm",
        "geocode_query": "OSM:Santo Domingo Barangay Hall",
        "confidence": 1,
        "verified": true,
        "uncertainty_radius_m": 80,
        "needs_review": false,
        "review_reason": ""
      },
      "geometry": {
        "type": "Point",
        "coordinates": [
          121.0058388,
          14.6333405
        ]
      }
    },
    {
      "type": "Feature",
      "properties": {
        "name": "SAN ANTONIO HIGH SCHOOL",
        "barangay_input": "SAN ANTONIO",
        "barangay_resolved": "San Antonio",
        "municipality_input": "Quezon City",
        "facility_type": "SCHOOL",
        "facility_status": "TEMPORARY",
        "geocode_provider": "osm",
        "geocode_query": "OSM:San Antonio Elementary School",
        "confidence": 1,
        "verified": true,
        "uncertainty_radius_m": 80,
        "needs_review": false,
        "review_reason": ""
      },
      "geometry": {
        "type": "Point",
        "coordinates": [
          121.0175081,
          14.6563909
        ]
      }
    },
    {
      "type": "Feature",
      "properties": {
        "name": "SAN ANTONIO ELEMENTARY SCHOOL",
        "barangay_input": "SAN ANTONIO",
        "barangay_resolved": "San Antonio",
        "municipality_input": "Quezon City",
        "facility_type": "SCHOOL",
        "facility_status": "TEMPORARY",
        "geocode_provider": "osm",
        "geocode_query": "OSM:San Antonio Elementary School",
        "confidence": 1,
        "verified": true,
        "uncertainty_radius_m": 80,
        "needs_review": false,
        "review_reason": ""
      },
      "geometry": {
        "type": "Point",
        "coordinates": [
          121.0175081,
          14.6563909
        ]
      }
    },
    {
      "type": "Feature",
      "properties": {
        "name": "BAGONG PAG-ASA ELEMENTARY SCHOOL",
        "barangay_input": "BAGONG PAG-ASA",
        "barangay_resolved": "Bagong Pag-asa",
        "municipality_input": "Quezon City",
        "facility_type": "SCHOOL",
        "facility_status": "TEMPORARY",
        "geocode_provider": "osm",
        "geocode_query": "OSM:Bagong Pag-asa Elementary School",
        "confidence": 1,
        "verified": true,
        "uncertainty_radius_m": 80,
        "needs_review": false,
        "review_reason": ""
      },
      "geometry": {
        "type": "Point",
        "coordinates": [
          121.0337005,
          14.6633395
        ]
      }
    },
    {
      "type": "Feature",
      "properties": {
        "name": "SAN FRANCISCO HIGH SCHOOL",
        "barangay_input": "BAGONG PAG-ASA",
        "barangay_resolved": "Bagong Pag-asa",
        "municipality_input": "Quezon City",
        "facility_type": "SCHOOL",
        "facility_status": "TEMPORARY",
        "geocode_provider": "osm",
        "geocode_query": "OSM:Ernesto Rondon High School",
        "confidence": 1,
        "verified": true,
        "uncertainty_radius_m": 80,
        "needs_review": false,
        "review_reason": ""
      },
      "geometry": {
        "type": "Point",
        "coordinates": [
          121.0374955,
          14.6646098
        ]
      }
    },
    {
      "type": "Feature",
      "properties": {
        "name": "TORO HILLS ELEMENTARY SCHOOL",
        "barangay_input": "BAHAY TORO",
        "barangay_resolved": "Bahay Toro",
        "municipality_input": "Quezon City",
        "facility_type": "SCHOOL",
        "facility_status": "TEMPORARY",
        "geocode_provider": "osm",
        "geocode_query": "OSM:Toro Hills Elementary School",
        "confidence": 1,
        "verified": true,
        "uncertainty_radius_m": 80,
        "needs_review": false,
        "review_reason": ""
      },
      "geometry": {
        "type": "Point",
        "coordinates": [
          121.0207435,
          14.66512
        ]
      }
    },
    {
      "type": "Feature",
      "properties": {
        "name": "BAHAY TORO COVERED COURT",
        "barangay_input": "BAHAY TORO",
        "barangay_resolved": "Bahay Toro",
        "municipality_input": "Quezon City",
        "facility_type": "GYM/SPORTS FACILITY",
        "facility_status": "TEMPORARY",
        "geocode_provider": "osm",
        "geocode_query": "OSM:pitch",
        "confidence": 1,
        "verified": true,
        "uncertainty_radius_m": 80,
        "needs_review": false,
        "review_reason": ""
      },
      "geometry": {
        "type": "Point",
        "coordinates": [
          121.0329481,
          14.6740091
        ]
      }
    },
    {
      "type": "Feature",
      "properties": {
        "name": "BALINGASA HIGH SCHOOL",
        "barangay_input": "BALINGASA",
        "barangay_resolved": "Balingasa",
        "municipality_input": "Quezon City",
        "facility_type": "SCHOOL",
        "facility_status": "TEMPORARY",
        "geocode_provider": "osm",
        "geocode_query": "OSM:Balingasa High School",
        "confidence": 1,
        "verified": true,
        "uncertainty_radius_m": 80,
        "needs_review": false,
        "review_reason": ""
      },
      "geometry": {
        "type": "Point",
        "coordinates": [
          121.0042634,
          14.6477336
        ]
      }
    },
    {
      "type": "Feature",
      "properties": {
        "name": "BALINGASA COVERED COURT",
        "barangay_input": "BALINGASA",
        "barangay_resolved": "Balingasa",
        "municipality_input": "Quezon City",
        "facility_type": "GYM/SPORTS FACILITY",
        "facility_status": "TEMPORARY",
        "geocode_provider": "osm",
        "geocode_query": "OSM:poi",
        "confidence": 1,
        "verified": true,
        "uncertainty_radius_m": 80,
        "needs_review": false,
        "review_reason": ""
      },
      "geometry": {
        "type": "Point",
        "coordinates": [
          121.0032394,
          14.6578298
        ]
      }
    },
    {
      "type": "Feature",
      "properties": {
        "name": "DAMAYAN COVERED COURT",
        "barangay_input": "DAMAYAN",
        "barangay_resolved": "Damayan",
        "municipality_input": "Quezon City",
        "facility_type": "GYM/SPORTS FACILITY",
        "facility_status": "TEMPORARY",
        "geocode_provider": "osm",
        "geocode_query": "OSM:Damayan Barangay Health Center",
        "confidence": 1,
        "verified": true,
        "uncertainty_radius_m": 80,
        "needs_review": false,
        "review_reason": ""
      },
      "geometry": {
        "type": "Point",
        "coordinates": [
          121.0147912,
          14.6394041
        ]
      }
    },
    {
      "type": "Feature",
      "properties": {
        "name": "MASAMBONG HIGH SCHOOL",
        "barangay_input": "MASAMBONG",
        "barangay_resolved": "Masambong",
        "municipality_input": "Quezon City",
        "facility_type": "SCHOOL",
        "facility_status": "TEMPORARY",
        "geocode_provider": "osm",
        "geocode_query": "OSM:Masambong High School",
        "confidence": 1,
        "verified": true,
        "uncertainty_radius_m": 80,
        "needs_review": false,
        "review_reason": ""
      },
      "geometry": {
        "type": "Point",
        "coordinates": [
          121.0107724,
          14.6425362
        ]
      }
    },
    {
      "type": "Feature",
      "properties": {
        "name": "MASAMBONG COVERED COURT",
        "barangay_input": "MASAMBONG",
        "barangay_resolved": "Masambong",
        "municipality_input": "Quezon City",
        "facility_type": "GYM/SPORTS FACILITY",
        "facility_status": "TEMPORARY",
        "geocode_provider": "osm",
        "geocode_query": "OSM:Masambong Barangay Hall",
        "confidence": 1,
        "verified": true,
        "uncertainty_radius_m": 80,
        "needs_review": false,
        "review_reason": ""
      },
      "geometry": {
        "type": "Point",
        "coordinates": [
          121.0109506,
          14.6413365
        ]
      }
    },
    {
      "type": "Feature",
      "properties": {
        "name": "PALTOK COVERED COURT",
        "barangay_input": "PALTOK",
        "barangay_resolved": "Paltok",
        "municipality_input": "Quezon City",
        "facility_type": "GYM/SPORTS FACILITY",
        "facility_status": "TEMPORARY",
        "geocode_provider": "osm",
        "geocode_query": "OSM:pitch",
        "confidence": 1,
        "verified": true,
        "uncertainty_radius_m": 80,
        "needs_review": false,
        "review_reason": ""
      },
      "geometry": {
        "type": "Point",
        "coordinates": [
          121.0186332,
          14.6429016
        ]
      }
    },
    {
      "type": "Feature",
      "properties": {
        "name": "PROJECT 6 ELEMENTARY SCHOOL",
        "barangay_input": "PROJECT 6",
        "barangay_resolved": "Project 6",
        "municipality_input": "Quezon City",
        "facility_type": "SCHOOL",
        "facility_status": "TEMPORARY",
        "geocode_provider": "osm",
        "geocode_query": "OSM:Project 6 Elementary School",
        "confidence": 1,
        "verified": true,
        "uncertainty_radius_m": 80,
        "needs_review": false,
        "review_reason": ""
      },
      "geometry": {
        "type": "Point",
        "coordinates": [
          121.0398656,
          14.6625377
        ]
      }
    },
    {
      "type": "Feature",
      "properties": {
        "name": "RAMON MAGSAYSAY HIGH SCHOOL",
        "barangay_input": "RAMON MAGSAYSAY",
        "barangay_resolved": "Ramon Magsaysay",
        "municipality_input": "Quezon City",
        "facility_type": "SCHOOL",
        "facility_status": "TEMPORARY",
        "geocode_provider": "osm",
        "geocode_query": "OSM:Ramon Magsaysay Hall",
        "confidence": 1,
        "verified": true,
        "uncertainty_radius_m": 80,
        "needs_review": false,
        "review_reason": ""
      },
      "geometry": {
        "type": "Point",
        "coordinates": [
          121.0222075,
          14.6590715
        ]
      }
    },
    {
      "type": "Feature",
      "properties": {
        "name": "SANGANDAAN COVERED COURT",
        "barangay_input": "SANGANDAAN",
        "barangay_resolved": "Sangandaan",
        "municipality_input": "Quezon City",
        "facility_type": "GYM/SPORTS FACILITY",
        "facility_status": "TEMPORARY",
        "geocode_provider": "osm",
        "geocode_query": "OSM:pitch",
        "confidence": 1,
        "verified": true,
        "uncertainty_radius_m": 80,
        "needs_review": false,
        "review_reason": ""
      },
      "geometry": {
        "type": "Point",
        "coordinates": [
          121.0218136,
          14.6763804
        ]
      }
    },
    {
      "type": "Feature",
      "properties": {
        "name": "STO. CRISTO ELEMENTARY SCHOOL",
        "barangay_input": "STO. CRISTO",
        "barangay_resolved": "Santo Cristo",
        "municipality_input": "Quezon City",
        "facility_type": "SCHOOL",
        "facility_status": "TEMPORARY",
        "geocode_provider": "osm",
        "geocode_query": "OSM:Santo Cristo Elementary School",
        "confidence": 1,
        "verified": true,
        "uncertainty_radius_m": 80,
        "needs_review": false,
        "review_reason": ""
      },
      "geometry": {
        "type": "Point",
        "coordinates": [
          121.0286629,
          14.661222
        ]
      }
    },
    {
      "type": "Feature",
      "properties": {
        "name": "TALAYAN COVERED COURT",
        "barangay_input": "TALAYAN",
        "barangay_resolved": "Talayan",
        "municipality_input": "Quezon City",
        "facility_type": "GYM/SPORTS FACILITY",
        "facility_status": "TEMPORARY",
        "geocode_provider": "osm",
        "geocode_query": "OSM:poi",
        "confidence": 1,
        "verified": true,
        "uncertainty_radius_m": 80,
        "needs_review": false,
        "review_reason": ""
      },
      "geometry": {
        "type": "Point",
        "coordinates": [
          121.015439,
          14.6307269
        ]
      }
    },
    {
      "type": "Feature",
      "properties": {
        "name": "PROJECT 7 ELEMENTARY SCHOOL",
        "barangay_input": "VETERANS VILLAGE",
        "barangay_resolved": "Veterans Village",
        "municipality_input": "Quezon City",
        "facility_type": "SCHOOL",
        "facility_status": "TEMPORARY",
        "geocode_provider": "osm",
        "geocode_query": "OSM:Esteban Abada Elementary School",
        "confidence": 1,
        "verified": true,
        "uncertainty_radius_m": 80,
        "needs_review": false,
        "review_reason": ""
      },
      "geometry": {
        "type": "Point",
        "coordinates": [
          121.0244653,
          14.6542901
        ]
      }
    },
    {
      "type": "Feature",
      "properties": {
        "name": "BAGONG SILANGAN MULTI-PURPOSE EVACUATION CENTER (MPEC)",
        "barangay_input": "BAGONG SILANGAN",
        "barangay_resolved": "Bagong Silangan",
        "municipality_input": "Quezon City",
        "facility_type": "MULTI-PURPOSE BUILDING",
        "facility_status": "PERMANENT",
        "geocode_provider": "osm",
        "geocode_query": "OSM:Bagong Silangan Evacuation Center",
        "confidence": 1,
        "verified": true,
        "uncertainty_radius_m": 80,
        "needs_review": false,
        "review_reason": ""
      },
      "geometry": {
        "type": "Point",
        "coordinates": [
          121.1103232,
          14.6974782
        ]
      }
    },
    {
      "type": "Feature",
      "properties": {
        "name": "BAGONG SILANGAN ELEMENTARY SCHOOL",
        "barangay_input": "BAGONG SILANGAN",
        "barangay_resolved": "Bagong Silangan",
        "municipality_input": "Quezon City",
        "facility_type": "SCHOOL",
        "facility_status": "TEMPORARY",
        "geocode_provider": "osm",
        "geocode_query": "OSM:Bagong Silangan Elementary School",
        "confidence": 1,
        "verified": true,
        "uncertainty_radius_m": 80,
        "needs_review": false,
        "review_reason": ""
      },
      "geometry": {
        "type": "Point",
        "coordinates": [
          121.1099435,
          14.6967842
        ]
      }
    },
    {
      "type": "Feature",
      "properties": {
        "name": "BAGONG SILANGAN HIGH SCHOOL",
        "barangay_input": "BAGONG SILANGAN",
        "barangay_resolved": "Bagong Silangan",
        "municipality_input": "Quezon City",
        "facility_type": "SCHOOL",
        "facility_status": "TEMPORARY",
        "geocode_provider": "osm",
        "geocode_query": "OSM:Bagong Silangan High School",
        "confidence": 1,
        "verified": true,
        "uncertainty_radius_m": 80,
        "needs_review": false,
        "review_reason": ""
      },
      "geometry": {
        "type": "Point",
        "coordinates": [
          121.1094223,
          14.6960389
        ]
      }
    },
    {
      "type": "Feature",
      "properties": {
        "name": "PAYATAS B COVERED COURT",
        "barangay_input": "PAYATAS",
        "barangay_resolved": "Payatas",
        "municipality_input": "Quezon City",
        "facility_type": "GYM/SPORTS FACILITY",
        "facility_status": "TEMPORARY",
        "geocode_provider": "osm",
        "geocode_query": "OSM:Payatas A Covered Court",
        "confidence": 1,
        "verified": true,
        "uncertainty_radius_m": 80,
        "needs_review": false,
        "review_reason": ""
      },
      "geometry": {
        "type": "Point",
        "coordinates": [
          121.0947388,
          14.6981412
        ]
      }
    },
    {
      "type": "Feature",
      "properties": {
        "name": "PAYATAS B ELEMENTARY SCHOOL",
        "barangay_input": "PAYATAS",
        "barangay_resolved": "Payatas",
        "municipality_input": "Quezon City",
        "facility_type": "SCHOOL",
        "facility_status": "TEMPORARY",
        "geocode_provider": "osm",
        "geocode_query": "OSM:Payatas B Elementary School",
        "confidence": 1,
        "verified": true,
        "uncertainty_radius_m": 80,
        "needs_review": false,
        "review_reason": ""
      },
      "geometry": {
        "type": "Point",
        "coordinates": [
          121.093824,
          14.7136905
        ]
      }
    },
    {
      "type": "Feature",
      "properties": {
        "name": "JUSTICE CECILIA MUÑOZ PALMA HIGH SCHOOL",
        "barangay_input": "PAYATAS",
        "barangay_resolved": "Payatas",
        "municipality_input": "Quezon City",
        "facility_type": "SCHOOL",
        "facility_status": "TEMPORARY",
        "geocode_provider": "osm",
        "geocode_query": "OSM:Justice Cecilia Muñoz Palma High School",
        "confidence": 1,
        "verified": true,
        "uncertainty_radius_m": 80,
        "needs_review": false,
        "review_reason": ""
      },
      "geometry": {
        "type": "Point",
        "coordinates": [
          121.0947779,
          14.7138971
        ]
      }
    },
    {
      "type": "Feature",
      "properties": {
        "name": "COMMONWEALTH ELEMENTARY SCHOOL",
        "barangay_input": "COMMONWEALTH",
        "barangay_resolved": "Commonwealth",
        "municipality_input": "Quezon City",
        "facility_type": "SCHOOL",
        "facility_status": "TEMPORARY",
        "geocode_provider": "osm",
        "geocode_query": "OSM:Commonwealth Adventist Elementary School",
        "confidence": 1,
        "verified": true,
        "uncertainty_radius_m": 80,
        "needs_review": false,
        "review_reason": ""
      },
      "geometry": {
        "type": "Point",
        "coordinates": [
          121.0932076,
          14.6977492
        ]
      }
    },
    {
      "type": "Feature",
      "properties": {
        "name": "COMMONWEALTH HIGH SCHOOL",
        "barangay_input": "COMMONWEALTH",
        "barangay_resolved": "Commonwealth",
        "municipality_input": "Quezon City",
        "facility_type": "SCHOOL",
        "facility_status": "TEMPORARY",
        "geocode_provider": "osm",
        "geocode_query": "OSM:Commonwealth High School",
        "confidence": 1,
        "verified": true,
        "uncertainty_radius_m": 80,
        "needs_review": false,
        "review_reason": ""
      },
      "geometry": {
        "type": "Point",
        "coordinates": [
          121.0816559,
          14.6990411
        ]
      }
    },
    {
      "type": "Feature",
      "properties": {
        "name": "MANUEL L. QUEZON ELEMENTARY SCHOOL",
        "barangay_input": "COMMONWEALTH",
        "barangay_resolved": "Commonwealth",
        "municipality_input": "Quezon City",
        "facility_type": "SCHOOL",
        "facility_status": "TEMPORARY",
        "geocode_provider": "osm",
        "geocode_query": "OSM:Manuel L. Quezon Elementary School",
        "confidence": 1,
        "verified": true,
        "uncertainty_radius_m": 80,
        "needs_review": false,
        "review_reason": ""
      },
      "geometry": {
        "type": "Point",
        "coordinates": [
          121.0793517,
          14.6954998
        ]
      }
    },
    {
      "type": "Feature",
      "properties": {
        "name": "BATASAN HILLS NATIONAL HIGH SCHOOL",
        "barangay_input": "BATASAN HILLS",
        "barangay_resolved": "Batasan Hills",
        "municipality_input": "Quezon City",
        "facility_type": "SCHOOL",
        "facility_status": "TEMPORARY",
        "geocode_provider": "osm",
        "geocode_query": "OSM:Batasan Hills National High School",
        "confidence": 1,
        "verified": true,
        "uncertainty_radius_m": 80,
        "needs_review": false,
        "review_reason": ""
      },
      "geometry": {
        "type": "Point",
        "coordinates": [
          121.09496,
          14.6891204
        ]
      }
    },
    {
      "type": "Feature",
      "properties": {
        "name": "BATASAN HILLS MULTI-PURPOSE BUILDING",
        "barangay_input": "BATASAN HILLS",
        "barangay_resolved": "Batasan Hills",
        "municipality_input": "Quezon City",
        "facility_type": "MULTI-PURPOSE BUILDING",
        "facility_status": "TEMPORARY",
        "geocode_provider": "osm",
        "geocode_query": "OSM:community_centre",
        "confidence": 1,
        "verified": true,
        "uncertainty_radius_m": 80,
        "needs_review": false,
        "review_reason": ""
      },
      "geometry": {
        "type": "Point",
        "coordinates": [
          121.0900359,
          14.6898373
        ]
      }
    },
    {
      "type": "Feature",
      "properties": {
        "name": "HOLY SPIRIT NATIONAL HIGH SCHOOL",
        "barangay_input": "HOLY SPIRIT",
        "barangay_resolved": "Holy Spirit",
        "municipality_input": "Quezon City",
        "facility_type": "SCHOOL",
        "facility_status": "TEMPORARY",
        "geocode_provider": "osm",
        "geocode_query": "OSM:Holy Spirit National High School",
        "confidence": 1,
        "verified": true,
        "uncertainty_radius_m": 80,
        "needs_review": false,
        "review_reason": ""
      },
      "geometry": {
        "type": "Point",
        "coordinates": [
          121.080474,
          14.6897833
        ]
      }
    },
    {
      "type": "Feature",
      "properties": {
        "name": "HOLY SPIRIT COVERED COURT",
        "barangay_input": "HOLY SPIRIT",
        "barangay_resolved": "Holy Spirit",
        "municipality_input": "Quezon City",
        "facility_type": "GYM/SPORTS FACILITY",
        "facility_status": "TEMPORARY",
        "geocode_provider": "osm",
        "geocode_query": "OSM:Barangay Holy Spirit Covered Court",
        "confidence": 1,
        "verified": true,
        "uncertainty_radius_m": 80,
        "needs_review": false,
        "review_reason": ""
      },
      "geometry": {
        "type": "Point",
        "coordinates": [
          121.0764188,
          14.6839353
        ]
      }
    },
    {
      "type": "Feature",
      "properties": {
        "name": "MARILAG COVERED COURT",
        "barangay_input": "MARILAG",
        "barangay_resolved": "Marilag",
        "municipality_input": "Quezon City",
        "facility_type": "GYM/SPORTS FACILITY",
        "facility_status": "TEMPORARY",
        "geocode_provider": "osm",
        "geocode_query": "OSM:Marilag Gym",
        "confidence": 1,
        "verified": true,
        "uncertainty_radius_m": 80,
        "needs_review": false,
        "review_reason": ""
      },
      "geometry": {
        "type": "Point",
        "coordinates": [
          121.0692189,
          14.6254519
        ]
      }
    },
    {
      "type": "Feature",
      "properties": {
        "name": "LOYOLA HEIGHTS COMMUNITY CENTER",
        "barangay_input": "LOYOLA HEIGHTS",
        "barangay_resolved": "Loyola Heights",
        "municipality_input": "Quezon City",
        "facility_type": "MULTI-PURPOSE BUILDING",
        "facility_status": "TEMPORARY",
        "geocode_provider": "osm",
        "geocode_query": "OSM:Center for Community Services Hall",
        "confidence": 1,
        "verified": true,
        "uncertainty_radius_m": 80,
        "needs_review": false,
        "review_reason": ""
      },
      "geometry": {
        "type": "Point",
        "coordinates": [
          121.0779576,
          14.641511
        ]
      }
    },
    {
      "type": "Feature",
      "properties": {
        "name": "BALARA HIGH SCHOOL",
        "barangay_input": "MATANDANG BALARA",
        "barangay_resolved": "Matandang Balara",
        "municipality_input": "Quezon City",
        "facility_type": "SCHOOL",
        "facility_status": "TEMPORARY",
        "geocode_provider": "osm",
        "geocode_query": "OSM:Old Balara Christian Community School",
        "confidence": 1,
        "verified": true,
        "uncertainty_radius_m": 80,
        "needs_review": false,
        "review_reason": ""
      },
      "geometry": {
        "type": "Point",
        "coordinates": [
          121.0710333,
          14.6645609
        ]
      }
    },
    {
      "type": "Feature",
      "properties": {
        "name": "BALARA ELEMENTARY SCHOOL",
        "barangay_input": "MATANDANG BALARA",
        "barangay_resolved": "Matandang Balara",
        "municipality_input": "Quezon City",
        "facility_type": "SCHOOL",
        "facility_status": "TEMPORARY",
        "geocode_provider": "osm",
        "geocode_query": "OSM:Old Balara Elementary School",
        "confidence": 1,
        "verified": true,
        "uncertainty_radius_m": 80,
        "needs_review": false,
        "review_reason": ""
      },
      "geometry": {
        "type": "Point",
        "coordinates": [
          121.0762507,
          14.6724755
        ]
      }
    },
    {
      "type": "Feature",
      "properties": {
        "name": "MATANDANG BALARA COVERED COURT",
        "barangay_input": "MATANDANG BALARA",
        "barangay_resolved": "Matandang Balara",
        "municipality_input": "Quezon City",
        "facility_type": "GYM/SPORTS FACILITY",
        "facility_status": "TEMPORARY",
        "geocode_provider": "osm",
        "geocode_query": "OSM:sports_centre",
        "confidence": 1,
        "verified": true,
        "uncertainty_radius_m": 80,
        "needs_review": false,
        "review_reason": ""
      },
      "geometry": {
        "type": "Point",
        "coordinates": [
          121.0794693,
          14.6662867
        ]
      }
    },
    {
      "type": "Feature",
      "properties": {
        "name": "BAGUMBAYAN COVERED COURT",
        "barangay_input": "BAGUMBAYAN",
        "barangay_resolved": "Bagumbayan",
        "municipality_input": "Quezon City",
        "facility_type": "GYM/SPORTS FACILITY",
        "facility_status": "TEMPORARY",
        "geocode_provider": "osm",
        "geocode_query": "OSM:Bagumbayan Covered Court",
        "confidence": 1,
        "verified": true,
        "uncertainty_radius_m": 80,
        "needs_review": false,
        "review_reason": ""
      },
      "geometry": {
        "type": "Point",
        "coordinates": [
          121.0822666,
          14.6081488
        ]
      }
    },
    {
      "type": "Feature",
      "properties": {
        "name": "LIBIS ELEMENTARY SCHOOL",
        "barangay_input": "BAGUMBAYAN",
        "barangay_resolved": "Bagumbayan",
        "municipality_input": "Quezon City",
        "facility_type": "SCHOOL",
        "facility_status": "TEMPORARY",
        "geocode_provider": "osm",
        "geocode_query": "OSM:Bagumbayan Elementary School",
        "confidence": 1,
        "verified": true,
        "uncertainty_radius_m": 80,
        "needs_review": false,
        "review_reason": ""
      },
      "geometry": {
        "type": "Point",
        "coordinates": [
          121.0827612,
          14.6078939
        ]
      }
    },
    {
      "type": "Feature",
      "properties": {
        "name": "BAGUMBUHAY ELEMENTARY SCHOOL",
        "barangay_input": "BAGUMBUHAY",
        "barangay_resolved": "Bagumbuhay",
        "municipality_input": "Quezon City",
        "facility_type": "SCHOOL",
        "facility_status": "TEMPORARY",
        "geocode_provider": "osm",
        "geocode_query": "OSM:Pura V. Kalaw Elementary School",
        "confidence": 1,
        "verified": true,
        "uncertainty_radius_m": 80,
        "needs_review": false,
        "review_reason": ""
      },
      "geometry": {
        "type": "Point",
        "coordinates": [
          121.0680077,
          14.6212732
        ]
      }
    },
    {
      "type": "Feature",
      "properties": {
        "name": "CLARO M. RECTO HIGH SCHOOL",
        "barangay_input": "CLARO",
        "barangay_resolved": "Claro",
        "municipality_input": "Quezon City",
        "facility_type": "SCHOOL",
        "facility_status": "TEMPORARY",
        "geocode_provider": "geoapify",
        "geocode_query": "CLARO M. RECTO, Philippines",
        "confidence": 1,
        "verified": false,
        "uncertainty_radius_m": 50,
        "needs_review": false,
        "review_reason": "Manually verified & pinned by user",
        "triangulated": true
      },
      "geometry": {
        "type": "Point",
        "coordinates": [
          120.99505952685637,
          14.599995743025737
        ]
      }
    },
    {
      "type": "Feature",
      "properties": {
        "name": "E. RODRIGUEZ ELEMENTARY SCHOOL",
        "barangay_input": "E. RODRIGUEZ",
        "barangay_resolved": "E. Rodriguez",
        "municipality_input": "Quezon City",
        "facility_type": "SCHOOL",
        "facility_status": "TEMPORARY",
        "geocode_provider": "osm",
        "geocode_query": "OSM:Eulogio Rodriguez, Sr. Elementary School",
        "confidence": 1,
        "verified": true,
        "uncertainty_radius_m": 80,
        "needs_review": false,
        "review_reason": ""
      },
      "geometry": {
        "type": "Point",
        "coordinates": [
          121.05413,
          14.6300318
        ]
      }
    },
    {
      "type": "Feature",
      "properties": {
        "name": "EAST KAMIAS COVERED COURT",
        "barangay_input": "EAST KAMIAS",
        "barangay_resolved": "East Kamias",
        "municipality_input": "Quezon City",
        "facility_type": "GYM/SPORTS FACILITY",
        "facility_status": "TEMPORARY",
        "geocode_provider": "osm",
        "geocode_query": "OSM:sports_hall",
        "confidence": 1,
        "verified": true,
        "uncertainty_radius_m": 80,
        "needs_review": false,
        "review_reason": ""
      },
      "geometry": {
        "type": "Point",
        "coordinates": [
          121.0589492,
          14.631244
        ]
      }
    },
    {
      "type": "Feature",
      "properties": {
        "name": "ESCOPA COVERED COURT",
        "barangay_input": "ESCOPA",
        "barangay_resolved": "Escopa I",
        "municipality_input": "Quezon City",
        "facility_type": "GYM/SPORTS FACILITY",
        "facility_status": "TEMPORARY",
        "geocode_provider": "osm",
        "geocode_query": "OSM:poi",
        "confidence": 1,
        "verified": true,
        "uncertainty_radius_m": 80,
        "needs_review": false,
        "review_reason": ""
      },
      "geometry": {
        "type": "Point",
        "coordinates": [
          121.0726179,
          14.6230136
        ]
      }
    },
    {
      "type": "Feature",
      "properties": {
        "name": "MILAGROSA COVERED COURT",
        "barangay_input": "MILAGROSA",
        "barangay_resolved": "Milagrosa",
        "municipality_input": "Quezon City",
        "facility_type": "GYM/SPORTS FACILITY",
        "facility_status": "TEMPORARY",
        "geocode_provider": "osm",
        "geocode_query": "OSM:pitch",
        "confidence": 1,
        "verified": true,
        "uncertainty_radius_m": 80,
        "needs_review": false,
        "review_reason": ""
      },
      "geometry": {
        "type": "Point",
        "coordinates": [
          121.0741704,
          14.6218028
        ]
      }
    },
    {
      "type": "Feature",
      "properties": {
        "name": "PANSOL COVERED COURT",
        "barangay_input": "PANSOL",
        "barangay_resolved": "Pansol",
        "municipality_input": "Quezon City",
        "facility_type": "GYM/SPORTS FACILITY",
        "facility_status": "TEMPORARY",
        "geocode_provider": "osm",
        "geocode_query": "OSM:Pansol Barangay Hall",
        "confidence": 1,
        "verified": true,
        "uncertainty_radius_m": 80,
        "needs_review": false,
        "review_reason": ""
      },
      "geometry": {
        "type": "Point",
        "coordinates": [
          121.0769804,
          14.6510712
        ]
      }
    },
    {
      "type": "Feature",
      "properties": {
        "name": "QUIRINO HIGH SCHOOL",
        "barangay_input": "QUIRINO 2-A",
        "barangay_resolved": "Quirino 2-A",
        "municipality_input": "Quezon City",
        "facility_type": "SCHOOL",
        "facility_status": "TEMPORARY",
        "geocode_provider": "osm",
        "geocode_query": "OSM:Quirino Elementary School",
        "confidence": 1,
        "verified": true,
        "uncertainty_radius_m": 80,
        "needs_review": false,
        "review_reason": ""
      },
      "geometry": {
        "type": "Point",
        "coordinates": [
          121.0611176,
          14.6322993
        ]
      }
    },
    {
      "type": "Feature",
      "properties": {
        "name": "SAN ROQUE ELEMENTARY SCHOOL",
        "barangay_input": "SAN ROQUE",
        "barangay_resolved": "San Roque",
        "municipality_input": "Quezon City",
        "facility_type": "SCHOOL",
        "facility_status": "TEMPORARY",
        "geocode_provider": "osm",
        "geocode_query": "OSM:Brgy. San Roque",
        "confidence": 1,
        "verified": true,
        "uncertainty_radius_m": 80,
        "needs_review": false,
        "review_reason": ""
      },
      "geometry": {
        "type": "Point",
        "coordinates": [
          121.0633626,
          14.6183786
        ]
      }
    },
    {
      "type": "Feature",
      "properties": {
        "name": "SILANGAN COVERED COURT",
        "barangay_input": "SILANGAN",
        "barangay_resolved": "Silangan",
        "municipality_input": "Quezon City",
        "facility_type": "GYM/SPORTS FACILITY",
        "facility_status": "TEMPORARY",
        "geocode_provider": "osm",
        "geocode_query": "OSM:Silangan Barangay Hall",
        "confidence": 1,
        "verified": true,
        "uncertainty_radius_m": 80,
        "needs_review": false,
        "review_reason": ""
      },
      "geometry": {
        "type": "Point",
        "coordinates": [
          121.0561539,
          14.6290004
        ]
      }
    },
    {
      "type": "Feature",
      "properties": {
        "name": "15TH AVENUE COVERED COURT",
        "barangay_input": "SOCORRO",
        "barangay_resolved": "Socorro",
        "municipality_input": "Quezon City",
        "facility_type": "GYM/SPORTS FACILITY",
        "facility_status": "TEMPORARY",
        "geocode_provider": "osm",
        "geocode_query": "OSM:poi",
        "confidence": 1,
        "verified": true,
        "uncertainty_radius_m": 80,
        "needs_review": false,
        "review_reason": ""
      },
      "geometry": {
        "type": "Point",
        "coordinates": [
          121.0591644,
          14.6161119
        ]
      }
    },
    {
      "type": "Feature",
      "properties": {
        "name": "TATALON EVACUATION CENTER",
        "barangay_input": "TATALON",
        "barangay_resolved": "Tatalon",
        "municipality_input": "Quezon City",
        "facility_type": "MULTI-PURPOSE BUILDING",
        "facility_status": "PERMANENT",
        "geocode_provider": "osm",
        "geocode_query": "OSM:Tatalon Health Center",
        "confidence": 1,
        "verified": true,
        "uncertainty_radius_m": 80,
        "needs_review": false,
        "review_reason": ""
      },
      "geometry": {
        "type": "Point",
        "coordinates": [
          121.0134187,
          14.6213445
        ]
      }
    },
    {
      "type": "Feature",
      "properties": {
        "name": "DR. JOSEFA MARTINEZ HIGH SCHOOL",
        "barangay_input": "TATALON",
        "barangay_resolved": "Tatalon",
        "municipality_input": "Quezon City",
        "facility_type": "SCHOOL",
        "facility_status": "TEMPORARY",
        "geocode_provider": "osm",
        "geocode_query": "OSM:Dr. Josefa Jara Martinez High School",
        "confidence": 1,
        "verified": true,
        "uncertainty_radius_m": 80,
        "needs_review": false,
        "review_reason": ""
      },
      "geometry": {
        "type": "Point",
        "coordinates": [
          121.0129305,
          14.621818
        ]
      }
    },
    {
      "type": "Feature",
      "properties": {
        "name": "SANCTUARIO DE SAN PEDRO BAUTISTA COVERED COURT",
        "barangay_input": "TATALON",
        "barangay_resolved": "Tatalon",
        "municipality_input": "Quezon City",
        "facility_type": "GYM/SPORTS FACILITY",
        "facility_status": "TEMPORARY",
        "geocode_provider": "osm",
        "geocode_query": "OSM:pitch",
        "confidence": 1,
        "verified": true,
        "uncertainty_radius_m": 80,
        "needs_review": false,
        "review_reason": ""
      },
      "geometry": {
        "type": "Point",
        "coordinates": [
          121.0160934,
          14.6179225
        ]
      }
    },
    {
      "type": "Feature",
      "properties": {
        "name": "ROXAS MULTI-PURPOSE HALL",
        "barangay_input": "ROXAS",
        "barangay_resolved": "Roxas",
        "municipality_input": "Quezon City",
        "facility_type": "MULTI-PURPOSE BUILDING",
        "facility_status": "TEMPORARY",
        "geocode_provider": "osm",
        "geocode_query": "OSM:Barangay Roxas Multipurpose Gymnasium",
        "confidence": 1,
        "verified": true,
        "uncertainty_radius_m": 80,
        "needs_review": false,
        "review_reason": ""
      },
      "geometry": {
        "type": "Point",
        "coordinates": [
          121.0195065,
          14.628775
        ]
      }
    },
    {
      "type": "Feature",
      "properties": {
        "name": "GENERAL ROXAS ELEMENTARY SCHOOL",
        "barangay_input": "ROXAS",
        "barangay_resolved": "Roxas",
        "municipality_input": "Quezon City",
        "facility_type": "SCHOOL",
        "facility_status": "TEMPORARY",
        "geocode_provider": "osm",
        "geocode_query": "OSM:General Roxas Elementary School",
        "confidence": 1,
        "verified": true,
        "uncertainty_radius_m": 80,
        "needs_review": false,
        "review_reason": ""
      },
      "geometry": {
        "type": "Point",
        "coordinates": [
          121.0224094,
          14.6278206
        ]
      }
    },
    {
      "type": "Feature",
      "properties": {
        "name": "DAMAYANG LAGI COVERED COURT",
        "barangay_input": "DAMAYANG LAGI",
        "barangay_resolved": "Damayang Lagi",
        "municipality_input": "Quezon City",
        "facility_type": "GYM/SPORTS FACILITY",
        "facility_status": "TEMPORARY",
        "geocode_provider": "osm",
        "geocode_query": "OSM:pitch",
        "confidence": 1,
        "verified": true,
        "uncertainty_radius_m": 80,
        "needs_review": false,
        "review_reason": ""
      },
      "geometry": {
        "type": "Point",
        "coordinates": [
          121.0160934,
          14.6179225
        ]
      }
    },
    {
      "type": "Feature",
      "properties": {
        "name": "DOÑA IMELDA COVERED COURT",
        "barangay_input": "DOÑA IMELDA",
        "barangay_resolved": "Do�a Imelda",
        "municipality_input": "Quezon City",
        "facility_type": "GYM/SPORTS FACILITY",
        "facility_status": "TEMPORARY",
        "geocode_provider": "osm",
        "geocode_query": "OSM:pitch",
        "confidence": 1,
        "verified": true,
        "uncertainty_radius_m": 80,
        "needs_review": false,
        "review_reason": ""
      },
      "geometry": {
        "type": "Point",
        "coordinates": [
          121.0160934,
          14.6179225
        ]
      }
    },
    {
      "type": "Feature",
      "properties": {
        "name": "DOÑA AURORA ELEMENTARY SCHOOL",
        "barangay_input": "DOÑA AURORA",
        "barangay_resolved": null,
        "municipality_input": "Quezon City",
        "facility_type": "SCHOOL",
        "facility_status": "TEMPORARY",
        "geocode_provider": "nominatim",
        "geocode_query": "DOÑA AURORA ELEMENTARY SCHOOL, DONA AURORA, QUEZON",
        "confidence": 0.4,
        "verified": false,
        "uncertainty_radius_m": null,
        "needs_review": true,
        "review_reason": "unverified_location"
      },
      "geometry": null
    },
    {
      "type": "Feature",
      "properties": {
        "name": "TOMAS MORATO ELEMENTARY SCHOOL",
        "barangay_input": "KAMUNING",
        "barangay_resolved": "Kamuning",
        "municipality_input": "Quezon City",
        "facility_type": "SCHOOL",
        "facility_status": "TEMPORARY",
        "geocode_provider": "osm",
        "geocode_query": "OSM:Tomas Morato Elementary School",
        "confidence": 1,
        "verified": true,
        "uncertainty_radius_m": 80,
        "needs_review": false,
        "review_reason": ""
      },
      "geometry": {
        "type": "Point",
        "coordinates": [
          121.0364816,
          14.6260128
        ]
      }
    },
    {
      "type": "Feature",
      "properties": {
        "name": "QUEZON CITY HIGH SCHOOL",
        "barangay_input": "CENTRAL",
        "barangay_resolved": "Central",
        "municipality_input": "Quezon City",
        "facility_type": "SCHOOL",
        "facility_status": "TEMPORARY",
        "geocode_provider": "osm",
        "geocode_query": "OSM:Quezon City Hall",
        "confidence": 1,
        "verified": true,
        "uncertainty_radius_m": 80,
        "needs_review": false,
        "review_reason": ""
      },
      "geometry": {
        "type": "Point",
        "coordinates": [
          121.0514015,
          14.6480544
        ]
      }
    },
    {
      "type": "Feature",
      "properties": {
        "name": "PINYAHAN ELEMENTARY SCHOOL",
        "barangay_input": "CENTRAL",
        "barangay_resolved": "Central",
        "municipality_input": "Quezon City",
        "facility_type": "SCHOOL",
        "facility_status": "TEMPORARY",
        "geocode_provider": "osm",
        "geocode_query": "OSM:Quezon City Hall",
        "confidence": 1,
        "verified": true,
        "uncertainty_radius_m": 80,
        "needs_review": false,
        "review_reason": ""
      },
      "geometry": {
        "type": "Point",
        "coordinates": [
          121.0514015,
          14.6480544
        ]
      }
    },
    {
      "type": "Feature",
      "properties": {
        "name": "KRUS NA LIGAS HIGH SCHOOL",
        "barangay_input": "KRUS NA LIGAS",
        "barangay_resolved": "Krus Na Ligas",
        "municipality_input": "Quezon City",
        "facility_type": "SCHOOL",
        "facility_status": "TEMPORARY",
        "geocode_provider": "osm",
        "geocode_query": "OSM:Krus na Ligas High School",
        "confidence": 1,
        "verified": true,
        "uncertainty_radius_m": 80,
        "needs_review": false,
        "review_reason": ""
      },
      "geometry": {
        "type": "Point",
        "coordinates": [
          121.0623004,
          14.6446349
        ]
      }
    },
    {
      "type": "Feature",
      "properties": {
        "name": "KRUS NA LIGAS ELEMENTARY SCHOOL",
        "barangay_input": "KRUS NA LIGAS",
        "barangay_resolved": "Krus Na Ligas",
        "municipality_input": "Quezon City",
        "facility_type": "SCHOOL",
        "facility_status": "TEMPORARY",
        "geocode_provider": "osm",
        "geocode_query": "OSM:Cruz na Ligas Elementary School",
        "confidence": 1,
        "verified": true,
        "uncertainty_radius_m": 80,
        "needs_review": false,
        "review_reason": ""
      },
      "geometry": {
        "type": "Point",
        "coordinates": [
          121.0639255,
          14.6439262
        ]
      }
    },
    {
      "type": "Feature",
      "properties": {
        "name": "OBRERO COVERED COURT",
        "barangay_input": "OBRERO",
        "barangay_resolved": "Obrero",
        "municipality_input": "Quezon City",
        "facility_type": "GYM/SPORTS FACILITY",
        "facility_status": "TEMPORARY",
        "geocode_provider": "osm",
        "geocode_query": "OSM:Obrero Barangay Hall",
        "confidence": 1,
        "verified": true,
        "uncertainty_radius_m": 80,
        "needs_review": false,
        "review_reason": ""
      },
      "geometry": {
        "type": "Point",
        "coordinates": [
          121.0332103,
          14.6262152
        ]
      }
    },
    {
      "type": "Feature",
      "properties": {
        "name": "GALAS COVERED COURT",
        "barangay_input": "SAN ISIDRO GALAS",
        "barangay_resolved": null,
        "municipality_input": "Quezon City",
        "facility_type": "GYM/SPORTS FACILITY",
        "facility_status": "TEMPORARY",
        "geocode_provider": "geoapify",
        "geocode_query": "GALAS COVERED COURT, SAN ISIDRO GALAS, QUEZON",
        "confidence": 0.4,
        "verified": false,
        "uncertainty_radius_m": null,
        "needs_review": true,
        "review_reason": "unverified_location"
      },
      "geometry": null
    },
    {
      "type": "Feature",
      "properties": {
        "name": "SAN VICENTE ELEMENTARY SCHOOL",
        "barangay_input": "SAN VICENTE",
        "barangay_resolved": "San Vicente",
        "municipality_input": "Quezon City",
        "facility_type": "SCHOOL",
        "facility_status": "TEMPORARY",
        "geocode_provider": "osm",
        "geocode_query": "OSM:San Vicente Elementary School",
        "confidence": 1,
        "verified": true,
        "uncertainty_radius_m": 80,
        "needs_review": false,
        "review_reason": ""
      },
      "geometry": {
        "type": "Point",
        "coordinates": [
          121.0573848,
          14.6536107
        ]
      }
    },
    {
      "type": "Feature",
      "properties": {
        "name": "SANTOL COVERED COURT",
        "barangay_input": "SANTOL",
        "barangay_resolved": "Santol",
        "municipality_input": "Quezon City",
        "facility_type": "GYM/SPORTS FACILITY",
        "facility_status": "TEMPORARY",
        "geocode_provider": "osm",
        "geocode_query": "OSM:pitch",
        "confidence": 1,
        "verified": true,
        "uncertainty_radius_m": 80,
        "needs_review": false,
        "review_reason": ""
      },
      "geometry": {
        "type": "Point",
        "coordinates": [
          121.0144154,
          14.6122051
        ]
      }
    },
    {
      "type": "Feature",
      "properties": {
        "name": "UP INTEGRATED SCHOOL COVERED COURT",
        "barangay_input": "U.P. CAMPUS",
        "barangay_resolved": "U.P. Campus",
        "municipality_input": "Quezon City",
        "facility_type": "GYM/SPORTS FACILITY",
        "facility_status": "TEMPORARY",
        "geocode_provider": "osm",
        "geocode_query": "OSM:PCA Covered Court",
        "confidence": 1,
        "verified": true,
        "uncertainty_radius_m": 80,
        "needs_review": false,
        "review_reason": ""
      },
      "geometry": {
        "type": "Point",
        "coordinates": [
          121.0516723,
          14.6539694
        ]
      }
    },
    {
      "type": "Feature",
      "properties": {
        "name": "NOVALICHES HIGH SCHOOL",
        "barangay_input": "NOVALICHES PROPER",
        "barangay_resolved": "Novaliches Proper",
        "municipality_input": "Quezon City",
        "facility_type": "SCHOOL",
        "facility_status": "TEMPORARY",
        "geocode_provider": "osm",
        "geocode_query": "OSM:Novaliches Elementary School",
        "confidence": 1,
        "verified": true,
        "uncertainty_radius_m": 80,
        "needs_review": false,
        "review_reason": ""
      },
      "geometry": {
        "type": "Point",
        "coordinates": [
          121.0402717,
          14.7166315
        ]
      }
    },
    {
      "type": "Feature",
      "properties": {
        "name": "NOVALICHES ELEMENTARY SCHOOL",
        "barangay_input": "NOVALICHES PROPER",
        "barangay_resolved": "Novaliches Proper",
        "municipality_input": "Quezon City",
        "facility_type": "SCHOOL",
        "facility_status": "TEMPORARY",
        "geocode_provider": "osm",
        "geocode_query": "OSM:Novaliches Elementary School",
        "confidence": 1,
        "verified": true,
        "uncertainty_radius_m": 80,
        "needs_review": false,
        "review_reason": ""
      },
      "geometry": {
        "type": "Point",
        "coordinates": [
          121.0402717,
          14.7166315
        ]
      }
    },
    {
      "type": "Feature",
      "properties": {
        "name": "FAIRVIEW COVERED COURT",
        "barangay_input": "FAIRVIEW",
        "barangay_resolved": "Fairview",
        "municipality_input": "Quezon City",
        "facility_type": "GYM/SPORTS FACILITY",
        "facility_status": "TEMPORARY",
        "geocode_provider": "osm",
        "geocode_query": "OSM:Fairview Barangay Hall",
        "confidence": 1,
        "verified": true,
        "uncertainty_radius_m": 80,
        "needs_review": false,
        "review_reason": ""
      },
      "geometry": {
        "type": "Point",
        "coordinates": [
          121.0639083,
          14.6998044
        ]
      }
    },
    {
      "type": "Feature",
      "properties": {
        "name": "WEST FAIRVIEW ELEMENTARY SCHOOL",
        "barangay_input": "FAIRVIEW",
        "barangay_resolved": "Fairview",
        "municipality_input": "Quezon City",
        "facility_type": "SCHOOL",
        "facility_status": "TEMPORARY",
        "geocode_provider": "osm",
        "geocode_query": "OSM:Fairview Elementary School",
        "confidence": 1,
        "verified": true,
        "uncertainty_radius_m": 80,
        "needs_review": false,
        "review_reason": ""
      },
      "geometry": {
        "type": "Point",
        "coordinates": [
          121.0667099,
          14.708929
        ]
      }
    },
    {
      "type": "Feature",
      "properties": {
        "name": "GULOD MULTI-PURPOSE CENTER",
        "barangay_input": "GULOD",
        "barangay_resolved": "Gulod",
        "municipality_input": "Quezon City",
        "facility_type": "MULTI-PURPOSE BUILDING",
        "facility_status": "TEMPORARY",
        "geocode_provider": "osm",
        "geocode_query": "OSM:ODELCO Covered Court",
        "confidence": 1,
        "verified": true,
        "uncertainty_radius_m": 80,
        "needs_review": false,
        "review_reason": ""
      },
      "geometry": {
        "type": "Point",
        "coordinates": [
          121.0322679,
          14.7097942
        ]
      }
    },
    {
      "type": "Feature",
      "properties": {
        "name": "GULOD ELEMENTARY SCHOOL",
        "barangay_input": "GULOD",
        "barangay_resolved": "Gulod",
        "municipality_input": "Quezon City",
        "facility_type": "SCHOOL",
        "facility_status": "TEMPORARY",
        "geocode_provider": "osm",
        "geocode_query": "OSM:Odelco Elementary School",
        "confidence": 1,
        "verified": true,
        "uncertainty_radius_m": 80,
        "needs_review": false,
        "review_reason": ""
      },
      "geometry": {
        "type": "Point",
        "coordinates": [
          121.0320415,
          14.7102855
        ]
      }
    },
    {
      "type": "Feature",
      "properties": {
        "name": "BAGBAG ELEMENTARY SCHOOL",
        "barangay_input": "BAGBAG",
        "barangay_resolved": "Bagbag",
        "municipality_input": "Quezon City",
        "facility_type": "SCHOOL",
        "facility_status": "TEMPORARY",
        "geocode_provider": "osm",
        "geocode_query": "OSM:Bagbag Elementary School",
        "confidence": 1,
        "verified": true,
        "uncertainty_radius_m": 80,
        "needs_review": false,
        "review_reason": ""
      },
      "geometry": {
        "type": "Point",
        "coordinates": [
          121.0314321,
          14.6909617
        ]
      }
    },
    {
      "type": "Feature",
      "properties": {
        "name": "BAGBAG MULTI-PURPOSE CENTER",
        "barangay_input": "BAGBAG",
        "barangay_resolved": "Bagbag",
        "municipality_input": "Quezon City",
        "facility_type": "MULTI-PURPOSE BUILDING",
        "facility_status": "TEMPORARY",
        "geocode_provider": "osm",
        "geocode_query": "OSM:Sangguniang Pambarangay ng Bagbag",
        "confidence": 1,
        "verified": true,
        "uncertainty_radius_m": 80,
        "needs_review": false,
        "review_reason": ""
      },
      "geometry": {
        "type": "Point",
        "coordinates": [
          121.0307781,
          14.6965998
        ]
      }
    },
    {
      "type": "Feature",
      "properties": {
        "name": "CAPRI COVERED COURT",
        "barangay_input": "CAPRI",
        "barangay_resolved": "Capri",
        "municipality_input": "Quezon City",
        "facility_type": "GYM/SPORTS FACILITY",
        "facility_status": "TEMPORARY",
        "geocode_provider": "osm",
        "geocode_query": "OSM:Capri Barangay Health Center",
        "confidence": 1,
        "verified": true,
        "uncertainty_radius_m": 80,
        "needs_review": false,
        "review_reason": ""
      },
      "geometry": {
        "type": "Point",
        "coordinates": [
          121.028794,
          14.7171785
        ]
      }
    },
    {
      "type": "Feature",
      "properties": {
        "name": "CAPRI ELEMENTARY SCHOOL",
        "barangay_input": "CAPRI",
        "barangay_resolved": "Capri",
        "municipality_input": "Quezon City",
        "facility_type": "SCHOOL",
        "facility_status": "TEMPORARY",
        "geocode_provider": "osm",
        "geocode_query": "OSM:Capri Barangay Health Center",
        "confidence": 1,
        "verified": true,
        "uncertainty_radius_m": 80,
        "needs_review": false,
        "review_reason": ""
      },
      "geometry": {
        "type": "Point",
        "coordinates": [
          121.028794,
          14.7171785
        ]
      }
    },
    {
      "type": "Feature",
      "properties": {
        "name": "LAGRO HIGH SCHOOL",
        "barangay_input": "GREATER LAGRO",
        "barangay_resolved": "Greater Lagro",
        "municipality_input": "Quezon City",
        "facility_type": "SCHOOL",
        "facility_status": "TEMPORARY",
        "geocode_provider": "osm",
        "geocode_query": "OSM:Lagro High School",
        "confidence": 1,
        "verified": true,
        "uncertainty_radius_m": 80,
        "needs_review": false,
        "review_reason": ""
      },
      "geometry": {
        "type": "Point",
        "coordinates": [
          121.0670936,
          14.7270008
        ]
      }
    },
    {
      "type": "Feature",
      "properties": {
        "name": "LAGRO ELEMENTARY SCHOOL",
        "barangay_input": "GREATER LAGRO",
        "barangay_resolved": "Greater Lagro",
        "municipality_input": "Quezon City",
        "facility_type": "SCHOOL",
        "facility_status": "TEMPORARY",
        "geocode_provider": "osm",
        "geocode_query": "OSM:Lagro Elementary School",
        "confidence": 1,
        "verified": true,
        "uncertainty_radius_m": 80,
        "needs_review": false,
        "review_reason": ""
      },
      "geometry": {
        "type": "Point",
        "coordinates": [
          121.0677199,
          14.7289308
        ]
      }
    },
    {
      "type": "Feature",
      "properties": {
        "name": "KALIGAYAHAN COVERED COURT",
        "barangay_input": "KALIGAYAHAN",
        "barangay_resolved": "Kaligayahan",
        "municipality_input": "Quezon City",
        "facility_type": "GYM/SPORTS FACILITY",
        "facility_status": "TEMPORARY",
        "geocode_provider": "osm",
        "geocode_query": "OSM:pitch",
        "confidence": 1,
        "verified": true,
        "uncertainty_radius_m": 80,
        "needs_review": false,
        "review_reason": ""
      },
      "geometry": {
        "type": "Point",
        "coordinates": [
          121.0436031,
          14.73891
        ]
      }
    },
    {
      "type": "Feature",
      "properties": {
        "name": "KALIGAYAHAN ELEMENTARY SCHOOL",
        "barangay_input": "KALIGAYAHAN",
        "barangay_resolved": "Kaligayahan",
        "municipality_input": "Quezon City",
        "facility_type": "SCHOOL",
        "facility_status": "TEMPORARY",
        "geocode_provider": "osm",
        "geocode_query": "OSM:Kaligayahan Elementary School",
        "confidence": 1,
        "verified": true,
        "uncertainty_radius_m": 80,
        "needs_review": false,
        "review_reason": ""
      },
      "geometry": {
        "type": "Point",
        "coordinates": [
          121.0459385,
          14.7287093
        ]
      }
    },
    {
      "type": "Feature",
      "properties": {
        "name": "NAGKAISANG NAYON COVERED COURT",
        "barangay_input": "NAGKAISANG NAYON",
        "barangay_resolved": "Nagkaisang Nayon",
        "municipality_input": "Quezon City",
        "facility_type": "GYM/SPORTS FACILITY",
        "facility_status": "TEMPORARY",
        "geocode_provider": "osm",
        "geocode_query": "OSM:pitch",
        "confidence": 1,
        "verified": true,
        "uncertainty_radius_m": 80,
        "needs_review": false,
        "review_reason": ""
      },
      "geometry": {
        "type": "Point",
        "coordinates": [
          121.0292302,
          14.7177708
        ]
      }
    },
    {
      "type": "Feature",
      "properties": {
        "name": "NORTH FAIRVIEW HIGH SCHOOL",
        "barangay_input": "NORTH FAIRVIEW",
        "barangay_resolved": "North Fairview",
        "municipality_input": "Quezon City",
        "facility_type": "SCHOOL",
        "facility_status": "TEMPORARY",
        "geocode_provider": "osm",
        "geocode_query": "OSM:North Fairview High School",
        "confidence": 1,
        "verified": true,
        "uncertainty_radius_m": 80,
        "needs_review": false,
        "review_reason": ""
      },
      "geometry": {
        "type": "Point",
        "coordinates": [
          121.0660287,
          14.7093036
        ]
      }
    },
    {
      "type": "Feature",
      "properties": {
        "name": "NORTH FAIRVIEW ELEMENTARY SCHOOL",
        "barangay_input": "NORTH FAIRVIEW",
        "barangay_resolved": "North Fairview",
        "municipality_input": "Quezon City",
        "facility_type": "SCHOOL",
        "facility_status": "TEMPORARY",
        "geocode_provider": "osm",
        "geocode_query": "OSM:North Fairview Elementary School",
        "confidence": 1,
        "verified": true,
        "uncertainty_radius_m": 80,
        "needs_review": false,
        "review_reason": ""
      },
      "geometry": {
        "type": "Point",
        "coordinates": [
          121.0659749,
          14.7085153
        ]
      }
    },
    {
      "type": "Feature",
      "properties": {
        "name": "SAN AGUSTIN ELEMENTARY SCHOOL",
        "barangay_input": "SAN AGUSTIN",
        "barangay_resolved": "San Agustin",
        "municipality_input": "Quezon City",
        "facility_type": "SCHOOL",
        "facility_status": "TEMPORARY",
        "geocode_provider": "osm",
        "geocode_query": "OSM:San Agustin Elementary School",
        "confidence": 1,
        "verified": true,
        "uncertainty_radius_m": 80,
        "needs_review": false,
        "review_reason": ""
      },
      "geometry": {
        "type": "Point",
        "coordinates": [
          121.0365465,
          14.7280035
        ]
      }
    },
    {
      "type": "Feature",
      "properties": {
        "name": "SAN BARTOLOME HIGH SCHOOL",
        "barangay_input": "SAN BARTOLOME",
        "barangay_resolved": "San Bartolome",
        "municipality_input": "Quezon City",
        "facility_type": "SCHOOL",
        "facility_status": "TEMPORARY",
        "geocode_provider": "osm",
        "geocode_query": "OSM:San Bartolome High School",
        "confidence": 1,
        "verified": true,
        "uncertainty_radius_m": 80,
        "needs_review": false,
        "review_reason": ""
      },
      "geometry": {
        "type": "Point",
        "coordinates": [
          121.0308084,
          14.7000216
        ]
      }
    },
    {
      "type": "Feature",
      "properties": {
        "name": "SAN BARTOLOME ELEMENTARY SCHOOL",
        "barangay_input": "SAN BARTOLOME",
        "barangay_resolved": "San Bartolome",
        "municipality_input": "Quezon City",
        "facility_type": "SCHOOL",
        "facility_status": "TEMPORARY",
        "geocode_provider": "osm",
        "geocode_query": "OSM:San Bartolome Elementary School",
        "confidence": 1,
        "verified": true,
        "uncertainty_radius_m": 80,
        "needs_review": false,
        "review_reason": ""
      },
      "geometry": {
        "type": "Point",
        "coordinates": [
          121.0368345,
          14.7016239
        ]
      }
    },
    {
      "type": "Feature",
      "properties": {
        "name": "STA. LUCIA HIGH SCHOOL",
        "barangay_input": "STA. LUCIA",
        "barangay_resolved": "Santa Lucia",
        "municipality_input": "Quezon City",
        "facility_type": "SCHOOL",
        "facility_status": "TEMPORARY",
        "geocode_provider": "osm",
        "geocode_query": "OSM:Santa Lucia High School",
        "confidence": 1,
        "verified": true,
        "uncertainty_radius_m": 80,
        "needs_review": false,
        "review_reason": ""
      },
      "geometry": {
        "type": "Point",
        "coordinates": [
          121.0494891,
          14.7043202
        ]
      }
    },
    {
      "type": "Feature",
      "properties": {
        "name": "STA. LUCIA ELEMENTARY SCHOOL",
        "barangay_input": "STA. LUCIA",
        "barangay_resolved": "Santa Lucia",
        "municipality_input": "Quezon City",
        "facility_type": "SCHOOL",
        "facility_status": "TEMPORARY",
        "geocode_provider": "osm",
        "geocode_query": "OSM:San Gabriel Elementary School",
        "confidence": 1,
        "verified": true,
        "uncertainty_radius_m": 80,
        "needs_review": false,
        "review_reason": ""
      },
      "geometry": {
        "type": "Point",
        "coordinates": [
          121.0528524,
          14.7075303
        ]
      }
    },
    {
      "type": "Feature",
      "properties": {
        "name": "STA. MONICA COVERED COURT",
        "barangay_input": "STA. MONICA",
        "barangay_resolved": "Santa Monica",
        "municipality_input": "Quezon City",
        "facility_type": "GYM/SPORTS FACILITY",
        "facility_status": "TEMPORARY",
        "geocode_provider": "osm",
        "geocode_query": "OSM:Covered Court",
        "confidence": 1,
        "verified": true,
        "uncertainty_radius_m": 80,
        "needs_review": false,
        "review_reason": ""
      },
      "geometry": {
        "type": "Point",
        "coordinates": [
          121.05189,
          14.7107589
        ]
      }
    },
    {
      "type": "Feature",
      "properties": {
        "name": "CULIAT HIGH SCHOOL",
        "barangay_input": "CULIAT",
        "barangay_resolved": "Culiat",
        "municipality_input": "Quezon City",
        "facility_type": "SCHOOL",
        "facility_status": "TEMPORARY",
        "geocode_provider": "osm",
        "geocode_query": "OSM:Culiat High School",
        "confidence": 1,
        "verified": true,
        "uncertainty_radius_m": 80,
        "needs_review": false,
        "review_reason": ""
      },
      "geometry": {
        "type": "Point",
        "coordinates": [
          121.0568113,
          14.6677828
        ]
      }
    },
    {
      "type": "Feature",
      "properties": {
        "name": "CULIAT ELEMENTARY SCHOOL",
        "barangay_input": "CULIAT",
        "barangay_resolved": "Culiat",
        "municipality_input": "Quezon City",
        "facility_type": "SCHOOL",
        "facility_status": "TEMPORARY",
        "geocode_provider": "osm",
        "geocode_query": "OSM:Culiat Elementary School",
        "confidence": 1,
        "verified": true,
        "uncertainty_radius_m": 80,
        "needs_review": false,
        "review_reason": ""
      },
      "geometry": {
        "type": "Point",
        "coordinates": [
          121.0573538,
          14.6666612
        ]
      }
    },
    {
      "type": "Feature",
      "properties": {
        "name": "TANDANG SORA COVERED COURT",
        "barangay_input": "TANDANG SORA",
        "barangay_resolved": "Tandang Sora",
        "municipality_input": "Quezon City",
        "facility_type": "GYM/SPORTS FACILITY",
        "facility_status": "TEMPORARY",
        "geocode_provider": "osm",
        "geocode_query": "OSM:pitch",
        "confidence": 1,
        "verified": true,
        "uncertainty_radius_m": 80,
        "needs_review": false,
        "review_reason": ""
      },
      "geometry": {
        "type": "Point",
        "coordinates": [
          121.0329481,
          14.6740091
        ]
      }
    },
    {
      "type": "Feature",
      "properties": {
        "name": "TANDANG SORA NATIONAL HIGH SCHOOL",
        "barangay_input": "TANDANG SORA",
        "barangay_resolved": "Tandang Sora",
        "municipality_input": "Quezon City",
        "facility_type": "SCHOOL",
        "facility_status": "TEMPORARY",
        "geocode_provider": "osm",
        "geocode_query": "OSM:Tandang Sora National High School",
        "confidence": 1,
        "verified": true,
        "uncertainty_radius_m": 80,
        "needs_review": false,
        "review_reason": ""
      },
      "geometry": {
        "type": "Point",
        "coordinates": [
          121.0328076,
          14.6817887
        ]
      }
    },
    {
      "type": "Feature",
      "properties": {
        "name": "PASONG TAMO MULTI-PURPOSE HALL",
        "barangay_input": "PASONG TAMO",
        "barangay_resolved": "Pasong Tamo",
        "municipality_input": "Quezon City",
        "facility_type": "MULTI-PURPOSE BUILDING",
        "facility_status": "TEMPORARY",
        "geocode_provider": "osm",
        "geocode_query": "OSM:community_centre",
        "confidence": 1,
        "verified": true,
        "uncertainty_radius_m": 80,
        "needs_review": false,
        "review_reason": ""
      },
      "geometry": {
        "type": "Point",
        "coordinates": [
          121.0637326,
          14.6823359
        ]
      }
    },
    {
      "type": "Feature",
      "properties": {
        "name": "PASONG TAMO ELEMENTARY SCHOOL",
        "barangay_input": "PASONG TAMO",
        "barangay_resolved": "Pasong Tamo",
        "municipality_input": "Quezon City",
        "facility_type": "SCHOOL",
        "facility_status": "TEMPORARY",
        "geocode_provider": "osm",
        "geocode_query": "OSM:Pasong Tamo Elementary School",
        "confidence": 1,
        "verified": true,
        "uncertainty_radius_m": 80,
        "needs_review": false,
        "review_reason": ""
      },
      "geometry": {
        "type": "Point",
        "coordinates": [
          121.0473286,
          14.6742135
        ]
      }
    },
    {
      "type": "Feature",
      "properties": {
        "name": "APOLONIO SAMSON ELEMENTARY SCHOOL",
        "barangay_input": "APOLONIO SAMSON",
        "barangay_resolved": "Apolonio Samson",
        "municipality_input": "Quezon City",
        "facility_type": "SCHOOL",
        "facility_status": "TEMPORARY",
        "geocode_provider": "osm",
        "geocode_query": "OSM:Apolonio Samson Elementary School",
        "confidence": 1,
        "verified": true,
        "uncertainty_radius_m": 80,
        "needs_review": false,
        "review_reason": ""
      },
      "geometry": {
        "type": "Point",
        "coordinates": [
          121.0088989,
          14.6548564
        ]
      }
    },
    {
      "type": "Feature",
      "properties": {
        "name": "APOLONIO SAMSON COVERED COURT",
        "barangay_input": "APOLONIO SAMSON",
        "barangay_resolved": "Apolonio Samson",
        "municipality_input": "Quezon City",
        "facility_type": "GYM/SPORTS FACILITY",
        "facility_status": "TEMPORARY",
        "geocode_provider": "osm",
        "geocode_query": "OSM:pitch",
        "confidence": 1,
        "verified": true,
        "uncertainty_radius_m": 80,
        "needs_review": false,
        "review_reason": ""
      },
      "geometry": {
        "type": "Point",
        "coordinates": [
          121.014018,
          14.6618306
        ]
      }
    },
    {
      "type": "Feature",
      "properties": {
        "name": "BAESA HIGH SCHOOL",
        "barangay_input": "BAESA",
        "barangay_resolved": "Baesa",
        "municipality_input": "Quezon City",
        "facility_type": "SCHOOL",
        "facility_status": "TEMPORARY",
        "geocode_provider": "osm",
        "geocode_query": "OSM:Pugad Lawin High School",
        "confidence": 1,
        "verified": true,
        "uncertainty_radius_m": 80,
        "needs_review": false,
        "review_reason": ""
      },
      "geometry": {
        "type": "Point",
        "coordinates": [
          121.0168867,
          14.664411
        ]
      }
    },
    {
      "type": "Feature",
      "properties": {
        "name": "BAESA ELEMENTARY SCHOOL",
        "barangay_input": "BAESA",
        "barangay_resolved": "Baesa",
        "municipality_input": "Quezon City",
        "facility_type": "SCHOOL",
        "facility_status": "TEMPORARY",
        "geocode_provider": "osm",
        "geocode_query": "OSM:East Bagong Barrio Elementary School",
        "confidence": 1,
        "verified": true,
        "uncertainty_radius_m": 80,
        "needs_review": false,
        "review_reason": ""
      },
      "geometry": {
        "type": "Point",
        "coordinates": [
          121.0017994,
          14.6680127
        ]
      }
    },
    {
      "type": "Feature",
      "properties": {
        "name": "NEW ERA HIGH SCHOOL",
        "barangay_input": "NEW ERA",
        "barangay_resolved": "New Era",
        "municipality_input": "Quezon City",
        "facility_type": "SCHOOL",
        "facility_status": "TEMPORARY",
        "geocode_provider": "osm",
        "geocode_query": "OSM:New Era High School",
        "confidence": 1,
        "verified": true,
        "uncertainty_radius_m": 80,
        "needs_review": false,
        "review_reason": ""
      },
      "geometry": {
        "type": "Point",
        "coordinates": [
          121.0579896,
          14.6664725
        ]
      }
    },
    {
      "type": "Feature",
      "properties": {
        "name": "SAUYO HIGH SCHOOL",
        "barangay_input": "SAUYO",
        "barangay_resolved": "Sauyo",
        "municipality_input": "Quezon City",
        "facility_type": "SCHOOL",
        "facility_status": "TEMPORARY",
        "geocode_provider": "osm",
        "geocode_query": "OSM:Sauyo High School",
        "confidence": 1,
        "verified": true,
        "uncertainty_radius_m": 80,
        "needs_review": false,
        "review_reason": ""
      },
      "geometry": {
        "type": "Point",
        "coordinates": [
          121.048397,
          14.6914368
        ]
      }
    },
    {
      "type": "Feature",
      "properties": {
        "name": "SAUYO ELEMENTARY SCHOOL",
        "barangay_input": "SAUYO",
        "barangay_resolved": "Sauyo",
        "municipality_input": "Quezon City",
        "facility_type": "SCHOOL",
        "facility_status": "TEMPORARY",
        "geocode_provider": "osm",
        "geocode_query": "OSM:Sauyo Elementary School",
        "confidence": 1,
        "verified": true,
        "uncertainty_radius_m": 80,
        "needs_review": false,
        "review_reason": ""
      },
      "geometry": {
        "type": "Point",
        "coordinates": [
          121.0433338,
          14.6896254
        ]
      }
    },
    {
      "type": "Feature",
      "properties": {
        "name": "TALIPAPA HIGH SCHOOL",
        "barangay_input": "TALIPAPA",
        "barangay_resolved": "Talipapa",
        "municipality_input": "Quezon City",
        "facility_type": "SCHOOL",
        "facility_status": "TEMPORARY",
        "geocode_provider": "osm",
        "geocode_query": "OSM:Talipapa Senior High School",
        "confidence": 1,
        "verified": true,
        "uncertainty_radius_m": 80,
        "needs_review": false,
        "review_reason": ""
      },
      "geometry": {
        "type": "Point",
        "coordinates": [
          121.0272306,
          14.6924629
        ]
      }
    },
    {
      "type": "Feature",
      "properties": {
        "name": "TALIPAPA ELEMENTARY SCHOOL",
        "barangay_input": "TALIPAPA",
        "barangay_resolved": "Talipapa",
        "municipality_input": "Quezon City",
        "facility_type": "SCHOOL",
        "facility_status": "TEMPORARY",
        "geocode_provider": "osm",
        "geocode_query": "OSM:Talipapa Elementary School",
        "confidence": 1,
        "verified": true,
        "uncertainty_radius_m": 80,
        "needs_review": false,
        "review_reason": ""
      },
      "geometry": {
        "type": "Point",
        "coordinates": [
          121.0186524,
          14.6866386
        ]
      }
    },
    {
      "type": "Feature",
      "properties": {
        "name": "San Rafael Technological and Vocational High School",
        "barangay_input": "San Rafel Village",
        "barangay_resolved": "San Rafael Village",
        "municipality_input": "City of Navotas",
        "facility_type": "SCHOOL",
        "facility_status": "TEMPORARY",
        "geocode_provider": "geoapify",
        "confidence": 0.85,
        "verified": true,
        "uncertainty_radius_m": 150,
        "needs_review": false,
        "review_reason": ""
      },
      "geometry": {
        "type": "Point",
        "coordinates": [
          120.9645465,
          14.6370771
        ]
      }
    },
    {
      "type": "Feature",
      "properties": {
        "name": "San Rafael Village Elementary School",
        "barangay_input": "San Rafel Village",
        "barangay_resolved": "San Rafael Village",
        "municipality_input": "City of Navotas",
        "facility_type": "SCHOOL",
        "facility_status": "TEMPORARY",
        "geocode_provider": "geoapify",
        "confidence": 0.85,
        "verified": true,
        "uncertainty_radius_m": 150,
        "needs_review": false,
        "review_reason": ""
      },
      "geometry": {
        "type": "Point",
        "coordinates": [
          120.964386,
          14.637116
        ]
      }
    },
    {
      "type": "Feature",
      "properties": {
        "name": "Kapitbahayan Elementary School",
        "barangay_input": "NBBS Kaunlaran",
        "barangay_resolved": "NBBS Kaunlaran",
        "municipality_input": "City of Navotas",
        "facility_type": "SCHOOL",
        "facility_status": "TEMPORARY",
        "geocode_provider": "mapbox",
        "confidence": 1,
        "verified": true,
        "uncertainty_radius_m": 50,
        "needs_review": false,
        "review_reason": "Consolidated campus buildings",
        "triangulated": true
      },
      "geometry": {
        "type": "Point",
        "coordinates": [
          120.95754146575929,
          14.644470672578308
        ]
      }
    },
    {
      "type": "Feature",
      "properties": {
        "name": "Kaunlaran High School",
        "barangay_input": "NBBS Kaunlaran",
        "barangay_resolved": "NBBS Kaunlaran",
        "municipality_input": "City of Navotas",
        "facility_type": "SCHOOL",
        "facility_status": "TEMPORARY",
        "geocode_provider": "mapbox",
        "confidence": 1,
        "verified": true,
        "uncertainty_radius_m": 50,
        "needs_review": false,
        "review_reason": "Manually verified & pinned by user",
        "triangulated": true
      },
      "geometry": {
        "type": "Point",
        "coordinates": [
          120.95779359340669,
          14.645580373907544
        ]
      }
    },
    {
      "type": "Feature",
      "properties": {
        "name": "Dagat-Dagatan Elementary School",
        "barangay_input": "NBBS Dagat-Dagatan",
        "barangay_resolved": "NBBS Dagat-dagatan",
        "municipality_input": "City of Navotas",
        "facility_type": "SCHOOL",
        "facility_status": "TEMPORARY",
        "geocode_provider": "mapbox",
        "confidence": 1,
        "verified": true,
        "uncertainty_radius_m": 50,
        "needs_review": false,
        "review_reason": "Consolidated campus buildings",
        "triangulated": true
      },
      "geometry": {
        "type": "Point",
        "coordinates": [
          120.95649540424348,
          14.65075140689893
        ]
      }
    },
    {
      "type": "Feature",
      "properties": {
        "name": "North Bay Boulevard North Elementary School",
        "barangay_input": "NBBN",
        "barangay_resolved": "NBBN",
        "municipality_input": "City of Navotas",
        "facility_type": "SCHOOL",
        "facility_status": "TEMPORARY",
        "geocode_provider": "mapbox",
        "confidence": 1,
        "verified": true,
        "uncertainty_radius_m": 50,
        "needs_review": false,
        "review_reason": "Consolidated campus buildings",
        "triangulated": true
      },
      "geometry": {
        "type": "Point",
        "coordinates": [
          120.95047116279603,
          14.648175087761137
        ]
      }
    },
    {
      "type": "Feature",
      "properties": {
        "name": "Bangkulasi Elementary School",
        "barangay_input": "Bangculasi",
        "barangay_resolved": "Bangculasi",
        "municipality_input": "City of Navotas",
        "facility_type": "SCHOOL",
        "facility_status": "TEMPORARY",
        "geocode_provider": "mapbox",
        "confidence": 1,
        "verified": true,
        "uncertainty_radius_m": 50,
        "needs_review": false,
        "review_reason": "Consolidated campus buildings",
        "triangulated": true
      },
      "geometry": {
        "type": "Point",
        "coordinates": [
          120.95217168331148,
          14.649558638449534
        ]
      }
    },
    {
      "type": "Feature",
      "properties": {
        "name": "Filemon T. Lizan Senior High School",
        "barangay_input": "BBS",
        "barangay_resolved": null,
        "municipality_input": "City of Navotas",
        "facility_type": "SCHOOL",
        "facility_status": "TEMPORARY",
        "geocode_provider": "mapbox",
        "confidence": 0.4,
        "verified": false,
        "uncertainty_radius_m": null,
        "needs_review": true,
        "review_reason": "unverified_location"
      },
      "geometry": null
    },
    {
      "type": "Feature",
      "properties": {
        "name": "Bagumbayan Elementary School",
        "barangay_input": "Sipac-Almacen",
        "barangay_resolved": "Sipac-Almacen",
        "municipality_input": "City of Navotas",
        "facility_type": "SCHOOL",
        "facility_status": "TEMPORARY",
        "geocode_provider": "mapbox",
        "confidence": 1,
        "verified": true,
        "uncertainty_radius_m": 50,
        "needs_review": false,
        "review_reason": "Consolidated campus buildings",
        "triangulated": true
      },
      "geometry": {
        "type": "Point",
        "coordinates": [
          120.94832539558412,
          14.658453693698728
        ]
      }
    },
    {
      "type": "Feature",
      "properties": {
        "name": "Navotas National High School",
        "barangay_input": "Sipac-Almacen",
        "barangay_resolved": "Sipac-Almacen",
        "municipality_input": "City of Navotas",
        "facility_type": "SCHOOL",
        "facility_status": "TEMPORARY",
        "geocode_provider": "geoapify",
        "confidence": 0.85,
        "verified": true,
        "uncertainty_radius_m": 150,
        "needs_review": false,
        "review_reason": ""
      },
      "geometry": {
        "type": "Point",
        "coordinates": [
          120.94848096370698,
          14.657924984749844
        ]
      }
    },
    {
      "type": "Feature",
      "properties": {
        "name": "Navotas Elementary School",
        "barangay_input": "San Jose",
        "barangay_resolved": "San Jose",
        "municipality_input": "City of Navotas",
        "facility_type": "SCHOOL",
        "facility_status": "TEMPORARY",
        "geocode_provider": "mapbox",
        "confidence": 1,
        "verified": true,
        "uncertainty_radius_m": 50,
        "needs_review": false,
        "review_reason": "Consolidated campus buildings",
        "triangulated": true
      },
      "geometry": {
        "type": "Point",
        "coordinates": [
          120.94395339488985,
          14.662896578098133
        ]
      }
    },
    {
      "type": "Feature",
      "properties": {
        "name": "Daanghari Elementary School",
        "barangay_input": "Daanghari",
        "barangay_resolved": "Daanghari",
        "municipality_input": "City of Navotas",
        "facility_type": "SCHOOL",
        "facility_status": "TEMPORARY",
        "geocode_provider": "mapbox",
        "confidence": 1,
        "verified": true,
        "uncertainty_radius_m": 50,
        "needs_review": false,
        "review_reason": "Consolidated campus buildings",
        "triangulated": true
      },
      "geometry": {
        "type": "Point",
        "coordinates": [
          120.94052553176881,
          14.665844257252125
        ]
      }
    },
    {
      "type": "Feature",
      "properties": {
        "name": "San Roque Elementary School",
        "barangay_input": "San Roque",
        "barangay_resolved": "San Roque",
        "municipality_input": "City of Navotas",
        "facility_type": "SCHOOL",
        "facility_status": "TEMPORARY",
        "geocode_provider": "mapbox",
        "confidence": 1,
        "verified": true,
        "uncertainty_radius_m": 50,
        "needs_review": false,
        "review_reason": "Consolidated campus buildings",
        "triangulated": true
      },
      "geometry": {
        "type": "Point",
        "coordinates": [
          120.93788355588914,
          14.669453858990332
        ]
      }
    },
    {
      "type": "Feature",
      "properties": {
        "name": "San Roque National High School",
        "barangay_input": "San Roque",
        "barangay_resolved": "San Roque",
        "municipality_input": "City of Navotas",
        "facility_type": "SCHOOL",
        "facility_status": "TEMPORARY",
        "geocode_provider": "mapbox",
        "confidence": 1,
        "verified": true,
        "uncertainty_radius_m": 50,
        "needs_review": false,
        "review_reason": "Manually verified & pinned by user",
        "triangulated": true
      },
      "geometry": {
        "type": "Point",
        "coordinates": [
          120.93849778175355,
          14.669772739031744
        ]
      }
    },
    {
      "type": "Feature",
      "properties": {
        "name": "Tangos Elementary School",
        "barangay_input": "Tangos South",
        "barangay_resolved": "Tangos South",
        "municipality_input": "City of Navotas",
        "facility_type": "SCHOOL",
        "facility_status": "TEMPORARY",
        "geocode_provider": "mapbox",
        "confidence": 1,
        "verified": true,
        "uncertainty_radius_m": 50,
        "needs_review": false,
        "review_reason": "Consolidated campus buildings",
        "triangulated": true
      },
      "geometry": {
        "type": "Point",
        "coordinates": [
          120.93436181545258,
          14.673743026761843
        ]
      }
    },
    {
      "type": "Feature",
      "properties": {
        "name": "Tangos - 1 Elementary School",
        "barangay_input": "Tangos North",
        "barangay_resolved": "Tangos North",
        "municipality_input": "City of Navotas",
        "facility_type": "SCHOOL",
        "facility_status": "TEMPORARY",
        "geocode_provider": "mapbox",
        "confidence": 1,
        "verified": true,
        "uncertainty_radius_m": 50,
        "needs_review": false,
        "review_reason": "Consolidated campus buildings",
        "triangulated": true
      },
      "geometry": {
        "type": "Point",
        "coordinates": [
          120.93255400657655,
          14.673670130324194
        ]
      }
    },
    {
      "type": "Feature",
      "properties": {
        "name": "Tangos National High School",
        "barangay_input": "Tangos North",
        "barangay_resolved": "Tangos North",
        "municipality_input": "City of Navotas",
        "facility_type": "SCHOOL",
        "facility_status": "TEMPORARY",
        "geocode_provider": "mapbox",
        "confidence": 1,
        "verified": true,
        "uncertainty_radius_m": 50,
        "needs_review": false,
        "review_reason": "Consolidated campus buildings",
        "triangulated": true
      },
      "geometry": {
        "type": "Point",
        "coordinates": [
          120.93171179294588,
          14.674609268171759
        ]
      }
    },
    {
      "type": "Feature",
      "properties": {
        "name": "Tanza Elementary School",
        "barangay_input": "Tanza 1&2",
        "barangay_resolved": "Tanza 1",
        "municipality_input": "City of Navotas",
        "facility_type": "SCHOOL",
        "facility_status": "TEMPORARY",
        "geocode_provider": "mapbox",
        "confidence": 1,
        "verified": true,
        "uncertainty_radius_m": 50,
        "needs_review": false,
        "review_reason": "Consolidated campus buildings",
        "triangulated": true
      },
      "geometry": {
        "type": "Point",
        "coordinates": [
          120.93354642391206,
          14.679287705385105
        ]
      }
    },
    {
      "type": "Feature",
      "properties": {
        "name": "Federal Court",
        "barangay_input": "BANGKAL",
        "barangay_resolved": "Bangkal",
        "municipality_input": "City of Makati",
        "facility_type": "OTHER BARANGAY BUILDING",
        "facility_status": "TEMPORARY",
        "geocode_provider": "geoapify",
        "geocode_query": "Federal Court, MAKATI",
        "confidence": 0.85,
        "verified": true,
        "uncertainty_radius_m": 150,
        "needs_review": false,
        "review_reason": ""
      },
      "geometry": {
        "type": "Point",
        "coordinates": [
          121.0104885,
          14.5441016
        ]
      }
    },
    {
      "type": "Feature",
      "properties": {
        "name": "Brgy. Covered Court",
        "barangay_input": "BANGKAL",
        "barangay_resolved": "Bangkal",
        "municipality_input": "City of Makati",
        "facility_type": "GYM/SPORTS FACILITY",
        "facility_status": "TEMPORARY",
        "geocode_provider": "osm",
        "geocode_query": "OSM:Power Smash",
        "confidence": 1,
        "verified": true,
        "uncertainty_radius_m": 80,
        "needs_review": false,
        "review_reason": ""
      },
      "geometry": {
        "type": "Point",
        "coordinates": [
          121.0153014,
          14.5474198
        ]
      }
    },
    {
      "type": "Feature",
      "properties": {
        "name": "Brgy. Hall",
        "barangay_input": "BANGKAL",
        "barangay_resolved": "Bangkal",
        "municipality_input": "City of Makati",
        "facility_type": "BARANGAY HALL FACILITY",
        "facility_status": "TEMPORARY",
        "geocode_provider": "osm",
        "geocode_query": "OSM:Bangkal Barangay Hall",
        "confidence": 1,
        "verified": true,
        "uncertainty_radius_m": 80,
        "needs_review": false,
        "review_reason": ""
      },
      "geometry": {
        "type": "Point",
        "coordinates": [
          121.0119927,
          14.5468956
        ]
      }
    },
    {
      "type": "Feature",
      "properties": {
        "name": "Liwasang",
        "barangay_input": "BANGKAL",
        "barangay_resolved": "Bangkal",
        "municipality_input": "City of Makati",
        "facility_type": "OTHER BARANGAY BUILDING",
        "facility_status": "TEMPORARY",
        "geocode_provider": "mapbox",
        "geocode_query": "Liwasang, BANGKAL, MAKATI",
        "confidence": 1,
        "verified": false,
        "uncertainty_radius_m": 50,
        "needs_review": false,
        "review_reason": "Manually verified & pinned by user",
        "triangulated": true
      },
      "geometry": {
        "type": "Point",
        "coordinates": [
          121.013591,
          14.543842
        ]
      }
    },
    {
      "type": "Feature",
      "properties": {
        "name": "Circuit Bus Terminal",
        "barangay_input": "CARMONA",
        "barangay_resolved": "Carmona",
        "municipality_input": "City of Makati",
        "facility_type": "ECONOMIC FACILITIES",
        "facility_status": "TEMPORARY",
        "geocode_provider": "geoapify",
        "geocode_query": "Circuit Bus Terminal, CARMONA, MAKATI",
        "confidence": 0.85,
        "verified": true,
        "uncertainty_radius_m": 150,
        "needs_review": false,
        "review_reason": ""
      },
      "geometry": {
        "type": "Point",
        "coordinates": [
          121.0172744,
          14.5753103
        ]
      }
    },
    {
      "type": "Feature",
      "properties": {
        "name": "Brgy. Hall 4th Floor",
        "barangay_input": "KASILAWAN",
        "barangay_resolved": "Kasilawan",
        "municipality_input": "City of Makati",
        "facility_type": "BARANGAY HALL FACILITY",
        "facility_status": "TEMPORARY",
        "geocode_provider": "osm",
        "geocode_query": "OSM:Kasilawan Barangay Hall",
        "confidence": 1,
        "verified": true,
        "uncertainty_radius_m": 80,
        "needs_review": false,
        "review_reason": ""
      },
      "geometry": {
        "type": "Point",
        "coordinates": [
          121.0157814,
          14.5756704
        ]
      }
    },
    {
      "type": "Feature",
      "properties": {
        "name": "(Old Building) Multi-Purpose Hall",
        "barangay_input": "KASILAWAN",
        "barangay_resolved": "Kasilawan",
        "municipality_input": "City of Makati",
        "facility_type": "MULTI-PURPOSE BUILDING",
        "facility_status": "PERMANENT",
        "geocode_provider": "mapbox",
        "geocode_query": "(Old Building) Multi-Purpose Hall, KASILAWAN, MAKATI",
        "confidence": 1,
        "verified": false,
        "uncertainty_radius_m": 50,
        "needs_review": false,
        "review_reason": "Manually verified & pinned by user",
        "triangulated": true
      },
      "geometry": {
        "type": "Point",
        "coordinates": [
          121.01504266262056,
          14.576657826644402
        ]
      }
    },
    {
      "type": "Feature",
      "properties": {
        "name": "La Paz Covered Court",
        "barangay_input": "LA PAZ",
        "barangay_resolved": "La Paz",
        "municipality_input": "City of Makati",
        "facility_type": "GYM/SPORTS FACILITY",
        "facility_status": "TEMPORARY",
        "geocode_provider": "geoapify",
        "geocode_query": "La Paz Covered Court, LA PAZ, MAKATI",
        "confidence": 0.85,
        "verified": true,
        "uncertainty_radius_m": 150,
        "needs_review": false,
        "review_reason": ""
      },
      "geometry": {
        "type": "Point",
        "coordinates": [
          121.0109891,
          14.566992
        ]
      }
    },
    {
      "type": "Feature",
      "properties": {
        "name": "Brgy. Poblacion Covered Court",
        "barangay_input": "POBLACION",
        "barangay_resolved": "Poblacion",
        "municipality_input": "City of Makati",
        "facility_type": "GYM/SPORTS FACILITY",
        "facility_status": "TEMPORARY",
        "geocode_provider": "osm",
        "geocode_query": "OSM:Poblacion Covered Court",
        "confidence": 1,
        "verified": true,
        "uncertainty_radius_m": 80,
        "needs_review": false,
        "review_reason": ""
      },
      "geometry": {
        "type": "Point",
        "coordinates": [
          121.0324519,
          14.5678233
        ]
      }
    },
    {
      "type": "Feature",
      "properties": {
        "name": "Plaza Cristo Rey",
        "barangay_input": "POBLACION",
        "barangay_resolved": "Poblacion",
        "municipality_input": "City of Makati",
        "facility_type": "MUNICIPAL BUILDING AND FACILITY",
        "facility_status": "TEMPORARY",
        "geocode_provider": "nominatim",
        "geocode_query": "Plaza Cristo Rey, POBLACION, MAKATI",
        "confidence": 0.85,
        "verified": true,
        "uncertainty_radius_m": 150,
        "needs_review": false,
        "review_reason": ""
      },
      "geometry": {
        "type": "Point",
        "coordinates": [
          121.0313955,
          14.5664151
        ]
      }
    },
    {
      "type": "Feature",
      "properties": {
        "name": "Barangay Hall",
        "barangay_input": "PIO DEL PILAR",
        "barangay_resolved": "Pio Del Pilar",
        "municipality_input": "City of Makati",
        "facility_type": "BARANGAY HALL FACILITY",
        "facility_status": "TEMPORARY",
        "geocode_provider": "osm",
        "geocode_query": "OSM:Sangguniang Pambarangay ng Pio del Pilar",
        "confidence": 1,
        "verified": true,
        "uncertainty_radius_m": 80,
        "needs_review": false,
        "review_reason": ""
      },
      "geometry": {
        "type": "Point",
        "coordinates": [
          121.0117348,
          14.5525551
        ]
      }
    },
    {
      "type": "Feature",
      "properties": {
        "name": "Open Stage Area",
        "barangay_input": "OLYMPIA",
        "barangay_resolved": "Olympia",
        "municipality_input": "City of Makati",
        "facility_type": "MUNICIPAL BUILDING AND FACILITY",
        "facility_status": "TEMPORARY",
        "geocode_provider": "mapbox",
        "geocode_query": "Open Stage Area, OLYMPIA, MAKATI",
        "confidence": 1,
        "verified": false,
        "uncertainty_radius_m": 50,
        "needs_review": false,
        "review_reason": "Manually verified & pinned by user",
        "triangulated": true
      },
      "geometry": {
        "type": "Point",
        "coordinates": [
          121.01948976516725,
          14.573116241034255
        ]
      }
    },
    {
      "type": "Feature",
      "properties": {
        "name": "Brgy. Hall 3rd Floor",
        "barangay_input": "OLYMPIA",
        "barangay_resolved": "Olympia",
        "municipality_input": "City of Makati",
        "facility_type": "BARANGAY HALL FACILITY",
        "facility_status": "TEMPORARY",
        "geocode_provider": "osm",
        "geocode_query": "OSM:Olympia Barangay Hall",
        "confidence": 1,
        "verified": true,
        "uncertainty_radius_m": 80,
        "needs_review": false,
        "review_reason": ""
      },
      "geometry": {
        "type": "Point",
        "coordinates": [
          121.021011,
          14.5742435
        ]
      }
    },
    {
      "type": "Feature",
      "properties": {
        "name": "Brgy Hall",
        "barangay_input": "PALANAN",
        "barangay_resolved": "Palanan",
        "municipality_input": "City of Makati",
        "facility_type": "BARANGAY HALL FACILITY",
        "facility_status": "TEMPORARY",
        "geocode_provider": "osm",
        "geocode_query": "OSM:Sangguniang Pambarangay ng Palanan",
        "confidence": 1,
        "verified": true,
        "uncertainty_radius_m": 80,
        "needs_review": false,
        "review_reason": ""
      },
      "geometry": {
        "type": "Point",
        "coordinates": [
          121.0055942,
          14.560311
        ]
      }
    },
    {
      "type": "Feature",
      "properties": {
        "name": "Barangay Hall",
        "barangay_input": "SAN ANTONIO",
        "barangay_resolved": "San Antonio",
        "municipality_input": "City of Makati",
        "facility_type": "BARANGAY HALL FACILITY",
        "facility_status": "TEMPORARY",
        "geocode_provider": "osm",
        "geocode_query": "OSM:San Antonio Barangay Hall",
        "confidence": 1,
        "verified": true,
        "uncertainty_radius_m": 80,
        "needs_review": false,
        "review_reason": ""
      },
      "geometry": {
        "type": "Point",
        "coordinates": [
          121.0086306,
          14.5622446
        ]
      }
    },
    {
      "type": "Feature",
      "properties": {
        "name": "National Shrine Of the Sacred Heart",
        "barangay_input": "SAN ANTONIO",
        "barangay_resolved": "San Antonio",
        "municipality_input": "City of Makati",
        "facility_type": "RELIGIOUS FACILITY",
        "facility_status": "TEMPORARY",
        "geocode_provider": "osm",
        "geocode_query": "OSM:National Shrine of the Sacred Heart",
        "confidence": 1,
        "verified": true,
        "uncertainty_radius_m": 80,
        "needs_review": false,
        "review_reason": ""
      },
      "geometry": {
        "type": "Point",
        "coordinates": [
          121.0140664,
          14.5640185
        ]
      }
    },
    {
      "type": "Feature",
      "properties": {
        "name": "Saint Paul Seminary",
        "barangay_input": "SAN ANTONIO",
        "barangay_resolved": "San Antonio",
        "municipality_input": "City of Makati",
        "facility_type": "RELIGIOUS FACILITY",
        "facility_status": "TEMPORARY",
        "geocode_provider": "osm",
        "geocode_query": "OSM:Sanctuary of Saint Paul",
        "confidence": 1,
        "verified": true,
        "uncertainty_radius_m": 80,
        "needs_review": false,
        "review_reason": ""
      },
      "geometry": {
        "type": "Point",
        "coordinates": [
          121.0089033,
          14.5631181
        ]
      }
    },
    {
      "type": "Feature",
      "properties": {
        "name": "San Isidro Covered Court",
        "barangay_input": "SAN ISIDRO",
        "barangay_resolved": "San Isidro",
        "municipality_input": "City of Makati",
        "facility_type": "GYM/SPORTS FACILITY",
        "facility_status": "TEMPORARY",
        "geocode_provider": "mapbox",
        "geocode_query": "San Isidro Covered Court, SAN ISIDRO, MAKATI",
        "confidence": 1,
        "verified": false,
        "uncertainty_radius_m": 50,
        "needs_review": false,
        "review_reason": "Manually verified & pinned by user",
        "triangulated": true
      },
      "geometry": {
        "type": "Point",
        "coordinates": [
          121.00718915462495,
          14.554243684566185
        ]
      }
    },
    {
      "type": "Feature",
      "properties": {
        "name": "Barangay Parking Area",
        "barangay_input": "SAN ISIDRO",
        "barangay_resolved": "San Isidro",
        "municipality_input": "City of Makati",
        "facility_type": "OTHER BARANGAY BUILDING",
        "facility_status": "TEMPORARY",
        "geocode_provider": "mapbox",
        "geocode_query": "Barangay Parking Area, SAN ISIDRO, MAKATI",
        "confidence": 1,
        "verified": false,
        "uncertainty_radius_m": 50,
        "needs_review": false,
        "review_reason": "Manually verified & pinned by user",
        "triangulated": true
      },
      "geometry": {
        "type": "Point",
        "coordinates": [
          121.00739836692811,
          14.554305959997823
        ]
      }
    },
    {
      "type": "Feature",
      "properties": {
        "name": "Holy Family Multi-Purpose Hall",
        "barangay_input": "SAN ISIDRO",
        "barangay_resolved": "San Isidro",
        "municipality_input": "City of Makati",
        "facility_type": "MULTI-PURPOSE BUILDING",
        "facility_status": "PERMANENT",
        "geocode_provider": "mapbox",
        "geocode_query": "Holy Family Multi-Purpose Hall, SAN ISIDRO, MAKATI",
        "confidence": 1,
        "verified": false,
        "uncertainty_radius_m": 50,
        "needs_review": false,
        "review_reason": "Manually verified & pinned by user",
        "triangulated": true
      },
      "geometry": {
        "type": "Point",
        "coordinates": [
          121.00777924060823,
          14.554383804262677
        ]
      }
    },
    {
      "type": "Feature",
      "properties": {
        "name": "Makati Coliseum Parking Lot",
        "barangay_input": "SINGKAMAS",
        "barangay_resolved": "Singkamas",
        "municipality_input": "City of Makati",
        "facility_type": "MUNICIPAL BUILDING AND FACILITY",
        "facility_status": "TEMPORARY",
        "geocode_provider": "mapbox",
        "geocode_query": "Makati Coliseum Parking Lot, SINGKAMAS, MAKATI",
        "confidence": 1,
        "verified": false,
        "uncertainty_radius_m": 50,
        "needs_review": false,
        "review_reason": "Manually verified & pinned by user",
        "triangulated": true
      },
      "geometry": {
        "type": "Point",
        "coordinates": [
          121.00944757461549,
          14.570563417131371
        ]
      }
    },
    {
      "type": "Feature",
      "properties": {
        "name": "Barangay Covered Court",
        "barangay_input": "STA CRUZ",
        "barangay_resolved": "Santa Cruz",
        "municipality_input": "City of Makati",
        "facility_type": "GYM/SPORTS FACILITY",
        "facility_status": "TEMPORARY",
        "geocode_provider": "osm",
        "geocode_query": "OSM:The Zone",
        "confidence": 1,
        "verified": true,
        "uncertainty_radius_m": 80,
        "needs_review": false,
        "review_reason": ""
      },
      "geometry": {
        "type": "Point",
        "coordinates": [
          121.0194684,
          14.5627886
        ]
      }
    },
    {
      "type": "Feature",
      "properties": {
        "name": "Panama Parking Area",
        "barangay_input": "STA CRUZ",
        "barangay_resolved": "Santa Cruz",
        "municipality_input": "City of Makati",
        "facility_type": "OPEN SPACE",
        "facility_status": "TEMPORARY",
        "geocode_provider": "mapbox",
        "geocode_query": "Panama Parking Area, STA CRUZ, MAKATI",
        "confidence": 0.9,
        "verified": true,
        "uncertainty_radius_m": 120,
        "needs_review": false,
        "review_reason": ""
      },
      "geometry": {
        "type": "Point",
        "coordinates": [
          121.015246,
          14.566029
        ]
      }
    },
    {
      "type": "Feature",
      "properties": {
        "name": "BLISS Basketball Court",
        "barangay_input": "TEJEROS",
        "barangay_resolved": "Tejeros",
        "municipality_input": "City of Makati",
        "facility_type": "GYM/SPORTS FACILITY",
        "facility_status": "TEMPORARY",
        "geocode_provider": "geoapify",
        "geocode_query": "BLISS Basketball Court, TEJEROS, MAKATI",
        "confidence": 0.75,
        "verified": true,
        "uncertainty_radius_m": 350,
        "needs_review": false,
        "review_reason": ""
      },
      "geometry": {
        "type": "Point",
        "coordinates": [
          121.0109891,
          14.566992
        ]
      }
    },
    {
      "type": "Feature",
      "properties": {
        "name": "Balete Basketball Court",
        "barangay_input": "TEJEROS",
        "barangay_resolved": "Tejeros",
        "municipality_input": "City of Makati",
        "facility_type": "GYM/SPORTS FACILITY",
        "facility_status": "TEMPORARY",
        "geocode_provider": "geoapify",
        "geocode_query": "Balete Basketball Court, TEJEROS, MAKATI",
        "confidence": 0.75,
        "verified": true,
        "uncertainty_radius_m": 350,
        "needs_review": false,
        "review_reason": ""
      },
      "geometry": {
        "type": "Point",
        "coordinates": [
          121.0109891,
          14.566992
        ]
      }
    },
    {
      "type": "Feature",
      "properties": {
        "name": "Ponte Center Island",
        "barangay_input": "TEJEROS",
        "barangay_resolved": "Tejeros",
        "municipality_input": "City of Makati",
        "facility_type": "PRIVATE AND RESIDENCIAL",
        "facility_status": "TEMPORARY",
        "geocode_provider": "mapbox",
        "geocode_query": "Ponte Center Island, TEJEROS, MAKATI",
        "confidence": 1,
        "verified": false,
        "uncertainty_radius_m": 50,
        "needs_review": false,
        "review_reason": "Manually verified & pinned by user",
        "triangulated": true
      },
      "geometry": {
        "type": "Point",
        "coordinates": [
          121.01386388446258,
          14.569993030287431
        ]
      }
    },
    {
      "type": "Feature",
      "properties": {
        "name": "Brgy. Community Hall",
        "barangay_input": "VALENZUELA",
        "barangay_resolved": "Valenzuela",
        "municipality_input": "City of Makati",
        "facility_type": "OTHER BARANGAY BUILDING",
        "facility_status": "TEMPORARY",
        "geocode_provider": "geoapify",
        "geocode_query": "Barangay. Community Hall, VALENZUELA, MAKATI",
        "confidence": 0.85,
        "verified": true,
        "uncertainty_radius_m": 150,
        "needs_review": false,
        "review_reason": ""
      },
      "geometry": {
        "type": "Point",
        "coordinates": [
          121.0245324,
          14.5719528
        ]
      }
    },
    {
      "type": "Feature",
      "properties": {
        "name": "3r Floor Multi-Purpose Hall",
        "barangay_input": "VALENZUELA",
        "barangay_resolved": "Valenzuela",
        "municipality_input": "City of Makati",
        "facility_type": "MULTI-PURPOSE BUILDING",
        "facility_status": "PERMANENT",
        "geocode_provider": "mapbox",
        "geocode_query": "3r Floor Multi-Purpose Hall, VALENZUELA, MAKATI",
        "confidence": 1,
        "verified": false,
        "uncertainty_radius_m": 50,
        "needs_review": false,
        "review_reason": "Manually verified & pinned by user",
        "triangulated": true
      },
      "geometry": {
        "type": "Point",
        "coordinates": [
          121.02456450462341,
          14.571631351296547
        ]
      }
    },
    {
      "type": "Feature",
      "properties": {
        "name": "Guadalupe Covered Court",
        "barangay_input": "GUADALUPE VIEJO",
        "barangay_resolved": "Guadalupe Viejo",
        "municipality_input": "City of Makati",
        "facility_type": "GYM/SPORTS FACILITY",
        "facility_status": "TEMPORARY",
        "geocode_provider": "geoapify",
        "geocode_query": "Guadalupe Covered Court, MAKATI",
        "confidence": 0.85,
        "verified": true,
        "uncertainty_radius_m": 150,
        "needs_review": false,
        "review_reason": ""
      },
      "geometry": {
        "type": "Point",
        "coordinates": [
          121.0399341,
          14.5684338
        ]
      }
    },
    {
      "type": "Feature",
      "properties": {
        "name": "Columbarium Our Lady of Guadalupe (Open Space)",
        "barangay_input": "GUADALUPE NUEVO",
        "barangay_resolved": "Guadalupe Nuevo",
        "municipality_input": "City of Makati",
        "facility_type": "RELIGIOUS FACILITY",
        "facility_status": "TEMPORARY",
        "geocode_provider": "mapbox",
        "geocode_query": "Columbarium Our Lady of Guadalupe (Open Space), GUADALUPE NUEVO, MAKATI",
        "confidence": 1,
        "verified": false,
        "uncertainty_radius_m": 50,
        "needs_review": false,
        "review_reason": "Manually verified & pinned by user",
        "triangulated": true
      },
      "geometry": {
        "type": "Point",
        "coordinates": [
          121.04562252759935,
          14.56191789908353
        ]
      }
    },
    {
      "type": "Feature",
      "properties": {
        "name": "Covered Court",
        "barangay_input": "GUADALUPE NUEVO",
        "barangay_resolved": "Guadalupe Nuevo",
        "municipality_input": "City of Makati",
        "facility_type": "GYM/SPORTS FACILITY",
        "facility_status": "TEMPORARY",
        "geocode_provider": "osm",
        "geocode_query": "OSM:South Cembo Sports Complex",
        "confidence": 1,
        "verified": true,
        "uncertainty_radius_m": 80,
        "needs_review": false,
        "review_reason": ""
      },
      "geometry": {
        "type": "Point",
        "coordinates": [
          121.0494694,
          14.5593102
        ]
      }
    },
    {
      "type": "Feature",
      "properties": {
        "name": "Barrio Bisaya Chapel",
        "barangay_input": "GUADALUPE NUEVO",
        "barangay_resolved": "Guadalupe Nuevo",
        "municipality_input": "City of Makati",
        "facility_type": "RELIGIOUS FACILITY",
        "facility_status": "TEMPORARY",
        "geocode_provider": "mapbox",
        "geocode_query": "Barrio Bisaya Chapel, GUADALUPE NUEVO, MAKATI",
        "confidence": 0.9,
        "verified": true,
        "uncertainty_radius_m": 120,
        "needs_review": false,
        "review_reason": ""
      },
      "geometry": {
        "type": "Point",
        "coordinates": [
          121.04778,
          14.559042
        ]
      }
    },
    {
      "type": "Feature",
      "properties": {
        "name": "Manila Golf Club",
        "barangay_input": "PINAGKAISAHAN",
        "barangay_resolved": "Pinagkaisahan",
        "municipality_input": "City of Makati",
        "facility_type": "PRIVATE AND RESIDENCIAL",
        "facility_status": "TEMPORARY",
        "geocode_provider": "mapbox",
        "geocode_query": "Manila Golf Club, PINAGKAISAHAN, MAKATI",
        "confidence": 1,
        "verified": false,
        "uncertainty_radius_m": 50,
        "needs_review": false,
        "review_reason": "Manually verified & pinned by user",
        "triangulated": true
      },
      "geometry": {
        "type": "Point",
        "coordinates": [
          121.03959560394289,
          14.550233924833947
        ]
      }
    },
    {
      "type": "Feature",
      "properties": {
        "name": "Multi-Purpose Hall",
        "barangay_input": "FORBES PARK",
        "barangay_resolved": "Forbes Park",
        "municipality_input": "City of Makati",
        "facility_type": "MULTI-PURPOSE BUILDING",
        "facility_status": "PERMANENT",
        "geocode_provider": "osm",
        "geocode_query": "OSM:SSAP Social Hall",
        "confidence": 1,
        "verified": true,
        "uncertainty_radius_m": 80,
        "needs_review": false,
        "review_reason": ""
      },
      "geometry": {
        "type": "Point",
        "coordinates": [
          121.033817,
          14.5468372
        ]
      }
    },
    {
      "type": "Feature",
      "properties": {
        "name": "Brgy. Urdaneta Park",
        "barangay_input": "URDANETA",
        "barangay_resolved": "Urdaneta",
        "municipality_input": "City of Makati",
        "facility_type": "OTHER BARANGAY BUILDING",
        "facility_status": "TEMPORARY",
        "geocode_provider": "osm",
        "geocode_query": "OSM:Barangay Urdaneta Hall",
        "confidence": 1,
        "verified": true,
        "uncertainty_radius_m": 80,
        "needs_review": false,
        "review_reason": ""
      },
      "geometry": {
        "type": "Point",
        "coordinates": [
          121.0298975,
          14.5552553
        ]
      }
    },
    {
      "type": "Feature",
      "properties": {
        "name": "Jaime Velasquez Park",
        "barangay_input": "BEL-AIR",
        "barangay_resolved": "Bel-Air",
        "municipality_input": "City of Makati",
        "facility_type": "PRIVATE AND RESIDENCIAL",
        "facility_status": "TEMPORARY",
        "geocode_provider": "mapbox",
        "geocode_query": "Jaime Velasquez Park, BEL AIR, MAKATI",
        "confidence": 0.9,
        "verified": true,
        "uncertainty_radius_m": 120,
        "needs_review": false,
        "review_reason": ""
      },
      "geometry": {
        "type": "Point",
        "coordinates": [
          121.02263,
          14.559996
        ]
      }
    },
    {
      "type": "Feature",
      "properties": {
        "name": "Ayala Triangle Garden",
        "barangay_input": "BEL-AIR",
        "barangay_resolved": "Bel-Air",
        "municipality_input": "City of Makati",
        "facility_type": "PRIVATE AND RESIDENCIAL",
        "facility_status": "TEMPORARY",
        "geocode_provider": "nominatim",
        "geocode_query": "Ayala Triangle Garden, BEL AIR, MAKATI",
        "confidence": 0.85,
        "verified": true,
        "uncertainty_radius_m": 150,
        "needs_review": false,
        "review_reason": ""
      },
      "geometry": {
        "type": "Point",
        "coordinates": [
          121.0240384,
          14.5563506
        ]
      }
    },
    {
      "type": "Feature",
      "properties": {
        "name": "Bel-Air Village Park 2",
        "barangay_input": "BEL-AIR",
        "barangay_resolved": "Bel-Air",
        "municipality_input": "City of Makati",
        "facility_type": "PRIVATE AND RESIDENCIAL",
        "facility_status": "TEMPORARY",
        "geocode_provider": "geoapify",
        "geocode_query": "Bel-Air Village Park 2, BEL AIR, MAKATI",
        "confidence": 0.75,
        "verified": true,
        "uncertainty_radius_m": 350,
        "needs_review": false,
        "review_reason": ""
      },
      "geometry": {
        "type": "Point",
        "coordinates": [
          121.024618,
          14.552841
        ]
      }
    },
    {
      "type": "Feature",
      "properties": {
        "name": "Bel-Air Village Park 3",
        "barangay_input": "BEL-AIR",
        "barangay_resolved": "Bel-Air",
        "municipality_input": "City of Makati",
        "facility_type": "PRIVATE AND RESIDENCIAL",
        "facility_status": "TEMPORARY",
        "geocode_provider": "geoapify",
        "geocode_query": "Bel-Air Village Park 3, BEL AIR, MAKATI",
        "confidence": 0.75,
        "verified": true,
        "uncertainty_radius_m": 350,
        "needs_review": false,
        "review_reason": ""
      },
      "geometry": {
        "type": "Point",
        "coordinates": [
          121.024618,
          14.552841
        ]
      }
    },
    {
      "type": "Feature",
      "properties": {
        "name": "Jupiter St.,",
        "barangay_input": "BEL-AIR",
        "barangay_resolved": "Bel-Air",
        "municipality_input": "City of Makati",
        "facility_type": "PRIVATE AND RESIDENCIAL",
        "facility_status": "TEMPORARY",
        "geocode_provider": "mapbox",
        "geocode_query": "Jupiter St.,, BEL AIR, MAKATI",
        "confidence": 0.9,
        "verified": true,
        "uncertainty_radius_m": 120,
        "needs_review": false,
        "review_reason": ""
      },
      "geometry": {
        "type": "Point",
        "coordinates": [
          121.029754,
          14.561255
        ]
      }
    },
    {
      "type": "Feature",
      "properties": {
        "name": "Along Metropolitan Avenue",
        "barangay_input": "BEL-AIR",
        "barangay_resolved": "Bel-Air",
        "municipality_input": "City of Makati",
        "facility_type": "PRIVATE AND RESIDENCIAL",
        "facility_status": "TEMPORARY",
        "geocode_provider": "mapbox",
        "geocode_query": "Along Metropolitan Avenue, BEL AIR, MAKATI",
        "confidence": 0.8,
        "verified": true,
        "uncertainty_radius_m": 300,
        "needs_review": false,
        "review_reason": ""
      },
      "geometry": {
        "type": "Point",
        "coordinates": [
          121.013739,
          14.56576
        ]
      }
    },
    {
      "type": "Feature",
      "properties": {
        "name": "Ayala Ave.",
        "barangay_input": "BEL-AIR",
        "barangay_resolved": "Bel-Air",
        "municipality_input": "City of Makati",
        "facility_type": "PRIVATE AND RESIDENCIAL",
        "facility_status": "TEMPORARY",
        "geocode_provider": "mapbox",
        "geocode_query": "Ayala Ave., BEL AIR, MAKATI",
        "confidence": 0.9,
        "verified": true,
        "uncertainty_radius_m": 120,
        "needs_review": false,
        "review_reason": ""
      },
      "geometry": {
        "type": "Point",
        "coordinates": [
          121.022116,
          14.556027
        ]
      }
    },
    {
      "type": "Feature",
      "properties": {
        "name": "San Lorenzo Village Park",
        "barangay_input": "SAN LORENZO",
        "barangay_resolved": "San Lorenzo",
        "municipality_input": "City of Makati",
        "facility_type": "PRIVATE AND RESIDENCIAL",
        "facility_status": "TEMPORARY",
        "geocode_provider": "mapbox",
        "geocode_query": "San Lorenzo Village Park, SAN LORENZO, MAKATI",
        "confidence": 0.9,
        "verified": true,
        "uncertainty_radius_m": 120,
        "needs_review": false,
        "review_reason": ""
      },
      "geometry": {
        "type": "Point",
        "coordinates": [
          121.021381,
          14.548067
        ]
      }
    },
    {
      "type": "Feature",
      "properties": {
        "name": "Legazpi Active Park",
        "barangay_input": "SAN LORENZO",
        "barangay_resolved": "San Lorenzo",
        "municipality_input": "City of Makati",
        "facility_type": "PRIVATE AND RESIDENCIAL",
        "facility_status": "TEMPORARY",
        "geocode_provider": "mapbox",
        "geocode_query": "Legazpi Active Park, SAN LORENZO, MAKATI",
        "confidence": 0.9,
        "verified": true,
        "uncertainty_radius_m": 120,
        "needs_review": false,
        "review_reason": ""
      },
      "geometry": {
        "type": "Point",
        "coordinates": [
          121.018495,
          14.55413
        ]
      }
    },
    {
      "type": "Feature",
      "properties": {
        "name": "CHAPEL RD. COVERED COURT GATCHALIAN SUBD., MANUYO DOS, LAS PIÑAS CITY",
        "barangay_input": "MANUYO DOS",
        "barangay_resolved": "Manuyo Dos",
        "municipality_input": "City of Las Piñas",
        "facility_type": "GYM/SPORTS FACILITY",
        "facility_status": "TEMPORARY",
        "geocode_provider": "mapbox",
        "geocode_query": "CHAPEL RD. COVERED COURT GATCHALIAN SUBD., MANUYO DOS, LAS PIÑAS CITY, MANUYO DOS, LAS PINAS",
        "confidence": 1,
        "verified": false,
        "uncertainty_radius_m": 50,
        "needs_review": false,
        "review_reason": "Manually verified & pinned by user",
        "triangulated": true
      },
      "geometry": {
        "type": "Point",
        "coordinates": [
          120.99165112868218,
          14.470723309668012
        ]
      }
    },
    {
      "type": "Feature",
      "properties": {
        "name": "S. MARQUEZ COVERED COURT., GATCHALIAN SUBD., MANUYO DOS, LAS PIÑAS CITY",
        "barangay_input": "MANUYO DOS",
        "barangay_resolved": "Manuyo Dos",
        "municipality_input": "City of Las Piñas",
        "facility_type": "GYM/SPORTS FACILITY",
        "facility_status": "TEMPORARY",
        "geocode_provider": "mapbox",
        "geocode_query": "S. MARQUEZ COVERED COURT., GATCHALIAN SUBD., MANUYO DOS, LAS PIÑAS CITY, MANUYO DOS, LAS PINAS",
        "confidence": 1,
        "verified": false,
        "uncertainty_radius_m": 50,
        "needs_review": false,
        "review_reason": "Manually verified & pinned by user",
        "triangulated": true
      },
      "geometry": {
        "type": "Point",
        "coordinates": [
          120.99169671535493,
          14.470870699350652
        ]
      }
    },
    {
      "type": "Feature",
      "properties": {
        "name": "VELASQUEZ COMPOUND, DANIEL FAJARDO, LAS PIÑAS CITY",
        "barangay_input": "DANIEL FAJARDO",
        "barangay_resolved": "Daniel Fajardo",
        "municipality_input": "City of Las Piñas",
        "facility_type": "GYM/SPORTS FACILITY",
        "facility_status": "TEMPORARY",
        "geocode_provider": "mapbox",
        "geocode_query": "VELASQUEZ COMPOUND, DANIEL FAJARDO, LAS PIÑAS CITY, DANIEL FAJARDO, LAS PINAS",
        "confidence": 1,
        "verified": false,
        "uncertainty_radius_m": 50,
        "needs_review": false,
        "review_reason": "Manually verified & pinned by user",
        "triangulated": true
      },
      "geometry": {
        "type": "Point",
        "coordinates": [
          120.980556,
          14.481472
        ]
      }
    },
    {
      "type": "Feature",
      "properties": {
        "name": "ST. JOSEPH, PULANGLUPA DOS, LAS PIÑAS CITY",
        "barangay_input": "PULANGLUPA DOS",
        "barangay_resolved": null,
        "municipality_input": "City of Las Piñas",
        "facility_type": "GYM/SPORTS FACILITY",
        "facility_status": "TEMPORARY",
        "geocode_provider": "mapbox",
        "geocode_query": "ST. JOSEPH, PULANGLUPA DOS, LAS PIÑAS CITY, PULANGLUPA DOS, LAS PINAS",
        "confidence": 0.4,
        "verified": false,
        "uncertainty_radius_m": null,
        "needs_review": true,
        "review_reason": "unverified_location"
      },
      "geometry": null
    },
    {
      "type": "Feature",
      "properties": {
        "name": "SAV 17, TALON IV, LAS PIÑAS CITY",
        "barangay_input": "TALON KUATRO",
        "barangay_resolved": "Talon Kuatro",
        "municipality_input": "City of Las Piñas",
        "facility_type": "GYM/SPORTS FACILITY",
        "facility_status": "TEMPORARY",
        "geocode_provider": "mapbox",
        "geocode_query": "SAV 17, TALON IV, LAS PIÑAS CITY, TALON KUATRO, LAS PINAS",
        "confidence": 1,
        "verified": false,
        "uncertainty_radius_m": 50,
        "needs_review": false,
        "review_reason": "Manually verified & pinned by user",
        "triangulated": true
      },
      "geometry": {
        "type": "Point",
        "coordinates": [
          120.99955424872856,
          14.435782253164236
        ]
      }
    },
    {
      "type": "Feature",
      "properties": {
        "name": "TS CRUZ, ALMANZA DOS, LAS PIÑAS CITY",
        "barangay_input": "ALMANZA DOS",
        "barangay_resolved": "Almanza Dos",
        "municipality_input": "City of Las Piñas",
        "facility_type": "GYM/SPORTS FACILITY",
        "facility_status": "TEMPORARY",
        "geocode_provider": "mapbox",
        "geocode_query": "TS CRUZ, ALMANZA DOS, LAS PIÑAS CITY, ALMANZA DOS, LAS PINAS",
        "confidence": 1,
        "verified": false,
        "uncertainty_radius_m": 50,
        "needs_review": false,
        "review_reason": "Manually verified & pinned by user",
        "triangulated": true
      },
      "geometry": {
        "type": "Point",
        "coordinates": [
          121.01743995769223,
          14.426078567857967
        ]
      }
    },
    {
      "type": "Feature",
      "properties": {
        "name": "CHRIST THE KING COVERED COURT, PAMPLONA UNO, LAS PIÑAS CITY",
        "barangay_input": "PAMPLONA UNO",
        "barangay_resolved": "Pamplona Uno",
        "municipality_input": "City of Las Piñas",
        "facility_type": "GYM/SPORTS FACILITY",
        "facility_status": "TEMPORARY",
        "geocode_provider": "mapbox",
        "geocode_query": "CHRIST THE KING COVERED COURT, PAMPLONA UNO, LAS PIÑAS CITY, PAMPLONA UNO, LAS PINAS",
        "confidence": 1,
        "verified": false,
        "uncertainty_radius_m": 50,
        "needs_review": false,
        "review_reason": "Manually verified & pinned by user",
        "triangulated": true
      },
      "geometry": {
        "type": "Point",
        "coordinates": [
          120.96957921981813,
          14.458280132387799
        ]
      }
    },
    {
      "type": "Feature",
      "properties": {
        "name": "SANTOS 3 COVERED COURT, ZAPOTE, LAS PIÑAS CITY",
        "barangay_input": "ZAPOTE",
        "barangay_resolved": "Zapote",
        "municipality_input": "City of Las Piñas",
        "facility_type": "GYM/SPORTS FACILITY",
        "facility_status": "TEMPORARY",
        "geocode_provider": "mapbox",
        "geocode_query": "SANTOS 3 COVERED COURT, ZAPOTE, LAS PIÑAS CITY, ZAPOTE, LAS PINAS",
        "confidence": 1,
        "verified": false,
        "uncertainty_radius_m": 50,
        "needs_review": false,
        "review_reason": "Manually verified & pinned by user",
        "triangulated": true
      },
      "geometry": {
        "type": "Point",
        "coordinates": [
          120.97288370132448,
          14.465085175001825
        ]
      }
    },
    {
      "type": "Feature",
      "properties": {
        "name": "MAYOR NENE AGUILAR DRRM BUILDING",
        "barangay_input": "TALON DOS",
        "barangay_resolved": "Talon Dos",
        "municipality_input": "City of Las Piñas",
        "facility_type": "EVACUATION CENTER",
        "facility_status": "PERMANENT",
        "geocode_provider": "mapbox",
        "geocode_query": "MAYOR NENE AGUILAR DRRM BUILDING, TALON DOS, LAS PINAS",
        "confidence": 1,
        "verified": false,
        "uncertainty_radius_m": 50,
        "needs_review": false,
        "review_reason": "Manually verified & pinned by user",
        "triangulated": true
      },
      "geometry": {
        "type": "Point",
        "coordinates": [
          120.97768041538974,
          14.437547680655694
        ]
      }
    },
    {
      "type": "Feature",
      "properties": {
        "name": "ST. JOSEPH, PULANGLUPA DOS, LAS PIÑAS CITY",
        "barangay_input": "PULANGLUPA DOS",
        "barangay_resolved": null,
        "municipality_input": "City of Las Piñas",
        "facility_type": "GYM/SPORTS FACILITY",
        "facility_status": "TEMPORARY",
        "geocode_provider": "mapbox",
        "geocode_query": "ST. JOSEPH, PULANGLUPA DOS, LAS PIÑAS CITY, PULANGLUPA DOS, LAS PINAS",
        "confidence": 0.4,
        "verified": false,
        "uncertainty_radius_m": null,
        "needs_review": true,
        "review_reason": "unverified_location"
      },
      "geometry": null
    },
    {
      "type": "Feature",
      "properties": {
        "name": "Barangay Covered Court",
        "barangay_input": "Barangay 01",
        "barangay_resolved": null,
        "municipality_input": "Caloocan City",
        "facility_type": "GYM/SPORTS FACILITY",
        "facility_status": "TEMPORARY",
        "geocode_provider": "mapbox",
        "geocode_query": "Barangay 01 Covered Court, CALOOCAN",
        "confidence": 1,
        "verified": true,
        "uncertainty_radius_m": 50,
        "needs_review": false,
        "review_reason": "Manually verified & pinned by user",
        "triangulated": true
      },
      "geometry": {
        "type": "Point",
        "coordinates": [
          120.97204979914451,
          14.660616694235303
        ]
      }
    },
    {
      "type": "Feature",
      "properties": {
        "name": "Pamana Covered Court",
        "barangay_input": "Barangay 08",
        "barangay_resolved": null,
        "municipality_input": "Caloocan City",
        "facility_type": "GYM/SPORTS FACILITY",
        "facility_status": "TEMPORARY",
        "geocode_provider": "mapbox",
        "geocode_query": "Pamana Covered Court, Barangay 08, CALOOCAN",
        "confidence": 1,
        "verified": true,
        "uncertainty_radius_m": 50,
        "needs_review": false,
        "review_reason": "Manually verified & pinned by user",
        "triangulated": true
      },
      "geometry": {
        "type": "Point",
        "coordinates": [
          120.96691578652413,
          14.657220357833857
        ]
      }
    },
    {
      "type": "Feature",
      "properties": {
        "name": "Sugpo Covered Court",
        "barangay_input": "Barangay 08",
        "barangay_resolved": null,
        "municipality_input": "Caloocan City",
        "facility_type": "GYM/SPORTS FACILITY",
        "facility_status": "TEMPORARY",
        "geocode_provider": "mapbox",
        "geocode_query": "Sugpo Covered Court, Barangay 08, CALOOCAN",
        "confidence": 1,
        "verified": true,
        "uncertainty_radius_m": 50,
        "needs_review": false,
        "review_reason": "Manually verified & pinned by user",
        "triangulated": true
      },
      "geometry": {
        "type": "Point",
        "coordinates": [
          120.96476662884243,
          14.657078433218894
        ]
      }
    },
    {
      "type": "Feature",
      "properties": {
        "name": "DDYC Covered Court",
        "barangay_input": "Barangay 12",
        "barangay_resolved": "Barangay 12",
        "municipality_input": "Caloocan City",
        "facility_type": "GYM/SPORTS FACILITY",
        "facility_status": "TEMPORARY",
        "geocode_provider": "osm",
        "geocode_query": "OSM:DDYC Covered Court",
        "confidence": 1,
        "verified": true,
        "uncertainty_radius_m": 80,
        "needs_review": false,
        "review_reason": ""
      },
      "geometry": {
        "type": "Point",
        "coordinates": [
          120.9665471,
          14.654929
        ]
      }
    },
    {
      "type": "Feature",
      "properties": {
        "name": "Macario High School",
        "barangay_input": "Barangay 14",
        "barangay_resolved": "Barangay 14",
        "municipality_input": "Caloocan City",
        "facility_type": "SCHOOL",
        "facility_status": "TEMPORARY",
        "geocode_provider": "mapbox",
        "geocode_query": "Macario High School, Barangay 14, CALOOCAN",
        "confidence": 1,
        "verified": false,
        "uncertainty_radius_m": 50,
        "needs_review": false,
        "review_reason": "Manually verified & pinned by user",
        "triangulated": true
      },
      "geometry": {
        "type": "Point",
        "coordinates": [
          120.96361398696901,
          14.648676258128434
        ]
      }
    },
    {
      "type": "Feature",
      "properties": {
        "name": "Central Elementary School",
        "barangay_input": "Barangay 15",
        "barangay_resolved": "Barangay 15",
        "municipality_input": "Caloocan City",
        "facility_type": "SCHOOL",
        "facility_status": "TEMPORARY",
        "geocode_provider": "osm",
        "geocode_query": "OSM:Caloocan Central Elementary School",
        "confidence": 1,
        "verified": true,
        "uncertainty_radius_m": 80,
        "needs_review": false,
        "review_reason": ""
      },
      "geometry": {
        "type": "Point",
        "coordinates": [
          120.9740826,
          14.6502706
        ]
      }
    },
    {
      "type": "Feature",
      "properties": {
        "name": "Covered Court",
        "barangay_input": "Barangay 16",
        "barangay_resolved": "Barangay 16",
        "municipality_input": "Caloocan City",
        "facility_type": "GYM/SPORTS FACILITY",
        "facility_status": "TEMPORARY",
        "geocode_provider": "osm",
        "geocode_query": "OSM:Kangkungan Covered Court",
        "confidence": 1,
        "verified": true,
        "uncertainty_radius_m": 80,
        "needs_review": false,
        "review_reason": ""
      },
      "geometry": {
        "type": "Point",
        "coordinates": [
          120.9701596,
          14.6516034
        ]
      }
    },
    {
      "type": "Feature",
      "properties": {
        "name": "Kaunlaran Elementary School",
        "barangay_input": "Barangay 20",
        "barangay_resolved": "Barangay 20",
        "municipality_input": "Caloocan City",
        "facility_type": "SCHOOL",
        "facility_status": "TEMPORARY",
        "geocode_provider": "osm",
        "geocode_query": "OSM:Kaunlaran Elementary School",
        "confidence": 1,
        "verified": true,
        "uncertainty_radius_m": 80,
        "needs_review": false,
        "review_reason": ""
      },
      "geometry": {
        "type": "Point",
        "coordinates": [
          120.9696604,
          14.647307
        ]
      }
    },
    {
      "type": "Feature",
      "properties": {
        "name": "Block 7 Covered Court",
        "barangay_input": "Barangay 20",
        "barangay_resolved": "Barangay 20",
        "municipality_input": "Caloocan City",
        "facility_type": "GYM/SPORTS FACILITY",
        "facility_status": "TEMPORARY",
        "geocode_provider": "geoapify",
        "geocode_query": "Block 7 Covered Court, Barangay 20, CALOOCAN",
        "confidence": 0.75,
        "verified": true,
        "uncertainty_radius_m": 350,
        "needs_review": false,
        "review_reason": ""
      },
      "geometry": {
        "type": "Point",
        "coordinates": [
          120.968139,
          14.6521496
        ]
      }
    },
    {
      "type": "Feature",
      "properties": {
        "name": "Kasarinlan Elementary School",
        "barangay_input": "Barangay 28",
        "barangay_resolved": "Barangay 28",
        "municipality_input": "Caloocan City",
        "facility_type": "SCHOOL",
        "facility_status": "TEMPORARY",
        "geocode_provider": "osm",
        "geocode_query": "OSM:Kasarinlan Elementary School",
        "confidence": 1,
        "verified": true,
        "uncertainty_radius_m": 80,
        "needs_review": false,
        "review_reason": ""
      },
      "geometry": {
        "type": "Point",
        "coordinates": [
          120.9691804,
          14.6419851
        ]
      }
    },
    {
      "type": "Feature",
      "properties": {
        "name": "Barangay Hall",
        "barangay_input": "Barangay 29",
        "barangay_resolved": "Barangay 29",
        "municipality_input": "Caloocan City",
        "facility_type": "BARANGAY HALL FACILITY",
        "facility_status": "TEMPORARY",
        "geocode_provider": "osm",
        "geocode_query": "OSM:Barangay 29",
        "confidence": 1,
        "verified": true,
        "uncertainty_radius_m": 80,
        "needs_review": false,
        "review_reason": ""
      },
      "geometry": {
        "type": "Point",
        "coordinates": [
          120.976415,
          14.6402108
        ]
      }
    },
    {
      "type": "Feature",
      "properties": {
        "name": "Lerma Covered Court",
        "barangay_input": "Barangay 30",
        "barangay_resolved": "Barangay 30",
        "municipality_input": "Caloocan City",
        "facility_type": "GYM/SPORTS FACILITY",
        "facility_status": "TEMPORARY",
        "geocode_provider": "osm",
        "geocode_query": "OSM:Lerma Covered Court",
        "confidence": 1,
        "verified": true,
        "uncertainty_radius_m": 80,
        "needs_review": false,
        "review_reason": ""
      },
      "geometry": {
        "type": "Point",
        "coordinates": [
          120.9737703,
          14.6399103
        ]
      }
    },
    {
      "type": "Feature",
      "properties": {
        "name": "Lerma Elementary School",
        "barangay_input": "Barangay 31",
        "barangay_resolved": "Barangay 31",
        "municipality_input": "Caloocan City",
        "facility_type": "SCHOOL",
        "facility_status": "TEMPORARY",
        "geocode_provider": "osm",
        "geocode_query": "OSM:Lerma Elementary School",
        "confidence": 1,
        "verified": true,
        "uncertainty_radius_m": 80,
        "needs_review": false,
        "review_reason": ""
      },
      "geometry": {
        "type": "Point",
        "coordinates": [
          120.9724515,
          14.6400364
        ]
      }
    },
    {
      "type": "Feature",
      "properties": {
        "name": "Barangay Hall",
        "barangay_input": "Barangay 32",
        "barangay_resolved": "Barangay 32",
        "municipality_input": "Caloocan City",
        "facility_type": "BARANGAY HALL FACILITY",
        "facility_status": "TEMPORARY",
        "geocode_provider": "osm",
        "geocode_query": "OSM:Barangay 32 Zone 3",
        "confidence": 1,
        "verified": true,
        "uncertainty_radius_m": 80,
        "needs_review": false,
        "review_reason": ""
      },
      "geometry": {
        "type": "Point",
        "coordinates": [
          120.9765451,
          14.639018
        ]
      }
    },
    {
      "type": "Feature",
      "properties": {
        "name": "Martinez College",
        "barangay_input": "Barangay 32",
        "barangay_resolved": "Barangay 32",
        "municipality_input": "Caloocan City",
        "facility_type": "SCHOOL",
        "facility_status": "TEMPORARY",
        "geocode_provider": "nominatim",
        "geocode_query": "Martinez College, Barangay 32, CALOOCAN",
        "confidence": 0.85,
        "verified": true,
        "uncertainty_radius_m": 150,
        "needs_review": false,
        "review_reason": ""
      },
      "geometry": {
        "type": "Point",
        "coordinates": [
          120.97602,
          14.638401
        ]
      }
    },
    {
      "type": "Feature",
      "properties": {
        "name": "Covered Court",
        "barangay_input": "Barangay 34",
        "barangay_resolved": "Barangay 34",
        "municipality_input": "Caloocan City",
        "facility_type": "GYM/SPORTS FACILITY",
        "facility_status": "TEMPORARY",
        "geocode_provider": "osm",
        "geocode_query": "OSM:sports_hall",
        "confidence": 1,
        "verified": true,
        "uncertainty_radius_m": 80,
        "needs_review": false,
        "review_reason": ""
      },
      "geometry": {
        "type": "Point",
        "coordinates": [
          120.9728898,
          14.6377929
        ]
      }
    },
    {
      "type": "Feature",
      "properties": {
        "name": "Multi Purpose Hall",
        "barangay_input": "Barangay 35",
        "barangay_resolved": "Barangay 35",
        "municipality_input": "Caloocan City",
        "facility_type": "MULTI-PURPOSE BUILDING",
        "facility_status": "PERMANENT",
        "geocode_provider": "mapbox",
        "geocode_query": "Barangay 35 Multi-Purpose Hall, CALOOCAN",
        "confidence": 1,
        "verified": false,
        "uncertainty_radius_m": 50,
        "needs_review": false,
        "review_reason": "Manually verified & pinned by user",
        "triangulated": true
      },
      "geometry": {
        "type": "Point",
        "coordinates": [
          120.97239221626374,
          14.638228421982207
        ]
      }
    },
    {
      "type": "Feature",
      "properties": {
        "name": "Maypajo Integrated School",
        "barangay_input": "Barangay 35",
        "barangay_resolved": "Barangay 35",
        "municipality_input": "Caloocan City",
        "facility_type": "SCHOOL",
        "facility_status": "TEMPORARY",
        "geocode_provider": "geoapify",
        "geocode_query": "Maypajo Integrated School, CALOOCAN",
        "confidence": 0.85,
        "verified": true,
        "uncertainty_radius_m": 150,
        "needs_review": false,
        "review_reason": ""
      },
      "geometry": {
        "type": "Point",
        "coordinates": [
          120.972564,
          14.637512
        ]
      }
    },
    {
      "type": "Feature",
      "properties": {
        "name": "Barangay Multi Purpose Hall",
        "barangay_input": "Barangay 36",
        "barangay_resolved": "Barangay 36",
        "municipality_input": "Caloocan City",
        "facility_type": "MULTI-PURPOSE BUILDING",
        "facility_status": "PERMANENT",
        "geocode_provider": "mapbox",
        "geocode_query": "Barangay 36 Multi-Purpose Hall, CALOOCAN",
        "confidence": 1,
        "verified": false,
        "uncertainty_radius_m": 50,
        "needs_review": false,
        "review_reason": "Manually verified & pinned by user",
        "triangulated": true
      },
      "geometry": {
        "type": "Point",
        "coordinates": [
          120.97832053899766,
          14.636414389453678
        ]
      }
    },
    {
      "type": "Feature",
      "properties": {
        "name": "Aroma Elementary School",
        "barangay_input": "Barangay 49",
        "barangay_resolved": "Barangay 49",
        "municipality_input": "Caloocan City",
        "facility_type": "SCHOOL",
        "facility_status": "TEMPORARY",
        "geocode_provider": "mapbox",
        "geocode_query": "Aroma Elementary School, Barangay 49, CALOOCAN",
        "confidence": 1,
        "verified": false,
        "uncertainty_radius_m": 50,
        "needs_review": false,
        "review_reason": "Manually verified & pinned by user",
        "triangulated": true
      },
      "geometry": {
        "type": "Point",
        "coordinates": [
          120.97691774368288,
          14.645406112113987
        ]
      }
    },
    {
      "type": "Feature",
      "properties": {
        "name": "Grace Park Elementary School",
        "barangay_input": "Barangay 56",
        "barangay_resolved": "Barangay 56",
        "municipality_input": "Caloocan City",
        "facility_type": "SCHOOL",
        "facility_status": "TEMPORARY",
        "geocode_provider": "osm",
        "geocode_query": "OSM:Grace Park Elementary School Unit I",
        "confidence": 1,
        "verified": true,
        "uncertainty_radius_m": 80,
        "needs_review": false,
        "review_reason": ""
      },
      "geometry": {
        "type": "Point",
        "coordinates": [
          120.9765945,
          14.6476606
        ]
      }
    },
    {
      "type": "Feature",
      "properties": {
        "name": "Barangay Multi Purpose Hall",
        "barangay_input": "Barangay 69",
        "barangay_resolved": "Barangay 69",
        "municipality_input": "Caloocan City",
        "facility_type": "MULTI-PURPOSE BUILDING",
        "facility_status": "PERMANENT",
        "geocode_provider": "mapbox",
        "geocode_query": "Barangay 69 Multi-Purpose Hall, CALOOCAN",
        "confidence": 1,
        "verified": false,
        "uncertainty_radius_m": 50,
        "needs_review": false,
        "review_reason": "Manually verified & pinned by user",
        "triangulated": true
      },
      "geometry": {
        "type": "Point",
        "coordinates": [
          120.97791,
          14.654233
        ]
      }
    },
    {
      "type": "Feature",
      "properties": {
        "name": "Covered Court",
        "barangay_input": "Barangay 73",
        "barangay_resolved": "Barangay 73",
        "municipality_input": "Caloocan City",
        "facility_type": "GYM/SPORTS FACILITY",
        "facility_status": "TEMPORARY",
        "geocode_provider": "osm",
        "geocode_query": "OSM:poi",
        "confidence": 1,
        "verified": true,
        "uncertainty_radius_m": 80,
        "needs_review": false,
        "review_reason": ""
      },
      "geometry": {
        "type": "Point",
        "coordinates": [
          120.9767507,
          14.6577314
        ]
      }
    },
    {
      "type": "Feature",
      "properties": {
        "name": "Barangay Multi Purpose Hall",
        "barangay_input": "Barangay 74",
        "barangay_resolved": "Barangay 74",
        "municipality_input": "Caloocan City",
        "facility_type": "MULTI-PURPOSE BUILDING",
        "facility_status": "PERMANENT",
        "geocode_provider": "mapbox",
        "geocode_query": "Barangay 74 Multi-Purpose Hall, CALOOCAN",
        "confidence": 1,
        "verified": false,
        "uncertainty_radius_m": 50,
        "needs_review": false,
        "review_reason": "Manually verified & pinned by user",
        "triangulated": true
      },
      "geometry": {
        "type": "Point",
        "coordinates": [
          120.978482,
          14.656379
        ]
      }
    },
    {
      "type": "Feature",
      "properties": {
        "name": "Bagong Silang Elementary School",
        "barangay_input": "Barangay 119",
        "barangay_resolved": "Barangay 119",
        "municipality_input": "Caloocan City",
        "facility_type": "SCHOOL",
        "facility_status": "TEMPORARY",
        "geocode_provider": "osm",
        "geocode_query": "OSM:Bagong Silang Elementary School",
        "confidence": 1,
        "verified": true,
        "uncertainty_radius_m": 80,
        "needs_review": false,
        "review_reason": ""
      },
      "geometry": {
        "type": "Point",
        "coordinates": [
          120.9851882,
          14.6425035
        ]
      }
    },
    {
      "type": "Feature",
      "properties": {
        "name": "Pancratius Covered Court",
        "barangay_input": "Barangay 120",
        "barangay_resolved": "Barangay 120",
        "municipality_input": "Caloocan City",
        "facility_type": "GYM/SPORTS FACILITY",
        "facility_status": "TEMPORARY",
        "geocode_provider": "mapbox",
        "geocode_query": "Pancratius Covered Court, Barangay 120, CALOOCAN",
        "confidence": 1,
        "verified": false,
        "uncertainty_radius_m": 50,
        "needs_review": false,
        "review_reason": "Manually verified & pinned by user",
        "triangulated": true
      },
      "geometry": {
        "type": "Point",
        "coordinates": [
          120.984402,
          14.639753
        ]
      }
    },
    {
      "type": "Feature",
      "properties": {
        "name": "Barangay Multi-Purpose Hall",
        "barangay_input": "Barangay 120",
        "barangay_resolved": "Barangay 120",
        "municipality_input": "Caloocan City",
        "facility_type": "MULTI-PURPOSE BUILDING",
        "facility_status": "PERMANENT",
        "geocode_provider": "mapbox",
        "geocode_query": "Barangay 120 Multi-Purpose Hall, CALOOCAN",
        "confidence": 1,
        "verified": false,
        "uncertainty_radius_m": 50,
        "needs_review": false,
        "review_reason": "Manually verified & pinned by user",
        "triangulated": true
      },
      "geometry": {
        "type": "Point",
        "coordinates": [
          120.98433136940004,
          14.64046510949431
        ]
      }
    },
    {
      "type": "Feature",
      "properties": {
        "name": "Libis Elementary School",
        "barangay_input": "Barangay 160",
        "barangay_resolved": "Barangay 160",
        "municipality_input": "Caloocan City",
        "facility_type": "SCHOOL",
        "facility_status": "TEMPORARY",
        "geocode_provider": "nominatim",
        "geocode_query": "Libis Elementary School, Barangay 160, CALOOCAN",
        "confidence": 0.85,
        "verified": true,
        "uncertainty_radius_m": 150,
        "needs_review": false,
        "review_reason": ""
      },
      "geometry": {
        "type": "Point",
        "coordinates": [
          121.0000705,
          14.6821386
        ]
      }
    },
    {
      "type": "Feature",
      "properties": {
        "name": "Open Court",
        "barangay_input": "Barangay 160",
        "barangay_resolved": "Barangay 160",
        "municipality_input": "Caloocan City",
        "facility_type": "GYM/SPORTS FACILITY",
        "facility_status": "TEMPORARY",
        "geocode_provider": "osm",
        "geocode_query": "OSM:Azicate Homes Covered Court",
        "confidence": 1,
        "verified": true,
        "uncertainty_radius_m": 80,
        "needs_review": false,
        "review_reason": ""
      },
      "geometry": {
        "type": "Point",
        "coordinates": [
          120.9983262,
          14.6821885
        ]
      }
    },
    {
      "type": "Feature",
      "properties": {
        "name": "Libis Chapel",
        "barangay_input": "Barangay 160",
        "barangay_resolved": "Barangay 160",
        "municipality_input": "Caloocan City",
        "facility_type": "RELIGIOUS FACILITY",
        "facility_status": "TEMPORARY",
        "geocode_provider": "geoapify",
        "geocode_query": "Libis Chapel, CALOOCAN",
        "confidence": 0.85,
        "verified": true,
        "uncertainty_radius_m": 150,
        "needs_review": false,
        "review_reason": ""
      },
      "geometry": {
        "type": "Point",
        "coordinates": [
          120.999487,
          14.682525
        ]
      }
    },
    {
      "type": "Feature",
      "properties": {
        "name": "Baesa Elementary School",
        "barangay_input": "Barangay 161",
        "barangay_resolved": "Barangay 161",
        "municipality_input": "Caloocan City",
        "facility_type": "SCHOOL",
        "facility_status": "TEMPORARY",
        "geocode_provider": "osm",
        "geocode_query": "OSM:Baesa Elementary School",
        "confidence": 1,
        "verified": true,
        "uncertainty_radius_m": 80,
        "needs_review": false,
        "review_reason": ""
      },
      "geometry": {
        "type": "Point",
        "coordinates": [
          121.0016754,
          14.6737213
        ]
      }
    },
    {
      "type": "Feature",
      "properties": {
        "name": "Barangay outpost Open Court",
        "barangay_input": "Barangay 163",
        "barangay_resolved": "Barangay 163",
        "municipality_input": "Caloocan City",
        "facility_type": "GYM/SPORTS FACILITY",
        "facility_status": "TEMPORARY",
        "geocode_provider": "geoapify",
        "geocode_query": "Barangay outpost Open Court, Barangay 163, CALOOCAN",
        "confidence": 0.85,
        "verified": true,
        "uncertainty_radius_m": 150,
        "needs_review": false,
        "review_reason": ""
      },
      "geometry": {
        "type": "Point",
        "coordinates": [
          121.009933,
          14.6798578
        ]
      }
    },
    {
      "type": "Feature",
      "properties": {
        "name": "Talipapa High School",
        "barangay_input": "Barangay 164",
        "barangay_resolved": "Barangay 164",
        "municipality_input": "Caloocan City",
        "facility_type": "SCHOOL",
        "facility_status": "TEMPORARY",
        "geocode_provider": "osm",
        "geocode_query": "OSM:Talipapa High School",
        "confidence": 1,
        "verified": true,
        "uncertainty_radius_m": 80,
        "needs_review": false,
        "review_reason": ""
      },
      "geometry": {
        "type": "Point",
        "coordinates": [
          121.0166717,
          14.6901463
        ]
      }
    },
    {
      "type": "Feature",
      "properties": {
        "name": "Bagbaguin Elementary School",
        "barangay_input": "Barangay 165",
        "barangay_resolved": "Barangay 165",
        "municipality_input": "Caloocan City",
        "facility_type": "SCHOOL",
        "facility_status": "TEMPORARY",
        "geocode_provider": "osm",
        "geocode_query": "OSM:Bagbaguin Elementary School",
        "confidence": 1,
        "verified": true,
        "uncertainty_radius_m": 80,
        "needs_review": false,
        "review_reason": ""
      },
      "geometry": {
        "type": "Point",
        "coordinates": [
          121.0044494,
          14.7161324
        ]
      }
    },
    {
      "type": "Feature",
      "properties": {
        "name": "Barangay Outpost of Sukaban",
        "barangay_input": "Barangay 165",
        "barangay_resolved": "Barangay 165",
        "municipality_input": "Caloocan City",
        "facility_type": "BARANGAY OUTPOST",
        "facility_status": "TEMPORARY",
        "geocode_provider": "mapbox",
        "geocode_query": "Barangay Outpost of Sukaban, Barangay 165, CALOOCAN",
        "confidence": 1,
        "verified": false,
        "uncertainty_radius_m": 50,
        "needs_review": false,
        "review_reason": "Manually verified & pinned by user",
        "triangulated": true
      },
      "geometry": {
        "type": "Point",
        "coordinates": [
          121.00418508052827,
          14.71779712606115
        ]
      }
    },
    {
      "type": "Feature",
      "properties": {
        "name": "Bagbaguin Chapel",
        "barangay_input": "Barangay 165",
        "barangay_resolved": "Barangay 165",
        "municipality_input": "Caloocan City",
        "facility_type": "RELIGIOUS FACILITY",
        "facility_status": "TEMPORARY",
        "geocode_provider": "osm",
        "geocode_query": "OSM:Bagbaguin Barangay Hall",
        "confidence": 1,
        "verified": true,
        "uncertainty_radius_m": 80,
        "needs_review": false,
        "review_reason": ""
      },
      "geometry": {
        "type": "Point",
        "coordinates": [
          121.0009027,
          14.7138203
        ]
      }
    },
    {
      "type": "Feature",
      "properties": {
        "name": "Barangay Hall Complex",
        "barangay_input": "Barangay 165",
        "barangay_resolved": "Barangay 165",
        "municipality_input": "Caloocan City",
        "facility_type": "BARANGAY HALL FACILITY",
        "facility_status": "TEMPORARY",
        "geocode_provider": "osm",
        "geocode_query": "OSM:Barangay 165 Zone 15 District 1 Hall",
        "confidence": 1,
        "verified": true,
        "uncertainty_radius_m": 80,
        "needs_review": false,
        "review_reason": ""
      },
      "geometry": {
        "type": "Point",
        "coordinates": [
          121.0042045,
          14.7178196
        ]
      }
    },
    {
      "type": "Feature",
      "properties": {
        "name": "Barangay Multi Purpose Hall",
        "barangay_input": "Barangay 166",
        "barangay_resolved": "Barangay 166",
        "municipality_input": "Caloocan City",
        "facility_type": "MULTI-PURPOSE BUILDING",
        "facility_status": "PERMANENT",
        "geocode_provider": "mapbox",
        "geocode_query": "Barangay 166 Multi-Purpose Hall, CALOOCAN",
        "confidence": 1,
        "verified": false,
        "uncertainty_radius_m": 50,
        "needs_review": false,
        "review_reason": "Manually verified & pinned by user",
        "triangulated": true
      },
      "geometry": {
        "type": "Point",
        "coordinates": [
          121.0072176382195,
          14.721129801560611
        ]
      }
    },
    {
      "type": "Feature",
      "properties": {
        "name": "Sacred Heart Parish",
        "barangay_input": "Barangay 166",
        "barangay_resolved": "Barangay 166",
        "municipality_input": "Caloocan City",
        "facility_type": "RELIGIOUS FACILITY",
        "facility_status": "TEMPORARY",
        "geocode_provider": "osm",
        "geocode_query": "OSM:Sacred Heart Parish",
        "confidence": 1,
        "verified": true,
        "uncertainty_radius_m": 80,
        "needs_review": false,
        "review_reason": ""
      },
      "geometry": {
        "type": "Point",
        "coordinates": [
          121.0130755,
          14.7192665
        ]
      }
    },
    {
      "type": "Feature",
      "properties": {
        "name": "Kaybiga Elementary School",
        "barangay_input": "Barangay 166",
        "barangay_resolved": "Barangay 166",
        "municipality_input": "Caloocan City",
        "facility_type": "SCHOOL",
        "facility_status": "TEMPORARY",
        "geocode_provider": "geoapify",
        "geocode_query": "Kaybiga Elementary School, CALOOCAN",
        "confidence": 0.85,
        "verified": true,
        "uncertainty_radius_m": 150,
        "needs_review": false,
        "review_reason": ""
      },
      "geometry": {
        "type": "Point",
        "coordinates": [
          121.00696,
          14.71885
        ]
      }
    },
    {
      "type": "Feature",
      "properties": {
        "name": "Covered Court",
        "barangay_input": "Barangay 166",
        "barangay_resolved": "Barangay 166",
        "municipality_input": "Caloocan City",
        "facility_type": "GYM/SPORTS FACILITY",
        "facility_status": "TEMPORARY",
        "geocode_provider": "osm",
        "geocode_query": "OSM:Caloocan Cockfighting Arena",
        "confidence": 1,
        "verified": true,
        "uncertainty_radius_m": 80,
        "needs_review": false,
        "review_reason": ""
      },
      "geometry": {
        "type": "Point",
        "coordinates": [
          121.0173808,
          14.7220154
        ]
      }
    },
    {
      "type": "Feature",
      "properties": {
        "name": "Llano Elementary/High School",
        "barangay_input": "Barangay 167",
        "barangay_resolved": "Barangay 167",
        "municipality_input": "Caloocan City",
        "facility_type": "SCHOOL",
        "facility_status": "TEMPORARY",
        "geocode_provider": "osm",
        "geocode_query": "OSM:Llano Elementary School",
        "confidence": 1,
        "verified": true,
        "uncertainty_radius_m": 80,
        "needs_review": false,
        "review_reason": ""
      },
      "geometry": {
        "type": "Point",
        "coordinates": [
          121.0141276,
          14.7318267
        ]
      }
    },
    {
      "type": "Feature",
      "properties": {
        "name": "Paradise Church",
        "barangay_input": "Barangay 167",
        "barangay_resolved": "Barangay 167",
        "municipality_input": "Caloocan City",
        "facility_type": "RELIGIOUS FACILITY",
        "facility_status": "TEMPORARY",
        "geocode_provider": "geoapify",
        "geocode_query": "Paradise Church, CALOOCAN",
        "confidence": 0.85,
        "verified": true,
        "uncertainty_radius_m": 150,
        "needs_review": false,
        "review_reason": ""
      },
      "geometry": {
        "type": "Point",
        "coordinates": [
          121.025298,
          14.7310935
        ]
      }
    },
    {
      "type": "Feature",
      "properties": {
        "name": "Deparo FX Terminal Covered Court",
        "barangay_input": "Barangay 168",
        "barangay_resolved": "Barangay 168",
        "municipality_input": "Caloocan City",
        "facility_type": "GYM/SPORTS FACILITY",
        "facility_status": "TEMPORARY",
        "geocode_provider": "geoapify",
        "geocode_query": "Deparo FX Terminal Covered Court, Barangay 168, CALOOCAN",
        "confidence": 0.85,
        "verified": true,
        "uncertainty_radius_m": 150,
        "needs_review": false,
        "review_reason": ""
      },
      "geometry": {
        "type": "Point",
        "coordinates": [
          121.0245176,
          14.740895
        ]
      }
    },
    {
      "type": "Feature",
      "properties": {
        "name": "Deparo Maranaw Day Care Center",
        "barangay_input": "Barangay 168",
        "barangay_resolved": "Barangay 168",
        "municipality_input": "Caloocan City",
        "facility_type": "DAY CARE CENTER",
        "facility_status": "TEMPORARY",
        "geocode_provider": "geoapify",
        "geocode_query": "Deparo Maranaw Day Care Center, CALOOCAN",
        "confidence": 0.75,
        "verified": true,
        "uncertainty_radius_m": 350,
        "needs_review": false,
        "review_reason": ""
      },
      "geometry": {
        "type": "Point",
        "coordinates": [
          121.0231233,
          14.746206
        ]
      }
    },
    {
      "type": "Feature",
      "properties": {
        "name": "Trillanes Covered Court",
        "barangay_input": "Barangay 169",
        "barangay_resolved": "Barangay 169",
        "municipality_input": "Caloocan City",
        "facility_type": "GYM/SPORTS FACILITY",
        "facility_status": "TEMPORARY",
        "geocode_provider": "mapbox",
        "geocode_query": "Trillanes Covered Court, Barangay 169, CALOOCAN",
        "confidence": 1,
        "verified": false,
        "uncertainty_radius_m": 50,
        "needs_review": false,
        "review_reason": "Manually verified & pinned by user",
        "triangulated": true
      },
      "geometry": {
        "type": "Point",
        "coordinates": [
          121.0203858151337,
          14.732547675774608
        ]
      }
    },
    {
      "type": "Feature",
      "properties": {
        "name": "Amaparo Novaville Covered court",
        "barangay_input": "Barangay 170",
        "barangay_resolved": "Barangay 170",
        "municipality_input": "Caloocan City",
        "facility_type": "GYM/SPORTS FACILITY",
        "facility_status": "TEMPORARY",
        "geocode_provider": "mapbox",
        "geocode_query": "Amaparo Novaville Covered court, Barangay 170, CALOOCAN",
        "confidence": 1,
        "verified": false,
        "uncertainty_radius_m": 50,
        "needs_review": false,
        "review_reason": "Manually verified & pinned by user",
        "triangulated": true
      },
      "geometry": {
        "type": "Point",
        "coordinates": [
          121.03337217304946,
          14.73853028578882
        ]
      }
    },
    {
      "type": "Feature",
      "properties": {
        "name": "Northville Covered Court 2B",
        "barangay_input": "Barangay 171",
        "barangay_resolved": "Barangay 171",
        "municipality_input": "Caloocan City",
        "facility_type": "GYM/SPORTS FACILITY",
        "facility_status": "TEMPORARY",
        "geocode_provider": "mapbox",
        "geocode_query": "Northville Covered Court 2B, Barangay 171, CALOOCAN",
        "confidence": 0.9,
        "verified": true,
        "uncertainty_radius_m": 120,
        "needs_review": false,
        "review_reason": ""
      },
      "geometry": {
        "type": "Point",
        "coordinates": [
          121.013276,
          14.750347
        ]
      }
    },
    {
      "type": "Feature",
      "properties": {
        "name": "Barangay Hall Covered Court",
        "barangay_input": "Barangay 171",
        "barangay_resolved": "Barangay 171",
        "municipality_input": "Caloocan City",
        "facility_type": "GYM/SPORTS FACILITY",
        "facility_status": "TEMPORARY",
        "geocode_provider": "geoapify",
        "geocode_query": "Barangay Hall Covered Court, Barangay 171, CALOOCAN",
        "confidence": 0.85,
        "verified": true,
        "uncertainty_radius_m": 150,
        "needs_review": false,
        "review_reason": ""
      },
      "geometry": {
        "type": "Point",
        "coordinates": [
          121.030879,
          14.7489707
        ]
      }
    },
    {
      "type": "Feature",
      "properties": {
        "name": "Ams 1 Covered Court",
        "barangay_input": "Barangay 171",
        "barangay_resolved": "Barangay 171",
        "municipality_input": "Caloocan City",
        "facility_type": "GYM/SPORTS FACILITY",
        "facility_status": "TEMPORARY",
        "geocode_provider": "geoapify",
        "geocode_query": "Ams 1 Covered Court, Barangay 171, CALOOCAN",
        "confidence": 0.75,
        "verified": true,
        "uncertainty_radius_m": 350,
        "needs_review": false,
        "review_reason": ""
      },
      "geometry": {
        "type": "Point",
        "coordinates": [
          121.0245176,
          14.740895
        ]
      }
    },
    {
      "type": "Feature",
      "properties": {
        "name": "Barangay Covered Court",
        "barangay_input": "Barangay 172",
        "barangay_resolved": "Barangay 172",
        "municipality_input": "Caloocan City",
        "facility_type": "GYM/SPORTS FACILITY",
        "facility_status": "TEMPORARY",
        "geocode_provider": "osm",
        "geocode_query": "OSM:VM3 Covered Court",
        "confidence": 1,
        "verified": true,
        "uncertainty_radius_m": 80,
        "needs_review": false,
        "review_reason": ""
      },
      "geometry": {
        "type": "Point",
        "coordinates": [
          121.0384337,
          14.7458189
        ]
      }
    },
    {
      "type": "Feature",
      "properties": {
        "name": "Congress Village Covered Court",
        "barangay_input": "Barangay 173",
        "barangay_resolved": "Barangay 173",
        "municipality_input": "Caloocan City",
        "facility_type": "GYM/SPORTS FACILITY",
        "facility_status": "TEMPORARY",
        "geocode_provider": "geoapify",
        "geocode_query": "Congress Village Covered Court, CALOOCAN",
        "confidence": 0.75,
        "verified": true,
        "uncertainty_radius_m": 350,
        "needs_review": false,
        "review_reason": ""
      },
      "geometry": {
        "type": "Point",
        "coordinates": [
          121.037103,
          14.743868
        ]
      }
    },
    {
      "type": "Feature",
      "properties": {
        "name": "Sta. Cruz chapel",
        "barangay_input": "Barangay 173",
        "barangay_resolved": "Barangay 173",
        "municipality_input": "Caloocan City",
        "facility_type": "RELIGIOUS FACILITY",
        "facility_status": "TEMPORARY",
        "geocode_provider": "mapbox",
        "geocode_query": "Sta. Cruz chapel, Barangay 173, CALOOCAN",
        "confidence": 1,
        "verified": false,
        "uncertainty_radius_m": 50,
        "needs_review": false,
        "review_reason": "Manually verified & pinned by user",
        "triangulated": true
      },
      "geometry": {
        "type": "Point",
        "coordinates": [
          121.03143095970155,
          14.753987962785759
        ]
      }
    },
    {
      "type": "Feature",
      "properties": {
        "name": "Barangay Covered Court",
        "barangay_input": "Barangay 174",
        "barangay_resolved": "Barangay 174",
        "municipality_input": "Caloocan City",
        "facility_type": "GYM/SPORTS FACILITY",
        "facility_status": "TEMPORARY",
        "geocode_provider": "osm",
        "geocode_query": "OSM:Barangay 174 Basketball Court",
        "confidence": 1,
        "verified": true,
        "uncertainty_radius_m": 80,
        "needs_review": false,
        "review_reason": ""
      },
      "geometry": {
        "type": "Point",
        "coordinates": [
          121.0480032,
          14.7630847
        ]
      }
    },
    {
      "type": "Feature",
      "properties": {
        "name": "Libis Covered Court",
        "barangay_input": "Barangay 175",
        "barangay_resolved": "Barangay 175",
        "municipality_input": "Caloocan City",
        "facility_type": "GYM/SPORTS FACILITY",
        "facility_status": "TEMPORARY",
        "geocode_provider": "osm",
        "geocode_query": "OSM:Libis Covered Basketball Court",
        "confidence": 1,
        "verified": true,
        "uncertainty_radius_m": 80,
        "needs_review": false,
        "review_reason": ""
      },
      "geometry": {
        "type": "Point",
        "coordinates": [
          121.0458602,
          14.7649609
        ]
      }
    },
    {
      "type": "Feature",
      "properties": {
        "name": "Multi-purpose Hall",
        "barangay_input": "Barangay 175",
        "barangay_resolved": "Barangay 175",
        "municipality_input": "Caloocan City",
        "facility_type": "MULTI-PURPOSE BUILDING",
        "facility_status": "PERMANENT",
        "geocode_provider": "osm",
        "geocode_query": "OSM:Bicol Area",
        "confidence": 1,
        "verified": true,
        "uncertainty_radius_m": 80,
        "needs_review": false,
        "review_reason": ""
      },
      "geometry": {
        "type": "Point",
        "coordinates": [
          121.0479085,
          14.7657971
        ]
      }
    },
    {
      "type": "Feature",
      "properties": {
        "name": "Pagasa ES",
        "barangay_input": "Barangay 176",
        "barangay_resolved": "Barangay 176",
        "municipality_input": "Caloocan City",
        "facility_type": "SCHOOL",
        "facility_status": "TEMPORARY",
        "geocode_provider": "mapbox",
        "geocode_query": "Pagasa ES, Barangay 176, CALOOCAN",
        "confidence": 1,
        "verified": false,
        "uncertainty_radius_m": 50,
        "needs_review": false,
        "review_reason": "Manually verified & pinned by user",
        "triangulated": true
      },
      "geometry": {
        "type": "Point",
        "coordinates": [
          121.045984,
          14.776362
        ]
      }
    },
    {
      "type": "Feature",
      "properties": {
        "name": "Pagasa Covered Court",
        "barangay_input": "Barangay 176",
        "barangay_resolved": "Barangay 176",
        "municipality_input": "Caloocan City",
        "facility_type": "GYM/SPORTS FACILITY",
        "facility_status": "TEMPORARY",
        "geocode_provider": "osm",
        "geocode_query": "OSM:Santa Rita Covered Court",
        "confidence": 1,
        "verified": true,
        "uncertainty_radius_m": 80,
        "needs_review": false,
        "review_reason": ""
      },
      "geometry": {
        "type": "Point",
        "coordinates": [
          121.0241837,
          14.7795294
        ]
      }
    },
    {
      "type": "Feature",
      "properties": {
        "name": "Kalayaan ES",
        "barangay_input": "Barangay 176",
        "barangay_resolved": "Barangay 176",
        "municipality_input": "Caloocan City",
        "facility_type": "SCHOOL",
        "facility_status": "TEMPORARY",
        "geocode_provider": "geoapify",
        "geocode_query": "Kalayaan ES, CALOOCAN",
        "confidence": 0.85,
        "verified": true,
        "uncertainty_radius_m": 150,
        "needs_review": false,
        "review_reason": ""
      },
      "geometry": {
        "type": "Point",
        "coordinates": [
          121.032016,
          14.780646
        ]
      }
    },
    {
      "type": "Feature",
      "properties": {
        "name": "Multipurpose Hall",
        "barangay_input": "Barangay 177",
        "barangay_resolved": "Barangay 177",
        "municipality_input": "Caloocan City",
        "facility_type": "MULTI-PURPOSE BUILDING",
        "facility_status": "PERMANENT",
        "geocode_provider": "osm",
        "geocode_query": "OSM:Bellefonte Clubhouse",
        "confidence": 1,
        "verified": true,
        "uncertainty_radius_m": 80,
        "needs_review": false,
        "review_reason": ""
      },
      "geometry": {
        "type": "Point",
        "coordinates": [
          121.0475713,
          14.75717
        ]
      }
    },
    {
      "type": "Feature",
      "properties": {
        "name": "Chai Covered Court",
        "barangay_input": "Barangay 177",
        "barangay_resolved": "Barangay 177",
        "municipality_input": "Caloocan City",
        "facility_type": "GYM/SPORTS FACILITY",
        "facility_status": "TEMPORARY",
        "geocode_provider": "geoapify",
        "geocode_query": "Chai Covered Court, CALOOCAN",
        "confidence": 0.85,
        "verified": true,
        "uncertainty_radius_m": 150,
        "needs_review": false,
        "review_reason": ""
      },
      "geometry": {
        "type": "Point",
        "coordinates": [
          121.0489252,
          14.7538767
        ]
      }
    },
    {
      "type": "Feature",
      "properties": {
        "name": "Maria Luisa Covered Court",
        "barangay_input": "Barangay 177",
        "barangay_resolved": "Barangay 177",
        "municipality_input": "Caloocan City",
        "facility_type": "GYM/SPORTS FACILITY",
        "facility_status": "TEMPORARY",
        "geocode_provider": "osm",
        "geocode_query": "OSM:Matrix Covered Court",
        "confidence": 1,
        "verified": true,
        "uncertainty_radius_m": 80,
        "needs_review": false,
        "review_reason": ""
      },
      "geometry": {
        "type": "Point",
        "coordinates": [
          121.0489252,
          14.7538767
        ]
      }
    },
    {
      "type": "Feature",
      "properties": {
        "name": "Calamansian DCC",
        "barangay_input": "Barangay 177",
        "barangay_resolved": "Barangay 177",
        "municipality_input": "Caloocan City",
        "facility_type": "DAY CARE CENTER",
        "facility_status": "TEMPORARY",
        "geocode_provider": "mapbox",
        "geocode_query": "Calamansian DCC, Barangay 177, CALOOCAN",
        "confidence": 0.9,
        "verified": true,
        "uncertainty_radius_m": 120,
        "needs_review": false,
        "review_reason": ""
      },
      "geometry": {
        "type": "Point",
        "coordinates": [
          121.062272,
          14.746877
        ]
      }
    },
    {
      "type": "Feature",
      "properties": {
        "name": "Pitong Bahay DCC",
        "barangay_input": "Barangay 177",
        "barangay_resolved": "Barangay 177",
        "municipality_input": "Caloocan City",
        "facility_type": "DAY CARE CENTER",
        "facility_status": "TEMPORARY",
        "geocode_provider": "mapbox",
        "geocode_query": "Pitong Bahay DCC, Barangay 177, CALOOCAN",
        "confidence": 0.9,
        "verified": true,
        "uncertainty_radius_m": 120,
        "needs_review": false,
        "review_reason": ""
      },
      "geometry": {
        "type": "Point",
        "coordinates": [
          121.066246,
          14.743521
        ]
      }
    },
    {
      "type": "Feature",
      "properties": {
        "name": "Caloocan North ES",
        "barangay_input": "Barangay 178",
        "barangay_resolved": "Barangay 178",
        "municipality_input": "Caloocan City",
        "facility_type": "SCHOOL",
        "facility_status": "TEMPORARY",
        "geocode_provider": "geoapify",
        "geocode_query": "Caloocan North ES, Barangay 178, CALOOCAN",
        "confidence": 0.85,
        "verified": true,
        "uncertainty_radius_m": 150,
        "needs_review": false,
        "review_reason": ""
      },
      "geometry": {
        "type": "Point",
        "coordinates": [
          121.061278,
          14.759438
        ]
      }
    },
    {
      "type": "Feature",
      "properties": {
        "name": "CADES Covered Court",
        "barangay_input": "Barangay 178",
        "barangay_resolved": "Barangay 178",
        "municipality_input": "Caloocan City",
        "facility_type": "GYM/SPORTS FACILITY",
        "facility_status": "TEMPORARY",
        "geocode_provider": "mapbox",
        "geocode_query": "CADES Covered Court, Barangay 178, CALOOCAN",
        "confidence": 1,
        "verified": false,
        "uncertainty_radius_m": 50,
        "needs_review": false,
        "review_reason": "Manually verified & pinned by user",
        "triangulated": true
      },
      "geometry": {
        "type": "Point",
        "coordinates": [
          121.06072336435321,
          14.756439225113326
        ]
      }
    },
    {
      "type": "Feature",
      "properties": {
        "name": "Barangay Hall",
        "barangay_input": "Barangay 179",
        "barangay_resolved": "Barangay 179",
        "municipality_input": "Caloocan City",
        "facility_type": "BARANGAY HALL FACILITY",
        "facility_status": "TEMPORARY",
        "geocode_provider": "osm",
        "geocode_query": "OSM:Sangguniang Pambarangay ng Barangay 179",
        "confidence": 1,
        "verified": true,
        "uncertainty_radius_m": 80,
        "needs_review": false,
        "review_reason": ""
      },
      "geometry": {
        "type": "Point",
        "coordinates": [
          121.0787947,
          14.7465776
        ]
      }
    },
    {
      "type": "Feature",
      "properties": {
        "name": "Barangay Session Hall",
        "barangay_input": "Barangay 180",
        "barangay_resolved": "Barangay 180",
        "municipality_input": "Caloocan City",
        "facility_type": "OTHER BARANGAY BUILDING",
        "facility_status": "TEMPORARY",
        "geocode_provider": "geoapify",
        "geocode_query": "Barangay Session Hall, Barangay 180, CALOOCAN",
        "confidence": 0.75,
        "verified": true,
        "uncertainty_radius_m": 350,
        "needs_review": false,
        "review_reason": ""
      },
      "geometry": {
        "type": "Point",
        "coordinates": [
          121.0796022,
          14.7696289
        ]
      }
    },
    {
      "type": "Feature",
      "properties": {
        "name": "Sapang Alat Open Court",
        "barangay_input": "Barangay 181",
        "barangay_resolved": "Barangay 181",
        "municipality_input": "Caloocan City",
        "facility_type": "GYM/SPORTS FACILITY",
        "facility_status": "TEMPORARY",
        "geocode_provider": "mapbox",
        "geocode_query": "Sapang Alat Open Court, Barangay 181, CALOOCAN",
        "confidence": 1,
        "verified": false,
        "uncertainty_radius_m": 50,
        "needs_review": false,
        "review_reason": "Manually verified & pinned by user",
        "triangulated": true
      },
      "geometry": {
        "type": "Point",
        "coordinates": [
          121.08588117664861,
          14.769296586193299
        ]
      }
    },
    {
      "type": "Feature",
      "properties": {
        "name": "Pangarap Central",
        "barangay_input": "Barangay 181",
        "barangay_resolved": "Barangay 181",
        "municipality_input": "Caloocan City",
        "facility_type": "OTHER BARANGAY BUILDING",
        "facility_status": "TEMPORARY",
        "geocode_provider": "geoapify",
        "geocode_query": "Pangarap Central, CALOOCAN",
        "confidence": 0.85,
        "verified": true,
        "uncertainty_radius_m": 150,
        "needs_review": false,
        "review_reason": ""
      },
      "geometry": {
        "type": "Point",
        "coordinates": [
          121.086708,
          14.761008
        ]
      }
    },
    {
      "type": "Feature",
      "properties": {
        "name": "Covered Court",
        "barangay_input": "Barangay 182",
        "barangay_resolved": "Barangay 182",
        "municipality_input": "Caloocan City",
        "facility_type": "GYM/SPORTS FACILITY",
        "facility_status": "TEMPORARY",
        "geocode_provider": "osm",
        "geocode_query": "OSM:sports_hall",
        "confidence": 1,
        "verified": true,
        "uncertainty_radius_m": 80,
        "needs_review": false,
        "review_reason": ""
      },
      "geometry": {
        "type": "Point",
        "coordinates": [
          121.091878,
          14.763537
        ]
      }
    },
    {
      "type": "Feature",
      "properties": {
        "name": "Barangay Covered Court",
        "barangay_input": "Barangay 183",
        "barangay_resolved": "Barangay 183",
        "municipality_input": "Caloocan City",
        "facility_type": "GYM/SPORTS FACILITY",
        "facility_status": "TEMPORARY",
        "geocode_provider": "osm",
        "geocode_query": "OSM:pitch",
        "confidence": 1,
        "verified": true,
        "uncertainty_radius_m": 80,
        "needs_review": false,
        "review_reason": ""
      },
      "geometry": {
        "type": "Point",
        "coordinates": [
          121.0827312,
          14.7524532
        ]
      }
    },
    {
      "type": "Feature",
      "properties": {
        "name": "MLQ ES",
        "barangay_input": "Barangay 185",
        "barangay_resolved": "Barangay 185",
        "municipality_input": "Caloocan City",
        "facility_type": "SCHOOL",
        "facility_status": "TEMPORARY",
        "geocode_provider": "mapbox",
        "geocode_query": "MLQ ES, Barangay 185, CALOOCAN",
        "confidence": 1,
        "verified": false,
        "uncertainty_radius_m": 50,
        "needs_review": false,
        "review_reason": "Manually verified & pinned by user",
        "triangulated": true
      },
      "geometry": {
        "type": "Point",
        "coordinates": [
          121.07690513134004,
          14.769296326652265
        ]
      }
    },
    {
      "type": "Feature",
      "properties": {
        "name": "Barangay Covered Court",
        "barangay_input": "Barangay 185",
        "barangay_resolved": "Barangay 185",
        "municipality_input": "Caloocan City",
        "facility_type": "GYM/SPORTS FACILITY",
        "facility_status": "TEMPORARY",
        "geocode_provider": "osm",
        "geocode_query": "OSM:Sampaguita Basketball Court",
        "confidence": 1,
        "verified": true,
        "uncertainty_radius_m": 80,
        "needs_review": false,
        "review_reason": ""
      },
      "geometry": {
        "type": "Point",
        "coordinates": [
          121.0754604,
          14.7734322
        ]
      }
    },
    {
      "type": "Feature",
      "properties": {
        "name": "Sampaguita covered court",
        "barangay_input": "Barangay 185",
        "barangay_resolved": "Barangay 185",
        "municipality_input": "Caloocan City",
        "facility_type": "GYM/SPORTS FACILITY",
        "facility_status": "TEMPORARY",
        "geocode_provider": "mapbox",
        "geocode_query": "Sampaguita covered court, Barangay 185, CALOOCAN",
        "confidence": 0.9,
        "verified": true,
        "uncertainty_radius_m": 120,
        "needs_review": false,
        "review_reason": ""
      },
      "geometry": {
        "type": "Point",
        "coordinates": [
          121.075715,
          14.773701
        ]
      }
    },
    {
      "type": "Feature",
      "properties": {
        "name": "Barrack 2 Covered Court",
        "barangay_input": "Barangay 186",
        "barangay_resolved": "Barangay 186",
        "municipality_input": "Caloocan City",
        "facility_type": "GYM/SPORTS FACILITY",
        "facility_status": "TEMPORARY",
        "geocode_provider": "mapbox",
        "geocode_query": "Barrack 2 Covered Court, Barangay 186, CALOOCAN",
        "confidence": 0.9,
        "verified": true,
        "uncertainty_radius_m": 120,
        "needs_review": false,
        "review_reason": ""
      },
      "geometry": {
        "type": "Point",
        "coordinates": [
          121.071791,
          14.77096
        ]
      }
    },
    {
      "type": "Feature",
      "properties": {
        "name": "Sto. Nino Covered Court",
        "barangay_input": "Barangay 187",
        "barangay_resolved": "Barangay 187",
        "municipality_input": "Caloocan City",
        "facility_type": "GYM/SPORTS FACILITY",
        "facility_status": "TEMPORARY",
        "geocode_provider": "mapbox",
        "geocode_query": "Sto. Nino Covered Court, Barangay 187, CALOOCAN",
        "confidence": 1,
        "verified": false,
        "uncertainty_radius_m": 50,
        "needs_review": false,
        "review_reason": "Manually verified & pinned by user",
        "triangulated": true
      },
      "geometry": {
        "type": "Point",
        "coordinates": [
          121.06351251538437,
          14.766239117651104
        ]
      }
    },
    {
      "type": "Feature",
      "properties": {
        "name": "Glorietta Covered Court",
        "barangay_input": "Barangay 188",
        "barangay_resolved": "Barangay 188",
        "municipality_input": "Caloocan City",
        "facility_type": "GYM/SPORTS FACILITY",
        "facility_status": "TEMPORARY",
        "geocode_provider": "mapbox",
        "geocode_query": "Glorietta Covered Court, Barangay 188, CALOOCAN",
        "confidence": 1,
        "verified": false,
        "uncertainty_radius_m": 50,
        "needs_review": false,
        "review_reason": "Manually verified & pinned by user",
        "triangulated": true
      },
      "geometry": {
        "type": "Point",
        "coordinates": [
          121.0594916856674,
          14.768039039128775
        ]
      }
    },
    {
      "type": "Feature",
      "properties": {
        "name": "Runez Covered Court",
        "barangay_input": "Barangay 188",
        "barangay_resolved": "Barangay 188",
        "municipality_input": "Caloocan City",
        "facility_type": "GYM/SPORTS FACILITY",
        "facility_status": "TEMPORARY",
        "geocode_provider": "geoapify",
        "geocode_query": "Runez Covered Court, CALOOCAN",
        "confidence": 0.85,
        "verified": true,
        "uncertainty_radius_m": 150,
        "needs_review": false,
        "review_reason": ""
      },
      "geometry": {
        "type": "Point",
        "coordinates": [
          121.0618986,
          14.7676951
        ]
      }
    },
    {
      "type": "Feature",
      "properties": {
        "name": "Sta. Rita North Covered Court",
        "barangay_input": "Barangay 188",
        "barangay_resolved": "Barangay 188",
        "municipality_input": "Caloocan City",
        "facility_type": "GYM/SPORTS FACILITY",
        "facility_status": "TEMPORARY",
        "geocode_provider": "mapbox",
        "geocode_query": "Sta. Rita North Covered Court, Barangay 188, CALOOCAN",
        "confidence": 0.9,
        "verified": true,
        "uncertainty_radius_m": 120,
        "needs_review": false,
        "review_reason": ""
      },
      "geometry": {
        "type": "Point",
        "coordinates": [
          121.064098,
          14.772676
        ]
      }
    },
    {
      "type": "Feature",
      "properties": {
        "name": "Phase 12 Covered court",
        "barangay_input": "Barangay 188",
        "barangay_resolved": "Barangay 188",
        "municipality_input": "Caloocan City",
        "facility_type": "GYM/SPORTS FACILITY",
        "facility_status": "TEMPORARY",
        "geocode_provider": "mapbox",
        "geocode_query": "Phase 12 Covered court, Barangay 188, CALOOCAN",
        "confidence": 1,
        "verified": false,
        "uncertainty_radius_m": 50,
        "needs_review": false,
        "review_reason": "Manually verified & pinned by user",
        "triangulated": true
      },
      "geometry": {
        "type": "Point",
        "coordinates": [
          121.06467467663862,
          14.77997864195781
        ]
      }
    },
    {
      "type": "Feature",
      "properties": {
        "name": "Barangay 164 Evacuation Center",
        "barangay_input": "BRGY. 164",
        "barangay_resolved": "Barangay 164",
        "municipality_input": "Caloocan City",
        "facility_type": "EVACUATION CENTER",
        "facility_status": "PERMANENT",
        "geocode_provider": "geoapify",
        "geocode_query": "Barangay 164 Evacuation Center, Barangay 164, CALOOCAN",
        "confidence": 0.85,
        "verified": true,
        "uncertainty_radius_m": 150,
        "needs_review": false,
        "review_reason": ""
      },
      "geometry": {
        "type": "Point",
        "coordinates": [
          121.0171597,
          14.6898734
        ]
      }
    },
    {
      "type": "Feature",
      "properties": {
        "name": "Nueve de Pebrero Elementary School",
        "barangay_input": "Addition Hills",
        "barangay_resolved": "Addition Hills",
        "municipality_input": "City of Mandaluyong",
        "facility_type": "SCHOOL",
        "facility_status": "TEMPORARY",
        "geocode_provider": "osm",
        "geocode_query": "OSM:Nueve de Febrero Elementary School",
        "confidence": 1,
        "verified": true,
        "uncertainty_radius_m": 80,
        "needs_review": false,
        "review_reason": ""
      },
      "geometry": {
        "type": "Point",
        "coordinates": [
          121.0387161,
          14.587383
        ]
      }
    },
    {
      "type": "Feature",
      "properties": {
        "name": "Jose Fabella Memorial School",
        "barangay_input": "Addition Hills",
        "barangay_resolved": "Addition Hills",
        "municipality_input": "City of Mandaluyong",
        "facility_type": "SCHOOL",
        "facility_status": "TEMPORARY",
        "geocode_provider": "osm",
        "geocode_query": "OSM:Jose Fabella Memorial School",
        "confidence": 1,
        "verified": true,
        "uncertainty_radius_m": 80,
        "needs_review": false,
        "review_reason": ""
      },
      "geometry": {
        "type": "Point",
        "coordinates": [
          121.034177,
          14.5849223
        ]
      }
    },
    {
      "type": "Feature",
      "properties": {
        "name": "Doña Basilisa Yangco Elementary School",
        "barangay_input": "Namayan",
        "barangay_resolved": "Namayan",
        "municipality_input": "City of Mandaluyong",
        "facility_type": "SCHOOL",
        "facility_status": "TEMPORARY",
        "geocode_provider": "osm",
        "geocode_query": "OSM:Doña Basilisa Yangco Elementary School",
        "confidence": 1,
        "verified": true,
        "uncertainty_radius_m": 80,
        "needs_review": false,
        "review_reason": ""
      },
      "geometry": {
        "type": "Point",
        "coordinates": [
          121.0186611,
          14.580331
        ]
      }
    },
    {
      "type": "Feature",
      "properties": {
        "name": "Doña Pilar C. Gonzaga Elementary School",
        "barangay_input": "Hagdan Bato Itaas",
        "barangay_resolved": "Hagdang Bato Itaas",
        "municipality_input": "City of Mandaluyong",
        "facility_type": "SCHOOL",
        "facility_status": "TEMPORARY",
        "geocode_provider": "osm",
        "geocode_query": "OSM:Doña Pilar C. Gonzaga Elementary School",
        "confidence": 1,
        "verified": true,
        "uncertainty_radius_m": 80,
        "needs_review": false,
        "review_reason": ""
      },
      "geometry": {
        "type": "Point",
        "coordinates": [
          121.0307983,
          14.5895194
        ]
      }
    },
    {
      "type": "Feature",
      "properties": {
        "name": "Eulogio Rodriguez Integrated School",
        "barangay_input": "Hagdan Bato Itaas",
        "barangay_resolved": "Hagdang Bato Itaas",
        "municipality_input": "City of Mandaluyong",
        "facility_type": "SCHOOL",
        "facility_status": "TEMPORARY",
        "geocode_provider": "osm",
        "geocode_query": "OSM:Eulogio Rodriguez Integrated School",
        "confidence": 1,
        "verified": true,
        "uncertainty_radius_m": 80,
        "needs_review": false,
        "review_reason": ""
      },
      "geometry": {
        "type": "Point",
        "coordinates": [
          121.0304982,
          14.5878938
        ]
      }
    },
    {
      "type": "Feature",
      "properties": {
        "name": "Highway Hills Integrated School",
        "barangay_input": "Highway Hills",
        "barangay_resolved": "Highway Hills",
        "municipality_input": "City of Mandaluyong",
        "facility_type": "SCHOOL",
        "facility_status": "TEMPORARY",
        "geocode_provider": "osm",
        "geocode_query": "OSM:Highway Hills Integrated School",
        "confidence": 1,
        "verified": true,
        "uncertainty_radius_m": 80,
        "needs_review": false,
        "review_reason": ""
      },
      "geometry": {
        "type": "Point",
        "coordinates": [
          121.0495652,
          14.5823794
        ]
      }
    },
    {
      "type": "Feature",
      "properties": {
        "name": "Mandaluyong Elementary School",
        "barangay_input": "Poblacion",
        "barangay_resolved": "Poblacion",
        "municipality_input": "City of Mandaluyong",
        "facility_type": "SCHOOL",
        "facility_status": "TEMPORARY",
        "geocode_provider": "osm",
        "geocode_query": "OSM:Mandaluyong Elementary School",
        "confidence": 1,
        "verified": true,
        "uncertainty_radius_m": 80,
        "needs_review": false,
        "review_reason": ""
      },
      "geometry": {
        "type": "Point",
        "coordinates": [
          121.0251455,
          14.5862841
        ]
      }
    },
    {
      "type": "Feature",
      "properties": {
        "name": "Mandaluyong High School",
        "barangay_input": "Poblacion",
        "barangay_resolved": "Poblacion",
        "municipality_input": "City of Mandaluyong",
        "facility_type": "SCHOOL",
        "facility_status": "TEMPORARY",
        "geocode_provider": "osm",
        "geocode_query": "OSM:Mandaluyong High School",
        "confidence": 1,
        "verified": true,
        "uncertainty_radius_m": 80,
        "needs_review": false,
        "review_reason": ""
      },
      "geometry": {
        "type": "Point",
        "coordinates": [
          121.0246518,
          14.5868374
        ]
      }
    },
    {
      "type": "Feature",
      "properties": {
        "name": "Mataas na Paaralang Neptali A. Gonzales",
        "barangay_input": "Mauway",
        "barangay_resolved": "Mauway",
        "municipality_input": "City of Mandaluyong",
        "facility_type": "SCHOOL",
        "facility_status": "TEMPORARY",
        "geocode_provider": "osm",
        "geocode_query": "OSM:Mataas na Paaralang Neptali A. Gonzales",
        "confidence": 1,
        "verified": true,
        "uncertainty_radius_m": 80,
        "needs_review": false,
        "review_reason": ""
      },
      "geometry": {
        "type": "Point",
        "coordinates": [
          121.0441996,
          14.5832312
        ]
      }
    },
    {
      "type": "Feature",
      "properties": {
        "name": "Pleasant Hills Elementary School",
        "barangay_input": "Pleasant Hills",
        "barangay_resolved": "Pleasant Hills",
        "municipality_input": "City of Mandaluyong",
        "facility_type": "SCHOOL",
        "facility_status": "TEMPORARY",
        "geocode_provider": "osm",
        "geocode_query": "OSM:Pleasant Hills Elementary School",
        "confidence": 1,
        "verified": true,
        "uncertainty_radius_m": 80,
        "needs_review": false,
        "review_reason": ""
      },
      "geometry": {
        "type": "Point",
        "coordinates": [
          121.0388863,
          14.5879234
        ]
      }
    },
    {
      "type": "Feature",
      "properties": {
        "name": "Amado T. Reyes Elementary School",
        "barangay_input": "Buayang Bato",
        "barangay_resolved": "Buayang Bato",
        "municipality_input": "City of Mandaluyong",
        "facility_type": "SCHOOL",
        "facility_status": "TEMPORARY",
        "geocode_provider": "osm",
        "geocode_query": "OSM:Amado T. Reyes Elementary School",
        "confidence": 1,
        "verified": true,
        "uncertainty_radius_m": 80,
        "needs_review": false,
        "review_reason": ""
      },
      "geometry": {
        "type": "Point",
        "coordinates": [
          121.0514609,
          14.5685517
        ]
      }
    },
    {
      "type": "Feature",
      "properties": {
        "name": "Barangka Ilaya Elementary School",
        "barangay_input": "Barangka Ilaya",
        "barangay_resolved": "Barangka Ilaya",
        "municipality_input": "City of Mandaluyong",
        "facility_type": "SCHOOL",
        "facility_status": "TEMPORARY",
        "geocode_provider": "nominatim",
        "geocode_query": "Barangka Ilaya Elementary School, Barangka Ilaya, MANDALUYONG",
        "confidence": 0.85,
        "verified": true,
        "uncertainty_radius_m": 150,
        "needs_review": false,
        "review_reason": ""
      },
      "geometry": {
        "type": "Point",
        "coordinates": [
          121.0449299,
          14.5719349
        ]
      }
    },
    {
      "type": "Feature",
      "properties": {
        "name": "Filemon Javier Elementary School",
        "barangay_input": "San Jose",
        "barangay_resolved": "San Jose",
        "municipality_input": "City of Mandaluyong",
        "facility_type": "SCHOOL",
        "facility_status": "TEMPORARY",
        "geocode_provider": "osm",
        "geocode_query": "OSM:Filemon Javier Elementary School",
        "confidence": 1,
        "verified": true,
        "uncertainty_radius_m": 80,
        "needs_review": false,
        "review_reason": ""
      },
      "geometry": {
        "type": "Point",
        "coordinates": [
          121.0293244,
          14.580132
        ]
      }
    },
    {
      "type": "Feature",
      "properties": {
        "name": "Hulo Elementary School",
        "barangay_input": "Hulo",
        "barangay_resolved": "Hulo",
        "municipality_input": "City of Mandaluyong",
        "facility_type": "SCHOOL",
        "facility_status": "TEMPORARY",
        "geocode_provider": "nominatim",
        "geocode_query": "Hulo Elementary School, Hulo, MANDALUYONG",
        "confidence": 0.85,
        "verified": true,
        "uncertainty_radius_m": 150,
        "needs_review": false,
        "review_reason": ""
      },
      "geometry": {
        "type": "Point",
        "coordinates": [
          121.0350221,
          14.5691005
        ]
      }
    },
    {
      "type": "Feature",
      "properties": {
        "name": "Mandaluyong Science High School",
        "barangay_input": "Hulo",
        "barangay_resolved": "Hulo",
        "municipality_input": "City of Mandaluyong",
        "facility_type": "SCHOOL",
        "facility_status": "TEMPORARY",
        "geocode_provider": "osm",
        "geocode_query": "OSM:City of Mandaluyong Science High School",
        "confidence": 1,
        "verified": true,
        "uncertainty_radius_m": 80,
        "needs_review": false,
        "review_reason": ""
      },
      "geometry": {
        "type": "Point",
        "coordinates": [
          121.0354326,
          14.5687816
        ]
      }
    },
    {
      "type": "Feature",
      "properties": {
        "name": "Isaac Lopez Integrated School",
        "barangay_input": "Vergara",
        "barangay_resolved": "Vergara",
        "municipality_input": "City of Mandaluyong",
        "facility_type": "SCHOOL",
        "facility_status": "TEMPORARY",
        "geocode_provider": "osm",
        "geocode_query": "OSM:Isaac Lopez Integrated School",
        "confidence": 1,
        "verified": true,
        "uncertainty_radius_m": 80,
        "needs_review": false,
        "review_reason": ""
      },
      "geometry": {
        "type": "Point",
        "coordinates": [
          121.0250834,
          14.57719
        ]
      }
    },
    {
      "type": "Feature",
      "properties": {
        "name": "Plainview Elementary School",
        "barangay_input": "Plainview",
        "barangay_resolved": "Plainview",
        "municipality_input": "City of Mandaluyong",
        "facility_type": "SCHOOL",
        "facility_status": "TEMPORARY",
        "geocode_provider": "osm",
        "geocode_query": "OSM:Plainview Elementary School",
        "confidence": 1,
        "verified": true,
        "uncertainty_radius_m": 80,
        "needs_review": false,
        "review_reason": ""
      },
      "geometry": {
        "type": "Point",
        "coordinates": [
          121.0298547,
          14.5781228
        ]
      }
    },
    {
      "type": "Feature",
      "properties": {
        "name": "Pedro P. Cruz Elementary School",
        "barangay_input": "Barangka Drive",
        "barangay_resolved": "Barangka Drive",
        "municipality_input": "City of Mandaluyong",
        "facility_type": "SCHOOL",
        "facility_status": "TEMPORARY",
        "geocode_provider": "osm",
        "geocode_query": "OSM:Pedro P. Cruz Elementary School",
        "confidence": 1,
        "verified": true,
        "uncertainty_radius_m": 80,
        "needs_review": false,
        "review_reason": ""
      },
      "geometry": {
        "type": "Point",
        "coordinates": [
          121.0384169,
          14.5735983
        ]
      }
    },
    {
      "type": "Feature",
      "properties": {
        "name": "Renato Lopez Elementary School",
        "barangay_input": "Mabini J. Rizal",
        "barangay_resolved": "Mabini-J. Rizal",
        "municipality_input": "City of Mandaluyong",
        "facility_type": "SCHOOL",
        "facility_status": "TEMPORARY",
        "geocode_provider": "osm",
        "geocode_query": "OSM:Renato R. Lopez Elementary School",
        "confidence": 1,
        "verified": true,
        "uncertainty_radius_m": 80,
        "needs_review": false,
        "review_reason": ""
      },
      "geometry": {
        "type": "Point",
        "coordinates": [
          121.0210124,
          14.5852471
        ]
      }
    },
    {
      "type": "Feature",
      "properties": {
        "name": "Mauway Gymnasium",
        "barangay_input": "Mauway",
        "barangay_resolved": "Mauway",
        "municipality_input": "City of Mandaluyong",
        "facility_type": "GYM/SPORTS FACILITY",
        "facility_status": "TEMPORARY",
        "geocode_provider": "osm",
        "geocode_query": "OSM:Punzalan Manggahan Basketball Half Court",
        "confidence": 1,
        "verified": true,
        "uncertainty_radius_m": 80,
        "needs_review": false,
        "review_reason": ""
      },
      "geometry": {
        "type": "Point",
        "coordinates": [
          121.0376683,
          14.5816705
        ]
      }
    },
    {
      "type": "Feature",
      "properties": {
        "name": "Jose Rizal University Gymnasium",
        "barangay_input": "Daang Bakal",
        "barangay_resolved": "Daang Bakal",
        "municipality_input": "City of Mandaluyong",
        "facility_type": "SCHOOL",
        "facility_status": "TEMPORARY",
        "geocode_provider": "geoapify",
        "geocode_query": "Jose Rizal University Gymnasium, Daang Bakal, MANDALUYONG",
        "confidence": 0.85,
        "verified": true,
        "uncertainty_radius_m": 150,
        "needs_review": false,
        "review_reason": ""
      },
      "geometry": {
        "type": "Point",
        "coordinates": [
          121.0287928,
          14.5923188
        ]
      }
    },
    {
      "type": "Feature",
      "properties": {
        "name": "Highlander Covered Court",
        "barangay_input": "Burol",
        "barangay_resolved": "Burol",
        "municipality_input": "City of Mandaluyong",
        "facility_type": "GYM/SPORTS FACILITY",
        "facility_status": "TEMPORARY",
        "geocode_provider": "osm",
        "geocode_query": "OSM:Highlander Court",
        "confidence": 1,
        "verified": true,
        "uncertainty_radius_m": 80,
        "needs_review": false,
        "review_reason": ""
      },
      "geometry": {
        "type": "Point",
        "coordinates": [
          121.0282276,
          14.5895699
        ]
      }
    },
    {
      "type": "Feature",
      "properties": {
        "name": "Jun Torres Gymnasium",
        "barangay_input": "Hagdan Bato Libis",
        "barangay_resolved": "Hagdang Bato Libis",
        "municipality_input": "City of Mandaluyong",
        "facility_type": "GYM/SPORTS FACILITY",
        "facility_status": "TEMPORARY",
        "geocode_provider": "mapbox",
        "geocode_query": "Jun Torres Gymnasium, Hagdan Bato Libis, MANDALUYONG",
        "confidence": 0.8,
        "verified": true,
        "uncertainty_radius_m": 300,
        "needs_review": false,
        "review_reason": ""
      },
      "geometry": {
        "type": "Point",
        "coordinates": [
          121.039855,
          14.590866
        ]
      }
    },
    {
      "type": "Feature",
      "properties": {
        "name": "Buayang Bato Covered Court",
        "barangay_input": "Buayang Bato",
        "barangay_resolved": "Buayang Bato",
        "municipality_input": "City of Mandaluyong",
        "facility_type": "GYM/SPORTS FACILITY",
        "facility_status": "TEMPORARY",
        "geocode_provider": "mapbox",
        "geocode_query": "Buayang Bato Covered Court, Buayang Bato, MANDALUYONG",
        "confidence": 1,
        "verified": false,
        "uncertainty_radius_m": 50,
        "needs_review": false,
        "review_reason": "Manually verified & pinned by user",
        "triangulated": true
      },
      "geometry": {
        "type": "Point",
        "coordinates": [
          121.05113182884325,
          14.568943032278199
        ]
      }
    },
    {
      "type": "Feature",
      "properties": {
        "name": "San Jose Covered Court",
        "barangay_input": "Hulo",
        "barangay_resolved": "Hulo",
        "municipality_input": "City of Mandaluyong",
        "facility_type": "GYM/SPORTS FACILITY",
        "facility_status": "TEMPORARY",
        "geocode_provider": "osm",
        "geocode_query": "OSM:Poblacion Covered Court",
        "confidence": 1,
        "verified": true,
        "uncertainty_radius_m": 80,
        "needs_review": false,
        "review_reason": ""
      },
      "geometry": {
        "type": "Point",
        "coordinates": [
          121.0324519,
          14.5678233
        ]
      }
    },
    {
      "type": "Feature",
      "properties": {
        "name": "Saniboy Covered Court",
        "barangay_input": "Hulo",
        "barangay_resolved": "Hulo",
        "municipality_input": "City of Mandaluyong",
        "facility_type": "GYM/SPORTS FACILITY",
        "facility_status": "TEMPORARY",
        "geocode_provider": "osm",
        "geocode_query": "OSM:Poblacion Covered Court",
        "confidence": 1,
        "verified": true,
        "uncertainty_radius_m": 80,
        "needs_review": false,
        "review_reason": ""
      },
      "geometry": {
        "type": "Point",
        "coordinates": [
          121.0324519,
          14.5678233
        ]
      }
    },
    {
      "type": "Feature",
      "properties": {
        "name": "Vergara Covered Court",
        "barangay_input": "Vergara",
        "barangay_resolved": "Vergara",
        "municipality_input": "City of Mandaluyong",
        "facility_type": "GYM/SPORTS FACILITY",
        "facility_status": "TEMPORARY",
        "geocode_provider": "osm",
        "geocode_query": "OSM:Vergara Covered Court",
        "confidence": 1,
        "verified": true,
        "uncertainty_radius_m": 80,
        "needs_review": false,
        "review_reason": ""
      },
      "geometry": {
        "type": "Point",
        "coordinates": [
          121.0255925,
          14.5780525
        ]
      }
    },
    {
      "type": "Feature",
      "properties": {
        "name": "Barangka Ibaba Covered Court",
        "barangay_input": "Barangka Ibaba",
        "barangay_resolved": "Barangka Ibaba",
        "municipality_input": "City of Mandaluyong",
        "facility_type": "GYM/SPORTS FACILITY",
        "facility_status": "TEMPORARY",
        "geocode_provider": "osm",
        "geocode_query": "OSM:P. Cruz Barangay Covered Court",
        "confidence": 1,
        "verified": true,
        "uncertainty_radius_m": 80,
        "needs_review": false,
        "review_reason": ""
      },
      "geometry": {
        "type": "Point",
        "coordinates": [
          121.0399341,
          14.5684337
        ]
      }
    },
    {
      "type": "Feature",
      "properties": {
        "name": "Barangka Itaas Covered Court",
        "barangay_input": "Barangka Itaas",
        "barangay_resolved": "Barangka Itaas",
        "municipality_input": "City of Mandaluyong",
        "facility_type": "GYM/SPORTS FACILITY",
        "facility_status": "TEMPORARY",
        "geocode_provider": "osm",
        "geocode_query": "OSM:P. Cruz Barangay Covered Court",
        "confidence": 1,
        "verified": true,
        "uncertainty_radius_m": 80,
        "needs_review": false,
        "review_reason": ""
      },
      "geometry": {
        "type": "Point",
        "coordinates": [
          121.0399341,
          14.5684337
        ]
      }
    },
    {
      "type": "Feature",
      "properties": {
        "name": "Mabini J. Rizal Covered Court",
        "barangay_input": "Mabini J. Rizal",
        "barangay_resolved": "Mabini-J. Rizal",
        "municipality_input": "City of Mandaluyong",
        "facility_type": "GYM/SPORTS FACILITY",
        "facility_status": "TEMPORARY",
        "geocode_provider": "osm",
        "geocode_query": "OSM:Mabini Covered Court",
        "confidence": 1,
        "verified": true,
        "uncertainty_radius_m": 80,
        "needs_review": false,
        "review_reason": ""
      },
      "geometry": {
        "type": "Point",
        "coordinates": [
          121.0210458,
          14.5857245
        ]
      }
    },
    {
      "type": "Feature",
      "properties": {
        "name": "Malamig Covered Court",
        "barangay_input": "Malamig",
        "barangay_resolved": "Malamig",
        "municipality_input": "City of Mandaluyong",
        "facility_type": "GYM/SPORTS FACILITY",
        "facility_status": "TEMPORARY",
        "geocode_provider": "osm",
        "geocode_query": "OSM:Malamig Basketball Court",
        "confidence": 1,
        "verified": true,
        "uncertainty_radius_m": 80,
        "needs_review": false,
        "review_reason": ""
      },
      "geometry": {
        "type": "Point",
        "coordinates": [
          121.0467634,
          14.5751881
        ]
      }
    },
    {
      "type": "Feature",
      "properties": {
        "name": "Bagong Silang Covered Court",
        "barangay_input": "Bagong Silang",
        "barangay_resolved": "Bagong Silang",
        "municipality_input": "City of Mandaluyong",
        "facility_type": "GYM/SPORTS FACILITY",
        "facility_status": "TEMPORARY",
        "geocode_provider": "osm",
        "geocode_query": "OSM:Bagong Silang Covered Court",
        "confidence": 1,
        "verified": true,
        "uncertainty_radius_m": 80,
        "needs_review": false,
        "review_reason": ""
      },
      "geometry": {
        "type": "Point",
        "coordinates": [
          121.0302163,
          14.5909941
        ]
      }
    },
    {
      "type": "Feature",
      "properties": {
        "name": "A. Luna Star Covered Court",
        "barangay_input": "Burol",
        "barangay_resolved": "Burol",
        "municipality_input": "City of Mandaluyong",
        "facility_type": "GYM/SPORTS FACILITY",
        "facility_status": "TEMPORARY",
        "geocode_provider": "mapbox",
        "geocode_query": "A. Luna Star Covered Court, Burol, MANDALUYONG",
        "confidence": 0.9,
        "verified": true,
        "uncertainty_radius_m": 120,
        "needs_review": false,
        "review_reason": ""
      },
      "geometry": {
        "type": "Point",
        "coordinates": [
          121.025872,
          14.588501
        ]
      }
    },
    {
      "type": "Feature",
      "properties": {
        "name": "Magalona Covered Court",
        "barangay_input": "Daang Bakal",
        "barangay_resolved": "Daang Bakal",
        "municipality_input": "City of Mandaluyong",
        "facility_type": "GYM/SPORTS FACILITY",
        "facility_status": "TEMPORARY",
        "geocode_provider": "geoapify",
        "geocode_query": "Magalona Covered Court, MANDALUYONG",
        "confidence": 0.85,
        "verified": true,
        "uncertainty_radius_m": 150,
        "needs_review": false,
        "review_reason": ""
      },
      "geometry": {
        "type": "Point",
        "coordinates": [
          121.0286824,
          14.5912753
        ]
      }
    },
    {
      "type": "Feature",
      "properties": {
        "name": "Harapin ang Bukas Barangay Hall",
        "barangay_input": "Harapin ang Bukas",
        "barangay_resolved": "Harapin Ang Bukas",
        "municipality_input": "City of Mandaluyong",
        "facility_type": "BARANGAY HALL FACILITY",
        "facility_status": "TEMPORARY",
        "geocode_provider": "osm",
        "geocode_query": "OSM:Harapin ang Bukas Barangay Multi-purpose Hall",
        "confidence": 1,
        "verified": true,
        "uncertainty_radius_m": 80,
        "needs_review": false,
        "review_reason": ""
      },
      "geometry": {
        "type": "Point",
        "coordinates": [
          121.0262284,
          14.5921314
        ]
      }
    },
    {
      "type": "Feature",
      "properties": {
        "name": "Wack-Wack Barangay Hall",
        "barangay_input": "Wack-Wack",
        "barangay_resolved": null,
        "municipality_input": "City of Mandaluyong",
        "facility_type": "BARANGAY HALL FACILITY",
        "facility_status": "TEMPORARY",
        "geocode_provider": "mapbox",
        "geocode_query": "Wack-Wack Barangay Hall, Wack Wack, MANDALUYONG",
        "confidence": 1,
        "verified": true,
        "uncertainty_radius_m": 50,
        "needs_review": false,
        "review_reason": "Manually verified & pinned by user",
        "triangulated": true
      },
      "geometry": {
        "type": "Point",
        "coordinates": [
          121.04215174913409,
          14.594765866442884
        ]
      }
    },
    {
      "type": "Feature",
      "properties": {
        "name": "National Center for Mental Health",
        "barangay_input": "Mauway",
        "barangay_resolved": "Mauway",
        "municipality_input": "City of Mandaluyong",
        "facility_type": "MEDICAL FACILITY",
        "facility_status": "TEMPORARY",
        "geocode_provider": "osm",
        "geocode_query": "OSM:National Center for Mental Health",
        "confidence": 1,
        "verified": true,
        "uncertainty_radius_m": 80,
        "needs_review": false,
        "review_reason": ""
      },
      "geometry": {
        "type": "Point",
        "coordinates": [
          121.0409392,
          14.5816203
        ]
      }
    },
    {
      "type": "Feature",
      "properties": {
        "name": "Don Bosco Technical College (Open Fields)",
        "barangay_input": "Pag-Asa",
        "barangay_resolved": "Pag-asa",
        "municipality_input": "City of Mandaluyong",
        "facility_type": "SCHOOL",
        "facility_status": "TEMPORARY",
        "geocode_provider": "geoapify",
        "geocode_query": "Don Bosco Technical College (Open Fields), Pag Asa, MANDALUYONG",
        "confidence": 0.85,
        "verified": true,
        "uncertainty_radius_m": 150,
        "needs_review": false,
        "review_reason": ""
      },
      "geometry": {
        "type": "Point",
        "coordinates": [
          121.025784,
          14.590414
        ]
      }
    },
    {
      "type": "Feature",
      "properties": {
        "name": "Wack-Wack Golf and Country Club",
        "barangay_input": "Wack-Wack",
        "barangay_resolved": null,
        "municipality_input": "City of Mandaluyong",
        "facility_type": "PRIVATE AND RESIDENCIAL",
        "facility_status": "TEMPORARY",
        "geocode_provider": "mapbox",
        "geocode_query": "Wack-Wack Golf and Country Club, Wack Wack, MANDALUYONG",
        "confidence": 1,
        "verified": true,
        "uncertainty_radius_m": 50,
        "needs_review": false,
        "review_reason": "Manually verified & pinned by user",
        "triangulated": true
      },
      "geometry": {
        "type": "Point",
        "coordinates": [
          121.04890823364259,
          14.59317745214628
        ]
      }
    },
    {
      "type": "Feature",
      "properties": {
        "name": "Botanical Garden",
        "barangay_input": "Addition Hills",
        "barangay_resolved": "Addition Hills",
        "municipality_input": "City of Mandaluyong",
        "facility_type": "PRIVATE AND RESIDENCIAL",
        "facility_status": "TEMPORARY",
        "geocode_provider": "nominatim",
        "geocode_query": "Botanical Garden, Addition Hills, MANDALUYONG",
        "confidence": 0.85,
        "verified": true,
        "uncertainty_radius_m": 150,
        "needs_review": false,
        "review_reason": ""
      },
      "geometry": {
        "type": "Point",
        "coordinates": [
          121.0365926,
          14.5835137
        ]
      }
    },
    {
      "type": "Feature",
      "properties": {
        "name": "5-Storey Evacuation Center and Multi-Purpose Building",
        "barangay_input": "Addition Hills",
        "barangay_resolved": "Addition Hills",
        "municipality_input": "City of Mandaluyong",
        "facility_type": "EVACUATION CENTER",
        "facility_status": "PERMANENT",
        "geocode_provider": "mapbox",
        "geocode_query": "5-Storey Evacuation Center and Multi-Purpose Building, Addition Hills, MANDALUYONG",
        "confidence": 1,
        "verified": false,
        "uncertainty_radius_m": 50,
        "needs_review": false,
        "review_reason": "Manually verified & pinned by user",
        "triangulated": true
      },
      "geometry": {
        "type": "Point",
        "coordinates": [
          121.03889018297197,
          14.587564859570328
        ]
      }
    },
    {
      "type": "Feature",
      "properties": {
        "name": "BARANGAY SUCAT MULTIPURPOSE COVERED COURT",
        "barangay_input": "SUCAT",
        "barangay_resolved": "Sucat",
        "municipality_input": "City of Muntinlupa",
        "facility_type": "GYM/SPORTS FACILITY",
        "facility_status": "TEMPORARY",
        "geocode_provider": "mapbox",
        "geocode_query": "BARANGAY SUCAT MULTIPURPOSE COVERED COURT, SUCAT, MUNTINLUPA",
        "confidence": 1,
        "verified": false,
        "uncertainty_radius_m": 50,
        "needs_review": false,
        "review_reason": "Manually verified & pinned by user",
        "triangulated": true
      },
      "geometry": {
        "type": "Point",
        "coordinates": [
          121.05387300252917,
          14.45672193798466
        ]
      }
    },
    {
      "type": "Feature",
      "properties": {
        "name": "BAGONG SILANG PLAZA COVERED COURT",
        "barangay_input": "SUCAT",
        "barangay_resolved": "Sucat",
        "municipality_input": "City of Muntinlupa",
        "facility_type": "GYM/SPORTS FACILITY",
        "facility_status": "TEMPORARY",
        "geocode_provider": "mapbox",
        "geocode_query": "BAGONG SILANG PLAZA COVERED COURT, SUCAT, MUNTINLUPA",
        "confidence": 1,
        "verified": false,
        "uncertainty_radius_m": 50,
        "needs_review": false,
        "review_reason": "Manually verified & pinned by user",
        "triangulated": true
      },
      "geometry": {
        "type": "Point",
        "coordinates": [
          121.04349801728753,
          14.444463924951203
        ]
      }
    },
    {
      "type": "Feature",
      "properties": {
        "name": "SITIO PAGKAKAISA COVERED COURT",
        "barangay_input": "SUCAT",
        "barangay_resolved": "Sucat",
        "municipality_input": "City of Muntinlupa",
        "facility_type": "GYM/SPORTS FACILITY",
        "facility_status": "TEMPORARY",
        "geocode_provider": "mapbox",
        "geocode_query": "SITIO PAGKAKAISA COVERED COURT, SUCAT, MUNTINLUPA",
        "confidence": 1,
        "verified": false,
        "uncertainty_radius_m": 50,
        "needs_review": false,
        "review_reason": "Manually verified & pinned by user",
        "triangulated": true
      },
      "geometry": {
        "type": "Point",
        "coordinates": [
          121.04655398094295,
          14.466407474409039
        ]
      }
    },
    {
      "type": "Feature",
      "properties": {
        "name": "BARANGAY BULI COVERED COURT",
        "barangay_input": "BULI",
        "barangay_resolved": "Buli",
        "municipality_input": "City of Muntinlupa",
        "facility_type": "GYM/SPORTS FACILITY",
        "facility_status": "TEMPORARY",
        "geocode_provider": "osm",
        "geocode_query": "OSM:Buli Covered Court",
        "confidence": 1,
        "verified": true,
        "uncertainty_radius_m": 80,
        "needs_review": false,
        "review_reason": ""
      },
      "geometry": {
        "type": "Point",
        "coordinates": [
          121.0515999,
          14.4427865
        ]
      }
    },
    {
      "type": "Feature",
      "properties": {
        "name": "MULLET COVERED COURT",
        "barangay_input": "CUPANG",
        "barangay_resolved": "Cupang",
        "municipality_input": "City of Muntinlupa",
        "facility_type": "GYM/SPORTS FACILITY",
        "facility_status": "TEMPORARY",
        "geocode_provider": "mapbox",
        "geocode_query": "MULLET COVERED COURT, CUPANG, MUNTINLUPA",
        "confidence": 1,
        "verified": false,
        "uncertainty_radius_m": 50,
        "needs_review": false,
        "review_reason": "Manually verified & pinned by user",
        "triangulated": true
      },
      "geometry": {
        "type": "Point",
        "coordinates": [
          121.04979064898664,
          14.440620697490807
        ]
      }
    },
    {
      "type": "Feature",
      "properties": {
        "name": "MORNING BREEZE COVERED COURT",
        "barangay_input": "ALABANG",
        "barangay_resolved": "Alabang",
        "municipality_input": "City of Muntinlupa",
        "facility_type": "GYM/SPORTS FACILITY",
        "facility_status": "TEMPORARY",
        "geocode_provider": "mapbox",
        "geocode_query": "MORNING BREEZE COVERED COURT, ALABANG, MUNTINLUPA",
        "confidence": 1,
        "verified": false,
        "uncertainty_radius_m": 50,
        "needs_review": false,
        "review_reason": "Manually verified & pinned by user",
        "triangulated": true
      },
      "geometry": {
        "type": "Point",
        "coordinates": [
          121.05151236544978,
          14.417967206298801
        ]
      }
    },
    {
      "type": "Feature",
      "properties": {
        "name": "ALABNG ELEMENTARY SCHOOL COVERED COURT",
        "barangay_input": "ALABANG",
        "barangay_resolved": "Alabang",
        "municipality_input": "City of Muntinlupa",
        "facility_type": "SCHOOL",
        "facility_status": "TEMPORARY",
        "geocode_provider": "mapbox",
        "geocode_query": "ALABNG ELEMENTARY SCHOOL COVERED COURT, ALABANG, MUNTINLUPA",
        "confidence": 1,
        "verified": false,
        "uncertainty_radius_m": 50,
        "needs_review": false,
        "review_reason": "Manually verified & pinned by user",
        "triangulated": true
      },
      "geometry": {
        "type": "Point",
        "coordinates": [
          121.0491600186518,
          14.420917638513181
        ]
      }
    },
    {
      "type": "Feature",
      "properties": {
        "name": "BAYANAN BAYWALK COVERED COURT",
        "barangay_input": "BAYANAN",
        "barangay_resolved": "Bayanan",
        "municipality_input": "City of Muntinlupa",
        "facility_type": "GYM/SPORTS FACILITY",
        "facility_status": "TEMPORARY",
        "geocode_provider": "mapbox",
        "geocode_query": "BAYANAN BAYWALK COVERED COURT, BAYANAN, MUNTINLUPA",
        "confidence": 1,
        "verified": false,
        "uncertainty_radius_m": 50,
        "needs_review": false,
        "review_reason": "Manually verified & pinned by user",
        "triangulated": true
      },
      "geometry": {
        "type": "Point",
        "coordinates": [
          121.04869470192166,
          14.409672226573544
        ]
      }
    },
    {
      "type": "Feature",
      "properties": {
        "name": "BARANGAY PUTATAN COVERED COURT",
        "barangay_input": "PUTATAN",
        "barangay_resolved": "Putatan",
        "municipality_input": "City of Muntinlupa",
        "facility_type": "GYM/SPORTS FACILITY",
        "facility_status": "TEMPORARY",
        "geocode_provider": "osm",
        "geocode_query": "OSM:Barangay Putatan Covered Court",
        "confidence": 1,
        "verified": true,
        "uncertainty_radius_m": 80,
        "needs_review": false,
        "review_reason": ""
      },
      "geometry": {
        "type": "Point",
        "coordinates": [
          121.0481937,
          14.3949591
        ]
      }
    },
    {
      "type": "Feature",
      "properties": {
        "name": "PUTATAN MULTIPURPOSE HALL",
        "barangay_input": "PUTATAN",
        "barangay_resolved": "Putatan",
        "municipality_input": "City of Muntinlupa",
        "facility_type": "MULTI-PURPOSE BUILDING",
        "facility_status": "PERMANENT",
        "geocode_provider": "osm",
        "geocode_query": "OSM:Airspeed Ville",
        "confidence": 1,
        "verified": true,
        "uncertainty_radius_m": 80,
        "needs_review": false,
        "review_reason": ""
      },
      "geometry": {
        "type": "Point",
        "coordinates": [
          121.0428157,
          14.4003937
        ]
      }
    },
    {
      "type": "Feature",
      "properties": {
        "name": "SOLDIERS HILLS COVERED COURT",
        "barangay_input": "PUTATAN",
        "barangay_resolved": "Putatan",
        "municipality_input": "City of Muntinlupa",
        "facility_type": "GYM/SPORTS FACILITY",
        "facility_status": "TEMPORARY",
        "geocode_provider": "mapbox",
        "geocode_query": "SOLDIERS HILLS COVERED COURT, PUTATAN, MUNTINLUPA",
        "confidence": 1,
        "verified": false,
        "uncertainty_radius_m": 50,
        "needs_review": false,
        "review_reason": "Manually verified & pinned by user",
        "triangulated": true
      },
      "geometry": {
        "type": "Point",
        "coordinates": [
          121.04108107007579,
          14.404202022866894
        ]
      }
    },
    {
      "type": "Feature",
      "properties": {
        "name": "BARANGAY POBLACION COVERED COURT",
        "barangay_input": "POBLACION",
        "barangay_resolved": "Poblacion",
        "municipality_input": "City of Muntinlupa",
        "facility_type": "GYM/SPORTS FACILITY",
        "facility_status": "TEMPORARY",
        "geocode_provider": "osm",
        "geocode_query": "OSM:Basketball Half Court",
        "confidence": 1,
        "verified": true,
        "uncertainty_radius_m": 80,
        "needs_review": false,
        "review_reason": ""
      },
      "geometry": {
        "type": "Point",
        "coordinates": [
          121.0360387,
          14.3893742
        ]
      }
    },
    {
      "type": "Feature",
      "properties": {
        "name": "BIAZON COVERED COURT",
        "barangay_input": "POBLACION",
        "barangay_resolved": "Poblacion",
        "municipality_input": "City of Muntinlupa",
        "facility_type": "GYM/SPORTS FACILITY",
        "facility_status": "TEMPORARY",
        "geocode_provider": "mapbox",
        "geocode_query": "BIAZON COVERED COURT, POBLACION, MUNTINLUPA",
        "confidence": 1,
        "verified": false,
        "uncertainty_radius_m": 50,
        "needs_review": false,
        "review_reason": "Manually verified & pinned by user",
        "triangulated": true
      },
      "geometry": {
        "type": "Point",
        "coordinates": [
          121.0149332734247,
          14.371130129134665
        ]
      }
    },
    {
      "type": "Feature",
      "properties": {
        "name": "RIGHT WING, TUNASAN SPORTS COMPLEX",
        "barangay_input": "TUNASAN",
        "barangay_resolved": "Tunasan",
        "municipality_input": "City of Muntinlupa",
        "facility_type": "GYM/SPORTS FACILITY",
        "facility_status": "TEMPORARY",
        "geocode_provider": "mapbox",
        "geocode_query": "RIGHT WING, TUNASAN SPORTS COMPLEX, TUNASAN, MUNTINLUPA",
        "confidence": 1,
        "verified": false,
        "uncertainty_radius_m": 50,
        "needs_review": false,
        "review_reason": "Manually verified & pinned by user",
        "triangulated": true
      },
      "geometry": {
        "type": "Point",
        "coordinates": [
          121.05275480998921,
          14.383576511706048
        ]
      }
    },
    {
      "type": "Feature",
      "properties": {
        "name": "TUNASAN ARANDIA ST. COVERED COURT",
        "barangay_input": "TUNASAN",
        "barangay_resolved": "Tunasan",
        "municipality_input": "City of Muntinlupa",
        "facility_type": "GYM/SPORTS FACILITY",
        "facility_status": "TEMPORARY",
        "geocode_provider": "mapbox",
        "geocode_query": "TUNASAN ARANDIA ST. COVERED COURT, TUNASAN, MUNTINLUPA",
        "confidence": 1,
        "verified": false,
        "uncertainty_radius_m": 50,
        "needs_review": false,
        "review_reason": "Manually verified & pinned by user",
        "triangulated": true
      },
      "geometry": {
        "type": "Point",
        "coordinates": [
          121.05194844421872,
          14.38041480493204
        ]
      }
    },
    {
      "type": "Feature",
      "properties": {
        "name": "MUNTINLUPA CITY EVACUATION CENTER",
        "barangay_input": "POBLACION",
        "barangay_resolved": "Poblacion",
        "municipality_input": "City of Muntinlupa",
        "facility_type": "EVACUATION CENTER",
        "facility_status": "PERMANENT",
        "geocode_provider": "mapbox",
        "geocode_query": "MUNTINLUPA CITY EVACUATION CENTER, POBLACION, MUNTINLUPA",
        "confidence": 1,
        "verified": false,
        "uncertainty_radius_m": 50,
        "needs_review": false,
        "review_reason": "Manually verified & pinned by user",
        "triangulated": true
      },
      "geometry": {
        "type": "Point",
        "coordinates": [
          121.04851890000725,
          14.390378544550277
        ]
      }
    },
    {
      "type": "Feature",
      "properties": {
        "name": "BARANGAY CUPANG MULTIPURPOSE HALL",
        "barangay_input": "CUPANG",
        "barangay_resolved": "Cupang",
        "municipality_input": "City of Muntinlupa",
        "facility_type": "MULTI-PURPOSE BUILDING",
        "facility_status": "PERMANENT",
        "geocode_provider": "osm",
        "geocode_query": "OSM:Hampton Court",
        "confidence": 1,
        "verified": true,
        "uncertainty_radius_m": 80,
        "needs_review": false,
        "review_reason": ""
      },
      "geometry": {
        "type": "Point",
        "coordinates": [
          121.0364044,
          14.4400254
        ]
      }
    },
    {
      "type": "Feature",
      "properties": {
        "name": "C.P STA TERESA ELEMENTARY SCHOOL",
        "barangay_input": "BAGUMBAYAN",
        "barangay_resolved": "Bagumbayan",
        "municipality_input": "Taguig City",
        "facility_type": "SCHOOL",
        "facility_status": "TEMPORARY",
        "geocode_provider": "osm",
        "geocode_query": "OSM:Cipriano P. Santa Teresa Elementary School",
        "confidence": 1,
        "verified": true,
        "uncertainty_radius_m": 80,
        "needs_review": false,
        "review_reason": ""
      },
      "geometry": {
        "type": "Point",
        "coordinates": [
          121.0581777,
          14.4739897
        ]
      }
    },
    {
      "type": "Feature",
      "properties": {
        "name": "TAGUIG INTEGRATED SCHOOL",
        "barangay_input": "BAMBANG",
        "barangay_resolved": "Bambang",
        "municipality_input": "Taguig City",
        "facility_type": "SCHOOL",
        "facility_status": "TEMPORARY",
        "geocode_provider": "osm",
        "geocode_query": "OSM:Lokal ng Taguig",
        "confidence": 1,
        "verified": true,
        "uncertainty_radius_m": 80,
        "needs_review": false,
        "review_reason": ""
      },
      "geometry": {
        "type": "Point",
        "coordinates": [
          121.0711838,
          14.5265194
        ]
      }
    },
    {
      "type": "Feature",
      "properties": {
        "name": "TIPAS ELEMENTARY SCHOOL (ANNEX)",
        "barangay_input": "CALZADA TIPAS",
        "barangay_resolved": null,
        "municipality_input": "Taguig City",
        "facility_type": "SCHOOL",
        "facility_status": "TEMPORARY",
        "geocode_provider": "nominatim",
        "geocode_query": "TIPAS ELEMENTARY SCHOOL (ANNEX), CALZADA TIPAS, TAGUIG",
        "confidence": 0.4,
        "verified": false,
        "uncertainty_radius_m": null,
        "needs_review": true,
        "review_reason": "unverified_location"
      },
      "geometry": null
    },
    {
      "type": "Feature",
      "properties": {
        "name": "HAGONOY GYM",
        "barangay_input": "HAGONOY",
        "barangay_resolved": "Hagonoy",
        "municipality_input": "Taguig City",
        "facility_type": "GYM/SPORTS FACILITY",
        "facility_status": "TEMPORARY",
        "geocode_provider": "osm",
        "geocode_query": "OSM:Hagonoy Barangay Hall",
        "confidence": 1,
        "verified": true,
        "uncertainty_radius_m": 80,
        "needs_review": false,
        "review_reason": ""
      },
      "geometry": {
        "type": "Point",
        "coordinates": [
          121.0696915,
          14.512444
        ]
      }
    },
    {
      "type": "Feature",
      "properties": {
        "name": "TIPAS NATIONAL HIGH SCHOOL (ANNEX)",
        "barangay_input": "IBAYO TIPAS",
        "barangay_resolved": "Ibayo-Tipas",
        "municipality_input": "Taguig City",
        "facility_type": "SCHOOL",
        "facility_status": "TEMPORARY",
        "geocode_provider": "osm",
        "geocode_query": "OSM:kindergarten",
        "confidence": 1,
        "verified": true,
        "uncertainty_radius_m": 80,
        "needs_review": false,
        "review_reason": ""
      },
      "geometry": {
        "type": "Point",
        "coordinates": [
          121.08775,
          14.546924
        ]
      }
    },
    {
      "type": "Feature",
      "properties": {
        "name": "DAY CARE CENTER",
        "barangay_input": "IBAYO TIPAS",
        "barangay_resolved": "Ibayo-Tipas",
        "municipality_input": "Taguig City",
        "facility_type": "DAY CARE CENTER",
        "facility_status": "TEMPORARY",
        "geocode_provider": "osm",
        "geocode_query": "OSM:Day Care Center",
        "confidence": 1,
        "verified": true,
        "uncertainty_radius_m": 80,
        "needs_review": false,
        "review_reason": ""
      },
      "geometry": {
        "type": "Point",
        "coordinates": [
          121.0809051,
          14.5466512
        ]
      }
    },
    {
      "type": "Feature",
      "properties": {
        "name": "BRGY. HALL",
        "barangay_input": "LIGID TIPAS",
        "barangay_resolved": "Ligid-Tipas",
        "municipality_input": "Taguig City",
        "facility_type": "BARANGAY HALL FACILITY",
        "facility_status": "TEMPORARY",
        "geocode_provider": "osm",
        "geocode_query": "OSM:Ligid-Tipas Barangay Hall",
        "confidence": 1,
        "verified": true,
        "uncertainty_radius_m": 80,
        "needs_review": false,
        "review_reason": ""
      },
      "geometry": {
        "type": "Point",
        "coordinates": [
          121.0802608,
          14.5420752
        ]
      }
    },
    {
      "type": "Feature",
      "properties": {
        "name": "R.P CRUZ ELEMENTARY SCHOOL",
        "barangay_input": "LOWER BICUTAN",
        "barangay_resolved": "Lower Bicutan",
        "municipality_input": "Taguig City",
        "facility_type": "SCHOOL",
        "facility_status": "TEMPORARY",
        "geocode_provider": "osm",
        "geocode_query": "OSM:Upper Bicutan Elementary School",
        "confidence": 1,
        "verified": true,
        "uncertainty_radius_m": 80,
        "needs_review": false,
        "review_reason": ""
      },
      "geometry": {
        "type": "Point",
        "coordinates": [
          121.054013,
          14.4898179
        ]
      }
    },
    {
      "type": "Feature",
      "properties": {
        "name": "NAPINDAN INTEGRATED SCHOOL",
        "barangay_input": "NAPINDAN",
        "barangay_resolved": "Napindan",
        "municipality_input": "Taguig City",
        "facility_type": "SCHOOL",
        "facility_status": "TEMPORARY",
        "geocode_provider": "osm",
        "geocode_query": "OSM:Napindan Integrated School",
        "confidence": 1,
        "verified": true,
        "uncertainty_radius_m": 80,
        "needs_review": false,
        "review_reason": ""
      },
      "geometry": {
        "type": "Point",
        "coordinates": [
          121.0964151,
          14.5380917
        ]
      }
    },
    {
      "type": "Feature",
      "properties": {
        "name": "R.P CRUZ ELEMENTARY SCHOOL",
        "barangay_input": "NEW LOWER BICUTAN",
        "barangay_resolved": "New Lower Bicutan",
        "municipality_input": "Taguig City",
        "facility_type": "SCHOOL",
        "facility_status": "TEMPORARY",
        "geocode_provider": "osm",
        "geocode_query": "OSM:Ricardo P. Cruz, Sr. Elementary School",
        "confidence": 1,
        "verified": true,
        "uncertainty_radius_m": 80,
        "needs_review": false,
        "review_reason": ""
      },
      "geometry": {
        "type": "Point",
        "coordinates": [
          121.0628511,
          14.5003473
        ]
      }
    },
    {
      "type": "Feature",
      "properties": {
        "name": "TIPAS ELEMENTARY SCHOOL (MAIN)",
        "barangay_input": "PALINGON TOPAS",
        "barangay_resolved": null,
        "municipality_input": "Taguig City",
        "facility_type": "SCHOOL",
        "facility_status": "TEMPORARY",
        "geocode_provider": "geoapify",
        "geocode_query": "TIPAS ELEMENTARY SCHOOL (MAIN), TAGUIG",
        "confidence": 0.4,
        "verified": false,
        "uncertainty_radius_m": null,
        "needs_review": true,
        "review_reason": "unverified_location"
      },
      "geometry": null
    },
    {
      "type": "Feature",
      "properties": {
        "name": "EUSEBIO ELEMENTARY SCHOOL",
        "barangay_input": "SAN MIGUEL",
        "barangay_resolved": "San Miguel",
        "municipality_input": "Taguig City",
        "facility_type": "SCHOOL",
        "facility_status": "TEMPORARY",
        "geocode_provider": "osm",
        "geocode_query": "OSM:Eusebio C. Santos Elementary School",
        "confidence": 1,
        "verified": true,
        "uncertainty_radius_m": 80,
        "needs_review": false,
        "review_reason": ""
      },
      "geometry": {
        "type": "Point",
        "coordinates": [
          121.0735618,
          14.5199883
        ]
      }
    },
    {
      "type": "Feature",
      "properties": {
        "name": "TAGUIG INTEGRATED SCHOOL",
        "barangay_input": "STA ANA",
        "barangay_resolved": "Santa Ana",
        "municipality_input": "Taguig City",
        "facility_type": "SCHOOL",
        "facility_status": "TEMPORARY",
        "geocode_provider": "osm",
        "geocode_query": "OSM:Taguig Integrated School - Standalone Senior High School",
        "confidence": 1,
        "verified": true,
        "uncertainty_radius_m": 80,
        "needs_review": false,
        "review_reason": ""
      },
      "geometry": {
        "type": "Point",
        "coordinates": [
          121.0755883,
          14.5255962
        ]
      }
    },
    {
      "type": "Feature",
      "properties": {
        "name": "TAGUIG INTEGRATED SCHOOL",
        "barangay_input": "TUKTUKAN",
        "barangay_resolved": "Tuktukan",
        "municipality_input": "Taguig City",
        "facility_type": "SCHOOL",
        "facility_status": "TEMPORARY",
        "geocode_provider": "osm",
        "geocode_query": "OSM:Lokal ng Taguig",
        "confidence": 1,
        "verified": true,
        "uncertainty_radius_m": 80,
        "needs_review": false,
        "review_reason": ""
      },
      "geometry": {
        "type": "Point",
        "coordinates": [
          121.0711838,
          14.5265194
        ]
      }
    },
    {
      "type": "Feature",
      "properties": {
        "name": "USUSAN ELEMENTARY SCHOOL",
        "barangay_input": "USUSAN",
        "barangay_resolved": "Ususan",
        "municipality_input": "Taguig City",
        "facility_type": "SCHOOL",
        "facility_status": "TEMPORARY",
        "geocode_provider": "osm",
        "geocode_query": "OSM:Ususan Elementary School",
        "confidence": 1,
        "verified": true,
        "uncertainty_radius_m": 80,
        "needs_review": false,
        "review_reason": ""
      },
      "geometry": {
        "type": "Point",
        "coordinates": [
          121.0671192,
          14.5344815
        ]
      }
    },
    {
      "type": "Feature",
      "properties": {
        "name": "CAYETANO SCIENCE HIGH SCHOOL",
        "barangay_input": "USUSAN",
        "barangay_resolved": "Ususan",
        "municipality_input": "Taguig City",
        "facility_type": "SCHOOL",
        "facility_status": "TEMPORARY",
        "geocode_provider": "osm",
        "geocode_query": "OSM:Senator Renato \"Compañero\" Cayetano Memorial Science and Technology High School",
        "confidence": 1,
        "verified": true,
        "uncertainty_radius_m": 80,
        "needs_review": false,
        "review_reason": ""
      },
      "geometry": {
        "type": "Point",
        "coordinates": [
          121.0613637,
          14.5256198
        ]
      }
    },
    {
      "type": "Feature",
      "properties": {
        "name": "EUSEBIO ELEMENTARY SCHOOL",
        "barangay_input": "WAWA",
        "barangay_resolved": "Wawa",
        "municipality_input": "Taguig City",
        "facility_type": "SCHOOL",
        "facility_status": "TEMPORARY",
        "geocode_provider": "osm",
        "geocode_query": "OSM:Eusebio C. Santos Elementary School",
        "confidence": 1,
        "verified": true,
        "uncertainty_radius_m": 80,
        "needs_review": false,
        "review_reason": ""
      },
      "geometry": {
        "type": "Point",
        "coordinates": [
          121.0735618,
          14.5199883
        ]
      }
    },
    {
      "type": "Feature",
      "properties": {
        "name": "TAGUIG SCIENCE HIGH SCHOOL",
        "barangay_input": "WAWA",
        "barangay_resolved": "Wawa",
        "municipality_input": "Taguig City",
        "facility_type": "SCHOOL",
        "facility_status": "TEMPORARY",
        "geocode_provider": "osm",
        "geocode_query": "OSM:Taguig Science High School",
        "confidence": 1,
        "verified": true,
        "uncertainty_radius_m": 80,
        "needs_review": false,
        "review_reason": ""
      },
      "geometry": {
        "type": "Point",
        "coordinates": [
          121.0736123,
          14.5204727
        ]
      }
    },
    {
      "type": "Feature",
      "properties": {
        "name": "GAT ANDRES BONIFACIO ELEMENTARY SCHOOL",
        "barangay_input": "FORT BONIFACIO",
        "barangay_resolved": "Fort Bonifacio",
        "municipality_input": "Taguig City",
        "facility_type": "SCHOOL",
        "facility_status": "TEMPORARY",
        "geocode_provider": "osm",
        "geocode_query": "OSM:Gat Andres Bonifacio Elmentary School",
        "confidence": 1,
        "verified": true,
        "uncertainty_radius_m": 80,
        "needs_review": false,
        "review_reason": ""
      },
      "geometry": {
        "type": "Point",
        "coordinates": [
          121.0240994,
          14.5297876
        ]
      }
    },
    {
      "type": "Feature",
      "properties": {
        "name": "KAPITAN EDDIE T. REYES INTEGRATED SCHOOL",
        "barangay_input": "PINAGSAMA",
        "barangay_resolved": "Pinagsama",
        "municipality_input": "Taguig City",
        "facility_type": "SCHOOL",
        "facility_status": "TEMPORARY",
        "geocode_provider": "osm",
        "geocode_query": "OSM:Kapitan Eddie T. Reyes Integrated School",
        "confidence": 1,
        "verified": true,
        "uncertainty_radius_m": 80,
        "needs_review": false,
        "review_reason": ""
      },
      "geometry": {
        "type": "Point",
        "coordinates": [
          121.0571788,
          14.524004
        ]
      }
    },
    {
      "type": "Feature",
      "properties": {
        "name": "TENEMENT ELEMENTARY SCHOOL",
        "barangay_input": "WESTERN BICUTAN",
        "barangay_resolved": "Western Bicutan",
        "municipality_input": "Taguig City",
        "facility_type": "SCHOOL",
        "facility_status": "TEMPORARY",
        "geocode_provider": "osm",
        "geocode_query": "OSM:Tenement Elementary School",
        "confidence": 1,
        "verified": true,
        "uncertainty_radius_m": 80,
        "needs_review": false,
        "review_reason": ""
      },
      "geometry": {
        "type": "Point",
        "coordinates": [
          121.0381432,
          14.5088166
        ]
      }
    },
    {
      "type": "Feature",
      "properties": {
        "name": "CARDONES ELEMENTARY SCHOOL",
        "barangay_input": "SOUTH SIGNAL",
        "barangay_resolved": null,
        "municipality_input": "Taguig City",
        "facility_type": "SCHOOL",
        "facility_status": "TEMPORARY",
        "geocode_provider": "nominatim",
        "geocode_query": "CARDONES ELEMENTARY SCHOOL, SOUTH SIGNAL, TAGUIG",
        "confidence": 0.4,
        "verified": false,
        "uncertainty_radius_m": null,
        "needs_review": true,
        "review_reason": "unverified_location"
      },
      "geometry": null
    },
    {
      "type": "Feature",
      "properties": {
        "name": "EM'S ELEMENTARY SCHOOL",
        "barangay_input": "CENTRAL SIGNAL",
        "barangay_resolved": null,
        "municipality_input": "Taguig City",
        "facility_type": "SCHOOL",
        "facility_status": "TEMPORARY",
        "geocode_provider": "geoapify",
        "geocode_query": "EM'S, TAGUIG",
        "confidence": 1,
        "verified": true,
        "uncertainty_radius_m": 50,
        "needs_review": false,
        "review_reason": "Manually verified & pinned by user",
        "triangulated": true
      },
      "geometry": {
        "type": "Point",
        "coordinates": [
          121.05740948655681,
          14.51147617770026
        ]
      }
    },
    {
      "type": "Feature",
      "properties": {
        "name": "PLAZA 10 COVERED COURT",
        "barangay_input": "NORTH SIGNAL",
        "barangay_resolved": null,
        "municipality_input": "Taguig City",
        "facility_type": "GYM/SPORTS FACILITY",
        "facility_status": "TEMPORARY",
        "geocode_provider": "nominatim",
        "geocode_query": "PLAZA 10 COVERED COURT, NORTH SIGNAL, TAGUIG",
        "confidence": 0.4,
        "verified": false,
        "uncertainty_radius_m": null,
        "needs_review": true,
        "review_reason": "unverified_location"
      },
      "geometry": null
    },
    {
      "type": "Feature",
      "properties": {
        "name": "DIOSDADO MACAPAGAL HIGH SCHOOL",
        "barangay_input": "KATUPARAN",
        "barangay_resolved": "Katuparan",
        "municipality_input": "Taguig City",
        "facility_type": "SCHOOL",
        "facility_status": "TEMPORARY",
        "geocode_provider": "osm",
        "geocode_query": "OSM:President Diosdado Macapagal National High School",
        "confidence": 1,
        "verified": true,
        "uncertainty_radius_m": 80,
        "needs_review": false,
        "review_reason": ""
      },
      "geometry": {
        "type": "Point",
        "coordinates": [
          121.0578859,
          14.5215023
        ]
      }
    },
    {
      "type": "Feature",
      "properties": {
        "name": "MAHARLIKA INTEGRATED SCHOOL",
        "barangay_input": "MAHARLIKA",
        "barangay_resolved": null,
        "municipality_input": "Taguig City",
        "facility_type": "SCHOOL",
        "facility_status": "TEMPORARY",
        "geocode_provider": "nominatim",
        "geocode_query": "MAHARLIKA INTEGRATED SCHOOL, MAHARLIKA, TAGUIG",
        "confidence": 0.4,
        "verified": false,
        "uncertainty_radius_m": null,
        "needs_review": true,
        "review_reason": "unverified_location"
      },
      "geometry": null
    },
    {
      "type": "Feature",
      "properties": {
        "name": "CENTRAL BICUTAN COVERED COURT",
        "barangay_input": "CENTRAL BICUTAN",
        "barangay_resolved": "Central Bicutan",
        "municipality_input": "Taguig City",
        "facility_type": "GYM/SPORTS FACILITY",
        "facility_status": "TEMPORARY",
        "geocode_provider": "osm",
        "geocode_query": "OSM:pitch",
        "confidence": 1,
        "verified": true,
        "uncertainty_radius_m": 80,
        "needs_review": false,
        "review_reason": ""
      },
      "geometry": {
        "type": "Point",
        "coordinates": [
          121.05607881194557,
          14.493745671568474
        ]
      }
    },
    {
      "type": "Feature",
      "properties": {
        "name": "SILANGAN ELEMENTARY SCHOOL",
        "barangay_input": "UPPER BICUTAN",
        "barangay_resolved": "Upper Bicutan",
        "municipality_input": "Taguig City",
        "facility_type": "SCHOOL",
        "facility_status": "TEMPORARY",
        "geocode_provider": "osm",
        "geocode_query": "OSM:Silangan Elementary School",
        "confidence": 1,
        "verified": true,
        "uncertainty_radius_m": 80,
        "needs_review": false,
        "review_reason": ""
      },
      "geometry": {
        "type": "Point",
        "coordinates": [
          121.0504208,
          14.5015215
        ]
      }
    },
    {
      "type": "Feature",
      "properties": {
        "name": "NORTH DAANG HARI ELEMENTARY SCHOOL",
        "barangay_input": "NORTH DAANG HARI",
        "barangay_resolved": "North Daang Hari",
        "municipality_input": "Taguig City",
        "facility_type": "SCHOOL",
        "facility_status": "TEMPORARY",
        "geocode_provider": "osm",
        "geocode_query": "OSM:Daanghari Elementary School",
        "confidence": 1,
        "verified": true,
        "uncertainty_radius_m": 80,
        "needs_review": false,
        "review_reason": ""
      },
      "geometry": {
        "type": "Point",
        "coordinates": [
          121.0474967,
          14.4865847
        ]
      }
    },
    {
      "type": "Feature",
      "properties": {
        "name": "BAGONG TANYAG ELEMENTARY SCHOOL (ANNEX A & B)",
        "barangay_input": "SOUTH DAANG HARI",
        "barangay_resolved": "South Daang Hari",
        "municipality_input": "Taguig City",
        "facility_type": "SCHOOL",
        "facility_status": "TEMPORARY",
        "geocode_provider": "osm",
        "geocode_query": "OSM:Bagong Tanyag Elementary School – Annex A",
        "confidence": 1,
        "verified": true,
        "uncertainty_radius_m": 80,
        "needs_review": false,
        "review_reason": ""
      },
      "geometry": {
        "type": "Point",
        "coordinates": [
          121.0510063,
          14.4666497
        ]
      }
    },
    {
      "type": "Feature",
      "properties": {
        "name": "DAY CARE CENTER",
        "barangay_input": "SOUTH DAANG HARI",
        "barangay_resolved": "South Daang Hari",
        "municipality_input": "Taguig City",
        "facility_type": "DAY CARE CENTER",
        "facility_status": "TEMPORARY",
        "geocode_provider": "osm",
        "geocode_query": "OSM:Barangay South Daang Hari",
        "confidence": 1,
        "verified": true,
        "uncertainty_radius_m": 80,
        "needs_review": false,
        "review_reason": ""
      },
      "geometry": {
        "type": "Point",
        "coordinates": [
          121.0486517,
          14.4714643
        ]
      }
    },
    {
      "type": "Feature",
      "properties": {
        "name": "BAGONG TANYAG INTEGRATED SCHOOL",
        "barangay_input": "TANYAG",
        "barangay_resolved": "Tanyag",
        "municipality_input": "Taguig City",
        "facility_type": "SCHOOL",
        "facility_status": "TEMPORARY",
        "geocode_provider": "osm",
        "geocode_query": "OSM:Bagong Tanyag Integrated School",
        "confidence": 1,
        "verified": true,
        "uncertainty_radius_m": 80,
        "needs_review": false,
        "review_reason": ""
      },
      "geometry": {
        "type": "Point",
        "coordinates": [
          121.0470521,
          14.4795705
        ]
      }
    },
    {
      "type": "Feature",
      "properties": {
        "name": "NIUGAN CHAPEL",
        "barangay_input": "BARANGAY NIUGAN",
        "barangay_resolved": "Niugan",
        "municipality_input": "City of Malabon",
        "facility_type": "RELIGIOUS FACILITY",
        "facility_status": "TEMPORARY",
        "geocode_provider": "mapbox",
        "geocode_query": "NIUGAN CHAPEL, NIUGAN, MALABON",
        "confidence": 1,
        "verified": false,
        "uncertainty_radius_m": 50,
        "needs_review": false,
        "review_reason": "Manually verified & pinned by user",
        "triangulated": true
      },
      "geometry": {
        "type": "Point",
        "coordinates": [
          120.95535278320314,
          14.667820604011032
        ]
      }
    },
    {
      "type": "Feature",
      "properties": {
        "name": "Acacia Elementary School",
        "barangay_input": "Acacia",
        "barangay_resolved": "Acacia",
        "municipality_input": "City of Malabon",
        "facility_type": "SCHOOL",
        "facility_status": "TEMPORARY",
        "geocode_provider": "osm",
        "geocode_query": "OSM:Acacia Elementary School",
        "confidence": 1,
        "verified": true,
        "uncertainty_radius_m": 80,
        "needs_review": false,
        "review_reason": ""
      },
      "geometry": {
        "type": "Point",
        "coordinates": [
          120.9688185,
          14.6674482
        ]
      }
    },
    {
      "type": "Feature",
      "properties": {
        "name": "Barangay Hall",
        "barangay_input": "Acacia",
        "barangay_resolved": "Acacia",
        "municipality_input": "City of Malabon",
        "facility_type": "BARANGAY HALL FACILITY",
        "facility_status": "TEMPORARY",
        "geocode_provider": "geoapify",
        "geocode_query": "Acacia Barangay Hall, MALABON",
        "confidence": 0.75,
        "verified": true,
        "uncertainty_radius_m": 350,
        "needs_review": false,
        "review_reason": ""
      },
      "geometry": {
        "type": "Point",
        "coordinates": [
          120.9648731,
          14.6702106
        ]
      }
    },
    {
      "type": "Feature",
      "properties": {
        "name": "Amang Rodriguez Elem School",
        "barangay_input": "Baritan",
        "barangay_resolved": "Baritan",
        "municipality_input": "City of Malabon",
        "facility_type": "SCHOOL",
        "facility_status": "TEMPORARY",
        "geocode_provider": "osm",
        "geocode_query": "OSM:Amang Rodriguez Elementary School",
        "confidence": 1,
        "verified": true,
        "uncertainty_radius_m": 80,
        "needs_review": false,
        "review_reason": ""
      },
      "geometry": {
        "type": "Point",
        "coordinates": [
          120.9491617,
          14.6717404
        ]
      }
    },
    {
      "type": "Feature",
      "properties": {
        "name": "Javier Day Care Center",
        "barangay_input": "Baritan",
        "barangay_resolved": "Baritan",
        "municipality_input": "City of Malabon",
        "facility_type": "DAY CARE CENTER",
        "facility_status": "TEMPORARY",
        "geocode_provider": "mapbox",
        "geocode_query": "Javier Day Care Center, Baritan, MALABON",
        "confidence": 0.4,
        "verified": false,
        "uncertainty_radius_m": 332,
        "needs_review": true,
        "review_reason": "unverified_location"
      },
      "geometry": {
        "type": "Point",
        "coordinates": [
          120.946891,
          14.671847
        ]
      }
    },
    {
      "type": "Feature",
      "properties": {
        "name": "Multi-purpose Hall",
        "barangay_input": "Bayan-Bayanan",
        "barangay_resolved": "Bayan-bayanan",
        "municipality_input": "City of Malabon",
        "facility_type": "MULTI-PURPOSE BUILDING",
        "facility_status": "PERMANENT",
        "geocode_provider": "osm",
        "geocode_query": "OSM:Baritan Sports Complex",
        "confidence": 1,
        "verified": true,
        "uncertainty_radius_m": 80,
        "needs_review": false,
        "review_reason": ""
      },
      "geometry": {
        "type": "Point",
        "coordinates": [
          120.9469811,
          14.6734256
        ]
      }
    },
    {
      "type": "Feature",
      "properties": {
        "name": "Barangay Hall",
        "barangay_input": "Bayan-Bayanan",
        "barangay_resolved": "Bayan-bayanan",
        "municipality_input": "City of Malabon",
        "facility_type": "BARANGAY HALL FACILITY",
        "facility_status": "TEMPORARY",
        "geocode_provider": "nominatim",
        "geocode_query": "Bayan Bayanan Barangay Hall, MALABON",
        "confidence": 0.85,
        "verified": true,
        "uncertainty_radius_m": 150,
        "needs_review": false,
        "review_reason": ""
      },
      "geometry": {
        "type": "Point",
        "coordinates": [
          120.9441746,
          14.6764953
        ]
      }
    },
    {
      "type": "Feature",
      "properties": {
        "name": "Celia 2 Covered Court",
        "barangay_input": "Bayan-Bayanan",
        "barangay_resolved": "Bayan-bayanan",
        "municipality_input": "City of Malabon",
        "facility_type": "GYM/SPORTS FACILITY",
        "facility_status": "TEMPORARY",
        "geocode_provider": "mapbox",
        "geocode_query": "Celia 2 Covered Court, Bayan Bayanan, MALABON",
        "confidence": 1,
        "verified": false,
        "uncertainty_radius_m": 50,
        "needs_review": false,
        "review_reason": "Manually verified & pinned by user",
        "triangulated": true
      },
      "geometry": {
        "type": "Point",
        "coordinates": [
          120.94533741474153,
          14.675310113560313
        ]
      }
    },
    {
      "type": "Feature",
      "properties": {
        "name": "San Roque Chapel",
        "barangay_input": "Bayan-Bayanan",
        "barangay_resolved": "Bayan-bayanan",
        "municipality_input": "City of Malabon",
        "facility_type": "RELIGIOUS FACILITY",
        "facility_status": "TEMPORARY",
        "geocode_provider": "mapbox",
        "geocode_query": "San Roque Chapel, Bayan Bayanan, MALABON",
        "confidence": 1,
        "verified": false,
        "uncertainty_radius_m": 50,
        "needs_review": false,
        "review_reason": "Manually verified & pinned by user",
        "triangulated": true
      },
      "geometry": {
        "type": "Point",
        "coordinates": [
          120.9447365999222,
          14.674897765636523
        ]
      }
    },
    {
      "type": "Feature",
      "properties": {
        "name": "Malabon Elementary School",
        "barangay_input": "Bayan-Bayanan",
        "barangay_resolved": "Bayan-bayanan",
        "municipality_input": "City of Malabon",
        "facility_type": "SCHOOL",
        "facility_status": "TEMPORARY",
        "geocode_provider": "nominatim",
        "geocode_query": "Malabon Elementary School, MALABON",
        "confidence": 0.75,
        "verified": true,
        "uncertainty_radius_m": 350,
        "needs_review": false,
        "review_reason": ""
      },
      "geometry": {
        "type": "Point",
        "coordinates": [
          120.9409274,
          14.6772038
        ]
      }
    },
    {
      "type": "Feature",
      "properties": {
        "name": "Malabon National High School",
        "barangay_input": "Bayan-Bayanan",
        "barangay_resolved": "Bayan-bayanan",
        "municipality_input": "City of Malabon",
        "facility_type": "SCHOOL",
        "facility_status": "TEMPORARY",
        "geocode_provider": "nominatim",
        "geocode_query": "Malabon National High School, MALABON",
        "confidence": 0.75,
        "verified": true,
        "uncertainty_radius_m": 350,
        "needs_review": false,
        "review_reason": ""
      },
      "geometry": {
        "type": "Point",
        "coordinates": [
          120.9419182,
          14.6771062
        ]
      }
    },
    {
      "type": "Feature",
      "properties": {
        "name": "Barangay Hall",
        "barangay_input": "Catmon",
        "barangay_resolved": "Catmon",
        "municipality_input": "City of Malabon",
        "facility_type": "BARANGAY HALL FACILITY",
        "facility_status": "TEMPORARY",
        "geocode_provider": "osm",
        "geocode_query": "OSM:Sangguniang Pambarangay ng Catmon",
        "confidence": 1,
        "verified": true,
        "uncertainty_radius_m": 80,
        "needs_review": false,
        "review_reason": ""
      },
      "geometry": {
        "type": "Point",
        "coordinates": [
          120.9599984,
          14.6710053
        ]
      }
    },
    {
      "type": "Feature",
      "properties": {
        "name": "Catmon Integrated School",
        "barangay_input": "Catmon",
        "barangay_resolved": "Catmon",
        "municipality_input": "City of Malabon",
        "facility_type": "SCHOOL",
        "facility_status": "TEMPORARY",
        "geocode_provider": "osm",
        "geocode_query": "OSM:Catmon Integrated School",
        "confidence": 1,
        "verified": true,
        "uncertainty_radius_m": 80,
        "needs_review": false,
        "review_reason": ""
      },
      "geometry": {
        "type": "Point",
        "coordinates": [
          120.9622327,
          14.6648187
        ]
      }
    },
    {
      "type": "Feature",
      "properties": {
        "name": "BJMP",
        "barangay_input": "Catmon",
        "barangay_resolved": "Catmon",
        "municipality_input": "City of Malabon",
        "facility_type": "MUNICIPAL BUILDING AND FACILITY",
        "facility_status": "TEMPORARY",
        "geocode_provider": "mapbox",
        "geocode_query": "Bureau of Jail Management and Penology, Catmon, MALABON",
        "confidence": 1,
        "verified": false,
        "uncertainty_radius_m": 50,
        "needs_review": false,
        "review_reason": "Manually verified & pinned by user",
        "triangulated": true
      },
      "geometry": {
        "type": "Point",
        "coordinates": [
          120.96021026372911,
          14.67122591852778
        ]
      }
    },
    {
      "type": "Feature",
      "properties": {
        "name": "Gabriel Compound",
        "barangay_input": "Catmon",
        "barangay_resolved": "Catmon",
        "municipality_input": "City of Malabon",
        "facility_type": "PRIVATE AND RESIDENCIAL",
        "facility_status": "TEMPORARY",
        "geocode_provider": "mapbox",
        "geocode_query": "Gabriel Compound, Catmon, MALABON",
        "confidence": 0.8,
        "verified": true,
        "uncertainty_radius_m": 300,
        "needs_review": false,
        "review_reason": ""
      },
      "geometry": {
        "type": "Point",
        "coordinates": [
          120.957178,
          14.663276
        ]
      }
    },
    {
      "type": "Feature",
      "properties": {
        "name": "STKKC Multi-purpose hall",
        "barangay_input": "Catmon",
        "barangay_resolved": "Catmon",
        "municipality_input": "City of Malabon",
        "facility_type": "MULTI-PURPOSE BUILDING",
        "facility_status": "PERMANENT",
        "geocode_provider": "geoapify",
        "geocode_query": "STKKC Multi-purpose hall, MALABON",
        "confidence": 0.85,
        "verified": true,
        "uncertainty_radius_m": 150,
        "needs_review": false,
        "review_reason": ""
      },
      "geometry": {
        "type": "Point",
        "coordinates": [
          120.9605914,
          14.6710253
        ]
      }
    },
    {
      "type": "Feature",
      "properties": {
        "name": "Concepcion Elementary School",
        "barangay_input": "Concepcion",
        "barangay_resolved": "Concepcion",
        "municipality_input": "City of Malabon",
        "facility_type": "SCHOOL",
        "facility_status": "TEMPORARY",
        "geocode_provider": "osm",
        "geocode_query": "OSM:Concepcion Elementary School",
        "confidence": 1,
        "verified": true,
        "uncertainty_radius_m": 80,
        "needs_review": false,
        "review_reason": ""
      },
      "geometry": {
        "type": "Point",
        "coordinates": [
          120.9497004,
          14.667958
        ]
      }
    },
    {
      "type": "Feature",
      "properties": {
        "name": "Concepcion Voc Tech Annex",
        "barangay_input": "Concepcion",
        "barangay_resolved": "Concepcion",
        "municipality_input": "City of Malabon",
        "facility_type": "SCHOOL",
        "facility_status": "TEMPORARY",
        "geocode_provider": "nominatim",
        "geocode_query": "Concepcion Vocational Technical Annex, Concepcion, MALABON",
        "confidence": 0.85,
        "verified": true,
        "uncertainty_radius_m": 150,
        "needs_review": false,
        "review_reason": ""
      },
      "geometry": {
        "type": "Point",
        "coordinates": [
          120.9494344,
          14.6676645
        ]
      }
    },
    {
      "type": "Feature",
      "properties": {
        "name": "Concepcion Covered Court",
        "barangay_input": "Concepcion",
        "barangay_resolved": "Concepcion",
        "municipality_input": "City of Malabon",
        "facility_type": "GYM/SPORTS FACILITY",
        "facility_status": "TEMPORARY",
        "geocode_provider": "osm",
        "geocode_query": "OSM:Concepcion Basketball Court",
        "confidence": 1,
        "verified": true,
        "uncertainty_radius_m": 80,
        "needs_review": false,
        "review_reason": ""
      },
      "geometry": {
        "type": "Point",
        "coordinates": [
          120.946883,
          14.668735
        ]
      }
    },
    {
      "type": "Feature",
      "properties": {
        "name": "Dampalit Elementary School Main",
        "barangay_input": "Dampalit",
        "barangay_resolved": "Dampalit",
        "municipality_input": "City of Malabon",
        "facility_type": "SCHOOL",
        "facility_status": "TEMPORARY",
        "geocode_provider": "osm",
        "geocode_query": "OSM:Dampalit Elementary School I",
        "confidence": 1,
        "verified": true,
        "uncertainty_radius_m": 80,
        "needs_review": false,
        "review_reason": ""
      },
      "geometry": {
        "type": "Point",
        "coordinates": [
          120.9403545,
          14.6893616
        ]
      }
    },
    {
      "type": "Feature",
      "properties": {
        "name": "Dampalit Elementary School",
        "barangay_input": "Dampalit",
        "barangay_resolved": "Dampalit",
        "municipality_input": "City of Malabon",
        "facility_type": "SCHOOL",
        "facility_status": "TEMPORARY",
        "geocode_provider": "osm",
        "geocode_query": "OSM:Dampalit Elementary School I",
        "confidence": 1,
        "verified": true,
        "uncertainty_radius_m": 80,
        "needs_review": false,
        "review_reason": ""
      },
      "geometry": {
        "type": "Point",
        "coordinates": [
          120.9403545,
          14.6893616
        ]
      }
    },
    {
      "type": "Feature",
      "properties": {
        "name": "Dampalit Barangay Hall",
        "barangay_input": "Dampalit",
        "barangay_resolved": "Dampalit",
        "municipality_input": "City of Malabon",
        "facility_type": "BARANGAY HALL FACILITY",
        "facility_status": "TEMPORARY",
        "geocode_provider": "osm",
        "geocode_query": "OSM:Dampalit Barangay Hall",
        "confidence": 1,
        "verified": true,
        "uncertainty_radius_m": 80,
        "needs_review": false,
        "review_reason": ""
      },
      "geometry": {
        "type": "Point",
        "coordinates": [
          120.9341687,
          14.693
        ]
      }
    },
    {
      "type": "Feature",
      "properties": {
        "name": "Barangay Hall",
        "barangay_input": "Flores",
        "barangay_resolved": "Flores",
        "municipality_input": "City of Malabon",
        "facility_type": "BARANGAY HALL FACILITY",
        "facility_status": "TEMPORARY",
        "geocode_provider": "mapbox",
        "geocode_query": "Flores Barangay Hall, MALABON",
        "confidence": 0.4,
        "verified": false,
        "uncertainty_radius_m": 202,
        "needs_review": true,
        "review_reason": "unverified_location"
      },
      "geometry": {
        "type": "Point",
        "coordinates": [
          120.94284832477571,
          14.674975216963261
        ]
      }
    },
    {
      "type": "Feature",
      "properties": {
        "name": "Barangay Covered Court",
        "barangay_input": "Flores",
        "barangay_resolved": "Flores",
        "municipality_input": "City of Malabon",
        "facility_type": "GYM/SPORTS FACILITY",
        "facility_status": "TEMPORARY",
        "geocode_provider": "osm",
        "geocode_query": "OSM:sports_hall",
        "confidence": 1,
        "verified": true,
        "uncertainty_radius_m": 80,
        "needs_review": false,
        "review_reason": ""
      },
      "geometry": {
        "type": "Point",
        "coordinates": [
          120.9423629,
          14.6763146
        ]
      }
    },
    {
      "type": "Feature",
      "properties": {
        "name": "Malabon National High School",
        "barangay_input": "Hulong Duhat",
        "barangay_resolved": "Hulong Duhat",
        "municipality_input": "City of Malabon",
        "facility_type": "SCHOOL",
        "facility_status": "TEMPORARY",
        "geocode_provider": "osm",
        "geocode_query": "OSM:Malabon National High School",
        "confidence": 1,
        "verified": true,
        "uncertainty_radius_m": 80,
        "needs_review": false,
        "review_reason": ""
      },
      "geometry": {
        "type": "Point",
        "coordinates": [
          120.9419082,
          14.6770883
        ]
      }
    },
    {
      "type": "Feature",
      "properties": {
        "name": "Malabon Elementary School",
        "barangay_input": "Hulong Duhat",
        "barangay_resolved": "Hulong Duhat",
        "municipality_input": "City of Malabon",
        "facility_type": "SCHOOL",
        "facility_status": "TEMPORARY",
        "geocode_provider": "osm",
        "geocode_query": "OSM:Malabon Elementary School",
        "confidence": 1,
        "verified": true,
        "uncertainty_radius_m": 80,
        "needs_review": false,
        "review_reason": ""
      },
      "geometry": {
        "type": "Point",
        "coordinates": [
          120.9409946,
          14.6769539
        ]
      }
    },
    {
      "type": "Feature",
      "properties": {
        "name": "Santiago Syjuco Elementary School",
        "barangay_input": "Ibaba",
        "barangay_resolved": "Ibaba",
        "municipality_input": "City of Malabon",
        "facility_type": "SCHOOL",
        "facility_status": "TEMPORARY",
        "geocode_provider": "osm",
        "geocode_query": "OSM:Santiago Syjuco Memorial School",
        "confidence": 1,
        "verified": true,
        "uncertainty_radius_m": 80,
        "needs_review": false,
        "review_reason": ""
      },
      "geometry": {
        "type": "Point",
        "coordinates": [
          120.9505784,
          14.6656992
        ]
      }
    },
    {
      "type": "Feature",
      "properties": {
        "name": "Ibaba Multi-Purpose Hall",
        "barangay_input": "Ibaba",
        "barangay_resolved": "Ibaba",
        "municipality_input": "City of Malabon",
        "facility_type": "MULTI-PURPOSE BUILDING",
        "facility_status": "PERMANENT",
        "geocode_provider": "mapbox",
        "geocode_query": "Ibaba Multi-Purpose Hall, MALABON",
        "confidence": 1,
        "verified": false,
        "uncertainty_radius_m": 50,
        "needs_review": false,
        "review_reason": "Manually verified & pinned by user",
        "triangulated": true
      },
      "geometry": {
        "type": "Point",
        "coordinates": [
          120.950258,
          14.664432
        ]
      }
    },
    {
      "type": "Feature",
      "properties": {
        "name": "Longos Elementary School",
        "barangay_input": "Longos",
        "barangay_resolved": "Longos",
        "municipality_input": "City of Malabon",
        "facility_type": "SCHOOL",
        "facility_status": "TEMPORARY",
        "geocode_provider": "osm",
        "geocode_query": "OSM:Longos Elementary School",
        "confidence": 1,
        "verified": true,
        "uncertainty_radius_m": 80,
        "needs_review": false,
        "review_reason": ""
      },
      "geometry": {
        "type": "Point",
        "coordinates": [
          120.9573399,
          14.6552934
        ]
      }
    },
    {
      "type": "Feature",
      "properties": {
        "name": "Imelda Elementary School",
        "barangay_input": "Longos",
        "barangay_resolved": "Longos",
        "municipality_input": "City of Malabon",
        "facility_type": "SCHOOL",
        "facility_status": "TEMPORARY",
        "geocode_provider": "osm",
        "geocode_query": "OSM:Imelda Elementary School",
        "confidence": 1,
        "verified": true,
        "uncertainty_radius_m": 80,
        "needs_review": false,
        "review_reason": ""
      },
      "geometry": {
        "type": "Point",
        "coordinates": [
          120.9612824,
          14.648074
        ]
      }
    },
    {
      "type": "Feature",
      "properties": {
        "name": "Longos National High School",
        "barangay_input": "Longos",
        "barangay_resolved": "Longos",
        "municipality_input": "City of Malabon",
        "facility_type": "SCHOOL",
        "facility_status": "TEMPORARY",
        "geocode_provider": "osm",
        "geocode_query": "OSM:Longos National High School",
        "confidence": 1,
        "verified": true,
        "uncertainty_radius_m": 80,
        "needs_review": false,
        "review_reason": ""
      },
      "geometry": {
        "type": "Point",
        "coordinates": [
          120.9611494,
          14.6548099
        ]
      }
    },
    {
      "type": "Feature",
      "properties": {
        "name": "City of Malabon University",
        "barangay_input": "Longos",
        "barangay_resolved": "Longos",
        "municipality_input": "City of Malabon",
        "facility_type": "SCHOOL",
        "facility_status": "TEMPORARY",
        "geocode_provider": "nominatim",
        "geocode_query": "City of Malabon University, Longos, MALABON",
        "confidence": 0.85,
        "verified": true,
        "uncertainty_radius_m": 150,
        "needs_review": false,
        "review_reason": ""
      },
      "geometry": {
        "type": "Point",
        "coordinates": [
          120.9601897,
          14.6538484
        ]
      }
    },
    {
      "type": "Feature",
      "properties": {
        "name": "Barangay Covered Court",
        "barangay_input": "Longos",
        "barangay_resolved": "Longos",
        "municipality_input": "City of Malabon",
        "facility_type": "GYM/SPORTS FACILITY",
        "facility_status": "TEMPORARY",
        "geocode_provider": "osm",
        "geocode_query": "OSM:pitch",
        "confidence": 1,
        "verified": true,
        "uncertainty_radius_m": 80,
        "needs_review": false,
        "review_reason": ""
      },
      "geometry": {
        "type": "Point",
        "coordinates": [
          120.9593533,
          14.6538919
        ]
      }
    },
    {
      "type": "Feature",
      "properties": {
        "name": "Barangay Daycare Center",
        "barangay_input": "Maysilo",
        "barangay_resolved": "Maysilo",
        "municipality_input": "City of Malabon",
        "facility_type": "DAY CARE CENTER",
        "facility_status": "TEMPORARY",
        "geocode_provider": "mapbox",
        "geocode_query": "Barangay Daycare Center, Maysilo, MALABON",
        "confidence": 1,
        "verified": false,
        "uncertainty_radius_m": 50,
        "needs_review": false,
        "review_reason": "Manually verified & pinned by user",
        "triangulated": true
      },
      "geometry": {
        "type": "Point",
        "coordinates": [
          120.96021294593812,
          14.681618594410748
        ]
      }
    },
    {
      "type": "Feature",
      "properties": {
        "name": "Maysilo Elementary School",
        "barangay_input": "Maysilo",
        "barangay_resolved": "Maysilo",
        "municipality_input": "City of Malabon",
        "facility_type": "SCHOOL",
        "facility_status": "TEMPORARY",
        "geocode_provider": "osm",
        "geocode_query": "OSM:Maysilo Elementary School",
        "confidence": 1,
        "verified": true,
        "uncertainty_radius_m": 80,
        "needs_review": false,
        "review_reason": ""
      },
      "geometry": {
        "type": "Point",
        "coordinates": [
          120.9607106,
          14.67732
        ]
      }
    },
    {
      "type": "Feature",
      "properties": {
        "name": "IglesiaEdificada",
        "barangay_input": "Maysilo",
        "barangay_resolved": "Maysilo",
        "municipality_input": "City of Malabon",
        "facility_type": "RELIGIOUS FACILITY",
        "facility_status": "TEMPORARY",
        "geocode_provider": "mapbox",
        "geocode_query": "IglesiaEdificada, Maysilo, MALABON",
        "confidence": 1,
        "verified": false,
        "uncertainty_radius_m": 50,
        "needs_review": false,
        "review_reason": "Manually verified & pinned by user",
        "triangulated": true
      },
      "geometry": {
        "type": "Point",
        "coordinates": [
          120.96054017543793,
          14.681552808099756
        ]
      }
    },
    {
      "type": "Feature",
      "properties": {
        "name": "Knights of Columbus Office",
        "barangay_input": "Maysilo",
        "barangay_resolved": "Maysilo",
        "municipality_input": "City of Malabon",
        "facility_type": "RELIGIOUS FACILITY",
        "facility_status": "TEMPORARY",
        "geocode_provider": "mapbox",
        "geocode_query": "Knights of Columbus Office, Maysilo, MALABON",
        "confidence": 1,
        "verified": false,
        "uncertainty_radius_m": 50,
        "needs_review": false,
        "review_reason": "Manually verified & pinned by user",
        "triangulated": true
      },
      "geometry": {
        "type": "Point",
        "coordinates": [
          120.96202075481416,
          14.679289718996971
        ]
      }
    },
    {
      "type": "Feature",
      "properties": {
        "name": "Muzon Barangay Hall",
        "barangay_input": "Muzon",
        "barangay_resolved": "Muzon",
        "municipality_input": "City of Malabon",
        "facility_type": "BARANGAY HALL FACILITY",
        "facility_status": "TEMPORARY",
        "geocode_provider": "mapbox",
        "geocode_query": "Muzon Barangay Hall, MALABON",
        "confidence": 1,
        "verified": false,
        "uncertainty_radius_m": 50,
        "needs_review": false,
        "review_reason": "Manually verified & pinned by user",
        "triangulated": true
      },
      "geometry": {
        "type": "Point",
        "coordinates": [
          120.9502297639847,
          14.677420865883498
        ]
      }
    },
    {
      "type": "Feature",
      "properties": {
        "name": "St. John the Baptist Church",
        "barangay_input": "Muzon",
        "barangay_resolved": "Muzon",
        "municipality_input": "City of Malabon",
        "facility_type": "RELIGIOUS FACILITY",
        "facility_status": "TEMPORARY",
        "geocode_provider": "mapbox",
        "geocode_query": "St. John the Baptist Church, Muzon, MALABON",
        "confidence": 1,
        "verified": false,
        "uncertainty_radius_m": 50,
        "needs_review": false,
        "review_reason": "Manually verified & pinned by user",
        "triangulated": true
      },
      "geometry": {
        "type": "Point",
        "coordinates": [
          120.950096,
          14.675093
        ]
      }
    },
    {
      "type": "Feature",
      "properties": {
        "name": "United Methodist Church",
        "barangay_input": "Muzon",
        "barangay_resolved": "Muzon",
        "municipality_input": "City of Malabon",
        "facility_type": "RELIGIOUS FACILITY",
        "facility_status": "TEMPORARY",
        "geocode_provider": "osm",
        "geocode_query": "OSM:United Methodist Church",
        "confidence": 1,
        "verified": true,
        "uncertainty_radius_m": 80,
        "needs_review": false,
        "review_reason": ""
      },
      "geometry": {
        "type": "Point",
        "coordinates": [
          120.9502162,
          14.6754953
        ]
      }
    },
    {
      "type": "Feature",
      "properties": {
        "name": "Muzon Elementary School",
        "barangay_input": "Muzon",
        "barangay_resolved": "Muzon",
        "municipality_input": "City of Malabon",
        "facility_type": "SCHOOL",
        "facility_status": "TEMPORARY",
        "geocode_provider": "osm",
        "geocode_query": "OSM:Muzon Elementary School",
        "confidence": 1,
        "verified": true,
        "uncertainty_radius_m": 80,
        "needs_review": false,
        "review_reason": ""
      },
      "geometry": {
        "type": "Point",
        "coordinates": [
          120.9499679,
          14.6765378
        ]
      }
    },
    {
      "type": "Feature",
      "properties": {
        "name": "Barangay Multi-purpose Hall",
        "barangay_input": "Niugan",
        "barangay_resolved": "Niugan",
        "municipality_input": "City of Malabon",
        "facility_type": "MULTI-PURPOSE BUILDING",
        "facility_status": "PERMANENT",
        "geocode_provider": "geoapify",
        "geocode_query": "Niugan Multi-Purpose Hall, MALABON",
        "confidence": 0.75,
        "verified": true,
        "uncertainty_radius_m": 350,
        "needs_review": false,
        "review_reason": ""
      },
      "geometry": {
        "type": "Point",
        "coordinates": [
          120.9605914,
          14.6710253
        ]
      }
    },
    {
      "type": "Feature",
      "properties": {
        "name": "Niugan Elementary School",
        "barangay_input": "Niugan",
        "barangay_resolved": "Niugan",
        "municipality_input": "City of Malabon",
        "facility_type": "SCHOOL",
        "facility_status": "TEMPORARY",
        "geocode_provider": "osm",
        "geocode_query": "OSM:Niugan Elementary School",
        "confidence": 1,
        "verified": true,
        "uncertainty_radius_m": 80,
        "needs_review": false,
        "review_reason": ""
      },
      "geometry": {
        "type": "Point",
        "coordinates": [
          120.9549423,
          14.6671457
        ]
      }
    },
    {
      "type": "Feature",
      "properties": {
        "name": "Niugan Chapel",
        "barangay_input": "Niugan",
        "barangay_resolved": "Niugan",
        "municipality_input": "City of Malabon",
        "facility_type": "RELIGIOUS FACILITY",
        "facility_status": "TEMPORARY",
        "geocode_provider": "osm",
        "geocode_query": "OSM:Niugan Chapel",
        "confidence": 1,
        "verified": true,
        "uncertainty_radius_m": 80,
        "needs_review": false,
        "review_reason": ""
      },
      "geometry": {
        "type": "Point",
        "coordinates": [
          120.9553473,
          14.6678762
        ]
      }
    },
    {
      "type": "Feature",
      "properties": {
        "name": "Potter and Clay School",
        "barangay_input": "Niugan",
        "barangay_resolved": "Niugan",
        "municipality_input": "City of Malabon",
        "facility_type": "SCHOOL",
        "facility_status": "TEMPORARY",
        "geocode_provider": "osm",
        "geocode_query": "OSM:Potter Clay ang Christian School",
        "confidence": 1,
        "verified": true,
        "uncertainty_radius_m": 80,
        "needs_review": false,
        "review_reason": ""
      },
      "geometry": {
        "type": "Point",
        "coordinates": [
          120.9579983,
          14.6666719
        ]
      }
    },
    {
      "type": "Feature",
      "properties": {
        "name": "Panghulo National High School",
        "barangay_input": "Panghulo",
        "barangay_resolved": "Panghulo",
        "municipality_input": "City of Malabon",
        "facility_type": "SCHOOL",
        "facility_status": "TEMPORARY",
        "geocode_provider": "osm",
        "geocode_query": "OSM:Panghulo National High School",
        "confidence": 1,
        "verified": true,
        "uncertainty_radius_m": 80,
        "needs_review": false,
        "review_reason": ""
      },
      "geometry": {
        "type": "Point",
        "coordinates": [
          120.9542055,
          14.6873116
        ]
      }
    },
    {
      "type": "Feature",
      "properties": {
        "name": "Panghulo Elementary School Main",
        "barangay_input": "Panghulo",
        "barangay_resolved": "Panghulo",
        "municipality_input": "City of Malabon",
        "facility_type": "SCHOOL",
        "facility_status": "TEMPORARY",
        "geocode_provider": "osm",
        "geocode_query": "OSM:Panghulo Elementary School I",
        "confidence": 1,
        "verified": true,
        "uncertainty_radius_m": 80,
        "needs_review": false,
        "review_reason": ""
      },
      "geometry": {
        "type": "Point",
        "coordinates": [
          120.9546979,
          14.6851506
        ]
      }
    },
    {
      "type": "Feature",
      "properties": {
        "name": "Panghulo Elementary School I",
        "barangay_input": "Panghulo",
        "barangay_resolved": "Panghulo",
        "municipality_input": "City of Malabon",
        "facility_type": "SCHOOL",
        "facility_status": "TEMPORARY",
        "geocode_provider": "osm",
        "geocode_query": "OSM:Panghulo Elementary School I",
        "confidence": 1,
        "verified": true,
        "uncertainty_radius_m": 80,
        "needs_review": false,
        "review_reason": ""
      },
      "geometry": {
        "type": "Point",
        "coordinates": [
          120.9546979,
          14.6851506
        ]
      }
    },
    {
      "type": "Feature",
      "properties": {
        "name": "Barangay Hall",
        "barangay_input": "Potrero",
        "barangay_resolved": "Potrero",
        "municipality_input": "City of Malabon",
        "facility_type": "BARANGAY HALL FACILITY",
        "facility_status": "TEMPORARY",
        "geocode_provider": "osm",
        "geocode_query": "OSM:Barangay Potrero Firefighters Squad",
        "confidence": 1,
        "verified": true,
        "uncertainty_radius_m": 80,
        "needs_review": false,
        "review_reason": ""
      },
      "geometry": {
        "type": "Point",
        "coordinates": [
          120.9833767,
          14.6630996
        ]
      }
    },
    {
      "type": "Feature",
      "properties": {
        "name": "Potrero Elementary School",
        "barangay_input": "Potrero",
        "barangay_resolved": "Potrero",
        "municipality_input": "City of Malabon",
        "facility_type": "SCHOOL",
        "facility_status": "TEMPORARY",
        "geocode_provider": "osm",
        "geocode_query": "OSM:Potrero Elementary School",
        "confidence": 1,
        "verified": true,
        "uncertainty_radius_m": 80,
        "needs_review": false,
        "review_reason": ""
      },
      "geometry": {
        "type": "Point",
        "coordinates": [
          120.9837495,
          14.6631367
        ]
      }
    },
    {
      "type": "Feature",
      "properties": {
        "name": "Covered Court",
        "barangay_input": "Potrero",
        "barangay_resolved": "Potrero",
        "municipality_input": "City of Malabon",
        "facility_type": "GYM/SPORTS FACILITY",
        "facility_status": "TEMPORARY",
        "geocode_provider": "osm",
        "geocode_query": "OSM:Buena Park Sports Complex",
        "confidence": 1,
        "verified": true,
        "uncertainty_radius_m": 80,
        "needs_review": false,
        "review_reason": ""
      },
      "geometry": {
        "type": "Point",
        "coordinates": [
          120.976829,
          14.661351
        ]
      }
    },
    {
      "type": "Feature",
      "properties": {
        "name": "Dela Paz Elementary School",
        "barangay_input": "San Agustin",
        "barangay_resolved": "San Agustin",
        "municipality_input": "City of Malabon",
        "facility_type": "SCHOOL",
        "facility_status": "TEMPORARY",
        "geocode_provider": "osm",
        "geocode_query": "OSM:Dela Paz Elementary School",
        "confidence": 1,
        "verified": true,
        "uncertainty_radius_m": 80,
        "needs_review": false,
        "review_reason": ""
      },
      "geometry": {
        "type": "Point",
        "coordinates": [
          120.9527725,
          14.6623827
        ]
      }
    },
    {
      "type": "Feature",
      "properties": {
        "name": "Ramon Camus Integrated School",
        "barangay_input": "San Agustin",
        "barangay_resolved": "San Agustin",
        "municipality_input": "City of Malabon",
        "facility_type": "SCHOOL",
        "facility_status": "TEMPORARY",
        "geocode_provider": "osm",
        "geocode_query": "OSM:Colonel Ramon Camus Integrated School",
        "confidence": 1,
        "verified": true,
        "uncertainty_radius_m": 80,
        "needs_review": false,
        "review_reason": ""
      },
      "geometry": {
        "type": "Point",
        "coordinates": [
          120.9496874,
          14.6616863
        ]
      }
    },
    {
      "type": "Feature",
      "properties": {
        "name": "Santulan Elementary School",
        "barangay_input": "Santulan",
        "barangay_resolved": "Santolan",
        "municipality_input": "City of Malabon",
        "facility_type": "SCHOOL",
        "facility_status": "TEMPORARY",
        "geocode_provider": "osm",
        "geocode_query": "OSM:Santulan Elementary School",
        "confidence": 1,
        "verified": true,
        "uncertainty_radius_m": 80,
        "needs_review": false,
        "review_reason": ""
      },
      "geometry": {
        "type": "Point",
        "coordinates": [
          120.9591614,
          14.6856821
        ]
      }
    },
    {
      "type": "Feature",
      "properties": {
        "name": "Covered Court",
        "barangay_input": "Santulan",
        "barangay_resolved": "Santolan",
        "municipality_input": "City of Malabon",
        "facility_type": "GYM/SPORTS FACILITY",
        "facility_status": "TEMPORARY",
        "geocode_provider": "osm",
        "geocode_query": "OSM:poi",
        "confidence": 1,
        "verified": true,
        "uncertainty_radius_m": 80,
        "needs_review": false,
        "review_reason": ""
      },
      "geometry": {
        "type": "Point",
        "coordinates": [
          120.9540059,
          14.6959031
        ]
      }
    },
    {
      "type": "Feature",
      "properties": {
        "name": "Tanong Elementary Unit-I",
        "barangay_input": "Tanong",
        "barangay_resolved": null,
        "municipality_input": "City of Malabon",
        "facility_type": "SCHOOL",
        "facility_status": "TEMPORARY",
        "geocode_provider": "mapbox",
        "geocode_query": "Tanong Elementary Unit-I, Tanong, MALABON",
        "confidence": 0.8,
        "verified": true,
        "uncertainty_radius_m": 300,
        "needs_review": true,
        "review_reason": "barangay_not_matched"
      },
      "geometry": {
        "type": "Point",
        "coordinates": [
          121.097299,
          14.654666
        ]
      }
    },
    {
      "type": "Feature",
      "properties": {
        "name": "Tanong Integrated School",
        "barangay_input": "Tanong",
        "barangay_resolved": null,
        "municipality_input": "City of Malabon",
        "facility_type": "SCHOOL",
        "facility_status": "TEMPORARY",
        "geocode_provider": "nominatim",
        "geocode_query": "Tanong Integrated School, Tanong, MALABON",
        "confidence": 1,
        "verified": true,
        "uncertainty_radius_m": 50,
        "needs_review": false,
        "review_reason": "Manually verified & pinned by user",
        "triangulated": true
      },
      "geometry": {
        "type": "Point",
        "coordinates": [
          120.9516358,
          14.6573147
        ]
      }
    },
    {
      "type": "Feature",
      "properties": {
        "name": "Tinajeros Elementary School Main",
        "barangay_input": "Tinajeros",
        "barangay_resolved": "Tinajeros",
        "municipality_input": "City of Malabon",
        "facility_type": "SCHOOL",
        "facility_status": "TEMPORARY",
        "geocode_provider": "osm",
        "geocode_query": "OSM:Tinajeros Elementary School",
        "confidence": 1,
        "verified": true,
        "uncertainty_radius_m": 80,
        "needs_review": false,
        "review_reason": ""
      },
      "geometry": {
        "type": "Point",
        "coordinates": [
          120.9699176,
          14.6713343
        ]
      }
    },
    {
      "type": "Feature",
      "properties": {
        "name": "Barangay Hall 3/F",
        "barangay_input": "Tinajeros",
        "barangay_resolved": "Tinajeros",
        "municipality_input": "City of Malabon",
        "facility_type": "BARANGAY HALL FACILITY",
        "facility_status": "TEMPORARY",
        "geocode_provider": "geoapify",
        "geocode_query": "Barangay Hall 3/F, Tinajeros, MALABON",
        "confidence": 0.85,
        "verified": true,
        "uncertainty_radius_m": 150,
        "needs_review": false,
        "review_reason": ""
      },
      "geometry": {
        "type": "Point",
        "coordinates": [
          120.964873,
          14.670211
        ]
      }
    },
    {
      "type": "Feature",
      "properties": {
        "name": "Barangay Hall",
        "barangay_input": "Tonsuya",
        "barangay_resolved": "Tonsuya",
        "municipality_input": "City of Malabon",
        "facility_type": "BARANGAY HALL FACILITY",
        "facility_status": "TEMPORARY",
        "geocode_provider": "osm",
        "geocode_query": "OSM:Sangguniang Pambarangay ng Tonsuya",
        "confidence": 1,
        "verified": true,
        "uncertainty_radius_m": 80,
        "needs_review": false,
        "review_reason": ""
      },
      "geometry": {
        "type": "Point",
        "coordinates": [
          120.9581567,
          14.6626779
        ]
      }
    },
    {
      "type": "Feature",
      "properties": {
        "name": "Tonsuya Elementary School",
        "barangay_input": "Tonsuya",
        "barangay_resolved": "Tonsuya",
        "municipality_input": "City of Malabon",
        "facility_type": "SCHOOL",
        "facility_status": "TEMPORARY",
        "geocode_provider": "osm",
        "geocode_query": "OSM:Tonsuya Elementary School",
        "confidence": 1,
        "verified": true,
        "uncertainty_radius_m": 80,
        "needs_review": false,
        "review_reason": ""
      },
      "geometry": {
        "type": "Point",
        "coordinates": [
          120.957577,
          14.6638017
        ]
      }
    },
    {
      "type": "Feature",
      "properties": {
        "name": "Tugatog Day Care Center",
        "barangay_input": "Tugatog",
        "barangay_resolved": "Tugatog",
        "municipality_input": "City of Malabon",
        "facility_type": "DAY CARE CENTER",
        "facility_status": "TEMPORARY",
        "geocode_provider": "geoapify",
        "geocode_query": "Tugatog Day Care Center, Tugatog, MALABON",
        "confidence": 0.75,
        "verified": true,
        "uncertainty_radius_m": 350,
        "needs_review": false,
        "review_reason": ""
      },
      "geometry": {
        "type": "Point",
        "coordinates": [
          120.9719176,
          14.6583153
        ]
      }
    },
    {
      "type": "Feature",
      "properties": {
        "name": "Barangay Hall",
        "barangay_input": "Tugatog",
        "barangay_resolved": "Tugatog",
        "municipality_input": "City of Malabon",
        "facility_type": "BARANGAY HALL FACILITY",
        "facility_status": "TEMPORARY",
        "geocode_provider": "osm",
        "geocode_query": "OSM:Sangguniang Pambarangay ng Tugatog",
        "confidence": 1,
        "verified": true,
        "uncertainty_radius_m": 80,
        "needs_review": false,
        "review_reason": ""
      },
      "geometry": {
        "type": "Point",
        "coordinates": [
          120.9697824,
          14.6643529
        ]
      }
    },
    {
      "type": "Feature",
      "properties": {
        "name": "Tusco",
        "barangay_input": "Tugatog",
        "barangay_resolved": "Tugatog",
        "municipality_input": "City of Malabon",
        "facility_type": "PRIVATE AND RESIDENCIAL",
        "facility_status": "TEMPORARY",
        "geocode_provider": "geoapify",
        "geocode_query": "Tusco, Tugatog, MALABON",
        "confidence": 0.85,
        "verified": true,
        "uncertainty_radius_m": 150,
        "needs_review": false,
        "review_reason": ""
      },
      "geometry": {
        "type": "Point",
        "coordinates": [
          120.9694528,
          14.6643671
        ]
      }
    },
    {
      "type": "Feature",
      "properties": {
        "name": "Gazebo",
        "barangay_input": "Tugatog",
        "barangay_resolved": "Tugatog",
        "municipality_input": "City of Malabon",
        "facility_type": "PRIVATE AND RESIDENCIAL",
        "facility_status": "TEMPORARY",
        "geocode_provider": "mapbox",
        "geocode_query": "Gazebo, Tugatog, MALABON",
        "confidence": 0.4,
        "verified": false,
        "uncertainty_radius_m": 442,
        "needs_review": true,
        "review_reason": "unverified_location"
      },
      "geometry": {
        "type": "Point",
        "coordinates": [
          120.969044,
          14.663815
        ]
      }
    },
    {
      "type": "Feature",
      "properties": {
        "name": "Kiwanis Multi-purpose Hall",
        "barangay_input": "Tugatog",
        "barangay_resolved": "Tugatog",
        "municipality_input": "City of Malabon",
        "facility_type": "MULTI-PURPOSE BUILDING",
        "facility_status": "PERMANENT",
        "geocode_provider": "mapbox",
        "geocode_query": "Kiwanis Multi-purpose Hall, Tugatog, MALABON",
        "confidence": 0.4,
        "verified": false,
        "uncertainty_radius_m": 442,
        "needs_review": true,
        "review_reason": "unverified_location"
      },
      "geometry": {
        "type": "Point",
        "coordinates": [
          120.969044,
          14.663815
        ]
      }
    },
    {
      "type": "Feature",
      "properties": {
        "name": "Sarile Chapel",
        "barangay_input": "Tugatog",
        "barangay_resolved": "Tugatog",
        "municipality_input": "City of Malabon",
        "facility_type": "RELIGIOUS FACILITY",
        "facility_status": "TEMPORARY",
        "geocode_provider": "geoapify",
        "geocode_query": "Sarile Chapel, Tugatog, MALABON",
        "confidence": 0.85,
        "verified": true,
        "uncertainty_radius_m": 150,
        "needs_review": false,
        "review_reason": ""
      },
      "geometry": {
        "type": "Point",
        "coordinates": [
          120.9696509,
          14.6615402
        ]
      }
    },
    {
      "type": "Feature",
      "properties": {
        "name": "Duncan Mutuc Multi-purpose Hall",
        "barangay_input": "Tugatog",
        "barangay_resolved": "Tugatog",
        "municipality_input": "City of Malabon",
        "facility_type": "MULTI-PURPOSE BUILDING",
        "facility_status": "PERMANENT",
        "geocode_provider": "mapbox",
        "geocode_query": "Duncan Mutuc Multi-purpose Hall, Tugatog, MALABON",
        "confidence": 1,
        "verified": false,
        "uncertainty_radius_m": 50,
        "needs_review": false,
        "review_reason": "Manually verified & pinned by user",
        "triangulated": true
      },
      "geometry": {
        "type": "Point",
        "coordinates": [
          120.96979916095735,
          14.664429782821678
        ]
      }
    },
    {
      "type": "Feature",
      "properties": {
        "name": "Diwa Plaza Basketball Court",
        "barangay_input": "Tugatog",
        "barangay_resolved": "Tugatog",
        "municipality_input": "City of Malabon",
        "facility_type": "GYM/SPORTS FACILITY",
        "facility_status": "TEMPORARY",
        "geocode_provider": "mapbox",
        "geocode_query": "Diwa Plaza Basketball Court, Tugatog, MALABON",
        "confidence": 1,
        "verified": false,
        "uncertainty_radius_m": 50,
        "needs_review": false,
        "review_reason": "Manually verified & pinned by user",
        "triangulated": true
      },
      "geometry": {
        "type": "Point",
        "coordinates": [
          120.9695953130722,
          14.664437563350486
        ]
      }
    },
    {
      "type": "Feature",
      "properties": {
        "name": "POTRERO COVERED COURT",
        "barangay_input": "BARANGAY POTRERO",
        "barangay_resolved": "Potrero",
        "municipality_input": "City of Malabon",
        "facility_type": "GYM/SPORTS FACILITY",
        "facility_status": "TEMPORARY",
        "geocode_provider": "mapbox",
        "geocode_query": "POTRERO COVERED COURT, POTRERO, MALABON",
        "confidence": 0.4,
        "verified": false,
        "uncertainty_radius_m": 948,
        "needs_review": true,
        "review_reason": "unverified_location"
      },
      "geometry": {
        "type": "Point",
        "coordinates": [
          120.983632,
          14.668085
        ]
      }
    },
    {
      "type": "Feature",
      "properties": {
        "name": "NIUGAN ELEMENTARY SCHOOL",
        "barangay_input": "BARANGAY NIUGAN",
        "barangay_resolved": "Niugan",
        "municipality_input": "City of Malabon",
        "facility_type": "SCHOOL",
        "facility_status": "TEMPORARY",
        "geocode_provider": "mapbox",
        "geocode_query": "NIUGAN ELEMENTARY SCHOOL, NIUGAN, MALABON",
        "confidence": 1,
        "verified": false,
        "uncertainty_radius_m": 50,
        "needs_review": false,
        "review_reason": "Manually verified & pinned by user",
        "triangulated": true
      },
      "geometry": {
        "type": "Point",
        "coordinates": [
          120.95489680767061,
          14.667042561784058
        ]
      }
    },
    {
      "type": "Feature",
      "properties": {
        "name": "Multi Purpose Hall/BASKETBAL L COURT",
        "barangay_input": "BALONG BATO",
        "barangay_resolved": "Balong-Bato",
        "municipality_input": "City of San Juan",
        "facility_type": "GYM/SPORTS FACILITY",
        "facility_status": "TEMPORARY",
        "geocode_provider": "osm",
        "geocode_query": "OSM:pitch",
        "confidence": 1,
        "verified": true,
        "uncertainty_radius_m": 80,
        "needs_review": false,
        "review_reason": ""
      },
      "geometry": {
        "type": "Point",
        "coordinates": [
          121.0289503,
          14.6082665
        ]
      }
    },
    {
      "type": "Feature",
      "properties": {
        "name": "BRGY. HALL (3RD & 4TH FLOOR, Lobby)",
        "barangay_input": "BALONG BATO",
        "barangay_resolved": "Balong-Bato",
        "municipality_input": "City of San Juan",
        "facility_type": "BARANGAY HALL FACILITY",
        "facility_status": "TEMPORARY",
        "geocode_provider": "osm",
        "geocode_query": "OSM:Balong Bato Barangay Hall",
        "confidence": 1,
        "verified": true,
        "uncertainty_radius_m": 80,
        "needs_review": false,
        "review_reason": ""
      },
      "geometry": {
        "type": "Point",
        "coordinates": [
          121.0233267,
          14.607902
        ]
      }
    },
    {
      "type": "Feature",
      "properties": {
        "name": "Batis Brgy. Hall (4th floor)",
        "barangay_input": "BATIS",
        "barangay_resolved": "Batis",
        "municipality_input": "City of San Juan",
        "facility_type": "BARANGAY HALL FACILITY",
        "facility_status": "TEMPORARY",
        "geocode_provider": "osm",
        "geocode_query": "OSM:Barangay Batis New Multi-Purpose Hall",
        "confidence": 1,
        "verified": true,
        "uncertainty_radius_m": 80,
        "needs_review": false,
        "review_reason": ""
      },
      "geometry": {
        "type": "Point",
        "coordinates": [
          121.0249001,
          14.5980909
        ]
      }
    },
    {
      "type": "Feature",
      "properties": {
        "name": "Batis Covered Court (4th Multi Purpose Hall)",
        "barangay_input": "BATIS",
        "barangay_resolved": "Batis",
        "municipality_input": "City of San Juan",
        "facility_type": "GYM/SPORTS FACILITY",
        "facility_status": "TEMPORARY",
        "geocode_provider": "osm",
        "geocode_query": "OSM:Batis Covered Court",
        "confidence": 1,
        "verified": true,
        "uncertainty_radius_m": 80,
        "needs_review": false,
        "review_reason": ""
      },
      "geometry": {
        "type": "Point",
        "coordinates": [
          121.023577,
          14.5999809
        ]
      }
    },
    {
      "type": "Feature",
      "properties": {
        "name": "Batis Multi- Purpose Hall (3rd Floor)",
        "barangay_input": "BATIS",
        "barangay_resolved": "Batis",
        "municipality_input": "City of San Juan",
        "facility_type": "MULTI-PURPOSE BUILDING",
        "facility_status": "PERMANENT",
        "geocode_provider": "osm",
        "geocode_query": "OSM:Barangay Batis New Multi-Purpose Hall",
        "confidence": 1,
        "verified": true,
        "uncertainty_radius_m": 80,
        "needs_review": false,
        "review_reason": ""
      },
      "geometry": {
        "type": "Point",
        "coordinates": [
          121.0249001,
          14.5980909
        ]
      }
    },
    {
      "type": "Feature",
      "properties": {
        "name": "C.D.J Court",
        "barangay_input": "CORAZON DE JESUS",
        "barangay_resolved": "Corazon De Jesus",
        "municipality_input": "City of San Juan",
        "facility_type": "GYM/SPORTS FACILITY",
        "facility_status": "TEMPORARY",
        "geocode_provider": "osm",
        "geocode_query": "OSM:sports_hall",
        "confidence": 1,
        "verified": true,
        "uncertainty_radius_m": 80,
        "needs_review": false,
        "review_reason": ""
      },
      "geometry": {
        "type": "Point",
        "coordinates": [
          121.0294651,
          14.6039313
        ]
      }
    },
    {
      "type": "Feature",
      "properties": {
        "name": "Pinaglabanan Elem. School",
        "barangay_input": "CORAZON DE JESUS",
        "barangay_resolved": "Corazon De Jesus",
        "municipality_input": "City of San Juan",
        "facility_type": "SCHOOL",
        "facility_status": "TEMPORARY",
        "geocode_provider": "osm",
        "geocode_query": "OSM:Pinaglabanan Elementary School",
        "confidence": 1,
        "verified": true,
        "uncertainty_radius_m": 80,
        "needs_review": false,
        "review_reason": ""
      },
      "geometry": {
        "type": "Point",
        "coordinates": [
          121.0295748,
          14.603824
        ]
      }
    },
    {
      "type": "Feature",
      "properties": {
        "name": "SAN JUAN NATIONAL HIGH SCHOOL",
        "barangay_input": "CORAZON DE JESUS",
        "barangay_resolved": "Corazon De Jesus",
        "municipality_input": "City of San Juan",
        "facility_type": "SCHOOL",
        "facility_status": "TEMPORARY",
        "geocode_provider": "osm",
        "geocode_query": "OSM:San Juan National High School",
        "confidence": 1,
        "verified": true,
        "uncertainty_radius_m": 80,
        "needs_review": false,
        "review_reason": ""
      },
      "geometry": {
        "type": "Point",
        "coordinates": [
          121.029247,
          14.6058479
        ]
      }
    },
    {
      "type": "Feature",
      "properties": {
        "name": "Pinaglabanan Shrine",
        "barangay_input": "CORAZON DE JESUS",
        "barangay_resolved": "Corazon De Jesus",
        "municipality_input": "City of San Juan",
        "facility_type": "RELIGIOUS FACILITY",
        "facility_status": "TEMPORARY",
        "geocode_provider": "osm",
        "geocode_query": "OSM:Corazon de Jesus Barangay Hall",
        "confidence": 1,
        "verified": true,
        "uncertainty_radius_m": 80,
        "needs_review": false,
        "review_reason": ""
      },
      "geometry": {
        "type": "Point",
        "coordinates": [
          121.031356,
          14.6065588
        ]
      }
    },
    {
      "type": "Feature",
      "properties": {
        "name": "200 PASADENA (OPEN SPACE)",
        "barangay_input": "PASADENA",
        "barangay_resolved": null,
        "municipality_input": "City of San Juan",
        "facility_type": "OPEN SPACE",
        "facility_status": "TEMPORARY",
        "geocode_provider": "geoapify",
        "geocode_query": "PASADENA 200 PASADENA (OPEN SPACE), SAN JUAN",
        "confidence": 0.4,
        "verified": false,
        "uncertainty_radius_m": null,
        "needs_review": true,
        "review_reason": "unverified_location"
      },
      "geometry": null
    },
    {
      "type": "Feature",
      "properties": {
        "name": "BARANGAY HALL ( OLD BRGY.)",
        "barangay_input": "PASADENA",
        "barangay_resolved": null,
        "municipality_input": "City of San Juan",
        "facility_type": "BARANGAY HALL FACILITY",
        "facility_status": "TEMPORARY",
        "geocode_provider": "nominatim",
        "geocode_query": "PASADENA Barangay Hall, SAN JUAN",
        "confidence": 1,
        "verified": true,
        "uncertainty_radius_m": 50,
        "needs_review": false,
        "review_reason": "Manually verified & pinned by user",
        "triangulated": true
      },
      "geometry": {
        "type": "Point",
        "coordinates": [
          121.0336819,
          14.6083847
        ]
      }
    },
    {
      "type": "Feature",
      "properties": {
        "name": "Pasadena Multi-Purpose Hall",
        "barangay_input": "PASADENA",
        "barangay_resolved": null,
        "municipality_input": "City of San Juan",
        "facility_type": "MULTI-PURPOSE BUILDING",
        "facility_status": "PERMANENT",
        "geocode_provider": "nominatim",
        "geocode_query": "PASADENA Barangay Hall, SAN JUAN",
        "confidence": 1,
        "verified": true,
        "uncertainty_radius_m": 50,
        "needs_review": false,
        "review_reason": "Manually verified & pinned by user",
        "triangulated": true
      },
      "geometry": {
        "type": "Point",
        "coordinates": [
          121.03387981653216,
          14.608392631566112
        ]
      }
    },
    {
      "type": "Feature",
      "properties": {
        "name": "ERMITANO BARANGAY HALL 3RD FLOOR",
        "barangay_input": "ERMITANO",
        "barangay_resolved": "Ermita�o",
        "municipality_input": "City of San Juan",
        "facility_type": "BARANGAY HALL FACILITY",
        "facility_status": "TEMPORARY",
        "geocode_provider": "osm",
        "geocode_query": "OSM:Barangay Ermitaño MRF",
        "confidence": 1,
        "verified": true,
        "uncertainty_radius_m": 80,
        "needs_review": false,
        "review_reason": ""
      },
      "geometry": {
        "type": "Point",
        "coordinates": [
          121.0300609,
          14.6126636
        ]
      }
    },
    {
      "type": "Feature",
      "properties": {
        "name": "BARANGAY ERMITANO MULTI PURPOSE HALL AND WOODEN COURT",
        "barangay_input": "ERMITANO",
        "barangay_resolved": "Ermita�o",
        "municipality_input": "City of San Juan",
        "facility_type": "MULTI-PURPOSE BUILDING",
        "facility_status": "PERMANENT",
        "geocode_provider": "osm",
        "geocode_query": "OSM:Ermitaño Barangay Hall",
        "confidence": 1,
        "verified": true,
        "uncertainty_radius_m": 80,
        "needs_review": false,
        "review_reason": ""
      },
      "geometry": {
        "type": "Point",
        "coordinates": [
          121.0307,
          14.6119303
        ]
      }
    },
    {
      "type": "Feature",
      "properties": {
        "name": "Pedro Cruz Elem. School",
        "barangay_input": "PEDRO CRUZ",
        "barangay_resolved": "Pedro Cruz",
        "municipality_input": "City of San Juan",
        "facility_type": "SCHOOL",
        "facility_status": "TEMPORARY",
        "geocode_provider": "osm",
        "geocode_query": "OSM:Pedro Cruz Elementary School",
        "confidence": 1,
        "verified": true,
        "uncertainty_radius_m": 80,
        "needs_review": false,
        "review_reason": ""
      },
      "geometry": {
        "type": "Point",
        "coordinates": [
          121.0263587,
          14.6055207
        ]
      }
    },
    {
      "type": "Feature",
      "properties": {
        "name": "Barangay Pedro Cruz Multi Purpose Hall (Covered Court, Day Care Center)",
        "barangay_input": "PEDRO CRUZ",
        "barangay_resolved": "Pedro Cruz",
        "municipality_input": "City of San Juan",
        "facility_type": "GYM/SPORTS FACILITY",
        "facility_status": "TEMPORARY",
        "geocode_provider": "osm",
        "geocode_query": "OSM:Pedro Cruz Barangay Hall",
        "confidence": 1,
        "verified": true,
        "uncertainty_radius_m": 80,
        "needs_review": false,
        "review_reason": ""
      },
      "geometry": {
        "type": "Point",
        "coordinates": [
          121.0237547,
          14.6048516
        ]
      }
    },
    {
      "type": "Feature",
      "properties": {
        "name": "Mini Park",
        "barangay_input": "PEDRO CRUZ",
        "barangay_resolved": "Pedro Cruz",
        "municipality_input": "City of San Juan",
        "facility_type": "OPEN SPACE",
        "facility_status": "TEMPORARY",
        "geocode_provider": "osm",
        "geocode_query": "OSM:Pedro Cruz Barangay Hall",
        "confidence": 1,
        "verified": true,
        "uncertainty_radius_m": 80,
        "needs_review": false,
        "review_reason": ""
      },
      "geometry": {
        "type": "Point",
        "coordinates": [
          121.0237547,
          14.6048516
        ]
      }
    },
    {
      "type": "Feature",
      "properties": {
        "name": "Progreso Covered Court",
        "barangay_input": "PROGRESO",
        "barangay_resolved": "Progreso",
        "municipality_input": "City of San Juan",
        "facility_type": "GYM/SPORTS FACILITY",
        "facility_status": "TEMPORARY",
        "geocode_provider": "osm",
        "geocode_query": "OSM:Progreso Barangay Hall",
        "confidence": 1,
        "verified": true,
        "uncertainty_radius_m": 80,
        "needs_review": false,
        "review_reason": ""
      },
      "geometry": {
        "type": "Point",
        "coordinates": [
          121.019799,
          14.6025773
        ]
      }
    },
    {
      "type": "Feature",
      "properties": {
        "name": "Progreso Day Care Center",
        "barangay_input": "PROGRESO",
        "barangay_resolved": "Progreso",
        "municipality_input": "City of San Juan",
        "facility_type": "DAY CARE CENTER",
        "facility_status": "TEMPORARY",
        "geocode_provider": "osm",
        "geocode_query": "OSM:Progreso Barangay Material Recovery Facility",
        "confidence": 1,
        "verified": true,
        "uncertainty_radius_m": 80,
        "needs_review": false,
        "review_reason": ""
      },
      "geometry": {
        "type": "Point",
        "coordinates": [
          121.0215905,
          14.6042058
        ]
      }
    },
    {
      "type": "Feature",
      "properties": {
        "name": "Barangay Progreso (OLD BARANGAY HALL)",
        "barangay_input": "PROGRESO",
        "barangay_resolved": "Progreso",
        "municipality_input": "City of San Juan",
        "facility_type": "BARANGAY HALL FACILITY",
        "facility_status": "TEMPORARY",
        "geocode_provider": "osm",
        "geocode_query": "OSM:Progreso Barangay Hall",
        "confidence": 1,
        "verified": true,
        "uncertainty_radius_m": 80,
        "needs_review": false,
        "review_reason": ""
      },
      "geometry": {
        "type": "Point",
        "coordinates": [
          121.019799,
          14.6025773
        ]
      }
    },
    {
      "type": "Feature",
      "properties": {
        "name": "Rivera Covered Court (4th floor)",
        "barangay_input": "RIVERA",
        "barangay_resolved": "Rivera",
        "municipality_input": "City of San Juan",
        "facility_type": "GYM/SPORTS FACILITY",
        "facility_status": "TEMPORARY",
        "geocode_provider": "osm",
        "geocode_query": "OSM:pitch",
        "confidence": 1,
        "verified": true,
        "uncertainty_radius_m": 80,
        "needs_review": false,
        "review_reason": ""
      },
      "geometry": {
        "type": "Point",
        "coordinates": [
          121.0229258,
          14.6027496
        ]
      }
    },
    {
      "type": "Feature",
      "properties": {
        "name": "Rivera Day Care Center (old baragy. Hall)",
        "barangay_input": "RIVERA",
        "barangay_resolved": "Rivera",
        "municipality_input": "City of San Juan",
        "facility_type": "DAY CARE CENTER",
        "facility_status": "TEMPORARY",
        "geocode_provider": "osm",
        "geocode_query": "OSM:Rivera Barangay Hall",
        "confidence": 1,
        "verified": true,
        "uncertainty_radius_m": 80,
        "needs_review": false,
        "review_reason": ""
      },
      "geometry": {
        "type": "Point",
        "coordinates": [
          121.0208423,
          14.6049456
        ]
      }
    },
    {
      "type": "Feature",
      "properties": {
        "name": "BARANGAY HALL (Function Room)",
        "barangay_input": "SALAPAN",
        "barangay_resolved": "Salapan",
        "municipality_input": "City of San Juan",
        "facility_type": "BARANGAY HALL FACILITY",
        "facility_status": "TEMPORARY",
        "geocode_provider": "osm",
        "geocode_query": "OSM:Salapan Barangay Hall",
        "confidence": 1,
        "verified": true,
        "uncertainty_radius_m": 80,
        "needs_review": false,
        "review_reason": ""
      },
      "geometry": {
        "type": "Point",
        "coordinates": [
          121.0248413,
          14.6129099
        ]
      }
    },
    {
      "type": "Feature",
      "properties": {
        "name": "Brgy. Salapan HEALTH CENTER",
        "barangay_input": "SALAPAN",
        "barangay_resolved": "Salapan",
        "municipality_input": "City of San Juan",
        "facility_type": "MEDICAL FACILITY",
        "facility_status": "TEMPORARY",
        "geocode_provider": "osm",
        "geocode_query": "OSM:Salapan Barangay Hall",
        "confidence": 1,
        "verified": true,
        "uncertainty_radius_m": 80,
        "needs_review": false,
        "review_reason": ""
      },
      "geometry": {
        "type": "Point",
        "coordinates": [
          121.0248413,
          14.6129099
        ]
      }
    },
    {
      "type": "Feature",
      "properties": {
        "name": "Salapan Multi- Purpose Hall (Wooden basketball Court, 2nd floor)",
        "barangay_input": "SALAPAN",
        "barangay_resolved": "Salapan",
        "municipality_input": "City of San Juan",
        "facility_type": "GYM/SPORTS FACILITY",
        "facility_status": "TEMPORARY",
        "geocode_provider": "osm",
        "geocode_query": "OSM:Salapan Barangay Hall",
        "confidence": 1,
        "verified": true,
        "uncertainty_radius_m": 80,
        "needs_review": false,
        "review_reason": ""
      },
      "geometry": {
        "type": "Point",
        "coordinates": [
          121.0248413,
          14.6129099
        ]
      }
    },
    {
      "type": "Feature",
      "properties": {
        "name": "Salapan Elem. School",
        "barangay_input": "SALAPAN",
        "barangay_resolved": "Salapan",
        "municipality_input": "City of San Juan",
        "facility_type": "SCHOOL",
        "facility_status": "TEMPORARY",
        "geocode_provider": "osm",
        "geocode_query": "OSM:Salapan Integrated School",
        "confidence": 1,
        "verified": true,
        "uncertainty_radius_m": 80,
        "needs_review": false,
        "review_reason": ""
      },
      "geometry": {
        "type": "Point",
        "coordinates": [
          121.0245853,
          14.6112811
        ]
      }
    },
    {
      "type": "Feature",
      "properties": {
        "name": "TABERNACLE OF FAITH",
        "barangay_input": "SALAPAN",
        "barangay_resolved": "Salapan",
        "municipality_input": "City of San Juan",
        "facility_type": "RELIGIOUS FACILITY",
        "facility_status": "TEMPORARY",
        "geocode_provider": "osm",
        "geocode_query": "OSM:Tabernacle of Faith Christian Academy",
        "confidence": 1,
        "verified": true,
        "uncertainty_radius_m": 80,
        "needs_review": false,
        "review_reason": ""
      },
      "geometry": {
        "type": "Point",
        "coordinates": [
          121.0249972,
          14.6110598
        ]
      }
    },
    {
      "type": "Feature",
      "properties": {
        "name": "San Perfecto Barangay Hall (3rd floor, 4th floor, Gym)",
        "barangay_input": "SAN PERFECTO",
        "barangay_resolved": "San Perfecto",
        "municipality_input": "City of San Juan",
        "facility_type": "BARANGAY HALL FACILITY",
        "facility_status": "TEMPORARY",
        "geocode_provider": "osm",
        "geocode_query": "OSM:San Perfecto Barangay Hall",
        "confidence": 1,
        "verified": true,
        "uncertainty_radius_m": 80,
        "needs_review": false,
        "review_reason": ""
      },
      "geometry": {
        "type": "Point",
        "coordinates": [
          121.0216985,
          14.6029333
        ]
      }
    },
    {
      "type": "Feature",
      "properties": {
        "name": "San Perfecto Elementary School (full wooden basketball court)",
        "barangay_input": "SAN PERFECTO",
        "barangay_resolved": "San Perfecto",
        "municipality_input": "City of San Juan",
        "facility_type": "SCHOOL",
        "facility_status": "TEMPORARY",
        "geocode_provider": "osm",
        "geocode_query": "OSM:San Perfecto Elementary School",
        "confidence": 1,
        "verified": true,
        "uncertainty_radius_m": 80,
        "needs_review": false,
        "review_reason": ""
      },
      "geometry": {
        "type": "Point",
        "coordinates": [
          121.0231106,
          14.6031854
        ]
      }
    },
    {
      "type": "Feature",
      "properties": {
        "name": "San Venancio Basketball Court (open)",
        "barangay_input": "SAN PERFECTO",
        "barangay_resolved": "San Perfecto",
        "municipality_input": "City of San Juan",
        "facility_type": "GYM/SPORTS FACILITY",
        "facility_status": "TEMPORARY",
        "geocode_provider": "osm",
        "geocode_query": "OSM:pitch",
        "confidence": 1,
        "verified": true,
        "uncertainty_radius_m": 80,
        "needs_review": false,
        "review_reason": ""
      },
      "geometry": {
        "type": "Point",
        "coordinates": [
          121.0229258,
          14.6027496
        ]
      }
    },
    {
      "type": "Feature",
      "properties": {
        "name": "Addition Hills Barangay Hall",
        "barangay_input": "ADDITION HILLS",
        "barangay_resolved": "Addition Hills",
        "municipality_input": "City of San Juan",
        "facility_type": "BARANGAY HALL FACILITY",
        "facility_status": "TEMPORARY",
        "geocode_provider": "osm",
        "geocode_query": "OSM:Maytunas Barangay Hall",
        "confidence": 1,
        "verified": true,
        "uncertainty_radius_m": 80,
        "needs_review": false,
        "review_reason": ""
      },
      "geometry": {
        "type": "Point",
        "coordinates": [
          121.03145,
          14.5941231
        ]
      }
    },
    {
      "type": "Feature",
      "properties": {
        "name": "Barangay Community Center - Addition Hills",
        "barangay_input": "ADDITION HILLS",
        "barangay_resolved": "Addition Hills",
        "municipality_input": "City of San Juan",
        "facility_type": "COMMUNITY CENTER",
        "facility_status": "TEMPORARY",
        "geocode_provider": "geoapify",
        "geocode_query": "Barangay Community Center - Addition Hills, ADDITION HILLS, SAN JUAN",
        "confidence": 0.9,
        "verified": true,
        "uncertainty_radius_m": 150,
        "needs_review": false,
        "review_reason": ""
      },
      "geometry": {
        "type": "Point",
        "coordinates": [
          121.0421417,
          14.5947763
        ]
      }
    },
    {
      "type": "Feature",
      "properties": {
        "name": "NORTHEAST PLAYGROUND",
        "barangay_input": "GREENHILLS",
        "barangay_resolved": "Greenhills",
        "municipality_input": "City of San Juan",
        "facility_type": "OPEN SPACE",
        "facility_status": "TEMPORARY",
        "geocode_provider": "osm",
        "geocode_query": "OSM:Greenhills Barangay Hall",
        "confidence": 1,
        "verified": true,
        "uncertainty_radius_m": 80,
        "needs_review": false,
        "review_reason": ""
      },
      "geometry": {
        "type": "Point",
        "coordinates": [
          121.0555455,
          14.6057123
        ]
      }
    },
    {
      "type": "Feature",
      "properties": {
        "name": "BARANGAY HALL (GROUND, 2ND FLOOR)",
        "barangay_input": "GREENHILLS",
        "barangay_resolved": "Greenhills",
        "municipality_input": "City of San Juan",
        "facility_type": "BARANGAY HALL FACILITY",
        "facility_status": "TEMPORARY",
        "geocode_provider": "osm",
        "geocode_query": "OSM:Greenhills Barangay Hall",
        "confidence": 1,
        "verified": true,
        "uncertainty_radius_m": 80,
        "needs_review": false,
        "review_reason": ""
      },
      "geometry": {
        "type": "Point",
        "coordinates": [
          121.0555455,
          14.6057123
        ]
      }
    },
    {
      "type": "Feature",
      "properties": {
        "name": "BRGY.HALL COVERED COURT (4TH FLOOR)",
        "barangay_input": "GREENHILLS",
        "barangay_resolved": "Greenhills",
        "municipality_input": "City of San Juan",
        "facility_type": "GYM/SPORTS FACILITY",
        "facility_status": "TEMPORARY",
        "geocode_provider": "osm",
        "geocode_query": "OSM:pitch",
        "confidence": 1,
        "verified": true,
        "uncertainty_radius_m": 80,
        "needs_review": false,
        "review_reason": ""
      },
      "geometry": {
        "type": "Point",
        "coordinates": [
          121.0393446,
          14.6051028
        ]
      }
    },
    {
      "type": "Feature",
      "properties": {
        "name": "PRE FAB",
        "barangay_input": "GREENHILLS",
        "barangay_resolved": "Greenhills",
        "municipality_input": "City of San Juan",
        "facility_type": "PRIVATE AND RESIDENCIAL",
        "facility_status": "TEMPORARY",
        "geocode_provider": "osm",
        "geocode_query": "OSM:Greenhills Barangay Hall",
        "confidence": 1,
        "verified": true,
        "uncertainty_radius_m": 80,
        "needs_review": false,
        "review_reason": ""
      },
      "geometry": {
        "type": "Point",
        "coordinates": [
          121.0555455,
          14.6057123
        ]
      }
    },
    {
      "type": "Feature",
      "properties": {
        "name": "MCKINLY PAVILLON with basketball court",
        "barangay_input": "GREENHILLS",
        "barangay_resolved": "Greenhills",
        "municipality_input": "City of San Juan",
        "facility_type": "GYM/SPORTS FACILITY",
        "facility_status": "TEMPORARY",
        "geocode_provider": "osm",
        "geocode_query": "OSM:pitch",
        "confidence": 1,
        "verified": true,
        "uncertainty_radius_m": 80,
        "needs_review": false,
        "review_reason": ""
      },
      "geometry": {
        "type": "Point",
        "coordinates": [
          121.0393446,
          14.6051028
        ]
      }
    },
    {
      "type": "Feature",
      "properties": {
        "name": "NORTH COVERED COURT",
        "barangay_input": "GREENHILLS",
        "barangay_resolved": "Greenhills",
        "municipality_input": "City of San Juan",
        "facility_type": "GYM/SPORTS FACILITY",
        "facility_status": "TEMPORARY",
        "geocode_provider": "osm",
        "geocode_query": "OSM:pitch",
        "confidence": 1,
        "verified": true,
        "uncertainty_radius_m": 80,
        "needs_review": false,
        "review_reason": ""
      },
      "geometry": {
        "type": "Point",
        "coordinates": [
          121.0393446,
          14.6051028
        ]
      }
    },
    {
      "type": "Feature",
      "properties": {
        "name": "NORTHEAST COVERED COURT",
        "barangay_input": "GREENHILLS",
        "barangay_resolved": "Greenhills",
        "municipality_input": "City of San Juan",
        "facility_type": "GYM/SPORTS FACILITY",
        "facility_status": "TEMPORARY",
        "geocode_provider": "osm",
        "geocode_query": "OSM:pitch",
        "confidence": 1,
        "verified": true,
        "uncertainty_radius_m": 80,
        "needs_review": false,
        "review_reason": ""
      },
      "geometry": {
        "type": "Point",
        "coordinates": [
          121.0393446,
          14.6051028
        ]
      }
    },
    {
      "type": "Feature",
      "properties": {
        "name": "WEST COVERED COURT 1",
        "barangay_input": "GREENHILLS",
        "barangay_resolved": "Greenhills",
        "municipality_input": "City of San Juan",
        "facility_type": "GYM/SPORTS FACILITY",
        "facility_status": "TEMPORARY",
        "geocode_provider": "osm",
        "geocode_query": "OSM:pitch",
        "confidence": 1,
        "verified": true,
        "uncertainty_radius_m": 80,
        "needs_review": false,
        "review_reason": ""
      },
      "geometry": {
        "type": "Point",
        "coordinates": [
          121.0393446,
          14.6051028
        ]
      }
    },
    {
      "type": "Feature",
      "properties": {
        "name": "Barangay Isabelita 2 Storey Multi- Purpose Hall (Ground Floor, 2nd floor)",
        "barangay_input": "ISABELITA",
        "barangay_resolved": "Isabelita",
        "municipality_input": "City of San Juan",
        "facility_type": "MULTI-PURPOSE BUILDING",
        "facility_status": "PERMANENT",
        "geocode_provider": "osm",
        "geocode_query": "OSM:community_centre",
        "confidence": 1,
        "verified": true,
        "uncertainty_radius_m": 80,
        "needs_review": false,
        "review_reason": ""
      },
      "geometry": {
        "type": "Point",
        "coordinates": [
          121.030204,
          14.6035629
        ]
      }
    },
    {
      "type": "Feature",
      "properties": {
        "name": "Pinaglabanan Elem. School",
        "barangay_input": "ISABELITA",
        "barangay_resolved": "Isabelita",
        "municipality_input": "City of San Juan",
        "facility_type": "SCHOOL",
        "facility_status": "TEMPORARY",
        "geocode_provider": "osm",
        "geocode_query": "OSM:Pinaglabanan Elementary School",
        "confidence": 1,
        "verified": true,
        "uncertainty_radius_m": 80,
        "needs_review": false,
        "review_reason": ""
      },
      "geometry": {
        "type": "Point",
        "coordinates": [
          121.0295748,
          14.603824
        ]
      }
    },
    {
      "type": "Feature",
      "properties": {
        "name": "San Juan National High School",
        "barangay_input": "ISABELITA",
        "barangay_resolved": "Isabelita",
        "municipality_input": "City of San Juan",
        "facility_type": "SCHOOL",
        "facility_status": "TEMPORARY",
        "geocode_provider": "osm",
        "geocode_query": "OSM:San Juan City Academic Senior High School",
        "confidence": 1,
        "verified": true,
        "uncertainty_radius_m": 80,
        "needs_review": false,
        "review_reason": ""
      },
      "geometry": {
        "type": "Point",
        "coordinates": [
          121.029823,
          14.603417
        ]
      }
    },
    {
      "type": "Feature",
      "properties": {
        "name": "St. John The Baptist Parish",
        "barangay_input": "ISABELITA",
        "barangay_resolved": "Isabelita",
        "municipality_input": "City of San Juan",
        "facility_type": "RELIGIOUS FACILITY",
        "facility_status": "TEMPORARY",
        "geocode_provider": "osm",
        "geocode_query": "OSM:Bahay Pamahalaan ng Barangay Isabelita",
        "confidence": 1,
        "verified": true,
        "uncertainty_radius_m": 80,
        "needs_review": false,
        "review_reason": ""
      },
      "geometry": {
        "type": "Point",
        "coordinates": [
          121.0306049,
          14.6036595
        ]
      }
    },
    {
      "type": "Feature",
      "properties": {
        "name": "BARANGAY HALL (3RD & 4TH FLOOR)",
        "barangay_input": "KABAYANAN",
        "barangay_resolved": "Kabayanan",
        "municipality_input": "City of San Juan",
        "facility_type": "BARANGAY HALL FACILITY",
        "facility_status": "TEMPORARY",
        "geocode_provider": "osm",
        "geocode_query": "OSM:Sangguniang Pambarangay ng Kabayanan",
        "confidence": 1,
        "verified": true,
        "uncertainty_radius_m": 80,
        "needs_review": false,
        "review_reason": ""
      },
      "geometry": {
        "type": "Point",
        "coordinates": [
          121.0299397,
          14.5979728
        ]
      }
    },
    {
      "type": "Feature",
      "properties": {
        "name": "Kabayanan Day Care Center (2ND AND 3RD FLOOR)",
        "barangay_input": "KABAYANAN",
        "barangay_resolved": "Kabayanan",
        "municipality_input": "City of San Juan",
        "facility_type": "DAY CARE CENTER",
        "facility_status": "TEMPORARY",
        "geocode_provider": "osm",
        "geocode_query": "OSM:Kabayanan Day Care Center",
        "confidence": 1,
        "verified": true,
        "uncertainty_radius_m": 80,
        "needs_review": false,
        "review_reason": ""
      },
      "geometry": {
        "type": "Point",
        "coordinates": [
          121.0297667,
          14.5979764
        ]
      }
    },
    {
      "type": "Feature",
      "properties": {
        "name": "BARANGAY KABAYANAN MULTI PURPOSE BUILDING",
        "barangay_input": "KABAYANAN",
        "barangay_resolved": "Kabayanan",
        "municipality_input": "City of San Juan",
        "facility_type": "MULTI-PURPOSE BUILDING",
        "facility_status": "PERMANENT",
        "geocode_provider": "osm",
        "geocode_query": "OSM:Kabayanan Barangay Hall",
        "confidence": 1,
        "verified": true,
        "uncertainty_radius_m": 80,
        "needs_review": false,
        "review_reason": ""
      },
      "geometry": {
        "type": "Point",
        "coordinates": [
          121.0299768,
          14.5979225
        ]
      }
    },
    {
      "type": "Feature",
      "properties": {
        "name": "SANTUARIO DEL SANTO CRISTO",
        "barangay_input": "KABAYANAN",
        "barangay_resolved": "Kabayanan",
        "municipality_input": "City of San Juan",
        "facility_type": "RELIGIOUS FACILITY",
        "facility_status": "TEMPORARY",
        "geocode_provider": "osm",
        "geocode_query": "OSM:Santuario del Santo Cristo Parish",
        "confidence": 1,
        "verified": true,
        "uncertainty_radius_m": 80,
        "needs_review": false,
        "review_reason": ""
      },
      "geometry": {
        "type": "Point",
        "coordinates": [
          121.0307646,
          14.5984229
        ]
      }
    },
    {
      "type": "Feature",
      "properties": {
        "name": "AQUINAS SCHOOL (OPEN FIELD)",
        "barangay_input": "KABAYANAN",
        "barangay_resolved": "Kabayanan",
        "municipality_input": "City of San Juan",
        "facility_type": "SCHOOL",
        "facility_status": "TEMPORARY",
        "geocode_provider": "osm",
        "geocode_query": "OSM:Aquinas School",
        "confidence": 1,
        "verified": true,
        "uncertainty_radius_m": 80,
        "needs_review": false,
        "review_reason": ""
      },
      "geometry": {
        "type": "Point",
        "coordinates": [
          121.0309989,
          14.598008
        ]
      }
    },
    {
      "type": "Feature",
      "properties": {
        "name": "BARANGAY LITTLE BAGUIO HEALTH CENTER",
        "barangay_input": "LITTLE BAGUIO",
        "barangay_resolved": "Little Baguio",
        "municipality_input": "City of San Juan",
        "facility_type": "MEDICAL FACILITY",
        "facility_status": "TEMPORARY",
        "geocode_provider": "osm",
        "geocode_query": "OSM:Little Baguio Barangay Hall",
        "confidence": 1,
        "verified": true,
        "uncertainty_radius_m": 80,
        "needs_review": false,
        "review_reason": ""
      },
      "geometry": {
        "type": "Point",
        "coordinates": [
          121.0382774,
          14.6007787
        ]
      }
    },
    {
      "type": "Feature",
      "properties": {
        "name": "Barangay hall Little Baguio (New Building)- Covered Court",
        "barangay_input": "LITTLE BAGUIO",
        "barangay_resolved": "Little Baguio",
        "municipality_input": "City of San Juan",
        "facility_type": "BARANGAY HALL FACILITY",
        "facility_status": "TEMPORARY",
        "geocode_provider": "osm",
        "geocode_query": "OSM:Little Baguio Barangay Hall",
        "confidence": 1,
        "verified": true,
        "uncertainty_radius_m": 80,
        "needs_review": false,
        "review_reason": ""
      },
      "geometry": {
        "type": "Point",
        "coordinates": [
          121.0382774,
          14.6007787
        ]
      }
    },
    {
      "type": "Feature",
      "properties": {
        "name": "BRGY. HALL (HALF COURT,)",
        "barangay_input": "MAYTUNAS",
        "barangay_resolved": "Maytunas",
        "municipality_input": "City of San Juan",
        "facility_type": "BARANGAY HALL FACILITY",
        "facility_status": "TEMPORARY",
        "geocode_provider": "osm",
        "geocode_query": "OSM:Maytunas Barangay Hall",
        "confidence": 1,
        "verified": true,
        "uncertainty_radius_m": 80,
        "needs_review": false,
        "review_reason": ""
      },
      "geometry": {
        "type": "Point",
        "coordinates": [
          121.03145,
          14.5941231
        ]
      }
    },
    {
      "type": "Feature",
      "properties": {
        "name": "Maytunas Barangay Hall (2nd floor hall wa, 2nd floor room,2rd floor, 4th floor)",
        "barangay_input": "MAYTUNAS",
        "barangay_resolved": "Maytunas",
        "municipality_input": "City of San Juan",
        "facility_type": "BARANGAY HALL FACILITY",
        "facility_status": "TEMPORARY",
        "geocode_provider": "osm",
        "geocode_query": "OSM:Maytunas Barangay Hall",
        "confidence": 1,
        "verified": true,
        "uncertainty_radius_m": 80,
        "needs_review": false,
        "review_reason": ""
      },
      "geometry": {
        "type": "Point",
        "coordinates": [
          121.03145,
          14.5941231
        ]
      }
    },
    {
      "type": "Feature",
      "properties": {
        "name": "Maytunas Day Care Center",
        "barangay_input": "MAYTUNAS",
        "barangay_resolved": "Maytunas",
        "municipality_input": "City of San Juan",
        "facility_type": "DAY CARE CENTER",
        "facility_status": "TEMPORARY",
        "geocode_provider": "osm",
        "geocode_query": "OSM:Maytunas Barangay Hall",
        "confidence": 1,
        "verified": true,
        "uncertainty_radius_m": 80,
        "needs_review": false,
        "review_reason": ""
      },
      "geometry": {
        "type": "Point",
        "coordinates": [
          121.03145,
          14.5941231
        ]
      }
    },
    {
      "type": "Feature",
      "properties": {
        "name": "Sanctuario De Sto. Cristo",
        "barangay_input": "MAYTUNAS",
        "barangay_resolved": "Maytunas",
        "municipality_input": "City of San Juan",
        "facility_type": "RELIGIOUS FACILITY",
        "facility_status": "TEMPORARY",
        "geocode_provider": "mapbox",
        "geocode_query": "Sanctuario De Sto. Cristo, MAYTUNAS, SAN JUAN",
        "confidence": 1,
        "verified": false,
        "uncertainty_radius_m": 50,
        "needs_review": false,
        "review_reason": "Manually verified & pinned by user",
        "triangulated": true
      },
      "geometry": {
        "type": "Point",
        "coordinates": [
          121.03077650070192,
          14.598410180080569
        ]
      }
    },
    {
      "type": "Feature",
      "properties": {
        "name": "BARANGAY MULTI- PURPOSE HALL (Ground floor, function room, Day Care Center)",
        "barangay_input": "ONSE",
        "barangay_resolved": "Onse",
        "municipality_input": "City of San Juan",
        "facility_type": "MULTI-PURPOSE BUILDING",
        "facility_status": "PERMANENT",
        "geocode_provider": "osm",
        "geocode_query": "OSM:Onse Barangay Hall",
        "confidence": 1,
        "verified": true,
        "uncertainty_radius_m": 80,
        "needs_review": false,
        "review_reason": ""
      },
      "geometry": {
        "type": "Point",
        "coordinates": [
          121.0314092,
          14.6016524
        ]
      }
    },
    {
      "type": "Feature",
      "properties": {
        "name": "BARANGAY MULTI- PURPOSE HALL (old-2nd floor, 3rd floor, roof deck)",
        "barangay_input": "ONSE",
        "barangay_resolved": "Onse",
        "municipality_input": "City of San Juan",
        "facility_type": "MULTI-PURPOSE BUILDING",
        "facility_status": "PERMANENT",
        "geocode_provider": "osm",
        "geocode_query": "OSM:Onse Barangay Hall",
        "confidence": 1,
        "verified": true,
        "uncertainty_radius_m": 80,
        "needs_review": false,
        "review_reason": ""
      },
      "geometry": {
        "type": "Point",
        "coordinates": [
          121.0314092,
          14.6016524
        ]
      }
    },
    {
      "type": "Feature",
      "properties": {
        "name": "Onse Covered Court (wooden- new)",
        "barangay_input": "ONSE",
        "barangay_resolved": "Onse",
        "municipality_input": "City of San Juan",
        "facility_type": "GYM/SPORTS FACILITY",
        "facility_status": "TEMPORARY",
        "geocode_provider": "osm",
        "geocode_query": "OSM:Onse Covered Court",
        "confidence": 1,
        "verified": true,
        "uncertainty_radius_m": 80,
        "needs_review": false,
        "review_reason": ""
      },
      "geometry": {
        "type": "Point",
        "coordinates": [
          121.0312265,
          14.601527
        ]
      }
    },
    {
      "type": "Feature",
      "properties": {
        "name": "Barangay Onse Health Center (3rd, 4th, roof deck",
        "barangay_input": "ONSE",
        "barangay_resolved": "Onse",
        "municipality_input": "City of San Juan",
        "facility_type": "MEDICAL FACILITY",
        "facility_status": "TEMPORARY",
        "geocode_provider": "osm",
        "geocode_query": "OSM:Tibagan Barangay Health Center",
        "confidence": 1,
        "verified": true,
        "uncertainty_radius_m": 80,
        "needs_review": false,
        "review_reason": ""
      },
      "geometry": {
        "type": "Point",
        "coordinates": [
          121.0289484,
          14.6011507
        ]
      }
    },
    {
      "type": "Feature",
      "properties": {
        "name": "Sta. Lucia Court",
        "barangay_input": "STA. LUCIA",
        "barangay_resolved": "Santa Lucia",
        "municipality_input": "City of San Juan",
        "facility_type": "GYM/SPORTS FACILITY",
        "facility_status": "TEMPORARY",
        "geocode_provider": "osm",
        "geocode_query": "OSM:poi",
        "confidence": 1,
        "verified": true,
        "uncertainty_radius_m": 80,
        "needs_review": false,
        "review_reason": ""
      },
      "geometry": {
        "type": "Point",
        "coordinates": [
          121.0382775,
          14.5966602
        ]
      }
    },
    {
      "type": "Feature",
      "properties": {
        "name": "Sta. Lucia Day Care Center",
        "barangay_input": "STA. LUCIA",
        "barangay_resolved": "Santa Lucia",
        "municipality_input": "City of San Juan",
        "facility_type": "DAY CARE CENTER",
        "facility_status": "TEMPORARY",
        "geocode_provider": "osm",
        "geocode_query": "OSM:Santa Lucia Barangay Hall",
        "confidence": 1,
        "verified": true,
        "uncertainty_radius_m": 80,
        "needs_review": false,
        "review_reason": ""
      },
      "geometry": {
        "type": "Point",
        "coordinates": [
          121.0351587,
          14.597816
        ]
      }
    },
    {
      "type": "Feature",
      "properties": {
        "name": "PARADA COMPOUND",
        "barangay_input": "STA. LUCIA",
        "barangay_resolved": "Santa Lucia",
        "municipality_input": "City of San Juan",
        "facility_type": "PRIVATE AND RESIDENCIAL",
        "facility_status": "TEMPORARY",
        "geocode_provider": "osm",
        "geocode_query": "OSM:Santa Lucia Barangay Hall",
        "confidence": 1,
        "verified": true,
        "uncertainty_radius_m": 80,
        "needs_review": false,
        "review_reason": ""
      },
      "geometry": {
        "type": "Point",
        "coordinates": [
          121.0351587,
          14.597816
        ]
      }
    },
    {
      "type": "Feature",
      "properties": {
        "name": "Pinaglabanan Shrine",
        "barangay_input": "ST. JOSEPH",
        "barangay_resolved": null,
        "municipality_input": "City of San Juan",
        "facility_type": "RELIGIOUS FACILITY",
        "facility_status": "TEMPORARY",
        "geocode_provider": "nominatim",
        "geocode_query": "Pinaglabanan Shrine, ST JOSEPH, SAN JUAN",
        "confidence": 1,
        "verified": true,
        "uncertainty_radius_m": 50,
        "needs_review": false,
        "review_reason": "Manually verified & pinned by user",
        "triangulated": true
      },
      "geometry": {
        "type": "Point",
        "coordinates": [
          121.03172063827516,
          14.605204848421891
        ]
      }
    },
    {
      "type": "Feature",
      "properties": {
        "name": "Barangay Community Center - Tibagan",
        "barangay_input": "TIBAGAN",
        "barangay_resolved": "Tibagan",
        "municipality_input": "City of San Juan",
        "facility_type": "COMMUNITY CENTER",
        "facility_status": "TEMPORARY",
        "geocode_provider": "osm",
        "geocode_query": "OSM:Tibagan Day Care Center",
        "confidence": 1,
        "verified": true,
        "uncertainty_radius_m": 80,
        "needs_review": false,
        "review_reason": ""
      },
      "geometry": {
        "type": "Point",
        "coordinates": [
          121.0298277,
          14.6011965
        ]
      }
    },
    {
      "type": "Feature",
      "properties": {
        "name": "BARANGAY TIBAGAN MULTI PURPOSE HALL (ground floor & 3rd floor)",
        "barangay_input": "TIBAGAN",
        "barangay_resolved": "Tibagan",
        "municipality_input": "City of San Juan",
        "facility_type": "MULTI-PURPOSE BUILDING",
        "facility_status": "PERMANENT",
        "geocode_provider": "osm",
        "geocode_query": "OSM:community_centre",
        "confidence": 1,
        "verified": true,
        "uncertainty_radius_m": 80,
        "needs_review": false,
        "review_reason": ""
      },
      "geometry": {
        "type": "Point",
        "coordinates": [
          121.030204,
          14.6035629
        ]
      }
    },
    {
      "type": "Feature",
      "properties": {
        "name": "BARANGAY WEST CRAME MULTI PURPOSE HALL (GROUND FLOOR, 2ND FLOOR, COVERED COURT)",
        "barangay_input": "WEST CRAME",
        "barangay_resolved": "West Crame",
        "municipality_input": "City of San Juan",
        "facility_type": "GYM/SPORTS FACILITY",
        "facility_status": "TEMPORARY",
        "geocode_provider": "osm",
        "geocode_query": "OSM:West Crame Barangay Hall",
        "confidence": 1,
        "verified": true,
        "uncertainty_radius_m": 80,
        "needs_review": false,
        "review_reason": ""
      },
      "geometry": {
        "type": "Point",
        "coordinates": [
          121.0504498,
          14.6054993
        ]
      }
    },
    {
      "type": "Feature",
      "properties": {
        "name": "BARANGAY HALLL WEST CRAME (4TH FLOOR)",
        "barangay_input": "WEST CRAME",
        "barangay_resolved": "West Crame",
        "municipality_input": "City of San Juan",
        "facility_type": "BARANGAY HALL FACILITY",
        "facility_status": "TEMPORARY",
        "geocode_provider": "osm",
        "geocode_query": "OSM:West Crame Barangay Hall",
        "confidence": 1,
        "verified": true,
        "uncertainty_radius_m": 80,
        "needs_review": false,
        "review_reason": ""
      },
      "geometry": {
        "type": "Point",
        "coordinates": [
          121.0504498,
          14.6054993
        ]
      }
    },
    {
      "type": "Feature",
      "properties": {
        "name": "Sacred Heart Chapel",
        "barangay_input": "WEST CRAME",
        "barangay_resolved": "West Crame",
        "municipality_input": "City of San Juan",
        "facility_type": "RELIGIOUS FACILITY",
        "facility_status": "TEMPORARY",
        "geocode_provider": "osm",
        "geocode_query": "OSM:Sacred Heart Chapel",
        "confidence": 1,
        "verified": true,
        "uncertainty_radius_m": 80,
        "needs_review": false,
        "review_reason": ""
      },
      "geometry": {
        "type": "Point",
        "coordinates": [
          121.0487987,
          14.6083539
        ]
      }
    },
    {
      "type": "Feature",
      "properties": {
        "name": "West Crame Open Court",
        "barangay_input": "WEST CRAME",
        "barangay_resolved": "West Crame",
        "municipality_input": "City of San Juan",
        "facility_type": "GYM/SPORTS FACILITY",
        "facility_status": "TEMPORARY",
        "geocode_provider": "osm",
        "geocode_query": "OSM:pitch",
        "confidence": 1,
        "verified": true,
        "uncertainty_radius_m": 80,
        "needs_review": false,
        "review_reason": ""
      },
      "geometry": {
        "type": "Point",
        "coordinates": [
          121.0491368,
          14.6086181
        ]
      }
    },
    {
      "type": "Feature",
      "properties": {
        "name": "West Crame Elementary School",
        "barangay_input": "WEST CRAME",
        "barangay_resolved": "West Crame",
        "municipality_input": "City of San Juan",
        "facility_type": "SCHOOL",
        "facility_status": "TEMPORARY",
        "geocode_provider": "osm",
        "geocode_query": "OSM:Camp Crame Elementary School",
        "confidence": 1,
        "verified": true,
        "uncertainty_radius_m": 80,
        "needs_review": false,
        "review_reason": ""
      },
      "geometry": {
        "type": "Point",
        "coordinates": [
          121.0516161,
          14.6056292
        ]
      }
    },
    {
      "type": "Feature",
      "properties": {
        "name": "Capt. Musni Covered Court Brgy. Sta Ana",
        "barangay_input": "Sta Ana",
        "barangay_resolved": "Santa Ana",
        "municipality_input": "Pateros",
        "facility_type": "GYM/SPORTS FACILITY",
        "facility_status": "TEMPORARY",
        "geocode_provider": "osm",
        "geocode_query": "OSM:sports_centre",
        "confidence": 1,
        "verified": true,
        "uncertainty_radius_m": 80,
        "needs_review": false,
        "review_reason": ""
      },
      "geometry": {
        "type": "Point",
        "coordinates": [
          121.068823,
          14.5421986
        ]
      }
    },
    {
      "type": "Feature",
      "properties": {
        "name": "Capt. Hipolito Francisco Elementary School Covered Court",
        "barangay_input": "Sta Ana",
        "barangay_resolved": "Santa Ana",
        "municipality_input": "Pateros",
        "facility_type": "SCHOOL",
        "facility_status": "TEMPORARY",
        "geocode_provider": "osm",
        "geocode_query": "OSM:sports_centre",
        "confidence": 1,
        "verified": true,
        "uncertainty_radius_m": 80,
        "needs_review": false,
        "review_reason": ""
      },
      "geometry": {
        "type": "Point",
        "coordinates": [
          121.068823,
          14.5421986
        ]
      }
    },
    {
      "type": "Feature",
      "properties": {
        "name": "Capt. Hipolito Francisco (Main) Elementary School",
        "barangay_input": "Sta Ana",
        "barangay_resolved": "Santa Ana",
        "municipality_input": "Pateros",
        "facility_type": "SCHOOL",
        "facility_status": "TEMPORARY",
        "geocode_provider": "osm",
        "geocode_query": "OSM:Capitan Hipolito Francisco Elementary School",
        "confidence": 1,
        "verified": true,
        "uncertainty_radius_m": 80,
        "needs_review": false,
        "review_reason": ""
      },
      "geometry": {
        "type": "Point",
        "coordinates": [
          121.0717679,
          14.5467216
        ]
      }
    },
    {
      "type": "Feature",
      "properties": {
        "name": "Capt. Hipolito Francisco (Annex) Elementary School",
        "barangay_input": "Sta Ana",
        "barangay_resolved": "Santa Ana",
        "municipality_input": "Pateros",
        "facility_type": "SCHOOL",
        "facility_status": "TEMPORARY",
        "geocode_provider": "osm",
        "geocode_query": "OSM:Captain Hipolito Francisco Elementary School - Annex",
        "confidence": 1,
        "verified": true,
        "uncertainty_radius_m": 80,
        "needs_review": false,
        "review_reason": ""
      },
      "geometry": {
        "type": "Point",
        "coordinates": [
          121.0700146,
          14.5447247
        ]
      }
    },
    {
      "type": "Feature",
      "properties": {
        "name": "Ma. Concepcion Cruz National High School",
        "barangay_input": "Sta Ana",
        "barangay_resolved": "Santa Ana",
        "municipality_input": "Pateros",
        "facility_type": "SCHOOL",
        "facility_status": "TEMPORARY",
        "geocode_provider": "osm",
        "geocode_query": "OSM:Maria Concepcion Cruz High School",
        "confidence": 1,
        "verified": true,
        "uncertainty_radius_m": 80,
        "needs_review": false,
        "review_reason": ""
      },
      "geometry": {
        "type": "Point",
        "coordinates": [
          121.0689741,
          14.5420246
        ]
      }
    },
    {
      "type": "Feature",
      "properties": {
        "name": "Masikap Covered Court",
        "barangay_input": "Sta Ana",
        "barangay_resolved": "Santa Ana",
        "municipality_input": "Pateros",
        "facility_type": "GYM/SPORTS FACILITY",
        "facility_status": "TEMPORARY",
        "geocode_provider": "osm",
        "geocode_query": "OSM:Santa Ana Covered Court",
        "confidence": 1,
        "verified": true,
        "uncertainty_radius_m": 80,
        "needs_review": false,
        "review_reason": ""
      },
      "geometry": {
        "type": "Point",
        "coordinates": [
          121.0716805,
          14.5469632
        ]
      }
    },
    {
      "type": "Feature",
      "properties": {
        "name": "Sta Ana Elementary School",
        "barangay_input": "Sta Ana",
        "barangay_resolved": "Santa Ana",
        "municipality_input": "Pateros",
        "facility_type": "SCHOOL",
        "facility_status": "TEMPORARY",
        "geocode_provider": "osm",
        "geocode_query": "OSM:Santa Ana Elementary School",
        "confidence": 1,
        "verified": true,
        "uncertainty_radius_m": 80,
        "needs_review": false,
        "review_reason": ""
      },
      "geometry": {
        "type": "Point",
        "coordinates": [
          121.0742001,
          14.5476046
        ]
      }
    },
    {
      "type": "Feature",
      "properties": {
        "name": "Brgy. Sto Rosario Kanluran Covered Court",
        "barangay_input": "Sto Rosario Kanluran",
        "barangay_resolved": "Santo Rosario-Kanluran",
        "municipality_input": "Pateros",
        "facility_type": "GYM/SPORTS FACILITY",
        "facility_status": "TEMPORARY",
        "geocode_provider": "osm",
        "geocode_query": "OSM:Sto. Rosario Kanluran Covered Court",
        "confidence": 1,
        "verified": true,
        "uncertainty_radius_m": 80,
        "needs_review": false,
        "review_reason": ""
      },
      "geometry": {
        "type": "Point",
        "coordinates": [
          121.0681584,
          14.5515238
        ]
      }
    },
    {
      "type": "Feature",
      "properties": {
        "name": "Pateros Technological College Annex Building",
        "barangay_input": "Sto Rosario Kanluran",
        "barangay_resolved": "Santo Rosario-Kanluran",
        "municipality_input": "Pateros",
        "facility_type": "SCHOOL",
        "facility_status": "TEMPORARY",
        "geocode_provider": "geoapify",
        "geocode_query": "Pateros Technological College Annex Building, Sto Rosario Kanluran, PATEROS",
        "confidence": 0.9,
        "verified": true,
        "uncertainty_radius_m": 150,
        "needs_review": false,
        "review_reason": ""
      },
      "geometry": {
        "type": "Point",
        "coordinates": [
          121.069161,
          14.552682
        ]
      }
    },
    {
      "type": "Feature",
      "properties": {
        "name": "Sto Rosario Elementary School",
        "barangay_input": "Sto Rosario Kanluran",
        "barangay_resolved": "Santo Rosario-Kanluran",
        "municipality_input": "Pateros",
        "facility_type": "SCHOOL",
        "facility_status": "TEMPORARY",
        "geocode_provider": "osm",
        "geocode_query": "OSM:Santo Rosario Elementary School",
        "confidence": 1,
        "verified": true,
        "uncertainty_radius_m": 80,
        "needs_review": false,
        "review_reason": ""
      },
      "geometry": {
        "type": "Point",
        "coordinates": [
          121.069048,
          14.5524498
        ]
      }
    },
    {
      "type": "Feature",
      "properties": {
        "name": "Brgy. Sto Rosario Silangan Covered Court",
        "barangay_input": "Sto Rosario Silangan",
        "barangay_resolved": null,
        "municipality_input": "Pateros",
        "facility_type": "GYM/SPORTS FACILITY",
        "facility_status": "TEMPORARY",
        "geocode_provider": "geoapify",
        "geocode_query": "Barangay. Sto Rosario Silangan Covered Court, Sto Rosario Silangan, PATEROS",
        "confidence": 1,
        "verified": true,
        "uncertainty_radius_m": 50,
        "needs_review": false,
        "review_reason": "Manually verified & pinned by user",
        "triangulated": true
      },
      "geometry": {
        "type": "Point",
        "coordinates": [
          121.07056440768773,
          14.549211161116876
        ]
      }
    },
    {
      "type": "Feature",
      "properties": {
        "name": "Tabacalera Pecep",
        "barangay_input": "Tabacalera",
        "barangay_resolved": "Tabacalera",
        "municipality_input": "Pateros",
        "facility_type": "MULTI-PURPOSE BUILDING",
        "facility_status": "PERMANENT",
        "geocode_provider": "osm",
        "geocode_query": "OSM:Barangay Tabacalera Pecep Center",
        "confidence": 1,
        "verified": true,
        "uncertainty_radius_m": 80,
        "needs_review": false,
        "review_reason": ""
      },
      "geometry": {
        "type": "Point",
        "coordinates": [
          121.0695657,
          14.5484859
        ]
      }
    },
    {
      "type": "Feature",
      "properties": {
        "name": "Agripino Manalo High School",
        "barangay_input": "Aguho",
        "barangay_resolved": "Aguho",
        "municipality_input": "Pateros",
        "facility_type": "SCHOOL",
        "facility_status": "TEMPORARY",
        "geocode_provider": "osm",
        "geocode_query": "OSM:Agripino Manalo National High School",
        "confidence": 1,
        "verified": true,
        "uncertainty_radius_m": 80,
        "needs_review": false,
        "review_reason": ""
      },
      "geometry": {
        "type": "Point",
        "coordinates": [
          121.0621094,
          14.5444209
        ]
      }
    },
    {
      "type": "Feature",
      "properties": {
        "name": "Aguho Elementary School",
        "barangay_input": "Aguho",
        "barangay_resolved": "Aguho",
        "municipality_input": "Pateros",
        "facility_type": "SCHOOL",
        "facility_status": "TEMPORARY",
        "geocode_provider": "osm",
        "geocode_query": "OSM:Aguho Elementary School",
        "confidence": 1,
        "verified": true,
        "uncertainty_radius_m": 80,
        "needs_review": false,
        "review_reason": ""
      },
      "geometry": {
        "type": "Point",
        "coordinates": [
          121.0614982,
          14.5441702
        ]
      }
    },
    {
      "type": "Feature",
      "properties": {
        "name": "Brgy. Aguho Covered Court",
        "barangay_input": "Aguho",
        "barangay_resolved": "Aguho",
        "municipality_input": "Pateros",
        "facility_type": "GYM/SPORTS FACILITY",
        "facility_status": "TEMPORARY",
        "geocode_provider": "osm",
        "geocode_query": "OSM:Umbel Covered Court",
        "confidence": 1,
        "verified": true,
        "uncertainty_radius_m": 80,
        "needs_review": false,
        "review_reason": ""
      },
      "geometry": {
        "type": "Point",
        "coordinates": [
          121.0607924,
          14.5426361
        ]
      }
    },
    {
      "type": "Feature",
      "properties": {
        "name": "Brgy. San Roque Covered Court",
        "barangay_input": "San Roque",
        "barangay_resolved": "San Roque",
        "municipality_input": "Pateros",
        "facility_type": "GYM/SPORTS FACILITY",
        "facility_status": "TEMPORARY",
        "geocode_provider": "osm",
        "geocode_query": "OSM:San Roque Covered Court",
        "confidence": 1,
        "verified": true,
        "uncertainty_radius_m": 80,
        "needs_review": false,
        "review_reason": ""
      },
      "geometry": {
        "type": "Point",
        "coordinates": [
          121.0691446,
          14.5403075
        ]
      }
    },
    {
      "type": "Feature",
      "properties": {
        "name": "P. Manalo Elementary School",
        "barangay_input": "San Roque",
        "barangay_resolved": "San Roque",
        "municipality_input": "Pateros",
        "facility_type": "SCHOOL",
        "facility_status": "TEMPORARY",
        "geocode_provider": "osm",
        "geocode_query": "OSM:Paulina Manalo Elementary School",
        "confidence": 1,
        "verified": true,
        "uncertainty_radius_m": 80,
        "needs_review": false,
        "review_reason": ""
      },
      "geometry": {
        "type": "Point",
        "coordinates": [
          121.0719194,
          14.5409483
        ]
      }
    },
    {
      "type": "Feature",
      "properties": {
        "name": "AMC Covered Court",
        "barangay_input": "San Roque",
        "barangay_resolved": "San Roque",
        "municipality_input": "Pateros",
        "facility_type": "GYM/SPORTS FACILITY",
        "facility_status": "TEMPORARY",
        "geocode_provider": "osm",
        "geocode_query": "OSM:San Roque Covered Court",
        "confidence": 1,
        "verified": true,
        "uncertainty_radius_m": 80,
        "needs_review": false,
        "review_reason": ""
      },
      "geometry": {
        "type": "Point",
        "coordinates": [
          121.0691446,
          14.5403075
        ]
      }
    },
    {
      "type": "Feature",
      "properties": {
        "name": "Municipality of Pateros Evacuation Center Building",
        "barangay_input": "San Pedro",
        "barangay_resolved": "San Pedro",
        "municipality_input": "Pateros",
        "facility_type": "EVACUATION CENTER",
        "facility_status": "PERMANENT",
        "geocode_provider": "geoapify",
        "geocode_query": "Municipality of Pateros Evacuation Center Building, San Pedro, PATEROS",
        "confidence": 0.9,
        "verified": true,
        "uncertainty_radius_m": 150,
        "needs_review": false,
        "review_reason": ""
      },
      "geometry": {
        "type": "Point",
        "coordinates": [
          121.0653023,
          14.5440569
        ]
      }
    },
    {
      "type": "Feature",
      "properties": {
        "name": "Pateros Elementary School Multi-Purpose Hall",
        "barangay_input": "San Pedro",
        "barangay_resolved": "San Pedro",
        "municipality_input": "Pateros",
        "facility_type": "SCHOOL",
        "facility_status": "TEMPORARY",
        "geocode_provider": "osm",
        "geocode_query": "OSM:Pateros Elementary School",
        "confidence": 1,
        "verified": true,
        "uncertainty_radius_m": 80,
        "needs_review": false,
        "review_reason": ""
      },
      "geometry": {
        "type": "Point",
        "coordinates": [
          121.0671905,
          14.5459843
        ]
      }
    },
    {
      "type": "Feature",
      "properties": {
        "name": "Brgy. San Pedro Covered Court",
        "barangay_input": "San Pedro",
        "barangay_resolved": "San Pedro",
        "municipality_input": "Pateros",
        "facility_type": "GYM/SPORTS FACILITY",
        "facility_status": "TEMPORARY",
        "geocode_provider": "osm",
        "geocode_query": "OSM:shelter",
        "confidence": 1,
        "verified": true,
        "uncertainty_radius_m": 80,
        "needs_review": false,
        "review_reason": ""
      },
      "geometry": {
        "type": "Point",
        "coordinates": [
          121.0694442,
          14.5484718
        ]
      }
    },
    {
      "type": "Feature",
      "properties": {
        "name": "Pateros National High School",
        "barangay_input": "San Pedro",
        "barangay_resolved": "San Pedro",
        "municipality_input": "Pateros",
        "facility_type": "SCHOOL",
        "facility_status": "TEMPORARY",
        "geocode_provider": "osm",
        "geocode_query": "OSM:Pateros National High School",
        "confidence": 1,
        "verified": true,
        "uncertainty_radius_m": 80,
        "needs_review": false,
        "review_reason": ""
      },
      "geometry": {
        "type": "Point",
        "coordinates": [
          121.0661607,
          14.5474119
        ]
      }
    },
    {
      "type": "Feature",
      "properties": {
        "name": "Garden of Memories",
        "barangay_input": "Martirez Del 96`",
        "barangay_resolved": "Martires Del 96",
        "municipality_input": "Pateros",
        "facility_type": "PRIVATE AND RESIDENCIAL",
        "facility_status": "TEMPORARY",
        "geocode_provider": "nominatim",
        "geocode_query": "Garden of Memories, PATEROS",
        "confidence": 0.8,
        "verified": true,
        "uncertainty_radius_m": 300,
        "needs_review": false,
        "review_reason": ""
      },
      "geometry": {
        "type": "Point",
        "coordinates": [
          121.0708966,
          14.5379845
        ]
      }
    },
    {
      "type": "Feature",
      "properties": {
        "name": "Brgy. Martirez Covered Court",
        "barangay_input": "Martirez Del 96`",
        "barangay_resolved": "Martires Del 96",
        "municipality_input": "Pateros",
        "facility_type": "GYM/SPORTS FACILITY",
        "facility_status": "TEMPORARY",
        "geocode_provider": "osm",
        "geocode_query": "OSM:sports_hall",
        "confidence": 1,
        "verified": true,
        "uncertainty_radius_m": 80,
        "needs_review": false,
        "review_reason": ""
      },
      "geometry": {
        "type": "Point",
        "coordinates": [
          121.0660661,
          14.5394696
        ]
      }
    },
    {
      "type": "Feature",
      "properties": {
        "name": "Brgy. Magtanggol Covered Court",
        "barangay_input": "Magtanggol",
        "barangay_resolved": "Magtanggol",
        "municipality_input": "Pateros",
        "facility_type": "GYM/SPORTS FACILITY",
        "facility_status": "TEMPORARY",
        "geocode_provider": "osm",
        "geocode_query": "OSM:Magtanggol Covered Court",
        "confidence": 1,
        "verified": true,
        "uncertainty_radius_m": 80,
        "needs_review": false,
        "review_reason": ""
      },
      "geometry": {
        "type": "Point",
        "coordinates": [
          121.0698416,
          14.5483968
        ]
      }
    },
    {
      "type": "Feature",
      "properties": {
        "name": "Barangka Elementary School",
        "barangay_input": "BARANGKA",
        "barangay_resolved": "Barangka",
        "municipality_input": "City of Marikina",
        "facility_type": "SCHOOL",
        "facility_status": "TEMPORARY",
        "geocode_provider": "osm",
        "geocode_query": "OSM:Barangka Elementary School",
        "confidence": 1,
        "verified": true,
        "uncertainty_radius_m": 80,
        "needs_review": false,
        "review_reason": ""
      },
      "geometry": {
        "type": "Point",
        "coordinates": [
          121.0819427,
          14.6334519
        ]
      }
    },
    {
      "type": "Feature",
      "properties": {
        "name": "Concepcion Elementary School",
        "barangay_input": "CONCEPCION UNO",
        "barangay_resolved": "Concepcion Uno",
        "municipality_input": "City of Marikina",
        "facility_type": "SCHOOL",
        "facility_status": "TEMPORARY",
        "geocode_provider": "osm",
        "geocode_query": "OSM:Concepcion Elementary School",
        "confidence": 1,
        "verified": true,
        "uncertainty_radius_m": 80,
        "needs_review": false,
        "review_reason": ""
      },
      "geometry": {
        "type": "Point",
        "coordinates": [
          121.1037942,
          14.6478702
        ]
      }
    },
    {
      "type": "Feature",
      "properties": {
        "name": "Concepcion Integrated School - EL",
        "barangay_input": "CONCEPCION UNO",
        "barangay_resolved": "Concepcion Uno",
        "municipality_input": "City of Marikina",
        "facility_type": "SCHOOL",
        "facility_status": "TEMPORARY",
        "geocode_provider": "osm",
        "geocode_query": "OSM:Concepcion Integrated School",
        "confidence": 1,
        "verified": true,
        "uncertainty_radius_m": 80,
        "needs_review": false,
        "review_reason": ""
      },
      "geometry": {
        "type": "Point",
        "coordinates": [
          121.1019374,
          14.6505675
        ]
      }
    },
    {
      "type": "Feature",
      "properties": {
        "name": "Fortune Elementary School",
        "barangay_input": "FORTUNE",
        "barangay_resolved": "Fortune",
        "municipality_input": "City of Marikina",
        "facility_type": "SCHOOL",
        "facility_status": "TEMPORARY",
        "geocode_provider": "osm",
        "geocode_query": "OSM:Fortune Elementary School",
        "confidence": 1,
        "verified": true,
        "uncertainty_radius_m": 80,
        "needs_review": false,
        "review_reason": ""
      },
      "geometry": {
        "type": "Point",
        "coordinates": [
          121.1263166,
          14.6593072
        ]
      }
    },
    {
      "type": "Feature",
      "properties": {
        "name": "H. Bautista Elementary School",
        "barangay_input": "CONCEPCION UNO",
        "barangay_resolved": "Concepcion Uno",
        "municipality_input": "City of Marikina",
        "facility_type": "SCHOOL",
        "facility_status": "TEMPORARY",
        "geocode_provider": "osm",
        "geocode_query": "OSM:Hermogenes Bautista Elementary School",
        "confidence": 1,
        "verified": true,
        "uncertainty_radius_m": 80,
        "needs_review": false,
        "review_reason": ""
      },
      "geometry": {
        "type": "Point",
        "coordinates": [
          121.1041875,
          14.6579594
        ]
      }
    },
    {
      "type": "Feature",
      "properties": {
        "name": "Kalumpang Elementary School",
        "barangay_input": "KALUMPANG",
        "barangay_resolved": "Calumpang",
        "municipality_input": "City of Marikina",
        "facility_type": "SCHOOL",
        "facility_status": "TEMPORARY",
        "geocode_provider": "osm",
        "geocode_query": "OSM:Kalumpang Elementary School",
        "confidence": 1,
        "verified": true,
        "uncertainty_radius_m": 80,
        "needs_review": false,
        "review_reason": ""
      },
      "geometry": {
        "type": "Point",
        "coordinates": [
          121.0900334,
          14.6224264
        ]
      }
    },
    {
      "type": "Feature",
      "properties": {
        "name": "Kapitan Moy Elementary School",
        "barangay_input": "MARIKINA HEIGHTS",
        "barangay_resolved": "Marikina Heights",
        "municipality_input": "City of Marikina",
        "facility_type": "SCHOOL",
        "facility_status": "TEMPORARY",
        "geocode_provider": "osm",
        "geocode_query": "OSM:Kapitan Moy Elementary School",
        "confidence": 1,
        "verified": true,
        "uncertainty_radius_m": 80,
        "needs_review": false,
        "review_reason": ""
      },
      "geometry": {
        "type": "Point",
        "coordinates": [
          121.1186009,
          14.6490952
        ]
      }
    },
    {
      "type": "Feature",
      "properties": {
        "name": "Leodegario Victorino Elementary School",
        "barangay_input": "JESUS DELA PEÑA",
        "barangay_resolved": null,
        "municipality_input": "City of Marikina",
        "facility_type": "SCHOOL",
        "facility_status": "TEMPORARY",
        "geocode_provider": "nominatim",
        "geocode_query": "Leodegario Victorino Elementary School, JESUS DELA PENA, MARIKINA",
        "confidence": 1,
        "verified": true,
        "uncertainty_radius_m": 50,
        "needs_review": false,
        "review_reason": "Manually verified & pinned by user",
        "triangulated": true
      },
      "geometry": {
        "type": "Point",
        "coordinates": [
          121.09021425247194,
          14.635360771256487
        ]
      }
    },
    {
      "type": "Feature",
      "properties": {
        "name": "Malanday Elementary School",
        "barangay_input": "MALANDAY",
        "barangay_resolved": "Malanday",
        "municipality_input": "City of Marikina",
        "facility_type": "SCHOOL",
        "facility_status": "TEMPORARY",
        "geocode_provider": "osm",
        "geocode_query": "OSM:Malanday Elementary School",
        "confidence": 1,
        "verified": true,
        "uncertainty_radius_m": 80,
        "needs_review": false,
        "review_reason": ""
      },
      "geometry": {
        "type": "Point",
        "coordinates": [
          121.0944079,
          14.6502834
        ]
      }
    },
    {
      "type": "Feature",
      "properties": {
        "name": "Marikina Elementary School",
        "barangay_input": "STA.ELENA",
        "barangay_resolved": "Santa Elena",
        "municipality_input": "City of Marikina",
        "facility_type": "SCHOOL",
        "facility_status": "TEMPORARY",
        "geocode_provider": "osm",
        "geocode_query": "OSM:Marikina Elementary School",
        "confidence": 1,
        "verified": true,
        "uncertainty_radius_m": 80,
        "needs_review": false,
        "review_reason": ""
      },
      "geometry": {
        "type": "Point",
        "coordinates": [
          121.0975287,
          14.631281
        ]
      }
    },
    {
      "type": "Feature",
      "properties": {
        "name": "Nangka Elementary School",
        "barangay_input": "NANGKA",
        "barangay_resolved": "Nangka",
        "municipality_input": "City of Marikina",
        "facility_type": "SCHOOL",
        "facility_status": "TEMPORARY",
        "geocode_provider": "osm",
        "geocode_query": "OSM:Nangka Elementary School",
        "confidence": 1,
        "verified": true,
        "uncertainty_radius_m": 80,
        "needs_review": false,
        "review_reason": ""
      },
      "geometry": {
        "type": "Point",
        "coordinates": [
          121.1084404,
          14.6729905
        ]
      }
    },
    {
      "type": "Feature",
      "properties": {
        "name": "Parang Elementary School",
        "barangay_input": "PARANG",
        "barangay_resolved": "Parang",
        "municipality_input": "City of Marikina",
        "facility_type": "SCHOOL",
        "facility_status": "TEMPORARY",
        "geocode_provider": "osm",
        "geocode_query": "OSM:Parang Elementary School",
        "confidence": 1,
        "verified": true,
        "uncertainty_radius_m": 80,
        "needs_review": false,
        "review_reason": ""
      },
      "geometry": {
        "type": "Point",
        "coordinates": [
          121.111698,
          14.6573719
        ]
      }
    },
    {
      "type": "Feature",
      "properties": {
        "name": "San Roque Elementary School",
        "barangay_input": "SAN ROQUE",
        "barangay_resolved": "San Roque",
        "municipality_input": "City of Marikina",
        "facility_type": "SCHOOL",
        "facility_status": "TEMPORARY",
        "geocode_provider": "osm",
        "geocode_query": "OSM:San Roque Elementary School",
        "confidence": 1,
        "verified": true,
        "uncertainty_radius_m": 80,
        "needs_review": false,
        "review_reason": ""
      },
      "geometry": {
        "type": "Point",
        "coordinates": [
          121.0966073,
          14.6228686
        ]
      }
    },
    {
      "type": "Feature",
      "properties": {
        "name": "SSS Village Elementary School",
        "barangay_input": "CONCEPCION DOS",
        "barangay_resolved": "Concepcion Dos",
        "municipality_input": "City of Marikina",
        "facility_type": "SCHOOL",
        "facility_status": "TEMPORARY",
        "geocode_provider": "osm",
        "geocode_query": "OSM:SSS Village Elementary School",
        "confidence": 1,
        "verified": true,
        "uncertainty_radius_m": 80,
        "needs_review": false,
        "review_reason": ""
      },
      "geometry": {
        "type": "Point",
        "coordinates": [
          121.1213676,
          14.6401826
        ]
      }
    },
    {
      "type": "Feature",
      "properties": {
        "name": "St. Mary Elementary School",
        "barangay_input": "NANGKA",
        "barangay_resolved": "Nangka",
        "municipality_input": "City of Marikina",
        "facility_type": "SCHOOL",
        "facility_status": "TEMPORARY",
        "geocode_provider": "osm",
        "geocode_query": "OSM:Saint Mary Elementary School",
        "confidence": 1,
        "verified": true,
        "uncertainty_radius_m": 80,
        "needs_review": false,
        "review_reason": ""
      },
      "geometry": {
        "type": "Point",
        "coordinates": [
          121.1134833,
          14.6687034
        ]
      }
    },
    {
      "type": "Feature",
      "properties": {
        "name": "Sto. Niño Elementary School",
        "barangay_input": "STO.NIÑO",
        "barangay_resolved": null,
        "municipality_input": "City of Marikina",
        "facility_type": "SCHOOL",
        "facility_status": "TEMPORARY",
        "geocode_provider": "mapbox",
        "geocode_query": "Sto. Niño Elementary School, STO NINO, MARIKINA",
        "confidence": 1,
        "verified": true,
        "uncertainty_radius_m": 50,
        "needs_review": false,
        "review_reason": "Manually verified & pinned by user",
        "triangulated": true
      },
      "geometry": {
        "type": "Point",
        "coordinates": [
          121.09649062156679,
          14.638223240656671
        ]
      }
    },
    {
      "type": "Feature",
      "properties": {
        "name": "Barangka National High School",
        "barangay_input": "BARANGKA",
        "barangay_resolved": "Barangka",
        "municipality_input": "City of Marikina",
        "facility_type": "SCHOOL",
        "facility_status": "TEMPORARY",
        "geocode_provider": "osm",
        "geocode_query": "OSM:Barangka National High School",
        "confidence": 1,
        "verified": true,
        "uncertainty_radius_m": 80,
        "needs_review": false,
        "review_reason": ""
      },
      "geometry": {
        "type": "Point",
        "coordinates": [
          121.0815155,
          14.6336394
        ]
      }
    },
    {
      "type": "Feature",
      "properties": {
        "name": "Concepcion Integrated School - SL",
        "barangay_input": "CONCEPCION UNO",
        "barangay_resolved": "Concepcion Uno",
        "municipality_input": "City of Marikina",
        "facility_type": "SCHOOL",
        "facility_status": "TEMPORARY",
        "geocode_provider": "osm",
        "geocode_query": "OSM:Concepcion Integrated School",
        "confidence": 1,
        "verified": true,
        "uncertainty_radius_m": 80,
        "needs_review": false,
        "review_reason": ""
      },
      "geometry": {
        "type": "Point",
        "coordinates": [
          121.1019374,
          14.6505675
        ]
      }
    },
    {
      "type": "Feature",
      "properties": {
        "name": "Fortune High School",
        "barangay_input": "FORTUNE",
        "barangay_resolved": "Fortune",
        "municipality_input": "City of Marikina",
        "facility_type": "SCHOOL",
        "facility_status": "TEMPORARY",
        "geocode_provider": "osm",
        "geocode_query": "OSM:Fortune High School",
        "confidence": 1,
        "verified": true,
        "uncertainty_radius_m": 80,
        "needs_review": false,
        "review_reason": ""
      },
      "geometry": {
        "type": "Point",
        "coordinates": [
          121.1270842,
          14.6597086
        ]
      }
    },
    {
      "type": "Feature",
      "properties": {
        "name": "Jesus Dela Peña National High School",
        "barangay_input": "JESUS DELA PEÑA",
        "barangay_resolved": null,
        "municipality_input": "City of Marikina",
        "facility_type": "SCHOOL",
        "facility_status": "TEMPORARY",
        "geocode_provider": "nominatim",
        "geocode_query": "Jesus Dela Peña National High School, JESUS DELA PENA, MARIKINA",
        "confidence": 1,
        "verified": true,
        "uncertainty_radius_m": 50,
        "needs_review": false,
        "review_reason": "Manually verified & pinned by user",
        "triangulated": true
      },
      "geometry": {
        "type": "Point",
        "coordinates": [
          121.0898448,
          14.6352646
        ]
      }
    },
    {
      "type": "Feature",
      "properties": {
        "name": "Kalumpang National High School",
        "barangay_input": "KALUMPANG",
        "barangay_resolved": "Calumpang",
        "municipality_input": "City of Marikina",
        "facility_type": "SCHOOL",
        "facility_status": "TEMPORARY",
        "geocode_provider": "osm",
        "geocode_query": "OSM:Kalumpang National High School",
        "confidence": 1,
        "verified": true,
        "uncertainty_radius_m": 80,
        "needs_review": false,
        "review_reason": ""
      },
      "geometry": {
        "type": "Point",
        "coordinates": [
          121.0899721,
          14.6221124
        ]
      }
    },
    {
      "type": "Feature",
      "properties": {
        "name": "Marikina Heights National High School",
        "barangay_input": "MARIKINA HEIGHTS",
        "barangay_resolved": "Marikina Heights",
        "municipality_input": "City of Marikina",
        "facility_type": "SCHOOL",
        "facility_status": "TEMPORARY",
        "geocode_provider": "osm",
        "geocode_query": "OSM:Marikina Heights National High School",
        "confidence": 1,
        "verified": true,
        "uncertainty_radius_m": 80,
        "needs_review": false,
        "review_reason": ""
      },
      "geometry": {
        "type": "Point",
        "coordinates": [
          121.1197473,
          14.648213
        ]
      }
    },
    {
      "type": "Feature",
      "properties": {
        "name": "Marikina High School",
        "barangay_input": "CONCEPCION UNO",
        "barangay_resolved": "Concepcion Uno",
        "municipality_input": "City of Marikina",
        "facility_type": "SCHOOL",
        "facility_status": "TEMPORARY",
        "geocode_provider": "osm",
        "geocode_query": "OSM:Marikina High School",
        "confidence": 1,
        "verified": true,
        "uncertainty_radius_m": 80,
        "needs_review": false,
        "review_reason": ""
      },
      "geometry": {
        "type": "Point",
        "coordinates": [
          121.1034265,
          14.6471157
        ]
      }
    },
    {
      "type": "Feature",
      "properties": {
        "name": "Parang High School",
        "barangay_input": "PARANG",
        "barangay_resolved": "Parang",
        "municipality_input": "City of Marikina",
        "facility_type": "SCHOOL",
        "facility_status": "TEMPORARY",
        "geocode_provider": "osm",
        "geocode_query": "OSM:Parang High School",
        "confidence": 1,
        "verified": true,
        "uncertainty_radius_m": 80,
        "needs_review": false,
        "review_reason": ""
      },
      "geometry": {
        "type": "Point",
        "coordinates": [
          121.1123645,
          14.6634965
        ]
      }
    },
    {
      "type": "Feature",
      "properties": {
        "name": "San Roque National High School",
        "barangay_input": "SAN ROQUE",
        "barangay_resolved": "San Roque",
        "municipality_input": "City of Marikina",
        "facility_type": "SCHOOL",
        "facility_status": "TEMPORARY",
        "geocode_provider": "osm",
        "geocode_query": "OSM:San Roque National High School",
        "confidence": 1,
        "verified": true,
        "uncertainty_radius_m": 80,
        "needs_review": false,
        "review_reason": ""
      },
      "geometry": {
        "type": "Point",
        "coordinates": [
          121.0971761,
          14.6227612
        ]
      }
    },
    {
      "type": "Feature",
      "properties": {
        "name": "SSS Village National High School",
        "barangay_input": "CONCEPCION DOS",
        "barangay_resolved": "Concepcion Dos",
        "municipality_input": "City of Marikina",
        "facility_type": "SCHOOL",
        "facility_status": "TEMPORARY",
        "geocode_provider": "osm",
        "geocode_query": "OSM:SSS National High School",
        "confidence": 1,
        "verified": true,
        "uncertainty_radius_m": 80,
        "needs_review": false,
        "review_reason": ""
      },
      "geometry": {
        "type": "Point",
        "coordinates": [
          121.1213274,
          14.6398053
        ]
      }
    },
    {
      "type": "Feature",
      "properties": {
        "name": "Sta. Elena High School",
        "barangay_input": "STA.ELENA",
        "barangay_resolved": "Santa Elena",
        "municipality_input": "City of Marikina",
        "facility_type": "SCHOOL",
        "facility_status": "TEMPORARY",
        "geocode_provider": "osm",
        "geocode_query": "OSM:Santa Elena High School",
        "confidence": 1,
        "verified": true,
        "uncertainty_radius_m": 80,
        "needs_review": false,
        "review_reason": ""
      },
      "geometry": {
        "type": "Point",
        "coordinates": [
          121.0973901,
          14.6323606
        ]
      }
    },
    {
      "type": "Feature",
      "properties": {
        "name": "Sto. Niño National High School",
        "barangay_input": "STO.NIÑO",
        "barangay_resolved": null,
        "municipality_input": "City of Marikina",
        "facility_type": "SCHOOL",
        "facility_status": "TEMPORARY",
        "geocode_provider": "mapbox",
        "geocode_query": "Sto. Niño National High School, STO NINO, MARIKINA",
        "confidence": 1,
        "verified": true,
        "uncertainty_radius_m": 50,
        "needs_review": false,
        "review_reason": "Manually verified & pinned by user",
        "triangulated": true
      },
      "geometry": {
        "type": "Point",
        "coordinates": [
          121.09628677368165,
          14.639043480604853
        ]
      }
    },
    {
      "type": "Feature",
      "properties": {
        "name": "Tañong High School",
        "barangay_input": "TAÑONG",
        "barangay_resolved": null,
        "municipality_input": "City of Marikina",
        "facility_type": "SCHOOL",
        "facility_status": "TEMPORARY",
        "geocode_provider": "mapbox",
        "geocode_query": "Tañong High School, TANONG, MARIKINA",
        "confidence": 1,
        "verified": true,
        "uncertainty_radius_m": 50,
        "needs_review": false,
        "review_reason": "Manually verified & pinned by user",
        "triangulated": true
      },
      "geometry": {
        "type": "Point",
        "coordinates": [
          121.08542919158937,
          14.634154315511019
        ]
      }
    },
    {
      "type": "Feature",
      "properties": {
        "name": "FILIPINAS GYM",
        "barangay_input": "MALANDAY",
        "barangay_resolved": "Malanday",
        "municipality_input": "City of Marikina",
        "facility_type": "GYM/SPORTS FACILITY",
        "facility_status": "TEMPORARY",
        "geocode_provider": "mapbox",
        "geocode_query": "FILIPINAS GYM, MALANDAY, MARIKINA",
        "confidence": 1,
        "verified": false,
        "uncertainty_radius_m": 50,
        "needs_review": false,
        "review_reason": "Manually verified & pinned by user",
        "triangulated": true
      },
      "geometry": {
        "type": "Point",
        "coordinates": [
          121.0948544740677,
          14.650180365877402
        ]
      }
    },
    {
      "type": "Feature",
      "properties": {
        "name": "BULELAK GYM",
        "barangay_input": "MALANDAY",
        "barangay_resolved": "Malanday",
        "municipality_input": "City of Marikina",
        "facility_type": "GYM/SPORTS FACILITY",
        "facility_status": "TEMPORARY",
        "geocode_provider": "mapbox",
        "geocode_query": "BULELAK GYM, MALANDAY, MARIKINA",
        "confidence": 1,
        "verified": false,
        "uncertainty_radius_m": 50,
        "needs_review": false,
        "review_reason": "Manually verified & pinned by user",
        "triangulated": true
      },
      "geometry": {
        "type": "Point",
        "coordinates": [
          121.09603464603425,
          14.650980541467323
        ]
      }
    },
    {
      "type": "Feature",
      "properties": {
        "name": "SAMPAGUITA GYM",
        "barangay_input": "MALANDAY",
        "barangay_resolved": "Malanday",
        "municipality_input": "City of Marikina",
        "facility_type": "GYM/SPORTS FACILITY",
        "facility_status": "TEMPORARY",
        "geocode_provider": "mapbox",
        "geocode_query": "SAMPAGUITA GYM, MALANDAY, MARIKINA",
        "confidence": 1,
        "verified": false,
        "uncertainty_radius_m": 50,
        "needs_review": false,
        "review_reason": "Manually verified & pinned by user",
        "triangulated": true
      },
      "geometry": {
        "type": "Point",
        "coordinates": [
          121.09374672174455,
          14.648990360493972
        ]
      }
    },
    {
      "type": "Feature",
      "properties": {
        "name": "NANGKA GYM",
        "barangay_input": "NANGKA",
        "barangay_resolved": "Nangka",
        "municipality_input": "City of Marikina",
        "facility_type": "GYM/SPORTS FACILITY",
        "facility_status": "TEMPORARY",
        "geocode_provider": "osm",
        "geocode_query": "OSM:Nangka Gym",
        "confidence": 1,
        "verified": true,
        "uncertainty_radius_m": 80,
        "needs_review": false,
        "review_reason": ""
      },
      "geometry": {
        "type": "Point",
        "coordinates": [
          121.1084077,
          14.6724708
        ]
      }
    },
    {
      "type": "Feature",
      "properties": {
        "name": "PLMAR (GREENHEIGHTS GYM)",
        "barangay_input": "CONCEPCION UNO",
        "barangay_resolved": "Concepcion Uno",
        "municipality_input": "City of Marikina",
        "facility_type": "GYM/SPORTS FACILITY",
        "facility_status": "TEMPORARY",
        "geocode_provider": "mapbox",
        "geocode_query": "PLMAR (GREENHEIGHTS GYM), CONCEPCION UNO, MARIKINA",
        "confidence": 1,
        "verified": false,
        "uncertainty_radius_m": 50,
        "needs_review": false,
        "review_reason": "Manually verified & pinned by user",
        "triangulated": true
      },
      "geometry": {
        "type": "Point",
        "coordinates": [
          121.11829161643983,
          14.640927430475628
        ]
      }
    },
    {
      "type": "Feature",
      "properties": {
        "name": "IVS COVERED COURT",
        "barangay_input": "IVC",
        "barangay_resolved": null,
        "municipality_input": "City of Marikina",
        "facility_type": "GYM/SPORTS FACILITY",
        "facility_status": "TEMPORARY",
        "geocode_provider": "mapbox",
        "geocode_query": "IVS COVERED COURT, IVC, MARIKINA",
        "confidence": 0.4,
        "verified": false,
        "uncertainty_radius_m": null,
        "needs_review": true,
        "review_reason": "unverified_location"
      },
      "geometry": null
    },
    {
      "type": "Feature",
      "properties": {
        "name": "STA. TERESITA GYM",
        "barangay_input": "MALANDAY",
        "barangay_resolved": "Malanday",
        "municipality_input": "City of Marikina",
        "facility_type": "GYM/SPORTS FACILITY",
        "facility_status": "TEMPORARY",
        "geocode_provider": "mapbox",
        "geocode_query": "STA. TERESITA GYM, MALANDAY, MARIKINA",
        "confidence": 1,
        "verified": false,
        "uncertainty_radius_m": 50,
        "needs_review": false,
        "review_reason": "Manually verified & pinned by user",
        "triangulated": true
      },
      "geometry": {
        "type": "Point",
        "coordinates": [
          121.0993391275406,
          14.646860238728763
        ]
      }
    },
    {
      "type": "Feature",
      "properties": {
        "name": "ST.MARY GYM",
        "barangay_input": "NANGKA",
        "barangay_resolved": "Nangka",
        "municipality_input": "City of Marikina",
        "facility_type": "GYM/SPORTS FACILITY",
        "facility_status": "TEMPORARY",
        "geocode_provider": "mapbox",
        "geocode_query": "ST.MARY GYM, NANGKA, MARIKINA",
        "confidence": 1,
        "verified": false,
        "uncertainty_radius_m": 50,
        "needs_review": false,
        "review_reason": "Manually verified & pinned by user",
        "triangulated": true
      },
      "geometry": {
        "type": "Point",
        "coordinates": [
          121.10976219177248,
          14.674222851538104
        ]
      }
    },
    {
      "type": "Feature",
      "properties": {
        "name": "FAIRLANE GYM",
        "barangay_input": "Concepcion Uno",
        "barangay_resolved": "Concepcion Uno",
        "municipality_input": "City of Marikina",
        "facility_type": "GYM/SPORTS FACILITY",
        "facility_status": "TEMPORARY",
        "geocode_provider": "mapbox",
        "geocode_query": "FAIRLANE GYM, Concepcion Uno, MARIKINA",
        "confidence": 1,
        "verified": false,
        "uncertainty_radius_m": 50,
        "needs_review": false,
        "review_reason": "Manually verified & pinned by user",
        "triangulated": true
      },
      "geometry": {
        "type": "Point",
        "coordinates": [
          121.10466331243516,
          14.664100595237851
        ]
      }
    },
    {
      "type": "Feature",
      "properties": {
        "name": "ST.BENEDICK GYM,NANGKA",
        "barangay_input": "NANGKA",
        "barangay_resolved": "Nangka",
        "municipality_input": "City of Marikina",
        "facility_type": "GYM/SPORTS FACILITY",
        "facility_status": "TEMPORARY",
        "geocode_provider": "mapbox",
        "geocode_query": "ST.BENEDICK GYM,NANGKA, NANGKA, MARIKINA",
        "confidence": 1,
        "verified": false,
        "uncertainty_radius_m": 50,
        "needs_review": false,
        "review_reason": "Manually verified & pinned by user",
        "triangulated": true
      },
      "geometry": {
        "type": "Point",
        "coordinates": [
          121.10476255416872,
          14.666690137611095
        ]
      }
    },
    {
      "type": "Feature",
      "properties": {
        "name": "JAYBEE GYM",
        "barangay_input": "NANGKA",
        "barangay_resolved": "Nangka",
        "municipality_input": "City of Marikina",
        "facility_type": "GYM/SPORTS FACILITY",
        "facility_status": "TEMPORARY",
        "geocode_provider": "mapbox",
        "geocode_query": "JAYBEE GYM, NANGKA, MARIKINA",
        "confidence": 1,
        "verified": false,
        "uncertainty_radius_m": 50,
        "needs_review": false,
        "review_reason": "Manually verified & pinned by user",
        "triangulated": true
      },
      "geometry": {
        "type": "Point",
        "coordinates": [
          121.10645502805711,
          14.66477768829006
        ]
      }
    },
    {
      "type": "Feature",
      "properties": {
        "name": "GREENLAND GYM",
        "barangay_input": "NANGKA",
        "barangay_resolved": "Nangka",
        "municipality_input": "City of Marikina",
        "facility_type": "GYM/SPORTS FACILITY",
        "facility_status": "TEMPORARY",
        "geocode_provider": "mapbox",
        "geocode_query": "GREENLAND GYM, NANGKA, MARIKINA",
        "confidence": 1,
        "verified": false,
        "uncertainty_radius_m": 50,
        "needs_review": false,
        "review_reason": "Manually verified & pinned by user",
        "triangulated": true
      },
      "geometry": {
        "type": "Point",
        "coordinates": [
          121.10520243644716,
          14.670633666008037
        ]
      }
    },
    {
      "type": "Feature",
      "properties": {
        "name": "JESUS DELA PEÑA GYM",
        "barangay_input": "JESUS DELA PEÑA",
        "barangay_resolved": null,
        "municipality_input": "City of Marikina",
        "facility_type": "GYM/SPORTS FACILITY",
        "facility_status": "TEMPORARY",
        "geocode_provider": "mapbox",
        "geocode_query": "JESUS DELA PEÑA GYM, JESUS DELA PENA, MARIKINA",
        "confidence": 0.4,
        "verified": false,
        "uncertainty_radius_m": null,
        "needs_review": true,
        "review_reason": "unverified_location"
      },
      "geometry": null
    },
    {
      "type": "Feature",
      "properties": {
        "name": "STO.NIÑO COVERED COURT (MANOTOC)",
        "barangay_input": "STO.NIÑO",
        "barangay_resolved": null,
        "municipality_input": "City of Marikina",
        "facility_type": "GYM/SPORTS FACILITY",
        "facility_status": "TEMPORARY",
        "geocode_provider": "mapbox",
        "geocode_query": "STO.NIÑO COVERED COURT (MANOTOC), STO NINO, MARIKINA",
        "confidence": 0.4,
        "verified": false,
        "uncertainty_radius_m": null,
        "needs_review": true,
        "review_reason": "unverified_location"
      },
      "geometry": null
    },
    {
      "type": "Feature",
      "properties": {
        "name": "BRGY. CONCEPCION UNO COVERED COURT",
        "barangay_input": "CONCEPCION UNO",
        "barangay_resolved": "Concepcion Uno",
        "municipality_input": "City of Marikina",
        "facility_type": "GYM/SPORTS FACILITY",
        "facility_status": "TEMPORARY",
        "geocode_provider": "mapbox",
        "geocode_query": "Barangay. CONCEPCION UNO COVERED COURT, CONCEPCION UNO, MARIKINA",
        "confidence": 1,
        "verified": false,
        "uncertainty_radius_m": 50,
        "needs_review": false,
        "review_reason": "Manually verified & pinned by user",
        "triangulated": true
      },
      "geometry": {
        "type": "Point",
        "coordinates": [
          121.10449969768526,
          14.65317528117961
        ]
      }
    },
    {
      "type": "Feature",
      "properties": {
        "name": "UBB MULTI PURPOSE GYM (75 INDIVIDUALS CAPACITY)",
        "barangay_input": "UBB",
        "barangay_resolved": null,
        "municipality_input": "City of Marikina",
        "facility_type": "GYM/SPORTS FACILITY",
        "facility_status": "TEMPORARY",
        "geocode_provider": "mapbox",
        "geocode_query": "UBB MULTI PURPOSE GYM (75 INDIVIDUALS CAPACITY), UBB, MARIKINA",
        "confidence": 0.4,
        "verified": false,
        "uncertainty_radius_m": null,
        "needs_review": true,
        "review_reason": "unverified_location"
      },
      "geometry": null
    },
    {
      "type": "Feature",
      "properties": {
        "name": "UBB COURT (300 INDIVIDUALS CAPACITY)",
        "barangay_input": "UBB",
        "barangay_resolved": null,
        "municipality_input": "City of Marikina",
        "facility_type": "GYM/SPORTS FACILITY",
        "facility_status": "TEMPORARY",
        "geocode_provider": "mapbox",
        "geocode_query": "UBB COURT (300 INDIVIDUALS CAPACITY), UBB, MARIKINA",
        "confidence": 0.4,
        "verified": false,
        "uncertainty_radius_m": null,
        "needs_review": true,
        "review_reason": "unverified_location"
      },
      "geometry": null
    },
    {
      "type": "Feature",
      "properties": {
        "name": "FORTUNE CHAMPACA I GYM (300 INDIVIDUALS CAPACITY)",
        "barangay_input": "FORTUNE",
        "barangay_resolved": "Fortune",
        "municipality_input": "City of Marikina",
        "facility_type": "GYM/SPORTS FACILITY",
        "facility_status": "TEMPORARY",
        "geocode_provider": "mapbox",
        "geocode_query": "FORTUNE CHAMPACA I GYM (300 INDIVIDUALS CAPACITY), FORTUNE, MARIKINA",
        "confidence": 1,
        "verified": false,
        "uncertainty_radius_m": 50,
        "needs_review": false,
        "review_reason": "Manually verified & pinned by user",
        "triangulated": true
      },
      "geometry": {
        "type": "Point",
        "coordinates": [
          121.12738966941835,
          14.660724589198905
        ]
      }
    },
    {
      "type": "Feature",
      "properties": {
        "name": "STA ELENA CHAPEL",
        "barangay_input": "STA.ELENA",
        "barangay_resolved": "Santa Elena",
        "municipality_input": "City of Marikina",
        "facility_type": "RELIGIOUS FACILITY",
        "facility_status": "TEMPORARY",
        "geocode_provider": "mapbox",
        "geocode_query": "STA ELENA CHAPEL, STA ELENA, MARIKINA",
        "confidence": 1,
        "verified": false,
        "uncertainty_radius_m": 50,
        "needs_review": false,
        "review_reason": "Manually verified & pinned by user",
        "triangulated": true
      },
      "geometry": {
        "type": "Point",
        "coordinates": [
          121.09741866588594,
          14.632544874867863
        ]
      }
    },
    {
      "type": "Feature",
      "properties": {
        "name": "AGLIPAY CHURCH",
        "barangay_input": "STO.NIÑO",
        "barangay_resolved": null,
        "municipality_input": "City of Marikina",
        "facility_type": "RELIGIOUS FACILITY",
        "facility_status": "TEMPORARY",
        "geocode_provider": "mapbox",
        "geocode_query": "AGLIPAY CHURCH, STO NINO, MARIKINA",
        "confidence": 0.4,
        "verified": false,
        "uncertainty_radius_m": null,
        "needs_review": true,
        "review_reason": "unverified_location"
      },
      "geometry": null
    },
    {
      "type": "Feature",
      "properties": {
        "name": "DIOCESAN SHRINE AND PARISH OF OUR LADY OF ABANDONED",
        "barangay_input": "STA.ELENA",
        "barangay_resolved": "Santa Elena",
        "municipality_input": "City of Marikina",
        "facility_type": "RELIGIOUS FACILITY",
        "facility_status": "TEMPORARY",
        "geocode_provider": "mapbox",
        "geocode_query": "DIOCESAN SHRINE AND PARISH OF OUR LADY OF ABANDONED, STA ELENA, MARIKINA",
        "confidence": 1,
        "verified": false,
        "uncertainty_radius_m": 50,
        "needs_review": false,
        "review_reason": "Manually verified & pinned by user",
        "triangulated": true
      },
      "geometry": {
        "type": "Point",
        "coordinates": [
          121.09620094299318,
          14.63061500389298
        ]
      }
    },
    {
      "type": "Feature",
      "properties": {
        "name": "SAN JOSE MANGGAGAWA PARISH",
        "barangay_input": "BARANGKA",
        "barangay_resolved": "Barangka",
        "municipality_input": "City of Marikina",
        "facility_type": "RELIGIOUS FACILITY",
        "facility_status": "TEMPORARY",
        "geocode_provider": "mapbox",
        "geocode_query": "SAN JOSE MANGGAGAWA PARISH, BARANGKA, MARIKINA",
        "confidence": 1,
        "verified": false,
        "uncertainty_radius_m": 50,
        "needs_review": false,
        "review_reason": "Manually verified & pinned by user",
        "triangulated": true
      },
      "geometry": {
        "type": "Point",
        "coordinates": [
          121.08391642570497,
          14.637579043610824
        ]
      }
    },
    {
      "type": "Feature",
      "properties": {
        "name": "DIOCESAN SHRINE AND PARISH OF ST. PAUL OF THE CROSS PARISH",
        "barangay_input": "CONCEPCION DOS",
        "barangay_resolved": "Concepcion Dos",
        "municipality_input": "City of Marikina",
        "facility_type": "RELIGIOUS FACILITY",
        "facility_status": "TEMPORARY",
        "geocode_provider": "mapbox",
        "geocode_query": "DIOCESAN SHRINE AND PARISH OF ST. PAUL OF THE CROSS PARISH, CONCEPCION DOS, MARIKINA",
        "confidence": 1,
        "verified": false,
        "uncertainty_radius_m": 50,
        "needs_review": false,
        "review_reason": "Manually verified & pinned by user",
        "triangulated": true
      },
      "geometry": {
        "type": "Point",
        "coordinates": [
          121.12002164125445,
          14.640582297204901
        ]
      }
    },
    {
      "type": "Feature",
      "properties": {
        "name": "NATIVITY OF OUR LADY PARISH",
        "barangay_input": "IVC",
        "barangay_resolved": null,
        "municipality_input": "City of Marikina",
        "facility_type": "RELIGIOUS FACILITY",
        "facility_status": "TEMPORARY",
        "geocode_provider": "mapbox",
        "geocode_query": "NATIVITY OF OUR LADY PARISH, IVC, MARIKINA",
        "confidence": 0.4,
        "verified": false,
        "uncertainty_radius_m": null,
        "needs_review": true,
        "review_reason": "unverified_location"
      },
      "geometry": null
    },
    {
      "type": "Feature",
      "properties": {
        "name": "SAN ANTONIO DE PADUA PARISH",
        "barangay_input": "KALUMPANG",
        "barangay_resolved": "Calumpang",
        "municipality_input": "City of Marikina",
        "facility_type": "RELIGIOUS FACILITY",
        "facility_status": "TEMPORARY",
        "geocode_provider": "mapbox",
        "geocode_query": "SAN ANTONIO DE PADUA PARISH, KALUMPANG, MARIKINA",
        "confidence": 1,
        "verified": false,
        "uncertainty_radius_m": 50,
        "needs_review": false,
        "review_reason": "Manually verified & pinned by user",
        "triangulated": true
      },
      "geometry": {
        "type": "Point",
        "coordinates": [
          121.08887851238252,
          14.624868180452886
        ]
      }
    },
    {
      "type": "Feature",
      "properties": {
        "name": "SAN ISIDRO LABRADOR PARISH(NANGKA)",
        "barangay_input": "NANGKA",
        "barangay_resolved": "Nangka",
        "municipality_input": "City of Marikina",
        "facility_type": "RELIGIOUS FACILITY",
        "facility_status": "TEMPORARY",
        "geocode_provider": "mapbox",
        "geocode_query": "SAN ISIDRO LABRADOR PARISH(NANGKA), NANGKA, MARIKINA",
        "confidence": 1,
        "verified": false,
        "uncertainty_radius_m": 50,
        "needs_review": false,
        "review_reason": "Manually verified & pinned by user",
        "triangulated": true
      },
      "geometry": {
        "type": "Point",
        "coordinates": [
          121.10730260610583,
          14.670218710524173
        ]
      }
    },
    {
      "type": "Feature",
      "properties": {
        "name": "IMMACULATE CONCEPCION PARISH ( JESUS DELA PEÑA)",
        "barangay_input": "JESUS DELA PEÑA",
        "barangay_resolved": null,
        "municipality_input": "City of Marikina",
        "facility_type": "RELIGIOUS FACILITY",
        "facility_status": "TEMPORARY",
        "geocode_provider": "mapbox",
        "geocode_query": "IMMACULATE CONCEPCION PARISH ( JESUS DELA PEÑA), JESUS DELA PENA, MARIKINA",
        "confidence": 0.4,
        "verified": false,
        "uncertainty_radius_m": null,
        "needs_review": true,
        "review_reason": "unverified_location"
      },
      "geometry": null
    },
    {
      "type": "Feature",
      "properties": {
        "name": "IMMACULATE CONCEPCION PARISH (BAYAN BAYANAN AVE)",
        "barangay_input": "CONCEPCION UNO",
        "barangay_resolved": "Concepcion Uno",
        "municipality_input": "City of Marikina",
        "facility_type": "RELIGIOUS FACILITY",
        "facility_status": "TEMPORARY",
        "geocode_provider": "mapbox",
        "geocode_query": "IMMACULATE CONCEPCION PARISH (BAYAN BAYANAN AVE), CONCEPCION UNO, MARIKINA",
        "confidence": 1,
        "verified": false,
        "uncertainty_radius_m": 50,
        "needs_review": false,
        "review_reason": "Manually verified & pinned by user",
        "triangulated": true
      },
      "geometry": {
        "type": "Point",
        "coordinates": [
          121.10417246818544,
          14.651448001066445
        ]
      }
    },
    {
      "type": "Feature",
      "properties": {
        "name": "SAN ROQUE CHAPEL-",
        "barangay_input": "SAN ROQUE",
        "barangay_resolved": "San Roque",
        "municipality_input": "City of Marikina",
        "facility_type": "RELIGIOUS FACILITY",
        "facility_status": "TEMPORARY",
        "geocode_provider": "mapbox",
        "geocode_query": "SAN ROQUE CHAPEL-, SAN ROQUE, MARIKINA",
        "confidence": 1,
        "verified": false,
        "uncertainty_radius_m": 50,
        "needs_review": false,
        "review_reason": "Manually verified & pinned by user",
        "triangulated": true
      },
      "geometry": {
        "type": "Point",
        "coordinates": [
          121.09710216522218,
          14.627739584950438
        ]
      }
    },
    {
      "type": "Feature",
      "properties": {
        "name": "LANAVAL CHAPEL (MIDTOWN PHASE I)",
        "barangay_input": "SAN ROQUE",
        "barangay_resolved": "San Roque",
        "municipality_input": "City of Marikina",
        "facility_type": "RELIGIOUS FACILITY",
        "facility_status": "TEMPORARY",
        "geocode_provider": "mapbox",
        "geocode_query": "LANAVAL CHAPEL (MIDTOWN PHASE I), SAN ROQUE, MARIKINA",
        "confidence": 1,
        "verified": false,
        "uncertainty_radius_m": 50,
        "needs_review": false,
        "review_reason": "Manually verified & pinned by user",
        "triangulated": true
      },
      "geometry": {
        "type": "Point",
        "coordinates": [
          121.10130786895753,
          14.622228525039771
        ]
      }
    },
    {
      "type": "Feature",
      "properties": {
        "name": "HOLY FAMILY PARISH",
        "barangay_input": "PARANG",
        "barangay_resolved": "Parang",
        "municipality_input": "City of Marikina",
        "facility_type": "RELIGIOUS FACILITY",
        "facility_status": "TEMPORARY",
        "geocode_provider": "mapbox",
        "geocode_query": "HOLY FAMILY PARISH, PARANG, MARIKINA",
        "confidence": 1,
        "verified": false,
        "uncertainty_radius_m": 50,
        "needs_review": false,
        "review_reason": "Manually verified & pinned by user",
        "triangulated": true
      },
      "geometry": {
        "type": "Point",
        "coordinates": [
          121.11376941204072,
          14.662128054047377
        ]
      }
    },
    {
      "type": "Feature",
      "properties": {
        "name": "ST. GABRIEL OF OUR LADY OF SORROWS PARISH",
        "barangay_input": "MARIKINA HEIGHTS",
        "barangay_resolved": "Marikina Heights",
        "municipality_input": "City of Marikina",
        "facility_type": "RELIGIOUS FACILITY",
        "facility_status": "TEMPORARY",
        "geocode_provider": "mapbox",
        "geocode_query": "ST. GABRIEL OF OUR LADY OF SORROWS PARISH, MARIKINA HEIGHTS, MARIKINA",
        "confidence": 1,
        "verified": false,
        "uncertainty_radius_m": 50,
        "needs_review": false,
        "review_reason": "Manually verified & pinned by user",
        "triangulated": true
      },
      "geometry": {
        "type": "Point",
        "coordinates": [
          121.11866712570192,
          14.653672899176733
        ]
      }
    },
    {
      "type": "Feature",
      "properties": {
        "name": "OUR LADY OF GUADALUPE PARISH",
        "barangay_input": "MALANDAY",
        "barangay_resolved": "Malanday",
        "municipality_input": "City of Marikina",
        "facility_type": "RELIGIOUS FACILITY",
        "facility_status": "TEMPORARY",
        "geocode_provider": "mapbox",
        "geocode_query": "OUR LADY OF GUADALUPE PARISH, MALANDAY, MARIKINA",
        "confidence": 1,
        "verified": false,
        "uncertainty_radius_m": 50,
        "needs_review": false,
        "review_reason": "Manually verified & pinned by user",
        "triangulated": true
      },
      "geometry": {
        "type": "Point",
        "coordinates": [
          121.09632432460786,
          14.65119823971961
        ]
      }
    },
    {
      "type": "Feature",
      "properties": {
        "name": "SAN ROQUE BRGY. HALL",
        "barangay_input": "SAN ROQUE",
        "barangay_resolved": "San Roque",
        "municipality_input": "City of Marikina",
        "facility_type": "BARANGAY HALL FACILITY",
        "facility_status": "TEMPORARY",
        "geocode_provider": "nominatim",
        "geocode_query": "SAN ROQUE Barangay. HALL, SAN ROQUE, MARIKINA",
        "confidence": 0.85,
        "verified": true,
        "uncertainty_radius_m": 150,
        "needs_review": false,
        "review_reason": ""
      },
      "geometry": {
        "type": "Point",
        "coordinates": [
          121.0983709,
          14.6291235
        ]
      }
    },
    {
      "type": "Feature",
      "properties": {
        "name": "BRGY Tumana 5th floor capacity: (300-400 individuals)",
        "barangay_input": "TUMANA",
        "barangay_resolved": "Tumana",
        "municipality_input": "City of Marikina",
        "facility_type": "BARANGAY HALL FACILITY",
        "facility_status": "TEMPORARY",
        "geocode_provider": "mapbox",
        "geocode_query": "Barangay Tumana 5th floor capacity: (300-400 individuals), TUMANA, MARIKINA",
        "confidence": 1,
        "verified": false,
        "uncertainty_radius_m": 50,
        "needs_review": false,
        "review_reason": "Manually verified & pinned by user",
        "triangulated": true
      },
      "geometry": {
        "type": "Point",
        "coordinates": [
          121.10047101974489,
          14.660726242117308
        ]
      }
    },
    {
      "type": "Feature",
      "properties": {
        "name": "NANGKA OLD BRGY HALL capacity: (20-30 families)",
        "barangay_input": "NANGKA",
        "barangay_resolved": "Nangka",
        "municipality_input": "City of Marikina",
        "facility_type": "BARANGAY HALL FACILITY",
        "facility_status": "TEMPORARY",
        "geocode_provider": "mapbox",
        "geocode_query": "NANGKA OLD Barangay HALL capacity: (20-30 families), NANGKA, MARIKINA",
        "confidence": 1,
        "verified": false,
        "uncertainty_radius_m": 50,
        "needs_review": false,
        "review_reason": "Manually verified & pinned by user",
        "triangulated": true
      },
      "geometry": {
        "type": "Point",
        "coordinates": [
          121.10668301582338,
          14.666489183138731
        ]
      }
    },
    {
      "type": "Feature",
      "properties": {
        "name": "Brgy. Tañong Session hall capacity: (4 families)",
        "barangay_input": "TAÑONG",
        "barangay_resolved": null,
        "municipality_input": "City of Marikina",
        "facility_type": "BARANGAY HALL FACILITY",
        "facility_status": "TEMPORARY",
        "geocode_provider": "mapbox",
        "geocode_query": "Barangay. Tañong Session hall capacity: (4 families), TANONG, MARIKINA",
        "confidence": 0.4,
        "verified": false,
        "uncertainty_radius_m": null,
        "needs_review": true,
        "review_reason": "unverified_location"
      },
      "geometry": null
    },
    {
      "type": "Feature",
      "properties": {
        "name": "Brgy. Tañong Multi Purpose Hall capacity: (60individuals 12 families)",
        "barangay_input": "TAÑONG",
        "barangay_resolved": null,
        "municipality_input": "City of Marikina",
        "facility_type": "MULTI-PURPOSE BUILDING",
        "facility_status": "PERMANENT",
        "geocode_provider": "mapbox",
        "geocode_query": "Barangay. Tañong Multi Purpose Hall capacity: (60individuals 12 families), TANONG, MARIKINA",
        "confidence": 0.4,
        "verified": false,
        "uncertainty_radius_m": null,
        "needs_review": true,
        "review_reason": "unverified_location"
      },
      "geometry": null
    },
    {
      "type": "Feature",
      "properties": {
        "name": "Brgy. Marikina Heights Covered Court capacity:200-250 individuals",
        "barangay_input": "MARIKINA HEIGHTS",
        "barangay_resolved": "Marikina Heights",
        "municipality_input": "City of Marikina",
        "facility_type": "GYM/SPORTS FACILITY",
        "facility_status": "TEMPORARY",
        "geocode_provider": "geoapify",
        "geocode_query": "Barangay. Marikina Heights Covered Court capacity:200-250 individuals, MARIKINA",
        "confidence": 0.85,
        "verified": true,
        "uncertainty_radius_m": 150,
        "needs_review": false,
        "review_reason": ""
      },
      "geometry": {
        "type": "Point",
        "coordinates": [
          121.1249167,
          14.6533745
        ]
      }
    },
    {
      "type": "Feature",
      "properties": {
        "name": "Brgy. Parang basketball court (playground) capacity: 150-200 indviduals",
        "barangay_input": "PARANG",
        "barangay_resolved": "Parang",
        "municipality_input": "City of Marikina",
        "facility_type": "GYM/SPORTS FACILITY",
        "facility_status": "TEMPORARY",
        "geocode_provider": "mapbox",
        "geocode_query": "Barangay. Parang basketball court (playground) capacity: 150-200 indviduals, PARANG, MARIKINA",
        "confidence": 1,
        "verified": false,
        "uncertainty_radius_m": 50,
        "needs_review": false,
        "review_reason": "Manually verified & pinned by user",
        "triangulated": true
      },
      "geometry": {
        "type": "Point",
        "coordinates": [
          121.11168801784517,
          14.659269957720499
        ]
      }
    },
    {
      "type": "Feature",
      "properties": {
        "name": "P.R. SAN DIEGO ELEMENTARY SCHOOL",
        "barangay_input": "ARKONG BATO",
        "barangay_resolved": "Arkong Bato",
        "municipality_input": "City of Valenzuela",
        "facility_type": "SCHOOL",
        "facility_status": "TEMPORARY",
        "geocode_provider": "osm",
        "geocode_query": "OSM:P.R. San Diego Elementary School",
        "confidence": 1,
        "verified": true,
        "uncertainty_radius_m": 80,
        "needs_review": false,
        "review_reason": ""
      },
      "geometry": {
        "type": "Point",
        "coordinates": [
          120.9492212,
          14.6988223
        ]
      }
    },
    {
      "type": "Feature",
      "properties": {
        "name": "ARKONG BATO NATIONAL HIGH SCHOOL",
        "barangay_input": "ARKONG BATO",
        "barangay_resolved": "Arkong Bato",
        "municipality_input": "City of Valenzuela",
        "facility_type": "SCHOOL",
        "facility_status": "TEMPORARY",
        "geocode_provider": "osm",
        "geocode_query": "OSM:Arkong Bato National High School",
        "confidence": 1,
        "verified": true,
        "uncertainty_radius_m": 80,
        "needs_review": false,
        "review_reason": ""
      },
      "geometry": {
        "type": "Point",
        "coordinates": [
          120.9497114,
          14.7001343
        ]
      }
    },
    {
      "type": "Feature",
      "properties": {
        "name": "A. DEATO ELEMENTARY SCHOOL",
        "barangay_input": "BALANGKAS",
        "barangay_resolved": "Balangkas",
        "municipality_input": "City of Valenzuela",
        "facility_type": "SCHOOL",
        "facility_status": "TEMPORARY",
        "geocode_provider": "osm",
        "geocode_query": "OSM:A. Deato Elementary School",
        "confidence": 1,
        "verified": true,
        "uncertainty_radius_m": 80,
        "needs_review": false,
        "review_reason": ""
      },
      "geometry": {
        "type": "Point",
        "coordinates": [
          120.9423159,
          14.7114526
        ]
      }
    },
    {
      "type": "Feature",
      "properties": {
        "name": "ROBERTA DE JESUS ELEMENTARY SCHOOL",
        "barangay_input": "BIGNAY",
        "barangay_resolved": "Bignay",
        "municipality_input": "City of Valenzuela",
        "facility_type": "SCHOOL",
        "facility_status": "TEMPORARY",
        "geocode_provider": "osm",
        "geocode_query": "OSM:Roberta de Jesus Elementary School",
        "confidence": 1,
        "verified": true,
        "uncertainty_radius_m": 80,
        "needs_review": false,
        "review_reason": ""
      },
      "geometry": {
        "type": "Point",
        "coordinates": [
          121.0030847,
          14.7454163
        ]
      }
    },
    {
      "type": "Feature",
      "properties": {
        "name": "BIGNAY NATIONAL HIGH SCHOOL",
        "barangay_input": "BIGNAY",
        "barangay_resolved": "Bignay",
        "municipality_input": "City of Valenzuela",
        "facility_type": "SCHOOL",
        "facility_status": "TEMPORARY",
        "geocode_provider": "osm",
        "geocode_query": "OSM:Bignay National High School",
        "confidence": 1,
        "verified": true,
        "uncertainty_radius_m": 80,
        "needs_review": false,
        "review_reason": ""
      },
      "geometry": {
        "type": "Point",
        "coordinates": [
          120.9995268,
          14.7439759
        ]
      }
    },
    {
      "type": "Feature",
      "properties": {
        "name": "CANUMAY EAST ELEMENTARY SCHOOL",
        "barangay_input": "CANUMAY EAST",
        "barangay_resolved": "Canumay East",
        "municipality_input": "City of Valenzuela",
        "facility_type": "SCHOOL",
        "facility_status": "TEMPORARY",
        "geocode_provider": "osm",
        "geocode_query": "OSM:Canumay East Elementary School",
        "confidence": 1,
        "verified": true,
        "uncertainty_radius_m": 80,
        "needs_review": false,
        "review_reason": ""
      },
      "geometry": {
        "type": "Point",
        "coordinates": [
          120.9934382,
          14.7199266
        ]
      }
    },
    {
      "type": "Feature",
      "properties": {
        "name": "CANUMAY EAST NATIONAL HIGH SCHOOL",
        "barangay_input": "CANUMAY EAST",
        "barangay_resolved": "Canumay East",
        "municipality_input": "City of Valenzuela",
        "facility_type": "SCHOOL",
        "facility_status": "TEMPORARY",
        "geocode_provider": "osm",
        "geocode_query": "OSM:Canumay East National High School",
        "confidence": 1,
        "verified": true,
        "uncertainty_radius_m": 80,
        "needs_review": false,
        "review_reason": ""
      },
      "geometry": {
        "type": "Point",
        "coordinates": [
          120.9935692,
          14.7197521
        ]
      }
    },
    {
      "type": "Feature",
      "properties": {
        "name": "CANUMAY WEST ELEMENTARY SCHOOL",
        "barangay_input": "CANUMAY WEST",
        "barangay_resolved": "Canumay West",
        "municipality_input": "City of Valenzuela",
        "facility_type": "SCHOOL",
        "facility_status": "TEMPORARY",
        "geocode_provider": "osm",
        "geocode_query": "OSM:Canumay West Elementary School",
        "confidence": 1,
        "verified": true,
        "uncertainty_radius_m": 80,
        "needs_review": false,
        "review_reason": ""
      },
      "geometry": {
        "type": "Point",
        "coordinates": [
          120.989352,
          14.7123566
        ]
      }
    },
    {
      "type": "Feature",
      "properties": {
        "name": "CANUMAY WEST NATIONAL HIGH SCHOOL",
        "barangay_input": "CANUMAY WEST",
        "barangay_resolved": "Canumay West",
        "municipality_input": "City of Valenzuela",
        "facility_type": "SCHOOL",
        "facility_status": "TEMPORARY",
        "geocode_provider": "osm",
        "geocode_query": "OSM:Canumay West National High School",
        "confidence": 1,
        "verified": true,
        "uncertainty_radius_m": 80,
        "needs_review": false,
        "review_reason": ""
      },
      "geometry": {
        "type": "Point",
        "coordinates": [
          120.9894765,
          14.7113946
        ]
      }
    },
    {
      "type": "Feature",
      "properties": {
        "name": "COLOONG ELEMENTARY SCHOOL",
        "barangay_input": "COLOONG",
        "barangay_resolved": "Coloong",
        "municipality_input": "City of Valenzuela",
        "facility_type": "SCHOOL",
        "facility_status": "TEMPORARY",
        "geocode_provider": "osm",
        "geocode_query": "OSM:Coloong Elementary School",
        "confidence": 1,
        "verified": true,
        "uncertainty_radius_m": 80,
        "needs_review": false,
        "review_reason": ""
      },
      "geometry": {
        "type": "Point",
        "coordinates": [
          120.9448238,
          14.7250474
        ]
      }
    },
    {
      "type": "Feature",
      "properties": {
        "name": "SANTOS ENCARNACION ELEMENTARY SCHOOL",
        "barangay_input": "DALANDANAN",
        "barangay_resolved": "Dalandanan",
        "municipality_input": "City of Valenzuela",
        "facility_type": "SCHOOL",
        "facility_status": "TEMPORARY",
        "geocode_provider": "osm",
        "geocode_query": "OSM:Santos Encarnacion Elementary School",
        "confidence": 1,
        "verified": true,
        "uncertainty_radius_m": 80,
        "needs_review": false,
        "review_reason": ""
      },
      "geometry": {
        "type": "Point",
        "coordinates": [
          120.9642776,
          14.7024716
        ]
      }
    },
    {
      "type": "Feature",
      "properties": {
        "name": "DALANDANAN NATIONAL HIGH SCHOOL",
        "barangay_input": "DALANDANAN",
        "barangay_resolved": "Dalandanan",
        "municipality_input": "City of Valenzuela",
        "facility_type": "SCHOOL",
        "facility_status": "TEMPORARY",
        "geocode_provider": "osm",
        "geocode_query": "OSM:Dalandanan National High School",
        "confidence": 1,
        "verified": true,
        "uncertainty_radius_m": 80,
        "needs_review": false,
        "review_reason": ""
      },
      "geometry": {
        "type": "Point",
        "coordinates": [
          120.9570078,
          14.7089525
        ]
      }
    },
    {
      "type": "Feature",
      "properties": {
        "name": "DALANDANAN ELEMENTARY SCHOOL",
        "barangay_input": "DALANDANAN",
        "barangay_resolved": "Dalandanan",
        "municipality_input": "City of Valenzuela",
        "facility_type": "SCHOOL",
        "facility_status": "TEMPORARY",
        "geocode_provider": "osm",
        "geocode_query": "OSM:Dalandanan Elementary School",
        "confidence": 1,
        "verified": true,
        "uncertainty_radius_m": 80,
        "needs_review": false,
        "review_reason": ""
      },
      "geometry": {
        "type": "Point",
        "coordinates": [
          120.9642035,
          14.7045405
        ]
      }
    },
    {
      "type": "Feature",
      "properties": {
        "name": "VALENZUELA ASTRODOME",
        "barangay_input": "DALANDANAN",
        "barangay_resolved": "Dalandanan",
        "municipality_input": "City of Valenzuela",
        "facility_type": "MUNICIPAL BUILDING AND FACILITY",
        "facility_status": "TEMPORARY",
        "geocode_provider": "osm",
        "geocode_query": "OSM:Valenzuela Institute",
        "confidence": 1,
        "verified": true,
        "uncertainty_radius_m": 80,
        "needs_review": false,
        "review_reason": ""
      },
      "geometry": {
        "type": "Point",
        "coordinates": [
          120.95597,
          14.707281
        ]
      }
    },
    {
      "type": "Feature",
      "properties": {
        "name": "ISLA ELEMENTARY SCHOOL",
        "barangay_input": "ISLA",
        "barangay_resolved": "Isla",
        "municipality_input": "City of Valenzuela",
        "facility_type": "SCHOOL",
        "facility_status": "TEMPORARY",
        "geocode_provider": "osm",
        "geocode_query": "OSM:Isla Elementary School",
        "confidence": 1,
        "verified": true,
        "uncertainty_radius_m": 80,
        "needs_review": false,
        "review_reason": ""
      },
      "geometry": {
        "type": "Point",
        "coordinates": [
          120.9502369,
          14.7062025
        ]
      }
    },
    {
      "type": "Feature",
      "properties": {
        "name": "LAWANG BATO ELEMENTARY SCHOOL",
        "barangay_input": "LAWANG BATO",
        "barangay_resolved": "Lawang Bato",
        "municipality_input": "City of Valenzuela",
        "facility_type": "SCHOOL",
        "facility_status": "TEMPORARY",
        "geocode_provider": "osm",
        "geocode_query": "OSM:Lawang Bato Elementary School",
        "confidence": 1,
        "verified": true,
        "uncertainty_radius_m": 80,
        "needs_review": false,
        "review_reason": ""
      },
      "geometry": {
        "type": "Point",
        "coordinates": [
          120.9913299,
          14.7326043
        ]
      }
    },
    {
      "type": "Feature",
      "properties": {
        "name": "LAWANG BATO NATIONAL HIGH SCHOOL",
        "barangay_input": "LAWANG BATO",
        "barangay_resolved": "Lawang Bato",
        "municipality_input": "City of Valenzuela",
        "facility_type": "SCHOOL",
        "facility_status": "TEMPORARY",
        "geocode_provider": "osm",
        "geocode_query": "OSM:Lawang Bato National High School",
        "confidence": 1,
        "verified": true,
        "uncertainty_radius_m": 80,
        "needs_review": false,
        "review_reason": ""
      },
      "geometry": {
        "type": "Point",
        "coordinates": [
          120.9910422,
          14.7326467
        ]
      }
    },
    {
      "type": "Feature",
      "properties": {
        "name": "LINGUNAN ELEMENTARY SCHOOL",
        "barangay_input": "LINGUNAN",
        "barangay_resolved": "Lingunan",
        "municipality_input": "City of Valenzuela",
        "facility_type": "SCHOOL",
        "facility_status": "TEMPORARY",
        "geocode_provider": "osm",
        "geocode_query": "OSM:Lingunan Elementary School",
        "confidence": 1,
        "verified": true,
        "uncertainty_radius_m": 80,
        "needs_review": false,
        "review_reason": ""
      },
      "geometry": {
        "type": "Point",
        "coordinates": [
          120.9756306,
          14.7202415
        ]
      }
    },
    {
      "type": "Feature",
      "properties": {
        "name": "LINGUNAN NATIONAL HIGH SCHOOL",
        "barangay_input": "LINGUNAN",
        "barangay_resolved": "Lingunan",
        "municipality_input": "City of Valenzuela",
        "facility_type": "SCHOOL",
        "facility_status": "TEMPORARY",
        "geocode_provider": "osm",
        "geocode_query": "OSM:Lingunan National High School",
        "confidence": 1,
        "verified": true,
        "uncertainty_radius_m": 80,
        "needs_review": false,
        "review_reason": ""
      },
      "geometry": {
        "type": "Point",
        "coordinates": [
          120.9791966,
          14.7189929
        ]
      }
    },
    {
      "type": "Feature",
      "properties": {
        "name": "A. FERNANDO ELEMENTARY SCHOOL",
        "barangay_input": "MALANDAY",
        "barangay_resolved": "Malanday",
        "municipality_input": "City of Valenzuela",
        "facility_type": "SCHOOL",
        "facility_status": "TEMPORARY",
        "geocode_provider": "osm",
        "geocode_query": "OSM:Bancal Extension Elementary School",
        "confidence": 1,
        "verified": true,
        "uncertainty_radius_m": 80,
        "needs_review": false,
        "review_reason": ""
      },
      "geometry": {
        "type": "Point",
        "coordinates": [
          120.9617727,
          14.7207202
        ]
      }
    },
    {
      "type": "Feature",
      "properties": {
        "name": "MALANDAY NATIONAL HIGH SCHOOL",
        "barangay_input": "MALANDAY",
        "barangay_resolved": "Malanday",
        "municipality_input": "City of Valenzuela",
        "facility_type": "SCHOOL",
        "facility_status": "TEMPORARY",
        "geocode_provider": "osm",
        "geocode_query": "OSM:Malanday National High School",
        "confidence": 1,
        "verified": true,
        "uncertainty_radius_m": 80,
        "needs_review": false,
        "review_reason": ""
      },
      "geometry": {
        "type": "Point",
        "coordinates": [
          120.9539605,
          14.7154497
        ]
      }
    },
    {
      "type": "Feature",
      "properties": {
        "name": "BALUBARAN CHAPEL",
        "barangay_input": "MALINTA",
        "barangay_resolved": "Malinta",
        "municipality_input": "City of Valenzuela",
        "facility_type": "RELIGIOUS FACILITY",
        "facility_status": "TEMPORARY",
        "geocode_provider": "geoapify",
        "geocode_query": "BALUBARAN CHAPEL, MALINTA, VALENZUELA",
        "confidence": 1,
        "verified": false,
        "uncertainty_radius_m": 50,
        "needs_review": false,
        "review_reason": "Manually verified & pinned by user",
        "triangulated": true
      },
      "geometry": {
        "type": "Point",
        "coordinates": [
          120.96315282696615,
          14.692700506642238
        ]
      }
    },
    {
      "type": "Feature",
      "properties": {
        "name": "MALINTA ELEMENTARY SCHOOL",
        "barangay_input": "MALINTA",
        "barangay_resolved": "Malinta",
        "municipality_input": "City of Valenzuela",
        "facility_type": "SCHOOL",
        "facility_status": "TEMPORARY",
        "geocode_provider": "osm",
        "geocode_query": "OSM:Malinta Elementary School",
        "confidence": 1,
        "verified": true,
        "uncertainty_radius_m": 80,
        "needs_review": false,
        "review_reason": ""
      },
      "geometry": {
        "type": "Point",
        "coordinates": [
          120.9659879,
          14.6914977
        ]
      }
    },
    {
      "type": "Feature",
      "properties": {
        "name": "PINALAGAD ELEMENTARY SCHOOL",
        "barangay_input": "MALINTA",
        "barangay_resolved": "Malinta",
        "municipality_input": "City of Valenzuela",
        "facility_type": "SCHOOL",
        "facility_status": "TEMPORARY",
        "geocode_provider": "osm",
        "geocode_query": "OSM:Pinalagad Elementary School",
        "confidence": 1,
        "verified": true,
        "uncertainty_radius_m": 80,
        "needs_review": false,
        "review_reason": ""
      },
      "geometry": {
        "type": "Point",
        "coordinates": [
          120.9690173,
          14.6813654
        ]
      }
    },
    {
      "type": "Feature",
      "properties": {
        "name": "MALINTA NATIONAL HIGH SCHOOL",
        "barangay_input": "MALINTA",
        "barangay_resolved": "Malinta",
        "municipality_input": "City of Valenzuela",
        "facility_type": "SCHOOL",
        "facility_status": "TEMPORARY",
        "geocode_provider": "osm",
        "geocode_query": "OSM:Malinta National High School",
        "confidence": 1,
        "verified": true,
        "uncertainty_radius_m": 80,
        "needs_review": false,
        "review_reason": ""
      },
      "geometry": {
        "type": "Point",
        "coordinates": [
          120.9669049,
          14.6918661
        ]
      }
    },
    {
      "type": "Feature",
      "properties": {
        "name": "CHAPEL",
        "barangay_input": "PALASAN",
        "barangay_resolved": "Palasan",
        "municipality_input": "City of Valenzuela",
        "facility_type": "RELIGIOUS FACILITY",
        "facility_status": "TEMPORARY",
        "geocode_provider": "osm",
        "geocode_query": "OSM:Polo Chapel",
        "confidence": 1,
        "verified": true,
        "uncertainty_radius_m": 80,
        "needs_review": false,
        "review_reason": ""
      },
      "geometry": {
        "type": "Point",
        "coordinates": [
          120.9477914,
          14.7057066
        ]
      }
    },
    {
      "type": "Feature",
      "properties": {
        "name": "PASOLO ELEMENTARY SCHOOL",
        "barangay_input": "PASOLO",
        "barangay_resolved": "Pasolo",
        "municipality_input": "City of Valenzuela",
        "facility_type": "SCHOOL",
        "facility_status": "TEMPORARY",
        "geocode_provider": "osm",
        "geocode_query": "OSM:Pasolo Elementary School",
        "confidence": 1,
        "verified": true,
        "uncertainty_radius_m": 80,
        "needs_review": false,
        "review_reason": ""
      },
      "geometry": {
        "type": "Point",
        "coordinates": [
          120.9543271,
          14.7057893
        ]
      }
    },
    {
      "type": "Feature",
      "properties": {
        "name": "PUNTURIN ELEMENTARY SCHOOL MAIN",
        "barangay_input": "PUNTURIN",
        "barangay_resolved": "Punturin",
        "municipality_input": "City of Valenzuela",
        "facility_type": "SCHOOL",
        "facility_status": "TEMPORARY",
        "geocode_provider": "osm",
        "geocode_query": "OSM:Punturin Elementary School",
        "confidence": 1,
        "verified": true,
        "uncertainty_radius_m": 80,
        "needs_review": false,
        "review_reason": ""
      },
      "geometry": {
        "type": "Point",
        "coordinates": [
          120.9908108,
          14.7399943
        ]
      }
    },
    {
      "type": "Feature",
      "properties": {
        "name": "AC FAUSTINO ELEMENTARY SCHOOL",
        "barangay_input": "PUNTURIN",
        "barangay_resolved": "Punturin",
        "municipality_input": "City of Valenzuela",
        "facility_type": "SCHOOL",
        "facility_status": "TEMPORARY",
        "geocode_provider": "osm",
        "geocode_query": "OSM:Punturin Elementary School",
        "confidence": 1,
        "verified": true,
        "uncertainty_radius_m": 80,
        "needs_review": false,
        "review_reason": ""
      },
      "geometry": {
        "type": "Point",
        "coordinates": [
          120.9908108,
          14.7399943
        ]
      }
    },
    {
      "type": "Feature",
      "properties": {
        "name": "VICENTE TRINIDAD NATL HIGH SCHOOL",
        "barangay_input": "PUNTURIN",
        "barangay_resolved": "Punturin",
        "municipality_input": "City of Valenzuela",
        "facility_type": "SCHOOL",
        "facility_status": "TEMPORARY",
        "geocode_provider": "osm",
        "geocode_query": "OSM:Vicente Trinidad National High School",
        "confidence": 1,
        "verified": true,
        "uncertainty_radius_m": 80,
        "needs_review": false,
        "review_reason": ""
      },
      "geometry": {
        "type": "Point",
        "coordinates": [
          120.9831588,
          14.7400976
        ]
      }
    },
    {
      "type": "Feature",
      "properties": {
        "name": "RINCON ELEMENTARY SCHOOL",
        "barangay_input": "RINCON",
        "barangay_resolved": "Rincon",
        "municipality_input": "City of Valenzuela",
        "facility_type": "SCHOOL",
        "facility_status": "TEMPORARY",
        "geocode_provider": "osm",
        "geocode_query": "OSM:Rincon Elementary School",
        "confidence": 1,
        "verified": true,
        "uncertainty_radius_m": 80,
        "needs_review": false,
        "review_reason": ""
      },
      "geometry": {
        "type": "Point",
        "coordinates": [
          120.9598741,
          14.6998312
        ]
      }
    },
    {
      "type": "Feature",
      "properties": {
        "name": "TAGALAG ELEMENTARY SCHOOL",
        "barangay_input": "TAGALAG",
        "barangay_resolved": "Tagalag",
        "municipality_input": "City of Valenzuela",
        "facility_type": "SCHOOL",
        "facility_status": "TEMPORARY",
        "geocode_provider": "osm",
        "geocode_query": "OSM:Tagalag Elementary School",
        "confidence": 1,
        "verified": true,
        "uncertainty_radius_m": 80,
        "needs_review": false,
        "review_reason": ""
      },
      "geometry": {
        "type": "Point",
        "coordinates": [
          120.9383097,
          14.7247028
        ]
      }
    },
    {
      "type": "Feature",
      "properties": {
        "name": "LUIS FRANCISCO ELEMENTARY SCHOOL",
        "barangay_input": "VEINTE REALES",
        "barangay_resolved": "Viente Reales",
        "municipality_input": "City of Valenzuela",
        "facility_type": "SCHOOL",
        "facility_status": "TEMPORARY",
        "geocode_provider": "osm",
        "geocode_query": "OSM:Luis Francisco Elementary School",
        "confidence": 1,
        "verified": true,
        "uncertainty_radius_m": 80,
        "needs_review": false,
        "review_reason": ""
      },
      "geometry": {
        "type": "Point",
        "coordinates": [
          120.9662165,
          14.7213599
        ]
      }
    },
    {
      "type": "Feature",
      "properties": {
        "name": "PALTOK ELEMENTARY SCHOOL",
        "barangay_input": "VEINTE REALES",
        "barangay_resolved": "Viente Reales",
        "municipality_input": "City of Valenzuela",
        "facility_type": "SCHOOL",
        "facility_status": "TEMPORARY",
        "geocode_provider": "osm",
        "geocode_query": "OSM:Paltok Elementary School",
        "confidence": 1,
        "verified": true,
        "uncertainty_radius_m": 80,
        "needs_review": false,
        "review_reason": ""
      },
      "geometry": {
        "type": "Point",
        "coordinates": [
          120.9655687,
          14.709171
        ]
      }
    },
    {
      "type": "Feature",
      "properties": {
        "name": "VEINTE REALES NATIONAL HIGH SCHOOL",
        "barangay_input": "VEINTE REALES",
        "barangay_resolved": "Viente Reales",
        "municipality_input": "City of Valenzuela",
        "facility_type": "SCHOOL",
        "facility_status": "TEMPORARY",
        "geocode_provider": "osm",
        "geocode_query": "OSM:Veinte Reales National High School",
        "confidence": 1,
        "verified": true,
        "uncertainty_radius_m": 80,
        "needs_review": false,
        "review_reason": ""
      },
      "geometry": {
        "type": "Point",
        "coordinates": [
          120.9677073,
          14.7186636
        ]
      }
    },
    {
      "type": "Feature",
      "properties": {
        "name": "WAWANG PULO ELEMENTARY SCHOOL",
        "barangay_input": "WAWANG PULO",
        "barangay_resolved": "Wawang Pulo",
        "municipality_input": "City of Valenzuela",
        "facility_type": "SCHOOL",
        "facility_status": "TEMPORARY",
        "geocode_provider": "osm",
        "geocode_query": "OSM:Wawang Pulo Elementary School",
        "confidence": 1,
        "verified": true,
        "uncertainty_radius_m": 80,
        "needs_review": false,
        "review_reason": ""
      },
      "geometry": {
        "type": "Point",
        "coordinates": [
          120.9280203,
          14.7332243
        ]
      }
    },
    {
      "type": "Feature",
      "properties": {
        "name": "WAWANG PULO NATIONAL HIGH SCHOOL",
        "barangay_input": "WAWANG PULO",
        "barangay_resolved": "Wawang Pulo",
        "municipality_input": "City of Valenzuela",
        "facility_type": "SCHOOL",
        "facility_status": "TEMPORARY",
        "geocode_provider": "osm",
        "geocode_query": "OSM:Wawang Pulo National High School",
        "confidence": 1,
        "verified": true,
        "uncertainty_radius_m": 80,
        "needs_review": false,
        "review_reason": ""
      },
      "geometry": {
        "type": "Point",
        "coordinates": [
          120.9283607,
          14.7333727
        ]
      }
    },
    {
      "type": "Feature",
      "properties": {
        "name": "A. MARIANO ELEMENTARY SCHOOL",
        "barangay_input": "BAGBAGUIN",
        "barangay_resolved": "Bagbaguin",
        "municipality_input": "City of Valenzuela",
        "facility_type": "SCHOOL",
        "facility_status": "TEMPORARY",
        "geocode_provider": "osm",
        "geocode_query": "OSM:Andres Mariano Elementary School",
        "confidence": 1,
        "verified": true,
        "uncertainty_radius_m": 80,
        "needs_review": false,
        "review_reason": ""
      },
      "geometry": {
        "type": "Point",
        "coordinates": [
          121.0002327,
          14.7140353
        ]
      }
    },
    {
      "type": "Feature",
      "properties": {
        "name": "SANTIAGO DE GUZMAN ELEMENTARY SCHOOL",
        "barangay_input": "GEN T DE LEON",
        "barangay_resolved": "Gen. T. De Leon",
        "municipality_input": "City of Valenzuela",
        "facility_type": "SCHOOL",
        "facility_status": "TEMPORARY",
        "geocode_provider": "osm",
        "geocode_query": "OSM:Santiago A. de Guzman Elementary School",
        "confidence": 1,
        "verified": true,
        "uncertainty_radius_m": 80,
        "needs_review": false,
        "review_reason": ""
      },
      "geometry": {
        "type": "Point",
        "coordinates": [
          120.988933,
          14.682315
        ]
      }
    },
    {
      "type": "Feature",
      "properties": {
        "name": "GEN T DE LEON ELEMENTARY SCHOOL",
        "barangay_input": "GEN T DE LEON",
        "barangay_resolved": "Gen. T. De Leon",
        "municipality_input": "City of Valenzuela",
        "facility_type": "SCHOOL",
        "facility_status": "TEMPORARY",
        "geocode_provider": "osm",
        "geocode_query": "OSM:General T. de Leon Elementary School",
        "confidence": 1,
        "verified": true,
        "uncertainty_radius_m": 80,
        "needs_review": false,
        "review_reason": ""
      },
      "geometry": {
        "type": "Point",
        "coordinates": [
          120.9927594,
          14.6861184
        ]
      }
    },
    {
      "type": "Feature",
      "properties": {
        "name": "GEN T DE LEON NATL HIGH SCHOOL",
        "barangay_input": "GEN T DE LEON",
        "barangay_resolved": "Gen. T. De Leon",
        "municipality_input": "City of Valenzuela",
        "facility_type": "SCHOOL",
        "facility_status": "TEMPORARY",
        "geocode_provider": "osm",
        "geocode_query": "OSM:General T. de Leon National High School",
        "confidence": 1,
        "verified": true,
        "uncertainty_radius_m": 80,
        "needs_review": false,
        "review_reason": ""
      },
      "geometry": {
        "type": "Point",
        "coordinates": [
          120.9997231,
          14.6872214
        ]
      }
    },
    {
      "type": "Feature",
      "properties": {
        "name": "APOLONIA ELEMENTARY SCHOOL",
        "barangay_input": "KARUHATAN",
        "barangay_resolved": "Karuhatan",
        "municipality_input": "City of Valenzuela",
        "facility_type": "SCHOOL",
        "facility_status": "TEMPORARY",
        "geocode_provider": "osm",
        "geocode_query": "OSM:Karuhatan East Elementary School",
        "confidence": 1,
        "verified": true,
        "uncertainty_radius_m": 80,
        "needs_review": false,
        "review_reason": ""
      },
      "geometry": {
        "type": "Point",
        "coordinates": [
          120.9761072,
          14.6911869
        ]
      }
    },
    {
      "type": "Feature",
      "properties": {
        "name": "CARUHATAN EAST ELEMENTARY SCHOOL",
        "barangay_input": "KARUHATAN",
        "barangay_resolved": "Karuhatan",
        "municipality_input": "City of Valenzuela",
        "facility_type": "SCHOOL",
        "facility_status": "TEMPORARY",
        "geocode_provider": "osm",
        "geocode_query": "OSM:Karuhatan East Elementary School",
        "confidence": 1,
        "verified": true,
        "uncertainty_radius_m": 80,
        "needs_review": false,
        "review_reason": ""
      },
      "geometry": {
        "type": "Point",
        "coordinates": [
          120.9761072,
          14.6911869
        ]
      }
    },
    {
      "type": "Feature",
      "properties": {
        "name": "CARUHATAN WEST ELEMENTARY SCHOOL",
        "barangay_input": "KARUHATAN",
        "barangay_resolved": "Karuhatan",
        "municipality_input": "City of Valenzuela",
        "facility_type": "SCHOOL",
        "facility_status": "TEMPORARY",
        "geocode_provider": "osm",
        "geocode_query": "OSM:Caruhatan West Elementary School",
        "confidence": 1,
        "verified": true,
        "uncertainty_radius_m": 80,
        "needs_review": false,
        "review_reason": ""
      },
      "geometry": {
        "type": "Point",
        "coordinates": [
          120.9743718,
          14.6811517
        ]
      }
    },
    {
      "type": "Feature",
      "properties": {
        "name": "CARUHATAN NATIONAL HIGH SCHOOL",
        "barangay_input": "KARUHATAN",
        "barangay_resolved": "Karuhatan",
        "municipality_input": "City of Valenzuela",
        "facility_type": "SCHOOL",
        "facility_status": "TEMPORARY",
        "geocode_provider": "osm",
        "geocode_query": "OSM:Caruhatan National High School",
        "confidence": 1,
        "verified": true,
        "uncertainty_radius_m": 80,
        "needs_review": false,
        "review_reason": ""
      },
      "geometry": {
        "type": "Point",
        "coordinates": [
          120.9740183,
          14.6811036
        ]
      }
    },
    {
      "type": "Feature",
      "properties": {
        "name": "APOLONIA F. RAFAEL ELEMENTARY SCHOOL",
        "barangay_input": "MAPULANG LUPA",
        "barangay_resolved": "Mapulang Lupa",
        "municipality_input": "City of Valenzuela",
        "facility_type": "SCHOOL",
        "facility_status": "TEMPORARY",
        "geocode_provider": "osm",
        "geocode_query": "OSM:Apolonia F. Rafael Elementary School",
        "confidence": 1,
        "verified": true,
        "uncertainty_radius_m": 80,
        "needs_review": false,
        "review_reason": ""
      },
      "geometry": {
        "type": "Point",
        "coordinates": [
          121.0006054,
          14.701958
        ]
      }
    },
    {
      "type": "Feature",
      "properties": {
        "name": "MAPULANG LUPA NATIONAL HIGH SCHOOL",
        "barangay_input": "MAPULANG LUPA",
        "barangay_resolved": "Mapulang Lupa",
        "municipality_input": "City of Valenzuela",
        "facility_type": "SCHOOL",
        "facility_status": "TEMPORARY",
        "geocode_provider": "osm",
        "geocode_query": "OSM:Mapulang Lupa National High School",
        "confidence": 1,
        "verified": true,
        "uncertainty_radius_m": 80,
        "needs_review": false,
        "review_reason": ""
      },
      "geometry": {
        "type": "Point",
        "coordinates": [
          121.0094298,
          14.7017754
        ]
      }
    },
    {
      "type": "Feature",
      "properties": {
        "name": "SAN MIGUEL HEIGHTS ELEMENTARY SCHOOL",
        "barangay_input": "MARULAS",
        "barangay_resolved": "Marulas",
        "municipality_input": "City of Valenzuela",
        "facility_type": "SCHOOL",
        "facility_status": "TEMPORARY",
        "geocode_provider": "osm",
        "geocode_query": "OSM:San Miguel Heights Elementary School",
        "confidence": 1,
        "verified": true,
        "uncertainty_radius_m": 80,
        "needs_review": false,
        "review_reason": ""
      },
      "geometry": {
        "type": "Point",
        "coordinates": [
          120.9906112,
          14.6764807
        ]
      }
    },
    {
      "type": "Feature",
      "properties": {
        "name": "CONSTANTINO ELEMENTARY SCHOOL",
        "barangay_input": "MARULAS",
        "barangay_resolved": "Marulas",
        "municipality_input": "City of Valenzuela",
        "facility_type": "SCHOOL",
        "facility_status": "TEMPORARY",
        "geocode_provider": "osm",
        "geocode_query": "OSM:Constantino Elementary School",
        "confidence": 1,
        "verified": true,
        "uncertainty_radius_m": 80,
        "needs_review": false,
        "review_reason": ""
      },
      "geometry": {
        "type": "Point",
        "coordinates": [
          120.9884071,
          14.6776811
        ]
      }
    },
    {
      "type": "Feature",
      "properties": {
        "name": "SERRANO ELEMENTARY SCHOOL",
        "barangay_input": "MARULAS",
        "barangay_resolved": "Marulas",
        "municipality_input": "City of Valenzuela",
        "facility_type": "SCHOOL",
        "facility_status": "TEMPORARY",
        "geocode_provider": "osm",
        "geocode_query": "OSM:Serrano Elementary School",
        "confidence": 1,
        "verified": true,
        "uncertainty_radius_m": 80,
        "needs_review": false,
        "review_reason": ""
      },
      "geometry": {
        "type": "Point",
        "coordinates": [
          120.9824959,
          14.6810949
        ]
      }
    },
    {
      "type": "Feature",
      "properties": {
        "name": "VALENZUELA NATIONAL HIGH SCHOOL",
        "barangay_input": "MARULAS",
        "barangay_resolved": "Marulas",
        "municipality_input": "City of Valenzuela",
        "facility_type": "SCHOOL",
        "facility_status": "TEMPORARY",
        "geocode_provider": "osm",
        "geocode_query": "OSM:Valenzuela National High School",
        "confidence": 1,
        "verified": true,
        "uncertainty_radius_m": 80,
        "needs_review": false,
        "review_reason": ""
      },
      "geometry": {
        "type": "Point",
        "coordinates": [
          120.985086,
          14.6726461
        ]
      }
    },
    {
      "type": "Feature",
      "properties": {
        "name": "MARULAS CENTRAL ELEMENTARY SCHOOL",
        "barangay_input": "MARULAS",
        "barangay_resolved": "Marulas",
        "municipality_input": "City of Valenzuela",
        "facility_type": "SCHOOL",
        "facility_status": "TEMPORARY",
        "geocode_provider": "osm",
        "geocode_query": "OSM:Marulas Central Elementary School",
        "confidence": 1,
        "verified": true,
        "uncertainty_radius_m": 80,
        "needs_review": false,
        "review_reason": ""
      },
      "geometry": {
        "type": "Point",
        "coordinates": [
          120.9848274,
          14.6755286
        ]
      }
    },
    {
      "type": "Feature",
      "properties": {
        "name": "BITIK ELEMENTARY SCHOOL",
        "barangay_input": "MARULAS",
        "barangay_resolved": "Marulas",
        "municipality_input": "City of Valenzuela",
        "facility_type": "SCHOOL",
        "facility_status": "TEMPORARY",
        "geocode_provider": "osm",
        "geocode_query": "OSM:Bitik Elementary School",
        "confidence": 1,
        "verified": true,
        "uncertainty_radius_m": 80,
        "needs_review": false,
        "review_reason": ""
      },
      "geometry": {
        "type": "Point",
        "coordinates": [
          120.986852,
          14.6800843
        ]
      }
    },
    {
      "type": "Feature",
      "properties": {
        "name": "DOÑA ATA ELEMENTYARY SCHOOL",
        "barangay_input": "MARULAS",
        "barangay_resolved": "Marulas",
        "municipality_input": "City of Valenzuela",
        "facility_type": "SCHOOL",
        "facility_status": "TEMPORARY",
        "geocode_provider": "osm",
        "geocode_query": "OSM:Doña Ata Elementary School",
        "confidence": 1,
        "verified": true,
        "uncertainty_radius_m": 80,
        "needs_review": false,
        "review_reason": ""
      },
      "geometry": {
        "type": "Point",
        "coordinates": [
          120.9847067,
          14.6775655
        ]
      }
    },
    {
      "type": "Feature",
      "properties": {
        "name": "MAYSAN ELEMENTARY SCHOOL",
        "barangay_input": "MAYSAN",
        "barangay_resolved": "Maysan",
        "municipality_input": "City of Valenzuela",
        "facility_type": "SCHOOL",
        "facility_status": "TEMPORARY",
        "geocode_provider": "osm",
        "geocode_query": "OSM:Maysan Elementary School",
        "confidence": 1,
        "verified": true,
        "uncertainty_radius_m": 80,
        "needs_review": false,
        "review_reason": ""
      },
      "geometry": {
        "type": "Point",
        "coordinates": [
          120.9797884,
          14.6993469
        ]
      }
    },
    {
      "type": "Feature",
      "properties": {
        "name": "MAYSAN HIGH SCHOOL ANNEX",
        "barangay_input": "MAYSAN",
        "barangay_resolved": "Maysan",
        "municipality_input": "City of Valenzuela",
        "facility_type": "SCHOOL",
        "facility_status": "TEMPORARY",
        "geocode_provider": "osm",
        "geocode_query": "OSM:Maysan National High School Annex",
        "confidence": 1,
        "verified": true,
        "uncertainty_radius_m": 80,
        "needs_review": false,
        "review_reason": ""
      },
      "geometry": {
        "type": "Point",
        "coordinates": [
          120.9805923,
          14.7018814
        ]
      }
    },
    {
      "type": "Feature",
      "properties": {
        "name": "SITIO ROSARIO ELEMENTARY SCHOOL",
        "barangay_input": "MAYSAN",
        "barangay_resolved": "Maysan",
        "municipality_input": "City of Valenzuela",
        "facility_type": "SCHOOL",
        "facility_status": "TEMPORARY",
        "geocode_provider": "osm",
        "geocode_query": "OSM:Sitio Santo Rosario Elementary School",
        "confidence": 1,
        "verified": true,
        "uncertainty_radius_m": 80,
        "needs_review": false,
        "review_reason": ""
      },
      "geometry": {
        "type": "Point",
        "coordinates": [
          120.9669037,
          14.7034897
        ]
      }
    },
    {
      "type": "Feature",
      "properties": {
        "name": "PARADA ELEMENETARY SCHOOL",
        "barangay_input": "PARADA",
        "barangay_resolved": "Parada",
        "municipality_input": "City of Valenzuela",
        "facility_type": "SCHOOL",
        "facility_status": "TEMPORARY",
        "geocode_provider": "osm",
        "geocode_query": "OSM:Parada Elementary School",
        "confidence": 1,
        "verified": true,
        "uncertainty_radius_m": 80,
        "needs_review": false,
        "review_reason": ""
      },
      "geometry": {
        "type": "Point",
        "coordinates": [
          120.9876261,
          14.6984431
        ]
      }
    },
    {
      "type": "Feature",
      "properties": {
        "name": "PARADA NATIONAL HIGH SCHOOL",
        "barangay_input": "PARADA",
        "barangay_resolved": "Parada",
        "municipality_input": "City of Valenzuela",
        "facility_type": "SCHOOL",
        "facility_status": "TEMPORARY",
        "geocode_provider": "osm",
        "geocode_query": "OSM:Parada National High School",
        "confidence": 1,
        "verified": true,
        "uncertainty_radius_m": 80,
        "needs_review": false,
        "review_reason": ""
      },
      "geometry": {
        "type": "Point",
        "coordinates": [
          120.9902761,
          14.6950997
        ]
      }
    },
    {
      "type": "Feature",
      "properties": {
        "name": "SILVESTRE LAZARO ELEMENTARY SCHOOL",
        "barangay_input": "UGONG",
        "barangay_resolved": "Ugong",
        "municipality_input": "City of Valenzuela",
        "facility_type": "SCHOOL",
        "facility_status": "TEMPORARY",
        "geocode_provider": "osm",
        "geocode_query": "OSM:Silvestre Lazaro Elementary School",
        "confidence": 1,
        "verified": true,
        "uncertainty_radius_m": 80,
        "needs_review": false,
        "review_reason": ""
      },
      "geometry": {
        "type": "Point",
        "coordinates": [
          121.0117211,
          14.6952124
        ]
      }
    },
    {
      "type": "Feature",
      "properties": {
        "name": "ANTONIO SERAPIO ELEMENTARY SCHOOL",
        "barangay_input": "UGONG",
        "barangay_resolved": "Ugong",
        "municipality_input": "City of Valenzuela",
        "facility_type": "SCHOOL",
        "facility_status": "TEMPORARY",
        "geocode_provider": "osm",
        "geocode_query": "OSM:Antonio M. Serapio Elementary School",
        "confidence": 1,
        "verified": true,
        "uncertainty_radius_m": 80,
        "needs_review": false,
        "review_reason": ""
      },
      "geometry": {
        "type": "Point",
        "coordinates": [
          121.0061029,
          14.6890018
        ]
      }
    },
    {
      "type": "Feature",
      "properties": {
        "name": "BARANGAY HALL",
        "barangay_input": "ARKONG BATO",
        "barangay_resolved": "Arkong Bato",
        "municipality_input": "City of Valenzuela",
        "facility_type": "BARANGAY HALL FACILITY",
        "facility_status": "TEMPORARY",
        "geocode_provider": "osm",
        "geocode_query": "OSM:Sangguniang Kabataan ng Barangay Arkong Bato",
        "confidence": 1,
        "verified": true,
        "uncertainty_radius_m": 80,
        "needs_review": false,
        "review_reason": ""
      },
      "geometry": {
        "type": "Point",
        "coordinates": [
          120.9502777,
          14.7003994
        ]
      }
    },
    {
      "type": "Feature",
      "properties": {
        "name": "COVERED COURT",
        "barangay_input": "ARKONG BATO",
        "barangay_resolved": "Arkong Bato",
        "municipality_input": "City of Valenzuela",
        "facility_type": "GYM/SPORTS FACILITY",
        "facility_status": "TEMPORARY",
        "geocode_provider": "osm",
        "geocode_query": "OSM:poi",
        "confidence": 1,
        "verified": true,
        "uncertainty_radius_m": 80,
        "needs_review": false,
        "review_reason": ""
      },
      "geometry": {
        "type": "Point",
        "coordinates": [
          120.9540059,
          14.6959031
        ]
      }
    },
    {
      "type": "Feature",
      "properties": {
        "name": "MULTI-PURPOSE HALL",
        "barangay_input": "BALANGKAS",
        "barangay_resolved": "Balangkas",
        "municipality_input": "City of Valenzuela",
        "facility_type": "MULTI-PURPOSE BUILDING",
        "facility_status": "PERMANENT",
        "geocode_provider": "osm",
        "geocode_query": "OSM:Balangkas Covered Court",
        "confidence": 1,
        "verified": true,
        "uncertainty_radius_m": 80,
        "needs_review": false,
        "review_reason": ""
      },
      "geometry": {
        "type": "Point",
        "coordinates": [
          120.9420259,
          14.7105362
        ]
      }
    },
    {
      "type": "Feature",
      "properties": {
        "name": "BIGNAY MULTI-PURPOSE HALL - NORTHVILLE 1",
        "barangay_input": "BIGNAY",
        "barangay_resolved": "Bignay",
        "municipality_input": "City of Valenzuela",
        "facility_type": "MULTI-PURPOSE BUILDING",
        "facility_status": "PERMANENT",
        "geocode_provider": "osm",
        "geocode_query": "OSM:Bignay Barangay Hall",
        "confidence": 1,
        "verified": true,
        "uncertainty_radius_m": 80,
        "needs_review": false,
        "review_reason": ""
      },
      "geometry": {
        "type": "Point",
        "coordinates": [
          121.0033258,
          14.7447057
        ]
      }
    },
    {
      "type": "Feature",
      "properties": {
        "name": "CNAI COURT - NORTHVILLE 2",
        "barangay_input": "BIGNAY",
        "barangay_resolved": "Bignay",
        "municipality_input": "City of Valenzuela",
        "facility_type": "PRIVATE AND RESIDENCIAL",
        "facility_status": "TEMPORARY",
        "geocode_provider": "osm",
        "geocode_query": "OSM:Bignay Barangay Hall",
        "confidence": 1,
        "verified": true,
        "uncertainty_radius_m": 80,
        "needs_review": false,
        "review_reason": ""
      },
      "geometry": {
        "type": "Point",
        "coordinates": [
          121.0033258,
          14.7447057
        ]
      }
    },
    {
      "type": "Feature",
      "properties": {
        "name": "DISIPLINA VILLAGE COVERED COURT",
        "barangay_input": "BIGNAY",
        "barangay_resolved": "Bignay",
        "municipality_input": "City of Valenzuela",
        "facility_type": "GYM/SPORTS FACILITY",
        "facility_status": "TEMPORARY",
        "geocode_provider": "osm",
        "geocode_query": "OSM:pitch",
        "confidence": 1,
        "verified": true,
        "uncertainty_radius_m": 80,
        "needs_review": false,
        "review_reason": ""
      },
      "geometry": {
        "type": "Point",
        "coordinates": [
          121.0039479,
          14.7487632
        ]
      }
    },
    {
      "type": "Feature",
      "properties": {
        "name": "BARANGAY HALL",
        "barangay_input": "BISIG",
        "barangay_resolved": "Bisig",
        "municipality_input": "City of Valenzuela",
        "facility_type": "BARANGAY HALL FACILITY",
        "facility_status": "TEMPORARY",
        "geocode_provider": "osm",
        "geocode_query": "OSM:Mabolo Barangay Hall",
        "confidence": 1,
        "verified": true,
        "uncertainty_radius_m": 80,
        "needs_review": false,
        "review_reason": ""
      },
      "geometry": {
        "type": "Point",
        "coordinates": [
          120.9489727,
          14.7115715
        ]
      }
    },
    {
      "type": "Feature",
      "properties": {
        "name": "DAY CARE CENTER",
        "barangay_input": "BISIG",
        "barangay_resolved": "Bisig",
        "municipality_input": "City of Valenzuela",
        "facility_type": "DAY CARE CENTER",
        "facility_status": "TEMPORARY",
        "geocode_provider": "nominatim",
        "geocode_query": "DAY CARE CENTER, VALENZUELA",
        "confidence": 0.4,
        "verified": false,
        "uncertainty_radius_m": 217,
        "needs_review": true,
        "review_reason": "outside_barangay"
      },
      "geometry": {
        "type": "Point",
        "coordinates": [
          120.946107,
          14.713218
        ]
      }
    },
    {
      "type": "Feature",
      "properties": {
        "name": "MULTI-PURPOSE HALL - LIBIS",
        "barangay_input": "CANUMAY EAST",
        "barangay_resolved": "Canumay East",
        "municipality_input": "City of Valenzuela",
        "facility_type": "MULTI-PURPOSE BUILDING",
        "facility_status": "PERMANENT",
        "geocode_provider": "osm",
        "geocode_query": "OSM:Canumay East Barangay Hall",
        "confidence": 1,
        "verified": true,
        "uncertainty_radius_m": 80,
        "needs_review": false,
        "review_reason": ""
      },
      "geometry": {
        "type": "Point",
        "coordinates": [
          120.9911867,
          14.7179212
        ]
      }
    },
    {
      "type": "Feature",
      "properties": {
        "name": "VICTORIA DAY CARE CENTER",
        "barangay_input": "CANUMAY EAST",
        "barangay_resolved": "Canumay East",
        "municipality_input": "City of Valenzuela",
        "facility_type": "DAY CARE CENTER",
        "facility_status": "TEMPORARY",
        "geocode_provider": "osm",
        "geocode_query": "OSM:Canumay East Barangay Hall",
        "confidence": 1,
        "verified": true,
        "uncertainty_radius_m": 80,
        "needs_review": false,
        "review_reason": ""
      },
      "geometry": {
        "type": "Point",
        "coordinates": [
          120.9911867,
          14.7179212
        ]
      }
    },
    {
      "type": "Feature",
      "properties": {
        "name": "3S CENTER COVERED COURT",
        "barangay_input": "CANUMAY EAST",
        "barangay_resolved": "Canumay East",
        "municipality_input": "City of Valenzuela",
        "facility_type": "GYM/SPORTS FACILITY",
        "facility_status": "TEMPORARY",
        "geocode_provider": "osm",
        "geocode_query": "OSM:sports_hall",
        "confidence": 1,
        "verified": true,
        "uncertainty_radius_m": 80,
        "needs_review": false,
        "review_reason": ""
      },
      "geometry": {
        "type": "Point",
        "coordinates": [
          120.993369,
          14.7197356
        ]
      }
    },
    {
      "type": "Feature",
      "properties": {
        "name": "CANUMAY WEST 3S CENTER OPEN GROUND",
        "barangay_input": "CANUMAY WEST",
        "barangay_resolved": "Canumay West",
        "municipality_input": "City of Valenzuela",
        "facility_type": "PRIVATE AND RESIDENCIAL",
        "facility_status": "TEMPORARY",
        "geocode_provider": "osm",
        "geocode_query": "OSM:Canumay West Chapel",
        "confidence": 1,
        "verified": true,
        "uncertainty_radius_m": 80,
        "needs_review": false,
        "review_reason": ""
      },
      "geometry": {
        "type": "Point",
        "coordinates": [
          120.9862927,
          14.712803
        ]
      }
    },
    {
      "type": "Feature",
      "properties": {
        "name": "CANUMAY WEST DAY CARE CENTER",
        "barangay_input": "CANUMAY WEST",
        "barangay_resolved": "Canumay West",
        "municipality_input": "City of Valenzuela",
        "facility_type": "DAY CARE CENTER",
        "facility_status": "TEMPORARY",
        "geocode_provider": "osm",
        "geocode_query": "OSM:Canumay West Covered Court",
        "confidence": 1,
        "verified": true,
        "uncertainty_radius_m": 80,
        "needs_review": false,
        "review_reason": ""
      },
      "geometry": {
        "type": "Point",
        "coordinates": [
          120.9865601,
          14.7128426
        ]
      }
    },
    {
      "type": "Feature",
      "properties": {
        "name": "CANUMAY WEST COVERED COURT",
        "barangay_input": "CANUMAY WEST",
        "barangay_resolved": "Canumay West",
        "municipality_input": "City of Valenzuela",
        "facility_type": "GYM/SPORTS FACILITY",
        "facility_status": "TEMPORARY",
        "geocode_provider": "osm",
        "geocode_query": "OSM:Canumay West Covered Court",
        "confidence": 1,
        "verified": true,
        "uncertainty_radius_m": 80,
        "needs_review": false,
        "review_reason": ""
      },
      "geometry": {
        "type": "Point",
        "coordinates": [
          120.9865601,
          14.7128426
        ]
      }
    },
    {
      "type": "Feature",
      "properties": {
        "name": "BARANGAY HALL WITH COVERED COURT",
        "barangay_input": "COLOONG",
        "barangay_resolved": "Coloong",
        "municipality_input": "City of Valenzuela",
        "facility_type": "BARANGAY HALL FACILITY",
        "facility_status": "TEMPORARY",
        "geocode_provider": "geoapify",
        "geocode_query": "BARANGAY HALL WITH COVERED COURT, COLOONG, VALENZUELA",
        "confidence": 1,
        "verified": false,
        "uncertainty_radius_m": 50,
        "needs_review": false,
        "review_reason": "Manually verified & pinned by user",
        "triangulated": true
      },
      "geometry": {
        "type": "Point",
        "coordinates": [
          120.94373753362886,
          14.724639187058116
        ]
      }
    },
    {
      "type": "Feature",
      "properties": {
        "name": "PACHECO SUBD COVERED COURT",
        "barangay_input": "DALANDANAN",
        "barangay_resolved": "Dalandanan",
        "municipality_input": "City of Valenzuela",
        "facility_type": "GYM/SPORTS FACILITY",
        "facility_status": "TEMPORARY",
        "geocode_provider": "osm",
        "geocode_query": "OSM:sports_hall",
        "confidence": 1,
        "verified": true,
        "uncertainty_radius_m": 80,
        "needs_review": false,
        "review_reason": ""
      },
      "geometry": {
        "type": "Point",
        "coordinates": [
          120.9569033,
          14.7093109
        ]
      }
    },
    {
      "type": "Feature",
      "properties": {
        "name": "BARANGAY HALL WITH COVERED COURT",
        "barangay_input": "ISLA",
        "barangay_resolved": "Isla",
        "municipality_input": "City of Valenzuela",
        "facility_type": "BARANGAY HALL FACILITY",
        "facility_status": "TEMPORARY",
        "geocode_provider": "osm",
        "geocode_query": "OSM:Mabolo Barangay Hall",
        "confidence": 1,
        "verified": true,
        "uncertainty_radius_m": 80,
        "needs_review": false,
        "review_reason": ""
      },
      "geometry": {
        "type": "Point",
        "coordinates": [
          120.9489727,
          14.7115715
        ]
      }
    },
    {
      "type": "Feature",
      "properties": {
        "name": "ARTY COURT",
        "barangay_input": "LAWANG BATO",
        "barangay_resolved": "Lawang Bato",
        "municipality_input": "City of Valenzuela",
        "facility_type": "GYM/SPORTS FACILITY",
        "facility_status": "TEMPORARY",
        "geocode_provider": "osm",
        "geocode_query": "OSM:Lawang Bato Barangay Hall",
        "confidence": 1,
        "verified": true,
        "uncertainty_radius_m": 80,
        "needs_review": false,
        "review_reason": ""
      },
      "geometry": {
        "type": "Point",
        "coordinates": [
          120.9932091,
          14.73
        ]
      }
    },
    {
      "type": "Feature",
      "properties": {
        "name": "3S CENTER - BARANGAY HALL",
        "barangay_input": "LINGUNAN",
        "barangay_resolved": "Lingunan",
        "municipality_input": "City of Valenzuela",
        "facility_type": "BARANGAY HALL FACILITY",
        "facility_status": "TEMPORARY",
        "geocode_provider": "osm",
        "geocode_query": "OSM:Lingunan Health Center",
        "confidence": 1,
        "verified": true,
        "uncertainty_radius_m": 80,
        "needs_review": false,
        "review_reason": ""
      },
      "geometry": {
        "type": "Point",
        "coordinates": [
          120.9762121,
          14.718777
        ]
      }
    },
    {
      "type": "Feature",
      "properties": {
        "name": "GML VILLAGE COVERED COURT",
        "barangay_input": "LINGUNAN",
        "barangay_resolved": "Lingunan",
        "municipality_input": "City of Valenzuela",
        "facility_type": "GYM/SPORTS FACILITY",
        "facility_status": "TEMPORARY",
        "geocode_provider": "osm",
        "geocode_query": "OSM:Meyland Village Covered Court",
        "confidence": 1,
        "verified": true,
        "uncertainty_radius_m": 80,
        "needs_review": false,
        "review_reason": ""
      },
      "geometry": {
        "type": "Point",
        "coordinates": [
          120.9807098,
          14.7249155
        ]
      }
    },
    {
      "type": "Feature",
      "properties": {
        "name": "BARANGAY HALL (2ND FLOOR)",
        "barangay_input": "MALINTA",
        "barangay_resolved": "Malinta",
        "municipality_input": "City of Valenzuela",
        "facility_type": "BARANGAY HALL FACILITY",
        "facility_status": "TEMPORARY",
        "geocode_provider": "osm",
        "geocode_query": "OSM:Sangguniang Pambarangay ng Malinta",
        "confidence": 1,
        "verified": true,
        "uncertainty_radius_m": 80,
        "needs_review": false,
        "review_reason": ""
      },
      "geometry": {
        "type": "Point",
        "coordinates": [
          120.9656538,
          14.6863236
        ]
      }
    },
    {
      "type": "Feature",
      "properties": {
        "name": "BUKID COVERED COURT",
        "barangay_input": "MALINTA",
        "barangay_resolved": "Malinta",
        "municipality_input": "City of Valenzuela",
        "facility_type": "GYM/SPORTS FACILITY",
        "facility_status": "TEMPORARY",
        "geocode_provider": "osm",
        "geocode_query": "OSM:pitch",
        "confidence": 1,
        "verified": true,
        "uncertainty_radius_m": 80,
        "needs_review": false,
        "review_reason": ""
      },
      "geometry": {
        "type": "Point",
        "coordinates": [
          120.9693944,
          14.688168
        ]
      }
    },
    {
      "type": "Feature",
      "properties": {
        "name": "BRGY. HALL",
        "barangay_input": "MALINTA",
        "barangay_resolved": "Malinta",
        "municipality_input": "City of Valenzuela",
        "facility_type": "BARANGAY HALL FACILITY",
        "facility_status": "TEMPORARY",
        "geocode_provider": "osm",
        "geocode_query": "OSM:Sangguniang Pambarangay ng Malinta",
        "confidence": 1,
        "verified": true,
        "uncertainty_radius_m": 80,
        "needs_review": false,
        "review_reason": ""
      },
      "geometry": {
        "type": "Point",
        "coordinates": [
          120.9656538,
          14.6863236
        ]
      }
    },
    {
      "type": "Feature",
      "properties": {
        "name": "BARANGAY HALL COMPLEX",
        "barangay_input": "PALASAN",
        "barangay_resolved": "Palasan",
        "municipality_input": "City of Valenzuela",
        "facility_type": "BARANGAY HALL FACILITY",
        "facility_status": "TEMPORARY",
        "geocode_provider": "osm",
        "geocode_query": "OSM:Palasan Barangay Hall",
        "confidence": 1,
        "verified": true,
        "uncertainty_radius_m": 80,
        "needs_review": false,
        "review_reason": ""
      },
      "geometry": {
        "type": "Point",
        "coordinates": [
          120.9476477,
          14.7039092
        ]
      }
    },
    {
      "type": "Feature",
      "properties": {
        "name": "BARANGAY HALL",
        "barangay_input": "PARIANCILLO VILLA",
        "barangay_resolved": "Pariancillo Villa",
        "municipality_input": "City of Valenzuela",
        "facility_type": "BARANGAY HALL FACILITY",
        "facility_status": "TEMPORARY",
        "geocode_provider": "osm",
        "geocode_query": "OSM:Barangay Poblacion Multipurpose Hall",
        "confidence": 1,
        "verified": true,
        "uncertainty_radius_m": 80,
        "needs_review": false,
        "review_reason": ""
      },
      "geometry": {
        "type": "Point",
        "coordinates": [
          120.9461541,
          14.7081837
        ]
      }
    },
    {
      "type": "Feature",
      "properties": {
        "name": "DAY CARE CENTER",
        "barangay_input": "PARIANCILLO VILLA",
        "barangay_resolved": "Pariancillo Villa",
        "municipality_input": "City of Valenzuela",
        "facility_type": "DAY CARE CENTER",
        "facility_status": "TEMPORARY",
        "geocode_provider": "osm",
        "geocode_query": "OSM:Bahay Pamahalaan ng Barangay Pariancillo Villa",
        "confidence": 1,
        "verified": true,
        "uncertainty_radius_m": 80,
        "needs_review": false,
        "review_reason": ""
      },
      "geometry": {
        "type": "Point",
        "coordinates": [
          120.9444225,
          14.7072241
        ]
      }
    },
    {
      "type": "Feature",
      "properties": {
        "name": "BARANGAY HALL",
        "barangay_input": "POBLACION",
        "barangay_resolved": "Poblacion",
        "municipality_input": "City of Valenzuela",
        "facility_type": "BARANGAY HALL FACILITY",
        "facility_status": "TEMPORARY",
        "geocode_provider": "osm",
        "geocode_query": "OSM:Barangay Poblacion Multipurpose Hall",
        "confidence": 1,
        "verified": true,
        "uncertainty_radius_m": 80,
        "needs_review": false,
        "review_reason": ""
      },
      "geometry": {
        "type": "Point",
        "coordinates": [
          120.9461541,
          14.7081837
        ]
      }
    },
    {
      "type": "Feature",
      "properties": {
        "name": "3S CENTER (2ND FLOOR)",
        "barangay_input": "POLO",
        "barangay_resolved": "Pasolo",
        "municipality_input": "City of Valenzuela",
        "facility_type": "PRIVATE AND RESIDENCIAL",
        "facility_status": "TEMPORARY",
        "geocode_provider": "geoapify",
        "geocode_query": "3S CENTER (2ND FLOOR), POLO, VALENZUELA",
        "confidence": 0.4,
        "verified": false,
        "uncertainty_radius_m": 395,
        "needs_review": true,
        "review_reason": "unverified_location"
      },
      "geometry": {
        "type": "Point",
        "coordinates": [
          120.953167,
          14.707458
        ]
      }
    },
    {
      "type": "Feature",
      "properties": {
        "name": "3S CENTER OPEN GROUND",
        "barangay_input": "PUNTURIN",
        "barangay_resolved": "Punturin",
        "municipality_input": "City of Valenzuela",
        "facility_type": "PRIVATE AND RESIDENCIAL",
        "facility_status": "TEMPORARY",
        "geocode_provider": "osm",
        "geocode_query": "OSM:Punturin 3S Center",
        "confidence": 1,
        "verified": true,
        "uncertainty_radius_m": 80,
        "needs_review": false,
        "review_reason": ""
      },
      "geometry": {
        "type": "Point",
        "coordinates": [
          120.9902056,
          14.7410742
        ]
      }
    },
    {
      "type": "Feature",
      "properties": {
        "name": "BARANGAY MULTI-PURPOSE HALL",
        "barangay_input": "RINCON",
        "barangay_resolved": "Rincon",
        "municipality_input": "City of Valenzuela",
        "facility_type": "MULTI-PURPOSE BUILDING",
        "facility_status": "PERMANENT",
        "geocode_provider": "nominatim",
        "geocode_query": "RINCON Barangay Hall, VALENZUELA",
        "confidence": 0.9,
        "verified": true,
        "uncertainty_radius_m": 150,
        "needs_review": false,
        "review_reason": ""
      },
      "geometry": {
        "type": "Point",
        "coordinates": [
          120.9602274,
          14.7000937
        ]
      }
    },
    {
      "type": "Feature",
      "properties": {
        "name": "SKYLINE COVERED COURT",
        "barangay_input": "VEINTE REALES",
        "barangay_resolved": "Viente Reales",
        "municipality_input": "City of Valenzuela",
        "facility_type": "GYM/SPORTS FACILITY",
        "facility_status": "TEMPORARY",
        "geocode_provider": "osm",
        "geocode_query": "OSM:sports_hall",
        "confidence": 1,
        "verified": true,
        "uncertainty_radius_m": 80,
        "needs_review": false,
        "review_reason": ""
      },
      "geometry": {
        "type": "Point",
        "coordinates": [
          120.9675905,
          14.7231765
        ]
      }
    },
    {
      "type": "Feature",
      "properties": {
        "name": "COVERED COURT",
        "barangay_input": "WAWANG PULO",
        "barangay_resolved": "Wawang Pulo",
        "municipality_input": "City of Valenzuela",
        "facility_type": "GYM/SPORTS FACILITY",
        "facility_status": "TEMPORARY",
        "geocode_provider": "osm",
        "geocode_query": "OSM:Wawang Pulo Barangay Hall",
        "confidence": 1,
        "verified": true,
        "uncertainty_radius_m": 80,
        "needs_review": false,
        "review_reason": ""
      },
      "geometry": {
        "type": "Point",
        "coordinates": [
          120.927726,
          14.7335988
        ]
      }
    },
    {
      "type": "Feature",
      "properties": {
        "name": "3S CENTER OPEN AREA",
        "barangay_input": "BAGBAGUIN",
        "barangay_resolved": "Bagbaguin",
        "municipality_input": "City of Valenzuela",
        "facility_type": "OPEN SPACE",
        "facility_status": "TEMPORARY",
        "geocode_provider": "osm",
        "geocode_query": "OSM:3S Center",
        "confidence": 1,
        "verified": true,
        "uncertainty_radius_m": 80,
        "needs_review": false,
        "review_reason": ""
      },
      "geometry": {
        "type": "Point",
        "coordinates": [
          121.0017686,
          14.7068463
        ]
      }
    },
    {
      "type": "Feature",
      "properties": {
        "name": "BARANGAY HALL",
        "barangay_input": "GEN T DE LEON",
        "barangay_resolved": "Gen. T. De Leon",
        "municipality_input": "City of Valenzuela",
        "facility_type": "BARANGAY HALL FACILITY",
        "facility_status": "TEMPORARY",
        "geocode_provider": "osm",
        "geocode_query": "OSM:Gen. T. de Leon Barangay Hall",
        "confidence": 1,
        "verified": true,
        "uncertainty_radius_m": 80,
        "needs_review": false,
        "review_reason": ""
      },
      "geometry": {
        "type": "Point",
        "coordinates": [
          120.9956442,
          14.6859497
        ]
      }
    },
    {
      "type": "Feature",
      "properties": {
        "name": "SITIO CABATUHAN COVERED COURT",
        "barangay_input": "GEN T DE LEON",
        "barangay_resolved": "Gen. T. De Leon",
        "municipality_input": "City of Valenzuela",
        "facility_type": "GYM/SPORTS FACILITY",
        "facility_status": "TEMPORARY",
        "geocode_provider": "osm",
        "geocode_query": "OSM:Sitio Cabatuhan Covered Court",
        "confidence": 1,
        "verified": true,
        "uncertainty_radius_m": 80,
        "needs_review": false,
        "review_reason": ""
      },
      "geometry": {
        "type": "Point",
        "coordinates": [
          121.0040438,
          14.6882201
        ]
      }
    },
    {
      "type": "Feature",
      "properties": {
        "name": "3S CENTER 3RD FLOOR",
        "barangay_input": "KARUHATAN",
        "barangay_resolved": "Karuhatan",
        "municipality_input": "City of Valenzuela",
        "facility_type": "PRIVATE AND RESIDENCIAL",
        "facility_status": "TEMPORARY",
        "geocode_provider": "osm",
        "geocode_query": "OSM:Valenzuela 3S Center Karuhatan",
        "confidence": 1,
        "verified": true,
        "uncertainty_radius_m": 80,
        "needs_review": false,
        "review_reason": ""
      },
      "geometry": {
        "type": "Point",
        "coordinates": [
          120.9783513,
          14.6896456
        ]
      }
    },
    {
      "type": "Feature",
      "properties": {
        "name": "BARANGAY HALL",
        "barangay_input": "KARUHATAN",
        "barangay_resolved": "Karuhatan",
        "municipality_input": "City of Valenzuela",
        "facility_type": "BARANGAY HALL FACILITY",
        "facility_status": "TEMPORARY",
        "geocode_provider": "osm",
        "geocode_query": "OSM:Karuhatan Barangay Outpost",
        "confidence": 1,
        "verified": true,
        "uncertainty_radius_m": 80,
        "needs_review": false,
        "review_reason": ""
      },
      "geometry": {
        "type": "Point",
        "coordinates": [
          120.9774462,
          14.6820938
        ]
      }
    },
    {
      "type": "Feature",
      "properties": {
        "name": "OLD BARANGAY HALL WITH COVERED COURT",
        "barangay_input": "MAPULANG LUPA",
        "barangay_resolved": "Mapulang Lupa",
        "municipality_input": "City of Valenzuela",
        "facility_type": "BARANGAY HALL FACILITY",
        "facility_status": "TEMPORARY",
        "geocode_provider": "geoapify",
        "geocode_query": "OLD BARANGAY HALL WITH COVERED COURT, MAPULANG LUPA, VALENZUELA",
        "confidence": 1,
        "verified": false,
        "uncertainty_radius_m": 50,
        "needs_review": false,
        "review_reason": "Manually verified & pinned by user",
        "triangulated": true
      },
      "geometry": {
        "type": "Point",
        "coordinates": [
          121.00079415788609,
          14.702620870294473
        ]
      }
    },
    {
      "type": "Feature",
      "properties": {
        "name": "3S CENTER",
        "barangay_input": "MAPULANG LUPA",
        "barangay_resolved": "Mapulang Lupa",
        "municipality_input": "City of Valenzuela",
        "facility_type": "PRIVATE AND RESIDENCIAL",
        "facility_status": "TEMPORARY",
        "geocode_provider": "osm",
        "geocode_query": "OSM:3S Center",
        "confidence": 1,
        "verified": true,
        "uncertainty_radius_m": 80,
        "needs_review": false,
        "review_reason": ""
      },
      "geometry": {
        "type": "Point",
        "coordinates": [
          121.0017686,
          14.7068463
        ]
      }
    },
    {
      "type": "Feature",
      "properties": {
        "name": "3S CENTER 3RD FLOOR",
        "barangay_input": "MARULAS",
        "barangay_resolved": "Marulas",
        "municipality_input": "City of Valenzuela",
        "facility_type": "PRIVATE AND RESIDENCIAL",
        "facility_status": "TEMPORARY",
        "geocode_provider": "osm",
        "geocode_query": "OSM:Barangay Marulas 3S Center",
        "confidence": 1,
        "verified": true,
        "uncertainty_radius_m": 80,
        "needs_review": false,
        "review_reason": ""
      },
      "geometry": {
        "type": "Point",
        "coordinates": [
          120.9828673,
          14.6739753
        ]
      }
    },
    {
      "type": "Feature",
      "properties": {
        "name": "BARANGAY HALL",
        "barangay_input": "MARULAS",
        "barangay_resolved": "Marulas",
        "municipality_input": "City of Valenzuela",
        "facility_type": "BARANGAY HALL FACILITY",
        "facility_status": "TEMPORARY",
        "geocode_provider": "osm",
        "geocode_query": "OSM:Marulas Barangay Hall",
        "confidence": 1,
        "verified": true,
        "uncertainty_radius_m": 80,
        "needs_review": false,
        "review_reason": ""
      },
      "geometry": {
        "type": "Point",
        "coordinates": [
          120.984476,
          14.6774293
        ]
      }
    },
    {
      "type": "Feature",
      "properties": {
        "name": "ELYSIAN COVERED COURT",
        "barangay_input": "MARULAS",
        "barangay_resolved": "Marulas",
        "municipality_input": "City of Valenzuela",
        "facility_type": "GYM/SPORTS FACILITY",
        "facility_status": "TEMPORARY",
        "geocode_provider": "osm",
        "geocode_query": "OSM:sports_hall",
        "confidence": 1,
        "verified": true,
        "uncertainty_radius_m": 80,
        "needs_review": false,
        "review_reason": ""
      },
      "geometry": {
        "type": "Point",
        "coordinates": [
          120.9849877,
          14.6726363
        ]
      }
    },
    {
      "type": "Feature",
      "properties": {
        "name": "3S CENTER (SITIO MALABO AND MAIN)",
        "barangay_input": "MAYSAN",
        "barangay_resolved": "Maysan",
        "municipality_input": "City of Valenzuela",
        "facility_type": "PRIVATE AND RESIDENCIAL",
        "facility_status": "TEMPORARY",
        "geocode_provider": "osm",
        "geocode_query": "OSM:3S Center Malabo Maysan",
        "confidence": 1,
        "verified": true,
        "uncertainty_radius_m": 80,
        "needs_review": false,
        "review_reason": ""
      },
      "geometry": {
        "type": "Point",
        "coordinates": [
          120.970811,
          14.7029935
        ]
      }
    },
    {
      "type": "Feature",
      "properties": {
        "name": "ANNVILLE COURT",
        "barangay_input": "MAYSAN",
        "barangay_resolved": "Maysan",
        "municipality_input": "City of Valenzuela",
        "facility_type": "GYM/SPORTS FACILITY",
        "facility_status": "TEMPORARY",
        "geocode_provider": "osm",
        "geocode_query": "OSM:community_centre",
        "confidence": 1,
        "verified": true,
        "uncertainty_radius_m": 80,
        "needs_review": false,
        "review_reason": ""
      },
      "geometry": {
        "type": "Point",
        "coordinates": [
          120.9844063,
          14.7044597
        ]
      }
    },
    {
      "type": "Feature",
      "properties": {
        "name": "3S CENTER COVERED COURT",
        "barangay_input": "PASO DE BLAS",
        "barangay_resolved": "Paso De Blas",
        "municipality_input": "City of Valenzuela",
        "facility_type": "GYM/SPORTS FACILITY",
        "facility_status": "TEMPORARY",
        "geocode_provider": "osm",
        "geocode_query": "OSM:3S Center",
        "confidence": 1,
        "verified": true,
        "uncertainty_radius_m": 80,
        "needs_review": false,
        "review_reason": ""
      },
      "geometry": {
        "type": "Point",
        "coordinates": [
          121.0017686,
          14.7068463
        ]
      }
    },
    {
      "type": "Feature",
      "properties": {
        "name": "OLD BRGY HALL COVERED COURT",
        "barangay_input": "UGONG",
        "barangay_resolved": "Ugong",
        "municipality_input": "City of Valenzuela",
        "facility_type": "GYM/SPORTS FACILITY",
        "facility_status": "TEMPORARY",
        "geocode_provider": "osm",
        "geocode_query": "OSM:Ugong Barangay Hall",
        "confidence": 1,
        "verified": true,
        "uncertainty_radius_m": 80,
        "needs_review": false,
        "review_reason": ""
      },
      "geometry": {
        "type": "Point",
        "coordinates": [
          121.0090533,
          14.6942382
        ]
      }
    }
  ]
}